/usr/bin/cmake -S/home/maclab/Documents/ROS_WORKSPACES/WS_Master_Thesis/src/uc1_robot_controllers_interfaces -B/home/maclab/Documents/ROS_WORKSPACES/WS_Master_Thesis/build/uc1_robot_controllers_interfaces --check-build-system CMakeFiles/Makefile.cmake 0
Re-run cmake file: Makefile older than: /home/maclab/Documents/ROS_WORKSPACES/WS_Master_Thesis/src/uc1_robot_controllers_interfaces/CMakeLists.txt
-- Found ament_cmake: 1.3.12 (/opt/ros/humble/share/ament_cmake/cmake)
-- Found rclcpp: 16.0.15 (/opt/ros/humble/share/rclcpp/cmake)
-- Found rosidl_generator_c: 3.1.7 (/opt/ros/humble/share/rosidl_generator_c/cmake)
-- Found rosidl_adapter: 3.1.7 (/opt/ros/humble/share/rosidl_adapter/cmake)
-- Found rosidl_generator_cpp: 3.1.7 (/opt/ros/humble/share/rosidl_generator_cpp/cmake)
-- Using all available rosidl_typesupport_c: rosidl_typesupport_fastrtps_c;rosidl_typesupport_introspection_c
-- Using all available rosidl_typesupport_cpp: rosidl_typesupport_fastrtps_cpp;rosidl_typesupport_introspection_cpp
-- Found rmw_implementation_cmake: 6.1.2 (/opt/ros/humble/share/rmw_implementation_cmake/cmake)
-- Found rmw_fastrtps_cpp: 6.2.9 (/opt/ros/humble/share/rmw_fastrtps_cpp/cmake)
-- Using RMW implementation 'rmw_fastrtps_cpp' as default
-- Found geometry_msgs: 4.9.0 (/opt/ros/humble/share/geometry_msgs/cmake)
-- Found rosidl_default_generators: 1.2.0 (/opt/ros/humble/share/rosidl_default_generators/cmake)
-- Found ament_cmake_ros: 0.10.0 (/opt/ros/humble/share/ament_cmake_ros/cmake)
-- Using all available rosidl_typesupport_c: rosidl_typesupport_fastrtps_c;rosidl_typesupport_introspection_c
-- Using all available rosidl_typesupport_cpp: rosidl_typesupport_fastrtps_cpp;rosidl_typesupport_introspection_cpp
-- Found python_cmake_module: 0.10.0 (/opt/ros/humble/share/python_cmake_module/cmake)
-- Using PYTHON_EXECUTABLE: /usr/bin/python3
-- Using PYTHON_INCLUDE_DIRS: /usr/include/python3.10
-- Using PYTHON_LIBRARIES: /usr/lib/x86_64-linux-gnu/libpython3.10.so
-- Found ament_lint_auto: 0.12.14 (/opt/ros/humble/share/ament_lint_auto/cmake)
-- Added test 'cppcheck' to perform static code analysis on C / C++ code
-- Configured cppcheck include dirs: /home/maclab/Documents/ROS_WORKSPACES/WS_Master_Thesis/src/uc1_robot_controllers_interfaces/include/uc1_robot_controllers_interfaces
-- Configured cppcheck exclude dirs and/or files: 
-- Added test 'lint_cmake' to check CMake code style
-- Added test 'uncrustify' to check C / C++ code style
-- Configured uncrustify additional arguments: 
-- Added test 'xmllint' to check XML markup files
-- Configuring done
-- Generating done
-- Build files have been written to: /home/maclab/Documents/ROS_WORKSPACES/WS_Master_Thesis/build/uc1_robot_controllers_interfaces
/usr/bin/cmake -E cmake_progress_start /home/maclab/Documents/ROS_WORKSPACES/WS_Master_Thesis/build/uc1_robot_controllers_interfaces/CMakeFiles /home/maclab/Documents/ROS_WORKSPACES/WS_Master_Thesis/build/uc1_robot_controllers_interfaces//CMakeFiles/progress.marks
/usr/bin/gmake  -f CMakeFiles/Makefile2 all
gmake[1]: Entering directory '/home/maclab/Documents/ROS_WORKSPACES/WS_Master_Thesis/build/uc1_robot_controllers_interfaces'
/usr/bin/gmake  -f CMakeFiles/uc1_robot_controllers_interfaces__cpp.dir/build.make CMakeFiles/uc1_robot_controllers_interfaces__cpp.dir/depend
/usr/bin/gmake  -f CMakeFiles/uc1_robot_controllers_interfaces__rosidl_generator_c.dir/build.make CMakeFiles/uc1_robot_controllers_interfaces__rosidl_generator_c.dir/depend
/usr/bin/gmake  -f CMakeFiles/ament_cmake_python_copy_uc1_robot_controllers_interfaces.dir/build.make CMakeFiles/ament_cmake_python_copy_uc1_robot_controllers_interfaces.dir/depend
/usr/bin/gmake  -f CMakeFiles/TPComputation.dir/build.make CMakeFiles/TPComputation.dir/depend
gmake[2]: Entering directory '/home/maclab/Documents/ROS_WORKSPACES/WS_Master_Thesis/build/uc1_robot_controllers_interfaces'
cd /home/maclab/Documents/ROS_WORKSPACES/WS_Master_Thesis/build/uc1_robot_controllers_interfaces && /usr/bin/cmake -E cmake_depends "Unix Makefiles" /home/maclab/Documents/ROS_WORKSPACES/WS_Master_Thesis/src/uc1_robot_controllers_interfaces /home/maclab/Documents/ROS_WORKSPACES/WS_Master_Thesis/src/uc1_robot_controllers_interfaces /home/maclab/Documents/ROS_WORKSPACES/WS_Master_Thesis/build/uc1_robot_controllers_interfaces /home/maclab/Documents/ROS_WORKSPACES/WS_Master_Thesis/build/uc1_robot_controllers_interfaces /home/maclab/Documents/ROS_WORKSPACES/WS_Master_Thesis/build/uc1_robot_controllers_interfaces/CMakeFiles/uc1_robot_controllers_interfaces__cpp.dir/DependInfo.cmake --color=
gmake[2]: Entering directory '/home/maclab/Documents/ROS_WORKSPACES/WS_Master_Thesis/build/uc1_robot_controllers_interfaces'
cd /home/maclab/Documents/ROS_WORKSPACES/WS_Master_Thesis/build/uc1_robot_controllers_interfaces && /usr/bin/cmake -E cmake_depends "Unix Makefiles" /home/maclab/Documents/ROS_WORKSPACES/WS_Master_Thesis/src/uc1_robot_controllers_interfaces /home/maclab/Documents/ROS_WORKSPACES/WS_Master_Thesis/src/uc1_robot_controllers_interfaces /home/maclab/Documents/ROS_WORKSPACES/WS_Master_Thesis/build/uc1_robot_controllers_interfaces /home/maclab/Documents/ROS_WORKSPACES/WS_Master_Thesis/build/uc1_robot_controllers_interfaces /home/maclab/Documents/ROS_WORKSPACES/WS_Master_Thesis/build/uc1_robot_controllers_interfaces/CMakeFiles/ament_cmake_python_copy_uc1_robot_controllers_interfaces.dir/DependInfo.cmake --color=
gmake[2]: Entering directory '/home/maclab/Documents/ROS_WORKSPACES/WS_Master_Thesis/build/uc1_robot_controllers_interfaces'
cd /home/maclab/Documents/ROS_WORKSPACES/WS_Master_Thesis/build/uc1_robot_controllers_interfaces && /usr/bin/cmake -E cmake_depends "Unix Makefiles" /home/maclab/Documents/ROS_WORKSPACES/WS_Master_Thesis/src/uc1_robot_controllers_interfaces /home/maclab/Documents/ROS_WORKSPACES/WS_Master_Thesis/src/uc1_robot_controllers_interfaces /home/maclab/Documents/ROS_WORKSPACES/WS_Master_Thesis/build/uc1_robot_controllers_interfaces /home/maclab/Documents/ROS_WORKSPACES/WS_Master_Thesis/build/uc1_robot_controllers_interfaces /home/maclab/Documents/ROS_WORKSPACES/WS_Master_Thesis/build/uc1_robot_controllers_interfaces/CMakeFiles/TPComputation.dir/DependInfo.cmake --color=
gmake[2]: Entering directory '/home/maclab/Documents/ROS_WORKSPACES/WS_Master_Thesis/build/uc1_robot_controllers_interfaces'
cd /home/maclab/Documents/ROS_WORKSPACES/WS_Master_Thesis/build/uc1_robot_controllers_interfaces && /usr/bin/cmake -E cmake_depends "Unix Makefiles" /home/maclab/Documents/ROS_WORKSPACES/WS_Master_Thesis/src/uc1_robot_controllers_interfaces /home/maclab/Documents/ROS_WORKSPACES/WS_Master_Thesis/src/uc1_robot_controllers_interfaces /home/maclab/Documents/ROS_WORKSPACES/WS_Master_Thesis/build/uc1_robot_controllers_interfaces /home/maclab/Documents/ROS_WORKSPACES/WS_Master_Thesis/build/uc1_robot_controllers_interfaces /home/maclab/Documents/ROS_WORKSPACES/WS_Master_Thesis/build/uc1_robot_controllers_interfaces/CMakeFiles/uc1_robot_controllers_interfaces__rosidl_generator_c.dir/DependInfo.cmake --color=
Dependencies file "CMakeFiles/uc1_robot_controllers_interfaces__rosidl_generator_c.dir/rosidl_generator_c/uc1_robot_controllers_interfaces/action/detail/move_robot__functions.c.o.d" is newer than depends file "/home/maclab/Documents/ROS_WORKSPACES/WS_Master_Thesis/build/uc1_robot_controllers_interfaces/CMakeFiles/uc1_robot_controllers_interfaces__rosidl_generator_c.dir/compiler_depend.internal".
gmake[2]: Leaving directory '/home/maclab/Documents/ROS_WORKSPACES/WS_Master_Thesis/build/uc1_robot_controllers_interfaces'
gmake[2]: Leaving directory '/home/maclab/Documents/ROS_WORKSPACES/WS_Master_Thesis/build/uc1_robot_controllers_interfaces'
Dependencies file "CMakeFiles/uc1_robot_controllers_interfaces__rosidl_generator_c.dir/rosidl_generator_c/uc1_robot_controllers_interfaces/action/detail/move_robot_tp__functions.c.o.d" is newer than depends file "/home/maclab/Documents/ROS_WORKSPACES/WS_Master_Thesis/build/uc1_robot_controllers_interfaces/CMakeFiles/uc1_robot_controllers_interfaces__rosidl_generator_c.dir/compiler_depend.internal".
/usr/bin/gmake  -f CMakeFiles/uc1_robot_controllers_interfaces__cpp.dir/build.make CMakeFiles/uc1_robot_controllers_interfaces__cpp.dir/build
Dependencies file "CMakeFiles/uc1_robot_controllers_interfaces__rosidl_generator_c.dir/rosidl_generator_c/uc1_robot_controllers_interfaces/msg/detail/move_robot_goal__functions.c.o.d" is newer than depends file "/home/maclab/Documents/ROS_WORKSPACES/WS_Master_Thesis/build/uc1_robot_controllers_interfaces/CMakeFiles/uc1_robot_controllers_interfaces__rosidl_generator_c.dir/compiler_depend.internal".
gmake[2]: Leaving directory '/home/maclab/Documents/ROS_WORKSPACES/WS_Master_Thesis/build/uc1_robot_controllers_interfaces'
Dependencies file "CMakeFiles/uc1_robot_controllers_interfaces__rosidl_generator_c.dir/rosidl_generator_c/uc1_robot_controllers_interfaces/msg/detail/move_robot_orient__functions.c.o.d" is newer than depends file "/home/maclab/Documents/ROS_WORKSPACES/WS_Master_Thesis/build/uc1_robot_controllers_interfaces/CMakeFiles/uc1_robot_controllers_interfaces__rosidl_generator_c.dir/compiler_depend.internal".
/usr/bin/gmake  -f CMakeFiles/TPComputation.dir/build.make CMakeFiles/TPComputation.dir/build
Dependencies file "CMakeFiles/uc1_robot_controllers_interfaces__rosidl_generator_c.dir/rosidl_generator_c/uc1_robot_controllers_interfaces/msg/detail/move_robot_point__functions.c.o.d" is newer than depends file "/home/maclab/Documents/ROS_WORKSPACES/WS_Master_Thesis/build/uc1_robot_controllers_interfaces/CMakeFiles/uc1_robot_controllers_interfaces__rosidl_generator_c.dir/compiler_depend.internal".
/usr/bin/gmake  -f CMakeFiles/ament_cmake_python_copy_uc1_robot_controllers_interfaces.dir/build.make CMakeFiles/ament_cmake_python_copy_uc1_robot_controllers_interfaces.dir/build
[35m[1mConsolidate compiler generated dependencies of target uc1_robot_controllers_interfaces__rosidl_generator_c[0m
gmake[2]: Entering directory '/home/maclab/Documents/ROS_WORKSPACES/WS_Master_Thesis/build/uc1_robot_controllers_interfaces'
gmake[2]: Entering directory '/home/maclab/Documents/ROS_WORKSPACES/WS_Master_Thesis/build/uc1_robot_controllers_interfaces'
/usr/bin/cmake -E copy_directory /home/maclab/Documents/ROS_WORKSPACES/WS_Master_Thesis/build/uc1_robot_controllers_interfaces/rosidl_generator_py/uc1_robot_controllers_interfaces /home/maclab/Documents/ROS_WORKSPACES/WS_Master_Thesis/build/uc1_robot_controllers_interfaces/ament_cmake_python/uc1_robot_controllers_interfaces/uc1_robot_controllers_interfaces
gmake[2]: Entering directory '/home/maclab/Documents/ROS_WORKSPACES/WS_Master_Thesis/build/uc1_robot_controllers_interfaces'
gmake[2]: Nothing to be done for 'CMakeFiles/uc1_robot_controllers_interfaces__cpp.dir/build'.
gmake[2]: Leaving directory '/home/maclab/Documents/ROS_WORKSPACES/WS_Master_Thesis/build/uc1_robot_controllers_interfaces'
gmake[2]: Leaving directory '/home/maclab/Documents/ROS_WORKSPACES/WS_Master_Thesis/build/uc1_robot_controllers_interfaces'
/usr/bin/gmake  -f CMakeFiles/uc1_robot_controllers_interfaces__rosidl_generator_c.dir/build.make CMakeFiles/uc1_robot_controllers_interfaces__rosidl_generator_c.dir/build
gmake[2]: Entering directory '/home/maclab/Documents/ROS_WORKSPACES/WS_Master_Thesis/build/uc1_robot_controllers_interfaces'
[  3%] Built target uc1_robot_controllers_interfaces__cpp
[  3%] [32mBuilding CXX object CMakeFiles/TPComputation.dir/src/TPComputation.cpp.o[0m
/usr/bin/c++ -DROS_PACKAGE_NAME=\"uc1_robot_controllers_interfaces\" -DTPComputation_EXPORTS -I/home/maclab/Documents/ROS_WORKSPACES/WS_Master_Thesis/src/uc1_robot_controllers_interfaces/include/uc1_robot_controllers_interfaces -fPIC -Wall -Wextra -Wpedantic -MD -MT CMakeFiles/TPComputation.dir/src/TPComputation.cpp.o -MF CMakeFiles/TPComputation.dir/src/TPComputation.cpp.o.d -o CMakeFiles/TPComputation.dir/src/TPComputation.cpp.o -c /home/maclab/Documents/ROS_WORKSPACES/WS_Master_Thesis/src/uc1_robot_controllers_interfaces/src/TPComputation.cpp
/usr/bin/gmake  -f CMakeFiles/uc1_robot_controllers_interfaces__rosidl_typesupport_cpp.dir/build.make CMakeFiles/uc1_robot_controllers_interfaces__rosidl_typesupport_cpp.dir/depend
/usr/bin/gmake  -f CMakeFiles/uc1_robot_controllers_interfaces__rosidl_typesupport_fastrtps_cpp.dir/build.make CMakeFiles/uc1_robot_controllers_interfaces__rosidl_typesupport_fastrtps_cpp.dir/depend
/usr/bin/gmake  -f CMakeFiles/uc1_robot_controllers_interfaces__rosidl_typesupport_introspection_cpp.dir/build.make CMakeFiles/uc1_robot_controllers_interfaces__rosidl_typesupport_introspection_cpp.dir/depend
gmake[2]: Leaving directory '/home/maclab/Documents/ROS_WORKSPACES/WS_Master_Thesis/build/uc1_robot_controllers_interfaces'
gmake[2]: Entering directory '/home/maclab/Documents/ROS_WORKSPACES/WS_Master_Thesis/build/uc1_robot_controllers_interfaces'
cd /home/maclab/Documents/ROS_WORKSPACES/WS_Master_Thesis/build/uc1_robot_controllers_interfaces && /usr/bin/cmake -E cmake_depends "Unix Makefiles" /home/maclab/Documents/ROS_WORKSPACES/WS_Master_Thesis/src/uc1_robot_controllers_interfaces /home/maclab/Documents/ROS_WORKSPACES/WS_Master_Thesis/src/uc1_robot_controllers_interfaces /home/maclab/Documents/ROS_WORKSPACES/WS_Master_Thesis/build/uc1_robot_controllers_interfaces /home/maclab/Documents/ROS_WORKSPACES/WS_Master_Thesis/build/uc1_robot_controllers_interfaces /home/maclab/Documents/ROS_WORKSPACES/WS_Master_Thesis/build/uc1_robot_controllers_interfaces/CMakeFiles/uc1_robot_controllers_interfaces__rosidl_typesupport_cpp.dir/DependInfo.cmake --color=
gmake[2]: Entering directory '/home/maclab/Documents/ROS_WORKSPACES/WS_Master_Thesis/build/uc1_robot_controllers_interfaces'
cd /home/maclab/Documents/ROS_WORKSPACES/WS_Master_Thesis/build/uc1_robot_controllers_interfaces && /usr/bin/cmake -E cmake_depends "Unix Makefiles" /home/maclab/Documents/ROS_WORKSPACES/WS_Master_Thesis/src/uc1_robot_controllers_interfaces /home/maclab/Documents/ROS_WORKSPACES/WS_Master_Thesis/src/uc1_robot_controllers_interfaces /home/maclab/Documents/ROS_WORKSPACES/WS_Master_Thesis/build/uc1_robot_controllers_interfaces /home/maclab/Documents/ROS_WORKSPACES/WS_Master_Thesis/build/uc1_robot_controllers_interfaces /home/maclab/Documents/ROS_WORKSPACES/WS_Master_Thesis/build/uc1_robot_controllers_interfaces/CMakeFiles/uc1_robot_controllers_interfaces__rosidl_typesupport_introspection_cpp.dir/DependInfo.cmake --color=
gmake[2]: Entering directory '/home/maclab/Documents/ROS_WORKSPACES/WS_Master_Thesis/build/uc1_robot_controllers_interfaces'
cd /home/maclab/Documents/ROS_WORKSPACES/WS_Master_Thesis/build/uc1_robot_controllers_interfaces && /usr/bin/cmake -E cmake_depends "Unix Makefiles" /home/maclab/Documents/ROS_WORKSPACES/WS_Master_Thesis/src/uc1_robot_controllers_interfaces /home/maclab/Documents/ROS_WORKSPACES/WS_Master_Thesis/src/uc1_robot_controllers_interfaces /home/maclab/Documents/ROS_WORKSPACES/WS_Master_Thesis/build/uc1_robot_controllers_interfaces /home/maclab/Documents/ROS_WORKSPACES/WS_Master_Thesis/build/uc1_robot_controllers_interfaces /home/maclab/Documents/ROS_WORKSPACES/WS_Master_Thesis/build/uc1_robot_controllers_interfaces/CMakeFiles/uc1_robot_controllers_interfaces__rosidl_typesupport_fastrtps_cpp.dir/DependInfo.cmake --color=
[  4%] [32mBuilding C object CMakeFiles/uc1_robot_controllers_interfaces__rosidl_generator_c.dir/rosidl_generator_c/uc1_robot_controllers_interfaces/msg/detail/move_robot_point__functions.c.o[0m
/usr/bin/cc -DRCUTILS_ENABLE_FAULT_INJECTION -DROSIDL_GENERATOR_C_BUILDING_DLL_uc1_robot_controllers_interfaces -DROS_PACKAGE_NAME=\"uc1_robot_controllers_interfaces\" -I/home/maclab/Documents/ROS_WORKSPACES/WS_Master_Thesis/build/uc1_robot_controllers_interfaces/rosidl_generator_c -I/home/maclab/Documents/ROS_WORKSPACES/WS_Master_Thesis/src/uc1_robot_controllers_interfaces/include/uc1_robot_controllers_interfaces -isystem /opt/ros/humble/include/geometry_msgs -isystem /opt/ros/humble/include/std_msgs -isystem /opt/ros/humble/include/builtin_interfaces -isystem /opt/ros/humble/include/rosidl_runtime_c -isystem /opt/ros/humble/include/rcutils -isystem /opt/ros/humble/include/rosidl_typesupport_interface -isystem /opt/ros/humble/include/action_msgs -isystem /opt/ros/humble/include/unique_identifier_msgs -fPIC -Wall -std=gnu11 -MD -MT CMakeFiles/uc1_robot_controllers_interfaces__rosidl_generator_c.dir/rosidl_generator_c/uc1_robot_controllers_interfaces/msg/detail/move_robot_point__functions.c.o -MF CMakeFiles/uc1_robot_controllers_interfaces__rosidl_generator_c.dir/rosidl_generator_c/uc1_robot_controllers_interfaces/msg/detail/move_robot_point__functions.c.o.d -o CMakeFiles/uc1_robot_controllers_interfaces__rosidl_generator_c.dir/rosidl_generator_c/uc1_robot_controllers_interfaces/msg/detail/move_robot_point__functions.c.o -c /home/maclab/Documents/ROS_WORKSPACES/WS_Master_Thesis/build/uc1_robot_controllers_interfaces/rosidl_generator_c/uc1_robot_controllers_interfaces/msg/detail/move_robot_point__functions.c
[  6%] [32mBuilding C object CMakeFiles/uc1_robot_controllers_interfaces__rosidl_generator_c.dir/rosidl_generator_c/uc1_robot_controllers_interfaces/action/detail/move_robot__functions.c.o[0m
[  7%] [32mBuilding C object CMakeFiles/uc1_robot_controllers_interfaces__rosidl_generator_c.dir/rosidl_generator_c/uc1_robot_controllers_interfaces/action/detail/move_robot_tp__functions.c.o[0m
[  9%] [32mBuilding C object CMakeFiles/uc1_robot_controllers_interfaces__rosidl_generator_c.dir/rosidl_generator_c/uc1_robot_controllers_interfaces/msg/detail/move_robot_orient__functions.c.o[0m
/usr/bin/cc -DRCUTILS_ENABLE_FAULT_INJECTION -DROSIDL_GENERATOR_C_BUILDING_DLL_uc1_robot_controllers_interfaces -DROS_PACKAGE_NAME=\"uc1_robot_controllers_interfaces\" -I/home/maclab/Documents/ROS_WORKSPACES/WS_Master_Thesis/build/uc1_robot_controllers_interfaces/rosidl_generator_c -I/home/maclab/Documents/ROS_WORKSPACES/WS_Master_Thesis/src/uc1_robot_controllers_interfaces/include/uc1_robot_controllers_interfaces -isystem /opt/ros/humble/include/geometry_msgs -isystem /opt/ros/humble/include/std_msgs -isystem /opt/ros/humble/include/builtin_interfaces -isystem /opt/ros/humble/include/rosidl_runtime_c -isystem /opt/ros/humble/include/rcutils -isystem /opt/ros/humble/include/rosidl_typesupport_interface -isystem /opt/ros/humble/include/action_msgs -isystem /opt/ros/humble/include/unique_identifier_msgs -fPIC -Wall -std=gnu11 -MD -MT CMakeFiles/uc1_robot_controllers_interfaces__rosidl_generator_c.dir/rosidl_generator_c/uc1_robot_controllers_interfaces/action/detail/move_robot__functions.c.o -MF CMakeFiles/uc1_robot_controllers_interfaces__rosidl_generator_c.dir/rosidl_generator_c/uc1_robot_controllers_interfaces/action/detail/move_robot__functions.c.o.d -o CMakeFiles/uc1_robot_controllers_interfaces__rosidl_generator_c.dir/rosidl_generator_c/uc1_robot_controllers_interfaces/action/detail/move_robot__functions.c.o -c /home/maclab/Documents/ROS_WORKSPACES/WS_Master_Thesis/build/uc1_robot_controllers_interfaces/rosidl_generator_c/uc1_robot_controllers_interfaces/action/detail/move_robot__functions.c
/usr/bin/cc -DRCUTILS_ENABLE_FAULT_INJECTION -DROSIDL_GENERATOR_C_BUILDING_DLL_uc1_robot_controllers_interfaces -DROS_PACKAGE_NAME=\"uc1_robot_controllers_interfaces\" -I/home/maclab/Documents/ROS_WORKSPACES/WS_Master_Thesis/build/uc1_robot_controllers_interfaces/rosidl_generator_c -I/home/maclab/Documents/ROS_WORKSPACES/WS_Master_Thesis/src/uc1_robot_controllers_interfaces/include/uc1_robot_controllers_interfaces -isystem /opt/ros/humble/include/geometry_msgs -isystem /opt/ros/humble/include/std_msgs -isystem /opt/ros/humble/include/builtin_interfaces -isystem /opt/ros/humble/include/rosidl_runtime_c -isystem /opt/ros/humble/include/rcutils -isystem /opt/ros/humble/include/rosidl_typesupport_interface -isystem /opt/ros/humble/include/action_msgs -isystem /opt/ros/humble/include/unique_identifier_msgs -fPIC -Wall -std=gnu11 -MD -MT CMakeFiles/uc1_robot_controllers_interfaces__rosidl_generator_c.dir/rosidl_generator_c/uc1_robot_controllers_interfaces/action/detail/move_robot_tp__functions.c.o -MF CMakeFiles/uc1_robot_controllers_interfaces__rosidl_generator_c.dir/rosidl_generator_c/uc1_robot_controllers_interfaces/action/detail/move_robot_tp__functions.c.o.d -o CMakeFiles/uc1_robot_controllers_interfaces__rosidl_generator_c.dir/rosidl_generator_c/uc1_robot_controllers_interfaces/action/detail/move_robot_tp__functions.c.o -c /home/maclab/Documents/ROS_WORKSPACES/WS_Master_Thesis/build/uc1_robot_controllers_interfaces/rosidl_generator_c/uc1_robot_controllers_interfaces/action/detail/move_robot_tp__functions.c
[ 10%] [32mBuilding C object CMakeFiles/uc1_robot_controllers_interfaces__rosidl_generator_c.dir/rosidl_generator_c/uc1_robot_controllers_interfaces/msg/detail/move_robot_goal__functions.c.o[0m
Dependencies file "CMakeFiles/uc1_robot_controllers_interfaces__rosidl_typesupport_introspection_cpp.dir/rosidl_typesupport_introspection_cpp/uc1_robot_controllers_interfaces/action/detail/move_robot__type_support.cpp.o.d" is newer than depends file "/home/maclab/Documents/ROS_WORKSPACES/WS_Master_Thesis/build/uc1_robot_controllers_interfaces/CMakeFiles/uc1_robot_controllers_interfaces__rosidl_typesupport_introspection_cpp.dir/compiler_depend.internal".
/usr/bin/cc -DRCUTILS_ENABLE_FAULT_INJECTION -DROSIDL_GENERATOR_C_BUILDING_DLL_uc1_robot_controllers_interfaces -DROS_PACKAGE_NAME=\"uc1_robot_controllers_interfaces\" -I/home/maclab/Documents/ROS_WORKSPACES/WS_Master_Thesis/build/uc1_robot_controllers_interfaces/rosidl_generator_c -I/home/maclab/Documents/ROS_WORKSPACES/WS_Master_Thesis/src/uc1_robot_controllers_interfaces/include/uc1_robot_controllers_interfaces -isystem /opt/ros/humble/include/geometry_msgs -isystem /opt/ros/humble/include/std_msgs -isystem /opt/ros/humble/include/builtin_interfaces -isystem /opt/ros/humble/include/rosidl_runtime_c -isystem /opt/ros/humble/include/rcutils -isystem /opt/ros/humble/include/rosidl_typesupport_interface -isystem /opt/ros/humble/include/action_msgs -isystem /opt/ros/humble/include/unique_identifier_msgs -fPIC -Wall -std=gnu11 -MD -MT CMakeFiles/uc1_robot_controllers_interfaces__rosidl_generator_c.dir/rosidl_generator_c/uc1_robot_controllers_interfaces/msg/detail/move_robot_orient__functions.c.o -MF CMakeFiles/uc1_robot_controllers_interfaces__rosidl_generator_c.dir/rosidl_generator_c/uc1_robot_controllers_interfaces/msg/detail/move_robot_orient__functions.c.o.d -o CMakeFiles/uc1_robot_controllers_interfaces__rosidl_generator_c.dir/rosidl_generator_c/uc1_robot_controllers_interfaces/msg/detail/move_robot_orient__functions.c.o -c /home/maclab/Documents/ROS_WORKSPACES/WS_Master_Thesis/build/uc1_robot_controllers_interfaces/rosidl_generator_c/uc1_robot_controllers_interfaces/msg/detail/move_robot_orient__functions.c
Dependencies file "CMakeFiles/uc1_robot_controllers_interfaces__rosidl_typesupport_introspection_cpp.dir/rosidl_typesupport_introspection_cpp/uc1_robot_controllers_interfaces/action/detail/move_robot_tp__type_support.cpp.o.d" is newer than depends file "/home/maclab/Documents/ROS_WORKSPACES/WS_Master_Thesis/build/uc1_robot_controllers_interfaces/CMakeFiles/uc1_robot_controllers_interfaces__rosidl_typesupport_introspection_cpp.dir/compiler_depend.internal".
Dependencies file "CMakeFiles/uc1_robot_controllers_interfaces__rosidl_typesupport_introspection_cpp.dir/rosidl_typesupport_introspection_cpp/uc1_robot_controllers_interfaces/msg/detail/move_robot_goal__type_support.cpp.o.d" is newer than depends file "/home/maclab/Documents/ROS_WORKSPACES/WS_Master_Thesis/build/uc1_robot_controllers_interfaces/CMakeFiles/uc1_robot_controllers_interfaces__rosidl_typesupport_introspection_cpp.dir/compiler_depend.internal".
/usr/bin/cc -DRCUTILS_ENABLE_FAULT_INJECTION -DROSIDL_GENERATOR_C_BUILDING_DLL_uc1_robot_controllers_interfaces -DROS_PACKAGE_NAME=\"uc1_robot_controllers_interfaces\" -I/home/maclab/Documents/ROS_WORKSPACES/WS_Master_Thesis/build/uc1_robot_controllers_interfaces/rosidl_generator_c -I/home/maclab/Documents/ROS_WORKSPACES/WS_Master_Thesis/src/uc1_robot_controllers_interfaces/include/uc1_robot_controllers_interfaces -isystem /opt/ros/humble/include/geometry_msgs -isystem /opt/ros/humble/include/std_msgs -isystem /opt/ros/humble/include/builtin_interfaces -isystem /opt/ros/humble/include/rosidl_runtime_c -isystem /opt/ros/humble/include/rcutils -isystem /opt/ros/humble/include/rosidl_typesupport_interface -isystem /opt/ros/humble/include/action_msgs -isystem /opt/ros/humble/include/unique_identifier_msgs -fPIC -Wall -std=gnu11 -MD -MT CMakeFiles/uc1_robot_controllers_interfaces__rosidl_generator_c.dir/rosidl_generator_c/uc1_robot_controllers_interfaces/msg/detail/move_robot_goal__functions.c.o -MF CMakeFiles/uc1_robot_controllers_interfaces__rosidl_generator_c.dir/rosidl_generator_c/uc1_robot_controllers_interfaces/msg/detail/move_robot_goal__functions.c.o.d -o CMakeFiles/uc1_robot_controllers_interfaces__rosidl_generator_c.dir/rosidl_generator_c/uc1_robot_controllers_interfaces/msg/detail/move_robot_goal__functions.c.o -c /home/maclab/Documents/ROS_WORKSPACES/WS_Master_Thesis/build/uc1_robot_controllers_interfaces/rosidl_generator_c/uc1_robot_controllers_interfaces/msg/detail/move_robot_goal__functions.c
Dependencies file "CMakeFiles/uc1_robot_controllers_interfaces__rosidl_typesupport_introspection_cpp.dir/rosidl_typesupport_introspection_cpp/uc1_robot_controllers_interfaces/msg/detail/move_robot_orient__type_support.cpp.o.d" is newer than depends file "/home/maclab/Documents/ROS_WORKSPACES/WS_Master_Thesis/build/uc1_robot_controllers_interfaces/CMakeFiles/uc1_robot_controllers_interfaces__rosidl_typesupport_introspection_cpp.dir/compiler_depend.internal".
Dependencies file "CMakeFiles/uc1_robot_controllers_interfaces__rosidl_typesupport_introspection_cpp.dir/rosidl_typesupport_introspection_cpp/uc1_robot_controllers_interfaces/msg/detail/move_robot_point__type_support.cpp.o.d" is newer than depends file "/home/maclab/Documents/ROS_WORKSPACES/WS_Master_Thesis/build/uc1_robot_controllers_interfaces/CMakeFiles/uc1_robot_controllers_interfaces__rosidl_typesupport_introspection_cpp.dir/compiler_depend.internal".
[35m[1mConsolidate compiler generated dependencies of target uc1_robot_controllers_interfaces__rosidl_typesupport_introspection_cpp[0m
[ 10%] Built target ament_cmake_python_copy_uc1_robot_controllers_interfaces
/usr/bin/gmake  -f CMakeFiles/ament_cmake_python_build_uc1_robot_controllers_interfaces_egg.dir/build.make CMakeFiles/ament_cmake_python_build_uc1_robot_controllers_interfaces_egg.dir/depend
Dependencies file "CMakeFiles/uc1_robot_controllers_interfaces__rosidl_typesupport_cpp.dir/rosidl_typesupport_cpp/uc1_robot_controllers_interfaces/action/move_robot__type_support.cpp.o.d" is newer than depends file "/home/maclab/Documents/ROS_WORKSPACES/WS_Master_Thesis/build/uc1_robot_controllers_interfaces/CMakeFiles/uc1_robot_controllers_interfaces__rosidl_typesupport_cpp.dir/compiler_depend.internal".
gmake[2]: Entering directory '/home/maclab/Documents/ROS_WORKSPACES/WS_Master_Thesis/build/uc1_robot_controllers_interfaces'
cd /home/maclab/Documents/ROS_WORKSPACES/WS_Master_Thesis/build/uc1_robot_controllers_interfaces && /usr/bin/cmake -E cmake_depends "Unix Makefiles" /home/maclab/Documents/ROS_WORKSPACES/WS_Master_Thesis/src/uc1_robot_controllers_interfaces /home/maclab/Documents/ROS_WORKSPACES/WS_Master_Thesis/src/uc1_robot_controllers_interfaces /home/maclab/Documents/ROS_WORKSPACES/WS_Master_Thesis/build/uc1_robot_controllers_interfaces /home/maclab/Documents/ROS_WORKSPACES/WS_Master_Thesis/build/uc1_robot_controllers_interfaces /home/maclab/Documents/ROS_WORKSPACES/WS_Master_Thesis/build/uc1_robot_controllers_interfaces/CMakeFiles/ament_cmake_python_build_uc1_robot_controllers_interfaces_egg.dir/DependInfo.cmake --color=
gmake[2]: Leaving directory '/home/maclab/Documents/ROS_WORKSPACES/WS_Master_Thesis/build/uc1_robot_controllers_interfaces'
Dependencies file "CMakeFiles/uc1_robot_controllers_interfaces__rosidl_typesupport_cpp.dir/rosidl_typesupport_cpp/uc1_robot_controllers_interfaces/action/move_robot_tp__type_support.cpp.o.d" is newer than depends file "/home/maclab/Documents/ROS_WORKSPACES/WS_Master_Thesis/build/uc1_robot_controllers_interfaces/CMakeFiles/uc1_robot_controllers_interfaces__rosidl_typesupport_cpp.dir/compiler_depend.internal".
/usr/bin/gmake  -f CMakeFiles/uc1_robot_controllers_interfaces__rosidl_typesupport_introspection_cpp.dir/build.make CMakeFiles/uc1_robot_controllers_interfaces__rosidl_typesupport_introspection_cpp.dir/build
Dependencies file "CMakeFiles/uc1_robot_controllers_interfaces__rosidl_typesupport_cpp.dir/rosidl_typesupport_cpp/uc1_robot_controllers_interfaces/msg/move_robot_goal__type_support.cpp.o.d" is newer than depends file "/home/maclab/Documents/ROS_WORKSPACES/WS_Master_Thesis/build/uc1_robot_controllers_interfaces/CMakeFiles/uc1_robot_controllers_interfaces__rosidl_typesupport_cpp.dir/compiler_depend.internal".
Dependencies file "CMakeFiles/uc1_robot_controllers_interfaces__rosidl_typesupport_fastrtps_cpp.dir/rosidl_typesupport_fastrtps_cpp/uc1_robot_controllers_interfaces/action/detail/dds_fastrtps/move_robot__type_support.cpp.o.d" is newer than depends file "/home/maclab/Documents/ROS_WORKSPACES/WS_Master_Thesis/build/uc1_robot_controllers_interfaces/CMakeFiles/uc1_robot_controllers_interfaces__rosidl_typesupport_fastrtps_cpp.dir/compiler_depend.internal".
Dependencies file "CMakeFiles/uc1_robot_controllers_interfaces__rosidl_typesupport_cpp.dir/rosidl_typesupport_cpp/uc1_robot_controllers_interfaces/msg/move_robot_orient__type_support.cpp.o.d" is newer than depends file "/home/maclab/Documents/ROS_WORKSPACES/WS_Master_Thesis/build/uc1_robot_controllers_interfaces/CMakeFiles/uc1_robot_controllers_interfaces__rosidl_typesupport_cpp.dir/compiler_depend.internal".
Dependencies file "CMakeFiles/uc1_robot_controllers_interfaces__rosidl_typesupport_cpp.dir/rosidl_typesupport_cpp/uc1_robot_controllers_interfaces/msg/move_robot_point__type_support.cpp.o.d" is newer than depends file "/home/maclab/Documents/ROS_WORKSPACES/WS_Master_Thesis/build/uc1_robot_controllers_interfaces/CMakeFiles/uc1_robot_controllers_interfaces__rosidl_typesupport_cpp.dir/compiler_depend.internal".
Dependencies file "CMakeFiles/uc1_robot_controllers_interfaces__rosidl_typesupport_fastrtps_cpp.dir/rosidl_typesupport_fastrtps_cpp/uc1_robot_controllers_interfaces/action/detail/dds_fastrtps/move_robot_tp__type_support.cpp.o.d" is newer than depends file "/home/maclab/Documents/ROS_WORKSPACES/WS_Master_Thesis/build/uc1_robot_controllers_interfaces/CMakeFiles/uc1_robot_controllers_interfaces__rosidl_typesupport_fastrtps_cpp.dir/compiler_depend.internal".
[35m[1mConsolidate compiler generated dependencies of target uc1_robot_controllers_interfaces__rosidl_typesupport_cpp[0m
Dependencies file "CMakeFiles/uc1_robot_controllers_interfaces__rosidl_typesupport_fastrtps_cpp.dir/rosidl_typesupport_fastrtps_cpp/uc1_robot_controllers_interfaces/msg/detail/dds_fastrtps/move_robot_goal__type_support.cpp.o.d" is newer than depends file "/home/maclab/Documents/ROS_WORKSPACES/WS_Master_Thesis/build/uc1_robot_controllers_interfaces/CMakeFiles/uc1_robot_controllers_interfaces__rosidl_typesupport_fastrtps_cpp.dir/compiler_depend.internal".
Dependencies file "CMakeFiles/uc1_robot_controllers_interfaces__rosidl_typesupport_fastrtps_cpp.dir/rosidl_typesupport_fastrtps_cpp/uc1_robot_controllers_interfaces/msg/detail/dds_fastrtps/move_robot_orient__type_support.cpp.o.d" is newer than depends file "/home/maclab/Documents/ROS_WORKSPACES/WS_Master_Thesis/build/uc1_robot_controllers_interfaces/CMakeFiles/uc1_robot_controllers_interfaces__rosidl_typesupport_fastrtps_cpp.dir/compiler_depend.internal".
Dependencies file "CMakeFiles/uc1_robot_controllers_interfaces__rosidl_typesupport_fastrtps_cpp.dir/rosidl_typesupport_fastrtps_cpp/uc1_robot_controllers_interfaces/msg/detail/dds_fastrtps/move_robot_point__type_support.cpp.o.d" is newer than depends file "/home/maclab/Documents/ROS_WORKSPACES/WS_Master_Thesis/build/uc1_robot_controllers_interfaces/CMakeFiles/uc1_robot_controllers_interfaces__rosidl_typesupport_fastrtps_cpp.dir/compiler_depend.internal".
[35m[1mConsolidate compiler generated dependencies of target uc1_robot_controllers_interfaces__rosidl_typesupport_fastrtps_cpp[0m
gmake[2]: Entering directory '/home/maclab/Documents/ROS_WORKSPACES/WS_Master_Thesis/build/uc1_robot_controllers_interfaces'
gmake[2]: Leaving directory '/home/maclab/Documents/ROS_WORKSPACES/WS_Master_Thesis/build/uc1_robot_controllers_interfaces'
/usr/bin/gmake  -f CMakeFiles/uc1_robot_controllers_interfaces__rosidl_typesupport_cpp.dir/build.make CMakeFiles/uc1_robot_controllers_interfaces__rosidl_typesupport_cpp.dir/build
gmake[2]: Leaving directory '/home/maclab/Documents/ROS_WORKSPACES/WS_Master_Thesis/build/uc1_robot_controllers_interfaces'
/usr/bin/gmake  -f CMakeFiles/uc1_robot_controllers_interfaces__rosidl_typesupport_fastrtps_cpp.dir/build.make CMakeFiles/uc1_robot_controllers_interfaces__rosidl_typesupport_fastrtps_cpp.dir/build
gmake[2]: Entering directory '/home/maclab/Documents/ROS_WORKSPACES/WS_Master_Thesis/build/uc1_robot_controllers_interfaces'
gmake[2]: Leaving directory '/home/maclab/Documents/ROS_WORKSPACES/WS_Master_Thesis/build/uc1_robot_controllers_interfaces'
/usr/bin/gmake  -f CMakeFiles/ament_cmake_python_build_uc1_robot_controllers_interfaces_egg.dir/build.make CMakeFiles/ament_cmake_python_build_uc1_robot_controllers_interfaces_egg.dir/build
[ 12%] [32mBuilding CXX object CMakeFiles/uc1_robot_controllers_interfaces__rosidl_typesupport_introspection_cpp.dir/rosidl_typesupport_introspection_cpp/uc1_robot_controllers_interfaces/msg/detail/move_robot_orient__type_support.cpp.o[0m
gmake[2]: Entering directory '/home/maclab/Documents/ROS_WORKSPACES/WS_Master_Thesis/build/uc1_robot_controllers_interfaces'
cd /home/maclab/Documents/ROS_WORKSPACES/WS_Master_Thesis/build/uc1_robot_controllers_interfaces/ament_cmake_python/uc1_robot_controllers_interfaces && /usr/bin/python3 setup.py egg_info
[ 13%] [32mBuilding CXX object CMakeFiles/uc1_robot_controllers_interfaces__rosidl_typesupport_introspection_cpp.dir/rosidl_typesupport_introspection_cpp/uc1_robot_controllers_interfaces/msg/detail/move_robot_goal__type_support.cpp.o[0m
gmake[2]: Entering directory '/home/maclab/Documents/ROS_WORKSPACES/WS_Master_Thesis/build/uc1_robot_controllers_interfaces'
[ 15%] [32mBuilding CXX object CMakeFiles/uc1_robot_controllers_interfaces__rosidl_typesupport_introspection_cpp.dir/rosidl_typesupport_introspection_cpp/uc1_robot_controllers_interfaces/action/detail/move_robot_tp__type_support.cpp.o[0m
[ 16%] [32mBuilding CXX object CMakeFiles/uc1_robot_controllers_interfaces__rosidl_typesupport_introspection_cpp.dir/rosidl_typesupport_introspection_cpp/uc1_robot_controllers_interfaces/action/detail/move_robot__type_support.cpp.o[0m
[ 18%] [32mBuilding CXX object CMakeFiles/uc1_robot_controllers_interfaces__rosidl_typesupport_introspection_cpp.dir/rosidl_typesupport_introspection_cpp/uc1_robot_controllers_interfaces/msg/detail/move_robot_point__type_support.cpp.o[0m
/usr/bin/c++ -DRCUTILS_ENABLE_FAULT_INJECTION -DROSIDL_TYPESUPPORT_INTROSPECTION_CPP_BUILDING_DLL -DROS_PACKAGE_NAME=\"uc1_robot_controllers_interfaces\" -I/home/maclab/Documents/ROS_WORKSPACES/WS_Master_Thesis/build/uc1_robot_controllers_interfaces/rosidl_typesupport_introspection_cpp -I/home/maclab/Documents/ROS_WORKSPACES/WS_Master_Thesis/src/uc1_robot_controllers_interfaces/include/uc1_robot_controllers_interfaces -I/home/maclab/Documents/ROS_WORKSPACES/WS_Master_Thesis/build/uc1_robot_controllers_interfaces/rosidl_generator_cpp -isystem /opt/ros/humble/include/geometry_msgs -isystem /opt/ros/humble/include/std_msgs -isystem /opt/ros/humble/include/builtin_interfaces -isystem /opt/ros/humble/include/rosidl_runtime_cpp -isystem /opt/ros/humble/include/rosidl_runtime_c -isystem /opt/ros/humble/include/rcutils -isystem /opt/ros/humble/include/rosidl_typesupport_interface -isystem /opt/ros/humble/include/action_msgs -isystem /opt/ros/humble/include/unique_identifier_msgs -isystem /opt/ros/humble/include/rosidl_typesupport_introspection_cpp -isystem /opt/ros/humble/include/rosidl_typesupport_introspection_c -fPIC -Wall -Wextra -Wpedantic -MD -MT CMakeFiles/uc1_robot_controllers_interfaces__rosidl_typesupport_introspection_cpp.dir/rosidl_typesupport_introspection_cpp/uc1_robot_controllers_interfaces/action/detail/move_robot_tp__type_support.cpp.o -MF CMakeFiles/uc1_robot_controllers_interfaces__rosidl_typesupport_introspection_cpp.dir/rosidl_typesupport_introspection_cpp/uc1_robot_controllers_interfaces/action/detail/move_robot_tp__type_support.cpp.o.d -o CMakeFiles/uc1_robot_controllers_interfaces__rosidl_typesupport_introspection_cpp.dir/rosidl_typesupport_introspection_cpp/uc1_robot_controllers_interfaces/action/detail/move_robot_tp__type_support.cpp.o -c /home/maclab/Documents/ROS_WORKSPACES/WS_Master_Thesis/build/uc1_robot_controllers_interfaces/rosidl_typesupport_introspection_cpp/uc1_robot_controllers_interfaces/action/detail/move_robot_tp__type_support.cpp
/usr/bin/c++ -DRCUTILS_ENABLE_FAULT_INJECTION -DROSIDL_TYPESUPPORT_INTROSPECTION_CPP_BUILDING_DLL -DROS_PACKAGE_NAME=\"uc1_robot_controllers_interfaces\" -I/home/maclab/Documents/ROS_WORKSPACES/WS_Master_Thesis/build/uc1_robot_controllers_interfaces/rosidl_typesupport_introspection_cpp -I/home/maclab/Documents/ROS_WORKSPACES/WS_Master_Thesis/src/uc1_robot_controllers_interfaces/include/uc1_robot_controllers_interfaces -I/home/maclab/Documents/ROS_WORKSPACES/WS_Master_Thesis/build/uc1_robot_controllers_interfaces/rosidl_generator_cpp -isystem /opt/ros/humble/include/geometry_msgs -isystem /opt/ros/humble/include/std_msgs -isystem /opt/ros/humble/include/builtin_interfaces -isystem /opt/ros/humble/include/rosidl_runtime_cpp -isystem /opt/ros/humble/include/rosidl_runtime_c -isystem /opt/ros/humble/include/rcutils -isystem /opt/ros/humble/include/rosidl_typesupport_interface -isystem /opt/ros/humble/include/action_msgs -isystem /opt/ros/humble/include/unique_identifier_msgs -isystem /opt/ros/humble/include/rosidl_typesupport_introspection_cpp -isystem /opt/ros/humble/include/rosidl_typesupport_introspection_c -fPIC -Wall -Wextra -Wpedantic -MD -MT CMakeFiles/uc1_robot_controllers_interfaces__rosidl_typesupport_introspection_cpp.dir/rosidl_typesupport_introspection_cpp/uc1_robot_controllers_interfaces/msg/detail/move_robot_orient__type_support.cpp.o -MF CMakeFiles/uc1_robot_controllers_interfaces__rosidl_typesupport_introspection_cpp.dir/rosidl_typesupport_introspection_cpp/uc1_robot_controllers_interfaces/msg/detail/move_robot_orient__type_support.cpp.o.d -o CMakeFiles/uc1_robot_controllers_interfaces__rosidl_typesupport_introspection_cpp.dir/rosidl_typesupport_introspection_cpp/uc1_robot_controllers_interfaces/msg/detail/move_robot_orient__type_support.cpp.o -c /home/maclab/Documents/ROS_WORKSPACES/WS_Master_Thesis/build/uc1_robot_controllers_interfaces/rosidl_typesupport_introspection_cpp/uc1_robot_controllers_interfaces/msg/detail/move_robot_orient__type_support.cpp
/usr/bin/c++ -DRCUTILS_ENABLE_FAULT_INJECTION -DROSIDL_TYPESUPPORT_INTROSPECTION_CPP_BUILDING_DLL -DROS_PACKAGE_NAME=\"uc1_robot_controllers_interfaces\" -I/home/maclab/Documents/ROS_WORKSPACES/WS_Master_Thesis/build/uc1_robot_controllers_interfaces/rosidl_typesupport_introspection_cpp -I/home/maclab/Documents/ROS_WORKSPACES/WS_Master_Thesis/src/uc1_robot_controllers_interfaces/include/uc1_robot_controllers_interfaces -I/home/maclab/Documents/ROS_WORKSPACES/WS_Master_Thesis/build/uc1_robot_controllers_interfaces/rosidl_generator_cpp -isystem /opt/ros/humble/include/geometry_msgs -isystem /opt/ros/humble/include/std_msgs -isystem /opt/ros/humble/include/builtin_interfaces -isystem /opt/ros/humble/include/rosidl_runtime_cpp -isystem /opt/ros/humble/include/rosidl_runtime_c -isystem /opt/ros/humble/include/rcutils -isystem /opt/ros/humble/include/rosidl_typesupport_interface -isystem /opt/ros/humble/include/action_msgs -isystem /opt/ros/humble/include/unique_identifier_msgs -isystem /opt/ros/humble/include/rosidl_typesupport_introspection_cpp -isystem /opt/ros/humble/include/rosidl_typesupport_introspection_c -fPIC -Wall -Wextra -Wpedantic -MD -MT CMakeFiles/uc1_robot_controllers_interfaces__rosidl_typesupport_introspection_cpp.dir/rosidl_typesupport_introspection_cpp/uc1_robot_controllers_interfaces/action/detail/move_robot__type_support.cpp.o -MF CMakeFiles/uc1_robot_controllers_interfaces__rosidl_typesupport_introspection_cpp.dir/rosidl_typesupport_introspection_cpp/uc1_robot_controllers_interfaces/action/detail/move_robot__type_support.cpp.o.d -o CMakeFiles/uc1_robot_controllers_interfaces__rosidl_typesupport_introspection_cpp.dir/rosidl_typesupport_introspection_cpp/uc1_robot_controllers_interfaces/action/detail/move_robot__type_support.cpp.o -c /home/maclab/Documents/ROS_WORKSPACES/WS_Master_Thesis/build/uc1_robot_controllers_interfaces/rosidl_typesupport_introspection_cpp/uc1_robot_controllers_interfaces/action/detail/move_robot__type_support.cpp
/usr/bin/c++ -DRCUTILS_ENABLE_FAULT_INJECTION -DROSIDL_TYPESUPPORT_INTROSPECTION_CPP_BUILDING_DLL -DROS_PACKAGE_NAME=\"uc1_robot_controllers_interfaces\" -I/home/maclab/Documents/ROS_WORKSPACES/WS_Master_Thesis/build/uc1_robot_controllers_interfaces/rosidl_typesupport_introspection_cpp -I/home/maclab/Documents/ROS_WORKSPACES/WS_Master_Thesis/src/uc1_robot_controllers_interfaces/include/uc1_robot_controllers_interfaces -I/home/maclab/Documents/ROS_WORKSPACES/WS_Master_Thesis/build/uc1_robot_controllers_interfaces/rosidl_generator_cpp -isystem /opt/ros/humble/include/geometry_msgs -isystem /opt/ros/humble/include/std_msgs -isystem /opt/ros/humble/include/builtin_interfaces -isystem /opt/ros/humble/include/rosidl_runtime_cpp -isystem /opt/ros/humble/include/rosidl_runtime_c -isystem /opt/ros/humble/include/rcutils -isystem /opt/ros/humble/include/rosidl_typesupport_interface -isystem /opt/ros/humble/include/action_msgs -isystem /opt/ros/humble/include/unique_identifier_msgs -isystem /opt/ros/humble/include/rosidl_typesupport_introspection_cpp -isystem /opt/ros/humble/include/rosidl_typesupport_introspection_c -fPIC -Wall -Wextra -Wpedantic -MD -MT CMakeFiles/uc1_robot_controllers_interfaces__rosidl_typesupport_introspection_cpp.dir/rosidl_typesupport_introspection_cpp/uc1_robot_controllers_interfaces/msg/detail/move_robot_point__type_support.cpp.o -MF CMakeFiles/uc1_robot_controllers_interfaces__rosidl_typesupport_introspection_cpp.dir/rosidl_typesupport_introspection_cpp/uc1_robot_controllers_interfaces/msg/detail/move_robot_point__type_support.cpp.o.d -o CMakeFiles/uc1_robot_controllers_interfaces__rosidl_typesupport_introspection_cpp.dir/rosidl_typesupport_introspection_cpp/uc1_robot_controllers_interfaces/msg/detail/move_robot_point__type_support.cpp.o -c /home/maclab/Documents/ROS_WORKSPACES/WS_Master_Thesis/build/uc1_robot_controllers_interfaces/rosidl_typesupport_introspection_cpp/uc1_robot_controllers_interfaces/msg/detail/move_robot_point__type_support.cpp
/usr/bin/c++ -DRCUTILS_ENABLE_FAULT_INJECTION -DROSIDL_TYPESUPPORT_INTROSPECTION_CPP_BUILDING_DLL -DROS_PACKAGE_NAME=\"uc1_robot_controllers_interfaces\" -I/home/maclab/Documents/ROS_WORKSPACES/WS_Master_Thesis/build/uc1_robot_controllers_interfaces/rosidl_typesupport_introspection_cpp -I/home/maclab/Documents/ROS_WORKSPACES/WS_Master_Thesis/src/uc1_robot_controllers_interfaces/include/uc1_robot_controllers_interfaces -I/home/maclab/Documents/ROS_WORKSPACES/WS_Master_Thesis/build/uc1_robot_controllers_interfaces/rosidl_generator_cpp -isystem /opt/ros/humble/include/geometry_msgs -isystem /opt/ros/humble/include/std_msgs -isystem /opt/ros/humble/include/builtin_interfaces -isystem /opt/ros/humble/include/rosidl_runtime_cpp -isystem /opt/ros/humble/include/rosidl_runtime_c -isystem /opt/ros/humble/include/rcutils -isystem /opt/ros/humble/include/rosidl_typesupport_interface -isystem /opt/ros/humble/include/action_msgs -isystem /opt/ros/humble/include/unique_identifier_msgs -isystem /opt/ros/humble/include/rosidl_typesupport_introspection_cpp -isystem /opt/ros/humble/include/rosidl_typesupport_introspection_c -fPIC -Wall -Wextra -Wpedantic -MD -MT CMakeFiles/uc1_robot_controllers_interfaces__rosidl_typesupport_introspection_cpp.dir/rosidl_typesupport_introspection_cpp/uc1_robot_controllers_interfaces/msg/detail/move_robot_goal__type_support.cpp.o -MF CMakeFiles/uc1_robot_controllers_interfaces__rosidl_typesupport_introspection_cpp.dir/rosidl_typesupport_introspection_cpp/uc1_robot_controllers_interfaces/msg/detail/move_robot_goal__type_support.cpp.o.d -o CMakeFiles/uc1_robot_controllers_interfaces__rosidl_typesupport_introspection_cpp.dir/rosidl_typesupport_introspection_cpp/uc1_robot_controllers_interfaces/msg/detail/move_robot_goal__type_support.cpp.o -c /home/maclab/Documents/ROS_WORKSPACES/WS_Master_Thesis/build/uc1_robot_controllers_interfaces/rosidl_typesupport_introspection_cpp/uc1_robot_controllers_interfaces/msg/detail/move_robot_goal__type_support.cpp
[ 21%] [32mBuilding CXX object CMakeFiles/uc1_robot_controllers_interfaces__rosidl_typesupport_cpp.dir/rosidl_typesupport_cpp/uc1_robot_controllers_interfaces/action/move_robot__type_support.cpp.o[0m
[ 21%] [32mBuilding CXX object CMakeFiles/uc1_robot_controllers_interfaces__rosidl_typesupport_cpp.dir/rosidl_typesupport_cpp/uc1_robot_controllers_interfaces/action/move_robot_tp__type_support.cpp.o[0m
[ 23%] [32mBuilding CXX object CMakeFiles/uc1_robot_controllers_interfaces__rosidl_typesupport_cpp.dir/rosidl_typesupport_cpp/uc1_robot_controllers_interfaces/msg/move_robot_point__type_support.cpp.o[0m
[ 24%] [32mBuilding CXX object CMakeFiles/uc1_robot_controllers_interfaces__rosidl_typesupport_cpp.dir/rosidl_typesupport_cpp/uc1_robot_controllers_interfaces/msg/move_robot_orient__type_support.cpp.o[0m
[ 26%] [32mBuilding CXX object CMakeFiles/uc1_robot_controllers_interfaces__rosidl_typesupport_cpp.dir/rosidl_typesupport_cpp/uc1_robot_controllers_interfaces/msg/move_robot_goal__type_support.cpp.o[0m
/usr/bin/c++ -DRCUTILS_ENABLE_FAULT_INJECTION -DROSIDL_TYPESUPPORT_CPP_BUILDING_DLL -DROS_PACKAGE_NAME=\"uc1_robot_controllers_interfaces\" -I/home/maclab/Documents/ROS_WORKSPACES/WS_Master_Thesis/src/uc1_robot_controllers_interfaces/include/uc1_robot_controllers_interfaces -I/home/maclab/Documents/ROS_WORKSPACES/WS_Master_Thesis/build/uc1_robot_controllers_interfaces/rosidl_generator_cpp -isystem /opt/ros/humble/include/geometry_msgs -isystem /opt/ros/humble/include/std_msgs -isystem /opt/ros/humble/include/builtin_interfaces -isystem /opt/ros/humble/include/rosidl_runtime_cpp -isystem /opt/ros/humble/include/rosidl_runtime_c -isystem /opt/ros/humble/include/rcutils -isystem /opt/ros/humble/include/rosidl_typesupport_interface -isystem /opt/ros/humble/include/action_msgs -isystem /opt/ros/humble/include/unique_identifier_msgs -isystem /opt/ros/humble/include/rosidl_typesupport_cpp -isystem /opt/ros/humble/include/rosidl_typesupport_c -fPIC -Wall -Wextra -Wpedantic -std=gnu++14 -MD -MT CMakeFiles/uc1_robot_controllers_interfaces__rosidl_typesupport_cpp.dir/rosidl_typesupport_cpp/uc1_robot_controllers_interfaces/action/move_robot__type_support.cpp.o -MF CMakeFiles/uc1_robot_controllers_interfaces__rosidl_typesupport_cpp.dir/rosidl_typesupport_cpp/uc1_robot_controllers_interfaces/action/move_robot__type_support.cpp.o.d -o CMakeFiles/uc1_robot_controllers_interfaces__rosidl_typesupport_cpp.dir/rosidl_typesupport_cpp/uc1_robot_controllers_interfaces/action/move_robot__type_support.cpp.o -c /home/maclab/Documents/ROS_WORKSPACES/WS_Master_Thesis/build/uc1_robot_controllers_interfaces/rosidl_typesupport_cpp/uc1_robot_controllers_interfaces/action/move_robot__type_support.cpp
/usr/bin/c++ -DRCUTILS_ENABLE_FAULT_INJECTION -DROSIDL_TYPESUPPORT_CPP_BUILDING_DLL -DROS_PACKAGE_NAME=\"uc1_robot_controllers_interfaces\" -I/home/maclab/Documents/ROS_WORKSPACES/WS_Master_Thesis/src/uc1_robot_controllers_interfaces/include/uc1_robot_controllers_interfaces -I/home/maclab/Documents/ROS_WORKSPACES/WS_Master_Thesis/build/uc1_robot_controllers_interfaces/rosidl_generator_cpp -isystem /opt/ros/humble/include/geometry_msgs -isystem /opt/ros/humble/include/std_msgs -isystem /opt/ros/humble/include/builtin_interfaces -isystem /opt/ros/humble/include/rosidl_runtime_cpp -isystem /opt/ros/humble/include/rosidl_runtime_c -isystem /opt/ros/humble/include/rcutils -isystem /opt/ros/humble/include/rosidl_typesupport_interface -isystem /opt/ros/humble/include/action_msgs -isystem /opt/ros/humble/include/unique_identifier_msgs -isystem /opt/ros/humble/include/rosidl_typesupport_cpp -isystem /opt/ros/humble/include/rosidl_typesupport_c -fPIC -Wall -Wextra -Wpedantic -std=gnu++14 -MD -MT CMakeFiles/uc1_robot_controllers_interfaces__rosidl_typesupport_cpp.dir/rosidl_typesupport_cpp/uc1_robot_controllers_interfaces/action/move_robot_tp__type_support.cpp.o -MF CMakeFiles/uc1_robot_controllers_interfaces__rosidl_typesupport_cpp.dir/rosidl_typesupport_cpp/uc1_robot_controllers_interfaces/action/move_robot_tp__type_support.cpp.o.d -o CMakeFiles/uc1_robot_controllers_interfaces__rosidl_typesupport_cpp.dir/rosidl_typesupport_cpp/uc1_robot_controllers_interfaces/action/move_robot_tp__type_support.cpp.o -c /home/maclab/Documents/ROS_WORKSPACES/WS_Master_Thesis/build/uc1_robot_controllers_interfaces/rosidl_typesupport_cpp/uc1_robot_controllers_interfaces/action/move_robot_tp__type_support.cpp
/usr/bin/c++ -DRCUTILS_ENABLE_FAULT_INJECTION -DROSIDL_TYPESUPPORT_CPP_BUILDING_DLL -DROS_PACKAGE_NAME=\"uc1_robot_controllers_interfaces\" -I/home/maclab/Documents/ROS_WORKSPACES/WS_Master_Thesis/src/uc1_robot_controllers_interfaces/include/uc1_robot_controllers_interfaces -I/home/maclab/Documents/ROS_WORKSPACES/WS_Master_Thesis/build/uc1_robot_controllers_interfaces/rosidl_generator_cpp -isystem /opt/ros/humble/include/geometry_msgs -isystem /opt/ros/humble/include/std_msgs -isystem /opt/ros/humble/include/builtin_interfaces -isystem /opt/ros/humble/include/rosidl_runtime_cpp -isystem /opt/ros/humble/include/rosidl_runtime_c -isystem /opt/ros/humble/include/rcutils -isystem /opt/ros/humble/include/rosidl_typesupport_interface -isystem /opt/ros/humble/include/action_msgs -isystem /opt/ros/humble/include/unique_identifier_msgs -isystem /opt/ros/humble/include/rosidl_typesupport_cpp -isystem /opt/ros/humble/include/rosidl_typesupport_c -fPIC -Wall -Wextra -Wpedantic -std=gnu++14 -MD -MT CMakeFiles/uc1_robot_controllers_interfaces__rosidl_typesupport_cpp.dir/rosidl_typesupport_cpp/uc1_robot_controllers_interfaces/msg/move_robot_point__type_support.cpp.o -MF CMakeFiles/uc1_robot_controllers_interfaces__rosidl_typesupport_cpp.dir/rosidl_typesupport_cpp/uc1_robot_controllers_interfaces/msg/move_robot_point__type_support.cpp.o.d -o CMakeFiles/uc1_robot_controllers_interfaces__rosidl_typesupport_cpp.dir/rosidl_typesupport_cpp/uc1_robot_controllers_interfaces/msg/move_robot_point__type_support.cpp.o -c /home/maclab/Documents/ROS_WORKSPACES/WS_Master_Thesis/build/uc1_robot_controllers_interfaces/rosidl_typesupport_cpp/uc1_robot_controllers_interfaces/msg/move_robot_point__type_support.cpp
/usr/bin/c++ -DRCUTILS_ENABLE_FAULT_INJECTION -DROSIDL_TYPESUPPORT_CPP_BUILDING_DLL -DROS_PACKAGE_NAME=\"uc1_robot_controllers_interfaces\" -I/home/maclab/Documents/ROS_WORKSPACES/WS_Master_Thesis/src/uc1_robot_controllers_interfaces/include/uc1_robot_controllers_interfaces -I/home/maclab/Documents/ROS_WORKSPACES/WS_Master_Thesis/build/uc1_robot_controllers_interfaces/rosidl_generator_cpp -isystem /opt/ros/humble/include/geometry_msgs -isystem /opt/ros/humble/include/std_msgs -isystem /opt/ros/humble/include/builtin_interfaces -isystem /opt/ros/humble/include/rosidl_runtime_cpp -isystem /opt/ros/humble/include/rosidl_runtime_c -isystem /opt/ros/humble/include/rcutils -isystem /opt/ros/humble/include/rosidl_typesupport_interface -isystem /opt/ros/humble/include/action_msgs -isystem /opt/ros/humble/include/unique_identifier_msgs -isystem /opt/ros/humble/include/rosidl_typesupport_cpp -isystem /opt/ros/humble/include/rosidl_typesupport_c -fPIC -Wall -Wextra -Wpedantic -std=gnu++14 -MD -MT CMakeFiles/uc1_robot_controllers_interfaces__rosidl_typesupport_cpp.dir/rosidl_typesupport_cpp/uc1_robot_controllers_interfaces/msg/move_robot_orient__type_support.cpp.o -MF CMakeFiles/uc1_robot_controllers_interfaces__rosidl_typesupport_cpp.dir/rosidl_typesupport_cpp/uc1_robot_controllers_interfaces/msg/move_robot_orient__type_support.cpp.o.d -o CMakeFiles/uc1_robot_controllers_interfaces__rosidl_typesupport_cpp.dir/rosidl_typesupport_cpp/uc1_robot_controllers_interfaces/msg/move_robot_orient__type_support.cpp.o -c /home/maclab/Documents/ROS_WORKSPACES/WS_Master_Thesis/build/uc1_robot_controllers_interfaces/rosidl_typesupport_cpp/uc1_robot_controllers_interfaces/msg/move_robot_orient__type_support.cpp
/usr/bin/c++ -DRCUTILS_ENABLE_FAULT_INJECTION -DROSIDL_TYPESUPPORT_CPP_BUILDING_DLL -DROS_PACKAGE_NAME=\"uc1_robot_controllers_interfaces\" -I/home/maclab/Documents/ROS_WORKSPACES/WS_Master_Thesis/src/uc1_robot_controllers_interfaces/include/uc1_robot_controllers_interfaces -I/home/maclab/Documents/ROS_WORKSPACES/WS_Master_Thesis/build/uc1_robot_controllers_interfaces/rosidl_generator_cpp -isystem /opt/ros/humble/include/geometry_msgs -isystem /opt/ros/humble/include/std_msgs -isystem /opt/ros/humble/include/builtin_interfaces -isystem /opt/ros/humble/include/rosidl_runtime_cpp -isystem /opt/ros/humble/include/rosidl_runtime_c -isystem /opt/ros/humble/include/rcutils -isystem /opt/ros/humble/include/rosidl_typesupport_interface -isystem /opt/ros/humble/include/action_msgs -isystem /opt/ros/humble/include/unique_identifier_msgs -isystem /opt/ros/humble/include/rosidl_typesupport_cpp -isystem /opt/ros/humble/include/rosidl_typesupport_c -fPIC -Wall -Wextra -Wpedantic -std=gnu++14 -MD -MT CMakeFiles/uc1_robot_controllers_interfaces__rosidl_typesupport_cpp.dir/rosidl_typesupport_cpp/uc1_robot_controllers_interfaces/msg/move_robot_goal__type_support.cpp.o -MF CMakeFiles/uc1_robot_controllers_interfaces__rosidl_typesupport_cpp.dir/rosidl_typesupport_cpp/uc1_robot_controllers_interfaces/msg/move_robot_goal__type_support.cpp.o.d -o CMakeFiles/uc1_robot_controllers_interfaces__rosidl_typesupport_cpp.dir/rosidl_typesupport_cpp/uc1_robot_controllers_interfaces/msg/move_robot_goal__type_support.cpp.o -c /home/maclab/Documents/ROS_WORKSPACES/WS_Master_Thesis/build/uc1_robot_controllers_interfaces/rosidl_typesupport_cpp/uc1_robot_controllers_interfaces/msg/move_robot_goal__type_support.cpp
[ 27%] [32mBuilding CXX object CMakeFiles/uc1_robot_controllers_interfaces__rosidl_typesupport_fastrtps_cpp.dir/rosidl_typesupport_fastrtps_cpp/uc1_robot_controllers_interfaces/msg/detail/dds_fastrtps/move_robot_orient__type_support.cpp.o[0m
/usr/bin/c++ -DRCUTILS_ENABLE_FAULT_INJECTION -DROSIDL_TYPESUPPORT_FASTRTPS_CPP_BUILDING_DLL_uc1_robot_controllers_interfaces -DROS_PACKAGE_NAME=\"uc1_robot_controllers_interfaces\" -I/home/maclab/Documents/ROS_WORKSPACES/WS_Master_Thesis/build/uc1_robot_controllers_interfaces/rosidl_typesupport_fastrtps_cpp -I/home/maclab/Documents/ROS_WORKSPACES/WS_Master_Thesis/src/uc1_robot_controllers_interfaces/include/uc1_robot_controllers_interfaces -I/home/maclab/Documents/ROS_WORKSPACES/WS_Master_Thesis/build/uc1_robot_controllers_interfaces/rosidl_generator_cpp -isystem /opt/ros/humble/include/fastcdr -isystem /opt/ros/humble/include/rmw -isystem /opt/ros/humble/include/rcutils -isystem /opt/ros/humble/include/rosidl_runtime_c -isystem /opt/ros/humble/include/rosidl_typesupport_interface -isystem /opt/ros/humble/include/rosidl_runtime_cpp -isystem /opt/ros/humble/include/rosidl_typesupport_fastrtps_cpp -isystem /opt/ros/humble/include/geometry_msgs -isystem /opt/ros/humble/include/std_msgs -isystem /opt/ros/humble/include/builtin_interfaces -isystem /opt/ros/humble/include/action_msgs -isystem /opt/ros/humble/include/unique_identifier_msgs -fPIC -Wall -Wextra -Wpedantic -Wredundant-decls -std=gnu++14 -MD -MT CMakeFiles/uc1_robot_controllers_interfaces__rosidl_typesupport_fastrtps_cpp.dir/rosidl_typesupport_fastrtps_cpp/uc1_robot_controllers_interfaces/msg/detail/dds_fastrtps/move_robot_orient__type_support.cpp.o -MF CMakeFiles/uc1_robot_controllers_interfaces__rosidl_typesupport_fastrtps_cpp.dir/rosidl_typesupport_fastrtps_cpp/uc1_robot_controllers_interfaces/msg/detail/dds_fastrtps/move_robot_orient__type_support.cpp.o.d -o CMakeFiles/uc1_robot_controllers_interfaces__rosidl_typesupport_fastrtps_cpp.dir/rosidl_typesupport_fastrtps_cpp/uc1_robot_controllers_interfaces/msg/detail/dds_fastrtps/move_robot_orient__type_support.cpp.o -c /home/maclab/Documents/ROS_WORKSPACES/WS_Master_Thesis/build/uc1_robot_controllers_interfaces/rosidl_typesupport_fastrtps_cpp/uc1_robot_controllers_interfaces/msg/detail/dds_fastrtps/move_robot_orient__type_support.cpp
[ 29%] [32mBuilding CXX object CMakeFiles/uc1_robot_controllers_interfaces__rosidl_typesupport_fastrtps_cpp.dir/rosidl_typesupport_fastrtps_cpp/uc1_robot_controllers_interfaces/msg/detail/dds_fastrtps/move_robot_goal__type_support.cpp.o[0m
[ 32%] [32mBuilding CXX object CMakeFiles/uc1_robot_controllers_interfaces__rosidl_typesupport_fastrtps_cpp.dir/rosidl_typesupport_fastrtps_cpp/uc1_robot_controllers_interfaces/action/detail/dds_fastrtps/move_robot_tp__type_support.cpp.o[0m
[ 32%] [32mBuilding CXX object CMakeFiles/uc1_robot_controllers_interfaces__rosidl_typesupport_fastrtps_cpp.dir/rosidl_typesupport_fastrtps_cpp/uc1_robot_controllers_interfaces/action/detail/dds_fastrtps/move_robot__type_support.cpp.o[0m
/usr/bin/c++ -DRCUTILS_ENABLE_FAULT_INJECTION -DROSIDL_TYPESUPPORT_FASTRTPS_CPP_BUILDING_DLL_uc1_robot_controllers_interfaces -DROS_PACKAGE_NAME=\"uc1_robot_controllers_interfaces\" -I/home/maclab/Documents/ROS_WORKSPACES/WS_Master_Thesis/build/uc1_robot_controllers_interfaces/rosidl_typesupport_fastrtps_cpp -I/home/maclab/Documents/ROS_WORKSPACES/WS_Master_Thesis/src/uc1_robot_controllers_interfaces/include/uc1_robot_controllers_interfaces -I/home/maclab/Documents/ROS_WORKSPACES/WS_Master_Thesis/build/uc1_robot_controllers_interfaces/rosidl_generator_cpp -isystem /opt/ros/humble/include/fastcdr -isystem /opt/ros/humble/include/rmw -isystem /opt/ros/humble/include/rcutils -isystem /opt/ros/humble/include/rosidl_runtime_c -isystem /opt/ros/humble/include/rosidl_typesupport_interface -isystem /opt/ros/humble/include/rosidl_runtime_cpp -isystem /opt/ros/humble/include/rosidl_typesupport_fastrtps_cpp -isystem /opt/ros/humble/include/geometry_msgs -isystem /opt/ros/humble/include/std_msgs -isystem /opt/ros/humble/[ 33%] [32mBuilding CXX object CMakeFiles/uc1_robot_controllers_interfaces__rosidl_typesupport_fastrtps_cpp.dir/rosidl_typesupport_fastrtps_cpp/uc1_robot_controllers_interfaces/msg/detail/dds_fastrtps/move_robot_point__type_support.cpp.o[0m
include/builtin_interfaces -isystem /opt/ros/humble/include/action_msgs -isystem /opt/ros/humble/include/unique_identifier_msgs -fPIC -Wall -Wextra -Wpedantic -Wredundant-decls -std=gnu++14 -MD -MT CMakeFiles/uc1_robot_controllers_interfaces__rosidl_typesupport_fastrtps_cpp.dir/rosidl_typesupport_fastrtps_cpp/uc1_robot_controllers_interfaces/msg/detail/dds_fastrtps/move_robot_goal__type_support.cpp.o -MF CMakeFiles/uc1_robot_controllers_interfaces__rosidl_typesupport_fastrtps_cpp.dir/rosidl_typesupport_fastrtps_cpp/uc1_robot_controllers_interfaces/msg/detail/dds_fastrtps/move_robot_goal__type_support.cpp.o.d -o CMakeFiles/uc1_robot_controllers_interfaces__rosidl_typesupport_fastrtps_cpp.dir/rosidl_typesupport_fastrtps_cpp/uc1_robot_controllers_interfaces/msg/detail/dds_fastrtps/move_robot_goal__type_support.cpp.o -c /home/maclab/Documents/ROS_WORKSPACES/WS_Master_Thesis/build/uc1_robot_controllers_interfaces/rosidl_typesupport_fastrtps_cpp/uc1_robot_controllers_interfaces/msg/detail/dds_fastrtps/move_robot_goal__type_support.cpp
/usr/bin/c++ -DRCUTILS_ENABLE_FAULT_INJECTION -DROSIDL_TYPESUPPORT_FASTRTPS_CPP_BUILDING_DLL_uc1_robot_controllers_interfaces -DROS_PACKAGE_NAME=\"uc1_robot_controllers_interfaces\" -I/home/maclab/Documents/ROS_WORKSPACES/WS_Master_Thesis/build/uc1_robot_controllers_interfaces/rosidl_typesupport_fastrtps_cpp -I/home/maclab/Documents/ROS_WORKSPACES/WS_Master_Thesis/src/uc1_robot_controllers_interfaces/include/uc1_robot_controllers_interfaces -I/home/maclab/Documents/ROS_WORKSPACES/WS_Master_Thesis/build/uc1_robot_controllers_interfaces/rosidl_generator_cpp -isystem /opt/ros/humble/include/fastcdr -isystem /opt/ros/humble/include/rmw -isystem /opt/ros/humble/include/rcutils -isystem /opt/ros/humble/include/rosidl_runtime_c -isystem /opt/ros/humble/include/rosidl_typesupport_interface -isystem /opt/ros/humble/include/rosidl_runtime_cpp -isystem /opt/ros/humble/include/rosidl_typesupport_fastrtps_cpp -isystem /opt/ros/humble/include/geometry_msgs -isystem /opt/ros/humble/include/std_msgs -isystem /opt/ros/humble/include/builtin_interfaces -isystem /opt/ros/humble/include/action_msgs -isystem /opt/ros/humble/include/unique_identifier_msgs -fPIC -Wall -Wextra -Wpedantic -Wredundant-decls -std=gnu++14 -MD -MT CMakeFiles/uc1_robot_controllers_interfaces__rosidl_typesupport_fastrtps_cpp.dir/rosidl_typesupport_fastrtps_cpp/uc1_robot_controllers_interfaces/action/detail/dds_fastrtps/move_robot_tp__type_support.cpp.o -MF CMakeFiles/uc1_robot_controllers_interfaces__rosidl_typesupport_fastrtps_cpp.dir/rosidl_typesupport_fastrtps_cpp/uc1_robot_controllers_interfaces/action/detail/dds_fastrtps/move_robot_tp__type_support.cpp.o.d -o CMakeFiles/uc1_robot_controllers_interfaces__rosidl_typesupport_fastrtps_cpp.dir/rosidl_typesupport_fastrtps_cpp/uc1_robot_controllers_interfaces/action/detail/dds_fastrtps/move_robot_tp__type_support.cpp.o -c /home/maclab/Documents/ROS_WORKSPACES/WS_Master_Thesis/build/uc1_robot_controllers_interfaces/rosidl_typesupport_fastrtps_cpp/uc1_robot_controllers_interfaces/action/detail/dds_fastrtps/move_robot_tp__type_support.cpp
/usr/bin/c++ -DRCUTILS_ENABLE_FAULT_INJECTION -DROSIDL_TYPESUPPORT_FASTRTPS_CPP_BUILDING_DLL_uc1_robot_controllers_interfaces -DROS_PACKAGE_NAME=\"uc1_robot_controllers_interfaces\" -I/home/maclab/Documents/ROS_WORKSPACES/WS_Master_Thesis/build/uc1_robot_controllers_interfaces/rosidl_typesupport_fastrtps_cpp -I/home/maclab/Documents/ROS_WORKSPACES/WS_Master_Thesis/src/uc1_robot_controllers_interfaces/include/uc1_robot_controllers_interfaces -I/home/maclab/Documents/ROS_WORKSPACES/WS_Master_Thesis/build/uc1_robot_controllers_interfaces/rosidl_generator_cpp -isystem /opt/ros/humble/include/fastcdr -isystem /opt/ros/humble/include/rmw -isystem /opt/ros/humble/include/rcutils -isystem /opt/ros/humble/include/rosidl_runtime_c -isystem /opt/ros/humble/include/rosidl_typesupport_interface -isystem /opt/ros/humble/include/rosidl_runtime_cpp -isystem /opt/ros/humble/include/rosidl_typesupport_fastrtps_cpp -isystem /opt/ros/humble/include/geometry_msgs -isystem /opt/ros/humble/include/std_msgs -isystem /opt/ros/humble/include/builtin_interfaces -isystem /opt/ros/humble/include/action_msgs -isystem /opt/ros/humble/include/unique_identifier_msgs -fPIC -Wall -Wextra -Wpedantic -Wredundant-decls -std=gnu++14 -MD -MT CMakeFiles/uc1_robot_controllers_interfaces__rosidl_typesupport_fastrtps_cpp.dir/rosidl_typesupport_fastrtps_cpp/uc1_robot_controllers_interfaces/action/detail/dds_fastrtps/move_robot__type_support.cpp.o -MF CMakeFiles/uc1_robot_controllers_interfaces__rosidl_typesupport_fastrtps_cpp.dir/rosidl_typesupport_fastrtps_cpp/uc1_robot_controllers_interfaces/action/detail/dds_fastrtps/move_robot__type_support.cpp.o.d -o CMakeFiles/uc1_robot_controllers_interfaces__rosidl_typesupport_fastrtps_cpp.dir/rosidl_typesupport_fastrtps_cpp/uc1_robot_controllers_interfaces/action/detail/dds_fastrtps/move_robot__type_support.cpp.o -c /home/maclab/Documents/ROS_WORKSPACES/WS_Master_Thesis/build/uc1_robot_controllers_interfaces/rosidl_typesupport_fastrtps_cpp/uc1_robot_controllers_interfaces/action/detail/dds_fastrtps/move_robot__type_support.cpp
/usr/bin/c++ -DRCUTILS_ENABLE_FAULT_INJECTION -DROSIDL_TYPESUPPORT_FASTRTPS_CPP_BUILDING_DLL_uc1_robot_controllers_interfaces -DROS_PACKAGE_NAME=\"uc1_robot_controllers_interfaces\" -I/home/maclab/Documents/ROS_WORKSPACES/WS_Master_Thesis/build/uc1_robot_controllers_interfaces/rosidl_typesupport_fastrtps_cpp -I/home/maclab/Documents/ROS_WORKSPACES/WS_Master_Thesis/src/uc1_robot_controllers_interfaces/include/uc1_robot_controllers_interfaces -I/home/maclab/Documents/ROS_WORKSPACES/WS_Master_Thesis/build/uc1_robot_controllers_interfaces/rosidl_generator_cpp -isystem /opt/ros/humble/include/fastcdr -isystem /opt/ros/humble/include/rmw -isystem /opt/ros/humble/include/rcutils -isystem /opt/ros/humble/include/rosidl_runtime_c -isystem /opt/ros/humble/include/rosidl_typesupport_interface -isystem /opt/ros/humble/include/rosidl_runtime_cpp -isystem /opt/ros/humble/include/rosidl_typesupport_fastrtps_cpp -isystem /opt/ros/humble/include/geometry_msgs -isystem /opt/ros/humble/include/std_msgs -isystem /opt/ros/humble/include/builtin_interfaces -isystem /opt/ros/humble/include/action_msgs -isystem /opt/ros/humble/include/unique_identifier_msgs -fPIC -Wall -Wextra -Wpedantic -Wredundant-decls -std=gnu++14 -MD -MT CMakeFiles/uc1_robot_controllers_interfaces__rosidl_typesupport_fastrtps_cpp.dir/rosidl_typesupport_fastrtps_cpp/uc1_robot_controllers_interfaces/msg/detail/dds_fastrtps/move_robot_point__type_support.cpp.o -MF CMakeFiles/uc1_robot_controllers_interfaces__rosidl_typesupport_fastrtps_cpp.dir/rosidl_typesupport_fastrtps_cpp/uc1_robot_controllers_interfaces/msg/detail/dds_fastrtps/move_robot_point__type_support.cpp.o.d -o CMakeFiles/uc1_robot_controllers_interfaces__rosidl_typesupport_fastrtps_cpp.dir/rosidl_typesupport_fastrtps_cpp/uc1_robot_controllers_interfaces/msg/detail/dds_fastrtps/move_robot_point__type_support.cpp.o -c /home/maclab/Documents/ROS_WORKSPACES/WS_Master_Thesis/build/uc1_robot_controllers_interfaces/rosidl_typesupport_fastrtps_cpp/uc1_robot_controllers_interfaces/msg/detail/dds_fastrtps/move_robot_point__type_support.cpp
[ 35%] [32m[1mLinking C shared library libuc1_robot_controllers_interfaces__rosidl_generator_c.so[0m
/usr/bin/cmake -E cmake_link_script CMakeFiles/uc1_robot_controllers_interfaces__rosidl_generator_c.dir/link.txt --verbose=1
running egg_info
writing uc1_robot_controllers_interfaces.egg-info/PKG-INFO
writing dependency_links to uc1_robot_controllers_interfaces.egg-info/dependency_links.txt
writing top-level names to uc1_robot_controllers_interfaces.egg-info/top_level.txt
reading manifest file 'uc1_robot_controllers_interfaces.egg-info/SOURCES.txt'
writing manifest file 'uc1_robot_controllers_interfaces.egg-info/SOURCES.txt'
/usr/bin/cc -fPIC -shared -Wl,-soname,libuc1_robot_controllers_interfaces__rosidl_generator_c.so -o libuc1_robot_controllers_interfaces__rosidl_generator_c.so CMakeFiles/uc1_robot_controllers_interfaces__rosidl_generator_c.dir/rosidl_generator_c/uc1_robot_controllers_interfaces/action/detail/move_robot__functions.c.o CMakeFiles/uc1_robot_controllers_interfaces__rosidl_generator_c.dir/rosidl_generator_c/uc1_robot_controllers_interfaces/action/detail/move_robot_tp__functions.c.o CMakeFiles/uc1_robot_controllers_interfaces__rosidl_generator_c.dir/rosidl_generator_c/uc1_robot_controllers_interfaces/msg/detail/move_robot_point__functions.c.o CMakeFiles/uc1_robot_controllers_interfaces__rosidl_generator_c.dir/rosidl_generator_c/uc1_robot_controllers_interfaces/msg/detail/move_robot_orient__functions.c.o CMakeFiles/uc1_robot_controllers_interfaces__rosidl_generator_c.dir/rosidl_generator_c/uc1_robot_controllers_interfaces/msg/detail/move_robot_goal__functions.c.o  -Wl,-rpath,/opt/ros/humble/lib: /opt/ros/humble/lib/libgeometry_msgs__rosidl_generator_c.so /opt/ros/humble/lib/libstd_msgs__rosidl_generator_c.so /opt/ros/humble/lib/libaction_msgs__rosidl_generator_c.so /opt/ros/humble/lib/libunique_identifier_msgs__rosidl_generator_c.so /opt/ros/humble/lib/libbuiltin_interfaces__rosidl_generator_c.so /opt/ros/humble/lib/librosidl_runtime_c.so /opt/ros/humble/lib/librcutils.so -ldl 
gmake[2]: Leaving directory '/home/maclab/Documents/ROS_WORKSPACES/WS_Master_Thesis/build/uc1_robot_controllers_interfaces'
[ 35%] Built target ament_cmake_python_build_uc1_robot_controllers_interfaces_egg
gmake[2]: Leaving directory '/home/maclab/Documents/ROS_WORKSPACES/WS_Master_Thesis/build/uc1_robot_controllers_interfaces'
[ 36%] Built target uc1_robot_controllers_interfaces__rosidl_generator_c
/usr/bin/gmake  -f CMakeFiles/uc1_robot_controllers_interfaces__rosidl_typesupport_fastrtps_c.dir/build.make CMakeFiles/uc1_robot_controllers_interfaces__rosidl_typesupport_fastrtps_c.dir/depend
/usr/bin/gmake  -f CMakeFiles/uc1_robot_controllers_interfaces__rosidl_typesupport_introspection_c.dir/build.make CMakeFiles/uc1_robot_controllers_interfaces__rosidl_typesupport_introspection_c.dir/depend
/usr/bin/gmake  -f CMakeFiles/uc1_robot_controllers_interfaces__rosidl_typesupport_c.dir/build.make CMakeFiles/uc1_robot_controllers_interfaces__rosidl_typesupport_c.dir/depend
gmake[2]: Entering directory '/home/maclab/Documents/ROS_WORKSPACES/WS_Master_Thesis/build/uc1_robot_controllers_interfaces'
cd /home/maclab/Documents/ROS_WORKSPACES/WS_Master_Thesis/build/uc1_robot_controllers_interfaces && /usr/bin/cmake -E cmake_depends "Unix Makefiles" /home/maclab/Documents/ROS_WORKSPACES/WS_Master_Thesis/src/uc1_robot_controllers_interfaces /home/maclab/Documents/ROS_WORKSPACES/WS_Master_Thesis/src/uc1_robot_controllers_interfaces /home/maclab/Documents/ROS_WORKSPACES/WS_Master_Thesis/build/uc1_robot_controllers_interfaces /home/maclab/Documents/ROS_WORKSPACES/WS_Master_Thesis/build/uc1_robot_controllers_interfaces /home/maclab/Documents/ROS_WORKSPACES/WS_Master_Thesis/build/uc1_robot_controllers_interfaces/CMakeFiles/uc1_robot_controllers_interfaces__rosidl_typesupport_c.dir/DependInfo.cmake --color=
gmake[2]: Entering directory '/home/maclab/Documents/ROS_WORKSPACES/WS_Master_Thesis/build/uc1_robot_controllers_interfaces'
cd /home/maclab/Documents/ROS_WORKSPACES/WS_Master_Thesis/build/uc1_robot_controllers_interfaces && /usr/bin/cmake -E cmake_depends "Unix Makefiles" /home/maclab/Documents/ROS_WORKSPACES/WS_Master_Thesis/src/uc1_robot_controllers_interfaces /home/maclab/Documents/ROS_WORKSPACES/WS_Master_Thesis/src/uc1_robot_controllers_interfaces /home/maclab/Documents/ROS_WORKSPACES/WS_Master_Thesis/build/uc1_robot_controllers_interfaces /home/maclab/Documents/ROS_WORKSPACES/WS_Master_Thesis/build/uc1_robot_controllers_interfaces /home/maclab/Documents/ROS_WORKSPACES/WS_Master_Thesis/build/uc1_robot_controllers_interfaces/CMakeFiles/uc1_robot_controllers_interfaces__rosidl_typesupport_fastrtps_c.dir/DependInfo.cmake --color=
gmake[2]: Entering directory '/home/maclab/Documents/ROS_WORKSPACES/WS_Master_Thesis/build/uc1_robot_controllers_interfaces'
cd /home/maclab/Documents/ROS_WORKSPACES/WS_Master_Thesis/build/uc1_robot_controllers_interfaces && /usr/bin/cmake -E cmake_depends "Unix Makefiles" /home/maclab/Documents/ROS_WORKSPACES/WS_Master_Thesis/src/uc1_robot_controllers_interfaces /home/maclab/Documents/ROS_WORKSPACES/WS_Master_Thesis/src/uc1_robot_controllers_interfaces /home/maclab/Documents/ROS_WORKSPACES/WS_Master_Thesis/build/uc1_robot_controllers_interfaces /home/maclab/Documents/ROS_WORKSPACES/WS_Master_Thesis/build/uc1_robot_controllers_interfaces /home/maclab/Documents/ROS_WORKSPACES/WS_Master_Thesis/build/uc1_robot_controllers_interfaces/CMakeFiles/uc1_robot_controllers_interfaces__rosidl_typesupport_introspection_c.dir/DependInfo.cmake --color=
Dependencies file "CMakeFiles/uc1_robot_controllers_interfaces__rosidl_typesupport_fastrtps_c.dir/rosidl_typesupport_fastrtps_c/uc1_robot_controllers_interfaces/action/detail/move_robot__type_support_c.cpp.o.d" is newer than depends file "/home/maclab/Documents/ROS_WORKSPACES/WS_Master_Thesis/build/uc1_robot_controllers_interfaces/CMakeFiles/uc1_robot_controllers_interfaces__rosidl_typesupport_fastrtps_c.dir/compiler_depend.internal".
Dependencies file "CMakeFiles/uc1_robot_controllers_interfaces__rosidl_typesupport_fastrtps_c.dir/rosidl_typesupport_fastrtps_c/uc1_robot_controllers_interfaces/action/detail/move_robot_tp__type_support_c.cpp.o.d" is newer than depends file "/home/maclab/Documents/ROS_WORKSPACES/WS_Master_Thesis/build/uc1_robot_controllers_interfaces/CMakeFiles/uc1_robot_controllers_interfaces__rosidl_typesupport_fastrtps_c.dir/compiler_depend.internal".
Dependencies file "CMakeFiles/uc1_robot_controllers_interfaces__rosidl_typesupport_fastrtps_c.dir/rosidl_typesupport_fastrtps_c/uc1_robot_controllers_interfaces/msg/detail/move_robot_goal__type_support_c.cpp.o.d" is newer than depends file "/home/maclab/Documents/ROS_WORKSPACES/WS_Master_Thesis/build/uc1_robot_controllers_interfaces/CMakeFiles/uc1_robot_controllers_interfaces__rosidl_typesupport_fastrtps_c.dir/compiler_depend.internal".
Dependencies file "CMakeFiles/uc1_robot_controllers_interfaces__rosidl_typesupport_fastrtps_c.dir/rosidl_typesupport_fastrtps_c/uc1_robot_controllers_interfaces/msg/detail/move_robot_orient__type_support_c.cpp.o.d" is newer than depends file "/home/maclab/Documents/ROS_WORKSPACES/WS_Master_Thesis/build/uc1_robot_controllers_interfaces/CMakeFiles/uc1_robot_controllers_interfaces__rosidl_typesupport_fastrtps_c.dir/compiler_depend.internal".
Dependencies file "CMakeFiles/uc1_robot_controllers_interfaces__rosidl_typesupport_fastrtps_c.dir/rosidl_typesupport_fastrtps_c/uc1_robot_controllers_interfaces/msg/detail/move_robot_point__type_support_c.cpp.o.d" is newer than depends file "/home/maclab/Documents/ROS_WORKSPACES/WS_Master_Thesis/build/uc1_robot_controllers_interfaces/CMakeFiles/uc1_robot_controllers_interfaces__rosidl_typesupport_fastrtps_c.dir/compiler_depend.internal".
[35m[1mConsolidate compiler generated dependencies of target uc1_robot_controllers_interfaces__rosidl_typesupport_fastrtps_c[0m
Dependencies file "CMakeFiles/uc1_robot_controllers_interfaces__rosidl_typesupport_c.dir/rosidl_typesupport_c/uc1_robot_controllers_interfaces/action/move_robot__type_support.cpp.o.d" is newer than depends file "/home/maclab/Documents/ROS_WORKSPACES/WS_Master_Thesis/build/uc1_robot_controllers_interfaces/CMakeFiles/uc1_robot_controllers_interfaces__rosidl_typesupport_c.dir/compiler_depend.internal".
Dependencies file "CMakeFiles/uc1_robot_controllers_interfaces__rosidl_typesupport_introspection_c.dir/rosidl_typesupport_introspection_c/uc1_robot_controllers_interfaces/action/detail/move_robot__type_support.c.o.d" is newer than depends file "/home/maclab/Documents/ROS_WORKSPACES/WS_Master_Thesis/build/uc1_robot_controllers_interfaces/CMakeFiles/uc1_robot_controllers_interfaces__rosidl_typesupport_introspection_c.dir/compiler_depend.internal".
Dependencies file "CMakeFiles/uc1_robot_controllers_interfaces__rosidl_typesupport_c.dir/rosidl_typesupport_c/uc1_robot_controllers_interfaces/action/move_robot_tp__type_support.cpp.o.d" is newer than depends file "/home/maclab/Documents/ROS_WORKSPACES/WS_Master_Thesis/build/uc1_robot_controllers_interfaces/CMakeFiles/uc1_robot_controllers_interfaces__rosidl_typesupport_c.dir/compiler_depend.internal".
Dependencies file "CMakeFiles/uc1_robot_controllers_interfaces__rosidl_typesupport_introspection_c.dir/rosidl_typesupport_introspection_c/uc1_robot_controllers_interfaces/action/detail/move_robot_tp__type_support.c.o.d" is newer than depends file "/home/maclab/Documents/ROS_WORKSPACES/WS_Master_Thesis/build/uc1_robot_controllers_interfaces/CMakeFiles/uc1_robot_controllers_interfaces__rosidl_typesupport_introspection_c.dir/compiler_depend.internal".
Dependencies file "CMakeFiles/uc1_robot_controllers_interfaces__rosidl_typesupport_c.dir/rosidl_typesupport_c/uc1_robot_controllers_interfaces/msg/move_robot_goal__type_support.cpp.o.d" is newer than depends file "/home/maclab/Documents/ROS_WORKSPACES/WS_Master_Thesis/build/uc1_robot_controllers_interfaces/CMakeFiles/uc1_robot_controllers_interfaces__rosidl_typesupport_c.dir/compiler_depend.internal".
Dependencies file "CMakeFiles/uc1_robot_controllers_interfaces__rosidl_typesupport_c.dir/rosidl_typesupport_c/uc1_robot_controllers_interfaces/msg/move_robot_orient__type_support.cpp.o.d" is newer than depends file "/home/maclab/Documents/ROS_WORKSPACES/WS_Master_Thesis/build/uc1_robot_controllers_interfaces/CMakeFiles/uc1_robot_controllers_interfaces__rosidl_typesupport_c.dir/compiler_depend.internal".
Dependencies file "CMakeFiles/uc1_robot_controllers_interfaces__rosidl_typesupport_introspection_c.dir/rosidl_typesupport_introspection_c/uc1_robot_controllers_interfaces/msg/detail/move_robot_goal__type_support.c.o.d" is newer than depends file "/home/maclab/Documents/ROS_WORKSPACES/WS_Master_Thesis/build/uc1_robot_controllers_interfaces/CMakeFiles/uc1_robot_controllers_interfaces__rosidl_typesupport_introspection_c.dir/compiler_depend.internal".
Dependencies file "CMakeFiles/uc1_robot_controllers_interfaces__rosidl_typesupport_c.dir/rosidl_typesupport_c/uc1_robot_controllers_interfaces/msg/move_robot_point__type_support.cpp.o.d" is newer than depends file "/home/maclab/Documents/ROS_WORKSPACES/WS_Master_Thesis/build/uc1_robot_controllers_interfaces/CMakeFiles/uc1_robot_controllers_interfaces__rosidl_typesupport_c.dir/compiler_depend.internal".
Dependencies file "CMakeFiles/uc1_robot_controllers_interfaces__rosidl_typesupport_introspection_c.dir/rosidl_typesupport_introspection_c/uc1_robot_controllers_interfaces/msg/detail/move_robot_orient__type_support.c.o.d" is newer than depends file "/home/maclab/Documents/ROS_WORKSPACES/WS_Master_Thesis/build/uc1_robot_controllers_interfaces/CMakeFiles/uc1_robot_controllers_interfaces__rosidl_typesupport_introspection_c.dir/compiler_depend.internal".
[35m[1mConsolidate compiler generated dependencies of target uc1_robot_controllers_interfaces__rosidl_typesupport_c[0m
Dependencies file "CMakeFiles/uc1_robot_controllers_interfaces__rosidl_typesupport_introspection_c.dir/rosidl_typesupport_introspection_c/uc1_robot_controllers_interfaces/msg/detail/move_robot_point__type_support.c.o.d" is newer than depends file "/home/maclab/Documents/ROS_WORKSPACES/WS_Master_Thesis/build/uc1_robot_controllers_interfaces/CMakeFiles/uc1_robot_controllers_interfaces__rosidl_typesupport_introspection_c.dir/compiler_depend.internal".
[35m[1mConsolidate compiler generated dependencies of target uc1_robot_controllers_interfaces__rosidl_typesupport_introspection_c[0m
gmake[2]: Leaving directory '/home/maclab/Documents/ROS_WORKSPACES/WS_Master_Thesis/build/uc1_robot_controllers_interfaces'
/usr/bin/gmake  -f CMakeFiles/uc1_robot_controllers_interfaces__rosidl_typesupport_fastrtps_c.dir/build.make CMakeFiles/uc1_robot_controllers_interfaces__rosidl_typesupport_fastrtps_c.dir/build
gmake[2]: Leaving directory '/home/maclab/Documents/ROS_WORKSPACES/WS_Master_Thesis/build/uc1_robot_controllers_interfaces'
/usr/bin/gmake  -f CMakeFiles/uc1_robot_controllers_interfaces__rosidl_typesupport_c.dir/build.make CMakeFiles/uc1_robot_controllers_interfaces__rosidl_typesupport_c.dir/build
gmake[2]: Leaving directory '/home/maclab/Documents/ROS_WORKSPACES/WS_Master_Thesis/build/uc1_robot_controllers_interfaces'
/usr/bin/gmake  -f CMakeFiles/uc1_robot_controllers_interfaces__rosidl_typesupport_introspection_c.dir/build.make CMakeFiles/uc1_robot_controllers_interfaces__rosidl_typesupport_introspection_c.dir/build
gmake[2]: Entering directory '/home/maclab/Documents/ROS_WORKSPACES/WS_Master_Thesis/build/uc1_robot_controllers_interfaces'
gmake[2]: Entering directory '/home/maclab/Documents/ROS_WORKSPACES/WS_Master_Thesis/build/uc1_robot_controllers_interfaces'
gmake[2]: Entering directory '/home/maclab/Documents/ROS_WORKSPACES/WS_Master_Thesis/build/uc1_robot_controllers_interfaces'
[ 38%] [32mBuilding CXX object CMakeFiles/uc1_robot_controllers_interfaces__rosidl_typesupport_c.dir/rosidl_typesupport_c/uc1_robot_controllers_interfaces/action/move_robot__type_support.cpp.o[0m
[ 41%] [32mBuilding CXX object CMakeFiles/uc1_robot_controllers_interfaces__rosidl_typesupport_c.dir/rosidl_typesupport_c/uc1_robot_controllers_interfaces/msg/move_robot_orient__type_support.cpp.o[0m
[ 41%] [32mBuilding CXX object CMakeFiles/uc1_robot_controllers_interfaces__rosidl_typesupport_c.dir/rosidl_typesupport_c/uc1_robot_controllers_interfaces/msg/move_robot_point__type_support.cpp.o[0m
[ 43%] [32mBuilding CXX object CMakeFiles/uc1_robot_controllers_interfaces__rosidl_typesupport_c.dir/rosidl_typesupport_c/uc1_robot_controllers_interfaces/action/move_robot_tp__type_support.cpp.o[0m
/usr/bin/c++ -DRCUTILS_ENABLE_FAULT_INJECTION -DROSIDL_GENERATOR_C_BUILDING_DLL_uc1_robot_controllers_interfaces -DROS_PACKAGE_NAME=\"uc1_robot_controllers_interfaces\" -I/home/maclab/Documents/ROS_WORKSPACES/WS_Master_Thesis/src/uc1_robot_controllers_interfaces/include/uc1_robot_controllers_interfaces -I/home/maclab/Documents/ROS_WORKSPACES/WS_Master_Thesis/build/uc1_robot_controllers_interfaces/rosidl_generator_c -isystem /opt/ros/humble/include/geometry_msgs -isystem /opt/ros/humble/include/std_msgs -isystem /opt/ros/humble/include/builtin_interfaces -isystem /opt/ros/humble/include/rosidl_runtime_c -isystem /opt/ros/humble/include/rcutils -isystem /opt/ros/humble/include/rosidl_typesupport_interface -isystem /opt/ros/humble/include/action_msgs -isystem /opt/ros/humble/include/unique_identifier_msgs -isystem /opt/ros/humble/include/rosidl_typesupport_c -fPIC -Wall -std=gnu++14 -MD -MT CMakeFiles/uc1_robot_controllers_interfaces__rosidl_typesupport_c.dir/rosidl_typesupport_c/uc1_robot_controllers_interfaces/action/move_robot__type_support.cpp.o -MF CMakeFiles/uc1_robot_controllers_interfaces__rosidl_typesupport_c.dir/rosidl_typesupport_c/uc1_robot_controllers_interfaces/action/move_robot__type_support.cpp.o.d -o CMakeFiles/uc1_robot_controllers_interfaces__rosidl_typesupport_c.dir/rosidl_typesupport_c/uc1_robot_controllers_interfaces/action/move_robot__type_support.cpp.o -c /home/maclab/Documents/ROS_WORKSPACES/WS_Master_Thesis/build/uc1_robot_controllers_interfaces/rosidl_typesupport_c/uc1_robot_controllers_interfaces/action/move_robot__type_support.cpp
[ 46%] [32mBuilding CXX object CMakeFiles/uc1_robot_controllers_interfaces__rosidl_typesupport_c.dir/rosidl_typesupport_c/uc1_robot_controllers_interfaces/msg/move_robot_goal__type_support.cpp.o[0m
[ 46%] [32mBuilding CXX object CMakeFiles/uc1_robot_controllers_interfaces__rosidl_typesupport_fastrtps_c.dir/rosidl_typesupport_fastrtps_c/uc1_robot_controllers_interfaces/msg/detail/move_robot_point__type_support_c.cpp.o[0m
/usr/bin/c++ -DRCUTILS_ENABLE_FAULT_INJECTION -DROSIDL_GENERATOR_C_BUILDING_DLL_uc1_robot_controllers_interfaces -DROS_PACKAGE_NAME=\"uc1_robot_controllers_interfaces\" -I/home/maclab/Documents/ROS_WORKSPACES/WS_Master_Thesis/src/uc1_robot_controllers_interfaces/include/uc1_robot_controllers_interfaces -I/home/maclab/Documents/ROS_WORKSPACES/WS_Master_Thesis/build/uc1_robot_controllers_interfaces/rosidl_generator_c -isystem /opt/ros/humble/include/geometry_msgs -isystem /opt/ros/humble/include/std_msgs -isystem /opt/ros/humble/include/builtin_interfaces -isystem /opt/ros/humble/include/rosidl_runtime_c -isystem /opt/ros/humble/include/rcutils -isystem /opt/ros/humble/include/rosidl_typesupport_interface -isystem /opt/ros/humble/include/action_msgs -isystem /opt/ros/humble/include/unique_identifier_msgs -isystem /opt/ros/humble/include/rosidl_typesupport_c -fPIC -Wall -std=gnu++14 -MD -MT CMakeFiles/uc1_robot_controllers_interfaces__rosidl_typesupport_c.dir/rosidl_typesupport_c/uc1_robot_controllers_interfaces/msg/move_robot_point__type_support.cpp.o -MF CMakeFiles/uc1_robot_controllers_interfaces__rosidl_typesupport_c.dir/rosidl_typesupport_c/uc1_robot_controllers_interfaces/msg/move_robot_point__type_support.cpp.o.d -o CMakeFiles/uc1_robot_controllers_interfaces__rosidl_typesupport_c.dir/rosidl_typesupport_c/uc1_robot_controllers_interfaces/msg/move_robot_point__type_support.cpp.o -c /home/maclab/Documents/ROS_WORKSPACES/WS_Master_Thesis/build/uc1_robot_controllers_interfaces/rosidl_typesupport_c/uc1_robot_controllers_interfaces/msg/move_robot_point__type_support.cpp
/usr/bin/c++ -DRCUTILS_ENABLE_FAULT_INJECTION -DROSIDL_GENERATOR_C_BUILDING_DLL_uc1_robot_controllers_interfaces -DROS_PACKAGE_NAME=\"uc1_robot_controllers_interfaces\" -I/home/maclab/Documents/ROS_WORKSPACES/WS_Master_Thesis/src/uc1_robot_controllers_interfaces/include/uc1_robot_controllers_interfaces -I/home/maclab/Documents/ROS_WORKSPACES/WS_Master_Thesis/build/uc1_robot_controllers_interfaces/rosidl_generator_c -isystem /opt/ros/humble/include/geometry_msgs -isystem /opt/ros/humble/include/std_msgs -isystem /opt/ros/humble/include/builtin_interfaces -isystem /opt/ros/humble/include/rosidl_runtime_c -isystem /opt/ros/humble/include/rcutils -isystem /opt/ros/humble/include/rosidl_typesupport_interface -isystem /opt/ros/humble/include/action_msgs -isystem /opt/ros/humble/include/unique_identifier_msgs -isystem /opt/ros/humble/include/rosidl_typesupport_c -fPIC -Wall -std=gnu++14 -MD -MT CMakeFiles/uc1_robot_controllers_interfaces__rosidl_typesupport_c.dir/rosidl_typesupport_c/uc1_robot_controllers_interfaces/msg/move_robot_orient__type_support.cpp.o -MF CMakeFiles/uc1_robot_controllers_interfaces__rosidl_typesupport_c.dir/rosidl_typesupport_c/uc1_robot_controllers_interfaces/msg/move_robot_orient__type_support.cpp.o.d -o CMakeFiles/uc1_robot_controllers_interfaces__rosidl_typesupport_c.dir/rosidl_typesupport_c/uc1_robot_controllers_interfaces/msg/move_robot_orient__type_support.cpp.o -c /home/maclab/Documents/ROS_WORKSPACES/WS_Master_Thesis/build/uc1_robot_controllers_interfaces/rosidl_typesupport_c/uc1_robot_controllers_interfaces/msg/move_robot_orient__type_support.cpp
[ 50%] [32mBuilding CXX object CMakeFiles/uc1_robot_controllers_interfaces__rosidl_typesupport_fastrtps_c.dir/rosidl_typesupport_fastrtps_c/uc1_robot_controllers_interfaces/action/detail/move_robot__type_support_c.cpp.o[0m
[ 49%] [32mBuilding CXX object CMakeFiles/uc1_robot_controllers_interfaces__rosidl_typesupport_fastrtps_c.dir/rosidl_typesupport_fastrtps_c/uc1_robot_controllers_interfaces/msg/detail/move_robot_goal__type_support_c.cpp.o[0m
[ 50%] [32mBuilding CXX object CMakeFiles/uc1_robot_controllers_interfaces__rosidl_typesupport_fastrtps_c.dir/rosidl_typesupport_fastrtps_c/uc1_robot_controllers_interfaces/msg/detail/move_robot_orient__type_support_c.cpp.o[0m
[ 52%] [32mBuilding CXX object CMakeFiles/uc1_robot_controllers_interfaces__rosidl_typesupport_fastrtps_c.dir/rosidl_typesupport_fastrtps_c/uc1_robot_controllers_interfaces/action/detail/move_robot_tp__type_support_c.cpp.o[0m
/usr/bin/c++ -DRCUTILS_ENABLE_FAULT_INJECTION -DROSIDL_GENERATOR_C_BUILDING_DLL_uc1_robot_controllers_interfaces -DROS_PACKAGE_NAME=\"uc1_robot_controllers_interfaces\" -I/home/maclab/Documents/ROS_WORKSPACES/WS_Master_Thesis/src/uc1_robot_controllers_interfaces/include/uc1_robot_controllers_interfaces -I/home/maclab/Documents/ROS_WORKSPACES/WS_Master_Thesis/build/uc1_robot_controllers_interfaces/rosidl_generator_c -isystem /opt/ros/humble/include/geometry_msgs -isystem /opt/ros/humble/include/std_msgs -isystem /opt/ros/humble/include/builtin_interfaces -isystem /opt/ros/humble/include/rosidl_runtime_c -isystem /opt/ros/humble/include/rcutils -isystem /opt/ros/humble/include/rosidl_typesupport_interface -isystem /opt/ros/humble/include/action_msgs -isystem /opt/ros/humble/include/unique_identifier_msgs -isystem /opt/ros/humble/include/rosidl_typesupport_c -fPIC -Wall -std=gnu++14 -MD -MT CMakeFiles/uc1_robot_controllers_interfaces__rosidl_typesupport_c.dir/rosidl_typesupport_c/uc1_robot_controllers_interfaces/action/move_robot_tp__type_support.cpp.o -MF CMakeFiles/uc1_robot_controllers_interfaces__rosidl_typesupport_c.dir/rosidl_typesupport_c/uc1_robot_controllers_interfaces/action/move_robot_tp__type_support.cpp.o.d -o CMakeFiles/uc1_robot_controllers_interfaces__rosidl_typesupport_c.dir/rosidl_typesupport_c/uc1_robot_controllers_interfaces/action/move_robot_tp__type_support.cpp.o -c /home/maclab/Documents/ROS_WORKSPACES/WS_Master_Thesis/build/uc1_robot_controllers_interfaces/rosidl_typesupport_c/uc1_robot_controllers_interfaces/action/move_robot_tp__type_support.cpp
[ 55%] [32mBuilding C object CMakeFiles/uc1_robot_controllers_interfaces__rosidl_typesupport_introspection_c.dir/rosidl_typesupport_introspection_c/uc1_robot_controllers_interfaces/msg/detail/move_robot_goal__type_support.c.o[0m
[ 55%] [32mBuilding C object CMakeFiles/uc1_robot_controllers_interfaces__rosidl_typesupport_introspection_c.dir/rosidl_typesupport_introspection_c/uc1_robot_controllers_interfaces/action/detail/move_robot_tp__type_support.c.o[0m
/usr/bin/c++ -DRCUTILS_ENABLE_FAULT_INJECTION -DROSIDL_GENERATOR_C_BUILDING_DLL_uc1_robot_controllers_interfaces -DROS_PACKAGE_NAME=\"uc1_robot_controllers_interfaces\" -I/home/maclab/Documents/ROS_WORKSPACES/WS_Master_Thesis/src/uc1_robot_controllers_interfaces/include/uc1_robot_controllers_interfaces -I/home/maclab/Documents/ROS_WORKSPACES/WS_Master_Thesis/build/uc1_robot_controllers_interfaces/rosidl_generator_c -isystem /opt/ros/humble/include/geometry_msgs -isystem /opt/ros/humble/include/std_msgs -isystem /opt/ros/humble/include/builtin_interfaces -isystem /opt/ros/humble/include/rosidl_runtime_c -isystem /opt/ros/humble/include/rcutils -isystem /opt/ros/humble/include/rosidl_typesupport_interface -isystem /opt/ros/humble/include/action_msgs -isystem /opt/ros/humble/include/unique_identifier_msgs -isystem /opt/ros/humble/include/rosidl_typesupport_c -fPIC -Wall -std=gnu++14 -MD -MT CMakeFiles/uc1_robot_controllers_interfaces__rosidl_typesupport_c.dir/rosidl_typesupport_c/uc1_robot_controllers_interfaces/msg/move_robot_goal__type_support.cpp.o -MF CMakeFiles/uc1_robot_controllers_interfaces__rosidl_typesupport_c.dir/rosidl_typesupport_c/uc1_robot_controllers_interfaces/msg/move_robot_goal__type_support.cpp.o.d -o CMakeFiles/uc1_robot_controllers_interfaces__rosidl_typesupport_c.dir/rosidl_typesupport_c/uc1_robot_controllers_interfaces/msg/move_robot_goal__type_support.cpp.o -c /home/maclab/Documents/ROS_WORKSPACES/WS_Master_Thesis/build/uc1_robot_controllers_interfaces/rosidl_typesupport_c/uc1_robot_controllers_interfaces/msg/move_robot_goal__type_support.cpp
/usr/bin/c++ -DRCUTILS_ENABLE_FAULT_INJECTION -DROSIDL_TYPESUPPORT_FASTRTPS_C_BUILDING_DLL_uc1_robot_controllers_interfaces -DROS_PACKAGE_NAME=\"uc1_robot_controllers_interfaces\" -I/home/maclab/Documents/ROS_WORKSPACES/WS_Master_Thesis/build/uc1_robot_controllers_interfaces/rosidl_typesupport_fastrtps_c -I/home/maclab/Documents/ROS_WORKSPACES/WS_Master_Thesis/src/uc1_robot_controllers_interfaces/include/uc1_robot_controllers_interfaces -I/home/maclab/Documents/ROS_WORKSPACES/WS_Master_Thesis/build/uc1_robot_controllers_interfaces/rosidl_generator_c -isystem /opt/ros/humble/include/fastcdr -isystem /opt/ros/humble/include/rosidl_runtime_c -isystem /opt/ros/humble/include/rcutils -isystem /opt/ros/humble/include/rosidl_typesupport_interface -isystem /opt/ros/humble/include/rosidl_runtime_cpp -isystem /opt/ros/humble/include/rosidl_typesupport_fastrtps_cpp -isystem /opt/ros/humble/include/rmw -isystem /opt/ros/humble/include/rosidl_typesupport_fastrtps_c -isystem /opt/ros/humble/include/geometry_msgs -isystem /opt/ros/humble/include/std_msgs -isystem /opt/ros/humble/include/builtin_interfaces -isystem /opt/ros/humble/include/action_msgs -isystem /opt/ros/humble/include/unique_identifier_msgs -fPIC -Wall -Wextra -Wpedantic -std=gnu++14 -MD -MT CMakeFiles/uc1_robot_controllers_interfaces__rosidl_typesupport_fastrtps_c.dir/rosidl_typesupport_fastrtps_c/uc1_robot_controllers_interfaces/msg/detail/move_robot_point__type_support_c.cpp.o -MF CMakeFiles/uc1_robot_controllers_interfaces__rosidl_typesupport_fastrtps_c.dir/rosidl_typesupport_fastrtps_c/uc1_robot_controllers_interfaces/msg/detail/move_robot_point__type_support_c.cpp.o.d -o CMakeFiles/uc1_robot_controllers_interfaces__rosidl_typesupport_fastrtps_c.dir/rosidl_typesupport_fastrtps_c/uc1_robot_controllers_interfaces/msg/detail/move_robot_point__type_support_c.cpp.o -c /home/maclab/Documents/ROS_WORKSPACES/WS_Master_Thesis/build/uc1_robot_controllers_interfaces/rosidl_typesupport_fastrtps_c/uc1_robot_controllers_interfaces/msg/detail/move_robot_point__type_support_c.cpp
[ 56%] [32mBuilding C object CMakeFiles/uc1_robot_controllers_interfaces__rosidl_typesupport_introspection_c.dir/rosidl_typesupport_introspection_c/uc1_robot_controllers_interfaces/action/detail/move_robot__type_support.c.o[0m
/usr/bin/c++ -DRCUTILS_ENABLE_FAULT_INJECTION -DROSIDL_TYPESUPPORT_FASTRTPS_C_BUILDING_DLL_uc1_robot_controllers_interfaces -DROS_PACKAGE_NAME=\"uc1_robot_controllers_interfaces\" -I/home/maclab/Documents/ROS_WORKSPACES/WS_Master_Thesis/build/uc1_robot_controllers_interfaces/rosidl_typesupport_fastrtps_c -I/home/maclab/Documents/ROS_WORKSPACES/WS_Master_Thesis/src/uc1_robot_controllers_interfaces/include/uc1_robot_controllers_interfaces -I/home/maclab/Documents/ROS_WORKSPACES/WS_Master_Thesis/build/uc1_robot_controllers_interfaces/rosidl_generator_c -isystem /opt/ros/humble/include/fastcdr -isystem /opt/ros/humble/include/rosidl_runtime_c -isystem /opt/ros/humble/include/rcutils -isystem /opt/ros/humble/include/rosidl_typesupport_interface -isystem /opt/ros/humble/include/rosidl_runtime_cpp -isystem /opt/ros/humble/include/rosidl_typesupport_fastrtps_cpp -isystem /opt/ros/humble/include/rmw -isystem /opt/ros/humble/include/rosidl_typesupport_fastrtps_c -isystem /opt/ros/humble/include/geometry_msgs -isystem /opt/ros/humble/include/std_msgs -isystem /opt/ros/humble/include/builtin_interfaces -isystem /opt/ros/humble/include/action_msgs -isystem /opt/ros/humble/include/unique_identifier_msgs -fPIC -Wall -Wextra -Wpedantic -std=gnu++14 -MD -MT CMakeFiles/uc1_robot_controllers_interfaces__rosidl_typesupport_fastrtps_c.dir/rosidl_typesupport_fastrtps_c/uc1_robot_controllers_interfaces/msg/detail/move_robot_goal__type_support_c.cpp.o -MF CMakeFiles/uc1_robot_controllers_interfaces__rosidl_typesupport_fastrtps_c.dir/rosidl_typesupport_fastrtps_c/uc1_robot_controllers_interfaces/msg/detail/move_robot_goal__type_support_c.cpp.o.d -o CMakeFiles/uc1_robot_controllers_interfaces__rosidl_typesupport_fastrtps_c.dir/rosidl_typesupport_fastrtps_c/uc1_robot_controllers_interfaces/msg/detail/move_robot_goal__type_support_c.cpp.o -c /home/maclab/Documents/ROS_WORKSPACES/WS_Master_Thesis/build/uc1_robot_controllers_interfaces/rosidl_typesupport_fastrtps_c/uc1_robot_controllers_interfaces/msg/detail/move_robot_goal__type_support_c.cpp
/usr/bin/c++ -DRCUTILS_ENABLE_FAULT_INJECTION -DROSIDL_TYPESUPPORT_FASTRTPS_C_BUILDING_DLL_uc1_robot_controllers_interfaces -DROS_PACKAGE_NAME=\"uc1_robot_controllers_interfaces\" -I/home/maclab/Documents/ROS_WORKSPACES/WS_Master_Thesis/build/uc1_robot_controllers_interfaces/rosidl_typesupport_fastrtps_c -I/home/maclab/Documents/ROS_WORKSPACES/WS_Master_Thesis/src/uc1_robot_controllers_interfaces/include/uc1_robot_controllers_interfaces -I/home/maclab/Documents/ROS_WORKSPACES/WS_Master_Thesis/build/uc1_robot_controllers_interfaces/rosidl_generator_c -isystem /opt/ros/humble/include/fastcdr -isystem /opt/ros/humble/include/rosidl_runtime_c -isystem /opt/ros/humble/include/rcutils -isystem /opt/ros/humble/include/rosidl_typesupport_interface -isystem /opt/ros/humble/include/rosidl_runtime_cpp -isystem /opt/ros/humble/include/rosidl_typesupport_fastrtps_cpp -isystem /opt/ros/humble/include/rmw -isystem /opt/ros/humble/include/rosidl_typesupport_fastrtps_c -isystem /opt/ros/humble/include/geometry_msgs -isystem /opt/ros/humble/include/std_msgs -isystem /opt/ros/humble/include/builtin_interfaces -isystem /opt/ros/humble/include/action_msgs -isystem /opt/ros/humble/include/unique_identifier_msgs -fPIC -Wall -Wextra -Wpedantic -std=gnu++14 -MD -MT CMakeFiles/uc1_robot_controllers_interfaces__rosidl_typesupport_fastrtps_c.dir/rosidl_typesupport_fastrtps_c/uc1_robot_controllers_interfaces/msg/detail/move_robot_orient__type_support_c.cpp.o -MF CMakeFiles/uc1_robot_controllers_interfaces__rosidl_typesupport_fastrtps_c.dir/rosidl_typesupport_fastrtps_c/uc1_robot_controllers_interfaces/msg/detail/move_robot_orient__type_support_c.cpp.o.d -o CMakeFiles/uc1_robot_controllers_interfaces__rosidl_typesupport_fastrtps_c.dir/rosidl_typesupport_fastrtps_c/uc1_robot_controllers_interfaces/msg/detail/move_robot_orient__type_support_c.cpp.o -c /home/maclab/Documents/ROS_WORKSPACES/WS_Master_Thesis/build/uc1_robot_controllers_interfaces/rosidl_typesupport_fastrtps_c/uc1_robot_controllers_interfaces/msg/detail/move_robot_orient__type_support_c.cpp
/usr/bin/cc -DRCUTILS_ENABLE_FAULT_INJECTION -DROSIDL_TYPESUPPORT_INTROSPECTION_C_BUILDING_DLL_uc1_robot_controllers_interfaces -DROS_PACKAGE_NAME=\"uc1_robot_controllers_interfaces\" -I/home/maclab/Documents/ROS_WORKSPACES/WS_Master_Thesis/build/uc1_robot_controllers_interfaces/rosidl_typesupport_introspection_c -I/home/maclab/Documents/ROS_WORKSPACES/WS_Master_Thesis/src/uc1_robot_controllers_interfaces/include/uc1_robot_controllers_interfaces -I/home/maclab/Documents/ROS_WORKSPACES/WS_Master_Thesis/build/uc1_robot_controllers_interfaces/rosidl_generator_c -isystem /opt/ros/humble/include/geometry_msgs -isystem /opt/ros/humble/include/std_msgs -isystem /opt/ros/humble/include/builtin_interfaces -isystem /opt/ros/humble/include/rosidl_runtime_c -isystem /opt/ros/humble/include/rcutils -isystem /opt/ros/humble/include/rosidl_typesupport_interface -isystem /opt/ros/humble/include/action_msgs -isystem /opt/ros/humble/include/unique_identifier_msgs -isystem /opt/ros/humble/include/rosidl_typesupport_introspection_c -fPIC -Wall -std=gnu11 -MD -MT CMakeFiles/uc1_robot_controllers_interfaces__rosidl_typesupport_introspection_c.dir/rosidl_typesupport_introspection_c/uc1_robot_controllers_interfaces/msg/detail/move_robot_goal__type_support.c.o -MF CMakeFiles/uc1_robot_controllers_interfaces__rosidl_typesupport_introspection_c.dir/rosidl_typesupport_introspection_c/uc1_robot_controllers_interfaces/msg/detail/move_robot_goal__type_support.c.o.d -o CMakeFiles/uc1_robot_controllers_interfaces__rosidl_typesupport_introspection_c.dir/rosidl_typesupport_introspection_c/uc1_robot_controllers_interfaces/msg/detail/move_robot_goal__type_support.c.o -c /home/maclab/Documents/ROS_WORKSPACES/WS_Master_Thesis/build/uc1_robot_controllers_interfaces/rosidl_typesupport_introspection_c/uc1_robot_controllers_interfaces/msg/detail/move_robot_goal__type_support.c
/usr/bin/c++ -DRCUTILS_ENABLE_FAULT_INJECTION -DROSIDL_TYPESUPPORT_FASTRTPS_C_BUILDING_DLL_uc1_robot_controllers_interfaces -DROS_PACKAGE_NAME=\"uc1_robot_controllers_interfaces\" -I/home/maclab/Documents/ROS_WORKSPACES/WS_Master_Thesis/build/uc1_robot_controllers_interfaces/rosidl_typesupport_fastrtps_c -I/home/maclab/Documents/ROS_WORKSPACES/WS_Master_Thesis/src/uc1_robot_controllers_interfaces/include/uc1_robot_controllers_interfaces -I/home/maclab/Documents/ROS_WORKSPACES/WS_Master_Thesis/build/uc1_robot_controllers_interfaces/rosidl_generator_c -isystem /opt/ros/humble/include/fastcdr -isystem /opt/ros/humble/include/rosidl_runtime_c -isystem /opt/ros/humble/include/rcutils -isystem /opt/ros/humble/include/rosidl_typesupport_interface -isystem /opt/ros/humble/include/rosidl_runtime_cpp -isystem /opt/ros/humble/include/rosidl_typesupport_fastrtps_cpp -isystem /opt/ros/humble/include/rmw -isystem /opt/ros/humble/include/rosidl_typesupport_fastrtps_c -isystem /opt/ros/humble/include/geometry_msgs -isystem /opt/ros/humble/include/std_msgs -isystem /opt/ros/humble/include/builtin_interfaces -isystem /opt/ros/humble/include/action_msgs -isystem /opt/ros/humble/include/unique_identifier_msgs -fPIC -Wall -Wextra -Wpedantic -std=gnu++14 -MD -MT CMakeFiles/uc1_robot_controllers_interfaces__rosidl_typesupport_fastrtps_c.dir/rosidl_typesupport_fastrtps_c/uc1_robot_controllers_interfaces/action/detail/move_robot__type_support_c.cpp.o -MF CMakeFiles/uc1_robot_controllers_interfaces__rosidl_typesupport_fastrtps_c.dir/rosidl_typesupport_fastrtps_c/uc1_robot_controllers_interfaces/action/detail/move_robot__type_support_c.cpp.o.d -o CMakeFiles/uc1_robot_controllers_interfaces__rosidl_typesupport_fastrtps_c.dir/rosidl_typesupport_fastrtps_c/uc1_robot_controllers_interfaces/action/detail/move_robot__type_support_c.cpp.o -c /home/maclab/Documents/ROS_WORKSPACES/WS_Master_Thesis/build/uc1_robot_controllers_interfaces/rosidl_typesupport_fastrtps_c/uc1_robot_controllers_interfaces/action/detail/move_robot__type_support_c.cpp
/usr/bin/cc -DRCUTILS_ENABLE_FAULT_INJECTION -DROSIDL_TYPESUPPORT_INTROSPECTION_C_BUILDING_DLL_uc1_robot_controllers_interfaces -DROS_PACKAGE_NAME=\"uc1_robot_controllers_interfaces\" -I/home/maclab/Documents/ROS_WORKSPACES/WS_Master_Thesis/build/uc1_robot_controllers_interfaces/rosidl_typesupport_introspection_c -I/home/maclab/Documents/ROS_WORKSPACES/WS_Master_Thesis/src/uc1_robot_controllers_interfaces/include/uc1_robot_controllers_interfaces -I/home/maclab/Documents/ROS_WORKSPACES/WS_Master_Thesis/build/uc1_robot_controllers_interfaces/rosidl_generator_c -isystem /opt/ros/humble/include/geometry_msgs -isystem /opt/ros/humble/include/std_msgs -isystem /opt/ros/humble/include/builtin_interfaces -isystem /opt/ros/humble/include/rosidl_runtime_c -isystem /opt/ros/humble/include/rcutils -isystem /opt/ros/humble/include/rosidl_typesupport_interface -isystem /opt/ros/humble/include/action_msgs -isystem /opt/ros/humble/include/unique_identifier_msgs -isystem /opt/ros/humble/include/rosidl_typesupport_introspection_c -fPIC -Wall -std=gnu11 -MD -MT CMakeFiles/uc1_robot_controllers_interfaces__rosidl_typesupport_introspection_c.dir/rosidl_typesupport_introspection_c/uc1_robot_controllers_interfaces/action/detail/move_robot_tp__type_support.c.o -MF CMakeFiles/uc1_robot_controllers_interfaces__rosidl_typesupport_introspection_c.dir/rosidl_typesupport_introspection_c/uc1_robot_controllers_interfaces/action/detail/move_robot_tp__type_support.c.o.d -o CMakeFiles/uc1_robot_controllers_interfaces__rosidl_typesupport_introspection_c.dir/rosidl_typesupport_introspection_c/uc1_robot_controllers_interfaces/action/detail/move_robot_tp__type_support.c.o -c /home/maclab/Documents/ROS_WORKSPACES/WS_Master_Thesis/build/uc1_robot_controllers_interfaces/rosidl_typesupport_introspection_c/uc1_robot_controllers_interfaces/action/detail/move_robot_tp__type_support.c
/usr/bin/c++ -DRCUTILS_ENABLE_FAULT_INJECTION -DROSIDL_TYPESUPPORT_FASTRTPS_C_BUILDING_DLL_uc1_robot_controllers_interfaces -DROS_PACKAGE_NAME=\"uc1_robot_controllers_interfaces\" -I/home/maclab/Documents/ROS_WORKSPACES/WS_Master_Thesis/build/uc1_robot_controllers_interfaces/rosidl_typesupport_fastrtps_c -I/home/maclab/Documents/ROS_WORKSPACES/WS_Master_Thesis/src/uc1_robot_controllers_interfaces/include/uc1_robot_controllers_interfaces -I/home/maclab/Documents/ROS_WORKSPACES/WS_Master_Thesis/build/uc1_robot_controllers_interfaces/rosidl_generator_c -isystem /opt/ros/humble/include/fastcdr -isystem /opt/ros/humble/include/rosidl_runtime_c -isystem /opt/ros/humble/include/rcutils -isystem /opt/ros/humble/include/rosidl_typesupport_interface -isystem /opt/ros/humble/include/rosidl_runtime_cpp -isystem /opt/ros/humble/include/rosidl_typesupport_fastrtps_cpp -isystem /opt/ros/humble/include/rmw -isystem /opt/ros/humble/include/rosidl_typesupport_fastrtps_c -isystem /opt/ros/humble/include/geometry_msgs -isystem /opt/ros/humble/include/std_msgs -isystem /opt/ros/humble/include/builtin_interfaces -isystem /opt/ros/humble/include/action_msgs -isystem /opt/ros/humble/include/unique_identifier_msgs -fPIC -Wall -Wextra -Wpedantic -std=gnu++14 -MD -MT CMakeFiles/uc1_robot_controllers_interfaces__rosidl_typesupport_fastrtps_c.dir/rosidl_typesupport_fastrtps_c/uc1_robot_controllers_interfaces/action/detail/move_robot_tp__type_support_c.cpp.o -MF CMakeFiles/uc1_robot_controllers_interfaces__rosidl_typesupport_fastrtps_c.dir/rosidl_typesupport_fastrtps_c/uc1_robot_controllers_interfaces/action/detail/move_robot_tp__type_support_c.cpp.o.d -o CMakeFiles/uc1_robot_controllers_interfaces__rosidl_typesupport_fastrtps_c.dir/rosidl_typesupport_fastrtps_c/uc1_robot_controllers_interfaces/action/detail/move_robot_tp__type_support_c.cpp.o -c /home/maclab/Documents/ROS_WORKSPACES/WS_Master_Thesis/build/uc1_robot_controllers_interfaces/rosidl_typesupport_fastrtps_c/uc1_robot_controllers_interfaces/action/detail/move_robot_tp__type_support_c.cpp
/usr/bin/cc -DRCUTILS_ENABLE_FAULT_INJECTION -DROSIDL_TYPESUPPORT_INTROSPECTION_C_BUILDING_DLL_uc1_robot_controllers_interfaces -DROS_PACKAGE_NAME=\"uc1_robot_controllers_interfaces\" -I/home/maclab/Documents/ROS_WORKSPACES/WS_Master_Thesis/build/uc1_robot_controllers_interfaces/rosidl_typesupport_introspection_c -I/home/maclab/Documents/ROS_WORKSPACES/WS_Master_Thesis/src/uc1_robot_controllers_interfaces/include/uc1_robot_controllers_interfaces -I/home/maclab/Documents/ROS_WORKSPACES/WS_Master_Thesis/build/uc1_robot_controllers_interfaces/rosidl_generator_c -isystem /opt/ros/humble/include/geometry_msgs -isystem /opt/ros/humble/include/std_msgs -isystem /opt/ros/humble/include/builtin_interfaces -isystem /opt/ros/humble/include/rosidl_runtime_c -isystem /opt/ros/humble/include/rcutils -isystem /opt/ros/humble/include/rosidl_typesupport_interface -isystem /opt/ros/humble/include/action_msgs -isystem /opt/ros/humble/include/unique_identifier_msgs -isystem /opt/ros/humble/include/rosidl_typesupport_introspection_c -fPIC -Wall -std=gnu11 -MD -MT CMakeFiles/uc1_robot_controllers_interfaces__rosidl_typesupport_introspection_c.dir/rosidl_typesupport_introspection_c/uc1_robot_controllers_interfaces/action/detail/move_robot__type_support.c.o -MF CMakeFiles/uc1_robot_controllers_interfaces__rosidl_typesupport_introspection_c.dir/rosidl_typesupport_introspection_c/uc1_robot_controllers_interfaces/action/detail/move_robot__type_support.c.o.d -o CMakeFiles/uc1_robot_controllers_interfaces__rosidl_typesupport_introspection_c.dir/rosidl_typesupport_introspection_c/uc1_robot_controllers_interfaces/action/detail/move_robot__type_support.c.o -c /home/maclab/Documents/ROS_WORKSPACES/WS_Master_Thesis/build/uc1_robot_controllers_interfaces/rosidl_typesupport_introspection_c/uc1_robot_controllers_interfaces/action/detail/move_robot__type_support.c
[ 60%] [32mBuilding C object CMakeFiles/uc1_robot_controllers_interfaces__rosidl_typesupport_introspection_c.dir/rosidl_typesupport_introspection_c/uc1_robot_controllers_interfaces/msg/detail/move_robot_orient__type_support.c.o[0m
[ 60%] [32mBuilding C object CMakeFiles/uc1_robot_controllers_interfaces__rosidl_typesupport_introspection_c.dir/rosidl_typesupport_introspection_c/uc1_robot_controllers_interfaces/msg/detail/move_robot_point__type_support.c.o[0m
/usr/bin/cc -DRCUTILS_ENABLE_FAULT_INJECTION -DROSIDL_TYPESUPPORT_INTROSPECTION_C_BUILDING_DLL_uc1_robot_controllers_interfaces -DROS_PACKAGE_NAME=\"uc1_robot_controllers_interfaces\" -I/home/maclab/Documents/ROS_WORKSPACES/WS_Master_Thesis/build/uc1_robot_controllers_interfaces/rosidl_typesupport_introspection_c -I/home/maclab/Documents/ROS_WORKSPACES/WS_Master_Thesis/src/uc1_robot_controllers_interfaces/include/uc1_robot_controllers_interfaces -I/home/maclab/Documents/ROS_WORKSPACES/WS_Master_Thesis/build/uc1_robot_controllers_interfaces/rosidl_generator_c -isystem /opt/ros/humble/include/geometry_msgs -isystem /opt/ros/humble/include/std_msgs -isystem /opt/ros/humble/include/builtin_interfaces -isystem /opt/ros/humble/include/rosidl_runtime_c -isystem /opt/ros/humble/include/rcutils -isystem /opt/ros/humble/include/rosidl_typesupport_interface -isystem /opt/ros/humble/include/action_msgs -isystem /opt/ros/humble/include/unique_identifier_msgs -isystem /opt/ros/humble/include/rosidl_typesupport_introspection_c -fPIC -Wall -std=gnu11 -MD -MT CMakeFiles/uc1_robot_controllers_interfaces__rosidl_typesupport_introspection_c.dir/rosidl_typesupport_introspection_c/uc1_robot_controllers_interfaces/msg/detail/move_robot_point__type_support.c.o -MF CMakeFiles/uc1_robot_controllers_interfaces__rosidl_typesupport_introspection_c.dir/rosidl_typesupport_introspection_c/uc1_robot_controllers_interfaces/msg/detail/move_robot_point__type_support.c.o.d -o CMakeFiles/uc1_robot_controllers_interfaces__rosidl_typesupport_introspection_c.dir/rosidl_typesupport_introspection_c/uc1_robot_controllers_interfaces/msg/detail/move_robot_point__type_support.c.o -c /home/maclab/Documents/ROS_WORKSPACES/WS_Master_Thesis/build/uc1_robot_controllers_interfaces/rosidl_typesupport_introspection_c/uc1_robot_controllers_interfaces/msg/detail/move_robot_point__type_support.c
/usr/bin/cc -DRCUTILS_ENABLE_FAULT_INJECTION -DROSIDL_TYPESUPPORT_INTROSPECTION_C_BUILDING_DLL_uc1_robot_controllers_interfaces -DROS_PACKAGE_NAME=\"uc1_robot_controllers_interfaces\" -I/home/maclab/Documents/ROS_WORKSPACES/WS_Master_Thesis/build/uc1_robot_controllers_interfaces/rosidl_typesupport_introspection_c -I/home/maclab/Documents/ROS_WORKSPACES/WS_Master_Thesis/src/uc1_robot_controllers_interfaces/include/uc1_robot_controllers_interfaces -I/home/maclab/Documents/ROS_WORKSPACES/WS_Master_Thesis/build/uc1_robot_controllers_interfaces/rosidl_generator_c -isystem /opt/ros/humble/include/geometry_msgs -isystem /opt/ros/humble/include/std_msgs -isystem /opt/ros/humble/include/builtin_interfaces -isystem /opt/ros/humble/include/rosidl_runtime_c -isystem /opt/ros/humble/include/rcutils -isystem /opt/ros/humble/include/rosidl_typesupport_interface -isystem /opt/ros/humble/include/action_msgs -isystem /opt/ros/humble/include/unique_identifier_msgs -isystem /opt/ros/humble/include/rosidl_typesupport_introspection_c -fPIC -Wall -std=gnu11 -MD -MT CMakeFiles/uc1_robot_controllers_interfaces__rosidl_typesupport_introspection_c.dir/rosidl_typesupport_introspection_c/uc1_robot_controllers_interfaces/msg/detail/move_robot_orient__type_support.c.o -MF CMakeFiles/uc1_robot_controllers_interfaces__rosidl_typesupport_introspection_c.dir/rosidl_typesupport_introspection_c/uc1_robot_controllers_interfaces/msg/detail/move_robot_orient__type_support.c.o.d -o CMakeFiles/uc1_robot_controllers_interfaces__rosidl_typesupport_introspection_c.dir/rosidl_typesupport_introspection_c/uc1_robot_controllers_interfaces/msg/detail/move_robot_orient__type_support.c.o -c /home/maclab/Documents/ROS_WORKSPACES/WS_Master_Thesis/build/uc1_robot_controllers_interfaces/rosidl_typesupport_introspection_c/uc1_robot_controllers_interfaces/msg/detail/move_robot_orient__type_support.c
[ 61%] [32m[1mLinking CXX shared library libuc1_robot_controllers_interfaces__rosidl_typesupport_c.so[0m
/usr/bin/cmake -E cmake_link_script CMakeFiles/uc1_robot_controllers_interfaces__rosidl_typesupport_c.dir/link.txt --verbose=1
/usr/bin/c++ -fPIC -shared -Wl,-soname,libuc1_robot_controllers_interfaces__rosidl_typesupport_c.so -o libuc1_robot_controllers_interfaces__rosidl_typesupport_c.so CMakeFiles/uc1_robot_controllers_interfaces__rosidl_typesupport_c.dir/rosidl_typesupport_c/uc1_robot_controllers_interfaces/action/move_robot__type_support.cpp.o CMakeFiles/uc1_robot_controllers_interfaces__rosidl_typesupport_c.dir/rosidl_typesupport_c/uc1_robot_controllers_interfaces/action/move_robot_tp__type_support.cpp.o CMakeFiles/uc1_robot_controllers_interfaces__rosidl_typesupport_c.dir/rosidl_typesupport_c/uc1_robot_controllers_interfaces/msg/move_robot_point__type_support.cpp.o CMakeFiles/uc1_robot_controllers_interfaces__rosidl_typesupport_c.dir/rosidl_typesupport_c/uc1_robot_controllers_interfaces/msg/move_robot_orient__type_support.cpp.o CMakeFiles/uc1_robot_controllers_interfaces__rosidl_typesupport_c.dir/rosidl_typesupport_c/uc1_robot_controllers_interfaces/msg/move_robot_goal__type_support.cpp.o  -Wl,-rpath,/home/maclab/Documents/ROS_WORKSPACES/WS_Master_Thesis/build/uc1_robot_controllers_interfaces:/opt/ros/humble/lib: libuc1_robot_controllers_interfaces__rosidl_generator_c.so /opt/ros/humble/lib/libgeometry_msgs__rosidl_typesupport_c.so /opt/ros/humble/lib/libstd_msgs__rosidl_typesupport_c.so /opt/ros/humble/lib/libaction_msgs__rosidl_typesupport_c.so /opt/ros/humble/lib/libunique_identifier_msgs__rosidl_typesupport_c.so /opt/ros/humble/lib/libgeometry_msgs__rosidl_generator_c.so /opt/ros/humble/lib/libstd_msgs__rosidl_generator_c.so /opt/ros/humble/lib/libbuiltin_interfaces__rosidl_typesupport_c.so /opt/ros/humble/lib/librosidl_typesupport_c.so /opt/ros/humble/lib/libaction_msgs__rosidl_generator_c.so /opt/ros/humble/lib/libbuiltin_interfaces__rosidl_generator_c.so /opt/ros/humble/lib/libunique_identifier_msgs__rosidl_generator_c.so /opt/ros/humble/lib/librosidl_runtime_c.so /opt/ros/humble/lib/librcutils.so -ldl -Wl,-rpath-link,/opt/ros/humble/lib 
[ 63%] [32m[1mLinking C shared library libuc1_robot_controllers_interfaces__rosidl_typesupport_introspection_c.so[0m
/usr/bin/cmake -E cmake_link_script CMakeFiles/uc1_robot_controllers_interfaces__rosidl_typesupport_introspection_c.dir/link.txt --verbose=1
/usr/bin/cc -fPIC -shared -Wl,-soname,libuc1_robot_controllers_interfaces__rosidl_typesupport_introspection_c.so -o libuc1_robot_controllers_interfaces__rosidl_typesupport_introspection_c.so CMakeFiles/uc1_robot_controllers_interfaces__rosidl_typesupport_introspection_c.dir/rosidl_typesupport_introspection_c/uc1_robot_controllers_interfaces/action/detail/move_robot__type_support.c.o CMakeFiles/uc1_robot_controllers_interfaces__rosidl_typesupport_introspection_c.dir/rosidl_typesupport_introspection_c/uc1_robot_controllers_interfaces/action/detail/move_robot_tp__type_support.c.o CMakeFiles/uc1_robot_controllers_interfaces__rosidl_typesupport_introspection_c.dir/rosidl_typesupport_introspection_c/uc1_robot_controllers_interfaces/msg/detail/move_robot_point__type_support.c.o CMakeFiles/uc1_robot_controllers_interfaces__rosidl_typesupport_introspection_c.dir/rosidl_typesupport_introspection_c/uc1_robot_controllers_interfaces/msg/detail/move_robot_orient__type_support.c.o CMakeFiles/uc1_robot_controllers_interfaces__rosidl_typesupport_introspection_c.dir/rosidl_typesupport_introspection_c/uc1_robot_controllers_interfaces/msg/detail/move_robot_goal__type_support.c.o  -Wl,-rpath,/home/maclab/Documents/ROS_WORKSPACES/WS_Master_Thesis/build/uc1_robot_controllers_interfaces:/opt/ros/humble/lib: libuc1_robot_controllers_interfaces__rosidl_generator_c.so /opt/ros/humble/lib/libgeometry_msgs__rosidl_typesupport_introspection_c.so /opt/ros/humble/lib/libstd_msgs__rosidl_typesupport_introspection_c.so /opt/ros/humble/lib/libaction_msgs__rosidl_typesupport_introspection_c.so /opt/ros/humble/lib/libunique_identifier_msgs__rosidl_typesupport_introspection_c.so /opt/ros/humble/lib/libgeometry_msgs__rosidl_generator_c.so /opt/ros/humble/lib/libstd_msgs__rosidl_generator_c.so /opt/ros/humble/lib/libbuiltin_interfaces__rosidl_typesupport_introspection_c.so /opt/ros/humble/lib/librosidl_typesupport_introspection_c.so /opt/ros/humble/lib/libaction_msgs__rosidl_generator_c.so /opt/ros/humble/lib/libbuiltin_interfaces__rosidl_generator_c.so /opt/ros/humble/lib/libunique_identifier_msgs__rosidl_generator_c.so /opt/ros/humble/lib/librosidl_runtime_c.so /opt/ros/humble/lib/librcutils.so -ldl 
gmake[2]: Leaving directory '/home/maclab/Documents/ROS_WORKSPACES/WS_Master_Thesis/build/uc1_robot_controllers_interfaces'
gmake[2]: Leaving directory '/home/maclab/Documents/ROS_WORKSPACES/WS_Master_Thesis/build/uc1_robot_controllers_interfaces'
[ 64%] Built target uc1_robot_controllers_interfaces__rosidl_typesupport_c
[ 66%] Built target uc1_robot_controllers_interfaces__rosidl_typesupport_introspection_c
[ 67%] [32m[1mLinking CXX shared library libuc1_robot_controllers_interfaces__rosidl_typesupport_fastrtps_c.so[0m
/usr/bin/cmake -E cmake_link_script CMakeFiles/uc1_robot_controllers_interfaces__rosidl_typesupport_fastrtps_c.dir/link.txt --verbose=1
/usr/bin/c++ -fPIC -shared -Wl,-soname,libuc1_robot_controllers_interfaces__rosidl_typesupport_fastrtps_c.so -o libuc1_robot_controllers_interfaces__rosidl_typesupport_fastrtps_c.so CMakeFiles/uc1_robot_controllers_interfaces__rosidl_typesupport_fastrtps_c.dir/rosidl_typesupport_fastrtps_c/uc1_robot_controllers_interfaces/action/detail/move_robot__type_support_c.cpp.o CMakeFiles/uc1_robot_controllers_interfaces__rosidl_typesupport_fastrtps_c.dir/rosidl_typesupport_fastrtps_c/uc1_robot_controllers_interfaces/action/detail/move_robot_tp__type_support_c.cpp.o CMakeFiles/uc1_robot_controllers_interfaces__rosidl_typesupport_fastrtps_c.dir/rosidl_typesupport_fastrtps_c/uc1_robot_controllers_interfaces/msg/detail/move_robot_point__type_support_c.cpp.o CMakeFiles/uc1_robot_controllers_interfaces__rosidl_typesupport_fastrtps_c.dir/rosidl_typesupport_fastrtps_c/uc1_robot_controllers_interfaces/msg/detail/move_robot_orient__type_support_c.cpp.o CMakeFiles/uc1_robot_controllers_interfaces__rosidl_typesupport_fastrtps_c.dir/rosidl_typesupport_fastrtps_c/uc1_robot_controllers_interfaces/msg/detail/move_robot_goal__type_support_c.cpp.o  -Wl,-rpath,/home/maclab/Documents/ROS_WORKSPACES/WS_Master_Thesis/build/uc1_robot_controllers_interfaces:/opt/ros/humble/lib: libuc1_robot_controllers_interfaces__rosidl_generator_c.so /opt/ros/humble/lib/libgeometry_msgs__rosidl_typesupport_fastrtps_c.so /opt/ros/humble/lib/libstd_msgs__rosidl_typesupport_fastrtps_c.so /opt/ros/humble/lib/libaction_msgs__rosidl_typesupport_fastrtps_c.so /opt/ros/humble/lib/libunique_identifier_msgs__rosidl_typesupport_fastrtps_c.so /opt/ros/humble/lib/libgeometry_msgs__rosidl_generator_c.so /opt/ros/humble/lib/libstd_msgs__rosidl_generator_c.so /opt/ros/humble/lib/libbuiltin_interfaces__rosidl_typesupport_fastrtps_c.so /opt/ros/humble/lib/librosidl_typesupport_fastrtps_cpp.so /opt/ros/humble/lib/libfastcdr.so.1.0.24 /opt/ros/humble/lib/librmw.so /opt/ros/humble/lib/librosidl_typesupport_fastrtps_c.so /opt/ros/humble/lib/libaction_msgs__rosidl_generator_c.so /opt/ros/humble/lib/libbuiltin_interfaces__rosidl_generator_c.so /opt/ros/humble/lib/libunique_identifier_msgs__rosidl_generator_c.so /opt/ros/humble/lib/librosidl_runtime_c.so /opt/ros/humble/lib/librcutils.so -ldl 
[ 69%] [32m[1mLinking CXX shared library libuc1_robot_controllers_interfaces__rosidl_typesupport_cpp.so[0m
/usr/bin/cmake -E cmake_link_script CMakeFiles/uc1_robot_controllers_interfaces__rosidl_typesupport_cpp.dir/link.txt --verbose=1
/usr/bin/c++ -fPIC -shared -Wl,-soname,libuc1_robot_controllers_interfaces__rosidl_typesupport_cpp.so -o libuc1_robot_controllers_interfaces__rosidl_typesupport_cpp.so CMakeFiles/uc1_robot_controllers_interfaces__rosidl_typesupport_cpp.dir/rosidl_typesupport_cpp/uc1_robot_controllers_interfaces/action/move_robot__type_support.cpp.o CMakeFiles/uc1_robot_controllers_interfaces__rosidl_typesupport_cpp.dir/rosidl_typesupport_cpp/uc1_robot_controllers_interfaces/action/move_robot_tp__type_support.cpp.o CMakeFiles/uc1_robot_controllers_interfaces__rosidl_typesupport_cpp.dir/rosidl_typesupport_cpp/uc1_robot_controllers_interfaces/msg/move_robot_point__type_support.cpp.o CMakeFiles/uc1_robot_controllers_interfaces__rosidl_typesupport_cpp.dir/rosidl_typesupport_cpp/uc1_robot_controllers_interfaces/msg/move_robot_orient__type_support.cpp.o CMakeFiles/uc1_robot_controllers_interfaces__rosidl_typesupport_cpp.dir/rosidl_typesupport_cpp/uc1_robot_controllers_interfaces/msg/move_robot_goal__type_support.cpp.o  -Wl,-rpath,/opt/ros/humble/lib: /opt/ros/humble/lib/libgeometry_msgs__rosidl_typesupport_cpp.so /opt/ros/humble/lib/libstd_msgs__rosidl_typesupport_cpp.so /opt/ros/humble/lib/libaction_msgs__rosidl_typesupport_cpp.so /opt/ros/humble/lib/libunique_identifier_msgs__rosidl_typesupport_cpp.so /opt/ros/humble/lib/libbuiltin_interfaces__rosidl_typesupport_cpp.so /opt/ros/humble/lib/librosidl_typesupport_cpp.so /opt/ros/humble/lib/librosidl_typesupport_c.so /opt/ros/humble/lib/librosidl_runtime_c.so /opt/ros/humble/lib/librcutils.so -ldl -Wl,-rpath-link,/opt/ros/humble/lib 
gmake[2]: Leaving directory '/home/maclab/Documents/ROS_WORKSPACES/WS_Master_Thesis/build/uc1_robot_controllers_interfaces'
gmake[2]: Leaving directory '/home/maclab/Documents/ROS_WORKSPACES/WS_Master_Thesis/build/uc1_robot_controllers_interfaces'
[ 72%] [32m[1mLinking CXX shared library libuc1_robot_controllers_interfaces__rosidl_typesupport_fastrtps_cpp.so[0m
[ 73%] Built target uc1_robot_controllers_interfaces__rosidl_typesupport_cpp
[ 73%] Built target uc1_robot_controllers_interfaces__rosidl_typesupport_fastrtps_c
/usr/bin/cmake -E cmake_link_script CMakeFiles/uc1_robot_controllers_interfaces__rosidl_typesupport_fastrtps_cpp.dir/link.txt --verbose=1
/usr/bin/c++ -fPIC -shared -Wl,-soname,libuc1_robot_controllers_interfaces__rosidl_typesupport_fastrtps_cpp.so -o libuc1_robot_controllers_interfaces__rosidl_typesupport_fastrtps_cpp.so CMakeFiles/uc1_robot_controllers_interfaces__rosidl_typesupport_fastrtps_cpp.dir/rosidl_typesupport_fastrtps_cpp/uc1_robot_controllers_interfaces/action/detail/dds_fastrtps/move_robot__type_support.cpp.o CMakeFiles/uc1_robot_controllers_interfaces__rosidl_typesupport_fastrtps_cpp.dir/rosidl_typesupport_fastrtps_cpp/uc1_robot_controllers_interfaces/action/detail/dds_fastrtps/move_robot_tp__type_support.cpp.o CMakeFiles/uc1_robot_controllers_interfaces__rosidl_typesupport_fastrtps_cpp.dir/rosidl_typesupport_fastrtps_cpp/uc1_robot_controllers_interfaces/msg/detail/dds_fastrtps/move_robot_point__type_support.cpp.o CMakeFiles/uc1_robot_controllers_interfaces__rosidl_typesupport_fastrtps_cpp.dir/rosidl_typesupport_fastrtps_cpp/uc1_robot_controllers_interfaces/msg/detail/dds_fastrtps/move_robot_orient__type_support.cpp.o CMakeFiles/uc1_robot_controllers_interfaces__rosidl_typesupport_fastrtps_cpp.dir/rosidl_typesupport_fastrtps_cpp/uc1_robot_controllers_interfaces/msg/detail/dds_fastrtps/move_robot_goal__type_support.cpp.o  -Wl,-rpath,/opt/ros/humble/lib: /opt/ros/humble/lib/libgeometry_msgs__rosidl_typesupport_fastrtps_cpp.so /opt/ros/humble/lib/libstd_msgs__rosidl_typesupport_fastrtps_cpp.so /opt/ros/humble/lib/libaction_msgs__rosidl_typesupport_fastrtps_cpp.so /opt/ros/humble/lib/libunique_identifier_msgs__rosidl_typesupport_fastrtps_cpp.so /opt/ros/humble/lib/libbuiltin_interfaces__rosidl_typesupport_fastrtps_cpp.so /opt/ros/humble/lib/librosidl_typesupport_fastrtps_cpp.so /opt/ros/humble/lib/libfastcdr.so.1.0.24 /opt/ros/humble/lib/librmw.so /opt/ros/humble/lib/librosidl_runtime_c.so /opt/ros/humble/lib/librcutils.so -ldl 
[ 75%] [32m[1mLinking CXX shared library libuc1_robot_controllers_interfaces__rosidl_typesupport_introspection_cpp.so[0m
/usr/bin/cmake -E cmake_link_script CMakeFiles/uc1_robot_controllers_interfaces__rosidl_typesupport_introspection_cpp.dir/link.txt --verbose=1
/usr/bin/c++ -fPIC -shared -Wl,-soname,libuc1_robot_controllers_interfaces__rosidl_typesupport_introspection_cpp.so -o libuc1_robot_controllers_interfaces__rosidl_typesupport_introspection_cpp.so CMakeFiles/uc1_robot_controllers_interfaces__rosidl_typesupport_introspection_cpp.dir/rosidl_typesupport_introspection_cpp/uc1_robot_controllers_interfaces/action/detail/move_robot__type_support.cpp.o CMakeFiles/uc1_robot_controllers_interfaces__rosidl_typesupport_introspection_cpp.dir/rosidl_typesupport_introspection_cpp/uc1_robot_controllers_interfaces/action/detail/move_robot_tp__type_support.cpp.o CMakeFiles/uc1_robot_controllers_interfaces__rosidl_typesupport_introspection_cpp.dir/rosidl_typesupport_introspection_cpp/uc1_robot_controllers_interfaces/msg/detail/move_robot_point__type_support.cpp.o CMakeFiles/uc1_robot_controllers_interfaces__rosidl_typesupport_introspection_cpp.dir/rosidl_typesupport_introspection_cpp/uc1_robot_controllers_interfaces/msg/detail/move_robot_orient__type_support.cpp.o CMakeFiles/uc1_robot_controllers_interfaces__rosidl_typesupport_introspection_cpp.dir/rosidl_typesupport_introspection_cpp/uc1_robot_controllers_interfaces/msg/detail/move_robot_goal__type_support.cpp.o  -Wl,-rpath,/opt/ros/humble/lib: /opt/ros/humble/lib/libgeometry_msgs__rosidl_typesupport_introspection_cpp.so /opt/ros/humble/lib/libstd_msgs__rosidl_typesupport_introspection_cpp.so /opt/ros/humble/lib/libaction_msgs__rosidl_typesupport_introspection_cpp.so /opt/ros/humble/lib/libunique_identifier_msgs__rosidl_typesupport_introspection_cpp.so /opt/ros/humble/lib/libbuiltin_interfaces__rosidl_typesupport_introspection_cpp.so /opt/ros/humble/lib/librosidl_typesupport_introspection_cpp.so /opt/ros/humble/lib/librosidl_typesupport_introspection_c.so /opt/ros/humble/lib/librosidl_runtime_c.so /opt/ros/humble/lib/librcutils.so -ldl 
gmake[2]: Leaving directory '/home/maclab/Documents/ROS_WORKSPACES/WS_Master_Thesis/build/uc1_robot_controllers_interfaces'
[ 76%] Built target uc1_robot_controllers_interfaces__rosidl_typesupport_fastrtps_cpp
gmake[2]: Leaving directory '/home/maclab/Documents/ROS_WORKSPACES/WS_Master_Thesis/build/uc1_robot_controllers_interfaces'
[ 78%] Built target uc1_robot_controllers_interfaces__rosidl_typesupport_introspection_cpp
/usr/bin/gmake  -f CMakeFiles/uc1_robot_controllers_interfaces.dir/build.make CMakeFiles/uc1_robot_controllers_interfaces.dir/depend
gmake[2]: Entering directory '/home/maclab/Documents/ROS_WORKSPACES/WS_Master_Thesis/build/uc1_robot_controllers_interfaces'
cd /home/maclab/Documents/ROS_WORKSPACES/WS_Master_Thesis/build/uc1_robot_controllers_interfaces && /usr/bin/cmake -E cmake_depends "Unix Makefiles" /home/maclab/Documents/ROS_WORKSPACES/WS_Master_Thesis/src/uc1_robot_controllers_interfaces /home/maclab/Documents/ROS_WORKSPACES/WS_Master_Thesis/src/uc1_robot_controllers_interfaces /home/maclab/Documents/ROS_WORKSPACES/WS_Master_Thesis/build/uc1_robot_controllers_interfaces /home/maclab/Documents/ROS_WORKSPACES/WS_Master_Thesis/build/uc1_robot_controllers_interfaces /home/maclab/Documents/ROS_WORKSPACES/WS_Master_Thesis/build/uc1_robot_controllers_interfaces/CMakeFiles/uc1_robot_controllers_interfaces.dir/DependInfo.cmake --color=
gmake[2]: Leaving directory '/home/maclab/Documents/ROS_WORKSPACES/WS_Master_Thesis/build/uc1_robot_controllers_interfaces'
/usr/bin/gmake  -f CMakeFiles/uc1_robot_controllers_interfaces.dir/build.make CMakeFiles/uc1_robot_controllers_interfaces.dir/build
gmake[2]: Entering directory '/home/maclab/Documents/ROS_WORKSPACES/WS_Master_Thesis/build/uc1_robot_controllers_interfaces'
gmake[2]: Nothing to be done for 'CMakeFiles/uc1_robot_controllers_interfaces.dir/build'.
gmake[2]: Leaving directory '/home/maclab/Documents/ROS_WORKSPACES/WS_Master_Thesis/build/uc1_robot_controllers_interfaces'
[ 78%] Built target uc1_robot_controllers_interfaces
/usr/bin/gmake  -f uc1_robot_controllers_interfaces__py/CMakeFiles/uc1_robot_controllers_interfaces__py.dir/build.make uc1_robot_controllers_interfaces__py/CMakeFiles/uc1_robot_controllers_interfaces__py.dir/depend
gmake[2]: Entering directory '/home/maclab/Documents/ROS_WORKSPACES/WS_Master_Thesis/build/uc1_robot_controllers_interfaces'
cd /home/maclab/Documents/ROS_WORKSPACES/WS_Master_Thesis/build/uc1_robot_controllers_interfaces && /usr/bin/cmake -E cmake_depends "Unix Makefiles" /home/maclab/Documents/ROS_WORKSPACES/WS_Master_Thesis/src/uc1_robot_controllers_interfaces /home/maclab/Documents/ROS_WORKSPACES/WS_Master_Thesis/build/uc1_robot_controllers_interfaces/uc1_robot_controllers_interfaces__py /home/maclab/Documents/ROS_WORKSPACES/WS_Master_Thesis/build/uc1_robot_controllers_interfaces /home/maclab/Documents/ROS_WORKSPACES/WS_Master_Thesis/build/uc1_robot_controllers_interfaces/uc1_robot_controllers_interfaces__py /home/maclab/Documents/ROS_WORKSPACES/WS_Master_Thesis/build/uc1_robot_controllers_interfaces/uc1_robot_controllers_interfaces__py/CMakeFiles/uc1_robot_controllers_interfaces__py.dir/DependInfo.cmake --color=
gmake[2]: Leaving directory '/home/maclab/Documents/ROS_WORKSPACES/WS_Master_Thesis/build/uc1_robot_controllers_interfaces'
/usr/bin/gmake  -f uc1_robot_controllers_interfaces__py/CMakeFiles/uc1_robot_controllers_interfaces__py.dir/build.make uc1_robot_controllers_interfaces__py/CMakeFiles/uc1_robot_controllers_interfaces__py.dir/build
gmake[2]: Entering directory '/home/maclab/Documents/ROS_WORKSPACES/WS_Master_Thesis/build/uc1_robot_controllers_interfaces'
gmake[2]: Nothing to be done for 'uc1_robot_controllers_interfaces__py/CMakeFiles/uc1_robot_controllers_interfaces__py.dir/build'.
gmake[2]: Leaving directory '/home/maclab/Documents/ROS_WORKSPACES/WS_Master_Thesis/build/uc1_robot_controllers_interfaces'
[ 80%] Built target uc1_robot_controllers_interfaces__py
/usr/bin/gmake  -f CMakeFiles/uc1_robot_controllers_interfaces__rosidl_generator_py.dir/build.make CMakeFiles/uc1_robot_controllers_interfaces__rosidl_generator_py.dir/depend
gmake[2]: Entering directory '/home/maclab/Documents/ROS_WORKSPACES/WS_Master_Thesis/build/uc1_robot_controllers_interfaces'
cd /home/maclab/Documents/ROS_WORKSPACES/WS_Master_Thesis/build/uc1_robot_controllers_interfaces && /usr/bin/cmake -E cmake_depends "Unix Makefiles" /home/maclab/Documents/ROS_WORKSPACES/WS_Master_Thesis/src/uc1_robot_controllers_interfaces /home/maclab/Documents/ROS_WORKSPACES/WS_Master_Thesis/src/uc1_robot_controllers_interfaces /home/maclab/Documents/ROS_WORKSPACES/WS_Master_Thesis/build/uc1_robot_controllers_interfaces /home/maclab/Documents/ROS_WORKSPACES/WS_Master_Thesis/build/uc1_robot_controllers_interfaces /home/maclab/Documents/ROS_WORKSPACES/WS_Master_Thesis/build/uc1_robot_controllers_interfaces/CMakeFiles/uc1_robot_controllers_interfaces__rosidl_generator_py.dir/DependInfo.cmake --color=
Dependencies file "CMakeFiles/uc1_robot_controllers_interfaces__rosidl_generator_py.dir/rosidl_generator_py/uc1_robot_controllers_interfaces/action/_move_robot_s.c.o.d" is newer than depends file "/home/maclab/Documents/ROS_WORKSPACES/WS_Master_Thesis/build/uc1_robot_controllers_interfaces/CMakeFiles/uc1_robot_controllers_interfaces__rosidl_generator_py.dir/compiler_depend.internal".
Dependencies file "CMakeFiles/uc1_robot_controllers_interfaces__rosidl_generator_py.dir/rosidl_generator_py/uc1_robot_controllers_interfaces/action/_move_robot_tp_s.c.o.d" is newer than depends file "/home/maclab/Documents/ROS_WORKSPACES/WS_Master_Thesis/build/uc1_robot_controllers_interfaces/CMakeFiles/uc1_robot_controllers_interfaces__rosidl_generator_py.dir/compiler_depend.internal".
Dependencies file "CMakeFiles/uc1_robot_controllers_interfaces__rosidl_generator_py.dir/rosidl_generator_py/uc1_robot_controllers_interfaces/msg/_move_robot_goal_s.c.o.d" is newer than depends file "/home/maclab/Documents/ROS_WORKSPACES/WS_Master_Thesis/build/uc1_robot_controllers_interfaces/CMakeFiles/uc1_robot_controllers_interfaces__rosidl_generator_py.dir/compiler_depend.internal".
Dependencies file "CMakeFiles/uc1_robot_controllers_interfaces__rosidl_generator_py.dir/rosidl_generator_py/uc1_robot_controllers_interfaces/msg/_move_robot_orient_s.c.o.d" is newer than depends file "/home/maclab/Documents/ROS_WORKSPACES/WS_Master_Thesis/build/uc1_robot_controllers_interfaces/CMakeFiles/uc1_robot_controllers_interfaces__rosidl_generator_py.dir/compiler_depend.internal".
Dependencies file "CMakeFiles/uc1_robot_controllers_interfaces__rosidl_generator_py.dir/rosidl_generator_py/uc1_robot_controllers_interfaces/msg/_move_robot_point_s.c.o.d" is newer than depends file "/home/maclab/Documents/ROS_WORKSPACES/WS_Master_Thesis/build/uc1_robot_controllers_interfaces/CMakeFiles/uc1_robot_controllers_interfaces__rosidl_generator_py.dir/compiler_depend.internal".
[35m[1mConsolidate compiler generated dependencies of target uc1_robot_controllers_interfaces__rosidl_generator_py[0m
gmake[2]: Leaving directory '/home/maclab/Documents/ROS_WORKSPACES/WS_Master_Thesis/build/uc1_robot_controllers_interfaces'
/usr/bin/gmake  -f CMakeFiles/uc1_robot_controllers_interfaces__rosidl_generator_py.dir/build.make CMakeFiles/uc1_robot_controllers_interfaces__rosidl_generator_py.dir/build
gmake[2]: Entering directory '/home/maclab/Documents/ROS_WORKSPACES/WS_Master_Thesis/build/uc1_robot_controllers_interfaces'
[ 81%] [32mBuilding C object CMakeFiles/uc1_robot_controllers_interfaces__rosidl_generator_py.dir/rosidl_generator_py/uc1_robot_controllers_interfaces/action/_move_robot_s.c.o[0m
[ 83%] [32mBuilding C object CMakeFiles/uc1_robot_controllers_interfaces__rosidl_generator_py.dir/rosidl_generator_py/uc1_robot_controllers_interfaces/action/_move_robot_tp_s.c.o[0m
[ 86%] [32mBuilding C object CMakeFiles/uc1_robot_controllers_interfaces__rosidl_generator_py.dir/rosidl_generator_py/uc1_robot_controllers_interfaces/msg/_move_robot_point_s.c.o[0m
[ 86%] [32mBuilding C object CMakeFiles/uc1_robot_controllers_interfaces__rosidl_generator_py.dir/rosidl_generator_py/uc1_robot_controllers_interfaces/msg/_move_robot_orient_s.c.o[0m
/usr/bin/cc -DRCUTILS_ENABLE_FAULT_INJECTION -DROS_PACKAGE_NAME=\"uc1_robot_controllers_interfaces\" -Duc1_robot_controllers_interfaces__rosidl_generator_py_EXPORTS -I/home/maclab/Documents/ROS_WORKSPACES/WS_Master_Thesis/build/uc1_robot_controllers_interfaces/rosidl_generator_c -I/home/maclab/Documents/ROS_WORKSPACES/WS_Master_Thesis/build/uc1_robot_controllers_interfaces/rosidl_generator_py -I/usr/include/python3.10 -I/home/maclab/Documents/ROS_WORKSPACES/WS_Master_Thesis/src/uc1_robot_controllers_interfaces/include/uc1_robot_controllers_interfaces -isystem /opt/ros/humble/include/geometry_msgs -isystem /opt/ros/humble/include/std_msgs -isystem /opt/ros/humble/include/builtin_interfaces -isystem /opt/ros/humble/include/rosidl_runtime_c -isystem /opt/ros/humble/include/rcutils -isystem /opt/ros/humble/include/rosidl_typesupport_interface -isystem /opt/ros/humble/include/action_msgs -isystem /opt/ros/humble/include/unique_identifier_msgs -fPIC -Wall -Wextra -MD -MT CMakeFiles/uc1_robot_controllers_interfaces__rosidl_generator_py.dir/rosidl_generator_py/uc1_robot_controllers_interfaces/action/_move_robot_s.c.o -MF CMakeFiles/uc1_robot_controllers_interfaces__rosidl_generator_py.dir/rosidl_generator_py/uc1_robot_controllers_interfaces/action/_move_robot_s.c.o.d -o CMakeFiles/uc1_robot_controllers_interfaces__rosidl_generator_py.dir/rosidl_generator_py/uc1_robot_controllers_interfaces/action/_move_robot_s.c.o -c /home/maclab/Documents/ROS_WORKSPACES/WS_Master_Thesis/build/uc1_robot_controllers_interfaces/rosidl_generator_py/uc1_robot_controllers_interfaces/action/_move_robot_s.c
[ 87%] [32mBuilding C object CMakeFiles/uc1_robot_controllers_interfaces__rosidl_generator_py.dir/rosidl_generator_py/uc1_robot_controllers_interfaces/msg/_move_robot_goal_s.c.o[0m
/usr/bin/cc -DRCUTILS_ENABLE_FAULT_INJECTION -DROS_PACKAGE_NAME=\"uc1_robot_controllers_interfaces\" -Duc1_robot_controllers_interfaces__rosidl_generator_py_EXPORTS -I/home/maclab/Documents/ROS_WORKSPACES/WS_Master_Thesis/build/uc1_robot_controllers_interfaces/rosidl_generator_c -I/home/maclab/Documents/ROS_WORKSPACES/WS_Master_Thesis/build/uc1_robot_controllers_interfaces/rosidl_generator_py -I/usr/include/python3.10 -I/home/maclab/Documents/ROS_WORKSPACES/WS_Master_Thesis/src/uc1_robot_controllers_interfaces/include/uc1_robot_controllers_interfaces -isystem /opt/ros/humble/include/geometry_msgs -isystem /opt/ros/humble/include/std_msgs -isystem /opt/ros/humble/include/builtin_interfaces -isystem /opt/ros/humble/include/rosidl_runtime_c -isystem /opt/ros/humble/include/rcutils -isystem /opt/ros/humble/include/rosidl_typesupport_interface -isystem /opt/ros/humble/include/action_msgs -isystem /opt/ros/humble/include/unique_identifier_msgs -fPIC -Wall -Wextra -MD -MT CMakeFiles/uc1_robot_controllers_interfaces__rosidl_generator_py.dir/rosidl_generator_py/uc1_robot_controllers_interfaces/action/_move_robot_tp_s.c.o -MF CMakeFiles/uc1_robot_controllers_interfaces__rosidl_generator_py.dir/rosidl_generator_py/uc1_robot_controllers_interfaces/action/_move_robot_tp_s.c.o.d -o CMakeFiles/uc1_robot_controllers_interfaces__rosidl_generator_py.dir/rosidl_generator_py/uc1_robot_controllers_interfaces/action/_move_robot_tp_s.c.o -c /home/maclab/Documents/ROS_WORKSPACES/WS_Master_Thesis/build/uc1_robot_controllers_interfaces/rosidl_generator_py/uc1_robot_controllers_interfaces/action/_move_robot_tp_s.c
/usr/bin/cc -DRCUTILS_ENABLE_FAULT_INJECTION -DROS_PACKAGE_NAME=\"uc1_robot_controllers_interfaces\" -Duc1_robot_controllers_interfaces__rosidl_generator_py_EXPORTS -I/home/maclab/Documents/ROS_WORKSPACES/WS_Master_Thesis/build/uc1_robot_controllers_interfaces/rosidl_generator_c -I/home/maclab/Documents/ROS_WORKSPACES/WS_Master_Thesis/build/uc1_robot_controllers_interfaces/rosidl_generator_py -I/usr/include/python3.10 -I/home/maclab/Documents/ROS_WORKSPACES/WS_Master_Thesis/src/uc1_robot_controllers_interfaces/include/uc1_robot_controllers_interfaces -isystem /opt/ros/humble/include/geometry_msgs -isystem /opt/ros/humble/include/std_msgs -isystem /opt/ros/humble/include/builtin_interfaces -isystem /opt/ros/humble/include/rosidl_runtime_c -isystem /opt/ros/humble/include/rcutils -isystem /opt/ros/humble/include/rosidl_typesupport_interface -isystem /opt/ros/humble/include/action_msgs -isystem /opt/ros/humble/include/unique_identifier_msgs -fPIC -Wall -Wextra -MD -MT CMakeFiles/uc1_robot_controllers_interfaces__rosidl_generator_py.dir/rosidl_generator_py/uc1_robot_controllers_interfaces/msg/_move_robot_point_s.c.o -MF CMakeFiles/uc1_robot_controllers_interfaces__rosidl_generator_py.dir/rosidl_generator_py/uc1_robot_controllers_interfaces/msg/_move_robot_point_s.c.o.d -o CMakeFiles/uc1_robot_controllers_interfaces__rosidl_generator_py.dir/rosidl_generator_py/uc1_robot_controllers_interfaces/msg/_move_robot_point_s.c.o -c /home/maclab/Documents/ROS_WORKSPACES/WS_Master_Thesis/build/uc1_robot_controllers_interfaces/rosidl_generator_py/uc1_robot_controllers_interfaces/msg/_move_robot_point_s.c
/usr/bin/cc -DRCUTILS_ENABLE_FAULT_INJECTION -DROS_PACKAGE_NAME=\"uc1_robot_controllers_interfaces\" -Duc1_robot_controllers_interfaces__rosidl_generator_py_EXPORTS -I/home/maclab/Documents/ROS_WORKSPACES/WS_Master_Thesis/build/uc1_robot_controllers_interfaces/rosidl_generator_c -I/home/maclab/Documents/ROS_WORKSPACES/WS_Master_Thesis/build/uc1_robot_controllers_interfaces/rosidl_generator_py -I/usr/include/python3.10 -I/home/maclab/Documents/ROS_WORKSPACES/WS_Master_Thesis/src/uc1_robot_controllers_interfaces/include/uc1_robot_controllers_interfaces -isystem /opt/ros/humble/include/geometry_msgs -isystem /opt/ros/humble/include/std_msgs -isystem /opt/ros/humble/include/builtin_interfaces -isystem /opt/ros/humble/include/rosidl_runtime_c -isystem /opt/ros/humble/include/rcutils -isystem /opt/ros/humble/include/rosidl_typesupport_interface -isystem /opt/ros/humble/include/action_msgs -isystem /opt/ros/humble/include/unique_identifier_msgs -fPIC -Wall -Wextra -MD -MT CMakeFiles/uc1_robot_controllers_interfaces__rosidl_generator_py.dir/rosidl_generator_py/uc1_robot_controllers_interfaces/msg/_move_robot_orient_s.c.o -MF CMakeFiles/uc1_robot_controllers_interfaces__rosidl_generator_py.dir/rosidl_generator_py/uc1_robot_controllers_interfaces/msg/_move_robot_orient_s.c.o.d -o CMakeFiles/uc1_robot_controllers_interfaces__rosidl_generator_py.dir/rosidl_generator_py/uc1_robot_controllers_interfaces/msg/_move_robot_orient_s.c.o -c /home/maclab/Documents/ROS_WORKSPACES/WS_Master_Thesis/build/uc1_robot_controllers_interfaces/rosidl_generator_py/uc1_robot_controllers_interfaces/msg/_move_robot_orient_s.c
/usr/bin/cc -DRCUTILS_ENABLE_FAULT_INJECTION -DROS_PACKAGE_NAME=\"uc1_robot_controllers_interfaces\" -Duc1_robot_controllers_interfaces__rosidl_generator_py_EXPORTS -I/home/maclab/Documents/ROS_WORKSPACES/WS_Master_Thesis/build/uc1_robot_controllers_interfaces/rosidl_generator_c -I/home/maclab/Documents/ROS_WORKSPACES/WS_Master_Thesis/build/uc1_robot_controllers_interfaces/rosidl_generator_py -I/usr/include/python3.10 -I/home/maclab/Documents/ROS_WORKSPACES/WS_Master_Thesis/src/uc1_robot_controllers_interfaces/include/uc1_robot_controllers_interfaces -isystem /opt/ros/humble/include/geometry_msgs -isystem /opt/ros/humble/include/std_msgs -isystem /opt/ros/humble/include/builtin_interfaces -isystem /opt/ros/humble/include/rosidl_runtime_c -isystem /opt/ros/humble/include/rcutils -isystem /opt/ros/humble/include/rosidl_typesupport_interface -isystem /opt/ros/humble/include/action_msgs -isystem /opt/ros/humble/include/unique_identifier_msgs -fPIC -Wall -Wextra -MD -MT CMakeFiles/uc1_robot_controllers_interfaces__rosidl_generator_py.dir/rosidl_generator_py/uc1_robot_controllers_interfaces/msg/_move_robot_goal_s.c.o -MF CMakeFiles/uc1_robot_controllers_interfaces__rosidl_generator_py.dir/rosidl_generator_py/uc1_robot_controllers_interfaces/msg/_move_robot_goal_s.c.o.d -o CMakeFiles/uc1_robot_controllers_interfaces__rosidl_generator_py.dir/rosidl_generator_py/uc1_robot_controllers_interfaces/msg/_move_robot_goal_s.c.o -c /home/maclab/Documents/ROS_WORKSPACES/WS_Master_Thesis/build/uc1_robot_controllers_interfaces/rosidl_generator_py/uc1_robot_controllers_interfaces/msg/_move_robot_goal_s.c
[ 89%] [32m[1mLinking C shared library rosidl_generator_py/uc1_robot_controllers_interfaces/libuc1_robot_controllers_interfaces__rosidl_generator_py.so[0m
/usr/bin/cmake -E cmake_link_script CMakeFiles/uc1_robot_controllers_interfaces__rosidl_generator_py.dir/link.txt --verbose=1
/usr/bin/cc -fPIC -shared -Wl,-soname,libuc1_robot_controllers_interfaces__rosidl_generator_py.so -o rosidl_generator_py/uc1_robot_controllers_interfaces/libuc1_robot_controllers_interfaces__rosidl_generator_py.so CMakeFiles/uc1_robot_controllers_interfaces__rosidl_generator_py.dir/rosidl_generator_py/uc1_robot_controllers_interfaces/action/_move_robot_s.c.o CMakeFiles/uc1_robot_controllers_interfaces__rosidl_generator_py.dir/rosidl_generator_py/uc1_robot_controllers_interfaces/action/_move_robot_tp_s.c.o CMakeFiles/uc1_robot_controllers_interfaces__rosidl_generator_py.dir/rosidl_generator_py/uc1_robot_controllers_interfaces/msg/_move_robot_point_s.c.o CMakeFiles/uc1_robot_controllers_interfaces__rosidl_generator_py.dir/rosidl_generator_py/uc1_robot_controllers_interfaces/msg/_move_robot_orient_s.c.o CMakeFiles/uc1_robot_controllers_interfaces__rosidl_generator_py.dir/rosidl_generator_py/uc1_robot_controllers_interfaces/msg/_move_robot_goal_s.c.o  -Wl,-rpath,/home/maclab/Documents/ROS_WORKSPACES/WS_Master_Thesis/build/uc1_robot_controllers_interfaces:/opt/ros/humble/lib: /usr/lib/x86_64-linux-gnu/libpython3.10.so libuc1_robot_controllers_interfaces__rosidl_typesupport_c.so /opt/ros/humble/lib/libgeometry_msgs__rosidl_generator_py.so /opt/ros/humble/lib/libstd_msgs__rosidl_generator_py.so /opt/ros/humble/lib/libaction_msgs__rosidl_generator_py.so /opt/ros/humble/lib/libunique_identifier_msgs__rosidl_generator_py.so libuc1_robot_controllers_interfaces__rosidl_generator_c.so /opt/ros/humble/lib/libgeometry_msgs__rosidl_typesupport_c.so /opt/ros/humble/lib/libgeometry_msgs__rosidl_generator_c.so /opt/ros/humble/lib/libstd_msgs__rosidl_typesupport_c.so /opt/ros/humble/lib/libstd_msgs__rosidl_generator_c.so /opt/ros/humble/lib/libbuiltin_interfaces__rosidl_generator_py.so /usr/lib/x86_64-linux-gnu/libpython3.10.so /opt/ros/humble/lib/libaction_msgs__rosidl_typesupport_c.so /opt/ros/humble/lib/libaction_msgs__rosidl_generator_c.so /opt/ros/humble/lib/libbuiltin_interfaces__rosidl_typesupport_c.so /opt/ros/humble/lib/libbuiltin_interfaces__rosidl_generator_c.so /opt/ros/humble/lib/libunique_identifier_msgs__rosidl_typesupport_c.so /opt/ros/humble/lib/libunique_identifier_msgs__rosidl_generator_c.so /opt/ros/humble/lib/librosidl_runtime_c.so /opt/ros/humble/lib/librcutils.so -ldl -Wl,-rpath-link,/opt/ros/humble/lib 
gmake[2]: Leaving directory '/home/maclab/Documents/ROS_WORKSPACES/WS_Master_Thesis/build/uc1_robot_controllers_interfaces'
[ 89%] Built target uc1_robot_controllers_interfaces__rosidl_generator_py
/usr/bin/gmake  -f CMakeFiles/uc1_robot_controllers_interfaces__rosidl_typesupport_fastrtps_c__pyext.dir/build.make CMakeFiles/uc1_robot_controllers_interfaces__rosidl_typesupport_fastrtps_c__pyext.dir/depend
/usr/bin/gmake  -f CMakeFiles/uc1_robot_controllers_interfaces__rosidl_typesupport_introspection_c__pyext.dir/build.make CMakeFiles/uc1_robot_controllers_interfaces__rosidl_typesupport_introspection_c__pyext.dir/depend
/usr/bin/gmake  -f CMakeFiles/uc1_robot_controllers_interfaces__rosidl_typesupport_c__pyext.dir/build.make CMakeFiles/uc1_robot_controllers_interfaces__rosidl_typesupport_c__pyext.dir/depend
gmake[2]: Entering directory '/home/maclab/Documents/ROS_WORKSPACES/WS_Master_Thesis/build/uc1_robot_controllers_interfaces'
cd /home/maclab/Documents/ROS_WORKSPACES/WS_Master_Thesis/build/uc1_robot_controllers_interfaces && /usr/bin/cmake -E cmake_depends "Unix Makefiles" /home/maclab/Documents/ROS_WORKSPACES/WS_Master_Thesis/src/uc1_robot_controllers_interfaces /home/maclab/Documents/ROS_WORKSPACES/WS_Master_Thesis/src/uc1_robot_controllers_interfaces /home/maclab/Documents/ROS_WORKSPACES/WS_Master_Thesis/build/uc1_robot_controllers_interfaces /home/maclab/Documents/ROS_WORKSPACES/WS_Master_Thesis/build/uc1_robot_controllers_interfaces /home/maclab/Documents/ROS_WORKSPACES/WS_Master_Thesis/build/uc1_robot_controllers_interfaces/CMakeFiles/uc1_robot_controllers_interfaces__rosidl_typesupport_fastrtps_c__pyext.dir/DependInfo.cmake --color=
gmake[2]: Entering directory '/home/maclab/Documents/ROS_WORKSPACES/WS_Master_Thesis/build/uc1_robot_controllers_interfaces'
cd /home/maclab/Documents/ROS_WORKSPACES/WS_Master_Thesis/build/uc1_robot_controllers_interfaces && /usr/bin/cmake -E cmake_depends "Unix Makefiles" /home/maclab/Documents/ROS_WORKSPACES/WS_Master_Thesis/src/uc1_robot_controllers_interfaces /home/maclab/Documents/ROS_WORKSPACES/WS_Master_Thesis/src/uc1_robot_controllers_interfaces /home/maclab/Documents/ROS_WORKSPACES/WS_Master_Thesis/build/uc1_robot_controllers_interfaces /home/maclab/Documents/ROS_WORKSPACES/WS_Master_Thesis/build/uc1_robot_controllers_interfaces /home/maclab/Documents/ROS_WORKSPACES/WS_Master_Thesis/build/uc1_robot_controllers_interfaces/CMakeFiles/uc1_robot_controllers_interfaces__rosidl_typesupport_introspection_c__pyext.dir/DependInfo.cmake --color=
gmake[2]: Entering directory '/home/maclab/Documents/ROS_WORKSPACES/WS_Master_Thesis/build/uc1_robot_controllers_interfaces'
cd /home/maclab/Documents/ROS_WORKSPACES/WS_Master_Thesis/build/uc1_robot_controllers_interfaces && /usr/bin/cmake -E cmake_depends "Unix Makefiles" /home/maclab/Documents/ROS_WORKSPACES/WS_Master_Thesis/src/uc1_robot_controllers_interfaces /home/maclab/Documents/ROS_WORKSPACES/WS_Master_Thesis/src/uc1_robot_controllers_interfaces /home/maclab/Documents/ROS_WORKSPACES/WS_Master_Thesis/build/uc1_robot_controllers_interfaces /home/maclab/Documents/ROS_WORKSPACES/WS_Master_Thesis/build/uc1_robot_controllers_interfaces /home/maclab/Documents/ROS_WORKSPACES/WS_Master_Thesis/build/uc1_robot_controllers_interfaces/CMakeFiles/uc1_robot_controllers_interfaces__rosidl_typesupport_c__pyext.dir/DependInfo.cmake --color=
Dependencies file "CMakeFiles/uc1_robot_controllers_interfaces__rosidl_typesupport_fastrtps_c__pyext.dir/rosidl_generator_py/uc1_robot_controllers_interfaces/_uc1_robot_controllers_interfaces_s.ep.rosidl_typesupport_fastrtps_c.c.o.d" is newer than depends file "/home/maclab/Documents/ROS_WORKSPACES/WS_Master_Thesis/build/uc1_robot_controllers_interfaces/CMakeFiles/uc1_robot_controllers_interfaces__rosidl_typesupport_fastrtps_c__pyext.dir/compiler_depend.internal".
Dependencies file "CMakeFiles/uc1_robot_controllers_interfaces__rosidl_typesupport_c__pyext.dir/rosidl_generator_py/uc1_robot_controllers_interfaces/_uc1_robot_controllers_interfaces_s.ep.rosidl_typesupport_c.c.o.d" is newer than depends file "/home/maclab/Documents/ROS_WORKSPACES/WS_Master_Thesis/build/uc1_robot_controllers_interfaces/CMakeFiles/uc1_robot_controllers_interfaces__rosidl_typesupport_c__pyext.dir/compiler_depend.internal".
Dependencies file "CMakeFiles/uc1_robot_controllers_interfaces__rosidl_typesupport_introspection_c__pyext.dir/rosidl_generator_py/uc1_robot_controllers_interfaces/_uc1_robot_controllers_interfaces_s.ep.rosidl_typesupport_introspection_c.c.o.d" is newer than depends file "/home/maclab/Documents/ROS_WORKSPACES/WS_Master_Thesis/build/uc1_robot_controllers_interfaces/CMakeFiles/uc1_robot_controllers_interfaces__rosidl_typesupport_introspection_c__pyext.dir/compiler_depend.internal".
[35m[1mConsolidate compiler generated dependencies of target uc1_robot_controllers_interfaces__rosidl_typesupport_fastrtps_c__pyext[0m
[35m[1mConsolidate compiler generated dependencies of target uc1_robot_controllers_interfaces__rosidl_typesupport_c__pyext[0m
[35m[1mConsolidate compiler generated dependencies of target uc1_robot_controllers_interfaces__rosidl_typesupport_introspection_c__pyext[0m
gmake[2]: Leaving directory '/home/maclab/Documents/ROS_WORKSPACES/WS_Master_Thesis/build/uc1_robot_controllers_interfaces'
gmake[2]: Leaving directory '/home/maclab/Documents/ROS_WORKSPACES/WS_Master_Thesis/build/uc1_robot_controllers_interfaces'
gmake[2]: Leaving directory '/home/maclab/Documents/ROS_WORKSPACES/WS_Master_Thesis/build/uc1_robot_controllers_interfaces'
/usr/bin/gmake  -f CMakeFiles/uc1_robot_controllers_interfaces__rosidl_typesupport_fastrtps_c__pyext.dir/build.make CMakeFiles/uc1_robot_controllers_interfaces__rosidl_typesupport_fastrtps_c__pyext.dir/build
/usr/bin/gmake  -f CMakeFiles/uc1_robot_controllers_interfaces__rosidl_typesupport_introspection_c__pyext.dir/build.make CMakeFiles/uc1_robot_controllers_interfaces__rosidl_typesupport_introspection_c__pyext.dir/build
/usr/bin/gmake  -f CMakeFiles/uc1_robot_controllers_interfaces__rosidl_typesupport_c__pyext.dir/build.make CMakeFiles/uc1_robot_controllers_interfaces__rosidl_typesupport_c__pyext.dir/build
gmake[2]: Entering directory '/home/maclab/Documents/ROS_WORKSPACES/WS_Master_Thesis/build/uc1_robot_controllers_interfaces'
gmake[2]: Entering directory '/home/maclab/Documents/ROS_WORKSPACES/WS_Master_Thesis/build/uc1_robot_controllers_interfaces'
gmake[2]: Entering directory '/home/maclab/Documents/ROS_WORKSPACES/WS_Master_Thesis/build/uc1_robot_controllers_interfaces'
[ 90%] [32mBuilding C object CMakeFiles/uc1_robot_controllers_interfaces__rosidl_typesupport_introspection_c__pyext.dir/rosidl_generator_py/uc1_robot_controllers_interfaces/_uc1_robot_controllers_interfaces_s.ep.rosidl_typesupport_introspection_c.c.o[0m
/usr/bin/cc -DRCUTILS_ENABLE_FAULT_INJECTION -DROS_PACKAGE_NAME=\"uc1_robot_controllers_interfaces\" -Duc1_robot_controllers_interfaces__rosidl_typesupport_introspection_c__pyext_EXPORTS -I/home/maclab/Documents/ROS_WORKSPACES/WS_Master_Thesis/build/uc1_robot_controllers_interfaces/rosidl_generator_c -I/home/maclab/Documents/ROS_WORKSPACES/WS_Master_Thesis/build/uc1_robot_controllers_interfaces/rosidl_generator_py -I/usr/include/python3.10 -I/home/maclab/Documents/ROS_WORKSPACES/WS_Master_Thesis/src/uc1_robot_controllers_interfaces/include/uc1_robot_controllers_interfaces -I/home/maclab/Documents/ROS_WORKSPACES/WS_Master_Thesis/build/uc1_robot_controllers_interfaces/rosidl_typesupport_introspection_c -isystem /opt/ros/humble/include/rosidl_runtime_c -isystem /opt/ros/humble/include/rosidl_typesupport_c -isystem /opt/ros/humble/include/rosidl_typesupport_interface -isystem /opt/ros/humble/include/geometry_msgs -isystem /opt/ros/humble/include/std_msgs -isystem /opt/ros/humble/include/builtin_interfaces -isystem /opt/ros/humble/include/action_msgs -isystem /opt/ros/humble/include/unique_identifier_msgs -isystem /opt/ros/humble/include/rmw -isystem /opt/ros/humble/include/rcutils -isystem /opt/ros/humble/include/rosidl_typesupport_introspection_c -isystem /opt/ros/humble/include/fastcdr -isystem /opt/ros/humble/include/rosidl_runtime_cpp -isystem /opt/ros/humble/include/rosidl_typesupport_fastrtps_cpp -isystem /opt/ros/humble/include/rosidl_typesupport_fastrtps_c -isystem /opt/ros/humble/include/rosidl_typesupport_introspection_cpp -fPIC -Wall -Wextra -MD -MT CMakeFiles/uc1_robot_controllers_interfaces__rosidl_typesupport_introspection_c__pyext.dir/rosidl_generator_py/uc1_robot_controllers_interfaces/_uc1_robot_controllers_interfaces_s.ep.rosidl_typesupport_introspection_c.c.o -MF CMakeFiles/uc1_robot_controllers_interfaces__rosidl_typesupport_introspection_c__pyext.dir/rosidl_generator_py/uc1_robot_controllers_interfaces/_uc1_robot_controllers_interfaces_s.ep.rosidl_typesupport_introspection_c.c.o.d -o CMakeFiles/u[ 93%] [32mBuilding C object CMakeFiles/uc1_robot_controllers_interfaces__rosidl_typesupport_c__pyext.dir/rosidl_generator_py/uc1_robot_controllers_interfaces/_uc1_robot_controllers_interfaces_s.ep.rosidl_typesupport_c.c.o[0m
c1_robot_controllers_interfaces__rosidl_typesupport_introspection_c__pyext.dir/rosidl_generator_py/uc1_robot_controllers_interfaces/_uc1_robot_controllers_interfaces_s.ep.rosidl_typesupport_introspection_c.c.o -c /home/maclab/Documents/ROS_WORKSPACES/WS_Master_Thesis/build/uc1_robot_controllers_interfaces/rosidl_generator_py/uc1_robot_controllers_interfaces/_uc1_robot_controllers_interfaces_s.ep.rosidl_typesupport_introspection_c.c
[ 93%] [32mBuilding C object CMakeFiles/uc1_robot_controllers_interfaces__rosidl_typesupport_fastrtps_c__pyext.dir/rosidl_generator_py/uc1_robot_controllers_interfaces/_uc1_robot_controllers_interfaces_s.ep.rosidl_typesupport_fastrtps_c.c.o[0m
/usr/bin/cc -DRCUTILS_ENABLE_FAULT_INJECTION -DROS_PACKAGE_NAME=\"uc1_robot_controllers_interfaces\" -Duc1_robot_controllers_interfaces__rosidl_typesupport_c__pyext_EXPORTS -I/home/maclab/Documents/ROS_WORKSPACES/WS_Master_Thesis/build/uc1_robot_controllers_interfaces/rosidl_generator_c -I/home/maclab/Documents/ROS_WORKSPACES/WS_Master_Thesis/build/uc1_robot_controllers_interfaces/rosidl_generator_py -I/usr/include/python3.10 -I/home/maclab/Documents/ROS_WORKSPACES/WS_Master_Thesis/src/uc1_robot_controllers_interfaces/include/uc1_robot_controllers_interfaces -isystem /opt/ros/humble/include/rosidl_runtime_c -isystem /opt/ros/humble/include/rosidl_typesupport_c -isystem /opt/ros/humble/include/rosidl_typesupport_interface -isystem /opt/ros/humble/include/geometry_msgs -isystem /opt/ros/humble/include/std_msgs -isystem /opt/ros/humble/include/builtin_interfaces -isystem /opt/ros/humble/include/action_msgs -isystem /opt/ros/humble/include/unique_identifier_msgs -isystem /opt/ros/humble/include/rmw -isystem /opt/ros/humble/include/rcutils -isystem /opt/ros/humble/include/fastcdr -isystem /opt/ros/humble/include/rosidl_runtime_cpp -isystem /opt/ros/humble/include/rosidl_typesupport_fastrtps_cpp -isystem /opt/ros/humble/include/rosidl_typesupport_fastrtps_c -isystem /opt/ros/humble/include/rosidl_typesupport_introspection_c -isystem /opt/ros/humble/include/rosidl_typesupport_introspection_cpp -fPIC -Wall -Wextra -MD -MT CMakeFiles/uc1_robot_controllers_interfaces__rosidl_typesupport_c__pyext.dir/rosidl_generator_py/uc1_robot_controllers_interfaces/_uc1_robot_controllers_interfaces_s.ep.rosidl_typesupport_c.c.o -MF CMakeFiles/uc1_robot_controllers_interfaces__rosidl_typesupport_c__pyext.dir/rosidl_generator_py/uc1_robot_controllers_interfaces/_uc1_robot_controllers_interfaces_s.ep.rosidl_typesupport_c.c.o.d -o CMakeFiles/uc1_robot_controllers_interfaces__rosidl_typesupport_c__pyext.dir/rosidl_generator_py/uc1_robot_controllers_interfaces/_uc1_robot_controllers_interfaces_s.ep.rosidl_typesupport_c.c.o -c /home/maclab/Documents/ROS_WORKSPACES/WS_Master_Thesis/build/uc1_robot_controllers_interfaces/rosidl_generator_py/uc1_robot_controllers_interfaces/_uc1_robot_controllers_interfaces_s.ep.rosidl_typesupport_c.c
/usr/bin/cc -DRCUTILS_ENABLE_FAULT_INJECTION -DROS_PACKAGE_NAME=\"uc1_robot_controllers_interfaces\" -Duc1_robot_controllers_interfaces__rosidl_typesupport_fastrtps_c__pyext_EXPORTS -I/home/maclab/Documents/ROS_WORKSPACES/WS_Master_Thesis/build/uc1_robot_controllers_interfaces/rosidl_generator_c -I/home/maclab/Documents/ROS_WORKSPACES/WS_Master_Thesis/build/uc1_robot_controllers_interfaces/rosidl_generator_py -I/usr/include/python3.10 -I/home/maclab/Documents/ROS_WORKSPACES/WS_Master_Thesis/src/uc1_robot_controllers_interfaces/include/uc1_robot_controllers_interfaces -I/home/maclab/Documents/ROS_WORKSPACES/WS_Master_Thesis/build/uc1_robot_controllers_interfaces/rosidl_typesupport_fastrtps_c -isystem /opt/ros/humble/include/rosidl_runtime_c -isystem /opt/ros/humble/include/rosidl_typesupport_c -isystem /opt/ros/humble/include/rosidl_typesupport_interface -isystem /opt/ros/humble/include/geometry_msgs -isystem /opt/ros/humble/include/std_msgs -isystem /opt/ros/humble/include/builtin_interfaces -isystem /opt/ros/humble/include/action_msgs -isystem /opt/ros/humble/include/unique_identifier_msgs -isystem /opt/ros/humble/include/rmw -isystem /opt/ros/humble/include/rcutils -isystem /opt/ros/humble/include/fastcdr -isystem /opt/ros/humble/include/rosidl_runtime_cpp -isystem /opt/ros/humble/include/rosidl_typesupport_fastrtps_cpp -isystem /opt/ros/humble/include/rosidl_typesupport_fastrtps_c -isystem /opt/ros/humble/include/rosidl_typesupport_introspection_c -isystem /opt/ros/humble/include/rosidl_typesupport_introspection_cpp -fPIC -Wall -Wextra -MD -MT CMakeFiles/uc1_robot_controllers_interfaces__rosidl_typesupport_fastrtps_c__pyext.dir/rosidl_generator_py/uc1_robot_controllers_interfaces/_uc1_robot_controllers_interfaces_s.ep.rosidl_typesupport_fastrtps_c.c.o -MF CMakeFiles/uc1_robot_controllers_interfaces__rosidl_typesupport_fastrtps_c__pyext.dir/rosidl_generator_py/uc1_robot_controllers_interfaces/_uc1_robot_controllers_interfaces_s.ep.rosidl_typesupport_fastrtps_c.c.o.d -o CMakeFiles/uc1_robot_controllers_interfaces__rosidl_typesupport_fastrtps_c__pyext.dir/rosidl_generator_py/uc1_robot_controllers_interfaces/_uc1_robot_controllers_interfaces_s.ep.rosidl_typesupport_fastrtps_c.c.o -c /home/maclab/Documents/ROS_WORKSPACES/WS_Master_Thesis/build/uc1_robot_controllers_interfaces/rosidl_generator_py/uc1_robot_controllers_interfaces/_uc1_robot_controllers_interfaces_s.ep.rosidl_typesupport_fastrtps_c.c
[ 95%] [32m[1mLinking C shared library rosidl_generator_py/uc1_robot_controllers_interfaces/uc1_robot_controllers_interfaces_s__rosidl_typesupport_c.cpython-310-x86_64-linux-gnu.so[0m
/usr/bin/cmake -E cmake_link_script CMakeFiles/uc1_robot_controllers_interfaces__rosidl_typesupport_c__pyext.dir/link.txt --verbose=1
[ 96%] [32m[1mLinking C shared library rosidl_generator_py/uc1_robot_controllers_interfaces/uc1_robot_controllers_interfaces_s__rosidl_typesupport_fastrtps_c.cpython-310-x86_64-linux-gnu.so[0m
/usr/bin/cmake -E cmake_link_script CMakeFiles/uc1_robot_controllers_interfaces__rosidl_typesupport_fastrtps_c__pyext.dir/link.txt --verbose=1
[ 98%] [32m[1mLinking C shared library rosidl_generator_py/uc1_robot_controllers_interfaces/uc1_robot_controllers_interfaces_s__rosidl_typesupport_introspection_c.cpython-310-x86_64-linux-gnu.so[0m
/usr/bin/cmake -E cmake_link_script CMakeFiles/uc1_robot_controllers_interfaces__rosidl_typesupport_introspection_c__pyext.dir/link.txt --verbose=1
/usr/bin/cc -fPIC -shared -Wl,-soname,uc1_robot_controllers_interfaces_s__rosidl_typesupport_c.cpython-310-x86_64-linux-gnu.so -o rosidl_generator_py/uc1_robot_controllers_interfaces/uc1_robot_controllers_interfaces_s__rosidl_typesupport_c.cpython-310-x86_64-linux-gnu.so CMakeFiles/uc1_robot_controllers_interfaces__rosidl_typesupport_c__pyext.dir/rosidl_generator_py/uc1_robot_controllers_interfaces/_uc1_robot_controllers_interfaces_s.ep.rosidl_typesupport_c.c.o  -Wl,-rpath,/home/maclab/Documents/ROS_WORKSPACES/WS_Master_Thesis/build/uc1_robot_controllers_interfaces/rosidl_generator_py/uc1_robot_controllers_interfaces:/home/maclab/Documents/ROS_WORKSPACES/WS_Master_Thesis/build/uc1_robot_controllers_interfaces:/opt/ros/humble/lib: rosidl_generator_py/uc1_robot_controllers_interfaces/libuc1_robot_controllers_interfaces__rosidl_generator_py.so /usr/lib/x86_64-linux-gnu/libpython3.10.so libuc1_robot_controllers_interfaces__rosidl_typesupport_c.so /opt/ros/humble/lib/libgeometry_msgs__rosidl_typesupport_fastrtps_c.so /opt/ros/humble/lib/libgeometry_msgs__rosidl_typesupport_introspection_c.so /opt/ros/humble/lib/libgeometry_msgs__rosidl_typesupport_fastrtps_cpp.so /opt/ros/humble/lib/libgeometry_msgs__rosidl_typesupport_introspection_cpp.so /opt/ros/humble/lib/libgeometry_msgs__rosidl_typesupport_cpp.so /opt/ros/humble/lib/libgeometry_msgs__rosidl_generator_py.so /opt/ros/humble/lib/libstd_msgs__rosidl_typesupport_fastrtps_c.so /opt/ros/humble/lib/libstd_msgs__rosidl_typesupport_fastrtps_cpp.so /opt/ros/humble/lib/libstd_msgs__rosidl_typesupport_introspection_c.so /opt/ros/humble/lib/libstd_msgs__rosidl_typesupport_introspection_cpp.so /opt/ros/humble/lib/libstd_msgs__rosidl_typesupport_cpp.so /opt/ros/humble/lib/libstd_msgs__rosidl_generator_py.so /opt/ros/humble/lib/libaction_msgs__rosidl_typesupport_fastrtps_c.so /opt/ros/humble/lib/libaction_msgs__rosidl_typesupport_fastrtps_cpp.so /opt/ros/humble/lib/libaction_msgs__rosidl_typesupport_introspection_c.so /opt/ros/humble/lib/libaction_msgs__rosidl_typesupport_introspection_cpp.so /opt/ros/humble/lib/libaction_msgs__rosidl_typesupport_cpp.so /opt/ros/humble/lib/libaction_msgs__rosidl_generator_py.so /opt/ros/humble/lib/libunique_identifier_msgs__rosidl_typesupport_fastrtps_c.so /opt/ros/humble/lib/libunique_identifier_msgs__rosidl_typesupport_introspection_c.so /opt/ros/humble/lib/libunique_identifier_msgs__rosidl_typesupport_fastrtps_cpp.so /opt/ros/humble/lib/libunique_identifier_msgs__rosidl_typesupport_introspection_cpp.so /opt/ros/humble/lib/libunique_identifier_msgs__rosidl_typesupport_cpp.so /opt/ros/humble/lib/libunique_identifier_msgs__rosidl_generator_py.so /opt/ros/humble/lib/librmw.so /opt/ros/humble/lib/libgeometry_msgs__rosidl_typesupport_c.so /opt/ros/humble/lib/libstd_msgs__rosidl_typesupport_c.so /opt/ros/humble/lib/libbuiltin_interfaces__rosidl_generator_py.so /opt/ros/humble/lib/libaction_msgs__rosidl_typesupport_c.so /opt/ros/humble/lib/libbuiltin_interfaces__rosidl_typesupport_c.so /usr/lib/x86_64-linux-gnu/libpython3.10.so /opt/ros/humble/lib/libunique_identifier_msgs__rosidl_typesupport_c.so libuc1_robot_controllers_interfaces__rosidl_generator_c.so /opt/ros/humble/lib/libgeometry_msgs__rosidl_generator_c.so /opt/ros/humble/lib/libstd_msgs__rosidl_generator_c.so /opt/ros/humble/lib/libbuiltin_interfaces__rosidl_typesupport_fastrtps_c.so /opt/ros/humble/lib/librosidl_typesupport_fastrtps_c.so /opt/ros/humble/lib/libbuiltin_interfaces__rosidl_typesupport_fastrtps_cpp.so /opt/ros/humble/lib/librosidl_typesupport_fastrtps_cpp.so /opt/ros/humble/lib/libfastcdr.so.1.0.24 /opt/ros/humble/lib/librmw.so /opt/ros/humble/lib/libbuiltin_interfaces__rosidl_typesupport_introspection_c.so /opt/ros/humble/lib/libaction_msgs__rosidl_generator_c.so /opt/ros/humble/lib/libbuiltin_interfaces__rosidl_generator_c.so /opt/ros/humble/lib/libunique_identifier_msgs__rosidl_generator_c.so /opt/ros/humble/lib/libbuiltin_interfaces__rosidl_typesupport_introspection_cpp.so /opt/ros/humble/lib/librosidl_typesupport_introspection_cpp.so /opt/ros/humble/lib/librosidl_typesupport_introspection_c.so /opt/ros/humble/lib/libbuiltin_interfaces__rosidl_typesupport_cpp.so /opt/ros/humble/lib/librosidl_typesupport_c.so /opt/ros/humble/lib/librosidl_runtime_c.so /opt/ros/humble/lib/librcutils.so -ldl -Wl,-rpath-link,/opt/ros/humble/lib 
/usr/bin/cc -fPIC -shared -Wl,-soname,uc1_robot_controllers_interfaces_s__rosidl_typesupport_fastrtps_c.cpython-310-x86_64-linux-gnu.so -o rosidl_generator_py/uc1_robot_controllers_interfaces/uc1_robot_controllers_interfaces_s__rosidl_typesupport_fastrtps_c.cpython-310-x86_64-linux-gnu.so CMakeFiles/uc1_robot_controllers_interfaces__rosidl_typesupport_fastrtps_c__pyext.dir/rosidl_generator_py/uc1_robot_controllers_interfaces/_uc1_robot_controllers_interfaces_s.ep.rosidl_typesupport_fastrtps_c.c.o  -Wl,-rpath,/home/maclab/Documents/ROS_WORKSPACES/WS_Master_Thesis/build/uc1_robot_controllers_interfaces/rosidl_generator_py/uc1_robot_controllers_interfaces:/home/maclab/Documents/ROS_WORKSPACES/WS_Master_Thesis/build/uc1_robot_controllers_interfaces:/opt/ros/humble/lib: rosidl_generator_py/uc1_robot_controllers_interfaces/libuc1_robot_controllers_interfaces__rosidl_generator_py.so /usr/lib/x86_64-linux-gnu/libpython3.10.so libuc1_robot_controllers_interfaces__rosidl_typesupport_fastrtps_c.so libuc1_robot_controllers_interfaces__rosidl_typesupport_c.so /opt/ros/humble/lib/libgeometry_msgs__rosidl_typesupport_fastrtps_c.so /opt/ros/humble/lib/libgeometry_msgs__rosidl_typesupport_introspection_c.so /opt/ros/humble/lib/libgeometry_msgs__rosidl_typesupport_fastrtps_cpp.so /opt/ros/humble/lib/libgeometry_msgs__rosidl_typesupport_introspection_cpp.so /opt/ros/humble/lib/libgeometry_msgs__rosidl_typesupport_cpp.so /opt/ros/humble/lib/libgeometry_msgs__rosidl_generator_py.so /opt/ros/humble/lib/libstd_msgs__rosidl_typesupport_fastrtps_c.so /opt/ros/humble/lib/libstd_msgs__rosidl_typesupport_fastrtps_cpp.so /opt/ros/humble/lib/libstd_msgs__rosidl_typesupport_introspection_c.so /opt/ros/humble/lib/libstd_msgs__rosidl_typesupport_introspection_cpp.so /opt/ros/humble/lib/libstd_msgs__rosidl_typesupport_cpp.so /opt/ros/humble/lib/libstd_msgs__rosidl_generator_py.so /opt/ros/humble/lib/libaction_msgs__rosidl_typesupport_fastrtps_c.so /opt/ros/humble/lib/libaction_msgs__rosidl_typesupport_fastrtps_cpp.so /opt/ros/humble/lib/libaction_msgs__rosidl_typesupport_introspection_c.so /opt/ros/humble/lib/libaction_msgs__rosidl_typesupport_introspection_cpp.so /opt/ros/humble/lib/libaction_msgs__rosidl_typesupport_cpp.so /opt/ros/humble/lib/libaction_msgs__rosidl_generator_py.so /opt/ros/humble/lib/libunique_identifier_msgs__rosidl_typesupport_fastrtps_c.so /opt/ros/humble/lib/libunique_identifier_msgs__rosidl_typesupport_introspection_c.so /opt/ros/humble/lib/libunique_identifier_msgs__rosidl_typesupport_fastrtps_cpp.so /opt/ros/humble/lib/libunique_identifier_msgs__rosidl_typesupport_introspection_cpp.so /opt/ros/humble/lib/libunique_identifier_msgs__rosidl_typesupport_cpp.so /opt/ros/humble/lib/libunique_identifier_msgs__rosidl_generator_py.so /opt/ros/humble/lib/librmw.so /opt/ros/humble/lib/libgeometry_msgs__rosidl_typesupport_c.so /opt/ros/humble/lib/libstd_msgs__rosidl_typesupport_c.so /opt/ros/humble/lib/libbuiltin_interfaces__rosidl_generator_py.so /opt/ros/humble/lib/libaction_msgs__rosidl_typesupport_c.so /opt/ros/humble/lib/libbuiltin_interfaces__rosidl_typesupport_c.so /usr/lib/x86_64-linux-gnu/libpython3.10.so /opt/ros/humble/lib/libunique_identifier_msgs__rosidl_typesupport_c.so /opt/ros/humble/lib/libbuiltin_interfaces__rosidl_typesupport_fastrtps_c.so libuc1_robot_controllers_interfaces__rosidl_generator_c.so /opt/ros/humble/lib/librosidl_typesupport_fastrtps_c.so /opt/ros/humble/lib/libgeometry_msgs__rosidl_generator_c.so /opt/ros/humble/lib/libstd_msgs__rosidl_generator_c.so /opt/ros/humble/lib/libbuiltin_interfaces__rosidl_typesupport_fastrtps_cpp.so /opt/ros/humble/lib/librosidl_typesupport_fastrtps_cpp.so /opt/ros/humble/lib/libfastcdr.so.1.0.24 /opt/ros/humble/lib/librmw.so /opt/ros/humble/lib/libbuiltin_interfaces__rosidl_typesupport_introspection_c.so /opt/ros/humble/lib/libaction_msgs__rosidl_generator_c.so /opt/ros/humble/lib/libbuiltin_interfaces__rosidl_generator_c.so /opt/ros/humble/lib/libunique_identifier_msgs__rosidl_generator_c.so /opt/ros/humble/lib/libbuiltin_interfaces__rosidl_typesupport_introspection_cpp.so /opt/ros/humble/lib/librosidl_typesupport_introspection_cpp.so /opt/ros/humble/lib/librosidl_typesupport_introspection_c.so /opt/ros/humble/lib/libbuiltin_interfaces__rosidl_typesupport_cpp.so /opt/ros/humble/lib/librosidl_typesupport_c.so /opt/ros/humble/lib/librosidl_runtime_c.so /opt/ros/humble/lib/librcutils.so -ldl -Wl,-rpath-link,/opt/ros/humble/lib 
/usr/bin/cc -fPIC -shared -Wl,-soname,uc1_robot_controllers_interfaces_s__rosidl_typesupport_introspection_c.cpython-310-x86_64-linux-gnu.so -o rosidl_generator_py/uc1_robot_controllers_interfaces/uc1_robot_controllers_interfaces_s__rosidl_typesupport_introspection_c.cpython-310-x86_64-linux-gnu.so CMakeFiles/uc1_robot_controllers_interfaces__rosidl_typesupport_introspection_c__pyext.dir/rosidl_generator_py/uc1_robot_controllers_interfaces/_uc1_robot_controllers_interfaces_s.ep.rosidl_typesupport_introspection_c.c.o  -Wl,-rpath,/home/maclab/Documents/ROS_WORKSPACES/WS_Master_Thesis/build/uc1_robot_controllers_interfaces/rosidl_generator_py/uc1_robot_controllers_interfaces:/home/maclab/Documents/ROS_WORKSPACES/WS_Master_Thesis/build/uc1_robot_controllers_interfaces:/opt/ros/humble/lib: rosidl_generator_py/uc1_robot_controllers_interfaces/libuc1_robot_controllers_interfaces__rosidl_generator_py.so /usr/lib/x86_64-linux-gnu/libpython3.10.so libuc1_robot_controllers_interfaces__rosidl_typesupport_introspection_c.so libuc1_robot_controllers_interfaces__rosidl_typesupport_c.so /opt/ros/humble/lib/libgeometry_msgs__rosidl_typesupport_fastrtps_c.so /opt/ros/humble/lib/libgeometry_msgs__rosidl_typesupport_introspection_c.so /opt/ros/humble/lib/libgeometry_msgs__rosidl_typesupport_fastrtps_cpp.so /opt/ros/humble/lib/libgeometry_msgs__rosidl_typesupport_introspection_cpp.so /opt/ros/humble/lib/libgeometry_msgs__rosidl_typesupport_cpp.so /opt/ros/humble/lib/libgeometry_msgs__rosidl_generator_py.so /opt/ros/humble/lib/libstd_msgs__rosidl_typesupport_fastrtps_c.so /opt/ros/humble/lib/libstd_msgs__rosidl_typesupport_fastrtps_cpp.so /opt/ros/humble/lib/libstd_msgs__rosidl_typesupport_introspection_c.so /opt/ros/humble/lib/libstd_msgs__rosidl_typesupport_introspection_cpp.so /opt/ros/humble/lib/libstd_msgs__rosidl_typesupport_cpp.so /opt/ros/humble/lib/libstd_msgs__rosidl_generator_py.so /opt/ros/humble/lib/libaction_msgs__rosidl_typesupport_fastrtps_c.so /opt/ros/humble/lib/libaction_msgs__rosidl_typesupport_fastrtps_cpp.so /opt/ros/humble/lib/libaction_msgs__rosidl_typesupport_introspection_c.so /opt/ros/humble/lib/libaction_msgs__rosidl_typesupport_introspection_cpp.so /opt/ros/humble/lib/libaction_msgs__rosidl_typesupport_cpp.so /opt/ros/humble/lib/libaction_msgs__rosidl_generator_py.so /opt/ros/humble/lib/libunique_identifier_msgs__rosidl_typesupport_fastrtps_c.so /opt/ros/humble/lib/libunique_identifier_msgs__rosidl_typesupport_introspection_c.so /opt/ros/humble/lib/libunique_identifier_msgs__rosidl_typesupport_fastrtps_cpp.so /opt/ros/humble/lib/libunique_identifier_msgs__rosidl_typesupport_introspection_cpp.so /opt/ros/humble/lib/libunique_identifier_msgs__rosidl_typesupport_cpp.so /opt/ros/humble/lib/libunique_identifier_msgs__rosidl_generator_py.so /opt/ros/humble/lib/librmw.so /opt/ros/humble/lib/libgeometry_msgs__rosidl_typesupport_c.so /opt/ros/humble/lib/libstd_msgs__rosidl_typesupport_c.so /opt/ros/humble/lib/libbuiltin_interfaces__rosidl_generator_py.so /opt/ros/humble/lib/libaction_msgs__rosidl_typesupport_c.so /opt/ros/humble/lib/libbuiltin_interfaces__rosidl_typesupport_c.so /usr/lib/x86_64-linux-gnu/libpython3.10.so /opt/ros/humble/lib/libunique_identifier_msgs__rosidl_typesupport_c.so /opt/ros/humble/lib/libbuiltin_interfaces__rosidl_typesupport_introspection_c.so libuc1_robot_controllers_interfaces__rosidl_generator_c.so /opt/ros/humble/lib/libgeometry_msgs__rosidl_generator_c.so /opt/ros/humble/lib/libstd_msgs__rosidl_generator_c.so /opt/ros/humble/lib/libbuiltin_interfaces__rosidl_typesupport_fastrtps_c.so /opt/ros/humble/lib/libaction_msgs__rosidl_generator_c.so /opt/ros/humble/lib/libbuiltin_interfaces__rosidl_generator_c.so /opt/ros/humble/lib/libunique_identifier_msgs__rosidl_generator_c.so /opt/ros/humble/lib/librosidl_typesupport_fastrtps_c.so /opt/ros/humble/lib/libbuiltin_interfaces__rosidl_typesupport_fastrtps_cpp.so /opt/ros/humble/lib/librosidl_typesupport_fastrtps_cpp.so /opt/ros/humble/lib/libfastcdr.so.1.0.24 /opt/ros/humble/lib/librmw.so /opt/ros/humble/lib/libbuiltin_interfaces__rosidl_typesupport_introspection_cpp.so /opt/ros/humble/lib/librosidl_typesupport_introspection_cpp.so /opt/ros/humble/lib/librosidl_typesupport_introspection_c.so /opt/ros/humble/lib/libbuiltin_interfaces__rosidl_typesupport_cpp.so /opt/ros/humble/lib/librosidl_typesupport_c.so /opt/ros/humble/lib/librosidl_runtime_c.so /opt/ros/humble/lib/librcutils.so -ldl -Wl,-rpath-link,/opt/ros/humble/lib 
gmake[2]: Leaving directory '/home/maclab/Documents/ROS_WORKSPACES/WS_Master_Thesis/build/uc1_robot_controllers_interfaces'
gmake[2]: Leaving directory '/home/maclab/Documents/ROS_WORKSPACES/WS_Master_Thesis/build/uc1_robot_controllers_interfaces'
gmake[2]: Leaving directory '/home/maclab/Documents/ROS_WORKSPACES/WS_Master_Thesis/build/uc1_robot_controllers_interfaces'
[ 98%] Built target uc1_robot_controllers_interfaces__rosidl_typesupport_c__pyext
[ 98%] Built target uc1_robot_controllers_interfaces__rosidl_typesupport_fastrtps_c__pyext
[ 98%] Built target uc1_robot_controllers_interfaces__rosidl_typesupport_introspection_c__pyext
[100%] [32m[1mLinking CXX shared library libTPComputation.so[0m
/usr/bin/cmake -E cmake_link_script CMakeFiles/TPComputation.dir/link.txt --verbose=1
/usr/bin/c++ -fPIC -shared -Wl,-soname,libTPComputation.so -o libTPComputation.so CMakeFiles/TPComputation.dir/src/TPComputation.cpp.o 
gmake[2]: Leaving directory '/home/maclab/Documents/ROS_WORKSPACES/WS_Master_Thesis/build/uc1_robot_controllers_interfaces'
[100%] Built target TPComputation
gmake[1]: Leaving directory '/home/maclab/Documents/ROS_WORKSPACES/WS_Master_Thesis/build/uc1_robot_controllers_interfaces'
/usr/bin/cmake -E cmake_progress_start /home/maclab/Documents/ROS_WORKSPACES/WS_Master_Thesis/build/uc1_robot_controllers_interfaces/CMakeFiles 0
-- Install configuration: ""
-- Up-to-date: /home/maclab/Documents/ROS_WORKSPACES/WS_Master_Thesis/install/uc1_robot_controllers_interfaces/share/ament_index/resource_index/rosidl_interfaces/uc1_robot_controllers_interfaces
-- Up-to-date: /home/maclab/Documents/ROS_WORKSPACES/WS_Master_Thesis/install/uc1_robot_controllers_interfaces/include/uc1_robot_controllers_interfaces/uc1_robot_controllers_interfaces
-- Up-to-date: /home/maclab/Documents/ROS_WORKSPACES/WS_Master_Thesis/install/uc1_robot_controllers_interfaces/include/uc1_robot_controllers_interfaces/uc1_robot_controllers_interfaces/msg
-- Up-to-date: /home/maclab/Documents/ROS_WORKSPACES/WS_Master_Thesis/install/uc1_robot_controllers_interfaces/include/uc1_robot_controllers_interfaces/uc1_robot_controllers_interfaces/msg/rosidl_generator_c__visibility_control.h
-- Up-to-date: /home/maclab/Documents/ROS_WORKSPACES/WS_Master_Thesis/install/uc1_robot_controllers_interfaces/include/uc1_robot_controllers_interfaces/uc1_robot_controllers_interfaces/msg/move_robot_point.h
-- Up-to-date: /home/maclab/Documents/ROS_WORKSPACES/WS_Master_Thesis/install/uc1_robot_controllers_interfaces/include/uc1_robot_controllers_interfaces/uc1_robot_controllers_interfaces/msg/detail
-- Up-to-date: /home/maclab/Documents/ROS_WORKSPACES/WS_Master_Thesis/install/uc1_robot_controllers_interfaces/include/uc1_robot_controllers_interfaces/uc1_robot_controllers_interfaces/msg/detail/move_robot_goal__functions.c
-- Up-to-date: /home/maclab/Documents/ROS_WORKSPACES/WS_Master_Thesis/install/uc1_robot_controllers_interfaces/include/uc1_robot_controllers_interfaces/uc1_robot_controllers_interfaces/msg/detail/move_robot_orient__functions.c
-- Up-to-date: /home/maclab/Documents/ROS_WORKSPACES/WS_Master_Thesis/install/uc1_robot_controllers_interfaces/include/uc1_robot_controllers_interfaces/uc1_robot_controllers_interfaces/msg/detail/move_robot_goal__type_support.h
-- Up-to-date: /home/maclab/Documents/ROS_WORKSPACES/WS_Master_Thesis/install/uc1_robot_controllers_interfaces/include/uc1_robot_controllers_interfaces/uc1_robot_controllers_interfaces/msg/detail/move_robot_orient__struct.h
-- Up-to-date: /home/maclab/Documents/ROS_WORKSPACES/WS_Master_Thesis/install/uc1_robot_controllers_interfaces/include/uc1_robot_controllers_interfaces/uc1_robot_controllers_interfaces/msg/detail/move_robot_orient__functions.h
-- Up-to-date: /home/maclab/Documents/ROS_WORKSPACES/WS_Master_Thesis/install/uc1_robot_controllers_interfaces/include/uc1_robot_controllers_interfaces/uc1_robot_controllers_interfaces/msg/detail/move_robot_goal__functions.h
-- Up-to-date: /home/maclab/Documents/ROS_WORKSPACES/WS_Master_Thesis/install/uc1_robot_controllers_interfaces/include/uc1_robot_controllers_interfaces/uc1_robot_controllers_interfaces/msg/detail/move_robot_goal__struct.h
-- Up-to-date: /home/maclab/Documents/ROS_WORKSPACES/WS_Master_Thesis/install/uc1_robot_controllers_interfaces/include/uc1_robot_controllers_interfaces/uc1_robot_controllers_interfaces/msg/detail/move_robot_point__type_support.h
-- Up-to-date: /home/maclab/Documents/ROS_WORKSPACES/WS_Master_Thesis/install/uc1_robot_controllers_interfaces/include/uc1_robot_controllers_interfaces/uc1_robot_controllers_interfaces/msg/detail/move_robot_orient__type_support.h
-- Up-to-date: /home/maclab/Documents/ROS_WORKSPACES/WS_Master_Thesis/install/uc1_robot_controllers_interfaces/include/uc1_robot_controllers_interfaces/uc1_robot_controllers_interfaces/msg/detail/move_robot_point__struct.h
-- Up-to-date: /home/maclab/Documents/ROS_WORKSPACES/WS_Master_Thesis/install/uc1_robot_controllers_interfaces/include/uc1_robot_controllers_interfaces/uc1_robot_controllers_interfaces/msg/detail/move_robot_point__functions.c
-- Up-to-date: /home/maclab/Documents/ROS_WORKSPACES/WS_Master_Thesis/install/uc1_robot_controllers_interfaces/include/uc1_robot_controllers_interfaces/uc1_robot_controllers_interfaces/msg/detail/move_robot_point__functions.h
-- Up-to-date: /home/maclab/Documents/ROS_WORKSPACES/WS_Master_Thesis/install/uc1_robot_controllers_interfaces/include/uc1_robot_controllers_interfaces/uc1_robot_controllers_interfaces/msg/move_robot_goal.h
-- Up-to-date: /home/maclab/Documents/ROS_WORKSPACES/WS_Master_Thesis/install/uc1_robot_controllers_interfaces/include/uc1_robot_controllers_interfaces/uc1_robot_controllers_interfaces/msg/move_robot_orient.h
-- Up-to-date: /home/maclab/Documents/ROS_WORKSPACES/WS_Master_Thesis/install/uc1_robot_controllers_interfaces/include/uc1_robot_controllers_interfaces/uc1_robot_controllers_interfaces/action
-- Up-to-date: /home/maclab/Documents/ROS_WORKSPACES/WS_Master_Thesis/install/uc1_robot_controllers_interfaces/include/uc1_robot_controllers_interfaces/uc1_robot_controllers_interfaces/action/move_robot.h
-- Up-to-date: /home/maclab/Documents/ROS_WORKSPACES/WS_Master_Thesis/install/uc1_robot_controllers_interfaces/include/uc1_robot_controllers_interfaces/uc1_robot_controllers_interfaces/action/detail
-- Up-to-date: /home/maclab/Documents/ROS_WORKSPACES/WS_Master_Thesis/install/uc1_robot_controllers_interfaces/include/uc1_robot_controllers_interfaces/uc1_robot_controllers_interfaces/action/detail/move_robot__struct.h
-- Up-to-date: /home/maclab/Documents/ROS_WORKSPACES/WS_Master_Thesis/install/uc1_robot_controllers_interfaces/include/uc1_robot_controllers_interfaces/uc1_robot_controllers_interfaces/action/detail/move_robot__functions.h
-- Up-to-date: /home/maclab/Documents/ROS_WORKSPACES/WS_Master_Thesis/install/uc1_robot_controllers_interfaces/include/uc1_robot_controllers_interfaces/uc1_robot_controllers_interfaces/action/detail/move_robot_tp__type_support.h
-- Up-to-date: /home/maclab/Documents/ROS_WORKSPACES/WS_Master_Thesis/install/uc1_robot_controllers_interfaces/include/uc1_robot_controllers_interfaces/uc1_robot_controllers_interfaces/action/detail/move_robot__functions.c
-- Up-to-date: /home/maclab/Documents/ROS_WORKSPACES/WS_Master_Thesis/install/uc1_robot_controllers_interfaces/include/uc1_robot_controllers_interfaces/uc1_robot_controllers_interfaces/action/detail/move_robot_tp__functions.h
-- Up-to-date: /home/maclab/Documents/ROS_WORKSPACES/WS_Master_Thesis/install/uc1_robot_controllers_interfaces/include/uc1_robot_controllers_interfaces/uc1_robot_controllers_interfaces/action/detail/move_robot__type_support.h
-- Up-to-date: /home/maclab/Documents/ROS_WORKSPACES/WS_Master_Thesis/install/uc1_robot_controllers_interfaces/include/uc1_robot_controllers_interfaces/uc1_robot_controllers_interfaces/action/detail/move_robot_tp__struct.h
-- Up-to-date: /home/maclab/Documents/ROS_WORKSPACES/WS_Master_Thesis/install/uc1_robot_controllers_interfaces/include/uc1_robot_controllers_interfaces/uc1_robot_controllers_interfaces/action/detail/move_robot_tp__functions.c
-- Up-to-date: /home/maclab/Documents/ROS_WORKSPACES/WS_Master_Thesis/install/uc1_robot_controllers_interfaces/include/uc1_robot_controllers_interfaces/uc1_robot_controllers_interfaces/action/move_robot_tp.h
-- Up-to-date: /home/maclab/Documents/ROS_WORKSPACES/WS_Master_Thesis/install/uc1_robot_controllers_interfaces/share/uc1_robot_controllers_interfaces/environment/library_path.sh
-- Installing: /home/maclab/Documents/ROS_WORKSPACES/WS_Master_Thesis/install/uc1_robot_controllers_interfaces/share/uc1_robot_controllers_interfaces/environment/library_path.dsv
-- Installing: /home/maclab/Documents/ROS_WORKSPACES/WS_Master_Thesis/install/uc1_robot_controllers_interfaces/lib/libuc1_robot_controllers_interfaces__rosidl_generator_c.so
-- Set runtime path of "/home/maclab/Documents/ROS_WORKSPACES/WS_Master_Thesis/install/uc1_robot_controllers_interfaces/lib/libuc1_robot_controllers_interfaces__rosidl_generator_c.so" to ""
-- Up-to-date: /home/maclab/Documents/ROS_WORKSPACES/WS_Master_Thesis/install/uc1_robot_controllers_interfaces/include/uc1_robot_controllers_interfaces/uc1_robot_controllers_interfaces
-- Up-to-date: /home/maclab/Documents/ROS_WORKSPACES/WS_Master_Thesis/install/uc1_robot_controllers_interfaces/include/uc1_robot_controllers_interfaces/uc1_robot_controllers_interfaces/msg
-- Up-to-date: /home/maclab/Documents/ROS_WORKSPACES/WS_Master_Thesis/install/uc1_robot_controllers_interfaces/include/uc1_robot_controllers_interfaces/uc1_robot_controllers_interfaces/msg/rosidl_typesupport_fastrtps_c__visibility_control.h
-- Up-to-date: /home/maclab/Documents/ROS_WORKSPACES/WS_Master_Thesis/install/uc1_robot_controllers_interfaces/include/uc1_robot_controllers_interfaces/uc1_robot_controllers_interfaces/msg/detail
-- Up-to-date: /home/maclab/Documents/ROS_WORKSPACES/WS_Master_Thesis/install/uc1_robot_controllers_interfaces/include/uc1_robot_controllers_interfaces/uc1_robot_controllers_interfaces/msg/detail/move_robot_orient__rosidl_typesupport_fastrtps_c.h
-- Up-to-date: /home/maclab/Documents/ROS_WORKSPACES/WS_Master_Thesis/install/uc1_robot_controllers_interfaces/include/uc1_robot_controllers_interfaces/uc1_robot_controllers_interfaces/msg/detail/move_robot_point__rosidl_typesupport_fastrtps_c.h
-- Up-to-date: /home/maclab/Documents/ROS_WORKSPACES/WS_Master_Thesis/install/uc1_robot_controllers_interfaces/include/uc1_robot_controllers_interfaces/uc1_robot_controllers_interfaces/msg/detail/move_robot_goal__rosidl_typesupport_fastrtps_c.h
-- Up-to-date: /home/maclab/Documents/ROS_WORKSPACES/WS_Master_Thesis/install/uc1_robot_controllers_interfaces/include/uc1_robot_controllers_interfaces/uc1_robot_controllers_interfaces/action
-- Up-to-date: /home/maclab/Documents/ROS_WORKSPACES/WS_Master_Thesis/install/uc1_robot_controllers_interfaces/include/uc1_robot_controllers_interfaces/uc1_robot_controllers_interfaces/action/detail
-- Up-to-date: /home/maclab/Documents/ROS_WORKSPACES/WS_Master_Thesis/install/uc1_robot_controllers_interfaces/include/uc1_robot_controllers_interfaces/uc1_robot_controllers_interfaces/action/detail/move_robot__rosidl_typesupport_fastrtps_c.h
-- Up-to-date: /home/maclab/Documents/ROS_WORKSPACES/WS_Master_Thesis/install/uc1_robot_controllers_interfaces/include/uc1_robot_controllers_interfaces/uc1_robot_controllers_interfaces/action/detail/move_robot_tp__rosidl_typesupport_fastrtps_c.h
-- Installing: /home/maclab/Documents/ROS_WORKSPACES/WS_Master_Thesis/install/uc1_robot_controllers_interfaces/lib/libuc1_robot_controllers_interfaces__rosidl_typesupport_fastrtps_c.so
-- Set runtime path of "/home/maclab/Documents/ROS_WORKSPACES/WS_Master_Thesis/install/uc1_robot_controllers_interfaces/lib/libuc1_robot_controllers_interfaces__rosidl_typesupport_fastrtps_c.so" to ""
-- Up-to-date: /home/maclab/Documents/ROS_WORKSPACES/WS_Master_Thesis/install/uc1_robot_controllers_interfaces/include/uc1_robot_controllers_interfaces/uc1_robot_controllers_interfaces
-- Up-to-date: /home/maclab/Documents/ROS_WORKSPACES/WS_Master_Thesis/install/uc1_robot_controllers_interfaces/include/uc1_robot_controllers_interfaces/uc1_robot_controllers_interfaces/msg
-- Up-to-date: /home/maclab/Documents/ROS_WORKSPACES/WS_Master_Thesis/install/uc1_robot_controllers_interfaces/include/uc1_robot_controllers_interfaces/uc1_robot_controllers_interfaces/msg/rosidl_generator_cpp__visibility_control.hpp
-- Up-to-date: /home/maclab/Documents/ROS_WORKSPACES/WS_Master_Thesis/install/uc1_robot_controllers_interfaces/include/uc1_robot_controllers_interfaces/uc1_robot_controllers_interfaces/msg/move_robot_point.hpp
-- Up-to-date: /home/maclab/Documents/ROS_WORKSPACES/WS_Master_Thesis/install/uc1_robot_controllers_interfaces/include/uc1_robot_controllers_interfaces/uc1_robot_controllers_interfaces/msg/detail
-- Up-to-date: /home/maclab/Documents/ROS_WORKSPACES/WS_Master_Thesis/install/uc1_robot_controllers_interfaces/include/uc1_robot_controllers_interfaces/uc1_robot_controllers_interfaces/msg/detail/move_robot_goal__struct.hpp
-- Up-to-date: /home/maclab/Documents/ROS_WORKSPACES/WS_Master_Thesis/install/uc1_robot_controllers_interfaces/include/uc1_robot_controllers_interfaces/uc1_robot_controllers_interfaces/msg/detail/move_robot_goal__type_support.hpp
-- Up-to-date: /home/maclab/Documents/ROS_WORKSPACES/WS_Master_Thesis/install/uc1_robot_controllers_interfaces/include/uc1_robot_controllers_interfaces/uc1_robot_controllers_interfaces/msg/detail/move_robot_goal__builder.hpp
-- Up-to-date: /home/maclab/Documents/ROS_WORKSPACES/WS_Master_Thesis/install/uc1_robot_controllers_interfaces/include/uc1_robot_controllers_interfaces/uc1_robot_controllers_interfaces/msg/detail/move_robot_orient__type_support.hpp
-- Up-to-date: /home/maclab/Documents/ROS_WORKSPACES/WS_Master_Thesis/install/uc1_robot_controllers_interfaces/include/uc1_robot_controllers_interfaces/uc1_robot_controllers_interfaces/msg/detail/move_robot_orient__builder.hpp
-- Up-to-date: /home/maclab/Documents/ROS_WORKSPACES/WS_Master_Thesis/install/uc1_robot_controllers_interfaces/include/uc1_robot_controllers_interfaces/uc1_robot_controllers_interfaces/msg/detail/move_robot_point__builder.hpp
-- Up-to-date: /home/maclab/Documents/ROS_WORKSPACES/WS_Master_Thesis/install/uc1_robot_controllers_interfaces/include/uc1_robot_controllers_interfaces/uc1_robot_controllers_interfaces/msg/detail/move_robot_orient__struct.hpp
-- Up-to-date: /home/maclab/Documents/ROS_WORKSPACES/WS_Master_Thesis/install/uc1_robot_controllers_interfaces/include/uc1_robot_controllers_interfaces/uc1_robot_controllers_interfaces/msg/detail/move_robot_point__struct.hpp
-- Up-to-date: /home/maclab/Documents/ROS_WORKSPACES/WS_Master_Thesis/install/uc1_robot_controllers_interfaces/include/uc1_robot_controllers_interfaces/uc1_robot_controllers_interfaces/msg/detail/move_robot_point__traits.hpp
-- Up-to-date: /home/maclab/Documents/ROS_WORKSPACES/WS_Master_Thesis/install/uc1_robot_controllers_interfaces/include/uc1_robot_controllers_interfaces/uc1_robot_controllers_interfaces/msg/detail/move_robot_orient__traits.hpp
-- Up-to-date: /home/maclab/Documents/ROS_WORKSPACES/WS_Master_Thesis/install/uc1_robot_controllers_interfaces/include/uc1_robot_controllers_interfaces/uc1_robot_controllers_interfaces/msg/detail/move_robot_point__type_support.hpp
-- Up-to-date: /home/maclab/Documents/ROS_WORKSPACES/WS_Master_Thesis/install/uc1_robot_controllers_interfaces/include/uc1_robot_controllers_interfaces/uc1_robot_controllers_interfaces/msg/detail/move_robot_goal__traits.hpp
-- Up-to-date: /home/maclab/Documents/ROS_WORKSPACES/WS_Master_Thesis/install/uc1_robot_controllers_interfaces/include/uc1_robot_controllers_interfaces/uc1_robot_controllers_interfaces/msg/move_robot_orient.hpp
-- Up-to-date: /home/maclab/Documents/ROS_WORKSPACES/WS_Master_Thesis/install/uc1_robot_controllers_interfaces/include/uc1_robot_controllers_interfaces/uc1_robot_controllers_interfaces/msg/move_robot_goal.hpp
-- Up-to-date: /home/maclab/Documents/ROS_WORKSPACES/WS_Master_Thesis/install/uc1_robot_controllers_interfaces/include/uc1_robot_controllers_interfaces/uc1_robot_controllers_interfaces/action
-- Up-to-date: /home/maclab/Documents/ROS_WORKSPACES/WS_Master_Thesis/install/uc1_robot_controllers_interfaces/include/uc1_robot_controllers_interfaces/uc1_robot_controllers_interfaces/action/detail
-- Up-to-date: /home/maclab/Documents/ROS_WORKSPACES/WS_Master_Thesis/install/uc1_robot_controllers_interfaces/include/uc1_robot_controllers_interfaces/uc1_robot_controllers_interfaces/action/detail/move_robot__traits.hpp
-- Up-to-date: /home/maclab/Documents/ROS_WORKSPACES/WS_Master_Thesis/install/uc1_robot_controllers_interfaces/include/uc1_robot_controllers_interfaces/uc1_robot_controllers_interfaces/action/detail/move_robot__struct.hpp
-- Up-to-date: /home/maclab/Documents/ROS_WORKSPACES/WS_Master_Thesis/install/uc1_robot_controllers_interfaces/include/uc1_robot_controllers_interfaces/uc1_robot_controllers_interfaces/action/detail/move_robot_tp__struct.hpp
-- Up-to-date: /home/maclab/Documents/ROS_WORKSPACES/WS_Master_Thesis/install/uc1_robot_controllers_interfaces/include/uc1_robot_controllers_interfaces/uc1_robot_controllers_interfaces/action/detail/move_robot__builder.hpp
-- Up-to-date: /home/maclab/Documents/ROS_WORKSPACES/WS_Master_Thesis/install/uc1_robot_controllers_interfaces/include/uc1_robot_controllers_interfaces/uc1_robot_controllers_interfaces/action/detail/move_robot_tp__traits.hpp
-- Up-to-date: /home/maclab/Documents/ROS_WORKSPACES/WS_Master_Thesis/install/uc1_robot_controllers_interfaces/include/uc1_robot_controllers_interfaces/uc1_robot_controllers_interfaces/action/detail/move_robot__type_support.hpp
-- Up-to-date: /home/maclab/Documents/ROS_WORKSPACES/WS_Master_Thesis/install/uc1_robot_controllers_interfaces/include/uc1_robot_controllers_interfaces/uc1_robot_controllers_interfaces/action/detail/move_robot_tp__type_support.hpp
-- Up-to-date: /home/maclab/Documents/ROS_WORKSPACES/WS_Master_Thesis/install/uc1_robot_controllers_interfaces/include/uc1_robot_controllers_interfaces/uc1_robot_controllers_interfaces/action/detail/move_robot_tp__builder.hpp
-- Up-to-date: /home/maclab/Documents/ROS_WORKSPACES/WS_Master_Thesis/install/uc1_robot_controllers_interfaces/include/uc1_robot_controllers_interfaces/uc1_robot_controllers_interfaces/action/move_robot_tp.hpp
-- Up-to-date: /home/maclab/Documents/ROS_WORKSPACES/WS_Master_Thesis/install/uc1_robot_controllers_interfaces/include/uc1_robot_controllers_interfaces/uc1_robot_controllers_interfaces/action/move_robot.hpp
-- Up-to-date: /home/maclab/Documents/ROS_WORKSPACES/WS_Master_Thesis/install/uc1_robot_controllers_interfaces/include/uc1_robot_controllers_interfaces/uc1_robot_controllers_interfaces
-- Up-to-date: /home/maclab/Documents/ROS_WORKSPACES/WS_Master_Thesis/install/uc1_robot_controllers_interfaces/include/uc1_robot_controllers_interfaces/uc1_robot_controllers_interfaces/msg
-- Up-to-date: /home/maclab/Documents/ROS_WORKSPACES/WS_Master_Thesis/install/uc1_robot_controllers_interfaces/include/uc1_robot_controllers_interfaces/uc1_robot_controllers_interfaces/msg/detail
-- Up-to-date: /home/maclab/Documents/ROS_WORKSPACES/WS_Master_Thesis/install/uc1_robot_controllers_interfaces/include/uc1_robot_controllers_interfaces/uc1_robot_controllers_interfaces/msg/detail/move_robot_orient__rosidl_typesupport_fastrtps_cpp.hpp
-- Up-to-date: /home/maclab/Documents/ROS_WORKSPACES/WS_Master_Thesis/install/uc1_robot_controllers_interfaces/include/uc1_robot_controllers_interfaces/uc1_robot_controllers_interfaces/msg/detail/move_robot_point__rosidl_typesupport_fastrtps_cpp.hpp
-- Up-to-date: /home/maclab/Documents/ROS_WORKSPACES/WS_Master_Thesis/install/uc1_robot_controllers_interfaces/include/uc1_robot_controllers_interfaces/uc1_robot_controllers_interfaces/msg/detail/move_robot_goal__rosidl_typesupport_fastrtps_cpp.hpp
-- Up-to-date: /home/maclab/Documents/ROS_WORKSPACES/WS_Master_Thesis/install/uc1_robot_controllers_interfaces/include/uc1_robot_controllers_interfaces/uc1_robot_controllers_interfaces/msg/detail/dds_fastrtps
-- Up-to-date: /home/maclab/Documents/ROS_WORKSPACES/WS_Master_Thesis/install/uc1_robot_controllers_interfaces/include/uc1_robot_controllers_interfaces/uc1_robot_controllers_interfaces/msg/rosidl_typesupport_fastrtps_cpp__visibility_control.h
-- Up-to-date: /home/maclab/Documents/ROS_WORKSPACES/WS_Master_Thesis/install/uc1_robot_controllers_interfaces/include/uc1_robot_controllers_interfaces/uc1_robot_controllers_interfaces/action
-- Up-to-date: /home/maclab/Documents/ROS_WORKSPACES/WS_Master_Thesis/install/uc1_robot_controllers_interfaces/include/uc1_robot_controllers_interfaces/uc1_robot_controllers_interfaces/action/detail
-- Up-to-date: /home/maclab/Documents/ROS_WORKSPACES/WS_Master_Thesis/install/uc1_robot_controllers_interfaces/include/uc1_robot_controllers_interfaces/uc1_robot_controllers_interfaces/action/detail/move_robot__rosidl_typesupport_fastrtps_cpp.hpp
-- Up-to-date: /home/maclab/Documents/ROS_WORKSPACES/WS_Master_Thesis/install/uc1_robot_controllers_interfaces/include/uc1_robot_controllers_interfaces/uc1_robot_controllers_interfaces/action/detail/move_robot_tp__rosidl_typesupport_fastrtps_cpp.hpp
-- Up-to-date: /home/maclab/Documents/ROS_WORKSPACES/WS_Master_Thesis/install/uc1_robot_controllers_interfaces/include/uc1_robot_controllers_interfaces/uc1_robot_controllers_interfaces/action/detail/dds_fastrtps
-- Installing: /home/maclab/Documents/ROS_WORKSPACES/WS_Master_Thesis/install/uc1_robot_controllers_interfaces/lib/libuc1_robot_controllers_interfaces__rosidl_typesupport_fastrtps_cpp.so
-- Set runtime path of "/home/maclab/Documents/ROS_WORKSPACES/WS_Master_Thesis/install/uc1_robot_controllers_interfaces/lib/libuc1_robot_controllers_interfaces__rosidl_typesupport_fastrtps_cpp.so" to ""
-- Up-to-date: /home/maclab/Documents/ROS_WORKSPACES/WS_Master_Thesis/install/uc1_robot_controllers_interfaces/include/uc1_robot_controllers_interfaces/uc1_robot_controllers_interfaces
-- Up-to-date: /home/maclab/Documents/ROS_WORKSPACES/WS_Master_Thesis/install/uc1_robot_controllers_interfaces/include/uc1_robot_controllers_interfaces/uc1_robot_controllers_interfaces/msg
-- Up-to-date: /home/maclab/Documents/ROS_WORKSPACES/WS_Master_Thesis/install/uc1_robot_controllers_interfaces/include/uc1_robot_controllers_interfaces/uc1_robot_controllers_interfaces/msg/rosidl_typesupport_introspection_c__visibility_control.h
-- Up-to-date: /home/maclab/Documents/ROS_WORKSPACES/WS_Master_Thesis/install/uc1_robot_controllers_interfaces/include/uc1_robot_controllers_interfaces/uc1_robot_controllers_interfaces/msg/detail
-- Up-to-date: /home/maclab/Documents/ROS_WORKSPACES/WS_Master_Thesis/install/uc1_robot_controllers_interfaces/include/uc1_robot_controllers_interfaces/uc1_robot_controllers_interfaces/msg/detail/move_robot_goal__rosidl_typesupport_introspection_c.h
-- Up-to-date: /home/maclab/Documents/ROS_WORKSPACES/WS_Master_Thesis/install/uc1_robot_controllers_interfaces/include/uc1_robot_controllers_interfaces/uc1_robot_controllers_interfaces/msg/detail/move_robot_point__rosidl_typesupport_introspection_c.h
-- Up-to-date: /home/maclab/Documents/ROS_WORKSPACES/WS_Master_Thesis/install/uc1_robot_controllers_interfaces/include/uc1_robot_controllers_interfaces/uc1_robot_controllers_interfaces/msg/detail/move_robot_point__type_support.c
-- Up-to-date: /home/maclab/Documents/ROS_WORKSPACES/WS_Master_Thesis/install/uc1_robot_controllers_interfaces/include/uc1_robot_controllers_interfaces/uc1_robot_controllers_interfaces/msg/detail/move_robot_goal__type_support.c
-- Up-to-date: /home/maclab/Documents/ROS_WORKSPACES/WS_Master_Thesis/install/uc1_robot_controllers_interfaces/include/uc1_robot_controllers_interfaces/uc1_robot_controllers_interfaces/msg/detail/move_robot_orient__rosidl_typesupport_introspection_c.h
-- Up-to-date: /home/maclab/Documents/ROS_WORKSPACES/WS_Master_Thesis/install/uc1_robot_controllers_interfaces/include/uc1_robot_controllers_interfaces/uc1_robot_controllers_interfaces/msg/detail/move_robot_orient__type_support.c
-- Up-to-date: /home/maclab/Documents/ROS_WORKSPACES/WS_Master_Thesis/install/uc1_robot_controllers_interfaces/include/uc1_robot_controllers_interfaces/uc1_robot_controllers_interfaces/action
-- Up-to-date: /home/maclab/Documents/ROS_WORKSPACES/WS_Master_Thesis/install/uc1_robot_controllers_interfaces/include/uc1_robot_controllers_interfaces/uc1_robot_controllers_interfaces/action/detail
-- Up-to-date: /home/maclab/Documents/ROS_WORKSPACES/WS_Master_Thesis/install/uc1_robot_controllers_interfaces/include/uc1_robot_controllers_interfaces/uc1_robot_controllers_interfaces/action/detail/move_robot__type_support.c
-- Up-to-date: /home/maclab/Documents/ROS_WORKSPACES/WS_Master_Thesis/install/uc1_robot_controllers_interfaces/include/uc1_robot_controllers_interfaces/uc1_robot_controllers_interfaces/action/detail/move_robot__rosidl_typesupport_introspection_c.h
-- Up-to-date: /home/maclab/Documents/ROS_WORKSPACES/WS_Master_Thesis/install/uc1_robot_controllers_interfaces/include/uc1_robot_controllers_interfaces/uc1_robot_controllers_interfaces/action/detail/move_robot_tp__type_support.c
-- Up-to-date: /home/maclab/Documents/ROS_WORKSPACES/WS_Master_Thesis/install/uc1_robot_controllers_interfaces/include/uc1_robot_controllers_interfaces/uc1_robot_controllers_interfaces/action/detail/move_robot_tp__rosidl_typesupport_introspection_c.h
-- Installing: /home/maclab/Documents/ROS_WORKSPACES/WS_Master_Thesis/install/uc1_robot_controllers_interfaces/lib/libuc1_robot_controllers_interfaces__rosidl_typesupport_introspection_c.so
-- Set runtime path of "/home/maclab/Documents/ROS_WORKSPACES/WS_Master_Thesis/install/uc1_robot_controllers_interfaces/lib/libuc1_robot_controllers_interfaces__rosidl_typesupport_introspection_c.so" to ""
-- Installing: /home/maclab/Documents/ROS_WORKSPACES/WS_Master_Thesis/install/uc1_robot_controllers_interfaces/lib/libuc1_robot_controllers_interfaces__rosidl_typesupport_c.so
-- Set runtime path of "/home/maclab/Documents/ROS_WORKSPACES/WS_Master_Thesis/install/uc1_robot_controllers_interfaces/lib/libuc1_robot_controllers_interfaces__rosidl_typesupport_c.so" to ""
-- Up-to-date: /home/maclab/Documents/ROS_WORKSPACES/WS_Master_Thesis/install/uc1_robot_controllers_interfaces/include/uc1_robot_controllers_interfaces/uc1_robot_controllers_interfaces
-- Up-to-date: /home/maclab/Documents/ROS_WORKSPACES/WS_Master_Thesis/install/uc1_robot_controllers_interfaces/include/uc1_robot_controllers_interfaces/uc1_robot_controllers_interfaces/msg
-- Up-to-date: /home/maclab/Documents/ROS_WORKSPACES/WS_Master_Thesis/install/uc1_robot_controllers_interfaces/include/uc1_robot_controllers_interfaces/uc1_robot_controllers_interfaces/msg/detail
-- Up-to-date: /home/maclab/Documents/ROS_WORKSPACES/WS_Master_Thesis/install/uc1_robot_controllers_interfaces/include/uc1_robot_controllers_interfaces/uc1_robot_controllers_interfaces/msg/detail/move_robot_orient__type_support.cpp
-- Up-to-date: /home/maclab/Documents/ROS_WORKSPACES/WS_Master_Thesis/install/uc1_robot_controllers_interfaces/include/uc1_robot_controllers_interfaces/uc1_robot_controllers_interfaces/msg/detail/move_robot_goal__rosidl_typesupport_introspection_cpp.hpp
-- Up-to-date: /home/maclab/Documents/ROS_WORKSPACES/WS_Master_Thesis/install/uc1_robot_controllers_interfaces/include/uc1_robot_controllers_interfaces/uc1_robot_controllers_interfaces/msg/detail/move_robot_orient__rosidl_typesupport_introspection_cpp.hpp
-- Up-to-date: /home/maclab/Documents/ROS_WORKSPACES/WS_Master_Thesis/install/uc1_robot_controllers_interfaces/include/uc1_robot_controllers_interfaces/uc1_robot_controllers_interfaces/msg/detail/move_robot_point__rosidl_typesupport_introspection_cpp.hpp
-- Up-to-date: /home/maclab/Documents/ROS_WORKSPACES/WS_Master_Thesis/install/uc1_robot_controllers_interfaces/include/uc1_robot_controllers_interfaces/uc1_robot_controllers_interfaces/msg/detail/move_robot_point__type_support.cpp
-- Up-to-date: /home/maclab/Documents/ROS_WORKSPACES/WS_Master_Thesis/install/uc1_robot_controllers_interfaces/include/uc1_robot_controllers_interfaces/uc1_robot_controllers_interfaces/msg/detail/move_robot_goal__type_support.cpp
-- Up-to-date: /home/maclab/Documents/ROS_WORKSPACES/WS_Master_Thesis/install/uc1_robot_controllers_interfaces/include/uc1_robot_controllers_interfaces/uc1_robot_controllers_interfaces/action
-- Up-to-date: /home/maclab/Documents/ROS_WORKSPACES/WS_Master_Thesis/install/uc1_robot_controllers_interfaces/include/uc1_robot_controllers_interfaces/uc1_robot_controllers_interfaces/action/detail
-- Up-to-date: /home/maclab/Documents/ROS_WORKSPACES/WS_Master_Thesis/install/uc1_robot_controllers_interfaces/include/uc1_robot_controllers_interfaces/uc1_robot_controllers_interfaces/action/detail/move_robot__rosidl_typesupport_introspection_cpp.hpp
-- Up-to-date: /home/maclab/Documents/ROS_WORKSPACES/WS_Master_Thesis/install/uc1_robot_controllers_interfaces/include/uc1_robot_controllers_interfaces/uc1_robot_controllers_interfaces/action/detail/move_robot_tp__type_support.cpp
-- Up-to-date: /home/maclab/Documents/ROS_WORKSPACES/WS_Master_Thesis/install/uc1_robot_controllers_interfaces/include/uc1_robot_controllers_interfaces/uc1_robot_controllers_interfaces/action/detail/move_robot_tp__rosidl_typesupport_introspection_cpp.hpp
-- Up-to-date: /home/maclab/Documents/ROS_WORKSPACES/WS_Master_Thesis/install/uc1_robot_controllers_interfaces/include/uc1_robot_controllers_interfaces/uc1_robot_controllers_interfaces/action/detail/move_robot__type_support.cpp
-- Installing: /home/maclab/Documents/ROS_WORKSPACES/WS_Master_Thesis/install/uc1_robot_controllers_interfaces/lib/libuc1_robot_controllers_interfaces__rosidl_typesupport_introspection_cpp.so
-- Set runtime path of "/home/maclab/Documents/ROS_WORKSPACES/WS_Master_Thesis/install/uc1_robot_controllers_interfaces/lib/libuc1_robot_controllers_interfaces__rosidl_typesupport_introspection_cpp.so" to ""
-- Installing: /home/maclab/Documents/ROS_WORKSPACES/WS_Master_Thesis/install/uc1_robot_controllers_interfaces/lib/libuc1_robot_controllers_interfaces__rosidl_typesupport_cpp.so
-- Set runtime path of "/home/maclab/Documents/ROS_WORKSPACES/WS_Master_Thesis/install/uc1_robot_controllers_interfaces/lib/libuc1_robot_controllers_interfaces__rosidl_typesupport_cpp.so" to ""
-- Up-to-date: /home/maclab/Documents/ROS_WORKSPACES/WS_Master_Thesis/install/uc1_robot_controllers_interfaces/share/uc1_robot_controllers_interfaces/environment/pythonpath.sh
-- Installing: /home/maclab/Documents/ROS_WORKSPACES/WS_Master_Thesis/install/uc1_robot_controllers_interfaces/share/uc1_robot_controllers_interfaces/environment/pythonpath.dsv
-- Up-to-date: /home/maclab/Documents/ROS_WORKSPACES/WS_Master_Thesis/install/uc1_robot_controllers_interfaces/local/lib/python3.10/dist-packages/uc1_robot_controllers_interfaces-0.0.0-py3.10.egg-info
-- Installing: /home/maclab/Documents/ROS_WORKSPACES/WS_Master_Thesis/install/uc1_robot_controllers_interfaces/local/lib/python3.10/dist-packages/uc1_robot_controllers_interfaces-0.0.0-py3.10.egg-info/dependency_links.txt
-- Installing: /home/maclab/Documents/ROS_WORKSPACES/WS_Master_Thesis/install/uc1_robot_controllers_interfaces/local/lib/python3.10/dist-packages/uc1_robot_controllers_interfaces-0.0.0-py3.10.egg-info/SOURCES.txt
-- Installing: /home/maclab/Documents/ROS_WORKSPACES/WS_Master_Thesis/install/uc1_robot_controllers_interfaces/local/lib/python3.10/dist-packages/uc1_robot_controllers_interfaces-0.0.0-py3.10.egg-info/PKG-INFO
-- Installing: /home/maclab/Documents/ROS_WORKSPACES/WS_Master_Thesis/install/uc1_robot_controllers_interfaces/local/lib/python3.10/dist-packages/uc1_robot_controllers_interfaces-0.0.0-py3.10.egg-info/top_level.txt
-- Up-to-date: /home/maclab/Documents/ROS_WORKSPACES/WS_Master_Thesis/install/uc1_robot_controllers_interfaces/local/lib/python3.10/dist-packages/uc1_robot_controllers_interfaces
-- Installing: /home/maclab/Documents/ROS_WORKSPACES/WS_Master_Thesis/install/uc1_robot_controllers_interfaces/local/lib/python3.10/dist-packages/uc1_robot_controllers_interfaces/__init__.py
-- Up-to-date: /home/maclab/Documents/ROS_WORKSPACES/WS_Master_Thesis/install/uc1_robot_controllers_interfaces/local/lib/python3.10/dist-packages/uc1_robot_controllers_interfaces/_uc1_robot_controllers_interfaces_s.ep.rosidl_typesupport_introspection_c.c
-- Installing: /home/maclab/Documents/ROS_WORKSPACES/WS_Master_Thesis/install/uc1_robot_controllers_interfaces/local/lib/python3.10/dist-packages/uc1_robot_controllers_interfaces/uc1_robot_controllers_interfaces_s__rosidl_typesupport_introspection_c.cpython-310-x86_64-linux-gnu.so
-- Up-to-date: /home/maclab/Documents/ROS_WORKSPACES/WS_Master_Thesis/install/uc1_robot_controllers_interfaces/local/lib/python3.10/dist-packages/uc1_robot_controllers_interfaces/_uc1_robot_controllers_interfaces_s.ep.rosidl_typesupport_fastrtps_c.c
-- Up-to-date: /home/maclab/Documents/ROS_WORKSPACES/WS_Master_Thesis/install/uc1_robot_controllers_interfaces/local/lib/python3.10/dist-packages/uc1_robot_controllers_interfaces/msg
-- Up-to-date: /home/maclab/Documents/ROS_WORKSPACES/WS_Master_Thesis/install/uc1_robot_controllers_interfaces/local/lib/python3.10/dist-packages/uc1_robot_controllers_interfaces/msg/__init__.py
-- Up-to-date: /home/maclab/Documents/ROS_WORKSPACES/WS_Master_Thesis/install/uc1_robot_controllers_interfaces/local/lib/python3.10/dist-packages/uc1_robot_controllers_interfaces/msg/_move_robot_goal_s.c
-- Up-to-date: /home/maclab/Documents/ROS_WORKSPACES/WS_Master_Thesis/install/uc1_robot_controllers_interfaces/local/lib/python3.10/dist-packages/uc1_robot_controllers_interfaces/msg/_move_robot_orient_s.c
-- Up-to-date: /home/maclab/Documents/ROS_WORKSPACES/WS_Master_Thesis/install/uc1_robot_controllers_interfaces/local/lib/python3.10/dist-packages/uc1_robot_controllers_interfaces/msg/_move_robot_point.py
-- Up-to-date: /home/maclab/Documents/ROS_WORKSPACES/WS_Master_Thesis/install/uc1_robot_controllers_interfaces/local/lib/python3.10/dist-packages/uc1_robot_controllers_interfaces/msg/_move_robot_orient.py
-- Up-to-date: /home/maclab/Documents/ROS_WORKSPACES/WS_Master_Thesis/install/uc1_robot_controllers_interfaces/local/lib/python3.10/dist-packages/uc1_robot_controllers_interfaces/msg/_move_robot_point_s.c
-- Up-to-date: /home/maclab/Documents/ROS_WORKSPACES/WS_Master_Thesis/install/uc1_robot_controllers_interfaces/local/lib/python3.10/dist-packages/uc1_robot_controllers_interfaces/msg/_move_robot_goal.py
-- Installing: /home/maclab/Documents/ROS_WORKSPACES/WS_Master_Thesis/install/uc1_robot_controllers_interfaces/local/lib/python3.10/dist-packages/uc1_robot_controllers_interfaces/uc1_robot_controllers_interfaces_s__rosidl_typesupport_c.cpython-310-x86_64-linux-gnu.so
-- Up-to-date: /home/maclab/Documents/ROS_WORKSPACES/WS_Master_Thesis/install/uc1_robot_controllers_interfaces/local/lib/python3.10/dist-packages/uc1_robot_controllers_interfaces/action
-- Up-to-date: /home/maclab/Documents/ROS_WORKSPACES/WS_Master_Thesis/install/uc1_robot_controllers_interfaces/local/lib/python3.10/dist-packages/uc1_robot_controllers_interfaces/action/__init__.py
-- Up-to-date: /home/maclab/Documents/ROS_WORKSPACES/WS_Master_Thesis/install/uc1_robot_controllers_interfaces/local/lib/python3.10/dist-packages/uc1_robot_controllers_interfaces/action/_move_robot_tp.py
-- Up-to-date: /home/maclab/Documents/ROS_WORKSPACES/WS_Master_Thesis/install/uc1_robot_controllers_interfaces/local/lib/python3.10/dist-packages/uc1_robot_controllers_interfaces/action/_move_robot_s.c
-- Up-to-date: /home/maclab/Documents/ROS_WORKSPACES/WS_Master_Thesis/install/uc1_robot_controllers_interfaces/local/lib/python3.10/dist-packages/uc1_robot_controllers_interfaces/action/_move_robot_tp_s.c
-- Up-to-date: /home/maclab/Documents/ROS_WORKSPACES/WS_Master_Thesis/install/uc1_robot_controllers_interfaces/local/lib/python3.10/dist-packages/uc1_robot_controllers_interfaces/action/_move_robot.py
-- Installing: /home/maclab/Documents/ROS_WORKSPACES/WS_Master_Thesis/install/uc1_robot_controllers_interfaces/local/lib/python3.10/dist-packages/uc1_robot_controllers_interfaces/uc1_robot_controllers_interfaces_s__rosidl_typesupport_fastrtps_c.cpython-310-x86_64-linux-gnu.so
-- Up-to-date: /home/maclab/Documents/ROS_WORKSPACES/WS_Master_Thesis/install/uc1_robot_controllers_interfaces/local/lib/python3.10/dist-packages/uc1_robot_controllers_interfaces/_uc1_robot_controllers_interfaces_s.ep.rosidl_typesupport_c.c
-- Installing: /home/maclab/Documents/ROS_WORKSPACES/WS_Master_Thesis/install/uc1_robot_controllers_interfaces/local/lib/python3.10/dist-packages/uc1_robot_controllers_interfaces/libuc1_robot_controllers_interfaces__rosidl_generator_py.so
Listing '/home/maclab/Documents/ROS_WORKSPACES/WS_Master_Thesis/install/uc1_robot_controllers_interfaces/local/lib/python3.10/dist-packages/uc1_robot_controllers_interfaces'...
Compiling '/home/maclab/Documents/ROS_WORKSPACES/WS_Master_Thesis/install/uc1_robot_controllers_interfaces/local/lib/python3.10/dist-packages/uc1_robot_controllers_interfaces/__init__.py'...
Listing '/home/maclab/Documents/ROS_WORKSPACES/WS_Master_Thesis/install/uc1_robot_controllers_interfaces/local/lib/python3.10/dist-packages/uc1_robot_controllers_interfaces/action'...
Listing '/home/maclab/Documents/ROS_WORKSPACES/WS_Master_Thesis/install/uc1_robot_controllers_interfaces/local/lib/python3.10/dist-packages/uc1_robot_controllers_interfaces/msg'...
-- Installing: /home/maclab/Documents/ROS_WORKSPACES/WS_Master_Thesis/install/uc1_robot_controllers_interfaces/local/lib/python3.10/dist-packages/uc1_robot_controllers_interfaces/uc1_robot_controllers_interfaces_s__rosidl_typesupport_fastrtps_c.cpython-310-x86_64-linux-gnu.so
-- Set runtime path of "/home/maclab/Documents/ROS_WORKSPACES/WS_Master_Thesis/install/uc1_robot_controllers_interfaces/local/lib/python3.10/dist-packages/uc1_robot_controllers_interfaces/uc1_robot_controllers_interfaces_s__rosidl_typesupport_fastrtps_c.cpython-310-x86_64-linux-gnu.so" to ""
-- Installing: /home/maclab/Documents/ROS_WORKSPACES/WS_Master_Thesis/install/uc1_robot_controllers_interfaces/local/lib/python3.10/dist-packages/uc1_robot_controllers_interfaces/uc1_robot_controllers_interfaces_s__rosidl_typesupport_introspection_c.cpython-310-x86_64-linux-gnu.so
-- Set runtime path of "/home/maclab/Documents/ROS_WORKSPACES/WS_Master_Thesis/install/uc1_robot_controllers_interfaces/local/lib/python3.10/dist-packages/uc1_robot_controllers_interfaces/uc1_robot_controllers_interfaces_s__rosidl_typesupport_introspection_c.cpython-310-x86_64-linux-gnu.so" to ""
-- Installing: /home/maclab/Documents/ROS_WORKSPACES/WS_Master_Thesis/install/uc1_robot_controllers_interfaces/local/lib/python3.10/dist-packages/uc1_robot_controllers_interfaces/uc1_robot_controllers_interfaces_s__rosidl_typesupport_c.cpython-310-x86_64-linux-gnu.so
-- Set runtime path of "/home/maclab/Documents/ROS_WORKSPACES/WS_Master_Thesis/install/uc1_robot_controllers_interfaces/local/lib/python3.10/dist-packages/uc1_robot_controllers_interfaces/uc1_robot_controllers_interfaces_s__rosidl_typesupport_c.cpython-310-x86_64-linux-gnu.so" to ""
-- Installing: /home/maclab/Documents/ROS_WORKSPACES/WS_Master_Thesis/install/uc1_robot_controllers_interfaces/lib/libuc1_robot_controllers_interfaces__rosidl_generator_py.so
-- Set runtime path of "/home/maclab/Documents/ROS_WORKSPACES/WS_Master_Thesis/install/uc1_robot_controllers_interfaces/lib/libuc1_robot_controllers_interfaces__rosidl_generator_py.so" to ""
-- Up-to-date: /home/maclab/Documents/ROS_WORKSPACES/WS_Master_Thesis/install/uc1_robot_controllers_interfaces/share/uc1_robot_controllers_interfaces/action/MoveRobot.idl
-- Up-to-date: /home/maclab/Documents/ROS_WORKSPACES/WS_Master_Thesis/install/uc1_robot_controllers_interfaces/share/uc1_robot_controllers_interfaces/action/MoveRobotTP.idl
-- Up-to-date: /home/maclab/Documents/ROS_WORKSPACES/WS_Master_Thesis/install/uc1_robot_controllers_interfaces/share/uc1_robot_controllers_interfaces/msg/MoveRobotPoint.idl
-- Up-to-date: /home/maclab/Documents/ROS_WORKSPACES/WS_Master_Thesis/install/uc1_robot_controllers_interfaces/share/uc1_robot_controllers_interfaces/msg/MoveRobotOrient.idl
-- Up-to-date: /home/maclab/Documents/ROS_WORKSPACES/WS_Master_Thesis/install/uc1_robot_controllers_interfaces/share/uc1_robot_controllers_interfaces/msg/MoveRobotGoal.idl
-- Up-to-date: /home/maclab/Documents/ROS_WORKSPACES/WS_Master_Thesis/install/uc1_robot_controllers_interfaces/share/uc1_robot_controllers_interfaces/action/MoveRobot.action
-- Up-to-date: /home/maclab/Documents/ROS_WORKSPACES/WS_Master_Thesis/install/uc1_robot_controllers_interfaces/share/uc1_robot_controllers_interfaces/action/MoveRobotTP.action
-- Up-to-date: /home/maclab/Documents/ROS_WORKSPACES/WS_Master_Thesis/install/uc1_robot_controllers_interfaces/share/uc1_robot_controllers_interfaces/msg/MoveRobotPoint.msg
-- Up-to-date: /home/maclab/Documents/ROS_WORKSPACES/WS_Master_Thesis/install/uc1_robot_controllers_interfaces/share/uc1_robot_controllers_interfaces/msg/MoveRobotOrient.msg
-- Up-to-date: /home/maclab/Documents/ROS_WORKSPACES/WS_Master_Thesis/install/uc1_robot_controllers_interfaces/share/uc1_robot_controllers_interfaces/msg/MoveRobotGoal.msg
-- Up-to-date: /home/maclab/Documents/ROS_WORKSPACES/WS_Master_Thesis/install/uc1_robot_controllers_interfaces/include/uc1_robot_controllers_interfaces
-- Installing: /home/maclab/Documents/ROS_WORKSPACES/WS_Master_Thesis/install/uc1_robot_controllers_interfaces/include/uc1_robot_controllers_interfaces/TPComputation.hpp
-- Installing: /home/maclab/Documents/ROS_WORKSPACES/WS_Master_Thesis/install/uc1_robot_controllers_interfaces/lib/libTPComputation.so
-- Up-to-date: /home/maclab/Documents/ROS_WORKSPACES/WS_Master_Thesis/install/uc1_robot_controllers_interfaces/share/ament_index/resource_index/package_run_dependencies/uc1_robot_controllers_interfaces
-- Installing: /home/maclab/Documents/ROS_WORKSPACES/WS_Master_Thesis/install/uc1_robot_controllers_interfaces/share/ament_index/resource_index/parent_prefix_path/uc1_robot_controllers_interfaces
-- Up-to-date: /home/maclab/Documents/ROS_WORKSPACES/WS_Master_Thesis/install/uc1_robot_controllers_interfaces/share/uc1_robot_controllers_interfaces/environment/ament_prefix_path.sh
-- Installing: /home/maclab/Documents/ROS_WORKSPACES/WS_Master_Thesis/install/uc1_robot_controllers_interfaces/share/uc1_robot_controllers_interfaces/environment/ament_prefix_path.dsv
-- Up-to-date: /home/maclab/Documents/ROS_WORKSPACES/WS_Master_Thesis/install/uc1_robot_controllers_interfaces/share/uc1_robot_controllers_interfaces/environment/path.sh
-- Installing: /home/maclab/Documents/ROS_WORKSPACES/WS_Master_Thesis/install/uc1_robot_controllers_interfaces/share/uc1_robot_controllers_interfaces/environment/path.dsv
-- Up-to-date: /home/maclab/Documents/ROS_WORKSPACES/WS_Master_Thesis/install/uc1_robot_controllers_interfaces/share/uc1_robot_controllers_interfaces/local_setup.bash
-- Up-to-date: /home/maclab/Documents/ROS_WORKSPACES/WS_Master_Thesis/install/uc1_robot_controllers_interfaces/share/uc1_robot_controllers_interfaces/local_setup.sh
-- Up-to-date: /home/maclab/Documents/ROS_WORKSPACES/WS_Master_Thesis/install/uc1_robot_controllers_interfaces/share/uc1_robot_controllers_interfaces/local_setup.zsh
-- Installing: /home/maclab/Documents/ROS_WORKSPACES/WS_Master_Thesis/install/uc1_robot_controllers_interfaces/share/uc1_robot_controllers_interfaces/local_setup.dsv
-- Installing: /home/maclab/Documents/ROS_WORKSPACES/WS_Master_Thesis/install/uc1_robot_controllers_interfaces/share/uc1_robot_controllers_interfaces/package.dsv
-- Up-to-date: /home/maclab/Documents/ROS_WORKSPACES/WS_Master_Thesis/install/uc1_robot_controllers_interfaces/share/ament_index/resource_index/packages/uc1_robot_controllers_interfaces
-- Up-to-date: /home/maclab/Documents/ROS_WORKSPACES/WS_Master_Thesis/install/uc1_robot_controllers_interfaces/share/uc1_robot_controllers_interfaces/cmake/export_uc1_robot_controllers_interfaces__rosidl_generator_cExport.cmake
-- Up-to-date: /home/maclab/Documents/ROS_WORKSPACES/WS_Master_Thesis/install/uc1_robot_controllers_interfaces/share/uc1_robot_controllers_interfaces/cmake/export_uc1_robot_controllers_interfaces__rosidl_generator_cExport-noconfig.cmake
-- Up-to-date: /home/maclab/Documents/ROS_WORKSPACES/WS_Master_Thesis/install/uc1_robot_controllers_interfaces/share/uc1_robot_controllers_interfaces/cmake/export_uc1_robot_controllers_interfaces__rosidl_typesupport_fastrtps_cExport.cmake
-- Up-to-date: /home/maclab/Documents/ROS_WORKSPACES/WS_Master_Thesis/install/uc1_robot_controllers_interfaces/share/uc1_robot_controllers_interfaces/cmake/export_uc1_robot_controllers_interfaces__rosidl_typesupport_fastrtps_cExport-noconfig.cmake
-- Up-to-date: /home/maclab/Documents/ROS_WORKSPACES/WS_Master_Thesis/install/uc1_robot_controllers_interfaces/share/uc1_robot_controllers_interfaces/cmake/export_uc1_robot_controllers_interfaces__rosidl_generator_cppExport.cmake
-- Up-to-date: /home/maclab/Documents/ROS_WORKSPACES/WS_Master_Thesis/install/uc1_robot_controllers_interfaces/share/uc1_robot_controllers_interfaces/cmake/export_uc1_robot_controllers_interfaces__rosidl_typesupport_fastrtps_cppExport.cmake
-- Up-to-date: /home/maclab/Documents/ROS_WORKSPACES/WS_Master_Thesis/install/uc1_robot_controllers_interfaces/share/uc1_robot_controllers_interfaces/cmake/export_uc1_robot_controllers_interfaces__rosidl_typesupport_fastrtps_cppExport-noconfig.cmake
-- Up-to-date: /home/maclab/Documents/ROS_WORKSPACES/WS_Master_Thesis/install/uc1_robot_controllers_interfaces/share/uc1_robot_controllers_interfaces/cmake/uc1_robot_controllers_interfaces__rosidl_typesupport_introspection_cExport.cmake
-- Up-to-date: /home/maclab/Documents/ROS_WORKSPACES/WS_Master_Thesis/install/uc1_robot_controllers_interfaces/share/uc1_robot_controllers_interfaces/cmake/uc1_robot_controllers_interfaces__rosidl_typesupport_introspection_cExport-noconfig.cmake
-- Up-to-date: /home/maclab/Documents/ROS_WORKSPACES/WS_Master_Thesis/install/uc1_robot_controllers_interfaces/share/uc1_robot_controllers_interfaces/cmake/uc1_robot_controllers_interfaces__rosidl_typesupport_cExport.cmake
-- Up-to-date: /home/maclab/Documents/ROS_WORKSPACES/WS_Master_Thesis/install/uc1_robot_controllers_interfaces/share/uc1_robot_controllers_interfaces/cmake/uc1_robot_controllers_interfaces__rosidl_typesupport_cExport-noconfig.cmake
-- Up-to-date: /home/maclab/Documents/ROS_WORKSPACES/WS_Master_Thesis/install/uc1_robot_controllers_interfaces/share/uc1_robot_controllers_interfaces/cmake/uc1_robot_controllers_interfaces__rosidl_typesupport_introspection_cppExport.cmake
-- Up-to-date: /home/maclab/Documents/ROS_WORKSPACES/WS_Master_Thesis/install/uc1_robot_controllers_interfaces/share/uc1_robot_controllers_interfaces/cmake/uc1_robot_controllers_interfaces__rosidl_typesupport_introspection_cppExport-noconfig.cmake
-- Up-to-date: /home/maclab/Documents/ROS_WORKSPACES/WS_Master_Thesis/install/uc1_robot_controllers_interfaces/share/uc1_robot_controllers_interfaces/cmake/uc1_robot_controllers_interfaces__rosidl_typesupport_cppExport.cmake
-- Up-to-date: /home/maclab/Documents/ROS_WORKSPACES/WS_Master_Thesis/install/uc1_robot_controllers_interfaces/share/uc1_robot_controllers_interfaces/cmake/uc1_robot_controllers_interfaces__rosidl_typesupport_cppExport-noconfig.cmake
-- Up-to-date: /home/maclab/Documents/ROS_WORKSPACES/WS_Master_Thesis/install/uc1_robot_controllers_interfaces/share/uc1_robot_controllers_interfaces/cmake/export_uc1_robot_controllers_interfaces__rosidl_generator_pyExport.cmake
-- Up-to-date: /home/maclab/Documents/ROS_WORKSPACES/WS_Master_Thesis/install/uc1_robot_controllers_interfaces/share/uc1_robot_controllers_interfaces/cmake/export_uc1_robot_controllers_interfaces__rosidl_generator_pyExport-noconfig.cmake
-- Installing: /home/maclab/Documents/ROS_WORKSPACES/WS_Master_Thesis/install/uc1_robot_controllers_interfaces/share/uc1_robot_controllers_interfaces/cmake/TPComputationExport.cmake
-- Installing: /home/maclab/Documents/ROS_WORKSPACES/WS_Master_Thesis/install/uc1_robot_controllers_interfaces/share/uc1_robot_controllers_interfaces/cmake/TPComputationExport-noconfig.cmake
-- Up-to-date: /home/maclab/Documents/ROS_WORKSPACES/WS_Master_Thesis/install/uc1_robot_controllers_interfaces/share/uc1_robot_controllers_interfaces/cmake/rosidl_cmake-extras.cmake
-- Up-to-date: /home/maclab/Documents/ROS_WORKSPACES/WS_Master_Thesis/install/uc1_robot_controllers_interfaces/share/uc1_robot_controllers_interfaces/cmake/ament_cmake_export_dependencies-extras.cmake
-- Up-to-date: /home/maclab/Documents/ROS_WORKSPACES/WS_Master_Thesis/install/uc1_robot_controllers_interfaces/share/uc1_robot_controllers_interfaces/cmake/ament_cmake_export_include_directories-extras.cmake
-- Up-to-date: /home/maclab/Documents/ROS_WORKSPACES/WS_Master_Thesis/install/uc1_robot_controllers_interfaces/share/uc1_robot_controllers_interfaces/cmake/ament_cmake_export_libraries-extras.cmake
-- Installing: /home/maclab/Documents/ROS_WORKSPACES/WS_Master_Thesis/install/uc1_robot_controllers_interfaces/share/uc1_robot_controllers_interfaces/cmake/ament_cmake_export_targets-extras.cmake
-- Up-to-date: /home/maclab/Documents/ROS_WORKSPACES/WS_Master_Thesis/install/uc1_robot_controllers_interfaces/share/uc1_robot_controllers_interfaces/cmake/rosidl_cmake_export_typesupport_targets-extras.cmake
-- Up-to-date: /home/maclab/Documents/ROS_WORKSPACES/WS_Master_Thesis/install/uc1_robot_controllers_interfaces/share/uc1_robot_controllers_interfaces/cmake/rosidl_cmake_export_typesupport_libraries-extras.cmake
-- Up-to-date: /home/maclab/Documents/ROS_WORKSPACES/WS_Master_Thesis/install/uc1_robot_controllers_interfaces/share/uc1_robot_controllers_interfaces/cmake/uc1_robot_controllers_interfacesConfig.cmake
-- Up-to-date: /home/maclab/Documents/ROS_WORKSPACES/WS_Master_Thesis/install/uc1_robot_controllers_interfaces/share/uc1_robot_controllers_interfaces/cmake/uc1_robot_controllers_interfacesConfig-version.cmake
-- Up-to-date: /home/maclab/Documents/ROS_WORKSPACES/WS_Master_Thesis/install/uc1_robot_controllers_interfaces/share/uc1_robot_controllers_interfaces/package.xml
