[0.005s] Invoking command in '/home/maclab/Documents/ROS_WORKSPACES/WS_Master_Thesis/build/uc1_robot_controllers_interfaces': CMAKE_PREFIX_PATH=/opt/ros/humble /usr/bin/cmake --build /home/maclab/Documents/ROS_WORKSPACES/WS_Master_Thesis/build/uc1_robot_controllers_interfaces -- -j32 -l32
[0.015s] /usr/bin/cmake -S/home/maclab/Documents/ROS_WORKSPACES/WS_Master_Thesis/src/uc1_robot_controllers_interfaces -B/home/maclab/Documents/ROS_WORKSPACES/WS_Master_Thesis/build/uc1_robot_controllers_interfaces --check-build-system CMakeFiles/Makefile.cmake 0
[0.021s] Re-run cmake file: Makefile older than: /home/maclab/Documents/ROS_WORKSPACES/WS_Master_Thesis/src/uc1_robot_controllers_interfaces/CMakeLists.txt
[0.024s] -- Found ament_cmake: 1.3.12 (/opt/ros/humble/share/ament_cmake/cmake)
[0.100s] -- Found rclcpp: 16.0.15 (/opt/ros/humble/share/rclcpp/cmake)
[0.113s] -- Found rosidl_generator_c: 3.1.7 (/opt/ros/humble/share/rosidl_generator_c/cmake)
[0.114s] -- Found rosidl_adapter: 3.1.7 (/opt/ros/humble/share/rosidl_adapter/cmake)
[0.116s] -- Found rosidl_generator_cpp: 3.1.7 (/opt/ros/humble/share/rosidl_generator_cpp/cmake)
[0.120s] -- Using all available rosidl_typesupport_c: rosidl_typesupport_fastrtps_c;rosidl_typesupport_introspection_c
[0.125s] -- Using all available rosidl_typesupport_cpp: rosidl_typesupport_fastrtps_cpp;rosidl_typesupport_introspection_cpp
[0.141s] -- Found rmw_implementation_cmake: 6.1.2 (/opt/ros/humble/share/rmw_implementation_cmake/cmake)
[0.142s] -- Found rmw_fastrtps_cpp: 6.2.9 (/opt/ros/humble/share/rmw_fastrtps_cpp/cmake)
[0.197s] -- Using RMW implementation 'rmw_fastrtps_cpp' as default
[0.225s] -- Found geometry_msgs: 4.9.0 (/opt/ros/humble/share/geometry_msgs/cmake)
[0.232s] -- Found rosidl_default_generators: 1.2.0 (/opt/ros/humble/share/rosidl_default_generators/cmake)
[0.411s] -- Found ament_cmake_ros: 0.10.0 (/opt/ros/humble/share/ament_cmake_ros/cmake)
[0.679s] -- Using all available rosidl_typesupport_c: rosidl_typesupport_fastrtps_c;rosidl_typesupport_introspection_c
[0.789s] -- Using all available rosidl_typesupport_cpp: rosidl_typesupport_fastrtps_cpp;rosidl_typesupport_introspection_cpp
[0.822s] -- Found python_cmake_module: 0.10.0 (/opt/ros/humble/share/python_cmake_module/cmake)
[0.851s] -- Using PYTHON_EXECUTABLE: /usr/bin/python3
[0.851s] -- Using PYTHON_INCLUDE_DIRS: /usr/include/python3.10
[0.851s] -- Using PYTHON_LIBRARIES: /usr/lib/x86_64-linux-gnu/libpython3.10.so
[0.867s] -- Found ament_lint_auto: 0.12.14 (/opt/ros/humble/share/ament_lint_auto/cmake)
[0.871s] -- Added test 'cppcheck' to perform static code analysis on C / C++ code
[0.871s] -- Configured cppcheck include dirs: /home/maclab/Documents/ROS_WORKSPACES/WS_Master_Thesis/src/uc1_robot_controllers_interfaces/include/uc1_robot_controllers_interfaces
[0.871s] -- Configured cppcheck exclude dirs and/or files: 
[0.871s] -- Added test 'lint_cmake' to check CMake code style
[0.872s] -- Added test 'uncrustify' to check C / C++ code style
[0.872s] -- Configured uncrustify additional arguments: 
[0.872s] -- Added test 'xmllint' to check XML markup files
[0.873s] -- Configuring done
[0.892s] -- Generating done
[0.898s] -- Build files have been written to: /home/maclab/Documents/ROS_WORKSPACES/WS_Master_Thesis/build/uc1_robot_controllers_interfaces
[0.902s] /usr/bin/cmake -E cmake_progress_start /home/maclab/Documents/ROS_WORKSPACES/WS_Master_Thesis/build/uc1_robot_controllers_interfaces/CMakeFiles /home/maclab/Documents/ROS_WORKSPACES/WS_Master_Thesis/build/uc1_robot_controllers_interfaces//CMakeFiles/progress.marks
[0.908s] /usr/bin/gmake  -f CMakeFiles/Makefile2 all
[0.910s] gmake[1]: Entering directory '/home/maclab/Documents/ROS_WORKSPACES/WS_Master_Thesis/build/uc1_robot_controllers_interfaces'
[0.910s] /usr/bin/gmake  -f CMakeFiles/uc1_robot_controllers_interfaces__cpp.dir/build.make CMakeFiles/uc1_robot_controllers_interfaces__cpp.dir/depend
[0.910s] /usr/bin/gmake  -f CMakeFiles/uc1_robot_controllers_interfaces__rosidl_generator_c.dir/build.make CMakeFiles/uc1_robot_controllers_interfaces__rosidl_generator_c.dir/depend
[0.910s] /usr/bin/gmake  -f CMakeFiles/ament_cmake_python_copy_uc1_robot_controllers_interfaces.dir/build.make CMakeFiles/ament_cmake_python_copy_uc1_robot_controllers_interfaces.dir/depend
[0.910s] /usr/bin/gmake  -f CMakeFiles/TPComputation.dir/build.make CMakeFiles/TPComputation.dir/depend
[0.911s] gmake[2]: Entering directory '/home/maclab/Documents/ROS_WORKSPACES/WS_Master_Thesis/build/uc1_robot_controllers_interfaces'
[0.911s] cd /home/maclab/Documents/ROS_WORKSPACES/WS_Master_Thesis/build/uc1_robot_controllers_interfaces && /usr/bin/cmake -E cmake_depends "Unix Makefiles" /home/maclab/Documents/ROS_WORKSPACES/WS_Master_Thesis/src/uc1_robot_controllers_interfaces /home/maclab/Documents/ROS_WORKSPACES/WS_Master_Thesis/src/uc1_robot_controllers_interfaces /home/maclab/Documents/ROS_WORKSPACES/WS_Master_Thesis/build/uc1_robot_controllers_interfaces /home/maclab/Documents/ROS_WORKSPACES/WS_Master_Thesis/build/uc1_robot_controllers_interfaces /home/maclab/Documents/ROS_WORKSPACES/WS_Master_Thesis/build/uc1_robot_controllers_interfaces/CMakeFiles/uc1_robot_controllers_interfaces__cpp.dir/DependInfo.cmake --color=
[0.911s] gmake[2]: Entering directory '/home/maclab/Documents/ROS_WORKSPACES/WS_Master_Thesis/build/uc1_robot_controllers_interfaces'
[0.911s] cd /home/maclab/Documents/ROS_WORKSPACES/WS_Master_Thesis/build/uc1_robot_controllers_interfaces && /usr/bin/cmake -E cmake_depends "Unix Makefiles" /home/maclab/Documents/ROS_WORKSPACES/WS_Master_Thesis/src/uc1_robot_controllers_interfaces /home/maclab/Documents/ROS_WORKSPACES/WS_Master_Thesis/src/uc1_robot_controllers_interfaces /home/maclab/Documents/ROS_WORKSPACES/WS_Master_Thesis/build/uc1_robot_controllers_interfaces /home/maclab/Documents/ROS_WORKSPACES/WS_Master_Thesis/build/uc1_robot_controllers_interfaces /home/maclab/Documents/ROS_WORKSPACES/WS_Master_Thesis/build/uc1_robot_controllers_interfaces/CMakeFiles/ament_cmake_python_copy_uc1_robot_controllers_interfaces.dir/DependInfo.cmake --color=
[0.911s] gmake[2]: Entering directory '/home/maclab/Documents/ROS_WORKSPACES/WS_Master_Thesis/build/uc1_robot_controllers_interfaces'
[0.911s] cd /home/maclab/Documents/ROS_WORKSPACES/WS_Master_Thesis/build/uc1_robot_controllers_interfaces && /usr/bin/cmake -E cmake_depends "Unix Makefiles" /home/maclab/Documents/ROS_WORKSPACES/WS_Master_Thesis/src/uc1_robot_controllers_interfaces /home/maclab/Documents/ROS_WORKSPACES/WS_Master_Thesis/src/uc1_robot_controllers_interfaces /home/maclab/Documents/ROS_WORKSPACES/WS_Master_Thesis/build/uc1_robot_controllers_interfaces /home/maclab/Documents/ROS_WORKSPACES/WS_Master_Thesis/build/uc1_robot_controllers_interfaces /home/maclab/Documents/ROS_WORKSPACES/WS_Master_Thesis/build/uc1_robot_controllers_interfaces/CMakeFiles/TPComputation.dir/DependInfo.cmake --color=
[0.912s] gmake[2]: Entering directory '/home/maclab/Documents/ROS_WORKSPACES/WS_Master_Thesis/build/uc1_robot_controllers_interfaces'
[0.912s] cd /home/maclab/Documents/ROS_WORKSPACES/WS_Master_Thesis/build/uc1_robot_controllers_interfaces && /usr/bin/cmake -E cmake_depends "Unix Makefiles" /home/maclab/Documents/ROS_WORKSPACES/WS_Master_Thesis/src/uc1_robot_controllers_interfaces /home/maclab/Documents/ROS_WORKSPACES/WS_Master_Thesis/src/uc1_robot_controllers_interfaces /home/maclab/Documents/ROS_WORKSPACES/WS_Master_Thesis/build/uc1_robot_controllers_interfaces /home/maclab/Documents/ROS_WORKSPACES/WS_Master_Thesis/build/uc1_robot_controllers_interfaces /home/maclab/Documents/ROS_WORKSPACES/WS_Master_Thesis/build/uc1_robot_controllers_interfaces/CMakeFiles/uc1_robot_controllers_interfaces__rosidl_generator_c.dir/DependInfo.cmake --color=
[0.922s] Dependencies file "CMakeFiles/uc1_robot_controllers_interfaces__rosidl_generator_c.dir/rosidl_generator_c/uc1_robot_controllers_interfaces/action/detail/move_robot__functions.c.o.d" is newer than depends file "/home/maclab/Documents/ROS_WORKSPACES/WS_Master_Thesis/build/uc1_robot_controllers_interfaces/CMakeFiles/uc1_robot_controllers_interfaces__rosidl_generator_c.dir/compiler_depend.internal".
[0.922s] gmake[2]: Leaving directory '/home/maclab/Documents/ROS_WORKSPACES/WS_Master_Thesis/build/uc1_robot_controllers_interfaces'
[0.922s] gmake[2]: Leaving directory '/home/maclab/Documents/ROS_WORKSPACES/WS_Master_Thesis/build/uc1_robot_controllers_interfaces'
[0.922s] Dependencies file "CMakeFiles/uc1_robot_controllers_interfaces__rosidl_generator_c.dir/rosidl_generator_c/uc1_robot_controllers_interfaces/action/detail/move_robot_tp__functions.c.o.d" is newer than depends file "/home/maclab/Documents/ROS_WORKSPACES/WS_Master_Thesis/build/uc1_robot_controllers_interfaces/CMakeFiles/uc1_robot_controllers_interfaces__rosidl_generator_c.dir/compiler_depend.internal".
[0.922s] /usr/bin/gmake  -f CMakeFiles/uc1_robot_controllers_interfaces__cpp.dir/build.make CMakeFiles/uc1_robot_controllers_interfaces__cpp.dir/build
[0.922s] Dependencies file "CMakeFiles/uc1_robot_controllers_interfaces__rosidl_generator_c.dir/rosidl_generator_c/uc1_robot_controllers_interfaces/msg/detail/move_robot_goal__functions.c.o.d" is newer than depends file "/home/maclab/Documents/ROS_WORKSPACES/WS_Master_Thesis/build/uc1_robot_controllers_interfaces/CMakeFiles/uc1_robot_controllers_interfaces__rosidl_generator_c.dir/compiler_depend.internal".
[0.922s] gmake[2]: Leaving directory '/home/maclab/Documents/ROS_WORKSPACES/WS_Master_Thesis/build/uc1_robot_controllers_interfaces'
[0.922s] Dependencies file "CMakeFiles/uc1_robot_controllers_interfaces__rosidl_generator_c.dir/rosidl_generator_c/uc1_robot_controllers_interfaces/msg/detail/move_robot_orient__functions.c.o.d" is newer than depends file "/home/maclab/Documents/ROS_WORKSPACES/WS_Master_Thesis/build/uc1_robot_controllers_interfaces/CMakeFiles/uc1_robot_controllers_interfaces__rosidl_generator_c.dir/compiler_depend.internal".
[0.922s] /usr/bin/gmake  -f CMakeFiles/TPComputation.dir/build.make CMakeFiles/TPComputation.dir/build
[0.922s] Dependencies file "CMakeFiles/uc1_robot_controllers_interfaces__rosidl_generator_c.dir/rosidl_generator_c/uc1_robot_controllers_interfaces/msg/detail/move_robot_point__functions.c.o.d" is newer than depends file "/home/maclab/Documents/ROS_WORKSPACES/WS_Master_Thesis/build/uc1_robot_controllers_interfaces/CMakeFiles/uc1_robot_controllers_interfaces__rosidl_generator_c.dir/compiler_depend.internal".
[0.922s] /usr/bin/gmake  -f CMakeFiles/ament_cmake_python_copy_uc1_robot_controllers_interfaces.dir/build.make CMakeFiles/ament_cmake_python_copy_uc1_robot_controllers_interfaces.dir/build
[0.922s] [35m[1mConsolidate compiler generated dependencies of target uc1_robot_controllers_interfaces__rosidl_generator_c[0m
[0.923s] gmake[2]: Entering directory '/home/maclab/Documents/ROS_WORKSPACES/WS_Master_Thesis/build/uc1_robot_controllers_interfaces'
[0.923s] gmake[2]: Entering directory '/home/maclab/Documents/ROS_WORKSPACES/WS_Master_Thesis/build/uc1_robot_controllers_interfaces'
[0.923s] /usr/bin/cmake -E copy_directory /home/maclab/Documents/ROS_WORKSPACES/WS_Master_Thesis/build/uc1_robot_controllers_interfaces/rosidl_generator_py/uc1_robot_controllers_interfaces /home/maclab/Documents/ROS_WORKSPACES/WS_Master_Thesis/build/uc1_robot_controllers_interfaces/ament_cmake_python/uc1_robot_controllers_interfaces/uc1_robot_controllers_interfaces
[0.924s] gmake[2]: Entering directory '/home/maclab/Documents/ROS_WORKSPACES/WS_Master_Thesis/build/uc1_robot_controllers_interfaces'
[0.924s] gmake[2]: Nothing to be done for 'CMakeFiles/uc1_robot_controllers_interfaces__cpp.dir/build'.
[0.924s] gmake[2]: Leaving directory '/home/maclab/Documents/ROS_WORKSPACES/WS_Master_Thesis/build/uc1_robot_controllers_interfaces'
[0.925s] gmake[2]: Leaving directory '/home/maclab/Documents/ROS_WORKSPACES/WS_Master_Thesis/build/uc1_robot_controllers_interfaces'
[0.925s] /usr/bin/gmake  -f CMakeFiles/uc1_robot_controllers_interfaces__rosidl_generator_c.dir/build.make CMakeFiles/uc1_robot_controllers_interfaces__rosidl_generator_c.dir/build
[0.928s] gmake[2]: Entering directory '/home/maclab/Documents/ROS_WORKSPACES/WS_Master_Thesis/build/uc1_robot_controllers_interfaces'
[0.930s] [  3%] Built target uc1_robot_controllers_interfaces__cpp
[0.930s] [  3%] [32mBuilding CXX object CMakeFiles/TPComputation.dir/src/TPComputation.cpp.o[0m
[0.930s] /usr/bin/c++ -DROS_PACKAGE_NAME=\"uc1_robot_controllers_interfaces\" -DTPComputation_EXPORTS -I/home/maclab/Documents/ROS_WORKSPACES/WS_Master_Thesis/src/uc1_robot_controllers_interfaces/include/uc1_robot_controllers_interfaces -fPIC -Wall -Wextra -Wpedantic -MD -MT CMakeFiles/TPComputation.dir/src/TPComputation.cpp.o -MF CMakeFiles/TPComputation.dir/src/TPComputation.cpp.o.d -o CMakeFiles/TPComputation.dir/src/TPComputation.cpp.o -c /home/maclab/Documents/ROS_WORKSPACES/WS_Master_Thesis/src/uc1_robot_controllers_interfaces/src/TPComputation.cpp
[0.931s] /usr/bin/gmake  -f CMakeFiles/uc1_robot_controllers_interfaces__rosidl_typesupport_cpp.dir/build.make CMakeFiles/uc1_robot_controllers_interfaces__rosidl_typesupport_cpp.dir/depend
[0.931s] /usr/bin/gmake  -f CMakeFiles/uc1_robot_controllers_interfaces__rosidl_typesupport_fastrtps_cpp.dir/build.make CMakeFiles/uc1_robot_controllers_interfaces__rosidl_typesupport_fastrtps_cpp.dir/depend
[0.931s] /usr/bin/gmake  -f CMakeFiles/uc1_robot_controllers_interfaces__rosidl_typesupport_introspection_cpp.dir/build.make CMakeFiles/uc1_robot_controllers_interfaces__rosidl_typesupport_introspection_cpp.dir/depend
[0.931s] gmake[2]: Leaving directory '/home/maclab/Documents/ROS_WORKSPACES/WS_Master_Thesis/build/uc1_robot_controllers_interfaces'
[0.932s] gmake[2]: Entering directory '/home/maclab/Documents/ROS_WORKSPACES/WS_Master_Thesis/build/uc1_robot_controllers_interfaces'
[0.932s] cd /home/maclab/Documents/ROS_WORKSPACES/WS_Master_Thesis/build/uc1_robot_controllers_interfaces && /usr/bin/cmake -E cmake_depends "Unix Makefiles" /home/maclab/Documents/ROS_WORKSPACES/WS_Master_Thesis/src/uc1_robot_controllers_interfaces /home/maclab/Documents/ROS_WORKSPACES/WS_Master_Thesis/src/uc1_robot_controllers_interfaces /home/maclab/Documents/ROS_WORKSPACES/WS_Master_Thesis/build/uc1_robot_controllers_interfaces /home/maclab/Documents/ROS_WORKSPACES/WS_Master_Thesis/build/uc1_robot_controllers_interfaces /home/maclab/Documents/ROS_WORKSPACES/WS_Master_Thesis/build/uc1_robot_controllers_interfaces/CMakeFiles/uc1_robot_controllers_interfaces__rosidl_typesupport_cpp.dir/DependInfo.cmake --color=
[0.932s] gmake[2]: Entering directory '/home/maclab/Documents/ROS_WORKSPACES/WS_Master_Thesis/build/uc1_robot_controllers_interfaces'
[0.932s] cd /home/maclab/Documents/ROS_WORKSPACES/WS_Master_Thesis/build/uc1_robot_controllers_interfaces && /usr/bin/cmake -E cmake_depends "Unix Makefiles" /home/maclab/Documents/ROS_WORKSPACES/WS_Master_Thesis/src/uc1_robot_controllers_interfaces /home/maclab/Documents/ROS_WORKSPACES/WS_Master_Thesis/src/uc1_robot_controllers_interfaces /home/maclab/Documents/ROS_WORKSPACES/WS_Master_Thesis/build/uc1_robot_controllers_interfaces /home/maclab/Documents/ROS_WORKSPACES/WS_Master_Thesis/build/uc1_robot_controllers_interfaces /home/maclab/Documents/ROS_WORKSPACES/WS_Master_Thesis/build/uc1_robot_controllers_interfaces/CMakeFiles/uc1_robot_controllers_interfaces__rosidl_typesupport_introspection_cpp.dir/DependInfo.cmake --color=
[0.932s] gmake[2]: Entering directory '/home/maclab/Documents/ROS_WORKSPACES/WS_Master_Thesis/build/uc1_robot_controllers_interfaces'
[0.932s] cd /home/maclab/Documents/ROS_WORKSPACES/WS_Master_Thesis/build/uc1_robot_controllers_interfaces && /usr/bin/cmake -E cmake_depends "Unix Makefiles" /home/maclab/Documents/ROS_WORKSPACES/WS_Master_Thesis/src/uc1_robot_controllers_interfaces /home/maclab/Documents/ROS_WORKSPACES/WS_Master_Thesis/src/uc1_robot_controllers_interfaces /home/maclab/Documents/ROS_WORKSPACES/WS_Master_Thesis/build/uc1_robot_controllers_interfaces /home/maclab/Documents/ROS_WORKSPACES/WS_Master_Thesis/build/uc1_robot_controllers_interfaces /home/maclab/Documents/ROS_WORKSPACES/WS_Master_Thesis/build/uc1_robot_controllers_interfaces/CMakeFiles/uc1_robot_controllers_interfaces__rosidl_typesupport_fastrtps_cpp.dir/DependInfo.cmake --color=
[0.933s] [  4%] [32mBuilding C object CMakeFiles/uc1_robot_controllers_interfaces__rosidl_generator_c.dir/rosidl_generator_c/uc1_robot_controllers_interfaces/msg/detail/move_robot_point__functions.c.o[0m
[0.934s] /usr/bin/cc -DRCUTILS_ENABLE_FAULT_INJECTION -DROSIDL_GENERATOR_C_BUILDING_DLL_uc1_robot_controllers_interfaces -DROS_PACKAGE_NAME=\"uc1_robot_controllers_interfaces\" -I/home/maclab/Documents/ROS_WORKSPACES/WS_Master_Thesis/build/uc1_robot_controllers_interfaces/rosidl_generator_c -I/home/maclab/Documents/ROS_WORKSPACES/WS_Master_Thesis/src/uc1_robot_controllers_interfaces/include/uc1_robot_controllers_interfaces -isystem /opt/ros/humble/include/geometry_msgs -isystem /opt/ros/humble/include/std_msgs -isystem /opt/ros/humble/include/builtin_interfaces -isystem /opt/ros/humble/include/rosidl_runtime_c -isystem /opt/ros/humble/include/rcutils -isystem /opt/ros/humble/include/rosidl_typesupport_interface -isystem /opt/ros/humble/include/action_msgs -isystem /opt/ros/humble/include/unique_identifier_msgs -fPIC -Wall -std=gnu11 -MD -MT CMakeFiles/uc1_robot_controllers_interfaces__rosidl_generator_c.dir/rosidl_generator_c/uc1_robot_controllers_interfaces/msg/detail/move_robot_point__functions.c.o -MF CMakeFiles/uc1_robot_controllers_interfaces__rosidl_generator_c.dir/rosidl_generator_c/uc1_robot_controllers_interfaces/msg/detail/move_robot_point__functions.c.o.d -o CMakeFiles/uc1_robot_controllers_interfaces__rosidl_generator_c.dir/rosidl_generator_c/uc1_robot_controllers_interfaces/msg/detail/move_robot_point__functions.c.o -c /home/maclab/Documents/ROS_WORKSPACES/WS_Master_Thesis/build/uc1_robot_controllers_interfaces/rosidl_generator_c/uc1_robot_controllers_interfaces/msg/detail/move_robot_point__functions.c
[0.934s] [  6%] [32mBuilding C object CMakeFiles/uc1_robot_controllers_interfaces__rosidl_generator_c.dir/rosidl_generator_c/uc1_robot_controllers_interfaces/action/detail/move_robot__functions.c.o[0m
[0.934s] [  7%] [32mBuilding C object CMakeFiles/uc1_robot_controllers_interfaces__rosidl_generator_c.dir/rosidl_generator_c/uc1_robot_controllers_interfaces/action/detail/move_robot_tp__functions.c.o[0m
[0.935s] [  9%] [32mBuilding C object CMakeFiles/uc1_robot_controllers_interfaces__rosidl_generator_c.dir/rosidl_generator_c/uc1_robot_controllers_interfaces/msg/detail/move_robot_orient__functions.c.o[0m
[0.935s] /usr/bin/cc -DRCUTILS_ENABLE_FAULT_INJECTION -DROSIDL_GENERATOR_C_BUILDING_DLL_uc1_robot_controllers_interfaces -DROS_PACKAGE_NAME=\"uc1_robot_controllers_interfaces\" -I/home/maclab/Documents/ROS_WORKSPACES/WS_Master_Thesis/build/uc1_robot_controllers_interfaces/rosidl_generator_c -I/home/maclab/Documents/ROS_WORKSPACES/WS_Master_Thesis/src/uc1_robot_controllers_interfaces/include/uc1_robot_controllers_interfaces -isystem /opt/ros/humble/include/geometry_msgs -isystem /opt/ros/humble/include/std_msgs -isystem /opt/ros/humble/include/builtin_interfaces -isystem /opt/ros/humble/include/rosidl_runtime_c -isystem /opt/ros/humble/include/rcutils -isystem /opt/ros/humble/include/rosidl_typesupport_interface -isystem /opt/ros/humble/include/action_msgs -isystem /opt/ros/humble/include/unique_identifier_msgs -fPIC -Wall -std=gnu11 -MD -MT CMakeFiles/uc1_robot_controllers_interfaces__rosidl_generator_c.dir/rosidl_generator_c/uc1_robot_controllers_interfaces/action/detail/move_robot__functions.c.o -MF CMakeFiles/uc1_robot_controllers_interfaces__rosidl_generator_c.dir/rosidl_generator_c/uc1_robot_controllers_interfaces/action/detail/move_robot__functions.c.o.d -o CMakeFiles/uc1_robot_controllers_interfaces__rosidl_generator_c.dir/rosidl_generator_c/uc1_robot_controllers_interfaces/action/detail/move_robot__functions.c.o -c /home/maclab/Documents/ROS_WORKSPACES/WS_Master_Thesis/build/uc1_robot_controllers_interfaces/rosidl_generator_c/uc1_robot_controllers_interfaces/action/detail/move_robot__functions.c
[0.935s] /usr/bin/cc -DRCUTILS_ENABLE_FAULT_INJECTION -DROSIDL_GENERATOR_C_BUILDING_DLL_uc1_robot_controllers_interfaces -DROS_PACKAGE_NAME=\"uc1_robot_controllers_interfaces\" -I/home/maclab/Documents/ROS_WORKSPACES/WS_Master_Thesis/build/uc1_robot_controllers_interfaces/rosidl_generator_c -I/home/maclab/Documents/ROS_WORKSPACES/WS_Master_Thesis/src/uc1_robot_controllers_interfaces/include/uc1_robot_controllers_interfaces -isystem /opt/ros/humble/include/geometry_msgs -isystem /opt/ros/humble/include/std_msgs -isystem /opt/ros/humble/include/builtin_interfaces -isystem /opt/ros/humble/include/rosidl_runtime_c -isystem /opt/ros/humble/include/rcutils -isystem /opt/ros/humble/include/rosidl_typesupport_interface -isystem /opt/ros/humble/include/action_msgs -isystem /opt/ros/humble/include/unique_identifier_msgs -fPIC -Wall -std=gnu11 -MD -MT CMakeFiles/uc1_robot_controllers_interfaces__rosidl_generator_c.dir/rosidl_generator_c/uc1_robot_controllers_interfaces/action/detail/move_robot_tp__functions.c.o -MF CMakeFiles/uc1_robot_controllers_interfaces__rosidl_generator_c.dir/rosidl_generator_c/uc1_robot_controllers_interfaces/action/detail/move_robot_tp__functions.c.o.d -o CMakeFiles/uc1_robot_controllers_interfaces__rosidl_generator_c.dir/rosidl_generator_c/uc1_robot_controllers_interfaces/action/detail/move_robot_tp__functions.c.o -c /home/maclab/Documents/ROS_WORKSPACES/WS_Master_Thesis/build/uc1_robot_controllers_interfaces/rosidl_generator_c/uc1_robot_controllers_interfaces/action/detail/move_robot_tp__functions.c
[0.935s] [ 10%] [32mBuilding C object CMakeFiles/uc1_robot_controllers_interfaces__rosidl_generator_c.dir/rosidl_generator_c/uc1_robot_controllers_interfaces/msg/detail/move_robot_goal__functions.c.o[0m
[0.935s] Dependencies file "CMakeFiles/uc1_robot_controllers_interfaces__rosidl_typesupport_introspection_cpp.dir/rosidl_typesupport_introspection_cpp/uc1_robot_controllers_interfaces/action/detail/move_robot__type_support.cpp.o.d" is newer than depends file "/home/maclab/Documents/ROS_WORKSPACES/WS_Master_Thesis/build/uc1_robot_controllers_interfaces/CMakeFiles/uc1_robot_controllers_interfaces__rosidl_typesupport_introspection_cpp.dir/compiler_depend.internal".
[0.935s] /usr/bin/cc -DRCUTILS_ENABLE_FAULT_INJECTION -DROSIDL_GENERATOR_C_BUILDING_DLL_uc1_robot_controllers_interfaces -DROS_PACKAGE_NAME=\"uc1_robot_controllers_interfaces\" -I/home/maclab/Documents/ROS_WORKSPACES/WS_Master_Thesis/build/uc1_robot_controllers_interfaces/rosidl_generator_c -I/home/maclab/Documents/ROS_WORKSPACES/WS_Master_Thesis/src/uc1_robot_controllers_interfaces/include/uc1_robot_controllers_interfaces -isystem /opt/ros/humble/include/geometry_msgs -isystem /opt/ros/humble/include/std_msgs -isystem /opt/ros/humble/include/builtin_interfaces -isystem /opt/ros/humble/include/rosidl_runtime_c -isystem /opt/ros/humble/include/rcutils -isystem /opt/ros/humble/include/rosidl_typesupport_interface -isystem /opt/ros/humble/include/action_msgs -isystem /opt/ros/humble/include/unique_identifier_msgs -fPIC -Wall -std=gnu11 -MD -MT CMakeFiles/uc1_robot_controllers_interfaces__rosidl_generator_c.dir/rosidl_generator_c/uc1_robot_controllers_interfaces/msg/detail/move_robot_orient__functions.c.o -MF CMakeFiles/uc1_robot_controllers_interfaces__rosidl_generator_c.dir/rosidl_generator_c/uc1_robot_controllers_interfaces/msg/detail/move_robot_orient__functions.c.o.d -o CMakeFiles/uc1_robot_controllers_interfaces__rosidl_generator_c.dir/rosidl_generator_c/uc1_robot_controllers_interfaces/msg/detail/move_robot_orient__functions.c.o -c /home/maclab/Documents/ROS_WORKSPACES/WS_Master_Thesis/build/uc1_robot_controllers_interfaces/rosidl_generator_c/uc1_robot_controllers_interfaces/msg/detail/move_robot_orient__functions.c
[0.935s] Dependencies file "CMakeFiles/uc1_robot_controllers_interfaces__rosidl_typesupport_introspection_cpp.dir/rosidl_typesupport_introspection_cpp/uc1_robot_controllers_interfaces/action/detail/move_robot_tp__type_support.cpp.o.d" is newer than depends file "/home/maclab/Documents/ROS_WORKSPACES/WS_Master_Thesis/build/uc1_robot_controllers_interfaces/CMakeFiles/uc1_robot_controllers_interfaces__rosidl_typesupport_introspection_cpp.dir/compiler_depend.internal".
[0.935s] Dependencies file "CMakeFiles/uc1_robot_controllers_interfaces__rosidl_typesupport_introspection_cpp.dir/rosidl_typesupport_introspection_cpp/uc1_robot_controllers_interfaces/msg/detail/move_robot_goal__type_support.cpp.o.d" is newer than depends file "/home/maclab/Documents/ROS_WORKSPACES/WS_Master_Thesis/build/uc1_robot_controllers_interfaces/CMakeFiles/uc1_robot_controllers_interfaces__rosidl_typesupport_introspection_cpp.dir/compiler_depend.internal".
[0.935s] /usr/bin/cc -DRCUTILS_ENABLE_FAULT_INJECTION -DROSIDL_GENERATOR_C_BUILDING_DLL_uc1_robot_controllers_interfaces -DROS_PACKAGE_NAME=\"uc1_robot_controllers_interfaces\" -I/home/maclab/Documents/ROS_WORKSPACES/WS_Master_Thesis/build/uc1_robot_controllers_interfaces/rosidl_generator_c -I/home/maclab/Documents/ROS_WORKSPACES/WS_Master_Thesis/src/uc1_robot_controllers_interfaces/include/uc1_robot_controllers_interfaces -isystem /opt/ros/humble/include/geometry_msgs -isystem /opt/ros/humble/include/std_msgs -isystem /opt/ros/humble/include/builtin_interfaces -isystem /opt/ros/humble/include/rosidl_runtime_c -isystem /opt/ros/humble/include/rcutils -isystem /opt/ros/humble/include/rosidl_typesupport_interface -isystem /opt/ros/humble/include/action_msgs -isystem /opt/ros/humble/include/unique_identifier_msgs -fPIC -Wall -std=gnu11 -MD -MT CMakeFiles/uc1_robot_controllers_interfaces__rosidl_generator_c.dir/rosidl_generator_c/uc1_robot_controllers_interfaces/msg/detail/move_robot_goal__functions.c.o -MF CMakeFiles/uc1_robot_controllers_interfaces__rosidl_generator_c.dir/rosidl_generator_c/uc1_robot_controllers_interfaces/msg/detail/move_robot_goal__functions.c.o.d -o CMakeFiles/uc1_robot_controllers_interfaces__rosidl_generator_c.dir/rosidl_generator_c/uc1_robot_controllers_interfaces/msg/detail/move_robot_goal__functions.c.o -c /home/maclab/Documents/ROS_WORKSPACES/WS_Master_Thesis/build/uc1_robot_controllers_interfaces/rosidl_generator_c/uc1_robot_controllers_interfaces/msg/detail/move_robot_goal__functions.c
[0.935s] Dependencies file "CMakeFiles/uc1_robot_controllers_interfaces__rosidl_typesupport_introspection_cpp.dir/rosidl_typesupport_introspection_cpp/uc1_robot_controllers_interfaces/msg/detail/move_robot_orient__type_support.cpp.o.d" is newer than depends file "/home/maclab/Documents/ROS_WORKSPACES/WS_Master_Thesis/build/uc1_robot_controllers_interfaces/CMakeFiles/uc1_robot_controllers_interfaces__rosidl_typesupport_introspection_cpp.dir/compiler_depend.internal".
[0.936s] Dependencies file "CMakeFiles/uc1_robot_controllers_interfaces__rosidl_typesupport_introspection_cpp.dir/rosidl_typesupport_introspection_cpp/uc1_robot_controllers_interfaces/msg/detail/move_robot_point__type_support.cpp.o.d" is newer than depends file "/home/maclab/Documents/ROS_WORKSPACES/WS_Master_Thesis/build/uc1_robot_controllers_interfaces/CMakeFiles/uc1_robot_controllers_interfaces__rosidl_typesupport_introspection_cpp.dir/compiler_depend.internal".
[0.936s] [35m[1mConsolidate compiler generated dependencies of target uc1_robot_controllers_interfaces__rosidl_typesupport_introspection_cpp[0m
[0.936s] [ 10%] Built target ament_cmake_python_copy_uc1_robot_controllers_interfaces
[0.936s] /usr/bin/gmake  -f CMakeFiles/ament_cmake_python_build_uc1_robot_controllers_interfaces_egg.dir/build.make CMakeFiles/ament_cmake_python_build_uc1_robot_controllers_interfaces_egg.dir/depend
[0.937s] Dependencies file "CMakeFiles/uc1_robot_controllers_interfaces__rosidl_typesupport_cpp.dir/rosidl_typesupport_cpp/uc1_robot_controllers_interfaces/action/move_robot__type_support.cpp.o.d" is newer than depends file "/home/maclab/Documents/ROS_WORKSPACES/WS_Master_Thesis/build/uc1_robot_controllers_interfaces/CMakeFiles/uc1_robot_controllers_interfaces__rosidl_typesupport_cpp.dir/compiler_depend.internal".
[0.937s] gmake[2]: Entering directory '/home/maclab/Documents/ROS_WORKSPACES/WS_Master_Thesis/build/uc1_robot_controllers_interfaces'
[0.937s] cd /home/maclab/Documents/ROS_WORKSPACES/WS_Master_Thesis/build/uc1_robot_controllers_interfaces && /usr/bin/cmake -E cmake_depends "Unix Makefiles" /home/maclab/Documents/ROS_WORKSPACES/WS_Master_Thesis/src/uc1_robot_controllers_interfaces /home/maclab/Documents/ROS_WORKSPACES/WS_Master_Thesis/src/uc1_robot_controllers_interfaces /home/maclab/Documents/ROS_WORKSPACES/WS_Master_Thesis/build/uc1_robot_controllers_interfaces /home/maclab/Documents/ROS_WORKSPACES/WS_Master_Thesis/build/uc1_robot_controllers_interfaces /home/maclab/Documents/ROS_WORKSPACES/WS_Master_Thesis/build/uc1_robot_controllers_interfaces/CMakeFiles/ament_cmake_python_build_uc1_robot_controllers_interfaces_egg.dir/DependInfo.cmake --color=
[0.937s] gmake[2]: Leaving directory '/home/maclab/Documents/ROS_WORKSPACES/WS_Master_Thesis/build/uc1_robot_controllers_interfaces'
[0.937s] Dependencies file "CMakeFiles/uc1_robot_controllers_interfaces__rosidl_typesupport_cpp.dir/rosidl_typesupport_cpp/uc1_robot_controllers_interfaces/action/move_robot_tp__type_support.cpp.o.d" is newer than depends file "/home/maclab/Documents/ROS_WORKSPACES/WS_Master_Thesis/build/uc1_robot_controllers_interfaces/CMakeFiles/uc1_robot_controllers_interfaces__rosidl_typesupport_cpp.dir/compiler_depend.internal".
[0.937s] /usr/bin/gmake  -f CMakeFiles/uc1_robot_controllers_interfaces__rosidl_typesupport_introspection_cpp.dir/build.make CMakeFiles/uc1_robot_controllers_interfaces__rosidl_typesupport_introspection_cpp.dir/build
[0.937s] Dependencies file "CMakeFiles/uc1_robot_controllers_interfaces__rosidl_typesupport_cpp.dir/rosidl_typesupport_cpp/uc1_robot_controllers_interfaces/msg/move_robot_goal__type_support.cpp.o.d" is newer than depends file "/home/maclab/Documents/ROS_WORKSPACES/WS_Master_Thesis/build/uc1_robot_controllers_interfaces/CMakeFiles/uc1_robot_controllers_interfaces__rosidl_typesupport_cpp.dir/compiler_depend.internal".
[0.937s] Dependencies file "CMakeFiles/uc1_robot_controllers_interfaces__rosidl_typesupport_fastrtps_cpp.dir/rosidl_typesupport_fastrtps_cpp/uc1_robot_controllers_interfaces/action/detail/dds_fastrtps/move_robot__type_support.cpp.o.d" is newer than depends file "/home/maclab/Documents/ROS_WORKSPACES/WS_Master_Thesis/build/uc1_robot_controllers_interfaces/CMakeFiles/uc1_robot_controllers_interfaces__rosidl_typesupport_fastrtps_cpp.dir/compiler_depend.internal".
[0.937s] Dependencies file "CMakeFiles/uc1_robot_controllers_interfaces__rosidl_typesupport_cpp.dir/rosidl_typesupport_cpp/uc1_robot_controllers_interfaces/msg/move_robot_orient__type_support.cpp.o.d" is newer than depends file "/home/maclab/Documents/ROS_WORKSPACES/WS_Master_Thesis/build/uc1_robot_controllers_interfaces/CMakeFiles/uc1_robot_controllers_interfaces__rosidl_typesupport_cpp.dir/compiler_depend.internal".
[0.937s] Dependencies file "CMakeFiles/uc1_robot_controllers_interfaces__rosidl_typesupport_cpp.dir/rosidl_typesupport_cpp/uc1_robot_controllers_interfaces/msg/move_robot_point__type_support.cpp.o.d" is newer than depends file "/home/maclab/Documents/ROS_WORKSPACES/WS_Master_Thesis/build/uc1_robot_controllers_interfaces/CMakeFiles/uc1_robot_controllers_interfaces__rosidl_typesupport_cpp.dir/compiler_depend.internal".
[0.937s] Dependencies file "CMakeFiles/uc1_robot_controllers_interfaces__rosidl_typesupport_fastrtps_cpp.dir/rosidl_typesupport_fastrtps_cpp/uc1_robot_controllers_interfaces/action/detail/dds_fastrtps/move_robot_tp__type_support.cpp.o.d" is newer than depends file "/home/maclab/Documents/ROS_WORKSPACES/WS_Master_Thesis/build/uc1_robot_controllers_interfaces/CMakeFiles/uc1_robot_controllers_interfaces__rosidl_typesupport_fastrtps_cpp.dir/compiler_depend.internal".
[0.938s] [35m[1mConsolidate compiler generated dependencies of target uc1_robot_controllers_interfaces__rosidl_typesupport_cpp[0m
[0.938s] Dependencies file "CMakeFiles/uc1_robot_controllers_interfaces__rosidl_typesupport_fastrtps_cpp.dir/rosidl_typesupport_fastrtps_cpp/uc1_robot_controllers_interfaces/msg/detail/dds_fastrtps/move_robot_goal__type_support.cpp.o.d" is newer than depends file "/home/maclab/Documents/ROS_WORKSPACES/WS_Master_Thesis/build/uc1_robot_controllers_interfaces/CMakeFiles/uc1_robot_controllers_interfaces__rosidl_typesupport_fastrtps_cpp.dir/compiler_depend.internal".
[0.938s] Dependencies file "CMakeFiles/uc1_robot_controllers_interfaces__rosidl_typesupport_fastrtps_cpp.dir/rosidl_typesupport_fastrtps_cpp/uc1_robot_controllers_interfaces/msg/detail/dds_fastrtps/move_robot_orient__type_support.cpp.o.d" is newer than depends file "/home/maclab/Documents/ROS_WORKSPACES/WS_Master_Thesis/build/uc1_robot_controllers_interfaces/CMakeFiles/uc1_robot_controllers_interfaces__rosidl_typesupport_fastrtps_cpp.dir/compiler_depend.internal".
[0.938s] Dependencies file "CMakeFiles/uc1_robot_controllers_interfaces__rosidl_typesupport_fastrtps_cpp.dir/rosidl_typesupport_fastrtps_cpp/uc1_robot_controllers_interfaces/msg/detail/dds_fastrtps/move_robot_point__type_support.cpp.o.d" is newer than depends file "/home/maclab/Documents/ROS_WORKSPACES/WS_Master_Thesis/build/uc1_robot_controllers_interfaces/CMakeFiles/uc1_robot_controllers_interfaces__rosidl_typesupport_fastrtps_cpp.dir/compiler_depend.internal".
[0.938s] [35m[1mConsolidate compiler generated dependencies of target uc1_robot_controllers_interfaces__rosidl_typesupport_fastrtps_cpp[0m
[0.940s] gmake[2]: Entering directory '/home/maclab/Documents/ROS_WORKSPACES/WS_Master_Thesis/build/uc1_robot_controllers_interfaces'
[0.940s] gmake[2]: Leaving directory '/home/maclab/Documents/ROS_WORKSPACES/WS_Master_Thesis/build/uc1_robot_controllers_interfaces'
[0.940s] /usr/bin/gmake  -f CMakeFiles/uc1_robot_controllers_interfaces__rosidl_typesupport_cpp.dir/build.make CMakeFiles/uc1_robot_controllers_interfaces__rosidl_typesupport_cpp.dir/build
[0.941s] gmake[2]: Leaving directory '/home/maclab/Documents/ROS_WORKSPACES/WS_Master_Thesis/build/uc1_robot_controllers_interfaces'
[0.941s] /usr/bin/gmake  -f CMakeFiles/uc1_robot_controllers_interfaces__rosidl_typesupport_fastrtps_cpp.dir/build.make CMakeFiles/uc1_robot_controllers_interfaces__rosidl_typesupport_fastrtps_cpp.dir/build
[0.943s] gmake[2]: Entering directory '/home/maclab/Documents/ROS_WORKSPACES/WS_Master_Thesis/build/uc1_robot_controllers_interfaces'
[0.944s] gmake[2]: Leaving directory '/home/maclab/Documents/ROS_WORKSPACES/WS_Master_Thesis/build/uc1_robot_controllers_interfaces'
[0.944s] /usr/bin/gmake  -f CMakeFiles/ament_cmake_python_build_uc1_robot_controllers_interfaces_egg.dir/build.make CMakeFiles/ament_cmake_python_build_uc1_robot_controllers_interfaces_egg.dir/build
[0.949s] [ 12%] [32mBuilding CXX object CMakeFiles/uc1_robot_controllers_interfaces__rosidl_typesupport_introspection_cpp.dir/rosidl_typesupport_introspection_cpp/uc1_robot_controllers_interfaces/msg/detail/move_robot_orient__type_support.cpp.o[0m
[0.949s] gmake[2]: Entering directory '/home/maclab/Documents/ROS_WORKSPACES/WS_Master_Thesis/build/uc1_robot_controllers_interfaces'
[0.949s] cd /home/maclab/Documents/ROS_WORKSPACES/WS_Master_Thesis/build/uc1_robot_controllers_interfaces/ament_cmake_python/uc1_robot_controllers_interfaces && /usr/bin/python3 setup.py egg_info
[0.949s] [ 13%] [32mBuilding CXX object CMakeFiles/uc1_robot_controllers_interfaces__rosidl_typesupport_introspection_cpp.dir/rosidl_typesupport_introspection_cpp/uc1_robot_controllers_interfaces/msg/detail/move_robot_goal__type_support.cpp.o[0m
[0.949s] gmake[2]: Entering directory '/home/maclab/Documents/ROS_WORKSPACES/WS_Master_Thesis/build/uc1_robot_controllers_interfaces'
[0.949s] [ 15%] [32mBuilding CXX object CMakeFiles/uc1_robot_controllers_interfaces__rosidl_typesupport_introspection_cpp.dir/rosidl_typesupport_introspection_cpp/uc1_robot_controllers_interfaces/action/detail/move_robot_tp__type_support.cpp.o[0m
[0.949s] [ 16%] [32mBuilding CXX object CMakeFiles/uc1_robot_controllers_interfaces__rosidl_typesupport_introspection_cpp.dir/rosidl_typesupport_introspection_cpp/uc1_robot_controllers_interfaces/action/detail/move_robot__type_support.cpp.o[0m
[0.950s] [ 18%] [32mBuilding CXX object CMakeFiles/uc1_robot_controllers_interfaces__rosidl_typesupport_introspection_cpp.dir/rosidl_typesupport_introspection_cpp/uc1_robot_controllers_interfaces/msg/detail/move_robot_point__type_support.cpp.o[0m
[0.951s] /usr/bin/c++ -DRCUTILS_ENABLE_FAULT_INJECTION -DROSIDL_TYPESUPPORT_INTROSPECTION_CPP_BUILDING_DLL -DROS_PACKAGE_NAME=\"uc1_robot_controllers_interfaces\" -I/home/maclab/Documents/ROS_WORKSPACES/WS_Master_Thesis/build/uc1_robot_controllers_interfaces/rosidl_typesupport_introspection_cpp -I/home/maclab/Documents/ROS_WORKSPACES/WS_Master_Thesis/src/uc1_robot_controllers_interfaces/include/uc1_robot_controllers_interfaces -I/home/maclab/Documents/ROS_WORKSPACES/WS_Master_Thesis/build/uc1_robot_controllers_interfaces/rosidl_generator_cpp -isystem /opt/ros/humble/include/geometry_msgs -isystem /opt/ros/humble/include/std_msgs -isystem /opt/ros/humble/include/builtin_interfaces -isystem /opt/ros/humble/include/rosidl_runtime_cpp -isystem /opt/ros/humble/include/rosidl_runtime_c -isystem /opt/ros/humble/include/rcutils -isystem /opt/ros/humble/include/rosidl_typesupport_interface -isystem /opt/ros/humble/include/action_msgs -isystem /opt/ros/humble/include/unique_identifier_msgs -isystem /opt/ros/humble/include/rosidl_typesupport_introspection_cpp -isystem /opt/ros/humble/include/rosidl_typesupport_introspection_c -fPIC -Wall -Wextra -Wpedantic -MD -MT CMakeFiles/uc1_robot_controllers_interfaces__rosidl_typesupport_introspection_cpp.dir/rosidl_typesupport_introspection_cpp/uc1_robot_controllers_interfaces/action/detail/move_robot_tp__type_support.cpp.o -MF CMakeFiles/uc1_robot_controllers_interfaces__rosidl_typesupport_introspection_cpp.dir/rosidl_typesupport_introspection_cpp/uc1_robot_controllers_interfaces/action/detail/move_robot_tp__type_support.cpp.o.d -o CMakeFiles/uc1_robot_controllers_interfaces__rosidl_typesupport_introspection_cpp.dir/rosidl_typesupport_introspection_cpp/uc1_robot_controllers_interfaces/action/detail/move_robot_tp__type_support.cpp.o -c /home/maclab/Documents/ROS_WORKSPACES/WS_Master_Thesis/build/uc1_robot_controllers_interfaces/rosidl_typesupport_introspection_cpp/uc1_robot_controllers_interfaces/action/detail/move_robot_tp__type_support.cpp
[0.951s] /usr/bin/c++ -DRCUTILS_ENABLE_FAULT_INJECTION -DROSIDL_TYPESUPPORT_INTROSPECTION_CPP_BUILDING_DLL -DROS_PACKAGE_NAME=\"uc1_robot_controllers_interfaces\" -I/home/maclab/Documents/ROS_WORKSPACES/WS_Master_Thesis/build/uc1_robot_controllers_interfaces/rosidl_typesupport_introspection_cpp -I/home/maclab/Documents/ROS_WORKSPACES/WS_Master_Thesis/src/uc1_robot_controllers_interfaces/include/uc1_robot_controllers_interfaces -I/home/maclab/Documents/ROS_WORKSPACES/WS_Master_Thesis/build/uc1_robot_controllers_interfaces/rosidl_generator_cpp -isystem /opt/ros/humble/include/geometry_msgs -isystem /opt/ros/humble/include/std_msgs -isystem /opt/ros/humble/include/builtin_interfaces -isystem /opt/ros/humble/include/rosidl_runtime_cpp -isystem /opt/ros/humble/include/rosidl_runtime_c -isystem /opt/ros/humble/include/rcutils -isystem /opt/ros/humble/include/rosidl_typesupport_interface -isystem /opt/ros/humble/include/action_msgs -isystem /opt/ros/humble/include/unique_identifier_msgs -isystem /opt/ros/humble/include/rosidl_typesupport_introspection_cpp -isystem /opt/ros/humble/include/rosidl_typesupport_introspection_c -fPIC -Wall -Wextra -Wpedantic -MD -MT CMakeFiles/uc1_robot_controllers_interfaces__rosidl_typesupport_introspection_cpp.dir/rosidl_typesupport_introspection_cpp/uc1_robot_controllers_interfaces/msg/detail/move_robot_orient__type_support.cpp.o -MF CMakeFiles/uc1_robot_controllers_interfaces__rosidl_typesupport_introspection_cpp.dir/rosidl_typesupport_introspection_cpp/uc1_robot_controllers_interfaces/msg/detail/move_robot_orient__type_support.cpp.o.d -o CMakeFiles/uc1_robot_controllers_interfaces__rosidl_typesupport_introspection_cpp.dir/rosidl_typesupport_introspection_cpp/uc1_robot_controllers_interfaces/msg/detail/move_robot_orient__type_support.cpp.o -c /home/maclab/Documents/ROS_WORKSPACES/WS_Master_Thesis/build/uc1_robot_controllers_interfaces/rosidl_typesupport_introspection_cpp/uc1_robot_controllers_interfaces/msg/detail/move_robot_orient__type_support.cpp
[0.952s] /usr/bin/c++ -DRCUTILS_ENABLE_FAULT_INJECTION -DROSIDL_TYPESUPPORT_INTROSPECTION_CPP_BUILDING_DLL -DROS_PACKAGE_NAME=\"uc1_robot_controllers_interfaces\" -I/home/maclab/Documents/ROS_WORKSPACES/WS_Master_Thesis/build/uc1_robot_controllers_interfaces/rosidl_typesupport_introspection_cpp -I/home/maclab/Documents/ROS_WORKSPACES/WS_Master_Thesis/src/uc1_robot_controllers_interfaces/include/uc1_robot_controllers_interfaces -I/home/maclab/Documents/ROS_WORKSPACES/WS_Master_Thesis/build/uc1_robot_controllers_interfaces/rosidl_generator_cpp -isystem /opt/ros/humble/include/geometry_msgs -isystem /opt/ros/humble/include/std_msgs -isystem /opt/ros/humble/include/builtin_interfaces -isystem /opt/ros/humble/include/rosidl_runtime_cpp -isystem /opt/ros/humble/include/rosidl_runtime_c -isystem /opt/ros/humble/include/rcutils -isystem /opt/ros/humble/include/rosidl_typesupport_interface -isystem /opt/ros/humble/include/action_msgs -isystem /opt/ros/humble/include/unique_identifier_msgs -isystem /opt/ros/humble/include/rosidl_typesupport_introspection_cpp -isystem /opt/ros/humble/include/rosidl_typesupport_introspection_c -fPIC -Wall -Wextra -Wpedantic -MD -MT CMakeFiles/uc1_robot_controllers_interfaces__rosidl_typesupport_introspection_cpp.dir/rosidl_typesupport_introspection_cpp/uc1_robot_controllers_interfaces/action/detail/move_robot__type_support.cpp.o -MF CMakeFiles/uc1_robot_controllers_interfaces__rosidl_typesupport_introspection_cpp.dir/rosidl_typesupport_introspection_cpp/uc1_robot_controllers_interfaces/action/detail/move_robot__type_support.cpp.o.d -o CMakeFiles/uc1_robot_controllers_interfaces__rosidl_typesupport_introspection_cpp.dir/rosidl_typesupport_introspection_cpp/uc1_robot_controllers_interfaces/action/detail/move_robot__type_support.cpp.o -c /home/maclab/Documents/ROS_WORKSPACES/WS_Master_Thesis/build/uc1_robot_controllers_interfaces/rosidl_typesupport_introspection_cpp/uc1_robot_controllers_interfaces/action/detail/move_robot__type_support.cpp
[0.952s] /usr/bin/c++ -DRCUTILS_ENABLE_FAULT_INJECTION -DROSIDL_TYPESUPPORT_INTROSPECTION_CPP_BUILDING_DLL -DROS_PACKAGE_NAME=\"uc1_robot_controllers_interfaces\" -I/home/maclab/Documents/ROS_WORKSPACES/WS_Master_Thesis/build/uc1_robot_controllers_interfaces/rosidl_typesupport_introspection_cpp -I/home/maclab/Documents/ROS_WORKSPACES/WS_Master_Thesis/src/uc1_robot_controllers_interfaces/include/uc1_robot_controllers_interfaces -I/home/maclab/Documents/ROS_WORKSPACES/WS_Master_Thesis/build/uc1_robot_controllers_interfaces/rosidl_generator_cpp -isystem /opt/ros/humble/include/geometry_msgs -isystem /opt/ros/humble/include/std_msgs -isystem /opt/ros/humble/include/builtin_interfaces -isystem /opt/ros/humble/include/rosidl_runtime_cpp -isystem /opt/ros/humble/include/rosidl_runtime_c -isystem /opt/ros/humble/include/rcutils -isystem /opt/ros/humble/include/rosidl_typesupport_interface -isystem /opt/ros/humble/include/action_msgs -isystem /opt/ros/humble/include/unique_identifier_msgs -isystem /opt/ros/humble/include/rosidl_typesupport_introspection_cpp -isystem /opt/ros/humble/include/rosidl_typesupport_introspection_c -fPIC -Wall -Wextra -Wpedantic -MD -MT CMakeFiles/uc1_robot_controllers_interfaces__rosidl_typesupport_introspection_cpp.dir/rosidl_typesupport_introspection_cpp/uc1_robot_controllers_interfaces/msg/detail/move_robot_point__type_support.cpp.o -MF CMakeFiles/uc1_robot_controllers_interfaces__rosidl_typesupport_introspection_cpp.dir/rosidl_typesupport_introspection_cpp/uc1_robot_controllers_interfaces/msg/detail/move_robot_point__type_support.cpp.o.d -o CMakeFiles/uc1_robot_controllers_interfaces__rosidl_typesupport_introspection_cpp.dir/rosidl_typesupport_introspection_cpp/uc1_robot_controllers_interfaces/msg/detail/move_robot_point__type_support.cpp.o -c /home/maclab/Documents/ROS_WORKSPACES/WS_Master_Thesis/build/uc1_robot_controllers_interfaces/rosidl_typesupport_introspection_cpp/uc1_robot_controllers_interfaces/msg/detail/move_robot_point__type_support.cpp
[0.952s] /usr/bin/c++ -DRCUTILS_ENABLE_FAULT_INJECTION -DROSIDL_TYPESUPPORT_INTROSPECTION_CPP_BUILDING_DLL -DROS_PACKAGE_NAME=\"uc1_robot_controllers_interfaces\" -I/home/maclab/Documents/ROS_WORKSPACES/WS_Master_Thesis/build/uc1_robot_controllers_interfaces/rosidl_typesupport_introspection_cpp -I/home/maclab/Documents/ROS_WORKSPACES/WS_Master_Thesis/src/uc1_robot_controllers_interfaces/include/uc1_robot_controllers_interfaces -I/home/maclab/Documents/ROS_WORKSPACES/WS_Master_Thesis/build/uc1_robot_controllers_interfaces/rosidl_generator_cpp -isystem /opt/ros/humble/include/geometry_msgs -isystem /opt/ros/humble/include/std_msgs -isystem /opt/ros/humble/include/builtin_interfaces -isystem /opt/ros/humble/include/rosidl_runtime_cpp -isystem /opt/ros/humble/include/rosidl_runtime_c -isystem /opt/ros/humble/include/rcutils -isystem /opt/ros/humble/include/rosidl_typesupport_interface -isystem /opt/ros/humble/include/action_msgs -isystem /opt/ros/humble/include/unique_identifier_msgs -isystem /opt/ros/humble/include/rosidl_typesupport_introspection_cpp -isystem /opt/ros/humble/include/rosidl_typesupport_introspection_c -fPIC -Wall -Wextra -Wpedantic -MD -MT CMakeFiles/uc1_robot_controllers_interfaces__rosidl_typesupport_introspection_cpp.dir/rosidl_typesupport_introspection_cpp/uc1_robot_controllers_interfaces/msg/detail/move_robot_goal__type_support.cpp.o -MF CMakeFiles/uc1_robot_controllers_interfaces__rosidl_typesupport_introspection_cpp.dir/rosidl_typesupport_introspection_cpp/uc1_robot_controllers_interfaces/msg/detail/move_robot_goal__type_support.cpp.o.d -o CMakeFiles/uc1_robot_controllers_interfaces__rosidl_typesupport_introspection_cpp.dir/rosidl_typesupport_introspection_cpp/uc1_robot_controllers_interfaces/msg/detail/move_robot_goal__type_support.cpp.o -c /home/maclab/Documents/ROS_WORKSPACES/WS_Master_Thesis/build/uc1_robot_controllers_interfaces/rosidl_typesupport_introspection_cpp/uc1_robot_controllers_interfaces/msg/detail/move_robot_goal__type_support.cpp
[0.955s] [ 21%] [32mBuilding CXX object CMakeFiles/uc1_robot_controllers_interfaces__rosidl_typesupport_cpp.dir/rosidl_typesupport_cpp/uc1_robot_controllers_interfaces/action/move_robot__type_support.cpp.o[0m
[0.955s] [ 21%] [32mBuilding CXX object CMakeFiles/uc1_robot_controllers_interfaces__rosidl_typesupport_cpp.dir/rosidl_typesupport_cpp/uc1_robot_controllers_interfaces/action/move_robot_tp__type_support.cpp.o[0m
[0.956s] [ 23%] [32mBuilding CXX object CMakeFiles/uc1_robot_controllers_interfaces__rosidl_typesupport_cpp.dir/rosidl_typesupport_cpp/uc1_robot_controllers_interfaces/msg/move_robot_point__type_support.cpp.o[0m
[0.956s] [ 24%] [32mBuilding CXX object CMakeFiles/uc1_robot_controllers_interfaces__rosidl_typesupport_cpp.dir/rosidl_typesupport_cpp/uc1_robot_controllers_interfaces/msg/move_robot_orient__type_support.cpp.o[0m
[0.957s] [ 26%] [32mBuilding CXX object CMakeFiles/uc1_robot_controllers_interfaces__rosidl_typesupport_cpp.dir/rosidl_typesupport_cpp/uc1_robot_controllers_interfaces/msg/move_robot_goal__type_support.cpp.o[0m
[0.957s] /usr/bin/c++ -DRCUTILS_ENABLE_FAULT_INJECTION -DROSIDL_TYPESUPPORT_CPP_BUILDING_DLL -DROS_PACKAGE_NAME=\"uc1_robot_controllers_interfaces\" -I/home/maclab/Documents/ROS_WORKSPACES/WS_Master_Thesis/src/uc1_robot_controllers_interfaces/include/uc1_robot_controllers_interfaces -I/home/maclab/Documents/ROS_WORKSPACES/WS_Master_Thesis/build/uc1_robot_controllers_interfaces/rosidl_generator_cpp -isystem /opt/ros/humble/include/geometry_msgs -isystem /opt/ros/humble/include/std_msgs -isystem /opt/ros/humble/include/builtin_interfaces -isystem /opt/ros/humble/include/rosidl_runtime_cpp -isystem /opt/ros/humble/include/rosidl_runtime_c -isystem /opt/ros/humble/include/rcutils -isystem /opt/ros/humble/include/rosidl_typesupport_interface -isystem /opt/ros/humble/include/action_msgs -isystem /opt/ros/humble/include/unique_identifier_msgs -isystem /opt/ros/humble/include/rosidl_typesupport_cpp -isystem /opt/ros/humble/include/rosidl_typesupport_c -fPIC -Wall -Wextra -Wpedantic -std=gnu++14 -MD -MT CMakeFiles/uc1_robot_controllers_interfaces__rosidl_typesupport_cpp.dir/rosidl_typesupport_cpp/uc1_robot_controllers_interfaces/action/move_robot__type_support.cpp.o -MF CMakeFiles/uc1_robot_controllers_interfaces__rosidl_typesupport_cpp.dir/rosidl_typesupport_cpp/uc1_robot_controllers_interfaces/action/move_robot__type_support.cpp.o.d -o CMakeFiles/uc1_robot_controllers_interfaces__rosidl_typesupport_cpp.dir/rosidl_typesupport_cpp/uc1_robot_controllers_interfaces/action/move_robot__type_support.cpp.o -c /home/maclab/Documents/ROS_WORKSPACES/WS_Master_Thesis/build/uc1_robot_controllers_interfaces/rosidl_typesupport_cpp/uc1_robot_controllers_interfaces/action/move_robot__type_support.cpp
[0.957s] /usr/bin/c++ -DRCUTILS_ENABLE_FAULT_INJECTION -DROSIDL_TYPESUPPORT_CPP_BUILDING_DLL -DROS_PACKAGE_NAME=\"uc1_robot_controllers_interfaces\" -I/home/maclab/Documents/ROS_WORKSPACES/WS_Master_Thesis/src/uc1_robot_controllers_interfaces/include/uc1_robot_controllers_interfaces -I/home/maclab/Documents/ROS_WORKSPACES/WS_Master_Thesis/build/uc1_robot_controllers_interfaces/rosidl_generator_cpp -isystem /opt/ros/humble/include/geometry_msgs -isystem /opt/ros/humble/include/std_msgs -isystem /opt/ros/humble/include/builtin_interfaces -isystem /opt/ros/humble/include/rosidl_runtime_cpp -isystem /opt/ros/humble/include/rosidl_runtime_c -isystem /opt/ros/humble/include/rcutils -isystem /opt/ros/humble/include/rosidl_typesupport_interface -isystem /opt/ros/humble/include/action_msgs -isystem /opt/ros/humble/include/unique_identifier_msgs -isystem /opt/ros/humble/include/rosidl_typesupport_cpp -isystem /opt/ros/humble/include/rosidl_typesupport_c -fPIC -Wall -Wextra -Wpedantic -std=gnu++14 -MD -MT CMakeFiles/uc1_robot_controllers_interfaces__rosidl_typesupport_cpp.dir/rosidl_typesupport_cpp/uc1_robot_controllers_interfaces/action/move_robot_tp__type_support.cpp.o -MF CMakeFiles/uc1_robot_controllers_interfaces__rosidl_typesupport_cpp.dir/rosidl_typesupport_cpp/uc1_robot_controllers_interfaces/action/move_robot_tp__type_support.cpp.o.d -o CMakeFiles/uc1_robot_controllers_interfaces__rosidl_typesupport_cpp.dir/rosidl_typesupport_cpp/uc1_robot_controllers_interfaces/action/move_robot_tp__type_support.cpp.o -c /home/maclab/Documents/ROS_WORKSPACES/WS_Master_Thesis/build/uc1_robot_controllers_interfaces/rosidl_typesupport_cpp/uc1_robot_controllers_interfaces/action/move_robot_tp__type_support.cpp
[0.957s] /usr/bin/c++ -DRCUTILS_ENABLE_FAULT_INJECTION -DROSIDL_TYPESUPPORT_CPP_BUILDING_DLL -DROS_PACKAGE_NAME=\"uc1_robot_controllers_interfaces\" -I/home/maclab/Documents/ROS_WORKSPACES/WS_Master_Thesis/src/uc1_robot_controllers_interfaces/include/uc1_robot_controllers_interfaces -I/home/maclab/Documents/ROS_WORKSPACES/WS_Master_Thesis/build/uc1_robot_controllers_interfaces/rosidl_generator_cpp -isystem /opt/ros/humble/include/geometry_msgs -isystem /opt/ros/humble/include/std_msgs -isystem /opt/ros/humble/include/builtin_interfaces -isystem /opt/ros/humble/include/rosidl_runtime_cpp -isystem /opt/ros/humble/include/rosidl_runtime_c -isystem /opt/ros/humble/include/rcutils -isystem /opt/ros/humble/include/rosidl_typesupport_interface -isystem /opt/ros/humble/include/action_msgs -isystem /opt/ros/humble/include/unique_identifier_msgs -isystem /opt/ros/humble/include/rosidl_typesupport_cpp -isystem /opt/ros/humble/include/rosidl_typesupport_c -fPIC -Wall -Wextra -Wpedantic -std=gnu++14 -MD -MT CMakeFiles/uc1_robot_controllers_interfaces__rosidl_typesupport_cpp.dir/rosidl_typesupport_cpp/uc1_robot_controllers_interfaces/msg/move_robot_point__type_support.cpp.o -MF CMakeFiles/uc1_robot_controllers_interfaces__rosidl_typesupport_cpp.dir/rosidl_typesupport_cpp/uc1_robot_controllers_interfaces/msg/move_robot_point__type_support.cpp.o.d -o CMakeFiles/uc1_robot_controllers_interfaces__rosidl_typesupport_cpp.dir/rosidl_typesupport_cpp/uc1_robot_controllers_interfaces/msg/move_robot_point__type_support.cpp.o -c /home/maclab/Documents/ROS_WORKSPACES/WS_Master_Thesis/build/uc1_robot_controllers_interfaces/rosidl_typesupport_cpp/uc1_robot_controllers_interfaces/msg/move_robot_point__type_support.cpp
[0.958s] /usr/bin/c++ -DRCUTILS_ENABLE_FAULT_INJECTION -DROSIDL_TYPESUPPORT_CPP_BUILDING_DLL -DROS_PACKAGE_NAME=\"uc1_robot_controllers_interfaces\" -I/home/maclab/Documents/ROS_WORKSPACES/WS_Master_Thesis/src/uc1_robot_controllers_interfaces/include/uc1_robot_controllers_interfaces -I/home/maclab/Documents/ROS_WORKSPACES/WS_Master_Thesis/build/uc1_robot_controllers_interfaces/rosidl_generator_cpp -isystem /opt/ros/humble/include/geometry_msgs -isystem /opt/ros/humble/include/std_msgs -isystem /opt/ros/humble/include/builtin_interfaces -isystem /opt/ros/humble/include/rosidl_runtime_cpp -isystem /opt/ros/humble/include/rosidl_runtime_c -isystem /opt/ros/humble/include/rcutils -isystem /opt/ros/humble/include/rosidl_typesupport_interface -isystem /opt/ros/humble/include/action_msgs -isystem /opt/ros/humble/include/unique_identifier_msgs -isystem /opt/ros/humble/include/rosidl_typesupport_cpp -isystem /opt/ros/humble/include/rosidl_typesupport_c -fPIC -Wall -Wextra -Wpedantic -std=gnu++14 -MD -MT CMakeFiles/uc1_robot_controllers_interfaces__rosidl_typesupport_cpp.dir/rosidl_typesupport_cpp/uc1_robot_controllers_interfaces/msg/move_robot_orient__type_support.cpp.o -MF CMakeFiles/uc1_robot_controllers_interfaces__rosidl_typesupport_cpp.dir/rosidl_typesupport_cpp/uc1_robot_controllers_interfaces/msg/move_robot_orient__type_support.cpp.o.d -o CMakeFiles/uc1_robot_controllers_interfaces__rosidl_typesupport_cpp.dir/rosidl_typesupport_cpp/uc1_robot_controllers_interfaces/msg/move_robot_orient__type_support.cpp.o -c /home/maclab/Documents/ROS_WORKSPACES/WS_Master_Thesis/build/uc1_robot_controllers_interfaces/rosidl_typesupport_cpp/uc1_robot_controllers_interfaces/msg/move_robot_orient__type_support.cpp
[0.958s] /usr/bin/c++ -DRCUTILS_ENABLE_FAULT_INJECTION -DROSIDL_TYPESUPPORT_CPP_BUILDING_DLL -DROS_PACKAGE_NAME=\"uc1_robot_controllers_interfaces\" -I/home/maclab/Documents/ROS_WORKSPACES/WS_Master_Thesis/src/uc1_robot_controllers_interfaces/include/uc1_robot_controllers_interfaces -I/home/maclab/Documents/ROS_WORKSPACES/WS_Master_Thesis/build/uc1_robot_controllers_interfaces/rosidl_generator_cpp -isystem /opt/ros/humble/include/geometry_msgs -isystem /opt/ros/humble/include/std_msgs -isystem /opt/ros/humble/include/builtin_interfaces -isystem /opt/ros/humble/include/rosidl_runtime_cpp -isystem /opt/ros/humble/include/rosidl_runtime_c -isystem /opt/ros/humble/include/rcutils -isystem /opt/ros/humble/include/rosidl_typesupport_interface -isystem /opt/ros/humble/include/action_msgs -isystem /opt/ros/humble/include/unique_identifier_msgs -isystem /opt/ros/humble/include/rosidl_typesupport_cpp -isystem /opt/ros/humble/include/rosidl_typesupport_c -fPIC -Wall -Wextra -Wpedantic -std=gnu++14 -MD -MT CMakeFiles/uc1_robot_controllers_interfaces__rosidl_typesupport_cpp.dir/rosidl_typesupport_cpp/uc1_robot_controllers_interfaces/msg/move_robot_goal__type_support.cpp.o -MF CMakeFiles/uc1_robot_controllers_interfaces__rosidl_typesupport_cpp.dir/rosidl_typesupport_cpp/uc1_robot_controllers_interfaces/msg/move_robot_goal__type_support.cpp.o.d -o CMakeFiles/uc1_robot_controllers_interfaces__rosidl_typesupport_cpp.dir/rosidl_typesupport_cpp/uc1_robot_controllers_interfaces/msg/move_robot_goal__type_support.cpp.o -c /home/maclab/Documents/ROS_WORKSPACES/WS_Master_Thesis/build/uc1_robot_controllers_interfaces/rosidl_typesupport_cpp/uc1_robot_controllers_interfaces/msg/move_robot_goal__type_support.cpp
[0.958s] [ 27%] [32mBuilding CXX object CMakeFiles/uc1_robot_controllers_interfaces__rosidl_typesupport_fastrtps_cpp.dir/rosidl_typesupport_fastrtps_cpp/uc1_robot_controllers_interfaces/msg/detail/dds_fastrtps/move_robot_orient__type_support.cpp.o[0m
[0.959s] /usr/bin/c++ -DRCUTILS_ENABLE_FAULT_INJECTION -DROSIDL_TYPESUPPORT_FASTRTPS_CPP_BUILDING_DLL_uc1_robot_controllers_interfaces -DROS_PACKAGE_NAME=\"uc1_robot_controllers_interfaces\" -I/home/maclab/Documents/ROS_WORKSPACES/WS_Master_Thesis/build/uc1_robot_controllers_interfaces/rosidl_typesupport_fastrtps_cpp -I/home/maclab/Documents/ROS_WORKSPACES/WS_Master_Thesis/src/uc1_robot_controllers_interfaces/include/uc1_robot_controllers_interfaces -I/home/maclab/Documents/ROS_WORKSPACES/WS_Master_Thesis/build/uc1_robot_controllers_interfaces/rosidl_generator_cpp -isystem /opt/ros/humble/include/fastcdr -isystem /opt/ros/humble/include/rmw -isystem /opt/ros/humble/include/rcutils -isystem /opt/ros/humble/include/rosidl_runtime_c -isystem /opt/ros/humble/include/rosidl_typesupport_interface -isystem /opt/ros/humble/include/rosidl_runtime_cpp -isystem /opt/ros/humble/include/rosidl_typesupport_fastrtps_cpp -isystem /opt/ros/humble/include/geometry_msgs -isystem /opt/ros/humble/include/std_msgs -isystem /opt/ros/humble/include/builtin_interfaces -isystem /opt/ros/humble/include/action_msgs -isystem /opt/ros/humble/include/unique_identifier_msgs -fPIC -Wall -Wextra -Wpedantic -Wredundant-decls -std=gnu++14 -MD -MT CMakeFiles/uc1_robot_controllers_interfaces__rosidl_typesupport_fastrtps_cpp.dir/rosidl_typesupport_fastrtps_cpp/uc1_robot_controllers_interfaces/msg/detail/dds_fastrtps/move_robot_orient__type_support.cpp.o -MF CMakeFiles/uc1_robot_controllers_interfaces__rosidl_typesupport_fastrtps_cpp.dir/rosidl_typesupport_fastrtps_cpp/uc1_robot_controllers_interfaces/msg/detail/dds_fastrtps/move_robot_orient__type_support.cpp.o.d -o CMakeFiles/uc1_robot_controllers_interfaces__rosidl_typesupport_fastrtps_cpp.dir/rosidl_typesupport_fastrtps_cpp/uc1_robot_controllers_interfaces/msg/detail/dds_fastrtps/move_robot_orient__type_support.cpp.o -c /home/maclab/Documents/ROS_WORKSPACES/WS_Master_Thesis/build/uc1_robot_controllers_interfaces/rosidl_typesupport_fastrtps_cpp/uc1_robot_controllers_interfaces/msg/detail/dds_fastrtps/move_robot_orient__type_support.cpp
[0.960s] [ 29%] [32mBuilding CXX object CMakeFiles/uc1_robot_controllers_interfaces__rosidl_typesupport_fastrtps_cpp.dir/rosidl_typesupport_fastrtps_cpp/uc1_robot_controllers_interfaces/msg/detail/dds_fastrtps/move_robot_goal__type_support.cpp.o[0m
[0.961s] [ 32%] [32mBuilding CXX object CMakeFiles/uc1_robot_controllers_interfaces__rosidl_typesupport_fastrtps_cpp.dir/rosidl_typesupport_fastrtps_cpp/uc1_robot_controllers_interfaces/action/detail/dds_fastrtps/move_robot_tp__type_support.cpp.o[0m
[0.961s] [ 32%] [32mBuilding CXX object CMakeFiles/uc1_robot_controllers_interfaces__rosidl_typesupport_fastrtps_cpp.dir/rosidl_typesupport_fastrtps_cpp/uc1_robot_controllers_interfaces/action/detail/dds_fastrtps/move_robot__type_support.cpp.o[0m
[0.961s] /usr/bin/c++ -DRCUTILS_ENABLE_FAULT_INJECTION -DROSIDL_TYPESUPPORT_FASTRTPS_CPP_BUILDING_DLL_uc1_robot_controllers_interfaces -DROS_PACKAGE_NAME=\"uc1_robot_controllers_interfaces\" -I/home/maclab/Documents/ROS_WORKSPACES/WS_Master_Thesis/build/uc1_robot_controllers_interfaces/rosidl_typesupport_fastrtps_cpp -I/home/maclab/Documents/ROS_WORKSPACES/WS_Master_Thesis/src/uc1_robot_controllers_interfaces/include/uc1_robot_controllers_interfaces -I/home/maclab/Documents/ROS_WORKSPACES/WS_Master_Thesis/build/uc1_robot_controllers_interfaces/rosidl_generator_cpp -isystem /opt/ros/humble/include/fastcdr -isystem /opt/ros/humble/include/rmw -isystem /opt/ros/humble/include/rcutils -isystem /opt/ros/humble/include/rosidl_runtime_c -isystem /opt/ros/humble/include/rosidl_typesupport_interface -isystem /opt/ros/humble/include/rosidl_runtime_cpp -isystem /opt/ros/humble/include/rosidl_typesupport_fastrtps_cpp -isystem /opt/ros/humble/include/geometry_msgs -isystem /opt/ros/humble/include/std_msgs -isystem /opt/ros/humble/[ 33%] [32mBuilding CXX object CMakeFiles/uc1_robot_controllers_interfaces__rosidl_typesupport_fastrtps_cpp.dir/rosidl_typesupport_fastrtps_cpp/uc1_robot_controllers_interfaces/msg/detail/dds_fastrtps/move_robot_point__type_support.cpp.o[0m
[0.961s] include/builtin_interfaces -isystem /opt/ros/humble/include/action_msgs -isystem /opt/ros/humble/include/unique_identifier_msgs -fPIC -Wall -Wextra -Wpedantic -Wredundant-decls -std=gnu++14 -MD -MT CMakeFiles/uc1_robot_controllers_interfaces__rosidl_typesupport_fastrtps_cpp.dir/rosidl_typesupport_fastrtps_cpp/uc1_robot_controllers_interfaces/msg/detail/dds_fastrtps/move_robot_goal__type_support.cpp.o -MF CMakeFiles/uc1_robot_controllers_interfaces__rosidl_typesupport_fastrtps_cpp.dir/rosidl_typesupport_fastrtps_cpp/uc1_robot_controllers_interfaces/msg/detail/dds_fastrtps/move_robot_goal__type_support.cpp.o.d -o CMakeFiles/uc1_robot_controllers_interfaces__rosidl_typesupport_fastrtps_cpp.dir/rosidl_typesupport_fastrtps_cpp/uc1_robot_controllers_interfaces/msg/detail/dds_fastrtps/move_robot_goal__type_support.cpp.o -c /home/maclab/Documents/ROS_WORKSPACES/WS_Master_Thesis/build/uc1_robot_controllers_interfaces/rosidl_typesupport_fastrtps_cpp/uc1_robot_controllers_interfaces/msg/detail/dds_fastrtps/move_robot_goal__type_support.cpp
[0.962s] /usr/bin/c++ -DRCUTILS_ENABLE_FAULT_INJECTION -DROSIDL_TYPESUPPORT_FASTRTPS_CPP_BUILDING_DLL_uc1_robot_controllers_interfaces -DROS_PACKAGE_NAME=\"uc1_robot_controllers_interfaces\" -I/home/maclab/Documents/ROS_WORKSPACES/WS_Master_Thesis/build/uc1_robot_controllers_interfaces/rosidl_typesupport_fastrtps_cpp -I/home/maclab/Documents/ROS_WORKSPACES/WS_Master_Thesis/src/uc1_robot_controllers_interfaces/include/uc1_robot_controllers_interfaces -I/home/maclab/Documents/ROS_WORKSPACES/WS_Master_Thesis/build/uc1_robot_controllers_interfaces/rosidl_generator_cpp -isystem /opt/ros/humble/include/fastcdr -isystem /opt/ros/humble/include/rmw -isystem /opt/ros/humble/include/rcutils -isystem /opt/ros/humble/include/rosidl_runtime_c -isystem /opt/ros/humble/include/rosidl_typesupport_interface -isystem /opt/ros/humble/include/rosidl_runtime_cpp -isystem /opt/ros/humble/include/rosidl_typesupport_fastrtps_cpp -isystem /opt/ros/humble/include/geometry_msgs -isystem /opt/ros/humble/include/std_msgs -isystem /opt/ros/humble/include/builtin_interfaces -isystem /opt/ros/humble/include/action_msgs -isystem /opt/ros/humble/include/unique_identifier_msgs -fPIC -Wall -Wextra -Wpedantic -Wredundant-decls -std=gnu++14 -MD -MT CMakeFiles/uc1_robot_controllers_interfaces__rosidl_typesupport_fastrtps_cpp.dir/rosidl_typesupport_fastrtps_cpp/uc1_robot_controllers_interfaces/action/detail/dds_fastrtps/move_robot_tp__type_support.cpp.o -MF CMakeFiles/uc1_robot_controllers_interfaces__rosidl_typesupport_fastrtps_cpp.dir/rosidl_typesupport_fastrtps_cpp/uc1_robot_controllers_interfaces/action/detail/dds_fastrtps/move_robot_tp__type_support.cpp.o.d -o CMakeFiles/uc1_robot_controllers_interfaces__rosidl_typesupport_fastrtps_cpp.dir/rosidl_typesupport_fastrtps_cpp/uc1_robot_controllers_interfaces/action/detail/dds_fastrtps/move_robot_tp__type_support.cpp.o -c /home/maclab/Documents/ROS_WORKSPACES/WS_Master_Thesis/build/uc1_robot_controllers_interfaces/rosidl_typesupport_fastrtps_cpp/uc1_robot_controllers_interfaces/action/detail/dds_fastrtps/move_robot_tp__type_support.cpp
[0.962s] /usr/bin/c++ -DRCUTILS_ENABLE_FAULT_INJECTION -DROSIDL_TYPESUPPORT_FASTRTPS_CPP_BUILDING_DLL_uc1_robot_controllers_interfaces -DROS_PACKAGE_NAME=\"uc1_robot_controllers_interfaces\" -I/home/maclab/Documents/ROS_WORKSPACES/WS_Master_Thesis/build/uc1_robot_controllers_interfaces/rosidl_typesupport_fastrtps_cpp -I/home/maclab/Documents/ROS_WORKSPACES/WS_Master_Thesis/src/uc1_robot_controllers_interfaces/include/uc1_robot_controllers_interfaces -I/home/maclab/Documents/ROS_WORKSPACES/WS_Master_Thesis/build/uc1_robot_controllers_interfaces/rosidl_generator_cpp -isystem /opt/ros/humble/include/fastcdr -isystem /opt/ros/humble/include/rmw -isystem /opt/ros/humble/include/rcutils -isystem /opt/ros/humble/include/rosidl_runtime_c -isystem /opt/ros/humble/include/rosidl_typesupport_interface -isystem /opt/ros/humble/include/rosidl_runtime_cpp -isystem /opt/ros/humble/include/rosidl_typesupport_fastrtps_cpp -isystem /opt/ros/humble/include/geometry_msgs -isystem /opt/ros/humble/include/std_msgs -isystem /opt/ros/humble/include/builtin_interfaces -isystem /opt/ros/humble/include/action_msgs -isystem /opt/ros/humble/include/unique_identifier_msgs -fPIC -Wall -Wextra -Wpedantic -Wredundant-decls -std=gnu++14 -MD -MT CMakeFiles/uc1_robot_controllers_interfaces__rosidl_typesupport_fastrtps_cpp.dir/rosidl_typesupport_fastrtps_cpp/uc1_robot_controllers_interfaces/action/detail/dds_fastrtps/move_robot__type_support.cpp.o -MF CMakeFiles/uc1_robot_controllers_interfaces__rosidl_typesupport_fastrtps_cpp.dir/rosidl_typesupport_fastrtps_cpp/uc1_robot_controllers_interfaces/action/detail/dds_fastrtps/move_robot__type_support.cpp.o.d -o CMakeFiles/uc1_robot_controllers_interfaces__rosidl_typesupport_fastrtps_cpp.dir/rosidl_typesupport_fastrtps_cpp/uc1_robot_controllers_interfaces/action/detail/dds_fastrtps/move_robot__type_support.cpp.o -c /home/maclab/Documents/ROS_WORKSPACES/WS_Master_Thesis/build/uc1_robot_controllers_interfaces/rosidl_typesupport_fastrtps_cpp/uc1_robot_controllers_interfaces/action/detail/dds_fastrtps/move_robot__type_support.cpp
[0.963s] /usr/bin/c++ -DRCUTILS_ENABLE_FAULT_INJECTION -DROSIDL_TYPESUPPORT_FASTRTPS_CPP_BUILDING_DLL_uc1_robot_controllers_interfaces -DROS_PACKAGE_NAME=\"uc1_robot_controllers_interfaces\" -I/home/maclab/Documents/ROS_WORKSPACES/WS_Master_Thesis/build/uc1_robot_controllers_interfaces/rosidl_typesupport_fastrtps_cpp -I/home/maclab/Documents/ROS_WORKSPACES/WS_Master_Thesis/src/uc1_robot_controllers_interfaces/include/uc1_robot_controllers_interfaces -I/home/maclab/Documents/ROS_WORKSPACES/WS_Master_Thesis/build/uc1_robot_controllers_interfaces/rosidl_generator_cpp -isystem /opt/ros/humble/include/fastcdr -isystem /opt/ros/humble/include/rmw -isystem /opt/ros/humble/include/rcutils -isystem /opt/ros/humble/include/rosidl_runtime_c -isystem /opt/ros/humble/include/rosidl_typesupport_interface -isystem /opt/ros/humble/include/rosidl_runtime_cpp -isystem /opt/ros/humble/include/rosidl_typesupport_fastrtps_cpp -isystem /opt/ros/humble/include/geometry_msgs -isystem /opt/ros/humble/include/std_msgs -isystem /opt/ros/humble/include/builtin_interfaces -isystem /opt/ros/humble/include/action_msgs -isystem /opt/ros/humble/include/unique_identifier_msgs -fPIC -Wall -Wextra -Wpedantic -Wredundant-decls -std=gnu++14 -MD -MT CMakeFiles/uc1_robot_controllers_interfaces__rosidl_typesupport_fastrtps_cpp.dir/rosidl_typesupport_fastrtps_cpp/uc1_robot_controllers_interfaces/msg/detail/dds_fastrtps/move_robot_point__type_support.cpp.o -MF CMakeFiles/uc1_robot_controllers_interfaces__rosidl_typesupport_fastrtps_cpp.dir/rosidl_typesupport_fastrtps_cpp/uc1_robot_controllers_interfaces/msg/detail/dds_fastrtps/move_robot_point__type_support.cpp.o.d -o CMakeFiles/uc1_robot_controllers_interfaces__rosidl_typesupport_fastrtps_cpp.dir/rosidl_typesupport_fastrtps_cpp/uc1_robot_controllers_interfaces/msg/detail/dds_fastrtps/move_robot_point__type_support.cpp.o -c /home/maclab/Documents/ROS_WORKSPACES/WS_Master_Thesis/build/uc1_robot_controllers_interfaces/rosidl_typesupport_fastrtps_cpp/uc1_robot_controllers_interfaces/msg/detail/dds_fastrtps/move_robot_point__type_support.cpp
[1.064s] [ 35%] [32m[1mLinking C shared library libuc1_robot_controllers_interfaces__rosidl_generator_c.so[0m
[1.065s] /usr/bin/cmake -E cmake_link_script CMakeFiles/uc1_robot_controllers_interfaces__rosidl_generator_c.dir/link.txt --verbose=1
[1.067s] running egg_info
[1.068s] writing uc1_robot_controllers_interfaces.egg-info/PKG-INFO
[1.068s] writing dependency_links to uc1_robot_controllers_interfaces.egg-info/dependency_links.txt
[1.068s] writing top-level names to uc1_robot_controllers_interfaces.egg-info/top_level.txt
[1.069s] reading manifest file 'uc1_robot_controllers_interfaces.egg-info/SOURCES.txt'
[1.069s] writing manifest file 'uc1_robot_controllers_interfaces.egg-info/SOURCES.txt'
[1.070s] /usr/bin/cc -fPIC -shared -Wl,-soname,libuc1_robot_controllers_interfaces__rosidl_generator_c.so -o libuc1_robot_controllers_interfaces__rosidl_generator_c.so CMakeFiles/uc1_robot_controllers_interfaces__rosidl_generator_c.dir/rosidl_generator_c/uc1_robot_controllers_interfaces/action/detail/move_robot__functions.c.o CMakeFiles/uc1_robot_controllers_interfaces__rosidl_generator_c.dir/rosidl_generator_c/uc1_robot_controllers_interfaces/action/detail/move_robot_tp__functions.c.o CMakeFiles/uc1_robot_controllers_interfaces__rosidl_generator_c.dir/rosidl_generator_c/uc1_robot_controllers_interfaces/msg/detail/move_robot_point__functions.c.o CMakeFiles/uc1_robot_controllers_interfaces__rosidl_generator_c.dir/rosidl_generator_c/uc1_robot_controllers_interfaces/msg/detail/move_robot_orient__functions.c.o CMakeFiles/uc1_robot_controllers_interfaces__rosidl_generator_c.dir/rosidl_generator_c/uc1_robot_controllers_interfaces/msg/detail/move_robot_goal__functions.c.o  -Wl,-rpath,/opt/ros/humble/lib: /opt/ros/humble/lib/libgeometry_msgs__rosidl_generator_c.so /opt/ros/humble/lib/libstd_msgs__rosidl_generator_c.so /opt/ros/humble/lib/libaction_msgs__rosidl_generator_c.so /opt/ros/humble/lib/libunique_identifier_msgs__rosidl_generator_c.so /opt/ros/humble/lib/libbuiltin_interfaces__rosidl_generator_c.so /opt/ros/humble/lib/librosidl_runtime_c.so /opt/ros/humble/lib/librcutils.so -ldl 
[1.078s] gmake[2]: Leaving directory '/home/maclab/Documents/ROS_WORKSPACES/WS_Master_Thesis/build/uc1_robot_controllers_interfaces'
[1.084s] [ 35%] Built target ament_cmake_python_build_uc1_robot_controllers_interfaces_egg
[1.085s] gmake[2]: Leaving directory '/home/maclab/Documents/ROS_WORKSPACES/WS_Master_Thesis/build/uc1_robot_controllers_interfaces'
[1.091s] [ 36%] Built target uc1_robot_controllers_interfaces__rosidl_generator_c
[1.092s] /usr/bin/gmake  -f CMakeFiles/uc1_robot_controllers_interfaces__rosidl_typesupport_fastrtps_c.dir/build.make CMakeFiles/uc1_robot_controllers_interfaces__rosidl_typesupport_fastrtps_c.dir/depend
[1.092s] /usr/bin/gmake  -f CMakeFiles/uc1_robot_controllers_interfaces__rosidl_typesupport_introspection_c.dir/build.make CMakeFiles/uc1_robot_controllers_interfaces__rosidl_typesupport_introspection_c.dir/depend
[1.092s] /usr/bin/gmake  -f CMakeFiles/uc1_robot_controllers_interfaces__rosidl_typesupport_c.dir/build.make CMakeFiles/uc1_robot_controllers_interfaces__rosidl_typesupport_c.dir/depend
[1.093s] gmake[2]: Entering directory '/home/maclab/Documents/ROS_WORKSPACES/WS_Master_Thesis/build/uc1_robot_controllers_interfaces'
[1.093s] cd /home/maclab/Documents/ROS_WORKSPACES/WS_Master_Thesis/build/uc1_robot_controllers_interfaces && /usr/bin/cmake -E cmake_depends "Unix Makefiles" /home/maclab/Documents/ROS_WORKSPACES/WS_Master_Thesis/src/uc1_robot_controllers_interfaces /home/maclab/Documents/ROS_WORKSPACES/WS_Master_Thesis/src/uc1_robot_controllers_interfaces /home/maclab/Documents/ROS_WORKSPACES/WS_Master_Thesis/build/uc1_robot_controllers_interfaces /home/maclab/Documents/ROS_WORKSPACES/WS_Master_Thesis/build/uc1_robot_controllers_interfaces /home/maclab/Documents/ROS_WORKSPACES/WS_Master_Thesis/build/uc1_robot_controllers_interfaces/CMakeFiles/uc1_robot_controllers_interfaces__rosidl_typesupport_c.dir/DependInfo.cmake --color=
[1.093s] gmake[2]: Entering directory '/home/maclab/Documents/ROS_WORKSPACES/WS_Master_Thesis/build/uc1_robot_controllers_interfaces'
[1.093s] cd /home/maclab/Documents/ROS_WORKSPACES/WS_Master_Thesis/build/uc1_robot_controllers_interfaces && /usr/bin/cmake -E cmake_depends "Unix Makefiles" /home/maclab/Documents/ROS_WORKSPACES/WS_Master_Thesis/src/uc1_robot_controllers_interfaces /home/maclab/Documents/ROS_WORKSPACES/WS_Master_Thesis/src/uc1_robot_controllers_interfaces /home/maclab/Documents/ROS_WORKSPACES/WS_Master_Thesis/build/uc1_robot_controllers_interfaces /home/maclab/Documents/ROS_WORKSPACES/WS_Master_Thesis/build/uc1_robot_controllers_interfaces /home/maclab/Documents/ROS_WORKSPACES/WS_Master_Thesis/build/uc1_robot_controllers_interfaces/CMakeFiles/uc1_robot_controllers_interfaces__rosidl_typesupport_fastrtps_c.dir/DependInfo.cmake --color=
[1.093s] gmake[2]: Entering directory '/home/maclab/Documents/ROS_WORKSPACES/WS_Master_Thesis/build/uc1_robot_controllers_interfaces'
[1.093s] cd /home/maclab/Documents/ROS_WORKSPACES/WS_Master_Thesis/build/uc1_robot_controllers_interfaces && /usr/bin/cmake -E cmake_depends "Unix Makefiles" /home/maclab/Documents/ROS_WORKSPACES/WS_Master_Thesis/src/uc1_robot_controllers_interfaces /home/maclab/Documents/ROS_WORKSPACES/WS_Master_Thesis/src/uc1_robot_controllers_interfaces /home/maclab/Documents/ROS_WORKSPACES/WS_Master_Thesis/build/uc1_robot_controllers_interfaces /home/maclab/Documents/ROS_WORKSPACES/WS_Master_Thesis/build/uc1_robot_controllers_interfaces /home/maclab/Documents/ROS_WORKSPACES/WS_Master_Thesis/build/uc1_robot_controllers_interfaces/CMakeFiles/uc1_robot_controllers_interfaces__rosidl_typesupport_introspection_c.dir/DependInfo.cmake --color=
[1.096s] Dependencies file "CMakeFiles/uc1_robot_controllers_interfaces__rosidl_typesupport_fastrtps_c.dir/rosidl_typesupport_fastrtps_c/uc1_robot_controllers_interfaces/action/detail/move_robot__type_support_c.cpp.o.d" is newer than depends file "/home/maclab/Documents/ROS_WORKSPACES/WS_Master_Thesis/build/uc1_robot_controllers_interfaces/CMakeFiles/uc1_robot_controllers_interfaces__rosidl_typesupport_fastrtps_c.dir/compiler_depend.internal".
[1.096s] Dependencies file "CMakeFiles/uc1_robot_controllers_interfaces__rosidl_typesupport_fastrtps_c.dir/rosidl_typesupport_fastrtps_c/uc1_robot_controllers_interfaces/action/detail/move_robot_tp__type_support_c.cpp.o.d" is newer than depends file "/home/maclab/Documents/ROS_WORKSPACES/WS_Master_Thesis/build/uc1_robot_controllers_interfaces/CMakeFiles/uc1_robot_controllers_interfaces__rosidl_typesupport_fastrtps_c.dir/compiler_depend.internal".
[1.097s] Dependencies file "CMakeFiles/uc1_robot_controllers_interfaces__rosidl_typesupport_fastrtps_c.dir/rosidl_typesupport_fastrtps_c/uc1_robot_controllers_interfaces/msg/detail/move_robot_goal__type_support_c.cpp.o.d" is newer than depends file "/home/maclab/Documents/ROS_WORKSPACES/WS_Master_Thesis/build/uc1_robot_controllers_interfaces/CMakeFiles/uc1_robot_controllers_interfaces__rosidl_typesupport_fastrtps_c.dir/compiler_depend.internal".
[1.097s] Dependencies file "CMakeFiles/uc1_robot_controllers_interfaces__rosidl_typesupport_fastrtps_c.dir/rosidl_typesupport_fastrtps_c/uc1_robot_controllers_interfaces/msg/detail/move_robot_orient__type_support_c.cpp.o.d" is newer than depends file "/home/maclab/Documents/ROS_WORKSPACES/WS_Master_Thesis/build/uc1_robot_controllers_interfaces/CMakeFiles/uc1_robot_controllers_interfaces__rosidl_typesupport_fastrtps_c.dir/compiler_depend.internal".
[1.097s] Dependencies file "CMakeFiles/uc1_robot_controllers_interfaces__rosidl_typesupport_fastrtps_c.dir/rosidl_typesupport_fastrtps_c/uc1_robot_controllers_interfaces/msg/detail/move_robot_point__type_support_c.cpp.o.d" is newer than depends file "/home/maclab/Documents/ROS_WORKSPACES/WS_Master_Thesis/build/uc1_robot_controllers_interfaces/CMakeFiles/uc1_robot_controllers_interfaces__rosidl_typesupport_fastrtps_c.dir/compiler_depend.internal".
[1.097s] [35m[1mConsolidate compiler generated dependencies of target uc1_robot_controllers_interfaces__rosidl_typesupport_fastrtps_c[0m
[1.098s] Dependencies file "CMakeFiles/uc1_robot_controllers_interfaces__rosidl_typesupport_c.dir/rosidl_typesupport_c/uc1_robot_controllers_interfaces/action/move_robot__type_support.cpp.o.d" is newer than depends file "/home/maclab/Documents/ROS_WORKSPACES/WS_Master_Thesis/build/uc1_robot_controllers_interfaces/CMakeFiles/uc1_robot_controllers_interfaces__rosidl_typesupport_c.dir/compiler_depend.internal".
[1.098s] Dependencies file "CMakeFiles/uc1_robot_controllers_interfaces__rosidl_typesupport_introspection_c.dir/rosidl_typesupport_introspection_c/uc1_robot_controllers_interfaces/action/detail/move_robot__type_support.c.o.d" is newer than depends file "/home/maclab/Documents/ROS_WORKSPACES/WS_Master_Thesis/build/uc1_robot_controllers_interfaces/CMakeFiles/uc1_robot_controllers_interfaces__rosidl_typesupport_introspection_c.dir/compiler_depend.internal".
[1.098s] Dependencies file "CMakeFiles/uc1_robot_controllers_interfaces__rosidl_typesupport_c.dir/rosidl_typesupport_c/uc1_robot_controllers_interfaces/action/move_robot_tp__type_support.cpp.o.d" is newer than depends file "/home/maclab/Documents/ROS_WORKSPACES/WS_Master_Thesis/build/uc1_robot_controllers_interfaces/CMakeFiles/uc1_robot_controllers_interfaces__rosidl_typesupport_c.dir/compiler_depend.internal".
[1.098s] Dependencies file "CMakeFiles/uc1_robot_controllers_interfaces__rosidl_typesupport_introspection_c.dir/rosidl_typesupport_introspection_c/uc1_robot_controllers_interfaces/action/detail/move_robot_tp__type_support.c.o.d" is newer than depends file "/home/maclab/Documents/ROS_WORKSPACES/WS_Master_Thesis/build/uc1_robot_controllers_interfaces/CMakeFiles/uc1_robot_controllers_interfaces__rosidl_typesupport_introspection_c.dir/compiler_depend.internal".
[1.098s] Dependencies file "CMakeFiles/uc1_robot_controllers_interfaces__rosidl_typesupport_c.dir/rosidl_typesupport_c/uc1_robot_controllers_interfaces/msg/move_robot_goal__type_support.cpp.o.d" is newer than depends file "/home/maclab/Documents/ROS_WORKSPACES/WS_Master_Thesis/build/uc1_robot_controllers_interfaces/CMakeFiles/uc1_robot_controllers_interfaces__rosidl_typesupport_c.dir/compiler_depend.internal".
[1.098s] Dependencies file "CMakeFiles/uc1_robot_controllers_interfaces__rosidl_typesupport_c.dir/rosidl_typesupport_c/uc1_robot_controllers_interfaces/msg/move_robot_orient__type_support.cpp.o.d" is newer than depends file "/home/maclab/Documents/ROS_WORKSPACES/WS_Master_Thesis/build/uc1_robot_controllers_interfaces/CMakeFiles/uc1_robot_controllers_interfaces__rosidl_typesupport_c.dir/compiler_depend.internal".
[1.098s] Dependencies file "CMakeFiles/uc1_robot_controllers_interfaces__rosidl_typesupport_introspection_c.dir/rosidl_typesupport_introspection_c/uc1_robot_controllers_interfaces/msg/detail/move_robot_goal__type_support.c.o.d" is newer than depends file "/home/maclab/Documents/ROS_WORKSPACES/WS_Master_Thesis/build/uc1_robot_controllers_interfaces/CMakeFiles/uc1_robot_controllers_interfaces__rosidl_typesupport_introspection_c.dir/compiler_depend.internal".
[1.098s] Dependencies file "CMakeFiles/uc1_robot_controllers_interfaces__rosidl_typesupport_c.dir/rosidl_typesupport_c/uc1_robot_controllers_interfaces/msg/move_robot_point__type_support.cpp.o.d" is newer than depends file "/home/maclab/Documents/ROS_WORKSPACES/WS_Master_Thesis/build/uc1_robot_controllers_interfaces/CMakeFiles/uc1_robot_controllers_interfaces__rosidl_typesupport_c.dir/compiler_depend.internal".
[1.098s] Dependencies file "CMakeFiles/uc1_robot_controllers_interfaces__rosidl_typesupport_introspection_c.dir/rosidl_typesupport_introspection_c/uc1_robot_controllers_interfaces/msg/detail/move_robot_orient__type_support.c.o.d" is newer than depends file "/home/maclab/Documents/ROS_WORKSPACES/WS_Master_Thesis/build/uc1_robot_controllers_interfaces/CMakeFiles/uc1_robot_controllers_interfaces__rosidl_typesupport_introspection_c.dir/compiler_depend.internal".
[1.098s] [35m[1mConsolidate compiler generated dependencies of target uc1_robot_controllers_interfaces__rosidl_typesupport_c[0m
[1.099s] Dependencies file "CMakeFiles/uc1_robot_controllers_interfaces__rosidl_typesupport_introspection_c.dir/rosidl_typesupport_introspection_c/uc1_robot_controllers_interfaces/msg/detail/move_robot_point__type_support.c.o.d" is newer than depends file "/home/maclab/Documents/ROS_WORKSPACES/WS_Master_Thesis/build/uc1_robot_controllers_interfaces/CMakeFiles/uc1_robot_controllers_interfaces__rosidl_typesupport_introspection_c.dir/compiler_depend.internal".
[1.099s] [35m[1mConsolidate compiler generated dependencies of target uc1_robot_controllers_interfaces__rosidl_typesupport_introspection_c[0m
[1.099s] gmake[2]: Leaving directory '/home/maclab/Documents/ROS_WORKSPACES/WS_Master_Thesis/build/uc1_robot_controllers_interfaces'
[1.099s] /usr/bin/gmake  -f CMakeFiles/uc1_robot_controllers_interfaces__rosidl_typesupport_fastrtps_c.dir/build.make CMakeFiles/uc1_robot_controllers_interfaces__rosidl_typesupport_fastrtps_c.dir/build
[1.099s] gmake[2]: Leaving directory '/home/maclab/Documents/ROS_WORKSPACES/WS_Master_Thesis/build/uc1_robot_controllers_interfaces'
[1.100s] /usr/bin/gmake  -f CMakeFiles/uc1_robot_controllers_interfaces__rosidl_typesupport_c.dir/build.make CMakeFiles/uc1_robot_controllers_interfaces__rosidl_typesupport_c.dir/build
[1.100s] gmake[2]: Leaving directory '/home/maclab/Documents/ROS_WORKSPACES/WS_Master_Thesis/build/uc1_robot_controllers_interfaces'
[1.100s] /usr/bin/gmake  -f CMakeFiles/uc1_robot_controllers_interfaces__rosidl_typesupport_introspection_c.dir/build.make CMakeFiles/uc1_robot_controllers_interfaces__rosidl_typesupport_introspection_c.dir/build
[1.101s] gmake[2]: Entering directory '/home/maclab/Documents/ROS_WORKSPACES/WS_Master_Thesis/build/uc1_robot_controllers_interfaces'
[1.101s] gmake[2]: Entering directory '/home/maclab/Documents/ROS_WORKSPACES/WS_Master_Thesis/build/uc1_robot_controllers_interfaces'
[1.102s] gmake[2]: Entering directory '/home/maclab/Documents/ROS_WORKSPACES/WS_Master_Thesis/build/uc1_robot_controllers_interfaces'
[1.105s] [ 38%] [32mBuilding CXX object CMakeFiles/uc1_robot_controllers_interfaces__rosidl_typesupport_c.dir/rosidl_typesupport_c/uc1_robot_controllers_interfaces/action/move_robot__type_support.cpp.o[0m
[1.105s] [ 41%] [32mBuilding CXX object CMakeFiles/uc1_robot_controllers_interfaces__rosidl_typesupport_c.dir/rosidl_typesupport_c/uc1_robot_controllers_interfaces/msg/move_robot_orient__type_support.cpp.o[0m
[1.105s] [ 41%] [32mBuilding CXX object CMakeFiles/uc1_robot_controllers_interfaces__rosidl_typesupport_c.dir/rosidl_typesupport_c/uc1_robot_controllers_interfaces/msg/move_robot_point__type_support.cpp.o[0m
[1.105s] [ 43%] [32mBuilding CXX object CMakeFiles/uc1_robot_controllers_interfaces__rosidl_typesupport_c.dir/rosidl_typesupport_c/uc1_robot_controllers_interfaces/action/move_robot_tp__type_support.cpp.o[0m
[1.105s] /usr/bin/c++ -DRCUTILS_ENABLE_FAULT_INJECTION -DROSIDL_GENERATOR_C_BUILDING_DLL_uc1_robot_controllers_interfaces -DROS_PACKAGE_NAME=\"uc1_robot_controllers_interfaces\" -I/home/maclab/Documents/ROS_WORKSPACES/WS_Master_Thesis/src/uc1_robot_controllers_interfaces/include/uc1_robot_controllers_interfaces -I/home/maclab/Documents/ROS_WORKSPACES/WS_Master_Thesis/build/uc1_robot_controllers_interfaces/rosidl_generator_c -isystem /opt/ros/humble/include/geometry_msgs -isystem /opt/ros/humble/include/std_msgs -isystem /opt/ros/humble/include/builtin_interfaces -isystem /opt/ros/humble/include/rosidl_runtime_c -isystem /opt/ros/humble/include/rcutils -isystem /opt/ros/humble/include/rosidl_typesupport_interface -isystem /opt/ros/humble/include/action_msgs -isystem /opt/ros/humble/include/unique_identifier_msgs -isystem /opt/ros/humble/include/rosidl_typesupport_c -fPIC -Wall -std=gnu++14 -MD -MT CMakeFiles/uc1_robot_controllers_interfaces__rosidl_typesupport_c.dir/rosidl_typesupport_c/uc1_robot_controllers_interfaces/action/move_robot__type_support.cpp.o -MF CMakeFiles/uc1_robot_controllers_interfaces__rosidl_typesupport_c.dir/rosidl_typesupport_c/uc1_robot_controllers_interfaces/action/move_robot__type_support.cpp.o.d -o CMakeFiles/uc1_robot_controllers_interfaces__rosidl_typesupport_c.dir/rosidl_typesupport_c/uc1_robot_controllers_interfaces/action/move_robot__type_support.cpp.o -c /home/maclab/Documents/ROS_WORKSPACES/WS_Master_Thesis/build/uc1_robot_controllers_interfaces/rosidl_typesupport_c/uc1_robot_controllers_interfaces/action/move_robot__type_support.cpp
[1.106s] [ 46%] [32mBuilding CXX object CMakeFiles/uc1_robot_controllers_interfaces__rosidl_typesupport_c.dir/rosidl_typesupport_c/uc1_robot_controllers_interfaces/msg/move_robot_goal__type_support.cpp.o[0m
[1.106s] [ 46%] [32mBuilding CXX object CMakeFiles/uc1_robot_controllers_interfaces__rosidl_typesupport_fastrtps_c.dir/rosidl_typesupport_fastrtps_c/uc1_robot_controllers_interfaces/msg/detail/move_robot_point__type_support_c.cpp.o[0m
[1.106s] /usr/bin/c++ -DRCUTILS_ENABLE_FAULT_INJECTION -DROSIDL_GENERATOR_C_BUILDING_DLL_uc1_robot_controllers_interfaces -DROS_PACKAGE_NAME=\"uc1_robot_controllers_interfaces\" -I/home/maclab/Documents/ROS_WORKSPACES/WS_Master_Thesis/src/uc1_robot_controllers_interfaces/include/uc1_robot_controllers_interfaces -I/home/maclab/Documents/ROS_WORKSPACES/WS_Master_Thesis/build/uc1_robot_controllers_interfaces/rosidl_generator_c -isystem /opt/ros/humble/include/geometry_msgs -isystem /opt/ros/humble/include/std_msgs -isystem /opt/ros/humble/include/builtin_interfaces -isystem /opt/ros/humble/include/rosidl_runtime_c -isystem /opt/ros/humble/include/rcutils -isystem /opt/ros/humble/include/rosidl_typesupport_interface -isystem /opt/ros/humble/include/action_msgs -isystem /opt/ros/humble/include/unique_identifier_msgs -isystem /opt/ros/humble/include/rosidl_typesupport_c -fPIC -Wall -std=gnu++14 -MD -MT CMakeFiles/uc1_robot_controllers_interfaces__rosidl_typesupport_c.dir/rosidl_typesupport_c/uc1_robot_controllers_interfaces/msg/move_robot_point__type_support.cpp.o -MF CMakeFiles/uc1_robot_controllers_interfaces__rosidl_typesupport_c.dir/rosidl_typesupport_c/uc1_robot_controllers_interfaces/msg/move_robot_point__type_support.cpp.o.d -o CMakeFiles/uc1_robot_controllers_interfaces__rosidl_typesupport_c.dir/rosidl_typesupport_c/uc1_robot_controllers_interfaces/msg/move_robot_point__type_support.cpp.o -c /home/maclab/Documents/ROS_WORKSPACES/WS_Master_Thesis/build/uc1_robot_controllers_interfaces/rosidl_typesupport_c/uc1_robot_controllers_interfaces/msg/move_robot_point__type_support.cpp
[1.106s] /usr/bin/c++ -DRCUTILS_ENABLE_FAULT_INJECTION -DROSIDL_GENERATOR_C_BUILDING_DLL_uc1_robot_controllers_interfaces -DROS_PACKAGE_NAME=\"uc1_robot_controllers_interfaces\" -I/home/maclab/Documents/ROS_WORKSPACES/WS_Master_Thesis/src/uc1_robot_controllers_interfaces/include/uc1_robot_controllers_interfaces -I/home/maclab/Documents/ROS_WORKSPACES/WS_Master_Thesis/build/uc1_robot_controllers_interfaces/rosidl_generator_c -isystem /opt/ros/humble/include/geometry_msgs -isystem /opt/ros/humble/include/std_msgs -isystem /opt/ros/humble/include/builtin_interfaces -isystem /opt/ros/humble/include/rosidl_runtime_c -isystem /opt/ros/humble/include/rcutils -isystem /opt/ros/humble/include/rosidl_typesupport_interface -isystem /opt/ros/humble/include/action_msgs -isystem /opt/ros/humble/include/unique_identifier_msgs -isystem /opt/ros/humble/include/rosidl_typesupport_c -fPIC -Wall -std=gnu++14 -MD -MT CMakeFiles/uc1_robot_controllers_interfaces__rosidl_typesupport_c.dir/rosidl_typesupport_c/uc1_robot_controllers_interfaces/msg/move_robot_orient__type_support.cpp.o -MF CMakeFiles/uc1_robot_controllers_interfaces__rosidl_typesupport_c.dir/rosidl_typesupport_c/uc1_robot_controllers_interfaces/msg/move_robot_orient__type_support.cpp.o.d -o CMakeFiles/uc1_robot_controllers_interfaces__rosidl_typesupport_c.dir/rosidl_typesupport_c/uc1_robot_controllers_interfaces/msg/move_robot_orient__type_support.cpp.o -c /home/maclab/Documents/ROS_WORKSPACES/WS_Master_Thesis/build/uc1_robot_controllers_interfaces/rosidl_typesupport_c/uc1_robot_controllers_interfaces/msg/move_robot_orient__type_support.cpp
[1.106s] [ 50%] [32mBuilding CXX object CMakeFiles/uc1_robot_controllers_interfaces__rosidl_typesupport_fastrtps_c.dir/rosidl_typesupport_fastrtps_c/uc1_robot_controllers_interfaces/action/detail/move_robot__type_support_c.cpp.o[0m
[1.106s] [ 49%] [32mBuilding CXX object CMakeFiles/uc1_robot_controllers_interfaces__rosidl_typesupport_fastrtps_c.dir/rosidl_typesupport_fastrtps_c/uc1_robot_controllers_interfaces/msg/detail/move_robot_goal__type_support_c.cpp.o[0m
[1.106s] [ 50%] [32mBuilding CXX object CMakeFiles/uc1_robot_controllers_interfaces__rosidl_typesupport_fastrtps_c.dir/rosidl_typesupport_fastrtps_c/uc1_robot_controllers_interfaces/msg/detail/move_robot_orient__type_support_c.cpp.o[0m
[1.107s] [ 52%] [32mBuilding CXX object CMakeFiles/uc1_robot_controllers_interfaces__rosidl_typesupport_fastrtps_c.dir/rosidl_typesupport_fastrtps_c/uc1_robot_controllers_interfaces/action/detail/move_robot_tp__type_support_c.cpp.o[0m
[1.107s] /usr/bin/c++ -DRCUTILS_ENABLE_FAULT_INJECTION -DROSIDL_GENERATOR_C_BUILDING_DLL_uc1_robot_controllers_interfaces -DROS_PACKAGE_NAME=\"uc1_robot_controllers_interfaces\" -I/home/maclab/Documents/ROS_WORKSPACES/WS_Master_Thesis/src/uc1_robot_controllers_interfaces/include/uc1_robot_controllers_interfaces -I/home/maclab/Documents/ROS_WORKSPACES/WS_Master_Thesis/build/uc1_robot_controllers_interfaces/rosidl_generator_c -isystem /opt/ros/humble/include/geometry_msgs -isystem /opt/ros/humble/include/std_msgs -isystem /opt/ros/humble/include/builtin_interfaces -isystem /opt/ros/humble/include/rosidl_runtime_c -isystem /opt/ros/humble/include/rcutils -isystem /opt/ros/humble/include/rosidl_typesupport_interface -isystem /opt/ros/humble/include/action_msgs -isystem /opt/ros/humble/include/unique_identifier_msgs -isystem /opt/ros/humble/include/rosidl_typesupport_c -fPIC -Wall -std=gnu++14 -MD -MT CMakeFiles/uc1_robot_controllers_interfaces__rosidl_typesupport_c.dir/rosidl_typesupport_c/uc1_robot_controllers_interfaces/action/move_robot_tp__type_support.cpp.o -MF CMakeFiles/uc1_robot_controllers_interfaces__rosidl_typesupport_c.dir/rosidl_typesupport_c/uc1_robot_controllers_interfaces/action/move_robot_tp__type_support.cpp.o.d -o CMakeFiles/uc1_robot_controllers_interfaces__rosidl_typesupport_c.dir/rosidl_typesupport_c/uc1_robot_controllers_interfaces/action/move_robot_tp__type_support.cpp.o -c /home/maclab/Documents/ROS_WORKSPACES/WS_Master_Thesis/build/uc1_robot_controllers_interfaces/rosidl_typesupport_c/uc1_robot_controllers_interfaces/action/move_robot_tp__type_support.cpp
[1.107s] [ 55%] [32mBuilding C object CMakeFiles/uc1_robot_controllers_interfaces__rosidl_typesupport_introspection_c.dir/rosidl_typesupport_introspection_c/uc1_robot_controllers_interfaces/msg/detail/move_robot_goal__type_support.c.o[0m
[1.107s] [ 55%] [32mBuilding C object CMakeFiles/uc1_robot_controllers_interfaces__rosidl_typesupport_introspection_c.dir/rosidl_typesupport_introspection_c/uc1_robot_controllers_interfaces/action/detail/move_robot_tp__type_support.c.o[0m
[1.107s] /usr/bin/c++ -DRCUTILS_ENABLE_FAULT_INJECTION -DROSIDL_GENERATOR_C_BUILDING_DLL_uc1_robot_controllers_interfaces -DROS_PACKAGE_NAME=\"uc1_robot_controllers_interfaces\" -I/home/maclab/Documents/ROS_WORKSPACES/WS_Master_Thesis/src/uc1_robot_controllers_interfaces/include/uc1_robot_controllers_interfaces -I/home/maclab/Documents/ROS_WORKSPACES/WS_Master_Thesis/build/uc1_robot_controllers_interfaces/rosidl_generator_c -isystem /opt/ros/humble/include/geometry_msgs -isystem /opt/ros/humble/include/std_msgs -isystem /opt/ros/humble/include/builtin_interfaces -isystem /opt/ros/humble/include/rosidl_runtime_c -isystem /opt/ros/humble/include/rcutils -isystem /opt/ros/humble/include/rosidl_typesupport_interface -isystem /opt/ros/humble/include/action_msgs -isystem /opt/ros/humble/include/unique_identifier_msgs -isystem /opt/ros/humble/include/rosidl_typesupport_c -fPIC -Wall -std=gnu++14 -MD -MT CMakeFiles/uc1_robot_controllers_interfaces__rosidl_typesupport_c.dir/rosidl_typesupport_c/uc1_robot_controllers_interfaces/msg/move_robot_goal__type_support.cpp.o -MF CMakeFiles/uc1_robot_controllers_interfaces__rosidl_typesupport_c.dir/rosidl_typesupport_c/uc1_robot_controllers_interfaces/msg/move_robot_goal__type_support.cpp.o.d -o CMakeFiles/uc1_robot_controllers_interfaces__rosidl_typesupport_c.dir/rosidl_typesupport_c/uc1_robot_controllers_interfaces/msg/move_robot_goal__type_support.cpp.o -c /home/maclab/Documents/ROS_WORKSPACES/WS_Master_Thesis/build/uc1_robot_controllers_interfaces/rosidl_typesupport_c/uc1_robot_controllers_interfaces/msg/move_robot_goal__type_support.cpp
[1.107s] /usr/bin/c++ -DRCUTILS_ENABLE_FAULT_INJECTION -DROSIDL_TYPESUPPORT_FASTRTPS_C_BUILDING_DLL_uc1_robot_controllers_interfaces -DROS_PACKAGE_NAME=\"uc1_robot_controllers_interfaces\" -I/home/maclab/Documents/ROS_WORKSPACES/WS_Master_Thesis/build/uc1_robot_controllers_interfaces/rosidl_typesupport_fastrtps_c -I/home/maclab/Documents/ROS_WORKSPACES/WS_Master_Thesis/src/uc1_robot_controllers_interfaces/include/uc1_robot_controllers_interfaces -I/home/maclab/Documents/ROS_WORKSPACES/WS_Master_Thesis/build/uc1_robot_controllers_interfaces/rosidl_generator_c -isystem /opt/ros/humble/include/fastcdr -isystem /opt/ros/humble/include/rosidl_runtime_c -isystem /opt/ros/humble/include/rcutils -isystem /opt/ros/humble/include/rosidl_typesupport_interface -isystem /opt/ros/humble/include/rosidl_runtime_cpp -isystem /opt/ros/humble/include/rosidl_typesupport_fastrtps_cpp -isystem /opt/ros/humble/include/rmw -isystem /opt/ros/humble/include/rosidl_typesupport_fastrtps_c -isystem /opt/ros/humble/include/geometry_msgs -isystem /opt/ros/humble/include/std_msgs -isystem /opt/ros/humble/include/builtin_interfaces -isystem /opt/ros/humble/include/action_msgs -isystem /opt/ros/humble/include/unique_identifier_msgs -fPIC -Wall -Wextra -Wpedantic -std=gnu++14 -MD -MT CMakeFiles/uc1_robot_controllers_interfaces__rosidl_typesupport_fastrtps_c.dir/rosidl_typesupport_fastrtps_c/uc1_robot_controllers_interfaces/msg/detail/move_robot_point__type_support_c.cpp.o -MF CMakeFiles/uc1_robot_controllers_interfaces__rosidl_typesupport_fastrtps_c.dir/rosidl_typesupport_fastrtps_c/uc1_robot_controllers_interfaces/msg/detail/move_robot_point__type_support_c.cpp.o.d -o CMakeFiles/uc1_robot_controllers_interfaces__rosidl_typesupport_fastrtps_c.dir/rosidl_typesupport_fastrtps_c/uc1_robot_controllers_interfaces/msg/detail/move_robot_point__type_support_c.cpp.o -c /home/maclab/Documents/ROS_WORKSPACES/WS_Master_Thesis/build/uc1_robot_controllers_interfaces/rosidl_typesupport_fastrtps_c/uc1_robot_controllers_interfaces/msg/detail/move_robot_point__type_support_c.cpp
[1.107s] [ 56%] [32mBuilding C object CMakeFiles/uc1_robot_controllers_interfaces__rosidl_typesupport_introspection_c.dir/rosidl_typesupport_introspection_c/uc1_robot_controllers_interfaces/action/detail/move_robot__type_support.c.o[0m
[1.107s] /usr/bin/c++ -DRCUTILS_ENABLE_FAULT_INJECTION -DROSIDL_TYPESUPPORT_FASTRTPS_C_BUILDING_DLL_uc1_robot_controllers_interfaces -DROS_PACKAGE_NAME=\"uc1_robot_controllers_interfaces\" -I/home/maclab/Documents/ROS_WORKSPACES/WS_Master_Thesis/build/uc1_robot_controllers_interfaces/rosidl_typesupport_fastrtps_c -I/home/maclab/Documents/ROS_WORKSPACES/WS_Master_Thesis/src/uc1_robot_controllers_interfaces/include/uc1_robot_controllers_interfaces -I/home/maclab/Documents/ROS_WORKSPACES/WS_Master_Thesis/build/uc1_robot_controllers_interfaces/rosidl_generator_c -isystem /opt/ros/humble/include/fastcdr -isystem /opt/ros/humble/include/rosidl_runtime_c -isystem /opt/ros/humble/include/rcutils -isystem /opt/ros/humble/include/rosidl_typesupport_interface -isystem /opt/ros/humble/include/rosidl_runtime_cpp -isystem /opt/ros/humble/include/rosidl_typesupport_fastrtps_cpp -isystem /opt/ros/humble/include/rmw -isystem /opt/ros/humble/include/rosidl_typesupport_fastrtps_c -isystem /opt/ros/humble/include/geometry_msgs -isystem /opt/ros/humble/include/std_msgs -isystem /opt/ros/humble/include/builtin_interfaces -isystem /opt/ros/humble/include/action_msgs -isystem /opt/ros/humble/include/unique_identifier_msgs -fPIC -Wall -Wextra -Wpedantic -std=gnu++14 -MD -MT CMakeFiles/uc1_robot_controllers_interfaces__rosidl_typesupport_fastrtps_c.dir/rosidl_typesupport_fastrtps_c/uc1_robot_controllers_interfaces/msg/detail/move_robot_goal__type_support_c.cpp.o -MF CMakeFiles/uc1_robot_controllers_interfaces__rosidl_typesupport_fastrtps_c.dir/rosidl_typesupport_fastrtps_c/uc1_robot_controllers_interfaces/msg/detail/move_robot_goal__type_support_c.cpp.o.d -o CMakeFiles/uc1_robot_controllers_interfaces__rosidl_typesupport_fastrtps_c.dir/rosidl_typesupport_fastrtps_c/uc1_robot_controllers_interfaces/msg/detail/move_robot_goal__type_support_c.cpp.o -c /home/maclab/Documents/ROS_WORKSPACES/WS_Master_Thesis/build/uc1_robot_controllers_interfaces/rosidl_typesupport_fastrtps_c/uc1_robot_controllers_interfaces/msg/detail/move_robot_goal__type_support_c.cpp
[1.115s] /usr/bin/c++ -DRCUTILS_ENABLE_FAULT_INJECTION -DROSIDL_TYPESUPPORT_FASTRTPS_C_BUILDING_DLL_uc1_robot_controllers_interfaces -DROS_PACKAGE_NAME=\"uc1_robot_controllers_interfaces\" -I/home/maclab/Documents/ROS_WORKSPACES/WS_Master_Thesis/build/uc1_robot_controllers_interfaces/rosidl_typesupport_fastrtps_c -I/home/maclab/Documents/ROS_WORKSPACES/WS_Master_Thesis/src/uc1_robot_controllers_interfaces/include/uc1_robot_controllers_interfaces -I/home/maclab/Documents/ROS_WORKSPACES/WS_Master_Thesis/build/uc1_robot_controllers_interfaces/rosidl_generator_c -isystem /opt/ros/humble/include/fastcdr -isystem /opt/ros/humble/include/rosidl_runtime_c -isystem /opt/ros/humble/include/rcutils -isystem /opt/ros/humble/include/rosidl_typesupport_interface -isystem /opt/ros/humble/include/rosidl_runtime_cpp -isystem /opt/ros/humble/include/rosidl_typesupport_fastrtps_cpp -isystem /opt/ros/humble/include/rmw -isystem /opt/ros/humble/include/rosidl_typesupport_fastrtps_c -isystem /opt/ros/humble/include/geometry_msgs -isystem /opt/ros/humble/include/std_msgs -isystem /opt/ros/humble/include/builtin_interfaces -isystem /opt/ros/humble/include/action_msgs -isystem /opt/ros/humble/include/unique_identifier_msgs -fPIC -Wall -Wextra -Wpedantic -std=gnu++14 -MD -MT CMakeFiles/uc1_robot_controllers_interfaces__rosidl_typesupport_fastrtps_c.dir/rosidl_typesupport_fastrtps_c/uc1_robot_controllers_interfaces/msg/detail/move_robot_orient__type_support_c.cpp.o -MF CMakeFiles/uc1_robot_controllers_interfaces__rosidl_typesupport_fastrtps_c.dir/rosidl_typesupport_fastrtps_c/uc1_robot_controllers_interfaces/msg/detail/move_robot_orient__type_support_c.cpp.o.d -o CMakeFiles/uc1_robot_controllers_interfaces__rosidl_typesupport_fastrtps_c.dir/rosidl_typesupport_fastrtps_c/uc1_robot_controllers_interfaces/msg/detail/move_robot_orient__type_support_c.cpp.o -c /home/maclab/Documents/ROS_WORKSPACES/WS_Master_Thesis/build/uc1_robot_controllers_interfaces/rosidl_typesupport_fastrtps_c/uc1_robot_controllers_interfaces/msg/detail/move_robot_orient__type_support_c.cpp
[1.115s] /usr/bin/cc -DRCUTILS_ENABLE_FAULT_INJECTION -DROSIDL_TYPESUPPORT_INTROSPECTION_C_BUILDING_DLL_uc1_robot_controllers_interfaces -DROS_PACKAGE_NAME=\"uc1_robot_controllers_interfaces\" -I/home/maclab/Documents/ROS_WORKSPACES/WS_Master_Thesis/build/uc1_robot_controllers_interfaces/rosidl_typesupport_introspection_c -I/home/maclab/Documents/ROS_WORKSPACES/WS_Master_Thesis/src/uc1_robot_controllers_interfaces/include/uc1_robot_controllers_interfaces -I/home/maclab/Documents/ROS_WORKSPACES/WS_Master_Thesis/build/uc1_robot_controllers_interfaces/rosidl_generator_c -isystem /opt/ros/humble/include/geometry_msgs -isystem /opt/ros/humble/include/std_msgs -isystem /opt/ros/humble/include/builtin_interfaces -isystem /opt/ros/humble/include/rosidl_runtime_c -isystem /opt/ros/humble/include/rcutils -isystem /opt/ros/humble/include/rosidl_typesupport_interface -isystem /opt/ros/humble/include/action_msgs -isystem /opt/ros/humble/include/unique_identifier_msgs -isystem /opt/ros/humble/include/rosidl_typesupport_introspection_c -fPIC -Wall -std=gnu11 -MD -MT CMakeFiles/uc1_robot_controllers_interfaces__rosidl_typesupport_introspection_c.dir/rosidl_typesupport_introspection_c/uc1_robot_controllers_interfaces/msg/detail/move_robot_goal__type_support.c.o -MF CMakeFiles/uc1_robot_controllers_interfaces__rosidl_typesupport_introspection_c.dir/rosidl_typesupport_introspection_c/uc1_robot_controllers_interfaces/msg/detail/move_robot_goal__type_support.c.o.d -o CMakeFiles/uc1_robot_controllers_interfaces__rosidl_typesupport_introspection_c.dir/rosidl_typesupport_introspection_c/uc1_robot_controllers_interfaces/msg/detail/move_robot_goal__type_support.c.o -c /home/maclab/Documents/ROS_WORKSPACES/WS_Master_Thesis/build/uc1_robot_controllers_interfaces/rosidl_typesupport_introspection_c/uc1_robot_controllers_interfaces/msg/detail/move_robot_goal__type_support.c
[1.115s] /usr/bin/c++ -DRCUTILS_ENABLE_FAULT_INJECTION -DROSIDL_TYPESUPPORT_FASTRTPS_C_BUILDING_DLL_uc1_robot_controllers_interfaces -DROS_PACKAGE_NAME=\"uc1_robot_controllers_interfaces\" -I/home/maclab/Documents/ROS_WORKSPACES/WS_Master_Thesis/build/uc1_robot_controllers_interfaces/rosidl_typesupport_fastrtps_c -I/home/maclab/Documents/ROS_WORKSPACES/WS_Master_Thesis/src/uc1_robot_controllers_interfaces/include/uc1_robot_controllers_interfaces -I/home/maclab/Documents/ROS_WORKSPACES/WS_Master_Thesis/build/uc1_robot_controllers_interfaces/rosidl_generator_c -isystem /opt/ros/humble/include/fastcdr -isystem /opt/ros/humble/include/rosidl_runtime_c -isystem /opt/ros/humble/include/rcutils -isystem /opt/ros/humble/include/rosidl_typesupport_interface -isystem /opt/ros/humble/include/rosidl_runtime_cpp -isystem /opt/ros/humble/include/rosidl_typesupport_fastrtps_cpp -isystem /opt/ros/humble/include/rmw -isystem /opt/ros/humble/include/rosidl_typesupport_fastrtps_c -isystem /opt/ros/humble/include/geometry_msgs -isystem /opt/ros/humble/include/std_msgs -isystem /opt/ros/humble/include/builtin_interfaces -isystem /opt/ros/humble/include/action_msgs -isystem /opt/ros/humble/include/unique_identifier_msgs -fPIC -Wall -Wextra -Wpedantic -std=gnu++14 -MD -MT CMakeFiles/uc1_robot_controllers_interfaces__rosidl_typesupport_fastrtps_c.dir/rosidl_typesupport_fastrtps_c/uc1_robot_controllers_interfaces/action/detail/move_robot__type_support_c.cpp.o -MF CMakeFiles/uc1_robot_controllers_interfaces__rosidl_typesupport_fastrtps_c.dir/rosidl_typesupport_fastrtps_c/uc1_robot_controllers_interfaces/action/detail/move_robot__type_support_c.cpp.o.d -o CMakeFiles/uc1_robot_controllers_interfaces__rosidl_typesupport_fastrtps_c.dir/rosidl_typesupport_fastrtps_c/uc1_robot_controllers_interfaces/action/detail/move_robot__type_support_c.cpp.o -c /home/maclab/Documents/ROS_WORKSPACES/WS_Master_Thesis/build/uc1_robot_controllers_interfaces/rosidl_typesupport_fastrtps_c/uc1_robot_controllers_interfaces/action/detail/move_robot__type_support_c.cpp
[1.115s] /usr/bin/cc -DRCUTILS_ENABLE_FAULT_INJECTION -DROSIDL_TYPESUPPORT_INTROSPECTION_C_BUILDING_DLL_uc1_robot_controllers_interfaces -DROS_PACKAGE_NAME=\"uc1_robot_controllers_interfaces\" -I/home/maclab/Documents/ROS_WORKSPACES/WS_Master_Thesis/build/uc1_robot_controllers_interfaces/rosidl_typesupport_introspection_c -I/home/maclab/Documents/ROS_WORKSPACES/WS_Master_Thesis/src/uc1_robot_controllers_interfaces/include/uc1_robot_controllers_interfaces -I/home/maclab/Documents/ROS_WORKSPACES/WS_Master_Thesis/build/uc1_robot_controllers_interfaces/rosidl_generator_c -isystem /opt/ros/humble/include/geometry_msgs -isystem /opt/ros/humble/include/std_msgs -isystem /opt/ros/humble/include/builtin_interfaces -isystem /opt/ros/humble/include/rosidl_runtime_c -isystem /opt/ros/humble/include/rcutils -isystem /opt/ros/humble/include/rosidl_typesupport_interface -isystem /opt/ros/humble/include/action_msgs -isystem /opt/ros/humble/include/unique_identifier_msgs -isystem /opt/ros/humble/include/rosidl_typesupport_introspection_c -fPIC -Wall -std=gnu11 -MD -MT CMakeFiles/uc1_robot_controllers_interfaces__rosidl_typesupport_introspection_c.dir/rosidl_typesupport_introspection_c/uc1_robot_controllers_interfaces/action/detail/move_robot_tp__type_support.c.o -MF CMakeFiles/uc1_robot_controllers_interfaces__rosidl_typesupport_introspection_c.dir/rosidl_typesupport_introspection_c/uc1_robot_controllers_interfaces/action/detail/move_robot_tp__type_support.c.o.d -o CMakeFiles/uc1_robot_controllers_interfaces__rosidl_typesupport_introspection_c.dir/rosidl_typesupport_introspection_c/uc1_robot_controllers_interfaces/action/detail/move_robot_tp__type_support.c.o -c /home/maclab/Documents/ROS_WORKSPACES/WS_Master_Thesis/build/uc1_robot_controllers_interfaces/rosidl_typesupport_introspection_c/uc1_robot_controllers_interfaces/action/detail/move_robot_tp__type_support.c
[1.115s] /usr/bin/c++ -DRCUTILS_ENABLE_FAULT_INJECTION -DROSIDL_TYPESUPPORT_FASTRTPS_C_BUILDING_DLL_uc1_robot_controllers_interfaces -DROS_PACKAGE_NAME=\"uc1_robot_controllers_interfaces\" -I/home/maclab/Documents/ROS_WORKSPACES/WS_Master_Thesis/build/uc1_robot_controllers_interfaces/rosidl_typesupport_fastrtps_c -I/home/maclab/Documents/ROS_WORKSPACES/WS_Master_Thesis/src/uc1_robot_controllers_interfaces/include/uc1_robot_controllers_interfaces -I/home/maclab/Documents/ROS_WORKSPACES/WS_Master_Thesis/build/uc1_robot_controllers_interfaces/rosidl_generator_c -isystem /opt/ros/humble/include/fastcdr -isystem /opt/ros/humble/include/rosidl_runtime_c -isystem /opt/ros/humble/include/rcutils -isystem /opt/ros/humble/include/rosidl_typesupport_interface -isystem /opt/ros/humble/include/rosidl_runtime_cpp -isystem /opt/ros/humble/include/rosidl_typesupport_fastrtps_cpp -isystem /opt/ros/humble/include/rmw -isystem /opt/ros/humble/include/rosidl_typesupport_fastrtps_c -isystem /opt/ros/humble/include/geometry_msgs -isystem /opt/ros/humble/include/std_msgs -isystem /opt/ros/humble/include/builtin_interfaces -isystem /opt/ros/humble/include/action_msgs -isystem /opt/ros/humble/include/unique_identifier_msgs -fPIC -Wall -Wextra -Wpedantic -std=gnu++14 -MD -MT CMakeFiles/uc1_robot_controllers_interfaces__rosidl_typesupport_fastrtps_c.dir/rosidl_typesupport_fastrtps_c/uc1_robot_controllers_interfaces/action/detail/move_robot_tp__type_support_c.cpp.o -MF CMakeFiles/uc1_robot_controllers_interfaces__rosidl_typesupport_fastrtps_c.dir/rosidl_typesupport_fastrtps_c/uc1_robot_controllers_interfaces/action/detail/move_robot_tp__type_support_c.cpp.o.d -o CMakeFiles/uc1_robot_controllers_interfaces__rosidl_typesupport_fastrtps_c.dir/rosidl_typesupport_fastrtps_c/uc1_robot_controllers_interfaces/action/detail/move_robot_tp__type_support_c.cpp.o -c /home/maclab/Documents/ROS_WORKSPACES/WS_Master_Thesis/build/uc1_robot_controllers_interfaces/rosidl_typesupport_fastrtps_c/uc1_robot_controllers_interfaces/action/detail/move_robot_tp__type_support_c.cpp
[1.115s] /usr/bin/cc -DRCUTILS_ENABLE_FAULT_INJECTION -DROSIDL_TYPESUPPORT_INTROSPECTION_C_BUILDING_DLL_uc1_robot_controllers_interfaces -DROS_PACKAGE_NAME=\"uc1_robot_controllers_interfaces\" -I/home/maclab/Documents/ROS_WORKSPACES/WS_Master_Thesis/build/uc1_robot_controllers_interfaces/rosidl_typesupport_introspection_c -I/home/maclab/Documents/ROS_WORKSPACES/WS_Master_Thesis/src/uc1_robot_controllers_interfaces/include/uc1_robot_controllers_interfaces -I/home/maclab/Documents/ROS_WORKSPACES/WS_Master_Thesis/build/uc1_robot_controllers_interfaces/rosidl_generator_c -isystem /opt/ros/humble/include/geometry_msgs -isystem /opt/ros/humble/include/std_msgs -isystem /opt/ros/humble/include/builtin_interfaces -isystem /opt/ros/humble/include/rosidl_runtime_c -isystem /opt/ros/humble/include/rcutils -isystem /opt/ros/humble/include/rosidl_typesupport_interface -isystem /opt/ros/humble/include/action_msgs -isystem /opt/ros/humble/include/unique_identifier_msgs -isystem /opt/ros/humble/include/rosidl_typesupport_introspection_c -fPIC -Wall -std=gnu11 -MD -MT CMakeFiles/uc1_robot_controllers_interfaces__rosidl_typesupport_introspection_c.dir/rosidl_typesupport_introspection_c/uc1_robot_controllers_interfaces/action/detail/move_robot__type_support.c.o -MF CMakeFiles/uc1_robot_controllers_interfaces__rosidl_typesupport_introspection_c.dir/rosidl_typesupport_introspection_c/uc1_robot_controllers_interfaces/action/detail/move_robot__type_support.c.o.d -o CMakeFiles/uc1_robot_controllers_interfaces__rosidl_typesupport_introspection_c.dir/rosidl_typesupport_introspection_c/uc1_robot_controllers_interfaces/action/detail/move_robot__type_support.c.o -c /home/maclab/Documents/ROS_WORKSPACES/WS_Master_Thesis/build/uc1_robot_controllers_interfaces/rosidl_typesupport_introspection_c/uc1_robot_controllers_interfaces/action/detail/move_robot__type_support.c
[1.115s] [ 60%] [32mBuilding C object CMakeFiles/uc1_robot_controllers_interfaces__rosidl_typesupport_introspection_c.dir/rosidl_typesupport_introspection_c/uc1_robot_controllers_interfaces/msg/detail/move_robot_orient__type_support.c.o[0m
[1.115s] [ 60%] [32mBuilding C object CMakeFiles/uc1_robot_controllers_interfaces__rosidl_typesupport_introspection_c.dir/rosidl_typesupport_introspection_c/uc1_robot_controllers_interfaces/msg/detail/move_robot_point__type_support.c.o[0m
[1.115s] /usr/bin/cc -DRCUTILS_ENABLE_FAULT_INJECTION -DROSIDL_TYPESUPPORT_INTROSPECTION_C_BUILDING_DLL_uc1_robot_controllers_interfaces -DROS_PACKAGE_NAME=\"uc1_robot_controllers_interfaces\" -I/home/maclab/Documents/ROS_WORKSPACES/WS_Master_Thesis/build/uc1_robot_controllers_interfaces/rosidl_typesupport_introspection_c -I/home/maclab/Documents/ROS_WORKSPACES/WS_Master_Thesis/src/uc1_robot_controllers_interfaces/include/uc1_robot_controllers_interfaces -I/home/maclab/Documents/ROS_WORKSPACES/WS_Master_Thesis/build/uc1_robot_controllers_interfaces/rosidl_generator_c -isystem /opt/ros/humble/include/geometry_msgs -isystem /opt/ros/humble/include/std_msgs -isystem /opt/ros/humble/include/builtin_interfaces -isystem /opt/ros/humble/include/rosidl_runtime_c -isystem /opt/ros/humble/include/rcutils -isystem /opt/ros/humble/include/rosidl_typesupport_interface -isystem /opt/ros/humble/include/action_msgs -isystem /opt/ros/humble/include/unique_identifier_msgs -isystem /opt/ros/humble/include/rosidl_typesupport_introspection_c -fPIC -Wall -std=gnu11 -MD -MT CMakeFiles/uc1_robot_controllers_interfaces__rosidl_typesupport_introspection_c.dir/rosidl_typesupport_introspection_c/uc1_robot_controllers_interfaces/msg/detail/move_robot_point__type_support.c.o -MF CMakeFiles/uc1_robot_controllers_interfaces__rosidl_typesupport_introspection_c.dir/rosidl_typesupport_introspection_c/uc1_robot_controllers_interfaces/msg/detail/move_robot_point__type_support.c.o.d -o CMakeFiles/uc1_robot_controllers_interfaces__rosidl_typesupport_introspection_c.dir/rosidl_typesupport_introspection_c/uc1_robot_controllers_interfaces/msg/detail/move_robot_point__type_support.c.o -c /home/maclab/Documents/ROS_WORKSPACES/WS_Master_Thesis/build/uc1_robot_controllers_interfaces/rosidl_typesupport_introspection_c/uc1_robot_controllers_interfaces/msg/detail/move_robot_point__type_support.c
[1.115s] /usr/bin/cc -DRCUTILS_ENABLE_FAULT_INJECTION -DROSIDL_TYPESUPPORT_INTROSPECTION_C_BUILDING_DLL_uc1_robot_controllers_interfaces -DROS_PACKAGE_NAME=\"uc1_robot_controllers_interfaces\" -I/home/maclab/Documents/ROS_WORKSPACES/WS_Master_Thesis/build/uc1_robot_controllers_interfaces/rosidl_typesupport_introspection_c -I/home/maclab/Documents/ROS_WORKSPACES/WS_Master_Thesis/src/uc1_robot_controllers_interfaces/include/uc1_robot_controllers_interfaces -I/home/maclab/Documents/ROS_WORKSPACES/WS_Master_Thesis/build/uc1_robot_controllers_interfaces/rosidl_generator_c -isystem /opt/ros/humble/include/geometry_msgs -isystem /opt/ros/humble/include/std_msgs -isystem /opt/ros/humble/include/builtin_interfaces -isystem /opt/ros/humble/include/rosidl_runtime_c -isystem /opt/ros/humble/include/rcutils -isystem /opt/ros/humble/include/rosidl_typesupport_interface -isystem /opt/ros/humble/include/action_msgs -isystem /opt/ros/humble/include/unique_identifier_msgs -isystem /opt/ros/humble/include/rosidl_typesupport_introspection_c -fPIC -Wall -std=gnu11 -MD -MT CMakeFiles/uc1_robot_controllers_interfaces__rosidl_typesupport_introspection_c.dir/rosidl_typesupport_introspection_c/uc1_robot_controllers_interfaces/msg/detail/move_robot_orient__type_support.c.o -MF CMakeFiles/uc1_robot_controllers_interfaces__rosidl_typesupport_introspection_c.dir/rosidl_typesupport_introspection_c/uc1_robot_controllers_interfaces/msg/detail/move_robot_orient__type_support.c.o.d -o CMakeFiles/uc1_robot_controllers_interfaces__rosidl_typesupport_introspection_c.dir/rosidl_typesupport_introspection_c/uc1_robot_controllers_interfaces/msg/detail/move_robot_orient__type_support.c.o -c /home/maclab/Documents/ROS_WORKSPACES/WS_Master_Thesis/build/uc1_robot_controllers_interfaces/rosidl_typesupport_introspection_c/uc1_robot_controllers_interfaces/msg/detail/move_robot_orient__type_support.c
[1.140s] [ 61%] [32m[1mLinking CXX shared library libuc1_robot_controllers_interfaces__rosidl_typesupport_c.so[0m
[1.140s] /usr/bin/cmake -E cmake_link_script CMakeFiles/uc1_robot_controllers_interfaces__rosidl_typesupport_c.dir/link.txt --verbose=1
[1.143s] /usr/bin/c++ -fPIC -shared -Wl,-soname,libuc1_robot_controllers_interfaces__rosidl_typesupport_c.so -o libuc1_robot_controllers_interfaces__rosidl_typesupport_c.so CMakeFiles/uc1_robot_controllers_interfaces__rosidl_typesupport_c.dir/rosidl_typesupport_c/uc1_robot_controllers_interfaces/action/move_robot__type_support.cpp.o CMakeFiles/uc1_robot_controllers_interfaces__rosidl_typesupport_c.dir/rosidl_typesupport_c/uc1_robot_controllers_interfaces/action/move_robot_tp__type_support.cpp.o CMakeFiles/uc1_robot_controllers_interfaces__rosidl_typesupport_c.dir/rosidl_typesupport_c/uc1_robot_controllers_interfaces/msg/move_robot_point__type_support.cpp.o CMakeFiles/uc1_robot_controllers_interfaces__rosidl_typesupport_c.dir/rosidl_typesupport_c/uc1_robot_controllers_interfaces/msg/move_robot_orient__type_support.cpp.o CMakeFiles/uc1_robot_controllers_interfaces__rosidl_typesupport_c.dir/rosidl_typesupport_c/uc1_robot_controllers_interfaces/msg/move_robot_goal__type_support.cpp.o  -Wl,-rpath,/home/maclab/Documents/ROS_WORKSPACES/WS_Master_Thesis/build/uc1_robot_controllers_interfaces:/opt/ros/humble/lib: libuc1_robot_controllers_interfaces__rosidl_generator_c.so /opt/ros/humble/lib/libgeometry_msgs__rosidl_typesupport_c.so /opt/ros/humble/lib/libstd_msgs__rosidl_typesupport_c.so /opt/ros/humble/lib/libaction_msgs__rosidl_typesupport_c.so /opt/ros/humble/lib/libunique_identifier_msgs__rosidl_typesupport_c.so /opt/ros/humble/lib/libgeometry_msgs__rosidl_generator_c.so /opt/ros/humble/lib/libstd_msgs__rosidl_generator_c.so /opt/ros/humble/lib/libbuiltin_interfaces__rosidl_typesupport_c.so /opt/ros/humble/lib/librosidl_typesupport_c.so /opt/ros/humble/lib/libaction_msgs__rosidl_generator_c.so /opt/ros/humble/lib/libbuiltin_interfaces__rosidl_generator_c.so /opt/ros/humble/lib/libunique_identifier_msgs__rosidl_generator_c.so /opt/ros/humble/lib/librosidl_runtime_c.so /opt/ros/humble/lib/librcutils.so -ldl -Wl,-rpath-link,/opt/ros/humble/lib 
[1.143s] [ 63%] [32m[1mLinking C shared library libuc1_robot_controllers_interfaces__rosidl_typesupport_introspection_c.so[0m
[1.144s] /usr/bin/cmake -E cmake_link_script CMakeFiles/uc1_robot_controllers_interfaces__rosidl_typesupport_introspection_c.dir/link.txt --verbose=1
[1.147s] /usr/bin/cc -fPIC -shared -Wl,-soname,libuc1_robot_controllers_interfaces__rosidl_typesupport_introspection_c.so -o libuc1_robot_controllers_interfaces__rosidl_typesupport_introspection_c.so CMakeFiles/uc1_robot_controllers_interfaces__rosidl_typesupport_introspection_c.dir/rosidl_typesupport_introspection_c/uc1_robot_controllers_interfaces/action/detail/move_robot__type_support.c.o CMakeFiles/uc1_robot_controllers_interfaces__rosidl_typesupport_introspection_c.dir/rosidl_typesupport_introspection_c/uc1_robot_controllers_interfaces/action/detail/move_robot_tp__type_support.c.o CMakeFiles/uc1_robot_controllers_interfaces__rosidl_typesupport_introspection_c.dir/rosidl_typesupport_introspection_c/uc1_robot_controllers_interfaces/msg/detail/move_robot_point__type_support.c.o CMakeFiles/uc1_robot_controllers_interfaces__rosidl_typesupport_introspection_c.dir/rosidl_typesupport_introspection_c/uc1_robot_controllers_interfaces/msg/detail/move_robot_orient__type_support.c.o CMakeFiles/uc1_robot_controllers_interfaces__rosidl_typesupport_introspection_c.dir/rosidl_typesupport_introspection_c/uc1_robot_controllers_interfaces/msg/detail/move_robot_goal__type_support.c.o  -Wl,-rpath,/home/maclab/Documents/ROS_WORKSPACES/WS_Master_Thesis/build/uc1_robot_controllers_interfaces:/opt/ros/humble/lib: libuc1_robot_controllers_interfaces__rosidl_generator_c.so /opt/ros/humble/lib/libgeometry_msgs__rosidl_typesupport_introspection_c.so /opt/ros/humble/lib/libstd_msgs__rosidl_typesupport_introspection_c.so /opt/ros/humble/lib/libaction_msgs__rosidl_typesupport_introspection_c.so /opt/ros/humble/lib/libunique_identifier_msgs__rosidl_typesupport_introspection_c.so /opt/ros/humble/lib/libgeometry_msgs__rosidl_generator_c.so /opt/ros/humble/lib/libstd_msgs__rosidl_generator_c.so /opt/ros/humble/lib/libbuiltin_interfaces__rosidl_typesupport_introspection_c.so /opt/ros/humble/lib/librosidl_typesupport_introspection_c.so /opt/ros/humble/lib/libaction_msgs__rosidl_generator_c.so /opt/ros/humble/lib/libbuiltin_interfaces__rosidl_generator_c.so /opt/ros/humble/lib/libunique_identifier_msgs__rosidl_generator_c.so /opt/ros/humble/lib/librosidl_runtime_c.so /opt/ros/humble/lib/librcutils.so -ldl 
[1.157s] gmake[2]: Leaving directory '/home/maclab/Documents/ROS_WORKSPACES/WS_Master_Thesis/build/uc1_robot_controllers_interfaces'
[1.157s] gmake[2]: Leaving directory '/home/maclab/Documents/ROS_WORKSPACES/WS_Master_Thesis/build/uc1_robot_controllers_interfaces'
[1.161s] [ 64%] Built target uc1_robot_controllers_interfaces__rosidl_typesupport_c
[1.163s] [ 66%] Built target uc1_robot_controllers_interfaces__rosidl_typesupport_introspection_c
[1.295s] [ 67%] [32m[1mLinking CXX shared library libuc1_robot_controllers_interfaces__rosidl_typesupport_fastrtps_c.so[0m
[1.295s] /usr/bin/cmake -E cmake_link_script CMakeFiles/uc1_robot_controllers_interfaces__rosidl_typesupport_fastrtps_c.dir/link.txt --verbose=1
[1.298s] /usr/bin/c++ -fPIC -shared -Wl,-soname,libuc1_robot_controllers_interfaces__rosidl_typesupport_fastrtps_c.so -o libuc1_robot_controllers_interfaces__rosidl_typesupport_fastrtps_c.so CMakeFiles/uc1_robot_controllers_interfaces__rosidl_typesupport_fastrtps_c.dir/rosidl_typesupport_fastrtps_c/uc1_robot_controllers_interfaces/action/detail/move_robot__type_support_c.cpp.o CMakeFiles/uc1_robot_controllers_interfaces__rosidl_typesupport_fastrtps_c.dir/rosidl_typesupport_fastrtps_c/uc1_robot_controllers_interfaces/action/detail/move_robot_tp__type_support_c.cpp.o CMakeFiles/uc1_robot_controllers_interfaces__rosidl_typesupport_fastrtps_c.dir/rosidl_typesupport_fastrtps_c/uc1_robot_controllers_interfaces/msg/detail/move_robot_point__type_support_c.cpp.o CMakeFiles/uc1_robot_controllers_interfaces__rosidl_typesupport_fastrtps_c.dir/rosidl_typesupport_fastrtps_c/uc1_robot_controllers_interfaces/msg/detail/move_robot_orient__type_support_c.cpp.o CMakeFiles/uc1_robot_controllers_interfaces__rosidl_typesupport_fastrtps_c.dir/rosidl_typesupport_fastrtps_c/uc1_robot_controllers_interfaces/msg/detail/move_robot_goal__type_support_c.cpp.o  -Wl,-rpath,/home/maclab/Documents/ROS_WORKSPACES/WS_Master_Thesis/build/uc1_robot_controllers_interfaces:/opt/ros/humble/lib: libuc1_robot_controllers_interfaces__rosidl_generator_c.so /opt/ros/humble/lib/libgeometry_msgs__rosidl_typesupport_fastrtps_c.so /opt/ros/humble/lib/libstd_msgs__rosidl_typesupport_fastrtps_c.so /opt/ros/humble/lib/libaction_msgs__rosidl_typesupport_fastrtps_c.so /opt/ros/humble/lib/libunique_identifier_msgs__rosidl_typesupport_fastrtps_c.so /opt/ros/humble/lib/libgeometry_msgs__rosidl_generator_c.so /opt/ros/humble/lib/libstd_msgs__rosidl_generator_c.so /opt/ros/humble/lib/libbuiltin_interfaces__rosidl_typesupport_fastrtps_c.so /opt/ros/humble/lib/librosidl_typesupport_fastrtps_cpp.so /opt/ros/humble/lib/libfastcdr.so.1.0.24 /opt/ros/humble/lib/librmw.so /opt/ros/humble/lib/librosidl_typesupport_fastrtps_c.so /opt/ros/humble/lib/libaction_msgs__rosidl_generator_c.so /opt/ros/humble/lib/libbuiltin_interfaces__rosidl_generator_c.so /opt/ros/humble/lib/libunique_identifier_msgs__rosidl_generator_c.so /opt/ros/humble/lib/librosidl_runtime_c.so /opt/ros/humble/lib/librcutils.so -ldl 
[1.305s] [ 69%] [32m[1mLinking CXX shared library libuc1_robot_controllers_interfaces__rosidl_typesupport_cpp.so[0m
[1.306s] /usr/bin/cmake -E cmake_link_script CMakeFiles/uc1_robot_controllers_interfaces__rosidl_typesupport_cpp.dir/link.txt --verbose=1
[1.309s] /usr/bin/c++ -fPIC -shared -Wl,-soname,libuc1_robot_controllers_interfaces__rosidl_typesupport_cpp.so -o libuc1_robot_controllers_interfaces__rosidl_typesupport_cpp.so CMakeFiles/uc1_robot_controllers_interfaces__rosidl_typesupport_cpp.dir/rosidl_typesupport_cpp/uc1_robot_controllers_interfaces/action/move_robot__type_support.cpp.o CMakeFiles/uc1_robot_controllers_interfaces__rosidl_typesupport_cpp.dir/rosidl_typesupport_cpp/uc1_robot_controllers_interfaces/action/move_robot_tp__type_support.cpp.o CMakeFiles/uc1_robot_controllers_interfaces__rosidl_typesupport_cpp.dir/rosidl_typesupport_cpp/uc1_robot_controllers_interfaces/msg/move_robot_point__type_support.cpp.o CMakeFiles/uc1_robot_controllers_interfaces__rosidl_typesupport_cpp.dir/rosidl_typesupport_cpp/uc1_robot_controllers_interfaces/msg/move_robot_orient__type_support.cpp.o CMakeFiles/uc1_robot_controllers_interfaces__rosidl_typesupport_cpp.dir/rosidl_typesupport_cpp/uc1_robot_controllers_interfaces/msg/move_robot_goal__type_support.cpp.o  -Wl,-rpath,/opt/ros/humble/lib: /opt/ros/humble/lib/libgeometry_msgs__rosidl_typesupport_cpp.so /opt/ros/humble/lib/libstd_msgs__rosidl_typesupport_cpp.so /opt/ros/humble/lib/libaction_msgs__rosidl_typesupport_cpp.so /opt/ros/humble/lib/libunique_identifier_msgs__rosidl_typesupport_cpp.so /opt/ros/humble/lib/libbuiltin_interfaces__rosidl_typesupport_cpp.so /opt/ros/humble/lib/librosidl_typesupport_cpp.so /opt/ros/humble/lib/librosidl_typesupport_c.so /opt/ros/humble/lib/librosidl_runtime_c.so /opt/ros/humble/lib/librcutils.so -ldl -Wl,-rpath-link,/opt/ros/humble/lib 
[1.326s] gmake[2]: Leaving directory '/home/maclab/Documents/ROS_WORKSPACES/WS_Master_Thesis/build/uc1_robot_controllers_interfaces'
[1.327s] gmake[2]: Leaving directory '/home/maclab/Documents/ROS_WORKSPACES/WS_Master_Thesis/build/uc1_robot_controllers_interfaces'
[1.332s] [ 72%] [32m[1mLinking CXX shared library libuc1_robot_controllers_interfaces__rosidl_typesupport_fastrtps_cpp.so[0m
[1.332s] [ 73%] Built target uc1_robot_controllers_interfaces__rosidl_typesupport_cpp
[1.332s] [ 73%] Built target uc1_robot_controllers_interfaces__rosidl_typesupport_fastrtps_c
[1.332s] /usr/bin/cmake -E cmake_link_script CMakeFiles/uc1_robot_controllers_interfaces__rosidl_typesupport_fastrtps_cpp.dir/link.txt --verbose=1
[1.336s] /usr/bin/c++ -fPIC -shared -Wl,-soname,libuc1_robot_controllers_interfaces__rosidl_typesupport_fastrtps_cpp.so -o libuc1_robot_controllers_interfaces__rosidl_typesupport_fastrtps_cpp.so CMakeFiles/uc1_robot_controllers_interfaces__rosidl_typesupport_fastrtps_cpp.dir/rosidl_typesupport_fastrtps_cpp/uc1_robot_controllers_interfaces/action/detail/dds_fastrtps/move_robot__type_support.cpp.o CMakeFiles/uc1_robot_controllers_interfaces__rosidl_typesupport_fastrtps_cpp.dir/rosidl_typesupport_fastrtps_cpp/uc1_robot_controllers_interfaces/action/detail/dds_fastrtps/move_robot_tp__type_support.cpp.o CMakeFiles/uc1_robot_controllers_interfaces__rosidl_typesupport_fastrtps_cpp.dir/rosidl_typesupport_fastrtps_cpp/uc1_robot_controllers_interfaces/msg/detail/dds_fastrtps/move_robot_point__type_support.cpp.o CMakeFiles/uc1_robot_controllers_interfaces__rosidl_typesupport_fastrtps_cpp.dir/rosidl_typesupport_fastrtps_cpp/uc1_robot_controllers_interfaces/msg/detail/dds_fastrtps/move_robot_orient__type_support.cpp.o CMakeFiles/uc1_robot_controllers_interfaces__rosidl_typesupport_fastrtps_cpp.dir/rosidl_typesupport_fastrtps_cpp/uc1_robot_controllers_interfaces/msg/detail/dds_fastrtps/move_robot_goal__type_support.cpp.o  -Wl,-rpath,/opt/ros/humble/lib: /opt/ros/humble/lib/libgeometry_msgs__rosidl_typesupport_fastrtps_cpp.so /opt/ros/humble/lib/libstd_msgs__rosidl_typesupport_fastrtps_cpp.so /opt/ros/humble/lib/libaction_msgs__rosidl_typesupport_fastrtps_cpp.so /opt/ros/humble/lib/libunique_identifier_msgs__rosidl_typesupport_fastrtps_cpp.so /opt/ros/humble/lib/libbuiltin_interfaces__rosidl_typesupport_fastrtps_cpp.so /opt/ros/humble/lib/librosidl_typesupport_fastrtps_cpp.so /opt/ros/humble/lib/libfastcdr.so.1.0.24 /opt/ros/humble/lib/librmw.so /opt/ros/humble/lib/librosidl_runtime_c.so /opt/ros/humble/lib/librcutils.so -ldl 
[1.342s] [ 75%] [32m[1mLinking CXX shared library libuc1_robot_controllers_interfaces__rosidl_typesupport_introspection_cpp.so[0m
[1.342s] /usr/bin/cmake -E cmake_link_script CMakeFiles/uc1_robot_controllers_interfaces__rosidl_typesupport_introspection_cpp.dir/link.txt --verbose=1
[1.344s] /usr/bin/c++ -fPIC -shared -Wl,-soname,libuc1_robot_controllers_interfaces__rosidl_typesupport_introspection_cpp.so -o libuc1_robot_controllers_interfaces__rosidl_typesupport_introspection_cpp.so CMakeFiles/uc1_robot_controllers_interfaces__rosidl_typesupport_introspection_cpp.dir/rosidl_typesupport_introspection_cpp/uc1_robot_controllers_interfaces/action/detail/move_robot__type_support.cpp.o CMakeFiles/uc1_robot_controllers_interfaces__rosidl_typesupport_introspection_cpp.dir/rosidl_typesupport_introspection_cpp/uc1_robot_controllers_interfaces/action/detail/move_robot_tp__type_support.cpp.o CMakeFiles/uc1_robot_controllers_interfaces__rosidl_typesupport_introspection_cpp.dir/rosidl_typesupport_introspection_cpp/uc1_robot_controllers_interfaces/msg/detail/move_robot_point__type_support.cpp.o CMakeFiles/uc1_robot_controllers_interfaces__rosidl_typesupport_introspection_cpp.dir/rosidl_typesupport_introspection_cpp/uc1_robot_controllers_interfaces/msg/detail/move_robot_orient__type_support.cpp.o CMakeFiles/uc1_robot_controllers_interfaces__rosidl_typesupport_introspection_cpp.dir/rosidl_typesupport_introspection_cpp/uc1_robot_controllers_interfaces/msg/detail/move_robot_goal__type_support.cpp.o  -Wl,-rpath,/opt/ros/humble/lib: /opt/ros/humble/lib/libgeometry_msgs__rosidl_typesupport_introspection_cpp.so /opt/ros/humble/lib/libstd_msgs__rosidl_typesupport_introspection_cpp.so /opt/ros/humble/lib/libaction_msgs__rosidl_typesupport_introspection_cpp.so /opt/ros/humble/lib/libunique_identifier_msgs__rosidl_typesupport_introspection_cpp.so /opt/ros/humble/lib/libbuiltin_interfaces__rosidl_typesupport_introspection_cpp.so /opt/ros/humble/lib/librosidl_typesupport_introspection_cpp.so /opt/ros/humble/lib/librosidl_typesupport_introspection_c.so /opt/ros/humble/lib/librosidl_runtime_c.so /opt/ros/humble/lib/librcutils.so -ldl 
[1.364s] gmake[2]: Leaving directory '/home/maclab/Documents/ROS_WORKSPACES/WS_Master_Thesis/build/uc1_robot_controllers_interfaces'
[1.370s] [ 76%] Built target uc1_robot_controllers_interfaces__rosidl_typesupport_fastrtps_cpp
[1.370s] gmake[2]: Leaving directory '/home/maclab/Documents/ROS_WORKSPACES/WS_Master_Thesis/build/uc1_robot_controllers_interfaces'
[1.375s] [ 78%] Built target uc1_robot_controllers_interfaces__rosidl_typesupport_introspection_cpp
[1.375s] /usr/bin/gmake  -f CMakeFiles/uc1_robot_controllers_interfaces.dir/build.make CMakeFiles/uc1_robot_controllers_interfaces.dir/depend
[1.376s] gmake[2]: Entering directory '/home/maclab/Documents/ROS_WORKSPACES/WS_Master_Thesis/build/uc1_robot_controllers_interfaces'
[1.376s] cd /home/maclab/Documents/ROS_WORKSPACES/WS_Master_Thesis/build/uc1_robot_controllers_interfaces && /usr/bin/cmake -E cmake_depends "Unix Makefiles" /home/maclab/Documents/ROS_WORKSPACES/WS_Master_Thesis/src/uc1_robot_controllers_interfaces /home/maclab/Documents/ROS_WORKSPACES/WS_Master_Thesis/src/uc1_robot_controllers_interfaces /home/maclab/Documents/ROS_WORKSPACES/WS_Master_Thesis/build/uc1_robot_controllers_interfaces /home/maclab/Documents/ROS_WORKSPACES/WS_Master_Thesis/build/uc1_robot_controllers_interfaces /home/maclab/Documents/ROS_WORKSPACES/WS_Master_Thesis/build/uc1_robot_controllers_interfaces/CMakeFiles/uc1_robot_controllers_interfaces.dir/DependInfo.cmake --color=
[1.380s] gmake[2]: Leaving directory '/home/maclab/Documents/ROS_WORKSPACES/WS_Master_Thesis/build/uc1_robot_controllers_interfaces'
[1.380s] /usr/bin/gmake  -f CMakeFiles/uc1_robot_controllers_interfaces.dir/build.make CMakeFiles/uc1_robot_controllers_interfaces.dir/build
[1.380s] gmake[2]: Entering directory '/home/maclab/Documents/ROS_WORKSPACES/WS_Master_Thesis/build/uc1_robot_controllers_interfaces'
[1.380s] gmake[2]: Nothing to be done for 'CMakeFiles/uc1_robot_controllers_interfaces.dir/build'.
[1.380s] gmake[2]: Leaving directory '/home/maclab/Documents/ROS_WORKSPACES/WS_Master_Thesis/build/uc1_robot_controllers_interfaces'
[1.384s] [ 78%] Built target uc1_robot_controllers_interfaces
[1.385s] /usr/bin/gmake  -f uc1_robot_controllers_interfaces__py/CMakeFiles/uc1_robot_controllers_interfaces__py.dir/build.make uc1_robot_controllers_interfaces__py/CMakeFiles/uc1_robot_controllers_interfaces__py.dir/depend
[1.386s] gmake[2]: Entering directory '/home/maclab/Documents/ROS_WORKSPACES/WS_Master_Thesis/build/uc1_robot_controllers_interfaces'
[1.386s] cd /home/maclab/Documents/ROS_WORKSPACES/WS_Master_Thesis/build/uc1_robot_controllers_interfaces && /usr/bin/cmake -E cmake_depends "Unix Makefiles" /home/maclab/Documents/ROS_WORKSPACES/WS_Master_Thesis/src/uc1_robot_controllers_interfaces /home/maclab/Documents/ROS_WORKSPACES/WS_Master_Thesis/build/uc1_robot_controllers_interfaces/uc1_robot_controllers_interfaces__py /home/maclab/Documents/ROS_WORKSPACES/WS_Master_Thesis/build/uc1_robot_controllers_interfaces /home/maclab/Documents/ROS_WORKSPACES/WS_Master_Thesis/build/uc1_robot_controllers_interfaces/uc1_robot_controllers_interfaces__py /home/maclab/Documents/ROS_WORKSPACES/WS_Master_Thesis/build/uc1_robot_controllers_interfaces/uc1_robot_controllers_interfaces__py/CMakeFiles/uc1_robot_controllers_interfaces__py.dir/DependInfo.cmake --color=
[1.389s] gmake[2]: Leaving directory '/home/maclab/Documents/ROS_WORKSPACES/WS_Master_Thesis/build/uc1_robot_controllers_interfaces'
[1.389s] /usr/bin/gmake  -f uc1_robot_controllers_interfaces__py/CMakeFiles/uc1_robot_controllers_interfaces__py.dir/build.make uc1_robot_controllers_interfaces__py/CMakeFiles/uc1_robot_controllers_interfaces__py.dir/build
[1.390s] gmake[2]: Entering directory '/home/maclab/Documents/ROS_WORKSPACES/WS_Master_Thesis/build/uc1_robot_controllers_interfaces'
[1.390s] gmake[2]: Nothing to be done for 'uc1_robot_controllers_interfaces__py/CMakeFiles/uc1_robot_controllers_interfaces__py.dir/build'.
[1.390s] gmake[2]: Leaving directory '/home/maclab/Documents/ROS_WORKSPACES/WS_Master_Thesis/build/uc1_robot_controllers_interfaces'
[1.395s] [ 80%] Built target uc1_robot_controllers_interfaces__py
[1.395s] /usr/bin/gmake  -f CMakeFiles/uc1_robot_controllers_interfaces__rosidl_generator_py.dir/build.make CMakeFiles/uc1_robot_controllers_interfaces__rosidl_generator_py.dir/depend
[1.396s] gmake[2]: Entering directory '/home/maclab/Documents/ROS_WORKSPACES/WS_Master_Thesis/build/uc1_robot_controllers_interfaces'
[1.396s] cd /home/maclab/Documents/ROS_WORKSPACES/WS_Master_Thesis/build/uc1_robot_controllers_interfaces && /usr/bin/cmake -E cmake_depends "Unix Makefiles" /home/maclab/Documents/ROS_WORKSPACES/WS_Master_Thesis/src/uc1_robot_controllers_interfaces /home/maclab/Documents/ROS_WORKSPACES/WS_Master_Thesis/src/uc1_robot_controllers_interfaces /home/maclab/Documents/ROS_WORKSPACES/WS_Master_Thesis/build/uc1_robot_controllers_interfaces /home/maclab/Documents/ROS_WORKSPACES/WS_Master_Thesis/build/uc1_robot_controllers_interfaces /home/maclab/Documents/ROS_WORKSPACES/WS_Master_Thesis/build/uc1_robot_controllers_interfaces/CMakeFiles/uc1_robot_controllers_interfaces__rosidl_generator_py.dir/DependInfo.cmake --color=
[1.401s] Dependencies file "CMakeFiles/uc1_robot_controllers_interfaces__rosidl_generator_py.dir/rosidl_generator_py/uc1_robot_controllers_interfaces/action/_move_robot_s.c.o.d" is newer than depends file "/home/maclab/Documents/ROS_WORKSPACES/WS_Master_Thesis/build/uc1_robot_controllers_interfaces/CMakeFiles/uc1_robot_controllers_interfaces__rosidl_generator_py.dir/compiler_depend.internal".
[1.401s] Dependencies file "CMakeFiles/uc1_robot_controllers_interfaces__rosidl_generator_py.dir/rosidl_generator_py/uc1_robot_controllers_interfaces/action/_move_robot_tp_s.c.o.d" is newer than depends file "/home/maclab/Documents/ROS_WORKSPACES/WS_Master_Thesis/build/uc1_robot_controllers_interfaces/CMakeFiles/uc1_robot_controllers_interfaces__rosidl_generator_py.dir/compiler_depend.internal".
[1.401s] Dependencies file "CMakeFiles/uc1_robot_controllers_interfaces__rosidl_generator_py.dir/rosidl_generator_py/uc1_robot_controllers_interfaces/msg/_move_robot_goal_s.c.o.d" is newer than depends file "/home/maclab/Documents/ROS_WORKSPACES/WS_Master_Thesis/build/uc1_robot_controllers_interfaces/CMakeFiles/uc1_robot_controllers_interfaces__rosidl_generator_py.dir/compiler_depend.internal".
[1.401s] Dependencies file "CMakeFiles/uc1_robot_controllers_interfaces__rosidl_generator_py.dir/rosidl_generator_py/uc1_robot_controllers_interfaces/msg/_move_robot_orient_s.c.o.d" is newer than depends file "/home/maclab/Documents/ROS_WORKSPACES/WS_Master_Thesis/build/uc1_robot_controllers_interfaces/CMakeFiles/uc1_robot_controllers_interfaces__rosidl_generator_py.dir/compiler_depend.internal".
[1.402s] Dependencies file "CMakeFiles/uc1_robot_controllers_interfaces__rosidl_generator_py.dir/rosidl_generator_py/uc1_robot_controllers_interfaces/msg/_move_robot_point_s.c.o.d" is newer than depends file "/home/maclab/Documents/ROS_WORKSPACES/WS_Master_Thesis/build/uc1_robot_controllers_interfaces/CMakeFiles/uc1_robot_controllers_interfaces__rosidl_generator_py.dir/compiler_depend.internal".
[1.402s] [35m[1mConsolidate compiler generated dependencies of target uc1_robot_controllers_interfaces__rosidl_generator_py[0m
[1.404s] gmake[2]: Leaving directory '/home/maclab/Documents/ROS_WORKSPACES/WS_Master_Thesis/build/uc1_robot_controllers_interfaces'
[1.404s] /usr/bin/gmake  -f CMakeFiles/uc1_robot_controllers_interfaces__rosidl_generator_py.dir/build.make CMakeFiles/uc1_robot_controllers_interfaces__rosidl_generator_py.dir/build
[1.406s] gmake[2]: Entering directory '/home/maclab/Documents/ROS_WORKSPACES/WS_Master_Thesis/build/uc1_robot_controllers_interfaces'
[1.409s] [ 81%] [32mBuilding C object CMakeFiles/uc1_robot_controllers_interfaces__rosidl_generator_py.dir/rosidl_generator_py/uc1_robot_controllers_interfaces/action/_move_robot_s.c.o[0m
[1.410s] [ 83%] [32mBuilding C object CMakeFiles/uc1_robot_controllers_interfaces__rosidl_generator_py.dir/rosidl_generator_py/uc1_robot_controllers_interfaces/action/_move_robot_tp_s.c.o[0m
[1.410s] [ 86%] [32mBuilding C object CMakeFiles/uc1_robot_controllers_interfaces__rosidl_generator_py.dir/rosidl_generator_py/uc1_robot_controllers_interfaces/msg/_move_robot_point_s.c.o[0m
[1.410s] [ 86%] [32mBuilding C object CMakeFiles/uc1_robot_controllers_interfaces__rosidl_generator_py.dir/rosidl_generator_py/uc1_robot_controllers_interfaces/msg/_move_robot_orient_s.c.o[0m
[1.410s] /usr/bin/cc -DRCUTILS_ENABLE_FAULT_INJECTION -DROS_PACKAGE_NAME=\"uc1_robot_controllers_interfaces\" -Duc1_robot_controllers_interfaces__rosidl_generator_py_EXPORTS -I/home/maclab/Documents/ROS_WORKSPACES/WS_Master_Thesis/build/uc1_robot_controllers_interfaces/rosidl_generator_c -I/home/maclab/Documents/ROS_WORKSPACES/WS_Master_Thesis/build/uc1_robot_controllers_interfaces/rosidl_generator_py -I/usr/include/python3.10 -I/home/maclab/Documents/ROS_WORKSPACES/WS_Master_Thesis/src/uc1_robot_controllers_interfaces/include/uc1_robot_controllers_interfaces -isystem /opt/ros/humble/include/geometry_msgs -isystem /opt/ros/humble/include/std_msgs -isystem /opt/ros/humble/include/builtin_interfaces -isystem /opt/ros/humble/include/rosidl_runtime_c -isystem /opt/ros/humble/include/rcutils -isystem /opt/ros/humble/include/rosidl_typesupport_interface -isystem /opt/ros/humble/include/action_msgs -isystem /opt/ros/humble/include/unique_identifier_msgs -fPIC -Wall -Wextra -MD -MT CMakeFiles/uc1_robot_controllers_interfaces__rosidl_generator_py.dir/rosidl_generator_py/uc1_robot_controllers_interfaces/action/_move_robot_s.c.o -MF CMakeFiles/uc1_robot_controllers_interfaces__rosidl_generator_py.dir/rosidl_generator_py/uc1_robot_controllers_interfaces/action/_move_robot_s.c.o.d -o CMakeFiles/uc1_robot_controllers_interfaces__rosidl_generator_py.dir/rosidl_generator_py/uc1_robot_controllers_interfaces/action/_move_robot_s.c.o -c /home/maclab/Documents/ROS_WORKSPACES/WS_Master_Thesis/build/uc1_robot_controllers_interfaces/rosidl_generator_py/uc1_robot_controllers_interfaces/action/_move_robot_s.c
[1.410s] [ 87%] [32mBuilding C object CMakeFiles/uc1_robot_controllers_interfaces__rosidl_generator_py.dir/rosidl_generator_py/uc1_robot_controllers_interfaces/msg/_move_robot_goal_s.c.o[0m
[1.410s] /usr/bin/cc -DRCUTILS_ENABLE_FAULT_INJECTION -DROS_PACKAGE_NAME=\"uc1_robot_controllers_interfaces\" -Duc1_robot_controllers_interfaces__rosidl_generator_py_EXPORTS -I/home/maclab/Documents/ROS_WORKSPACES/WS_Master_Thesis/build/uc1_robot_controllers_interfaces/rosidl_generator_c -I/home/maclab/Documents/ROS_WORKSPACES/WS_Master_Thesis/build/uc1_robot_controllers_interfaces/rosidl_generator_py -I/usr/include/python3.10 -I/home/maclab/Documents/ROS_WORKSPACES/WS_Master_Thesis/src/uc1_robot_controllers_interfaces/include/uc1_robot_controllers_interfaces -isystem /opt/ros/humble/include/geometry_msgs -isystem /opt/ros/humble/include/std_msgs -isystem /opt/ros/humble/include/builtin_interfaces -isystem /opt/ros/humble/include/rosidl_runtime_c -isystem /opt/ros/humble/include/rcutils -isystem /opt/ros/humble/include/rosidl_typesupport_interface -isystem /opt/ros/humble/include/action_msgs -isystem /opt/ros/humble/include/unique_identifier_msgs -fPIC -Wall -Wextra -MD -MT CMakeFiles/uc1_robot_controllers_interfaces__rosidl_generator_py.dir/rosidl_generator_py/uc1_robot_controllers_interfaces/action/_move_robot_tp_s.c.o -MF CMakeFiles/uc1_robot_controllers_interfaces__rosidl_generator_py.dir/rosidl_generator_py/uc1_robot_controllers_interfaces/action/_move_robot_tp_s.c.o.d -o CMakeFiles/uc1_robot_controllers_interfaces__rosidl_generator_py.dir/rosidl_generator_py/uc1_robot_controllers_interfaces/action/_move_robot_tp_s.c.o -c /home/maclab/Documents/ROS_WORKSPACES/WS_Master_Thesis/build/uc1_robot_controllers_interfaces/rosidl_generator_py/uc1_robot_controllers_interfaces/action/_move_robot_tp_s.c
[1.410s] /usr/bin/cc -DRCUTILS_ENABLE_FAULT_INJECTION -DROS_PACKAGE_NAME=\"uc1_robot_controllers_interfaces\" -Duc1_robot_controllers_interfaces__rosidl_generator_py_EXPORTS -I/home/maclab/Documents/ROS_WORKSPACES/WS_Master_Thesis/build/uc1_robot_controllers_interfaces/rosidl_generator_c -I/home/maclab/Documents/ROS_WORKSPACES/WS_Master_Thesis/build/uc1_robot_controllers_interfaces/rosidl_generator_py -I/usr/include/python3.10 -I/home/maclab/Documents/ROS_WORKSPACES/WS_Master_Thesis/src/uc1_robot_controllers_interfaces/include/uc1_robot_controllers_interfaces -isystem /opt/ros/humble/include/geometry_msgs -isystem /opt/ros/humble/include/std_msgs -isystem /opt/ros/humble/include/builtin_interfaces -isystem /opt/ros/humble/include/rosidl_runtime_c -isystem /opt/ros/humble/include/rcutils -isystem /opt/ros/humble/include/rosidl_typesupport_interface -isystem /opt/ros/humble/include/action_msgs -isystem /opt/ros/humble/include/unique_identifier_msgs -fPIC -Wall -Wextra -MD -MT CMakeFiles/uc1_robot_controllers_interfaces__rosidl_generator_py.dir/rosidl_generator_py/uc1_robot_controllers_interfaces/msg/_move_robot_point_s.c.o -MF CMakeFiles/uc1_robot_controllers_interfaces__rosidl_generator_py.dir/rosidl_generator_py/uc1_robot_controllers_interfaces/msg/_move_robot_point_s.c.o.d -o CMakeFiles/uc1_robot_controllers_interfaces__rosidl_generator_py.dir/rosidl_generator_py/uc1_robot_controllers_interfaces/msg/_move_robot_point_s.c.o -c /home/maclab/Documents/ROS_WORKSPACES/WS_Master_Thesis/build/uc1_robot_controllers_interfaces/rosidl_generator_py/uc1_robot_controllers_interfaces/msg/_move_robot_point_s.c
[1.410s] /usr/bin/cc -DRCUTILS_ENABLE_FAULT_INJECTION -DROS_PACKAGE_NAME=\"uc1_robot_controllers_interfaces\" -Duc1_robot_controllers_interfaces__rosidl_generator_py_EXPORTS -I/home/maclab/Documents/ROS_WORKSPACES/WS_Master_Thesis/build/uc1_robot_controllers_interfaces/rosidl_generator_c -I/home/maclab/Documents/ROS_WORKSPACES/WS_Master_Thesis/build/uc1_robot_controllers_interfaces/rosidl_generator_py -I/usr/include/python3.10 -I/home/maclab/Documents/ROS_WORKSPACES/WS_Master_Thesis/src/uc1_robot_controllers_interfaces/include/uc1_robot_controllers_interfaces -isystem /opt/ros/humble/include/geometry_msgs -isystem /opt/ros/humble/include/std_msgs -isystem /opt/ros/humble/include/builtin_interfaces -isystem /opt/ros/humble/include/rosidl_runtime_c -isystem /opt/ros/humble/include/rcutils -isystem /opt/ros/humble/include/rosidl_typesupport_interface -isystem /opt/ros/humble/include/action_msgs -isystem /opt/ros/humble/include/unique_identifier_msgs -fPIC -Wall -Wextra -MD -MT CMakeFiles/uc1_robot_controllers_interfaces__rosidl_generator_py.dir/rosidl_generator_py/uc1_robot_controllers_interfaces/msg/_move_robot_orient_s.c.o -MF CMakeFiles/uc1_robot_controllers_interfaces__rosidl_generator_py.dir/rosidl_generator_py/uc1_robot_controllers_interfaces/msg/_move_robot_orient_s.c.o.d -o CMakeFiles/uc1_robot_controllers_interfaces__rosidl_generator_py.dir/rosidl_generator_py/uc1_robot_controllers_interfaces/msg/_move_robot_orient_s.c.o -c /home/maclab/Documents/ROS_WORKSPACES/WS_Master_Thesis/build/uc1_robot_controllers_interfaces/rosidl_generator_py/uc1_robot_controllers_interfaces/msg/_move_robot_orient_s.c
[1.410s] /usr/bin/cc -DRCUTILS_ENABLE_FAULT_INJECTION -DROS_PACKAGE_NAME=\"uc1_robot_controllers_interfaces\" -Duc1_robot_controllers_interfaces__rosidl_generator_py_EXPORTS -I/home/maclab/Documents/ROS_WORKSPACES/WS_Master_Thesis/build/uc1_robot_controllers_interfaces/rosidl_generator_c -I/home/maclab/Documents/ROS_WORKSPACES/WS_Master_Thesis/build/uc1_robot_controllers_interfaces/rosidl_generator_py -I/usr/include/python3.10 -I/home/maclab/Documents/ROS_WORKSPACES/WS_Master_Thesis/src/uc1_robot_controllers_interfaces/include/uc1_robot_controllers_interfaces -isystem /opt/ros/humble/include/geometry_msgs -isystem /opt/ros/humble/include/std_msgs -isystem /opt/ros/humble/include/builtin_interfaces -isystem /opt/ros/humble/include/rosidl_runtime_c -isystem /opt/ros/humble/include/rcutils -isystem /opt/ros/humble/include/rosidl_typesupport_interface -isystem /opt/ros/humble/include/action_msgs -isystem /opt/ros/humble/include/unique_identifier_msgs -fPIC -Wall -Wextra -MD -MT CMakeFiles/uc1_robot_controllers_interfaces__rosidl_generator_py.dir/rosidl_generator_py/uc1_robot_controllers_interfaces/msg/_move_robot_goal_s.c.o -MF CMakeFiles/uc1_robot_controllers_interfaces__rosidl_generator_py.dir/rosidl_generator_py/uc1_robot_controllers_interfaces/msg/_move_robot_goal_s.c.o.d -o CMakeFiles/uc1_robot_controllers_interfaces__rosidl_generator_py.dir/rosidl_generator_py/uc1_robot_controllers_interfaces/msg/_move_robot_goal_s.c.o -c /home/maclab/Documents/ROS_WORKSPACES/WS_Master_Thesis/build/uc1_robot_controllers_interfaces/rosidl_generator_py/uc1_robot_controllers_interfaces/msg/_move_robot_goal_s.c
[1.492s] [ 89%] [32m[1mLinking C shared library rosidl_generator_py/uc1_robot_controllers_interfaces/libuc1_robot_controllers_interfaces__rosidl_generator_py.so[0m
[1.492s] /usr/bin/cmake -E cmake_link_script CMakeFiles/uc1_robot_controllers_interfaces__rosidl_generator_py.dir/link.txt --verbose=1
[1.496s] /usr/bin/cc -fPIC -shared -Wl,-soname,libuc1_robot_controllers_interfaces__rosidl_generator_py.so -o rosidl_generator_py/uc1_robot_controllers_interfaces/libuc1_robot_controllers_interfaces__rosidl_generator_py.so CMakeFiles/uc1_robot_controllers_interfaces__rosidl_generator_py.dir/rosidl_generator_py/uc1_robot_controllers_interfaces/action/_move_robot_s.c.o CMakeFiles/uc1_robot_controllers_interfaces__rosidl_generator_py.dir/rosidl_generator_py/uc1_robot_controllers_interfaces/action/_move_robot_tp_s.c.o CMakeFiles/uc1_robot_controllers_interfaces__rosidl_generator_py.dir/rosidl_generator_py/uc1_robot_controllers_interfaces/msg/_move_robot_point_s.c.o CMakeFiles/uc1_robot_controllers_interfaces__rosidl_generator_py.dir/rosidl_generator_py/uc1_robot_controllers_interfaces/msg/_move_robot_orient_s.c.o CMakeFiles/uc1_robot_controllers_interfaces__rosidl_generator_py.dir/rosidl_generator_py/uc1_robot_controllers_interfaces/msg/_move_robot_goal_s.c.o  -Wl,-rpath,/home/maclab/Documents/ROS_WORKSPACES/WS_Master_Thesis/build/uc1_robot_controllers_interfaces:/opt/ros/humble/lib: /usr/lib/x86_64-linux-gnu/libpython3.10.so libuc1_robot_controllers_interfaces__rosidl_typesupport_c.so /opt/ros/humble/lib/libgeometry_msgs__rosidl_generator_py.so /opt/ros/humble/lib/libstd_msgs__rosidl_generator_py.so /opt/ros/humble/lib/libaction_msgs__rosidl_generator_py.so /opt/ros/humble/lib/libunique_identifier_msgs__rosidl_generator_py.so libuc1_robot_controllers_interfaces__rosidl_generator_c.so /opt/ros/humble/lib/libgeometry_msgs__rosidl_typesupport_c.so /opt/ros/humble/lib/libgeometry_msgs__rosidl_generator_c.so /opt/ros/humble/lib/libstd_msgs__rosidl_typesupport_c.so /opt/ros/humble/lib/libstd_msgs__rosidl_generator_c.so /opt/ros/humble/lib/libbuiltin_interfaces__rosidl_generator_py.so /usr/lib/x86_64-linux-gnu/libpython3.10.so /opt/ros/humble/lib/libaction_msgs__rosidl_typesupport_c.so /opt/ros/humble/lib/libaction_msgs__rosidl_generator_c.so /opt/ros/humble/lib/libbuiltin_interfaces__rosidl_typesupport_c.so /opt/ros/humble/lib/libbuiltin_interfaces__rosidl_generator_c.so /opt/ros/humble/lib/libunique_identifier_msgs__rosidl_typesupport_c.so /opt/ros/humble/lib/libunique_identifier_msgs__rosidl_generator_c.so /opt/ros/humble/lib/librosidl_runtime_c.so /opt/ros/humble/lib/librcutils.so -ldl -Wl,-rpath-link,/opt/ros/humble/lib 
[1.505s] [01m[K/home/maclab/Documents/ROS_WORKSPACES/WS_Master_Thesis/src/uc1_robot_controllers_interfaces/src/TPComputation.cpp:[m[K In member function ‘[01m[Kvoid TPComputation::computeTP_step(const string&, const MatrixXd&, const MatrixXd&, const VectorXd&)[m[K’:
[1.505s] [01m[K/home/maclab/Documents/ROS_WORKSPACES/WS_Master_Thesis/src/uc1_robot_controllers_interfaces/src/TPComputation.cpp:81:55:[m[K [01;35m[Kwarning: [m[Kunused parameter ‘[01m[Ktask_id[m[K’ [[01;35m[K]8;;https://gcc.gnu.org/onlinedocs/gcc/Warning-Options.html#index-Wunused-parameter-Wunused-parameter]8;;[m[K]
[1.505s]    81 | void TPComputation::computeTP_step([01;35m[Kconst std::string& task_id[m[K, const Eigen::MatrixXd& ActivationFnc, const Eigen::MatrixXd& TaskJac, const Eigen::VectorXd& TaskRef)
[1.505s]       |                                    [01;35m[K~~~~~~~~~~~~~~~~~~~^~~~~~~[m[K
[1.512s] gmake[2]: Leaving directory '/home/maclab/Documents/ROS_WORKSPACES/WS_Master_Thesis/build/uc1_robot_controllers_interfaces'
[1.517s] [ 89%] Built target uc1_robot_controllers_interfaces__rosidl_generator_py
[1.518s] /usr/bin/gmake  -f CMakeFiles/uc1_robot_controllers_interfaces__rosidl_typesupport_fastrtps_c__pyext.dir/build.make CMakeFiles/uc1_robot_controllers_interfaces__rosidl_typesupport_fastrtps_c__pyext.dir/depend
[1.518s] /usr/bin/gmake  -f CMakeFiles/uc1_robot_controllers_interfaces__rosidl_typesupport_introspection_c__pyext.dir/build.make CMakeFiles/uc1_robot_controllers_interfaces__rosidl_typesupport_introspection_c__pyext.dir/depend
[1.518s] /usr/bin/gmake  -f CMakeFiles/uc1_robot_controllers_interfaces__rosidl_typesupport_c__pyext.dir/build.make CMakeFiles/uc1_robot_controllers_interfaces__rosidl_typesupport_c__pyext.dir/depend
[1.519s] gmake[2]: Entering directory '/home/maclab/Documents/ROS_WORKSPACES/WS_Master_Thesis/build/uc1_robot_controllers_interfaces'
[1.519s] cd /home/maclab/Documents/ROS_WORKSPACES/WS_Master_Thesis/build/uc1_robot_controllers_interfaces && /usr/bin/cmake -E cmake_depends "Unix Makefiles" /home/maclab/Documents/ROS_WORKSPACES/WS_Master_Thesis/src/uc1_robot_controllers_interfaces /home/maclab/Documents/ROS_WORKSPACES/WS_Master_Thesis/src/uc1_robot_controllers_interfaces /home/maclab/Documents/ROS_WORKSPACES/WS_Master_Thesis/build/uc1_robot_controllers_interfaces /home/maclab/Documents/ROS_WORKSPACES/WS_Master_Thesis/build/uc1_robot_controllers_interfaces /home/maclab/Documents/ROS_WORKSPACES/WS_Master_Thesis/build/uc1_robot_controllers_interfaces/CMakeFiles/uc1_robot_controllers_interfaces__rosidl_typesupport_fastrtps_c__pyext.dir/DependInfo.cmake --color=
[1.519s] gmake[2]: Entering directory '/home/maclab/Documents/ROS_WORKSPACES/WS_Master_Thesis/build/uc1_robot_controllers_interfaces'
[1.519s] cd /home/maclab/Documents/ROS_WORKSPACES/WS_Master_Thesis/build/uc1_robot_controllers_interfaces && /usr/bin/cmake -E cmake_depends "Unix Makefiles" /home/maclab/Documents/ROS_WORKSPACES/WS_Master_Thesis/src/uc1_robot_controllers_interfaces /home/maclab/Documents/ROS_WORKSPACES/WS_Master_Thesis/src/uc1_robot_controllers_interfaces /home/maclab/Documents/ROS_WORKSPACES/WS_Master_Thesis/build/uc1_robot_controllers_interfaces /home/maclab/Documents/ROS_WORKSPACES/WS_Master_Thesis/build/uc1_robot_controllers_interfaces /home/maclab/Documents/ROS_WORKSPACES/WS_Master_Thesis/build/uc1_robot_controllers_interfaces/CMakeFiles/uc1_robot_controllers_interfaces__rosidl_typesupport_introspection_c__pyext.dir/DependInfo.cmake --color=
[1.519s] gmake[2]: Entering directory '/home/maclab/Documents/ROS_WORKSPACES/WS_Master_Thesis/build/uc1_robot_controllers_interfaces'
[1.519s] cd /home/maclab/Documents/ROS_WORKSPACES/WS_Master_Thesis/build/uc1_robot_controllers_interfaces && /usr/bin/cmake -E cmake_depends "Unix Makefiles" /home/maclab/Documents/ROS_WORKSPACES/WS_Master_Thesis/src/uc1_robot_controllers_interfaces /home/maclab/Documents/ROS_WORKSPACES/WS_Master_Thesis/src/uc1_robot_controllers_interfaces /home/maclab/Documents/ROS_WORKSPACES/WS_Master_Thesis/build/uc1_robot_controllers_interfaces /home/maclab/Documents/ROS_WORKSPACES/WS_Master_Thesis/build/uc1_robot_controllers_interfaces /home/maclab/Documents/ROS_WORKSPACES/WS_Master_Thesis/build/uc1_robot_controllers_interfaces/CMakeFiles/uc1_robot_controllers_interfaces__rosidl_typesupport_c__pyext.dir/DependInfo.cmake --color=
[1.523s] Dependencies file "CMakeFiles/uc1_robot_controllers_interfaces__rosidl_typesupport_fastrtps_c__pyext.dir/rosidl_generator_py/uc1_robot_controllers_interfaces/_uc1_robot_controllers_interfaces_s.ep.rosidl_typesupport_fastrtps_c.c.o.d" is newer than depends file "/home/maclab/Documents/ROS_WORKSPACES/WS_Master_Thesis/build/uc1_robot_controllers_interfaces/CMakeFiles/uc1_robot_controllers_interfaces__rosidl_typesupport_fastrtps_c__pyext.dir/compiler_depend.internal".
[1.524s] Dependencies file "CMakeFiles/uc1_robot_controllers_interfaces__rosidl_typesupport_c__pyext.dir/rosidl_generator_py/uc1_robot_controllers_interfaces/_uc1_robot_controllers_interfaces_s.ep.rosidl_typesupport_c.c.o.d" is newer than depends file "/home/maclab/Documents/ROS_WORKSPACES/WS_Master_Thesis/build/uc1_robot_controllers_interfaces/CMakeFiles/uc1_robot_controllers_interfaces__rosidl_typesupport_c__pyext.dir/compiler_depend.internal".
[1.524s] Dependencies file "CMakeFiles/uc1_robot_controllers_interfaces__rosidl_typesupport_introspection_c__pyext.dir/rosidl_generator_py/uc1_robot_controllers_interfaces/_uc1_robot_controllers_interfaces_s.ep.rosidl_typesupport_introspection_c.c.o.d" is newer than depends file "/home/maclab/Documents/ROS_WORKSPACES/WS_Master_Thesis/build/uc1_robot_controllers_interfaces/CMakeFiles/uc1_robot_controllers_interfaces__rosidl_typesupport_introspection_c__pyext.dir/compiler_depend.internal".
[1.524s] [35m[1mConsolidate compiler generated dependencies of target uc1_robot_controllers_interfaces__rosidl_typesupport_fastrtps_c__pyext[0m
[1.524s] [35m[1mConsolidate compiler generated dependencies of target uc1_robot_controllers_interfaces__rosidl_typesupport_c__pyext[0m
[1.524s] [35m[1mConsolidate compiler generated dependencies of target uc1_robot_controllers_interfaces__rosidl_typesupport_introspection_c__pyext[0m
[1.525s] gmake[2]: Leaving directory '/home/maclab/Documents/ROS_WORKSPACES/WS_Master_Thesis/build/uc1_robot_controllers_interfaces'
[1.525s] gmake[2]: Leaving directory '/home/maclab/Documents/ROS_WORKSPACES/WS_Master_Thesis/build/uc1_robot_controllers_interfaces'
[1.525s] gmake[2]: Leaving directory '/home/maclab/Documents/ROS_WORKSPACES/WS_Master_Thesis/build/uc1_robot_controllers_interfaces'
[1.525s] /usr/bin/gmake  -f CMakeFiles/uc1_robot_controllers_interfaces__rosidl_typesupport_fastrtps_c__pyext.dir/build.make CMakeFiles/uc1_robot_controllers_interfaces__rosidl_typesupport_fastrtps_c__pyext.dir/build
[1.525s] /usr/bin/gmake  -f CMakeFiles/uc1_robot_controllers_interfaces__rosidl_typesupport_introspection_c__pyext.dir/build.make CMakeFiles/uc1_robot_controllers_interfaces__rosidl_typesupport_introspection_c__pyext.dir/build
[1.525s] /usr/bin/gmake  -f CMakeFiles/uc1_robot_controllers_interfaces__rosidl_typesupport_c__pyext.dir/build.make CMakeFiles/uc1_robot_controllers_interfaces__rosidl_typesupport_c__pyext.dir/build
[1.526s] gmake[2]: Entering directory '/home/maclab/Documents/ROS_WORKSPACES/WS_Master_Thesis/build/uc1_robot_controllers_interfaces'
[1.526s] gmake[2]: Entering directory '/home/maclab/Documents/ROS_WORKSPACES/WS_Master_Thesis/build/uc1_robot_controllers_interfaces'
[1.527s] gmake[2]: Entering directory '/home/maclab/Documents/ROS_WORKSPACES/WS_Master_Thesis/build/uc1_robot_controllers_interfaces'
[1.531s] [ 90%] [32mBuilding C object CMakeFiles/uc1_robot_controllers_interfaces__rosidl_typesupport_introspection_c__pyext.dir/rosidl_generator_py/uc1_robot_controllers_interfaces/_uc1_robot_controllers_interfaces_s.ep.rosidl_typesupport_introspection_c.c.o[0m
[1.531s] /usr/bin/cc -DRCUTILS_ENABLE_FAULT_INJECTION -DROS_PACKAGE_NAME=\"uc1_robot_controllers_interfaces\" -Duc1_robot_controllers_interfaces__rosidl_typesupport_introspection_c__pyext_EXPORTS -I/home/maclab/Documents/ROS_WORKSPACES/WS_Master_Thesis/build/uc1_robot_controllers_interfaces/rosidl_generator_c -I/home/maclab/Documents/ROS_WORKSPACES/WS_Master_Thesis/build/uc1_robot_controllers_interfaces/rosidl_generator_py -I/usr/include/python3.10 -I/home/maclab/Documents/ROS_WORKSPACES/WS_Master_Thesis/src/uc1_robot_controllers_interfaces/include/uc1_robot_controllers_interfaces -I/home/maclab/Documents/ROS_WORKSPACES/WS_Master_Thesis/build/uc1_robot_controllers_interfaces/rosidl_typesupport_introspection_c -isystem /opt/ros/humble/include/rosidl_runtime_c -isystem /opt/ros/humble/include/rosidl_typesupport_c -isystem /opt/ros/humble/include/rosidl_typesupport_interface -isystem /opt/ros/humble/include/geometry_msgs -isystem /opt/ros/humble/include/std_msgs -isystem /opt/ros/humble/include/builtin_interfaces -isystem /opt/ros/humble/include/action_msgs -isystem /opt/ros/humble/include/unique_identifier_msgs -isystem /opt/ros/humble/include/rmw -isystem /opt/ros/humble/include/rcutils -isystem /opt/ros/humble/include/rosidl_typesupport_introspection_c -isystem /opt/ros/humble/include/fastcdr -isystem /opt/ros/humble/include/rosidl_runtime_cpp -isystem /opt/ros/humble/include/rosidl_typesupport_fastrtps_cpp -isystem /opt/ros/humble/include/rosidl_typesupport_fastrtps_c -isystem /opt/ros/humble/include/rosidl_typesupport_introspection_cpp -fPIC -Wall -Wextra -MD -MT CMakeFiles/uc1_robot_controllers_interfaces__rosidl_typesupport_introspection_c__pyext.dir/rosidl_generator_py/uc1_robot_controllers_interfaces/_uc1_robot_controllers_interfaces_s.ep.rosidl_typesupport_introspection_c.c.o -MF CMakeFiles/uc1_robot_controllers_interfaces__rosidl_typesupport_introspection_c__pyext.dir/rosidl_generator_py/uc1_robot_controllers_interfaces/_uc1_robot_controllers_interfaces_s.ep.rosidl_typesupport_introspection_c.c.o.d -o CMakeFiles/u[ 93%] [32mBuilding C object CMakeFiles/uc1_robot_controllers_interfaces__rosidl_typesupport_c__pyext.dir/rosidl_generator_py/uc1_robot_controllers_interfaces/_uc1_robot_controllers_interfaces_s.ep.rosidl_typesupport_c.c.o[0m
[1.531s] c1_robot_controllers_interfaces__rosidl_typesupport_introspection_c__pyext.dir/rosidl_generator_py/uc1_robot_controllers_interfaces/_uc1_robot_controllers_interfaces_s.ep.rosidl_typesupport_introspection_c.c.o -c /home/maclab/Documents/ROS_WORKSPACES/WS_Master_Thesis/build/uc1_robot_controllers_interfaces/rosidl_generator_py/uc1_robot_controllers_interfaces/_uc1_robot_controllers_interfaces_s.ep.rosidl_typesupport_introspection_c.c
[1.531s] [ 93%] [32mBuilding C object CMakeFiles/uc1_robot_controllers_interfaces__rosidl_typesupport_fastrtps_c__pyext.dir/rosidl_generator_py/uc1_robot_controllers_interfaces/_uc1_robot_controllers_interfaces_s.ep.rosidl_typesupport_fastrtps_c.c.o[0m
[1.532s] /usr/bin/cc -DRCUTILS_ENABLE_FAULT_INJECTION -DROS_PACKAGE_NAME=\"uc1_robot_controllers_interfaces\" -Duc1_robot_controllers_interfaces__rosidl_typesupport_c__pyext_EXPORTS -I/home/maclab/Documents/ROS_WORKSPACES/WS_Master_Thesis/build/uc1_robot_controllers_interfaces/rosidl_generator_c -I/home/maclab/Documents/ROS_WORKSPACES/WS_Master_Thesis/build/uc1_robot_controllers_interfaces/rosidl_generator_py -I/usr/include/python3.10 -I/home/maclab/Documents/ROS_WORKSPACES/WS_Master_Thesis/src/uc1_robot_controllers_interfaces/include/uc1_robot_controllers_interfaces -isystem /opt/ros/humble/include/rosidl_runtime_c -isystem /opt/ros/humble/include/rosidl_typesupport_c -isystem /opt/ros/humble/include/rosidl_typesupport_interface -isystem /opt/ros/humble/include/geometry_msgs -isystem /opt/ros/humble/include/std_msgs -isystem /opt/ros/humble/include/builtin_interfaces -isystem /opt/ros/humble/include/action_msgs -isystem /opt/ros/humble/include/unique_identifier_msgs -isystem /opt/ros/humble/include/rmw -isystem /opt/ros/humble/include/rcutils -isystem /opt/ros/humble/include/fastcdr -isystem /opt/ros/humble/include/rosidl_runtime_cpp -isystem /opt/ros/humble/include/rosidl_typesupport_fastrtps_cpp -isystem /opt/ros/humble/include/rosidl_typesupport_fastrtps_c -isystem /opt/ros/humble/include/rosidl_typesupport_introspection_c -isystem /opt/ros/humble/include/rosidl_typesupport_introspection_cpp -fPIC -Wall -Wextra -MD -MT CMakeFiles/uc1_robot_controllers_interfaces__rosidl_typesupport_c__pyext.dir/rosidl_generator_py/uc1_robot_controllers_interfaces/_uc1_robot_controllers_interfaces_s.ep.rosidl_typesupport_c.c.o -MF CMakeFiles/uc1_robot_controllers_interfaces__rosidl_typesupport_c__pyext.dir/rosidl_generator_py/uc1_robot_controllers_interfaces/_uc1_robot_controllers_interfaces_s.ep.rosidl_typesupport_c.c.o.d -o CMakeFiles/uc1_robot_controllers_interfaces__rosidl_typesupport_c__pyext.dir/rosidl_generator_py/uc1_robot_controllers_interfaces/_uc1_robot_controllers_interfaces_s.ep.rosidl_typesupport_c.c.o -c /home/maclab/Documents/ROS_WORKSPACES/WS_Master_Thesis/build/uc1_robot_controllers_interfaces/rosidl_generator_py/uc1_robot_controllers_interfaces/_uc1_robot_controllers_interfaces_s.ep.rosidl_typesupport_c.c
[1.532s] /usr/bin/cc -DRCUTILS_ENABLE_FAULT_INJECTION -DROS_PACKAGE_NAME=\"uc1_robot_controllers_interfaces\" -Duc1_robot_controllers_interfaces__rosidl_typesupport_fastrtps_c__pyext_EXPORTS -I/home/maclab/Documents/ROS_WORKSPACES/WS_Master_Thesis/build/uc1_robot_controllers_interfaces/rosidl_generator_c -I/home/maclab/Documents/ROS_WORKSPACES/WS_Master_Thesis/build/uc1_robot_controllers_interfaces/rosidl_generator_py -I/usr/include/python3.10 -I/home/maclab/Documents/ROS_WORKSPACES/WS_Master_Thesis/src/uc1_robot_controllers_interfaces/include/uc1_robot_controllers_interfaces -I/home/maclab/Documents/ROS_WORKSPACES/WS_Master_Thesis/build/uc1_robot_controllers_interfaces/rosidl_typesupport_fastrtps_c -isystem /opt/ros/humble/include/rosidl_runtime_c -isystem /opt/ros/humble/include/rosidl_typesupport_c -isystem /opt/ros/humble/include/rosidl_typesupport_interface -isystem /opt/ros/humble/include/geometry_msgs -isystem /opt/ros/humble/include/std_msgs -isystem /opt/ros/humble/include/builtin_interfaces -isystem /opt/ros/humble/include/action_msgs -isystem /opt/ros/humble/include/unique_identifier_msgs -isystem /opt/ros/humble/include/rmw -isystem /opt/ros/humble/include/rcutils -isystem /opt/ros/humble/include/fastcdr -isystem /opt/ros/humble/include/rosidl_runtime_cpp -isystem /opt/ros/humble/include/rosidl_typesupport_fastrtps_cpp -isystem /opt/ros/humble/include/rosidl_typesupport_fastrtps_c -isystem /opt/ros/humble/include/rosidl_typesupport_introspection_c -isystem /opt/ros/humble/include/rosidl_typesupport_introspection_cpp -fPIC -Wall -Wextra -MD -MT CMakeFiles/uc1_robot_controllers_interfaces__rosidl_typesupport_fastrtps_c__pyext.dir/rosidl_generator_py/uc1_robot_controllers_interfaces/_uc1_robot_controllers_interfaces_s.ep.rosidl_typesupport_fastrtps_c.c.o -MF CMakeFiles/uc1_robot_controllers_interfaces__rosidl_typesupport_fastrtps_c__pyext.dir/rosidl_generator_py/uc1_robot_controllers_interfaces/_uc1_robot_controllers_interfaces_s.ep.rosidl_typesupport_fastrtps_c.c.o.d -o CMakeFiles/uc1_robot_controllers_interfaces__rosidl_typesupport_fastrtps_c__pyext.dir/rosidl_generator_py/uc1_robot_controllers_interfaces/_uc1_robot_controllers_interfaces_s.ep.rosidl_typesupport_fastrtps_c.c.o -c /home/maclab/Documents/ROS_WORKSPACES/WS_Master_Thesis/build/uc1_robot_controllers_interfaces/rosidl_generator_py/uc1_robot_controllers_interfaces/_uc1_robot_controllers_interfaces_s.ep.rosidl_typesupport_fastrtps_c.c
[1.608s] [ 95%] [32m[1mLinking C shared library rosidl_generator_py/uc1_robot_controllers_interfaces/uc1_robot_controllers_interfaces_s__rosidl_typesupport_c.cpython-310-x86_64-linux-gnu.so[0m
[1.608s] /usr/bin/cmake -E cmake_link_script CMakeFiles/uc1_robot_controllers_interfaces__rosidl_typesupport_c__pyext.dir/link.txt --verbose=1
[1.608s] [ 96%] [32m[1mLinking C shared library rosidl_generator_py/uc1_robot_controllers_interfaces/uc1_robot_controllers_interfaces_s__rosidl_typesupport_fastrtps_c.cpython-310-x86_64-linux-gnu.so[0m
[1.609s] /usr/bin/cmake -E cmake_link_script CMakeFiles/uc1_robot_controllers_interfaces__rosidl_typesupport_fastrtps_c__pyext.dir/link.txt --verbose=1
[1.610s] [ 98%] [32m[1mLinking C shared library rosidl_generator_py/uc1_robot_controllers_interfaces/uc1_robot_controllers_interfaces_s__rosidl_typesupport_introspection_c.cpython-310-x86_64-linux-gnu.so[0m
[1.610s] /usr/bin/cmake -E cmake_link_script CMakeFiles/uc1_robot_controllers_interfaces__rosidl_typesupport_introspection_c__pyext.dir/link.txt --verbose=1
[1.612s] /usr/bin/cc -fPIC -shared -Wl,-soname,uc1_robot_controllers_interfaces_s__rosidl_typesupport_c.cpython-310-x86_64-linux-gnu.so -o rosidl_generator_py/uc1_robot_controllers_interfaces/uc1_robot_controllers_interfaces_s__rosidl_typesupport_c.cpython-310-x86_64-linux-gnu.so CMakeFiles/uc1_robot_controllers_interfaces__rosidl_typesupport_c__pyext.dir/rosidl_generator_py/uc1_robot_controllers_interfaces/_uc1_robot_controllers_interfaces_s.ep.rosidl_typesupport_c.c.o  -Wl,-rpath,/home/maclab/Documents/ROS_WORKSPACES/WS_Master_Thesis/build/uc1_robot_controllers_interfaces/rosidl_generator_py/uc1_robot_controllers_interfaces:/home/maclab/Documents/ROS_WORKSPACES/WS_Master_Thesis/build/uc1_robot_controllers_interfaces:/opt/ros/humble/lib: rosidl_generator_py/uc1_robot_controllers_interfaces/libuc1_robot_controllers_interfaces__rosidl_generator_py.so /usr/lib/x86_64-linux-gnu/libpython3.10.so libuc1_robot_controllers_interfaces__rosidl_typesupport_c.so /opt/ros/humble/lib/libgeometry_msgs__rosidl_typesupport_fastrtps_c.so /opt/ros/humble/lib/libgeometry_msgs__rosidl_typesupport_introspection_c.so /opt/ros/humble/lib/libgeometry_msgs__rosidl_typesupport_fastrtps_cpp.so /opt/ros/humble/lib/libgeometry_msgs__rosidl_typesupport_introspection_cpp.so /opt/ros/humble/lib/libgeometry_msgs__rosidl_typesupport_cpp.so /opt/ros/humble/lib/libgeometry_msgs__rosidl_generator_py.so /opt/ros/humble/lib/libstd_msgs__rosidl_typesupport_fastrtps_c.so /opt/ros/humble/lib/libstd_msgs__rosidl_typesupport_fastrtps_cpp.so /opt/ros/humble/lib/libstd_msgs__rosidl_typesupport_introspection_c.so /opt/ros/humble/lib/libstd_msgs__rosidl_typesupport_introspection_cpp.so /opt/ros/humble/lib/libstd_msgs__rosidl_typesupport_cpp.so /opt/ros/humble/lib/libstd_msgs__rosidl_generator_py.so /opt/ros/humble/lib/libaction_msgs__rosidl_typesupport_fastrtps_c.so /opt/ros/humble/lib/libaction_msgs__rosidl_typesupport_fastrtps_cpp.so /opt/ros/humble/lib/libaction_msgs__rosidl_typesupport_introspection_c.so /opt/ros/humble/lib/libaction_msgs__rosidl_typesupport_introspection_cpp.so /opt/ros/humble/lib/libaction_msgs__rosidl_typesupport_cpp.so /opt/ros/humble/lib/libaction_msgs__rosidl_generator_py.so /opt/ros/humble/lib/libunique_identifier_msgs__rosidl_typesupport_fastrtps_c.so /opt/ros/humble/lib/libunique_identifier_msgs__rosidl_typesupport_introspection_c.so /opt/ros/humble/lib/libunique_identifier_msgs__rosidl_typesupport_fastrtps_cpp.so /opt/ros/humble/lib/libunique_identifier_msgs__rosidl_typesupport_introspection_cpp.so /opt/ros/humble/lib/libunique_identifier_msgs__rosidl_typesupport_cpp.so /opt/ros/humble/lib/libunique_identifier_msgs__rosidl_generator_py.so /opt/ros/humble/lib/librmw.so /opt/ros/humble/lib/libgeometry_msgs__rosidl_typesupport_c.so /opt/ros/humble/lib/libstd_msgs__rosidl_typesupport_c.so /opt/ros/humble/lib/libbuiltin_interfaces__rosidl_generator_py.so /opt/ros/humble/lib/libaction_msgs__rosidl_typesupport_c.so /opt/ros/humble/lib/libbuiltin_interfaces__rosidl_typesupport_c.so /usr/lib/x86_64-linux-gnu/libpython3.10.so /opt/ros/humble/lib/libunique_identifier_msgs__rosidl_typesupport_c.so libuc1_robot_controllers_interfaces__rosidl_generator_c.so /opt/ros/humble/lib/libgeometry_msgs__rosidl_generator_c.so /opt/ros/humble/lib/libstd_msgs__rosidl_generator_c.so /opt/ros/humble/lib/libbuiltin_interfaces__rosidl_typesupport_fastrtps_c.so /opt/ros/humble/lib/librosidl_typesupport_fastrtps_c.so /opt/ros/humble/lib/libbuiltin_interfaces__rosidl_typesupport_fastrtps_cpp.so /opt/ros/humble/lib/librosidl_typesupport_fastrtps_cpp.so /opt/ros/humble/lib/libfastcdr.so.1.0.24 /opt/ros/humble/lib/librmw.so /opt/ros/humble/lib/libbuiltin_interfaces__rosidl_typesupport_introspection_c.so /opt/ros/humble/lib/libaction_msgs__rosidl_generator_c.so /opt/ros/humble/lib/libbuiltin_interfaces__rosidl_generator_c.so /opt/ros/humble/lib/libunique_identifier_msgs__rosidl_generator_c.so /opt/ros/humble/lib/libbuiltin_interfaces__rosidl_typesupport_introspection_cpp.so /opt/ros/humble/lib/librosidl_typesupport_introspection_cpp.so /opt/ros/humble/lib/librosidl_typesupport_introspection_c.so /opt/ros/humble/lib/libbuiltin_interfaces__rosidl_typesupport_cpp.so /opt/ros/humble/lib/librosidl_typesupport_c.so /opt/ros/humble/lib/librosidl_runtime_c.so /opt/ros/humble/lib/librcutils.so -ldl -Wl,-rpath-link,/opt/ros/humble/lib 
[1.613s] /usr/bin/cc -fPIC -shared -Wl,-soname,uc1_robot_controllers_interfaces_s__rosidl_typesupport_fastrtps_c.cpython-310-x86_64-linux-gnu.so -o rosidl_generator_py/uc1_robot_controllers_interfaces/uc1_robot_controllers_interfaces_s__rosidl_typesupport_fastrtps_c.cpython-310-x86_64-linux-gnu.so CMakeFiles/uc1_robot_controllers_interfaces__rosidl_typesupport_fastrtps_c__pyext.dir/rosidl_generator_py/uc1_robot_controllers_interfaces/_uc1_robot_controllers_interfaces_s.ep.rosidl_typesupport_fastrtps_c.c.o  -Wl,-rpath,/home/maclab/Documents/ROS_WORKSPACES/WS_Master_Thesis/build/uc1_robot_controllers_interfaces/rosidl_generator_py/uc1_robot_controllers_interfaces:/home/maclab/Documents/ROS_WORKSPACES/WS_Master_Thesis/build/uc1_robot_controllers_interfaces:/opt/ros/humble/lib: rosidl_generator_py/uc1_robot_controllers_interfaces/libuc1_robot_controllers_interfaces__rosidl_generator_py.so /usr/lib/x86_64-linux-gnu/libpython3.10.so libuc1_robot_controllers_interfaces__rosidl_typesupport_fastrtps_c.so libuc1_robot_controllers_interfaces__rosidl_typesupport_c.so /opt/ros/humble/lib/libgeometry_msgs__rosidl_typesupport_fastrtps_c.so /opt/ros/humble/lib/libgeometry_msgs__rosidl_typesupport_introspection_c.so /opt/ros/humble/lib/libgeometry_msgs__rosidl_typesupport_fastrtps_cpp.so /opt/ros/humble/lib/libgeometry_msgs__rosidl_typesupport_introspection_cpp.so /opt/ros/humble/lib/libgeometry_msgs__rosidl_typesupport_cpp.so /opt/ros/humble/lib/libgeometry_msgs__rosidl_generator_py.so /opt/ros/humble/lib/libstd_msgs__rosidl_typesupport_fastrtps_c.so /opt/ros/humble/lib/libstd_msgs__rosidl_typesupport_fastrtps_cpp.so /opt/ros/humble/lib/libstd_msgs__rosidl_typesupport_introspection_c.so /opt/ros/humble/lib/libstd_msgs__rosidl_typesupport_introspection_cpp.so /opt/ros/humble/lib/libstd_msgs__rosidl_typesupport_cpp.so /opt/ros/humble/lib/libstd_msgs__rosidl_generator_py.so /opt/ros/humble/lib/libaction_msgs__rosidl_typesupport_fastrtps_c.so /opt/ros/humble/lib/libaction_msgs__rosidl_typesupport_fastrtps_cpp.so /opt/ros/humble/lib/libaction_msgs__rosidl_typesupport_introspection_c.so /opt/ros/humble/lib/libaction_msgs__rosidl_typesupport_introspection_cpp.so /opt/ros/humble/lib/libaction_msgs__rosidl_typesupport_cpp.so /opt/ros/humble/lib/libaction_msgs__rosidl_generator_py.so /opt/ros/humble/lib/libunique_identifier_msgs__rosidl_typesupport_fastrtps_c.so /opt/ros/humble/lib/libunique_identifier_msgs__rosidl_typesupport_introspection_c.so /opt/ros/humble/lib/libunique_identifier_msgs__rosidl_typesupport_fastrtps_cpp.so /opt/ros/humble/lib/libunique_identifier_msgs__rosidl_typesupport_introspection_cpp.so /opt/ros/humble/lib/libunique_identifier_msgs__rosidl_typesupport_cpp.so /opt/ros/humble/lib/libunique_identifier_msgs__rosidl_generator_py.so /opt/ros/humble/lib/librmw.so /opt/ros/humble/lib/libgeometry_msgs__rosidl_typesupport_c.so /opt/ros/humble/lib/libstd_msgs__rosidl_typesupport_c.so /opt/ros/humble/lib/libbuiltin_interfaces__rosidl_generator_py.so /opt/ros/humble/lib/libaction_msgs__rosidl_typesupport_c.so /opt/ros/humble/lib/libbuiltin_interfaces__rosidl_typesupport_c.so /usr/lib/x86_64-linux-gnu/libpython3.10.so /opt/ros/humble/lib/libunique_identifier_msgs__rosidl_typesupport_c.so /opt/ros/humble/lib/libbuiltin_interfaces__rosidl_typesupport_fastrtps_c.so libuc1_robot_controllers_interfaces__rosidl_generator_c.so /opt/ros/humble/lib/librosidl_typesupport_fastrtps_c.so /opt/ros/humble/lib/libgeometry_msgs__rosidl_generator_c.so /opt/ros/humble/lib/libstd_msgs__rosidl_generator_c.so /opt/ros/humble/lib/libbuiltin_interfaces__rosidl_typesupport_fastrtps_cpp.so /opt/ros/humble/lib/librosidl_typesupport_fastrtps_cpp.so /opt/ros/humble/lib/libfastcdr.so.1.0.24 /opt/ros/humble/lib/librmw.so /opt/ros/humble/lib/libbuiltin_interfaces__rosidl_typesupport_introspection_c.so /opt/ros/humble/lib/libaction_msgs__rosidl_generator_c.so /opt/ros/humble/lib/libbuiltin_interfaces__rosidl_generator_c.so /opt/ros/humble/lib/libunique_identifier_msgs__rosidl_generator_c.so /opt/ros/humble/lib/libbuiltin_interfaces__rosidl_typesupport_introspection_cpp.so /opt/ros/humble/lib/librosidl_typesupport_introspection_cpp.so /opt/ros/humble/lib/librosidl_typesupport_introspection_c.so /opt/ros/humble/lib/libbuiltin_interfaces__rosidl_typesupport_cpp.so /opt/ros/humble/lib/librosidl_typesupport_c.so /opt/ros/humble/lib/librosidl_runtime_c.so /opt/ros/humble/lib/librcutils.so -ldl -Wl,-rpath-link,/opt/ros/humble/lib 
[1.614s] /usr/bin/cc -fPIC -shared -Wl,-soname,uc1_robot_controllers_interfaces_s__rosidl_typesupport_introspection_c.cpython-310-x86_64-linux-gnu.so -o rosidl_generator_py/uc1_robot_controllers_interfaces/uc1_robot_controllers_interfaces_s__rosidl_typesupport_introspection_c.cpython-310-x86_64-linux-gnu.so CMakeFiles/uc1_robot_controllers_interfaces__rosidl_typesupport_introspection_c__pyext.dir/rosidl_generator_py/uc1_robot_controllers_interfaces/_uc1_robot_controllers_interfaces_s.ep.rosidl_typesupport_introspection_c.c.o  -Wl,-rpath,/home/maclab/Documents/ROS_WORKSPACES/WS_Master_Thesis/build/uc1_robot_controllers_interfaces/rosidl_generator_py/uc1_robot_controllers_interfaces:/home/maclab/Documents/ROS_WORKSPACES/WS_Master_Thesis/build/uc1_robot_controllers_interfaces:/opt/ros/humble/lib: rosidl_generator_py/uc1_robot_controllers_interfaces/libuc1_robot_controllers_interfaces__rosidl_generator_py.so /usr/lib/x86_64-linux-gnu/libpython3.10.so libuc1_robot_controllers_interfaces__rosidl_typesupport_introspection_c.so libuc1_robot_controllers_interfaces__rosidl_typesupport_c.so /opt/ros/humble/lib/libgeometry_msgs__rosidl_typesupport_fastrtps_c.so /opt/ros/humble/lib/libgeometry_msgs__rosidl_typesupport_introspection_c.so /opt/ros/humble/lib/libgeometry_msgs__rosidl_typesupport_fastrtps_cpp.so /opt/ros/humble/lib/libgeometry_msgs__rosidl_typesupport_introspection_cpp.so /opt/ros/humble/lib/libgeometry_msgs__rosidl_typesupport_cpp.so /opt/ros/humble/lib/libgeometry_msgs__rosidl_generator_py.so /opt/ros/humble/lib/libstd_msgs__rosidl_typesupport_fastrtps_c.so /opt/ros/humble/lib/libstd_msgs__rosidl_typesupport_fastrtps_cpp.so /opt/ros/humble/lib/libstd_msgs__rosidl_typesupport_introspection_c.so /opt/ros/humble/lib/libstd_msgs__rosidl_typesupport_introspection_cpp.so /opt/ros/humble/lib/libstd_msgs__rosidl_typesupport_cpp.so /opt/ros/humble/lib/libstd_msgs__rosidl_generator_py.so /opt/ros/humble/lib/libaction_msgs__rosidl_typesupport_fastrtps_c.so /opt/ros/humble/lib/libaction_msgs__rosidl_typesupport_fastrtps_cpp.so /opt/ros/humble/lib/libaction_msgs__rosidl_typesupport_introspection_c.so /opt/ros/humble/lib/libaction_msgs__rosidl_typesupport_introspection_cpp.so /opt/ros/humble/lib/libaction_msgs__rosidl_typesupport_cpp.so /opt/ros/humble/lib/libaction_msgs__rosidl_generator_py.so /opt/ros/humble/lib/libunique_identifier_msgs__rosidl_typesupport_fastrtps_c.so /opt/ros/humble/lib/libunique_identifier_msgs__rosidl_typesupport_introspection_c.so /opt/ros/humble/lib/libunique_identifier_msgs__rosidl_typesupport_fastrtps_cpp.so /opt/ros/humble/lib/libunique_identifier_msgs__rosidl_typesupport_introspection_cpp.so /opt/ros/humble/lib/libunique_identifier_msgs__rosidl_typesupport_cpp.so /opt/ros/humble/lib/libunique_identifier_msgs__rosidl_generator_py.so /opt/ros/humble/lib/librmw.so /opt/ros/humble/lib/libgeometry_msgs__rosidl_typesupport_c.so /opt/ros/humble/lib/libstd_msgs__rosidl_typesupport_c.so /opt/ros/humble/lib/libbuiltin_interfaces__rosidl_generator_py.so /opt/ros/humble/lib/libaction_msgs__rosidl_typesupport_c.so /opt/ros/humble/lib/libbuiltin_interfaces__rosidl_typesupport_c.so /usr/lib/x86_64-linux-gnu/libpython3.10.so /opt/ros/humble/lib/libunique_identifier_msgs__rosidl_typesupport_c.so /opt/ros/humble/lib/libbuiltin_interfaces__rosidl_typesupport_introspection_c.so libuc1_robot_controllers_interfaces__rosidl_generator_c.so /opt/ros/humble/lib/libgeometry_msgs__rosidl_generator_c.so /opt/ros/humble/lib/libstd_msgs__rosidl_generator_c.so /opt/ros/humble/lib/libbuiltin_interfaces__rosidl_typesupport_fastrtps_c.so /opt/ros/humble/lib/libaction_msgs__rosidl_generator_c.so /opt/ros/humble/lib/libbuiltin_interfaces__rosidl_generator_c.so /opt/ros/humble/lib/libunique_identifier_msgs__rosidl_generator_c.so /opt/ros/humble/lib/librosidl_typesupport_fastrtps_c.so /opt/ros/humble/lib/libbuiltin_interfaces__rosidl_typesupport_fastrtps_cpp.so /opt/ros/humble/lib/librosidl_typesupport_fastrtps_cpp.so /opt/ros/humble/lib/libfastcdr.so.1.0.24 /opt/ros/humble/lib/librmw.so /opt/ros/humble/lib/libbuiltin_interfaces__rosidl_typesupport_introspection_cpp.so /opt/ros/humble/lib/librosidl_typesupport_introspection_cpp.so /opt/ros/humble/lib/librosidl_typesupport_introspection_c.so /opt/ros/humble/lib/libbuiltin_interfaces__rosidl_typesupport_cpp.so /opt/ros/humble/lib/librosidl_typesupport_c.so /opt/ros/humble/lib/librosidl_runtime_c.so /opt/ros/humble/lib/librcutils.so -ldl -Wl,-rpath-link,/opt/ros/humble/lib 
[1.625s] gmake[2]: Leaving directory '/home/maclab/Documents/ROS_WORKSPACES/WS_Master_Thesis/build/uc1_robot_controllers_interfaces'
[1.627s] gmake[2]: Leaving directory '/home/maclab/Documents/ROS_WORKSPACES/WS_Master_Thesis/build/uc1_robot_controllers_interfaces'
[1.628s] gmake[2]: Leaving directory '/home/maclab/Documents/ROS_WORKSPACES/WS_Master_Thesis/build/uc1_robot_controllers_interfaces'
[1.629s] [ 98%] Built target uc1_robot_controllers_interfaces__rosidl_typesupport_c__pyext
[1.632s] [ 98%] Built target uc1_robot_controllers_interfaces__rosidl_typesupport_fastrtps_c__pyext
[1.633s] [ 98%] Built target uc1_robot_controllers_interfaces__rosidl_typesupport_introspection_c__pyext
[6.391s] [100%] [32m[1mLinking CXX shared library libTPComputation.so[0m
[6.392s] /usr/bin/cmake -E cmake_link_script CMakeFiles/TPComputation.dir/link.txt --verbose=1
[6.396s] /usr/bin/c++ -fPIC -shared -Wl,-soname,libTPComputation.so -o libTPComputation.so CMakeFiles/TPComputation.dir/src/TPComputation.cpp.o 
[6.544s] gmake[2]: Leaving directory '/home/maclab/Documents/ROS_WORKSPACES/WS_Master_Thesis/build/uc1_robot_controllers_interfaces'
[6.550s] [100%] Built target TPComputation
[6.550s] gmake[1]: Leaving directory '/home/maclab/Documents/ROS_WORKSPACES/WS_Master_Thesis/build/uc1_robot_controllers_interfaces'
[6.550s] /usr/bin/cmake -E cmake_progress_start /home/maclab/Documents/ROS_WORKSPACES/WS_Master_Thesis/build/uc1_robot_controllers_interfaces/CMakeFiles 0
[6.559s] Invoked command in '/home/maclab/Documents/ROS_WORKSPACES/WS_Master_Thesis/build/uc1_robot_controllers_interfaces' returned '0': CMAKE_PREFIX_PATH=/opt/ros/humble /usr/bin/cmake --build /home/maclab/Documents/ROS_WORKSPACES/WS_Master_Thesis/build/uc1_robot_controllers_interfaces -- -j32 -l32
[6.564s] Invoking command in '/home/maclab/Documents/ROS_WORKSPACES/WS_Master_Thesis/build/uc1_robot_controllers_interfaces': CMAKE_PREFIX_PATH=/opt/ros/humble /usr/bin/cmake --install /home/maclab/Documents/ROS_WORKSPACES/WS_Master_Thesis/build/uc1_robot_controllers_interfaces
[6.568s] -- Install configuration: ""
[6.568s] -- Up-to-date: /home/maclab/Documents/ROS_WORKSPACES/WS_Master_Thesis/install/uc1_robot_controllers_interfaces/share/ament_index/resource_index/rosidl_interfaces/uc1_robot_controllers_interfaces
[6.568s] -- Up-to-date: /home/maclab/Documents/ROS_WORKSPACES/WS_Master_Thesis/install/uc1_robot_controllers_interfaces/include/uc1_robot_controllers_interfaces/uc1_robot_controllers_interfaces
[6.568s] -- Up-to-date: /home/maclab/Documents/ROS_WORKSPACES/WS_Master_Thesis/install/uc1_robot_controllers_interfaces/include/uc1_robot_controllers_interfaces/uc1_robot_controllers_interfaces/msg
[6.568s] -- Up-to-date: /home/maclab/Documents/ROS_WORKSPACES/WS_Master_Thesis/install/uc1_robot_controllers_interfaces/include/uc1_robot_controllers_interfaces/uc1_robot_controllers_interfaces/msg/rosidl_generator_c__visibility_control.h
[6.568s] -- Up-to-date: /home/maclab/Documents/ROS_WORKSPACES/WS_Master_Thesis/install/uc1_robot_controllers_interfaces/include/uc1_robot_controllers_interfaces/uc1_robot_controllers_interfaces/msg/move_robot_point.h
[6.568s] -- Up-to-date: /home/maclab/Documents/ROS_WORKSPACES/WS_Master_Thesis/install/uc1_robot_controllers_interfaces/include/uc1_robot_controllers_interfaces/uc1_robot_controllers_interfaces/msg/detail
[6.568s] -- Up-to-date: /home/maclab/Documents/ROS_WORKSPACES/WS_Master_Thesis/install/uc1_robot_controllers_interfaces/include/uc1_robot_controllers_interfaces/uc1_robot_controllers_interfaces/msg/detail/move_robot_goal__functions.c
[6.568s] -- Up-to-date: /home/maclab/Documents/ROS_WORKSPACES/WS_Master_Thesis/install/uc1_robot_controllers_interfaces/include/uc1_robot_controllers_interfaces/uc1_robot_controllers_interfaces/msg/detail/move_robot_orient__functions.c
[6.568s] -- Up-to-date: /home/maclab/Documents/ROS_WORKSPACES/WS_Master_Thesis/install/uc1_robot_controllers_interfaces/include/uc1_robot_controllers_interfaces/uc1_robot_controllers_interfaces/msg/detail/move_robot_goal__type_support.h
[6.568s] -- Up-to-date: /home/maclab/Documents/ROS_WORKSPACES/WS_Master_Thesis/install/uc1_robot_controllers_interfaces/include/uc1_robot_controllers_interfaces/uc1_robot_controllers_interfaces/msg/detail/move_robot_orient__struct.h
[6.568s] -- Up-to-date: /home/maclab/Documents/ROS_WORKSPACES/WS_Master_Thesis/install/uc1_robot_controllers_interfaces/include/uc1_robot_controllers_interfaces/uc1_robot_controllers_interfaces/msg/detail/move_robot_orient__functions.h
[6.568s] -- Up-to-date: /home/maclab/Documents/ROS_WORKSPACES/WS_Master_Thesis/install/uc1_robot_controllers_interfaces/include/uc1_robot_controllers_interfaces/uc1_robot_controllers_interfaces/msg/detail/move_robot_goal__functions.h
[6.568s] -- Up-to-date: /home/maclab/Documents/ROS_WORKSPACES/WS_Master_Thesis/install/uc1_robot_controllers_interfaces/include/uc1_robot_controllers_interfaces/uc1_robot_controllers_interfaces/msg/detail/move_robot_goal__struct.h
[6.568s] -- Up-to-date: /home/maclab/Documents/ROS_WORKSPACES/WS_Master_Thesis/install/uc1_robot_controllers_interfaces/include/uc1_robot_controllers_interfaces/uc1_robot_controllers_interfaces/msg/detail/move_robot_point__type_support.h
[6.568s] -- Up-to-date: /home/maclab/Documents/ROS_WORKSPACES/WS_Master_Thesis/install/uc1_robot_controllers_interfaces/include/uc1_robot_controllers_interfaces/uc1_robot_controllers_interfaces/msg/detail/move_robot_orient__type_support.h
[6.568s] -- Up-to-date: /home/maclab/Documents/ROS_WORKSPACES/WS_Master_Thesis/install/uc1_robot_controllers_interfaces/include/uc1_robot_controllers_interfaces/uc1_robot_controllers_interfaces/msg/detail/move_robot_point__struct.h
[6.568s] -- Up-to-date: /home/maclab/Documents/ROS_WORKSPACES/WS_Master_Thesis/install/uc1_robot_controllers_interfaces/include/uc1_robot_controllers_interfaces/uc1_robot_controllers_interfaces/msg/detail/move_robot_point__functions.c
[6.568s] -- Up-to-date: /home/maclab/Documents/ROS_WORKSPACES/WS_Master_Thesis/install/uc1_robot_controllers_interfaces/include/uc1_robot_controllers_interfaces/uc1_robot_controllers_interfaces/msg/detail/move_robot_point__functions.h
[6.568s] -- Up-to-date: /home/maclab/Documents/ROS_WORKSPACES/WS_Master_Thesis/install/uc1_robot_controllers_interfaces/include/uc1_robot_controllers_interfaces/uc1_robot_controllers_interfaces/msg/move_robot_goal.h
[6.568s] -- Up-to-date: /home/maclab/Documents/ROS_WORKSPACES/WS_Master_Thesis/install/uc1_robot_controllers_interfaces/include/uc1_robot_controllers_interfaces/uc1_robot_controllers_interfaces/msg/move_robot_orient.h
[6.568s] -- Up-to-date: /home/maclab/Documents/ROS_WORKSPACES/WS_Master_Thesis/install/uc1_robot_controllers_interfaces/include/uc1_robot_controllers_interfaces/uc1_robot_controllers_interfaces/action
[6.568s] -- Up-to-date: /home/maclab/Documents/ROS_WORKSPACES/WS_Master_Thesis/install/uc1_robot_controllers_interfaces/include/uc1_robot_controllers_interfaces/uc1_robot_controllers_interfaces/action/move_robot.h
[6.568s] -- Up-to-date: /home/maclab/Documents/ROS_WORKSPACES/WS_Master_Thesis/install/uc1_robot_controllers_interfaces/include/uc1_robot_controllers_interfaces/uc1_robot_controllers_interfaces/action/detail
[6.568s] -- Up-to-date: /home/maclab/Documents/ROS_WORKSPACES/WS_Master_Thesis/install/uc1_robot_controllers_interfaces/include/uc1_robot_controllers_interfaces/uc1_robot_controllers_interfaces/action/detail/move_robot__struct.h
[6.568s] -- Up-to-date: /home/maclab/Documents/ROS_WORKSPACES/WS_Master_Thesis/install/uc1_robot_controllers_interfaces/include/uc1_robot_controllers_interfaces/uc1_robot_controllers_interfaces/action/detail/move_robot__functions.h
[6.568s] -- Up-to-date: /home/maclab/Documents/ROS_WORKSPACES/WS_Master_Thesis/install/uc1_robot_controllers_interfaces/include/uc1_robot_controllers_interfaces/uc1_robot_controllers_interfaces/action/detail/move_robot_tp__type_support.h
[6.568s] -- Up-to-date: /home/maclab/Documents/ROS_WORKSPACES/WS_Master_Thesis/install/uc1_robot_controllers_interfaces/include/uc1_robot_controllers_interfaces/uc1_robot_controllers_interfaces/action/detail/move_robot__functions.c
[6.568s] -- Up-to-date: /home/maclab/Documents/ROS_WORKSPACES/WS_Master_Thesis/install/uc1_robot_controllers_interfaces/include/uc1_robot_controllers_interfaces/uc1_robot_controllers_interfaces/action/detail/move_robot_tp__functions.h
[6.569s] -- Up-to-date: /home/maclab/Documents/ROS_WORKSPACES/WS_Master_Thesis/install/uc1_robot_controllers_interfaces/include/uc1_robot_controllers_interfaces/uc1_robot_controllers_interfaces/action/detail/move_robot__type_support.h
[6.569s] -- Up-to-date: /home/maclab/Documents/ROS_WORKSPACES/WS_Master_Thesis/install/uc1_robot_controllers_interfaces/include/uc1_robot_controllers_interfaces/uc1_robot_controllers_interfaces/action/detail/move_robot_tp__struct.h
[6.569s] -- Up-to-date: /home/maclab/Documents/ROS_WORKSPACES/WS_Master_Thesis/install/uc1_robot_controllers_interfaces/include/uc1_robot_controllers_interfaces/uc1_robot_controllers_interfaces/action/detail/move_robot_tp__functions.c
[6.569s] -- Up-to-date: /home/maclab/Documents/ROS_WORKSPACES/WS_Master_Thesis/install/uc1_robot_controllers_interfaces/include/uc1_robot_controllers_interfaces/uc1_robot_controllers_interfaces/action/move_robot_tp.h
[6.569s] -- Up-to-date: /home/maclab/Documents/ROS_WORKSPACES/WS_Master_Thesis/install/uc1_robot_controllers_interfaces/share/uc1_robot_controllers_interfaces/environment/library_path.sh
[6.569s] -- Installing: /home/maclab/Documents/ROS_WORKSPACES/WS_Master_Thesis/install/uc1_robot_controllers_interfaces/share/uc1_robot_controllers_interfaces/environment/library_path.dsv
[6.569s] -- Installing: /home/maclab/Documents/ROS_WORKSPACES/WS_Master_Thesis/install/uc1_robot_controllers_interfaces/lib/libuc1_robot_controllers_interfaces__rosidl_generator_c.so
[6.569s] -- Set runtime path of "/home/maclab/Documents/ROS_WORKSPACES/WS_Master_Thesis/install/uc1_robot_controllers_interfaces/lib/libuc1_robot_controllers_interfaces__rosidl_generator_c.so" to ""
[6.569s] -- Up-to-date: /home/maclab/Documents/ROS_WORKSPACES/WS_Master_Thesis/install/uc1_robot_controllers_interfaces/include/uc1_robot_controllers_interfaces/uc1_robot_controllers_interfaces
[6.569s] -- Up-to-date: /home/maclab/Documents/ROS_WORKSPACES/WS_Master_Thesis/install/uc1_robot_controllers_interfaces/include/uc1_robot_controllers_interfaces/uc1_robot_controllers_interfaces/msg
[6.569s] -- Up-to-date: /home/maclab/Documents/ROS_WORKSPACES/WS_Master_Thesis/install/uc1_robot_controllers_interfaces/include/uc1_robot_controllers_interfaces/uc1_robot_controllers_interfaces/msg/rosidl_typesupport_fastrtps_c__visibility_control.h
[6.569s] -- Up-to-date: /home/maclab/Documents/ROS_WORKSPACES/WS_Master_Thesis/install/uc1_robot_controllers_interfaces/include/uc1_robot_controllers_interfaces/uc1_robot_controllers_interfaces/msg/detail
[6.569s] -- Up-to-date: /home/maclab/Documents/ROS_WORKSPACES/WS_Master_Thesis/install/uc1_robot_controllers_interfaces/include/uc1_robot_controllers_interfaces/uc1_robot_controllers_interfaces/msg/detail/move_robot_orient__rosidl_typesupport_fastrtps_c.h
[6.569s] -- Up-to-date: /home/maclab/Documents/ROS_WORKSPACES/WS_Master_Thesis/install/uc1_robot_controllers_interfaces/include/uc1_robot_controllers_interfaces/uc1_robot_controllers_interfaces/msg/detail/move_robot_point__rosidl_typesupport_fastrtps_c.h
[6.569s] -- Up-to-date: /home/maclab/Documents/ROS_WORKSPACES/WS_Master_Thesis/install/uc1_robot_controllers_interfaces/include/uc1_robot_controllers_interfaces/uc1_robot_controllers_interfaces/msg/detail/move_robot_goal__rosidl_typesupport_fastrtps_c.h
[6.569s] -- Up-to-date: /home/maclab/Documents/ROS_WORKSPACES/WS_Master_Thesis/install/uc1_robot_controllers_interfaces/include/uc1_robot_controllers_interfaces/uc1_robot_controllers_interfaces/action
[6.569s] -- Up-to-date: /home/maclab/Documents/ROS_WORKSPACES/WS_Master_Thesis/install/uc1_robot_controllers_interfaces/include/uc1_robot_controllers_interfaces/uc1_robot_controllers_interfaces/action/detail
[6.569s] -- Up-to-date: /home/maclab/Documents/ROS_WORKSPACES/WS_Master_Thesis/install/uc1_robot_controllers_interfaces/include/uc1_robot_controllers_interfaces/uc1_robot_controllers_interfaces/action/detail/move_robot__rosidl_typesupport_fastrtps_c.h
[6.569s] -- Up-to-date: /home/maclab/Documents/ROS_WORKSPACES/WS_Master_Thesis/install/uc1_robot_controllers_interfaces/include/uc1_robot_controllers_interfaces/uc1_robot_controllers_interfaces/action/detail/move_robot_tp__rosidl_typesupport_fastrtps_c.h
[6.569s] -- Installing: /home/maclab/Documents/ROS_WORKSPACES/WS_Master_Thesis/install/uc1_robot_controllers_interfaces/lib/libuc1_robot_controllers_interfaces__rosidl_typesupport_fastrtps_c.so
[6.569s] -- Set runtime path of "/home/maclab/Documents/ROS_WORKSPACES/WS_Master_Thesis/install/uc1_robot_controllers_interfaces/lib/libuc1_robot_controllers_interfaces__rosidl_typesupport_fastrtps_c.so" to ""
[6.569s] -- Up-to-date: /home/maclab/Documents/ROS_WORKSPACES/WS_Master_Thesis/install/uc1_robot_controllers_interfaces/include/uc1_robot_controllers_interfaces/uc1_robot_controllers_interfaces
[6.569s] -- Up-to-date: /home/maclab/Documents/ROS_WORKSPACES/WS_Master_Thesis/install/uc1_robot_controllers_interfaces/include/uc1_robot_controllers_interfaces/uc1_robot_controllers_interfaces/msg
[6.569s] -- Up-to-date: /home/maclab/Documents/ROS_WORKSPACES/WS_Master_Thesis/install/uc1_robot_controllers_interfaces/include/uc1_robot_controllers_interfaces/uc1_robot_controllers_interfaces/msg/rosidl_generator_cpp__visibility_control.hpp
[6.569s] -- Up-to-date: /home/maclab/Documents/ROS_WORKSPACES/WS_Master_Thesis/install/uc1_robot_controllers_interfaces/include/uc1_robot_controllers_interfaces/uc1_robot_controllers_interfaces/msg/move_robot_point.hpp
[6.569s] -- Up-to-date: /home/maclab/Documents/ROS_WORKSPACES/WS_Master_Thesis/install/uc1_robot_controllers_interfaces/include/uc1_robot_controllers_interfaces/uc1_robot_controllers_interfaces/msg/detail
[6.569s] -- Up-to-date: /home/maclab/Documents/ROS_WORKSPACES/WS_Master_Thesis/install/uc1_robot_controllers_interfaces/include/uc1_robot_controllers_interfaces/uc1_robot_controllers_interfaces/msg/detail/move_robot_goal__struct.hpp
[6.569s] -- Up-to-date: /home/maclab/Documents/ROS_WORKSPACES/WS_Master_Thesis/install/uc1_robot_controllers_interfaces/include/uc1_robot_controllers_interfaces/uc1_robot_controllers_interfaces/msg/detail/move_robot_goal__type_support.hpp
[6.569s] -- Up-to-date: /home/maclab/Documents/ROS_WORKSPACES/WS_Master_Thesis/install/uc1_robot_controllers_interfaces/include/uc1_robot_controllers_interfaces/uc1_robot_controllers_interfaces/msg/detail/move_robot_goal__builder.hpp
[6.569s] -- Up-to-date: /home/maclab/Documents/ROS_WORKSPACES/WS_Master_Thesis/install/uc1_robot_controllers_interfaces/include/uc1_robot_controllers_interfaces/uc1_robot_controllers_interfaces/msg/detail/move_robot_orient__type_support.hpp
[6.569s] -- Up-to-date: /home/maclab/Documents/ROS_WORKSPACES/WS_Master_Thesis/install/uc1_robot_controllers_interfaces/include/uc1_robot_controllers_interfaces/uc1_robot_controllers_interfaces/msg/detail/move_robot_orient__builder.hpp
[6.569s] -- Up-to-date: /home/maclab/Documents/ROS_WORKSPACES/WS_Master_Thesis/install/uc1_robot_controllers_interfaces/include/uc1_robot_controllers_interfaces/uc1_robot_controllers_interfaces/msg/detail/move_robot_point__builder.hpp
[6.569s] -- Up-to-date: /home/maclab/Documents/ROS_WORKSPACES/WS_Master_Thesis/install/uc1_robot_controllers_interfaces/include/uc1_robot_controllers_interfaces/uc1_robot_controllers_interfaces/msg/detail/move_robot_orient__struct.hpp
[6.569s] -- Up-to-date: /home/maclab/Documents/ROS_WORKSPACES/WS_Master_Thesis/install/uc1_robot_controllers_interfaces/include/uc1_robot_controllers_interfaces/uc1_robot_controllers_interfaces/msg/detail/move_robot_point__struct.hpp
[6.569s] -- Up-to-date: /home/maclab/Documents/ROS_WORKSPACES/WS_Master_Thesis/install/uc1_robot_controllers_interfaces/include/uc1_robot_controllers_interfaces/uc1_robot_controllers_interfaces/msg/detail/move_robot_point__traits.hpp
[6.569s] -- Up-to-date: /home/maclab/Documents/ROS_WORKSPACES/WS_Master_Thesis/install/uc1_robot_controllers_interfaces/include/uc1_robot_controllers_interfaces/uc1_robot_controllers_interfaces/msg/detail/move_robot_orient__traits.hpp
[6.569s] -- Up-to-date: /home/maclab/Documents/ROS_WORKSPACES/WS_Master_Thesis/install/uc1_robot_controllers_interfaces/include/uc1_robot_controllers_interfaces/uc1_robot_controllers_interfaces/msg/detail/move_robot_point__type_support.hpp
[6.569s] -- Up-to-date: /home/maclab/Documents/ROS_WORKSPACES/WS_Master_Thesis/install/uc1_robot_controllers_interfaces/include/uc1_robot_controllers_interfaces/uc1_robot_controllers_interfaces/msg/detail/move_robot_goal__traits.hpp
[6.569s] -- Up-to-date: /home/maclab/Documents/ROS_WORKSPACES/WS_Master_Thesis/install/uc1_robot_controllers_interfaces/include/uc1_robot_controllers_interfaces/uc1_robot_controllers_interfaces/msg/move_robot_orient.hpp
[6.569s] -- Up-to-date: /home/maclab/Documents/ROS_WORKSPACES/WS_Master_Thesis/install/uc1_robot_controllers_interfaces/include/uc1_robot_controllers_interfaces/uc1_robot_controllers_interfaces/msg/move_robot_goal.hpp
[6.569s] -- Up-to-date: /home/maclab/Documents/ROS_WORKSPACES/WS_Master_Thesis/install/uc1_robot_controllers_interfaces/include/uc1_robot_controllers_interfaces/uc1_robot_controllers_interfaces/action
[6.569s] -- Up-to-date: /home/maclab/Documents/ROS_WORKSPACES/WS_Master_Thesis/install/uc1_robot_controllers_interfaces/include/uc1_robot_controllers_interfaces/uc1_robot_controllers_interfaces/action/detail
[6.569s] -- Up-to-date: /home/maclab/Documents/ROS_WORKSPACES/WS_Master_Thesis/install/uc1_robot_controllers_interfaces/include/uc1_robot_controllers_interfaces/uc1_robot_controllers_interfaces/action/detail/move_robot__traits.hpp
[6.569s] -- Up-to-date: /home/maclab/Documents/ROS_WORKSPACES/WS_Master_Thesis/install/uc1_robot_controllers_interfaces/include/uc1_robot_controllers_interfaces/uc1_robot_controllers_interfaces/action/detail/move_robot__struct.hpp
[6.569s] -- Up-to-date: /home/maclab/Documents/ROS_WORKSPACES/WS_Master_Thesis/install/uc1_robot_controllers_interfaces/include/uc1_robot_controllers_interfaces/uc1_robot_controllers_interfaces/action/detail/move_robot_tp__struct.hpp
[6.569s] -- Up-to-date: /home/maclab/Documents/ROS_WORKSPACES/WS_Master_Thesis/install/uc1_robot_controllers_interfaces/include/uc1_robot_controllers_interfaces/uc1_robot_controllers_interfaces/action/detail/move_robot__builder.hpp
[6.569s] -- Up-to-date: /home/maclab/Documents/ROS_WORKSPACES/WS_Master_Thesis/install/uc1_robot_controllers_interfaces/include/uc1_robot_controllers_interfaces/uc1_robot_controllers_interfaces/action/detail/move_robot_tp__traits.hpp
[6.569s] -- Up-to-date: /home/maclab/Documents/ROS_WORKSPACES/WS_Master_Thesis/install/uc1_robot_controllers_interfaces/include/uc1_robot_controllers_interfaces/uc1_robot_controllers_interfaces/action/detail/move_robot__type_support.hpp
[6.569s] -- Up-to-date: /home/maclab/Documents/ROS_WORKSPACES/WS_Master_Thesis/install/uc1_robot_controllers_interfaces/include/uc1_robot_controllers_interfaces/uc1_robot_controllers_interfaces/action/detail/move_robot_tp__type_support.hpp
[6.570s] -- Up-to-date: /home/maclab/Documents/ROS_WORKSPACES/WS_Master_Thesis/install/uc1_robot_controllers_interfaces/include/uc1_robot_controllers_interfaces/uc1_robot_controllers_interfaces/action/detail/move_robot_tp__builder.hpp
[6.570s] -- Up-to-date: /home/maclab/Documents/ROS_WORKSPACES/WS_Master_Thesis/install/uc1_robot_controllers_interfaces/include/uc1_robot_controllers_interfaces/uc1_robot_controllers_interfaces/action/move_robot_tp.hpp
[6.570s] -- Up-to-date: /home/maclab/Documents/ROS_WORKSPACES/WS_Master_Thesis/install/uc1_robot_controllers_interfaces/include/uc1_robot_controllers_interfaces/uc1_robot_controllers_interfaces/action/move_robot.hpp
[6.570s] -- Up-to-date: /home/maclab/Documents/ROS_WORKSPACES/WS_Master_Thesis/install/uc1_robot_controllers_interfaces/include/uc1_robot_controllers_interfaces/uc1_robot_controllers_interfaces
[6.570s] -- Up-to-date: /home/maclab/Documents/ROS_WORKSPACES/WS_Master_Thesis/install/uc1_robot_controllers_interfaces/include/uc1_robot_controllers_interfaces/uc1_robot_controllers_interfaces/msg
[6.570s] -- Up-to-date: /home/maclab/Documents/ROS_WORKSPACES/WS_Master_Thesis/install/uc1_robot_controllers_interfaces/include/uc1_robot_controllers_interfaces/uc1_robot_controllers_interfaces/msg/detail
[6.570s] -- Up-to-date: /home/maclab/Documents/ROS_WORKSPACES/WS_Master_Thesis/install/uc1_robot_controllers_interfaces/include/uc1_robot_controllers_interfaces/uc1_robot_controllers_interfaces/msg/detail/move_robot_orient__rosidl_typesupport_fastrtps_cpp.hpp
[6.570s] -- Up-to-date: /home/maclab/Documents/ROS_WORKSPACES/WS_Master_Thesis/install/uc1_robot_controllers_interfaces/include/uc1_robot_controllers_interfaces/uc1_robot_controllers_interfaces/msg/detail/move_robot_point__rosidl_typesupport_fastrtps_cpp.hpp
[6.570s] -- Up-to-date: /home/maclab/Documents/ROS_WORKSPACES/WS_Master_Thesis/install/uc1_robot_controllers_interfaces/include/uc1_robot_controllers_interfaces/uc1_robot_controllers_interfaces/msg/detail/move_robot_goal__rosidl_typesupport_fastrtps_cpp.hpp
[6.570s] -- Up-to-date: /home/maclab/Documents/ROS_WORKSPACES/WS_Master_Thesis/install/uc1_robot_controllers_interfaces/include/uc1_robot_controllers_interfaces/uc1_robot_controllers_interfaces/msg/detail/dds_fastrtps
[6.570s] -- Up-to-date: /home/maclab/Documents/ROS_WORKSPACES/WS_Master_Thesis/install/uc1_robot_controllers_interfaces/include/uc1_robot_controllers_interfaces/uc1_robot_controllers_interfaces/msg/rosidl_typesupport_fastrtps_cpp__visibility_control.h
[6.570s] -- Up-to-date: /home/maclab/Documents/ROS_WORKSPACES/WS_Master_Thesis/install/uc1_robot_controllers_interfaces/include/uc1_robot_controllers_interfaces/uc1_robot_controllers_interfaces/action
[6.570s] -- Up-to-date: /home/maclab/Documents/ROS_WORKSPACES/WS_Master_Thesis/install/uc1_robot_controllers_interfaces/include/uc1_robot_controllers_interfaces/uc1_robot_controllers_interfaces/action/detail
[6.570s] -- Up-to-date: /home/maclab/Documents/ROS_WORKSPACES/WS_Master_Thesis/install/uc1_robot_controllers_interfaces/include/uc1_robot_controllers_interfaces/uc1_robot_controllers_interfaces/action/detail/move_robot__rosidl_typesupport_fastrtps_cpp.hpp
[6.570s] -- Up-to-date: /home/maclab/Documents/ROS_WORKSPACES/WS_Master_Thesis/install/uc1_robot_controllers_interfaces/include/uc1_robot_controllers_interfaces/uc1_robot_controllers_interfaces/action/detail/move_robot_tp__rosidl_typesupport_fastrtps_cpp.hpp
[6.570s] -- Up-to-date: /home/maclab/Documents/ROS_WORKSPACES/WS_Master_Thesis/install/uc1_robot_controllers_interfaces/include/uc1_robot_controllers_interfaces/uc1_robot_controllers_interfaces/action/detail/dds_fastrtps
[6.570s] -- Installing: /home/maclab/Documents/ROS_WORKSPACES/WS_Master_Thesis/install/uc1_robot_controllers_interfaces/lib/libuc1_robot_controllers_interfaces__rosidl_typesupport_fastrtps_cpp.so
[6.570s] -- Set runtime path of "/home/maclab/Documents/ROS_WORKSPACES/WS_Master_Thesis/install/uc1_robot_controllers_interfaces/lib/libuc1_robot_controllers_interfaces__rosidl_typesupport_fastrtps_cpp.so" to ""
[6.570s] -- Up-to-date: /home/maclab/Documents/ROS_WORKSPACES/WS_Master_Thesis/install/uc1_robot_controllers_interfaces/include/uc1_robot_controllers_interfaces/uc1_robot_controllers_interfaces
[6.570s] -- Up-to-date: /home/maclab/Documents/ROS_WORKSPACES/WS_Master_Thesis/install/uc1_robot_controllers_interfaces/include/uc1_robot_controllers_interfaces/uc1_robot_controllers_interfaces/msg
[6.570s] -- Up-to-date: /home/maclab/Documents/ROS_WORKSPACES/WS_Master_Thesis/install/uc1_robot_controllers_interfaces/include/uc1_robot_controllers_interfaces/uc1_robot_controllers_interfaces/msg/rosidl_typesupport_introspection_c__visibility_control.h
[6.570s] -- Up-to-date: /home/maclab/Documents/ROS_WORKSPACES/WS_Master_Thesis/install/uc1_robot_controllers_interfaces/include/uc1_robot_controllers_interfaces/uc1_robot_controllers_interfaces/msg/detail
[6.570s] -- Up-to-date: /home/maclab/Documents/ROS_WORKSPACES/WS_Master_Thesis/install/uc1_robot_controllers_interfaces/include/uc1_robot_controllers_interfaces/uc1_robot_controllers_interfaces/msg/detail/move_robot_goal__rosidl_typesupport_introspection_c.h
[6.570s] -- Up-to-date: /home/maclab/Documents/ROS_WORKSPACES/WS_Master_Thesis/install/uc1_robot_controllers_interfaces/include/uc1_robot_controllers_interfaces/uc1_robot_controllers_interfaces/msg/detail/move_robot_point__rosidl_typesupport_introspection_c.h
[6.570s] -- Up-to-date: /home/maclab/Documents/ROS_WORKSPACES/WS_Master_Thesis/install/uc1_robot_controllers_interfaces/include/uc1_robot_controllers_interfaces/uc1_robot_controllers_interfaces/msg/detail/move_robot_point__type_support.c
[6.570s] -- Up-to-date: /home/maclab/Documents/ROS_WORKSPACES/WS_Master_Thesis/install/uc1_robot_controllers_interfaces/include/uc1_robot_controllers_interfaces/uc1_robot_controllers_interfaces/msg/detail/move_robot_goal__type_support.c
[6.570s] -- Up-to-date: /home/maclab/Documents/ROS_WORKSPACES/WS_Master_Thesis/install/uc1_robot_controllers_interfaces/include/uc1_robot_controllers_interfaces/uc1_robot_controllers_interfaces/msg/detail/move_robot_orient__rosidl_typesupport_introspection_c.h
[6.570s] -- Up-to-date: /home/maclab/Documents/ROS_WORKSPACES/WS_Master_Thesis/install/uc1_robot_controllers_interfaces/include/uc1_robot_controllers_interfaces/uc1_robot_controllers_interfaces/msg/detail/move_robot_orient__type_support.c
[6.570s] -- Up-to-date: /home/maclab/Documents/ROS_WORKSPACES/WS_Master_Thesis/install/uc1_robot_controllers_interfaces/include/uc1_robot_controllers_interfaces/uc1_robot_controllers_interfaces/action
[6.570s] -- Up-to-date: /home/maclab/Documents/ROS_WORKSPACES/WS_Master_Thesis/install/uc1_robot_controllers_interfaces/include/uc1_robot_controllers_interfaces/uc1_robot_controllers_interfaces/action/detail
[6.570s] -- Up-to-date: /home/maclab/Documents/ROS_WORKSPACES/WS_Master_Thesis/install/uc1_robot_controllers_interfaces/include/uc1_robot_controllers_interfaces/uc1_robot_controllers_interfaces/action/detail/move_robot__type_support.c
[6.570s] -- Up-to-date: /home/maclab/Documents/ROS_WORKSPACES/WS_Master_Thesis/install/uc1_robot_controllers_interfaces/include/uc1_robot_controllers_interfaces/uc1_robot_controllers_interfaces/action/detail/move_robot__rosidl_typesupport_introspection_c.h
[6.570s] -- Up-to-date: /home/maclab/Documents/ROS_WORKSPACES/WS_Master_Thesis/install/uc1_robot_controllers_interfaces/include/uc1_robot_controllers_interfaces/uc1_robot_controllers_interfaces/action/detail/move_robot_tp__type_support.c
[6.570s] -- Up-to-date: /home/maclab/Documents/ROS_WORKSPACES/WS_Master_Thesis/install/uc1_robot_controllers_interfaces/include/uc1_robot_controllers_interfaces/uc1_robot_controllers_interfaces/action/detail/move_robot_tp__rosidl_typesupport_introspection_c.h
[6.570s] -- Installing: /home/maclab/Documents/ROS_WORKSPACES/WS_Master_Thesis/install/uc1_robot_controllers_interfaces/lib/libuc1_robot_controllers_interfaces__rosidl_typesupport_introspection_c.so
[6.570s] -- Set runtime path of "/home/maclab/Documents/ROS_WORKSPACES/WS_Master_Thesis/install/uc1_robot_controllers_interfaces/lib/libuc1_robot_controllers_interfaces__rosidl_typesupport_introspection_c.so" to ""
[6.570s] -- Installing: /home/maclab/Documents/ROS_WORKSPACES/WS_Master_Thesis/install/uc1_robot_controllers_interfaces/lib/libuc1_robot_controllers_interfaces__rosidl_typesupport_c.so
[6.570s] -- Set runtime path of "/home/maclab/Documents/ROS_WORKSPACES/WS_Master_Thesis/install/uc1_robot_controllers_interfaces/lib/libuc1_robot_controllers_interfaces__rosidl_typesupport_c.so" to ""
[6.570s] -- Up-to-date: /home/maclab/Documents/ROS_WORKSPACES/WS_Master_Thesis/install/uc1_robot_controllers_interfaces/include/uc1_robot_controllers_interfaces/uc1_robot_controllers_interfaces
[6.570s] -- Up-to-date: /home/maclab/Documents/ROS_WORKSPACES/WS_Master_Thesis/install/uc1_robot_controllers_interfaces/include/uc1_robot_controllers_interfaces/uc1_robot_controllers_interfaces/msg
[6.570s] -- Up-to-date: /home/maclab/Documents/ROS_WORKSPACES/WS_Master_Thesis/install/uc1_robot_controllers_interfaces/include/uc1_robot_controllers_interfaces/uc1_robot_controllers_interfaces/msg/detail
[6.570s] -- Up-to-date: /home/maclab/Documents/ROS_WORKSPACES/WS_Master_Thesis/install/uc1_robot_controllers_interfaces/include/uc1_robot_controllers_interfaces/uc1_robot_controllers_interfaces/msg/detail/move_robot_orient__type_support.cpp
[6.570s] -- Up-to-date: /home/maclab/Documents/ROS_WORKSPACES/WS_Master_Thesis/install/uc1_robot_controllers_interfaces/include/uc1_robot_controllers_interfaces/uc1_robot_controllers_interfaces/msg/detail/move_robot_goal__rosidl_typesupport_introspection_cpp.hpp
[6.570s] -- Up-to-date: /home/maclab/Documents/ROS_WORKSPACES/WS_Master_Thesis/install/uc1_robot_controllers_interfaces/include/uc1_robot_controllers_interfaces/uc1_robot_controllers_interfaces/msg/detail/move_robot_orient__rosidl_typesupport_introspection_cpp.hpp
[6.570s] -- Up-to-date: /home/maclab/Documents/ROS_WORKSPACES/WS_Master_Thesis/install/uc1_robot_controllers_interfaces/include/uc1_robot_controllers_interfaces/uc1_robot_controllers_interfaces/msg/detail/move_robot_point__rosidl_typesupport_introspection_cpp.hpp
[6.570s] -- Up-to-date: /home/maclab/Documents/ROS_WORKSPACES/WS_Master_Thesis/install/uc1_robot_controllers_interfaces/include/uc1_robot_controllers_interfaces/uc1_robot_controllers_interfaces/msg/detail/move_robot_point__type_support.cpp
[6.570s] -- Up-to-date: /home/maclab/Documents/ROS_WORKSPACES/WS_Master_Thesis/install/uc1_robot_controllers_interfaces/include/uc1_robot_controllers_interfaces/uc1_robot_controllers_interfaces/msg/detail/move_robot_goal__type_support.cpp
[6.570s] -- Up-to-date: /home/maclab/Documents/ROS_WORKSPACES/WS_Master_Thesis/install/uc1_robot_controllers_interfaces/include/uc1_robot_controllers_interfaces/uc1_robot_controllers_interfaces/action
[6.571s] -- Up-to-date: /home/maclab/Documents/ROS_WORKSPACES/WS_Master_Thesis/install/uc1_robot_controllers_interfaces/include/uc1_robot_controllers_interfaces/uc1_robot_controllers_interfaces/action/detail
[6.571s] -- Up-to-date: /home/maclab/Documents/ROS_WORKSPACES/WS_Master_Thesis/install/uc1_robot_controllers_interfaces/include/uc1_robot_controllers_interfaces/uc1_robot_controllers_interfaces/action/detail/move_robot__rosidl_typesupport_introspection_cpp.hpp
[6.571s] -- Up-to-date: /home/maclab/Documents/ROS_WORKSPACES/WS_Master_Thesis/install/uc1_robot_controllers_interfaces/include/uc1_robot_controllers_interfaces/uc1_robot_controllers_interfaces/action/detail/move_robot_tp__type_support.cpp
[6.571s] -- Up-to-date: /home/maclab/Documents/ROS_WORKSPACES/WS_Master_Thesis/install/uc1_robot_controllers_interfaces/include/uc1_robot_controllers_interfaces/uc1_robot_controllers_interfaces/action/detail/move_robot_tp__rosidl_typesupport_introspection_cpp.hpp
[6.571s] -- Up-to-date: /home/maclab/Documents/ROS_WORKSPACES/WS_Master_Thesis/install/uc1_robot_controllers_interfaces/include/uc1_robot_controllers_interfaces/uc1_robot_controllers_interfaces/action/detail/move_robot__type_support.cpp
[6.571s] -- Installing: /home/maclab/Documents/ROS_WORKSPACES/WS_Master_Thesis/install/uc1_robot_controllers_interfaces/lib/libuc1_robot_controllers_interfaces__rosidl_typesupport_introspection_cpp.so
[6.571s] -- Set runtime path of "/home/maclab/Documents/ROS_WORKSPACES/WS_Master_Thesis/install/uc1_robot_controllers_interfaces/lib/libuc1_robot_controllers_interfaces__rosidl_typesupport_introspection_cpp.so" to ""
[6.571s] -- Installing: /home/maclab/Documents/ROS_WORKSPACES/WS_Master_Thesis/install/uc1_robot_controllers_interfaces/lib/libuc1_robot_controllers_interfaces__rosidl_typesupport_cpp.so
[6.571s] -- Set runtime path of "/home/maclab/Documents/ROS_WORKSPACES/WS_Master_Thesis/install/uc1_robot_controllers_interfaces/lib/libuc1_robot_controllers_interfaces__rosidl_typesupport_cpp.so" to ""
[6.571s] -- Up-to-date: /home/maclab/Documents/ROS_WORKSPACES/WS_Master_Thesis/install/uc1_robot_controllers_interfaces/share/uc1_robot_controllers_interfaces/environment/pythonpath.sh
[6.571s] -- Installing: /home/maclab/Documents/ROS_WORKSPACES/WS_Master_Thesis/install/uc1_robot_controllers_interfaces/share/uc1_robot_controllers_interfaces/environment/pythonpath.dsv
[6.571s] -- Up-to-date: /home/maclab/Documents/ROS_WORKSPACES/WS_Master_Thesis/install/uc1_robot_controllers_interfaces/local/lib/python3.10/dist-packages/uc1_robot_controllers_interfaces-0.0.0-py3.10.egg-info
[6.571s] -- Installing: /home/maclab/Documents/ROS_WORKSPACES/WS_Master_Thesis/install/uc1_robot_controllers_interfaces/local/lib/python3.10/dist-packages/uc1_robot_controllers_interfaces-0.0.0-py3.10.egg-info/dependency_links.txt
[6.571s] -- Installing: /home/maclab/Documents/ROS_WORKSPACES/WS_Master_Thesis/install/uc1_robot_controllers_interfaces/local/lib/python3.10/dist-packages/uc1_robot_controllers_interfaces-0.0.0-py3.10.egg-info/SOURCES.txt
[6.571s] -- Installing: /home/maclab/Documents/ROS_WORKSPACES/WS_Master_Thesis/install/uc1_robot_controllers_interfaces/local/lib/python3.10/dist-packages/uc1_robot_controllers_interfaces-0.0.0-py3.10.egg-info/PKG-INFO
[6.571s] -- Installing: /home/maclab/Documents/ROS_WORKSPACES/WS_Master_Thesis/install/uc1_robot_controllers_interfaces/local/lib/python3.10/dist-packages/uc1_robot_controllers_interfaces-0.0.0-py3.10.egg-info/top_level.txt
[6.571s] -- Up-to-date: /home/maclab/Documents/ROS_WORKSPACES/WS_Master_Thesis/install/uc1_robot_controllers_interfaces/local/lib/python3.10/dist-packages/uc1_robot_controllers_interfaces
[6.571s] -- Installing: /home/maclab/Documents/ROS_WORKSPACES/WS_Master_Thesis/install/uc1_robot_controllers_interfaces/local/lib/python3.10/dist-packages/uc1_robot_controllers_interfaces/__init__.py
[6.571s] -- Up-to-date: /home/maclab/Documents/ROS_WORKSPACES/WS_Master_Thesis/install/uc1_robot_controllers_interfaces/local/lib/python3.10/dist-packages/uc1_robot_controllers_interfaces/_uc1_robot_controllers_interfaces_s.ep.rosidl_typesupport_introspection_c.c
[6.571s] -- Installing: /home/maclab/Documents/ROS_WORKSPACES/WS_Master_Thesis/install/uc1_robot_controllers_interfaces/local/lib/python3.10/dist-packages/uc1_robot_controllers_interfaces/uc1_robot_controllers_interfaces_s__rosidl_typesupport_introspection_c.cpython-310-x86_64-linux-gnu.so
[6.571s] -- Up-to-date: /home/maclab/Documents/ROS_WORKSPACES/WS_Master_Thesis/install/uc1_robot_controllers_interfaces/local/lib/python3.10/dist-packages/uc1_robot_controllers_interfaces/_uc1_robot_controllers_interfaces_s.ep.rosidl_typesupport_fastrtps_c.c
[6.571s] -- Up-to-date: /home/maclab/Documents/ROS_WORKSPACES/WS_Master_Thesis/install/uc1_robot_controllers_interfaces/local/lib/python3.10/dist-packages/uc1_robot_controllers_interfaces/msg
[6.571s] -- Up-to-date: /home/maclab/Documents/ROS_WORKSPACES/WS_Master_Thesis/install/uc1_robot_controllers_interfaces/local/lib/python3.10/dist-packages/uc1_robot_controllers_interfaces/msg/__init__.py
[6.571s] -- Up-to-date: /home/maclab/Documents/ROS_WORKSPACES/WS_Master_Thesis/install/uc1_robot_controllers_interfaces/local/lib/python3.10/dist-packages/uc1_robot_controllers_interfaces/msg/_move_robot_goal_s.c
[6.571s] -- Up-to-date: /home/maclab/Documents/ROS_WORKSPACES/WS_Master_Thesis/install/uc1_robot_controllers_interfaces/local/lib/python3.10/dist-packages/uc1_robot_controllers_interfaces/msg/_move_robot_orient_s.c
[6.571s] -- Up-to-date: /home/maclab/Documents/ROS_WORKSPACES/WS_Master_Thesis/install/uc1_robot_controllers_interfaces/local/lib/python3.10/dist-packages/uc1_robot_controllers_interfaces/msg/_move_robot_point.py
[6.571s] -- Up-to-date: /home/maclab/Documents/ROS_WORKSPACES/WS_Master_Thesis/install/uc1_robot_controllers_interfaces/local/lib/python3.10/dist-packages/uc1_robot_controllers_interfaces/msg/_move_robot_orient.py
[6.571s] -- Up-to-date: /home/maclab/Documents/ROS_WORKSPACES/WS_Master_Thesis/install/uc1_robot_controllers_interfaces/local/lib/python3.10/dist-packages/uc1_robot_controllers_interfaces/msg/_move_robot_point_s.c
[6.571s] -- Up-to-date: /home/maclab/Documents/ROS_WORKSPACES/WS_Master_Thesis/install/uc1_robot_controllers_interfaces/local/lib/python3.10/dist-packages/uc1_robot_controllers_interfaces/msg/_move_robot_goal.py
[6.571s] -- Installing: /home/maclab/Documents/ROS_WORKSPACES/WS_Master_Thesis/install/uc1_robot_controllers_interfaces/local/lib/python3.10/dist-packages/uc1_robot_controllers_interfaces/uc1_robot_controllers_interfaces_s__rosidl_typesupport_c.cpython-310-x86_64-linux-gnu.so
[6.571s] -- Up-to-date: /home/maclab/Documents/ROS_WORKSPACES/WS_Master_Thesis/install/uc1_robot_controllers_interfaces/local/lib/python3.10/dist-packages/uc1_robot_controllers_interfaces/action
[6.571s] -- Up-to-date: /home/maclab/Documents/ROS_WORKSPACES/WS_Master_Thesis/install/uc1_robot_controllers_interfaces/local/lib/python3.10/dist-packages/uc1_robot_controllers_interfaces/action/__init__.py
[6.571s] -- Up-to-date: /home/maclab/Documents/ROS_WORKSPACES/WS_Master_Thesis/install/uc1_robot_controllers_interfaces/local/lib/python3.10/dist-packages/uc1_robot_controllers_interfaces/action/_move_robot_tp.py
[6.571s] -- Up-to-date: /home/maclab/Documents/ROS_WORKSPACES/WS_Master_Thesis/install/uc1_robot_controllers_interfaces/local/lib/python3.10/dist-packages/uc1_robot_controllers_interfaces/action/_move_robot_s.c
[6.571s] -- Up-to-date: /home/maclab/Documents/ROS_WORKSPACES/WS_Master_Thesis/install/uc1_robot_controllers_interfaces/local/lib/python3.10/dist-packages/uc1_robot_controllers_interfaces/action/_move_robot_tp_s.c
[6.571s] -- Up-to-date: /home/maclab/Documents/ROS_WORKSPACES/WS_Master_Thesis/install/uc1_robot_controllers_interfaces/local/lib/python3.10/dist-packages/uc1_robot_controllers_interfaces/action/_move_robot.py
[6.571s] -- Installing: /home/maclab/Documents/ROS_WORKSPACES/WS_Master_Thesis/install/uc1_robot_controllers_interfaces/local/lib/python3.10/dist-packages/uc1_robot_controllers_interfaces/uc1_robot_controllers_interfaces_s__rosidl_typesupport_fastrtps_c.cpython-310-x86_64-linux-gnu.so
[6.571s] -- Up-to-date: /home/maclab/Documents/ROS_WORKSPACES/WS_Master_Thesis/install/uc1_robot_controllers_interfaces/local/lib/python3.10/dist-packages/uc1_robot_controllers_interfaces/_uc1_robot_controllers_interfaces_s.ep.rosidl_typesupport_c.c
[6.571s] -- Installing: /home/maclab/Documents/ROS_WORKSPACES/WS_Master_Thesis/install/uc1_robot_controllers_interfaces/local/lib/python3.10/dist-packages/uc1_robot_controllers_interfaces/libuc1_robot_controllers_interfaces__rosidl_generator_py.so
[6.589s] Listing '/home/maclab/Documents/ROS_WORKSPACES/WS_Master_Thesis/install/uc1_robot_controllers_interfaces/local/lib/python3.10/dist-packages/uc1_robot_controllers_interfaces'...
[6.589s] Compiling '/home/maclab/Documents/ROS_WORKSPACES/WS_Master_Thesis/install/uc1_robot_controllers_interfaces/local/lib/python3.10/dist-packages/uc1_robot_controllers_interfaces/__init__.py'...
[6.589s] Listing '/home/maclab/Documents/ROS_WORKSPACES/WS_Master_Thesis/install/uc1_robot_controllers_interfaces/local/lib/python3.10/dist-packages/uc1_robot_controllers_interfaces/action'...
[6.589s] Listing '/home/maclab/Documents/ROS_WORKSPACES/WS_Master_Thesis/install/uc1_robot_controllers_interfaces/local/lib/python3.10/dist-packages/uc1_robot_controllers_interfaces/msg'...
[6.591s] -- Installing: /home/maclab/Documents/ROS_WORKSPACES/WS_Master_Thesis/install/uc1_robot_controllers_interfaces/local/lib/python3.10/dist-packages/uc1_robot_controllers_interfaces/uc1_robot_controllers_interfaces_s__rosidl_typesupport_fastrtps_c.cpython-310-x86_64-linux-gnu.so
[6.591s] -- Set runtime path of "/home/maclab/Documents/ROS_WORKSPACES/WS_Master_Thesis/install/uc1_robot_controllers_interfaces/local/lib/python3.10/dist-packages/uc1_robot_controllers_interfaces/uc1_robot_controllers_interfaces_s__rosidl_typesupport_fastrtps_c.cpython-310-x86_64-linux-gnu.so" to ""
[6.591s] -- Installing: /home/maclab/Documents/ROS_WORKSPACES/WS_Master_Thesis/install/uc1_robot_controllers_interfaces/local/lib/python3.10/dist-packages/uc1_robot_controllers_interfaces/uc1_robot_controllers_interfaces_s__rosidl_typesupport_introspection_c.cpython-310-x86_64-linux-gnu.so
[6.591s] -- Set runtime path of "/home/maclab/Documents/ROS_WORKSPACES/WS_Master_Thesis/install/uc1_robot_controllers_interfaces/local/lib/python3.10/dist-packages/uc1_robot_controllers_interfaces/uc1_robot_controllers_interfaces_s__rosidl_typesupport_introspection_c.cpython-310-x86_64-linux-gnu.so" to ""
[6.591s] -- Installing: /home/maclab/Documents/ROS_WORKSPACES/WS_Master_Thesis/install/uc1_robot_controllers_interfaces/local/lib/python3.10/dist-packages/uc1_robot_controllers_interfaces/uc1_robot_controllers_interfaces_s__rosidl_typesupport_c.cpython-310-x86_64-linux-gnu.so
[6.591s] -- Set runtime path of "/home/maclab/Documents/ROS_WORKSPACES/WS_Master_Thesis/install/uc1_robot_controllers_interfaces/local/lib/python3.10/dist-packages/uc1_robot_controllers_interfaces/uc1_robot_controllers_interfaces_s__rosidl_typesupport_c.cpython-310-x86_64-linux-gnu.so" to ""
[6.591s] -- Installing: /home/maclab/Documents/ROS_WORKSPACES/WS_Master_Thesis/install/uc1_robot_controllers_interfaces/lib/libuc1_robot_controllers_interfaces__rosidl_generator_py.so
[6.591s] -- Set runtime path of "/home/maclab/Documents/ROS_WORKSPACES/WS_Master_Thesis/install/uc1_robot_controllers_interfaces/lib/libuc1_robot_controllers_interfaces__rosidl_generator_py.so" to ""
[6.591s] -- Up-to-date: /home/maclab/Documents/ROS_WORKSPACES/WS_Master_Thesis/install/uc1_robot_controllers_interfaces/share/uc1_robot_controllers_interfaces/action/MoveRobot.idl
[6.591s] -- Up-to-date: /home/maclab/Documents/ROS_WORKSPACES/WS_Master_Thesis/install/uc1_robot_controllers_interfaces/share/uc1_robot_controllers_interfaces/action/MoveRobotTP.idl
[6.592s] -- Up-to-date: /home/maclab/Documents/ROS_WORKSPACES/WS_Master_Thesis/install/uc1_robot_controllers_interfaces/share/uc1_robot_controllers_interfaces/msg/MoveRobotPoint.idl
[6.592s] -- Up-to-date: /home/maclab/Documents/ROS_WORKSPACES/WS_Master_Thesis/install/uc1_robot_controllers_interfaces/share/uc1_robot_controllers_interfaces/msg/MoveRobotOrient.idl
[6.592s] -- Up-to-date: /home/maclab/Documents/ROS_WORKSPACES/WS_Master_Thesis/install/uc1_robot_controllers_interfaces/share/uc1_robot_controllers_interfaces/msg/MoveRobotGoal.idl
[6.592s] -- Up-to-date: /home/maclab/Documents/ROS_WORKSPACES/WS_Master_Thesis/install/uc1_robot_controllers_interfaces/share/uc1_robot_controllers_interfaces/action/MoveRobot.action
[6.592s] -- Up-to-date: /home/maclab/Documents/ROS_WORKSPACES/WS_Master_Thesis/install/uc1_robot_controllers_interfaces/share/uc1_robot_controllers_interfaces/action/MoveRobotTP.action
[6.592s] -- Up-to-date: /home/maclab/Documents/ROS_WORKSPACES/WS_Master_Thesis/install/uc1_robot_controllers_interfaces/share/uc1_robot_controllers_interfaces/msg/MoveRobotPoint.msg
[6.592s] -- Up-to-date: /home/maclab/Documents/ROS_WORKSPACES/WS_Master_Thesis/install/uc1_robot_controllers_interfaces/share/uc1_robot_controllers_interfaces/msg/MoveRobotOrient.msg
[6.592s] -- Up-to-date: /home/maclab/Documents/ROS_WORKSPACES/WS_Master_Thesis/install/uc1_robot_controllers_interfaces/share/uc1_robot_controllers_interfaces/msg/MoveRobotGoal.msg
[6.592s] -- Up-to-date: /home/maclab/Documents/ROS_WORKSPACES/WS_Master_Thesis/install/uc1_robot_controllers_interfaces/include/uc1_robot_controllers_interfaces
[6.592s] -- Installing: /home/maclab/Documents/ROS_WORKSPACES/WS_Master_Thesis/install/uc1_robot_controllers_interfaces/include/uc1_robot_controllers_interfaces/TPComputation.hpp
[6.592s] -- Installing: /home/maclab/Documents/ROS_WORKSPACES/WS_Master_Thesis/install/uc1_robot_controllers_interfaces/lib/libTPComputation.so
[6.594s] -- Up-to-date: /home/maclab/Documents/ROS_WORKSPACES/WS_Master_Thesis/install/uc1_robot_controllers_interfaces/share/ament_index/resource_index/package_run_dependencies/uc1_robot_controllers_interfaces
[6.594s] -- Installing: /home/maclab/Documents/ROS_WORKSPACES/WS_Master_Thesis/install/uc1_robot_controllers_interfaces/share/ament_index/resource_index/parent_prefix_path/uc1_robot_controllers_interfaces
[6.594s] -- Up-to-date: /home/maclab/Documents/ROS_WORKSPACES/WS_Master_Thesis/install/uc1_robot_controllers_interfaces/share/uc1_robot_controllers_interfaces/environment/ament_prefix_path.sh
[6.594s] -- Installing: /home/maclab/Documents/ROS_WORKSPACES/WS_Master_Thesis/install/uc1_robot_controllers_interfaces/share/uc1_robot_controllers_interfaces/environment/ament_prefix_path.dsv
[6.594s] -- Up-to-date: /home/maclab/Documents/ROS_WORKSPACES/WS_Master_Thesis/install/uc1_robot_controllers_interfaces/share/uc1_robot_controllers_interfaces/environment/path.sh
[6.594s] -- Installing: /home/maclab/Documents/ROS_WORKSPACES/WS_Master_Thesis/install/uc1_robot_controllers_interfaces/share/uc1_robot_controllers_interfaces/environment/path.dsv
[6.594s] -- Up-to-date: /home/maclab/Documents/ROS_WORKSPACES/WS_Master_Thesis/install/uc1_robot_controllers_interfaces/share/uc1_robot_controllers_interfaces/local_setup.bash
[6.594s] -- Up-to-date: /home/maclab/Documents/ROS_WORKSPACES/WS_Master_Thesis/install/uc1_robot_controllers_interfaces/share/uc1_robot_controllers_interfaces/local_setup.sh
[6.594s] -- Up-to-date: /home/maclab/Documents/ROS_WORKSPACES/WS_Master_Thesis/install/uc1_robot_controllers_interfaces/share/uc1_robot_controllers_interfaces/local_setup.zsh
[6.594s] -- Installing: /home/maclab/Documents/ROS_WORKSPACES/WS_Master_Thesis/install/uc1_robot_controllers_interfaces/share/uc1_robot_controllers_interfaces/local_setup.dsv
[6.594s] -- Installing: /home/maclab/Documents/ROS_WORKSPACES/WS_Master_Thesis/install/uc1_robot_controllers_interfaces/share/uc1_robot_controllers_interfaces/package.dsv
[6.594s] -- Up-to-date: /home/maclab/Documents/ROS_WORKSPACES/WS_Master_Thesis/install/uc1_robot_controllers_interfaces/share/ament_index/resource_index/packages/uc1_robot_controllers_interfaces
[6.594s] -- Up-to-date: /home/maclab/Documents/ROS_WORKSPACES/WS_Master_Thesis/install/uc1_robot_controllers_interfaces/share/uc1_robot_controllers_interfaces/cmake/export_uc1_robot_controllers_interfaces__rosidl_generator_cExport.cmake
[6.594s] -- Up-to-date: /home/maclab/Documents/ROS_WORKSPACES/WS_Master_Thesis/install/uc1_robot_controllers_interfaces/share/uc1_robot_controllers_interfaces/cmake/export_uc1_robot_controllers_interfaces__rosidl_generator_cExport-noconfig.cmake
[6.594s] -- Up-to-date: /home/maclab/Documents/ROS_WORKSPACES/WS_Master_Thesis/install/uc1_robot_controllers_interfaces/share/uc1_robot_controllers_interfaces/cmake/export_uc1_robot_controllers_interfaces__rosidl_typesupport_fastrtps_cExport.cmake
[6.594s] -- Up-to-date: /home/maclab/Documents/ROS_WORKSPACES/WS_Master_Thesis/install/uc1_robot_controllers_interfaces/share/uc1_robot_controllers_interfaces/cmake/export_uc1_robot_controllers_interfaces__rosidl_typesupport_fastrtps_cExport-noconfig.cmake
[6.595s] -- Up-to-date: /home/maclab/Documents/ROS_WORKSPACES/WS_Master_Thesis/install/uc1_robot_controllers_interfaces/share/uc1_robot_controllers_interfaces/cmake/export_uc1_robot_controllers_interfaces__rosidl_generator_cppExport.cmake
[6.595s] -- Up-to-date: /home/maclab/Documents/ROS_WORKSPACES/WS_Master_Thesis/install/uc1_robot_controllers_interfaces/share/uc1_robot_controllers_interfaces/cmake/export_uc1_robot_controllers_interfaces__rosidl_typesupport_fastrtps_cppExport.cmake
[6.595s] -- Up-to-date: /home/maclab/Documents/ROS_WORKSPACES/WS_Master_Thesis/install/uc1_robot_controllers_interfaces/share/uc1_robot_controllers_interfaces/cmake/export_uc1_robot_controllers_interfaces__rosidl_typesupport_fastrtps_cppExport-noconfig.cmake
[6.595s] -- Up-to-date: /home/maclab/Documents/ROS_WORKSPACES/WS_Master_Thesis/install/uc1_robot_controllers_interfaces/share/uc1_robot_controllers_interfaces/cmake/uc1_robot_controllers_interfaces__rosidl_typesupport_introspection_cExport.cmake
[6.595s] -- Up-to-date: /home/maclab/Documents/ROS_WORKSPACES/WS_Master_Thesis/install/uc1_robot_controllers_interfaces/share/uc1_robot_controllers_interfaces/cmake/uc1_robot_controllers_interfaces__rosidl_typesupport_introspection_cExport-noconfig.cmake
[6.595s] -- Up-to-date: /home/maclab/Documents/ROS_WORKSPACES/WS_Master_Thesis/install/uc1_robot_controllers_interfaces/share/uc1_robot_controllers_interfaces/cmake/uc1_robot_controllers_interfaces__rosidl_typesupport_cExport.cmake
[6.595s] -- Up-to-date: /home/maclab/Documents/ROS_WORKSPACES/WS_Master_Thesis/install/uc1_robot_controllers_interfaces/share/uc1_robot_controllers_interfaces/cmake/uc1_robot_controllers_interfaces__rosidl_typesupport_cExport-noconfig.cmake
[6.595s] -- Up-to-date: /home/maclab/Documents/ROS_WORKSPACES/WS_Master_Thesis/install/uc1_robot_controllers_interfaces/share/uc1_robot_controllers_interfaces/cmake/uc1_robot_controllers_interfaces__rosidl_typesupport_introspection_cppExport.cmake
[6.595s] -- Up-to-date: /home/maclab/Documents/ROS_WORKSPACES/WS_Master_Thesis/install/uc1_robot_controllers_interfaces/share/uc1_robot_controllers_interfaces/cmake/uc1_robot_controllers_interfaces__rosidl_typesupport_introspection_cppExport-noconfig.cmake
[6.595s] -- Up-to-date: /home/maclab/Documents/ROS_WORKSPACES/WS_Master_Thesis/install/uc1_robot_controllers_interfaces/share/uc1_robot_controllers_interfaces/cmake/uc1_robot_controllers_interfaces__rosidl_typesupport_cppExport.cmake
[6.595s] -- Up-to-date: /home/maclab/Documents/ROS_WORKSPACES/WS_Master_Thesis/install/uc1_robot_controllers_interfaces/share/uc1_robot_controllers_interfaces/cmake/uc1_robot_controllers_interfaces__rosidl_typesupport_cppExport-noconfig.cmake
[6.595s] -- Up-to-date: /home/maclab/Documents/ROS_WORKSPACES/WS_Master_Thesis/install/uc1_robot_controllers_interfaces/share/uc1_robot_controllers_interfaces/cmake/export_uc1_robot_controllers_interfaces__rosidl_generator_pyExport.cmake
[6.595s] -- Up-to-date: /home/maclab/Documents/ROS_WORKSPACES/WS_Master_Thesis/install/uc1_robot_controllers_interfaces/share/uc1_robot_controllers_interfaces/cmake/export_uc1_robot_controllers_interfaces__rosidl_generator_pyExport-noconfig.cmake
[6.595s] -- Installing: /home/maclab/Documents/ROS_WORKSPACES/WS_Master_Thesis/install/uc1_robot_controllers_interfaces/share/uc1_robot_controllers_interfaces/cmake/TPComputationExport.cmake
[6.595s] -- Installing: /home/maclab/Documents/ROS_WORKSPACES/WS_Master_Thesis/install/uc1_robot_controllers_interfaces/share/uc1_robot_controllers_interfaces/cmake/TPComputationExport-noconfig.cmake
[6.595s] -- Up-to-date: /home/maclab/Documents/ROS_WORKSPACES/WS_Master_Thesis/install/uc1_robot_controllers_interfaces/share/uc1_robot_controllers_interfaces/cmake/rosidl_cmake-extras.cmake
[6.595s] -- Up-to-date: /home/maclab/Documents/ROS_WORKSPACES/WS_Master_Thesis/install/uc1_robot_controllers_interfaces/share/uc1_robot_controllers_interfaces/cmake/ament_cmake_export_dependencies-extras.cmake
[6.595s] -- Up-to-date: /home/maclab/Documents/ROS_WORKSPACES/WS_Master_Thesis/install/uc1_robot_controllers_interfaces/share/uc1_robot_controllers_interfaces/cmake/ament_cmake_export_include_directories-extras.cmake
[6.595s] -- Up-to-date: /home/maclab/Documents/ROS_WORKSPACES/WS_Master_Thesis/install/uc1_robot_controllers_interfaces/share/uc1_robot_controllers_interfaces/cmake/ament_cmake_export_libraries-extras.cmake
[6.595s] -- Installing: /home/maclab/Documents/ROS_WORKSPACES/WS_Master_Thesis/install/uc1_robot_controllers_interfaces/share/uc1_robot_controllers_interfaces/cmake/ament_cmake_export_targets-extras.cmake
[6.595s] -- Up-to-date: /home/maclab/Documents/ROS_WORKSPACES/WS_Master_Thesis/install/uc1_robot_controllers_interfaces/share/uc1_robot_controllers_interfaces/cmake/rosidl_cmake_export_typesupport_targets-extras.cmake
[6.595s] -- Up-to-date: /home/maclab/Documents/ROS_WORKSPACES/WS_Master_Thesis/install/uc1_robot_controllers_interfaces/share/uc1_robot_controllers_interfaces/cmake/rosidl_cmake_export_typesupport_libraries-extras.cmake
[6.595s] -- Up-to-date: /home/maclab/Documents/ROS_WORKSPACES/WS_Master_Thesis/install/uc1_robot_controllers_interfaces/share/uc1_robot_controllers_interfaces/cmake/uc1_robot_controllers_interfacesConfig.cmake
[6.595s] -- Up-to-date: /home/maclab/Documents/ROS_WORKSPACES/WS_Master_Thesis/install/uc1_robot_controllers_interfaces/share/uc1_robot_controllers_interfaces/cmake/uc1_robot_controllers_interfacesConfig-version.cmake
[6.595s] -- Up-to-date: /home/maclab/Documents/ROS_WORKSPACES/WS_Master_Thesis/install/uc1_robot_controllers_interfaces/share/uc1_robot_controllers_interfaces/package.xml
[6.596s] Invoked command in '/home/maclab/Documents/ROS_WORKSPACES/WS_Master_Thesis/build/uc1_robot_controllers_interfaces' returned '0': CMAKE_PREFIX_PATH=/opt/ros/humble /usr/bin/cmake --install /home/maclab/Documents/ROS_WORKSPACES/WS_Master_Thesis/build/uc1_robot_controllers_interfaces
