[0.042s] DEBUG:colcon:Command line arguments: ['/usr/bin/colcon', 'build']
[0.043s] DEBUG:colcon:Parsed command line arguments: Namespace(log_base=None, log_level=None, verb_name='build', build_base='build', install_base='install', merge_install=False, symlink_install=False, test_result_base=None, continue_on_error=False, executor='parallel', parallel_workers=32, event_handlers=None, ignore_user_meta=False, metas=['./colcon.meta'], base_paths=['.'], packages_ignore=None, packages_ignore_regex=None, paths=None, packages_up_to=None, packages_up_to_regex=None, packages_above=None, packages_above_and_dependencies=None, packages_above_depth=None, packages_select_by_dep=None, packages_skip_by_dep=None, packages_skip_up_to=None, packages_select_build_failed=False, packages_skip_build_finished=False, packages_select_test_failures=False, packages_skip_test_passed=False, packages_select=None, packages_skip=None, packages_select_regex=None, packages_skip_regex=None, packages_start=None, packages_end=None, allow_overriding=[], cmake_args=None, cmake_target=None, cmake_target_skip_unavailable=False, cmake_clean_cache=False, cmake_clean_first=False, cmake_force_configure=False, ament_cmake_args=None, catkin_cmake_args=None, catkin_skip_building_tests=False, mixin_files=None, mixin=None, verb_parser=<colcon_mixin.mixin.mixin_argument.MixinArgumentDecorator object at 0x73ae45d69ae0>, verb_extension=<colcon_core.verb.build.BuildVerb object at 0x73ae45d69450>, main=<bound method BuildVerb.main of <colcon_core.verb.build.BuildVerb object at 0x73ae45d69450>>, mixin_verb=('build',))
[0.103s] Level 1:colcon.colcon_core.package_discovery:discover_packages(colcon_meta) check parameters
[0.103s] Level 1:colcon.colcon_core.package_discovery:discover_packages(recursive) check parameters
[0.103s] Level 1:colcon.colcon_core.package_discovery:discover_packages(ignore) check parameters
[0.103s] Level 1:colcon.colcon_core.package_discovery:discover_packages(path) check parameters
[0.103s] Level 1:colcon.colcon_core.package_discovery:discover_packages(colcon_meta) discover
[0.103s] Level 1:colcon.colcon_core.package_discovery:discover_packages(recursive) discover
[0.103s] INFO:colcon.colcon_core.package_discovery:Crawling recursively for packages in '/home/maclab/Documents/ROS_WORKSPACES/WS_Master_Thesis'
[0.103s] Level 1:colcon.colcon_core.package_identification:_identify(.) by extensions ['ignore', 'ignore_ament_install']
[0.103s] Level 1:colcon.colcon_core.package_identification:_identify(.) by extension 'ignore'
[0.103s] Level 1:colcon.colcon_core.package_identification:_identify(.) by extension 'ignore_ament_install'
[0.103s] Level 1:colcon.colcon_core.package_identification:_identify(.) by extensions ['colcon_pkg']
[0.103s] Level 1:colcon.colcon_core.package_identification:_identify(.) by extension 'colcon_pkg'
[0.103s] Level 1:colcon.colcon_core.package_identification:_identify(.) by extensions ['colcon_meta']
[0.103s] Level 1:colcon.colcon_core.package_identification:_identify(.) by extension 'colcon_meta'
[0.103s] Level 1:colcon.colcon_core.package_identification:_identify(.) by extensions ['ros']
[0.103s] Level 1:colcon.colcon_core.package_identification:_identify(.) by extension 'ros'
[0.107s] Level 1:colcon.colcon_core.package_identification:_identify(.) by extensions ['cmake', 'python']
[0.107s] Level 1:colcon.colcon_core.package_identification:_identify(.) by extension 'cmake'
[0.107s] Level 1:colcon.colcon_core.package_identification:_identify(.) by extension 'python'
[0.107s] Level 1:colcon.colcon_core.package_identification:_identify(.) by extensions ['python_setup_py']
[0.107s] Level 1:colcon.colcon_core.package_identification:_identify(.) by extension 'python_setup_py'
[0.107s] Level 1:colcon.colcon_core.package_identification:_identify(build) by extensions ['ignore', 'ignore_ament_install']
[0.107s] Level 1:colcon.colcon_core.package_identification:_identify(build) by extension 'ignore'
[0.107s] Level 1:colcon.colcon_core.package_identification:_identify(build) ignored
[0.107s] Level 1:colcon.colcon_core.package_identification:_identify(install) by extensions ['ignore', 'ignore_ament_install']
[0.107s] Level 1:colcon.colcon_core.package_identification:_identify(install) by extension 'ignore'
[0.107s] Level 1:colcon.colcon_core.package_identification:_identify(install) ignored
[0.108s] Level 1:colcon.colcon_core.package_identification:_identify(log) by extensions ['ignore', 'ignore_ament_install']
[0.108s] Level 1:colcon.colcon_core.package_identification:_identify(log) by extension 'ignore'
[0.108s] Level 1:colcon.colcon_core.package_identification:_identify(log) ignored
[0.108s] Level 1:colcon.colcon_core.package_identification:_identify(src) by extensions ['ignore', 'ignore_ament_install']
[0.108s] Level 1:colcon.colcon_core.package_identification:_identify(src) by extension 'ignore'
[0.108s] Level 1:colcon.colcon_core.package_identification:_identify(src) by extension 'ignore_ament_install'
[0.108s] Level 1:colcon.colcon_core.package_identification:_identify(src) by extensions ['colcon_pkg']
[0.108s] Level 1:colcon.colcon_core.package_identification:_identify(src) by extension 'colcon_pkg'
[0.108s] Level 1:colcon.colcon_core.package_identification:_identify(src) by extensions ['colcon_meta']
[0.108s] Level 1:colcon.colcon_core.package_identification:_identify(src) by extension 'colcon_meta'
[0.108s] Level 1:colcon.colcon_core.package_identification:_identify(src) by extensions ['ros']
[0.108s] Level 1:colcon.colcon_core.package_identification:_identify(src) by extension 'ros'
[0.108s] Level 1:colcon.colcon_core.package_identification:_identify(src) by extensions ['cmake', 'python']
[0.108s] Level 1:colcon.colcon_core.package_identification:_identify(src) by extension 'cmake'
[0.108s] Level 1:colcon.colcon_core.package_identification:_identify(src) by extension 'python'
[0.108s] Level 1:colcon.colcon_core.package_identification:_identify(src) by extensions ['python_setup_py']
[0.108s] Level 1:colcon.colcon_core.package_identification:_identify(src) by extension 'python_setup_py'
[0.108s] Level 1:colcon.colcon_core.package_identification:_identify(src/environment_pointcloud_processing) by extensions ['ignore', 'ignore_ament_install']
[0.108s] Level 1:colcon.colcon_core.package_identification:_identify(src/environment_pointcloud_processing) by extension 'ignore'
[0.108s] Level 1:colcon.colcon_core.package_identification:_identify(src/environment_pointcloud_processing) by extension 'ignore_ament_install'
[0.108s] Level 1:colcon.colcon_core.package_identification:_identify(src/environment_pointcloud_processing) by extensions ['colcon_pkg']
[0.108s] Level 1:colcon.colcon_core.package_identification:_identify(src/environment_pointcloud_processing) by extension 'colcon_pkg'
[0.108s] Level 1:colcon.colcon_core.package_identification:_identify(src/environment_pointcloud_processing) by extensions ['colcon_meta']
[0.108s] Level 1:colcon.colcon_core.package_identification:_identify(src/environment_pointcloud_processing) by extension 'colcon_meta'
[0.108s] Level 1:colcon.colcon_core.package_identification:_identify(src/environment_pointcloud_processing) by extensions ['ros']
[0.108s] Level 1:colcon.colcon_core.package_identification:_identify(src/environment_pointcloud_processing) by extension 'ros'
[0.109s] DEBUG:colcon.colcon_core.package_identification:Package 'src/environment_pointcloud_processing' with type 'ros.ament_cmake' and name 'environment_pointcloud_processing'
[0.109s] Level 1:colcon.colcon_core.package_identification:_identify(src/keyboard_events_publisher) by extensions ['ignore', 'ignore_ament_install']
[0.109s] Level 1:colcon.colcon_core.package_identification:_identify(src/keyboard_events_publisher) by extension 'ignore'
[0.109s] Level 1:colcon.colcon_core.package_identification:_identify(src/keyboard_events_publisher) by extension 'ignore_ament_install'
[0.109s] Level 1:colcon.colcon_core.package_identification:_identify(src/keyboard_events_publisher) by extensions ['colcon_pkg']
[0.109s] Level 1:colcon.colcon_core.package_identification:_identify(src/keyboard_events_publisher) by extension 'colcon_pkg'
[0.109s] Level 1:colcon.colcon_core.package_identification:_identify(src/keyboard_events_publisher) by extensions ['colcon_meta']
[0.109s] Level 1:colcon.colcon_core.package_identification:_identify(src/keyboard_events_publisher) by extension 'colcon_meta'
[0.109s] Level 1:colcon.colcon_core.package_identification:_identify(src/keyboard_events_publisher) by extensions ['ros']
[0.109s] Level 1:colcon.colcon_core.package_identification:_identify(src/keyboard_events_publisher) by extension 'ros'
[0.110s] DEBUG:colcon.colcon_core.package_identification:Package 'src/keyboard_events_publisher' with type 'ros.ament_cmake' and name 'keyboard_publisher_pkg'
[0.110s] Level 1:colcon.colcon_core.package_identification:_identify(src/kuka_150_3100_description) by extensions ['ignore', 'ignore_ament_install']
[0.110s] Level 1:colcon.colcon_core.package_identification:_identify(src/kuka_150_3100_description) by extension 'ignore'
[0.110s] Level 1:colcon.colcon_core.package_identification:_identify(src/kuka_150_3100_description) by extension 'ignore_ament_install'
[0.110s] Level 1:colcon.colcon_core.package_identification:_identify(src/kuka_150_3100_description) by extensions ['colcon_pkg']
[0.110s] Level 1:colcon.colcon_core.package_identification:_identify(src/kuka_150_3100_description) by extension 'colcon_pkg'
[0.110s] Level 1:colcon.colcon_core.package_identification:_identify(src/kuka_150_3100_description) by extensions ['colcon_meta']
[0.110s] Level 1:colcon.colcon_core.package_identification:_identify(src/kuka_150_3100_description) by extension 'colcon_meta'
[0.110s] Level 1:colcon.colcon_core.package_identification:_identify(src/kuka_150_3100_description) by extensions ['ros']
[0.110s] Level 1:colcon.colcon_core.package_identification:_identify(src/kuka_150_3100_description) by extension 'ros'
[0.110s] DEBUG:colcon.colcon_core.package_identification:Package 'src/kuka_150_3100_description' with type 'ros.ament_cmake' and name 'kuka_150_3100_description'
[0.110s] Level 1:colcon.colcon_core.package_identification:_identify(src/kuka_resources) by extensions ['ignore', 'ignore_ament_install']
[0.110s] Level 1:colcon.colcon_core.package_identification:_identify(src/kuka_resources) by extension 'ignore'
[0.110s] Level 1:colcon.colcon_core.package_identification:_identify(src/kuka_resources) by extension 'ignore_ament_install'
[0.110s] Level 1:colcon.colcon_core.package_identification:_identify(src/kuka_resources) by extensions ['colcon_pkg']
[0.110s] Level 1:colcon.colcon_core.package_identification:_identify(src/kuka_resources) by extension 'colcon_pkg'
[0.110s] Level 1:colcon.colcon_core.package_identification:_identify(src/kuka_resources) by extensions ['colcon_meta']
[0.110s] Level 1:colcon.colcon_core.package_identification:_identify(src/kuka_resources) by extension 'colcon_meta'
[0.110s] Level 1:colcon.colcon_core.package_identification:_identify(src/kuka_resources) by extensions ['ros']
[0.110s] Level 1:colcon.colcon_core.package_identification:_identify(src/kuka_resources) by extension 'ros'
[0.110s] DEBUG:colcon.colcon_core.package_identification:Package 'src/kuka_resources' with type 'ros.ament_cmake' and name 'kuka_resources'
[0.110s] Level 1:colcon.colcon_core.package_identification:_identify(src/pointcloud_interactive_markers) by extensions ['ignore', 'ignore_ament_install']
[0.110s] Level 1:colcon.colcon_core.package_identification:_identify(src/pointcloud_interactive_markers) by extension 'ignore'
[0.110s] Level 1:colcon.colcon_core.package_identification:_identify(src/pointcloud_interactive_markers) by extension 'ignore_ament_install'
[0.110s] Level 1:colcon.colcon_core.package_identification:_identify(src/pointcloud_interactive_markers) by extensions ['colcon_pkg']
[0.110s] Level 1:colcon.colcon_core.package_identification:_identify(src/pointcloud_interactive_markers) by extension 'colcon_pkg'
[0.110s] Level 1:colcon.colcon_core.package_identification:_identify(src/pointcloud_interactive_markers) by extensions ['colcon_meta']
[0.110s] Level 1:colcon.colcon_core.package_identification:_identify(src/pointcloud_interactive_markers) by extension 'colcon_meta'
[0.110s] Level 1:colcon.colcon_core.package_identification:_identify(src/pointcloud_interactive_markers) by extensions ['ros']
[0.110s] Level 1:colcon.colcon_core.package_identification:_identify(src/pointcloud_interactive_markers) by extension 'ros'
[0.111s] DEBUG:colcon.colcon_core.package_identification:Package 'src/pointcloud_interactive_markers' with type 'ros.ament_cmake' and name 'pointcloud_interactive_markers'
[0.111s] Level 1:colcon.colcon_core.package_identification:_identify(src/rsp_uc1) by extensions ['ignore', 'ignore_ament_install']
[0.111s] Level 1:colcon.colcon_core.package_identification:_identify(src/rsp_uc1) by extension 'ignore'
[0.111s] Level 1:colcon.colcon_core.package_identification:_identify(src/rsp_uc1) by extension 'ignore_ament_install'
[0.111s] Level 1:colcon.colcon_core.package_identification:_identify(src/rsp_uc1) by extensions ['colcon_pkg']
[0.111s] Level 1:colcon.colcon_core.package_identification:_identify(src/rsp_uc1) by extension 'colcon_pkg'
[0.111s] Level 1:colcon.colcon_core.package_identification:_identify(src/rsp_uc1) by extensions ['colcon_meta']
[0.111s] Level 1:colcon.colcon_core.package_identification:_identify(src/rsp_uc1) by extension 'colcon_meta'
[0.111s] Level 1:colcon.colcon_core.package_identification:_identify(src/rsp_uc1) by extensions ['ros']
[0.111s] Level 1:colcon.colcon_core.package_identification:_identify(src/rsp_uc1) by extension 'ros'
[0.111s] DEBUG:colcon.colcon_core.package_identification:Package 'src/rsp_uc1' with type 'ros.ament_cmake' and name 'rsp_uc1'
[0.112s] Level 1:colcon.colcon_core.package_identification:_identify(src/uc1_robot_controllers) by extensions ['ignore', 'ignore_ament_install']
[0.112s] Level 1:colcon.colcon_core.package_identification:_identify(src/uc1_robot_controllers) by extension 'ignore'
[0.112s] Level 1:colcon.colcon_core.package_identification:_identify(src/uc1_robot_controllers) by extension 'ignore_ament_install'
[0.112s] Level 1:colcon.colcon_core.package_identification:_identify(src/uc1_robot_controllers) by extensions ['colcon_pkg']
[0.112s] Level 1:colcon.colcon_core.package_identification:_identify(src/uc1_robot_controllers) by extension 'colcon_pkg'
[0.112s] Level 1:colcon.colcon_core.package_identification:_identify(src/uc1_robot_controllers) by extensions ['colcon_meta']
[0.112s] Level 1:colcon.colcon_core.package_identification:_identify(src/uc1_robot_controllers) by extension 'colcon_meta'
[0.112s] Level 1:colcon.colcon_core.package_identification:_identify(src/uc1_robot_controllers) by extensions ['ros']
[0.112s] Level 1:colcon.colcon_core.package_identification:_identify(src/uc1_robot_controllers) by extension 'ros'
[0.112s] DEBUG:colcon.colcon_core.package_identification:Package 'src/uc1_robot_controllers' with type 'ros.ament_cmake' and name 'uc1_robot_controllers'
[0.112s] Level 1:colcon.colcon_core.package_identification:_identify(src/uc1_robot_controllers_interfaces) by extensions ['ignore', 'ignore_ament_install']
[0.112s] Level 1:colcon.colcon_core.package_identification:_identify(src/uc1_robot_controllers_interfaces) by extension 'ignore'
[0.112s] Level 1:colcon.colcon_core.package_identification:_identify(src/uc1_robot_controllers_interfaces) by extension 'ignore_ament_install'
[0.112s] Level 1:colcon.colcon_core.package_identification:_identify(src/uc1_robot_controllers_interfaces) by extensions ['colcon_pkg']
[0.112s] Level 1:colcon.colcon_core.package_identification:_identify(src/uc1_robot_controllers_interfaces) by extension 'colcon_pkg'
[0.112s] Level 1:colcon.colcon_core.package_identification:_identify(src/uc1_robot_controllers_interfaces) by extensions ['colcon_meta']
[0.112s] Level 1:colcon.colcon_core.package_identification:_identify(src/uc1_robot_controllers_interfaces) by extension 'colcon_meta'
[0.112s] Level 1:colcon.colcon_core.package_identification:_identify(src/uc1_robot_controllers_interfaces) by extensions ['ros']
[0.112s] Level 1:colcon.colcon_core.package_identification:_identify(src/uc1_robot_controllers_interfaces) by extension 'ros'
[0.113s] DEBUG:colcon.colcon_core.package_identification:Package 'src/uc1_robot_controllers_interfaces' with type 'ros.ament_cmake' and name 'uc1_robot_controllers_interfaces'
[0.113s] Level 1:colcon.colcon_core.package_identification:_identify(src/uc1_robot_perception) by extensions ['ignore', 'ignore_ament_install']
[0.113s] Level 1:colcon.colcon_core.package_identification:_identify(src/uc1_robot_perception) by extension 'ignore'
[0.113s] Level 1:colcon.colcon_core.package_identification:_identify(src/uc1_robot_perception) by extension 'ignore_ament_install'
[0.113s] Level 1:colcon.colcon_core.package_identification:_identify(src/uc1_robot_perception) by extensions ['colcon_pkg']
[0.113s] Level 1:colcon.colcon_core.package_identification:_identify(src/uc1_robot_perception) by extension 'colcon_pkg'
[0.113s] Level 1:colcon.colcon_core.package_identification:_identify(src/uc1_robot_perception) by extensions ['colcon_meta']
[0.113s] Level 1:colcon.colcon_core.package_identification:_identify(src/uc1_robot_perception) by extension 'colcon_meta'
[0.113s] Level 1:colcon.colcon_core.package_identification:_identify(src/uc1_robot_perception) by extensions ['ros']
[0.113s] Level 1:colcon.colcon_core.package_identification:_identify(src/uc1_robot_perception) by extension 'ros'
[0.113s] DEBUG:colcon.colcon_core.package_identification:Package 'src/uc1_robot_perception' with type 'ros.ament_cmake' and name 'uc1_robot_perception'
[0.113s] Level 1:colcon.colcon_core.package_identification:_identify(src/uc1_robots_description) by extensions ['ignore', 'ignore_ament_install']
[0.113s] Level 1:colcon.colcon_core.package_identification:_identify(src/uc1_robots_description) by extension 'ignore'
[0.113s] Level 1:colcon.colcon_core.package_identification:_identify(src/uc1_robots_description) by extension 'ignore_ament_install'
[0.113s] Level 1:colcon.colcon_core.package_identification:_identify(src/uc1_robots_description) by extensions ['colcon_pkg']
[0.113s] Level 1:colcon.colcon_core.package_identification:_identify(src/uc1_robots_description) by extension 'colcon_pkg'
[0.113s] Level 1:colcon.colcon_core.package_identification:_identify(src/uc1_robots_description) by extensions ['colcon_meta']
[0.113s] Level 1:colcon.colcon_core.package_identification:_identify(src/uc1_robots_description) by extension 'colcon_meta'
[0.113s] Level 1:colcon.colcon_core.package_identification:_identify(src/uc1_robots_description) by extensions ['ros']
[0.113s] Level 1:colcon.colcon_core.package_identification:_identify(src/uc1_robots_description) by extension 'ros'
[0.114s] DEBUG:colcon.colcon_core.package_identification:Package 'src/uc1_robots_description' with type 'ros.ament_cmake' and name 'uc1_robots_description'
[0.114s] Level 1:colcon.colcon_core.package_identification:_identify(src/ur_admittance_controller) by extensions ['ignore', 'ignore_ament_install']
[0.114s] Level 1:colcon.colcon_core.package_identification:_identify(src/ur_admittance_controller) by extension 'ignore'
[0.114s] Level 1:colcon.colcon_core.package_identification:_identify(src/ur_admittance_controller) by extension 'ignore_ament_install'
[0.114s] Level 1:colcon.colcon_core.package_identification:_identify(src/ur_admittance_controller) by extensions ['colcon_pkg']
[0.114s] Level 1:colcon.colcon_core.package_identification:_identify(src/ur_admittance_controller) by extension 'colcon_pkg'
[0.114s] Level 1:colcon.colcon_core.package_identification:_identify(src/ur_admittance_controller) by extensions ['colcon_meta']
[0.114s] Level 1:colcon.colcon_core.package_identification:_identify(src/ur_admittance_controller) by extension 'colcon_meta'
[0.114s] Level 1:colcon.colcon_core.package_identification:_identify(src/ur_admittance_controller) by extensions ['ros']
[0.114s] Level 1:colcon.colcon_core.package_identification:_identify(src/ur_admittance_controller) by extension 'ros'
[0.114s] DEBUG:colcon.colcon_core.package_identification:Package 'src/ur_admittance_controller' with type 'ros.ament_cmake' and name 'ur_admittance_controller'
[0.115s] Level 1:colcon.colcon_core.package_identification:_identify(src/urdf_launch) by extensions ['ignore', 'ignore_ament_install']
[0.115s] Level 1:colcon.colcon_core.package_identification:_identify(src/urdf_launch) by extension 'ignore'
[0.115s] Level 1:colcon.colcon_core.package_identification:_identify(src/urdf_launch) by extension 'ignore_ament_install'
[0.115s] Level 1:colcon.colcon_core.package_identification:_identify(src/urdf_launch) by extensions ['colcon_pkg']
[0.115s] Level 1:colcon.colcon_core.package_identification:_identify(src/urdf_launch) by extension 'colcon_pkg'
[0.115s] Level 1:colcon.colcon_core.package_identification:_identify(src/urdf_launch) by extensions ['colcon_meta']
[0.115s] Level 1:colcon.colcon_core.package_identification:_identify(src/urdf_launch) by extension 'colcon_meta'
[0.115s] Level 1:colcon.colcon_core.package_identification:_identify(src/urdf_launch) by extensions ['ros']
[0.115s] Level 1:colcon.colcon_core.package_identification:_identify(src/urdf_launch) by extension 'ros'
[0.115s] DEBUG:colcon.colcon_core.package_identification:Package 'src/urdf_launch' with type 'ros.ament_cmake' and name 'urdf_launch'
[0.115s] Level 1:colcon.colcon_core.package_discovery:discover_packages(recursive) using defaults
[0.115s] Level 1:colcon.colcon_core.package_discovery:discover_packages(ignore) discover
[0.115s] Level 1:colcon.colcon_core.package_discovery:discover_packages(ignore) using defaults
[0.115s] Level 1:colcon.colcon_core.package_discovery:discover_packages(path) discover
[0.115s] Level 1:colcon.colcon_core.package_discovery:discover_packages(path) using defaults
[0.127s] Level 1:colcon.colcon_core.package_discovery:discover_packages(prefix_path) check parameters
[0.127s] Level 1:colcon.colcon_core.package_discovery:discover_packages(prefix_path) discover
[0.128s] DEBUG:colcon.colcon_installed_package_information.package_discovery:Found 311 installed packages in /opt/ros/humble
[0.129s] Level 1:colcon.colcon_core.package_discovery:discover_packages(prefix_path) using defaults
[0.144s] Level 5:colcon.colcon_core.verb:set package 'environment_pointcloud_processing' build argument 'cmake_args' from command line to 'None'
[0.144s] Level 5:colcon.colcon_core.verb:set package 'environment_pointcloud_processing' build argument 'cmake_target' from command line to 'None'
[0.144s] Level 5:colcon.colcon_core.verb:set package 'environment_pointcloud_processing' build argument 'cmake_target_skip_unavailable' from command line to 'False'
[0.144s] Level 5:colcon.colcon_core.verb:set package 'environment_pointcloud_processing' build argument 'cmake_clean_cache' from command line to 'False'
[0.144s] Level 5:colcon.colcon_core.verb:set package 'environment_pointcloud_processing' build argument 'cmake_clean_first' from command line to 'False'
[0.144s] Level 5:colcon.colcon_core.verb:set package 'environment_pointcloud_processing' build argument 'cmake_force_configure' from command line to 'False'
[0.144s] Level 5:colcon.colcon_core.verb:set package 'environment_pointcloud_processing' build argument 'ament_cmake_args' from command line to 'None'
[0.144s] Level 5:colcon.colcon_core.verb:set package 'environment_pointcloud_processing' build argument 'catkin_cmake_args' from command line to 'None'
[0.144s] Level 5:colcon.colcon_core.verb:set package 'environment_pointcloud_processing' build argument 'catkin_skip_building_tests' from command line to 'False'
[0.144s] DEBUG:colcon.colcon_core.verb:Building package 'environment_pointcloud_processing' with the following arguments: {'ament_cmake_args': None, 'build_base': '/home/maclab/Documents/ROS_WORKSPACES/WS_Master_Thesis/build/environment_pointcloud_processing', 'catkin_cmake_args': None, 'catkin_skip_building_tests': False, 'cmake_args': None, 'cmake_clean_cache': False, 'cmake_clean_first': False, 'cmake_force_configure': False, 'cmake_target': None, 'cmake_target_skip_unavailable': False, 'install_base': '/home/maclab/Documents/ROS_WORKSPACES/WS_Master_Thesis/install/environment_pointcloud_processing', 'merge_install': False, 'path': '/home/maclab/Documents/ROS_WORKSPACES/WS_Master_Thesis/src/environment_pointcloud_processing', 'symlink_install': False, 'test_result_base': None}
[0.144s] Level 5:colcon.colcon_core.verb:set package 'keyboard_publisher_pkg' build argument 'cmake_args' from command line to 'None'
[0.144s] Level 5:colcon.colcon_core.verb:set package 'keyboard_publisher_pkg' build argument 'cmake_target' from command line to 'None'
[0.144s] Level 5:colcon.colcon_core.verb:set package 'keyboard_publisher_pkg' build argument 'cmake_target_skip_unavailable' from command line to 'False'
[0.144s] Level 5:colcon.colcon_core.verb:set package 'keyboard_publisher_pkg' build argument 'cmake_clean_cache' from command line to 'False'
[0.144s] Level 5:colcon.colcon_core.verb:set package 'keyboard_publisher_pkg' build argument 'cmake_clean_first' from command line to 'False'
[0.144s] Level 5:colcon.colcon_core.verb:set package 'keyboard_publisher_pkg' build argument 'cmake_force_configure' from command line to 'False'
[0.144s] Level 5:colcon.colcon_core.verb:set package 'keyboard_publisher_pkg' build argument 'ament_cmake_args' from command line to 'None'
[0.144s] Level 5:colcon.colcon_core.verb:set package 'keyboard_publisher_pkg' build argument 'catkin_cmake_args' from command line to 'None'
[0.144s] Level 5:colcon.colcon_core.verb:set package 'keyboard_publisher_pkg' build argument 'catkin_skip_building_tests' from command line to 'False'
[0.144s] DEBUG:colcon.colcon_core.verb:Building package 'keyboard_publisher_pkg' with the following arguments: {'ament_cmake_args': None, 'build_base': '/home/maclab/Documents/ROS_WORKSPACES/WS_Master_Thesis/build/keyboard_publisher_pkg', 'catkin_cmake_args': None, 'catkin_skip_building_tests': False, 'cmake_args': None, 'cmake_clean_cache': False, 'cmake_clean_first': False, 'cmake_force_configure': False, 'cmake_target': None, 'cmake_target_skip_unavailable': False, 'install_base': '/home/maclab/Documents/ROS_WORKSPACES/WS_Master_Thesis/install/keyboard_publisher_pkg', 'merge_install': False, 'path': '/home/maclab/Documents/ROS_WORKSPACES/WS_Master_Thesis/src/keyboard_events_publisher', 'symlink_install': False, 'test_result_base': None}
[0.144s] Level 5:colcon.colcon_core.verb:set package 'kuka_150_3100_description' build argument 'cmake_args' from command line to 'None'
[0.144s] Level 5:colcon.colcon_core.verb:set package 'kuka_150_3100_description' build argument 'cmake_target' from command line to 'None'
[0.144s] Level 5:colcon.colcon_core.verb:set package 'kuka_150_3100_description' build argument 'cmake_target_skip_unavailable' from command line to 'False'
[0.144s] Level 5:colcon.colcon_core.verb:set package 'kuka_150_3100_description' build argument 'cmake_clean_cache' from command line to 'False'
[0.144s] Level 5:colcon.colcon_core.verb:set package 'kuka_150_3100_description' build argument 'cmake_clean_first' from command line to 'False'
[0.144s] Level 5:colcon.colcon_core.verb:set package 'kuka_150_3100_description' build argument 'cmake_force_configure' from command line to 'False'
[0.144s] Level 5:colcon.colcon_core.verb:set package 'kuka_150_3100_description' build argument 'ament_cmake_args' from command line to 'None'
[0.144s] Level 5:colcon.colcon_core.verb:set package 'kuka_150_3100_description' build argument 'catkin_cmake_args' from command line to 'None'
[0.144s] Level 5:colcon.colcon_core.verb:set package 'kuka_150_3100_description' build argument 'catkin_skip_building_tests' from command line to 'False'
[0.144s] DEBUG:colcon.colcon_core.verb:Building package 'kuka_150_3100_description' with the following arguments: {'ament_cmake_args': None, 'build_base': '/home/maclab/Documents/ROS_WORKSPACES/WS_Master_Thesis/build/kuka_150_3100_description', 'catkin_cmake_args': None, 'catkin_skip_building_tests': False, 'cmake_args': None, 'cmake_clean_cache': False, 'cmake_clean_first': False, 'cmake_force_configure': False, 'cmake_target': None, 'cmake_target_skip_unavailable': False, 'install_base': '/home/maclab/Documents/ROS_WORKSPACES/WS_Master_Thesis/install/kuka_150_3100_description', 'merge_install': False, 'path': '/home/maclab/Documents/ROS_WORKSPACES/WS_Master_Thesis/src/kuka_150_3100_description', 'symlink_install': False, 'test_result_base': None}
[0.144s] Level 5:colcon.colcon_core.verb:set package 'kuka_resources' build argument 'cmake_args' from command line to 'None'
[0.144s] Level 5:colcon.colcon_core.verb:set package 'kuka_resources' build argument 'cmake_target' from command line to 'None'
[0.144s] Level 5:colcon.colcon_core.verb:set package 'kuka_resources' build argument 'cmake_target_skip_unavailable' from command line to 'False'
[0.144s] Level 5:colcon.colcon_core.verb:set package 'kuka_resources' build argument 'cmake_clean_cache' from command line to 'False'
[0.144s] Level 5:colcon.colcon_core.verb:set package 'kuka_resources' build argument 'cmake_clean_first' from command line to 'False'
[0.144s] Level 5:colcon.colcon_core.verb:set package 'kuka_resources' build argument 'cmake_force_configure' from command line to 'False'
[0.144s] Level 5:colcon.colcon_core.verb:set package 'kuka_resources' build argument 'ament_cmake_args' from command line to 'None'
[0.144s] Level 5:colcon.colcon_core.verb:set package 'kuka_resources' build argument 'catkin_cmake_args' from command line to 'None'
[0.144s] Level 5:colcon.colcon_core.verb:set package 'kuka_resources' build argument 'catkin_skip_building_tests' from command line to 'False'
[0.144s] DEBUG:colcon.colcon_core.verb:Building package 'kuka_resources' with the following arguments: {'ament_cmake_args': None, 'build_base': '/home/maclab/Documents/ROS_WORKSPACES/WS_Master_Thesis/build/kuka_resources', 'catkin_cmake_args': None, 'catkin_skip_building_tests': False, 'cmake_args': None, 'cmake_clean_cache': False, 'cmake_clean_first': False, 'cmake_force_configure': False, 'cmake_target': None, 'cmake_target_skip_unavailable': False, 'install_base': '/home/maclab/Documents/ROS_WORKSPACES/WS_Master_Thesis/install/kuka_resources', 'merge_install': False, 'path': '/home/maclab/Documents/ROS_WORKSPACES/WS_Master_Thesis/src/kuka_resources', 'symlink_install': False, 'test_result_base': None}
[0.145s] Level 5:colcon.colcon_core.verb:set package 'pointcloud_interactive_markers' build argument 'cmake_args' from command line to 'None'
[0.145s] Level 5:colcon.colcon_core.verb:set package 'pointcloud_interactive_markers' build argument 'cmake_target' from command line to 'None'
[0.145s] Level 5:colcon.colcon_core.verb:set package 'pointcloud_interactive_markers' build argument 'cmake_target_skip_unavailable' from command line to 'False'
[0.145s] Level 5:colcon.colcon_core.verb:set package 'pointcloud_interactive_markers' build argument 'cmake_clean_cache' from command line to 'False'
[0.145s] Level 5:colcon.colcon_core.verb:set package 'pointcloud_interactive_markers' build argument 'cmake_clean_first' from command line to 'False'
[0.145s] Level 5:colcon.colcon_core.verb:set package 'pointcloud_interactive_markers' build argument 'cmake_force_configure' from command line to 'False'
[0.145s] Level 5:colcon.colcon_core.verb:set package 'pointcloud_interactive_markers' build argument 'ament_cmake_args' from command line to 'None'
[0.145s] Level 5:colcon.colcon_core.verb:set package 'pointcloud_interactive_markers' build argument 'catkin_cmake_args' from command line to 'None'
[0.145s] Level 5:colcon.colcon_core.verb:set package 'pointcloud_interactive_markers' build argument 'catkin_skip_building_tests' from command line to 'False'
[0.145s] DEBUG:colcon.colcon_core.verb:Building package 'pointcloud_interactive_markers' with the following arguments: {'ament_cmake_args': None, 'build_base': '/home/maclab/Documents/ROS_WORKSPACES/WS_Master_Thesis/build/pointcloud_interactive_markers', 'catkin_cmake_args': None, 'catkin_skip_building_tests': False, 'cmake_args': None, 'cmake_clean_cache': False, 'cmake_clean_first': False, 'cmake_force_configure': False, 'cmake_target': None, 'cmake_target_skip_unavailable': False, 'install_base': '/home/maclab/Documents/ROS_WORKSPACES/WS_Master_Thesis/install/pointcloud_interactive_markers', 'merge_install': False, 'path': '/home/maclab/Documents/ROS_WORKSPACES/WS_Master_Thesis/src/pointcloud_interactive_markers', 'symlink_install': False, 'test_result_base': None}
[0.145s] Level 5:colcon.colcon_core.verb:set package 'rsp_uc1' build argument 'cmake_args' from command line to 'None'
[0.145s] Level 5:colcon.colcon_core.verb:set package 'rsp_uc1' build argument 'cmake_target' from command line to 'None'
[0.145s] Level 5:colcon.colcon_core.verb:set package 'rsp_uc1' build argument 'cmake_target_skip_unavailable' from command line to 'False'
[0.145s] Level 5:colcon.colcon_core.verb:set package 'rsp_uc1' build argument 'cmake_clean_cache' from command line to 'False'
[0.145s] Level 5:colcon.colcon_core.verb:set package 'rsp_uc1' build argument 'cmake_clean_first' from command line to 'False'
[0.145s] Level 5:colcon.colcon_core.verb:set package 'rsp_uc1' build argument 'cmake_force_configure' from command line to 'False'
[0.145s] Level 5:colcon.colcon_core.verb:set package 'rsp_uc1' build argument 'ament_cmake_args' from command line to 'None'
[0.145s] Level 5:colcon.colcon_core.verb:set package 'rsp_uc1' build argument 'catkin_cmake_args' from command line to 'None'
[0.145s] Level 5:colcon.colcon_core.verb:set package 'rsp_uc1' build argument 'catkin_skip_building_tests' from command line to 'False'
[0.145s] DEBUG:colcon.colcon_core.verb:Building package 'rsp_uc1' with the following arguments: {'ament_cmake_args': None, 'build_base': '/home/maclab/Documents/ROS_WORKSPACES/WS_Master_Thesis/build/rsp_uc1', 'catkin_cmake_args': None, 'catkin_skip_building_tests': False, 'cmake_args': None, 'cmake_clean_cache': False, 'cmake_clean_first': False, 'cmake_force_configure': False, 'cmake_target': None, 'cmake_target_skip_unavailable': False, 'install_base': '/home/maclab/Documents/ROS_WORKSPACES/WS_Master_Thesis/install/rsp_uc1', 'merge_install': False, 'path': '/home/maclab/Documents/ROS_WORKSPACES/WS_Master_Thesis/src/rsp_uc1', 'symlink_install': False, 'test_result_base': None}
[0.145s] Level 5:colcon.colcon_core.verb:set package 'uc1_robot_controllers_interfaces' build argument 'cmake_args' from command line to 'None'
[0.145s] Level 5:colcon.colcon_core.verb:set package 'uc1_robot_controllers_interfaces' build argument 'cmake_target' from command line to 'None'
[0.145s] Level 5:colcon.colcon_core.verb:set package 'uc1_robot_controllers_interfaces' build argument 'cmake_target_skip_unavailable' from command line to 'False'
[0.145s] Level 5:colcon.colcon_core.verb:set package 'uc1_robot_controllers_interfaces' build argument 'cmake_clean_cache' from command line to 'False'
[0.145s] Level 5:colcon.colcon_core.verb:set package 'uc1_robot_controllers_interfaces' build argument 'cmake_clean_first' from command line to 'False'
[0.145s] Level 5:colcon.colcon_core.verb:set package 'uc1_robot_controllers_interfaces' build argument 'cmake_force_configure' from command line to 'False'
[0.145s] Level 5:colcon.colcon_core.verb:set package 'uc1_robot_controllers_interfaces' build argument 'ament_cmake_args' from command line to 'None'
[0.145s] Level 5:colcon.colcon_core.verb:set package 'uc1_robot_controllers_interfaces' build argument 'catkin_cmake_args' from command line to 'None'
[0.145s] Level 5:colcon.colcon_core.verb:set package 'uc1_robot_controllers_interfaces' build argument 'catkin_skip_building_tests' from command line to 'False'
[0.145s] DEBUG:colcon.colcon_core.verb:Building package 'uc1_robot_controllers_interfaces' with the following arguments: {'ament_cmake_args': None, 'build_base': '/home/maclab/Documents/ROS_WORKSPACES/WS_Master_Thesis/build/uc1_robot_controllers_interfaces', 'catkin_cmake_args': None, 'catkin_skip_building_tests': False, 'cmake_args': None, 'cmake_clean_cache': False, 'cmake_clean_first': False, 'cmake_force_configure': False, 'cmake_target': None, 'cmake_target_skip_unavailable': False, 'install_base': '/home/maclab/Documents/ROS_WORKSPACES/WS_Master_Thesis/install/uc1_robot_controllers_interfaces', 'merge_install': False, 'path': '/home/maclab/Documents/ROS_WORKSPACES/WS_Master_Thesis/src/uc1_robot_controllers_interfaces', 'symlink_install': False, 'test_result_base': None}
[0.145s] Level 5:colcon.colcon_core.verb:set package 'uc1_robot_perception' build argument 'cmake_args' from command line to 'None'
[0.145s] Level 5:colcon.colcon_core.verb:set package 'uc1_robot_perception' build argument 'cmake_target' from command line to 'None'
[0.145s] Level 5:colcon.colcon_core.verb:set package 'uc1_robot_perception' build argument 'cmake_target_skip_unavailable' from command line to 'False'
[0.145s] Level 5:colcon.colcon_core.verb:set package 'uc1_robot_perception' build argument 'cmake_clean_cache' from command line to 'False'
[0.145s] Level 5:colcon.colcon_core.verb:set package 'uc1_robot_perception' build argument 'cmake_clean_first' from command line to 'False'
[0.145s] Level 5:colcon.colcon_core.verb:set package 'uc1_robot_perception' build argument 'cmake_force_configure' from command line to 'False'
[0.145s] Level 5:colcon.colcon_core.verb:set package 'uc1_robot_perception' build argument 'ament_cmake_args' from command line to 'None'
[0.145s] Level 5:colcon.colcon_core.verb:set package 'uc1_robot_perception' build argument 'catkin_cmake_args' from command line to 'None'
[0.145s] Level 5:colcon.colcon_core.verb:set package 'uc1_robot_perception' build argument 'catkin_skip_building_tests' from command line to 'False'
[0.145s] DEBUG:colcon.colcon_core.verb:Building package 'uc1_robot_perception' with the following arguments: {'ament_cmake_args': None, 'build_base': '/home/maclab/Documents/ROS_WORKSPACES/WS_Master_Thesis/build/uc1_robot_perception', 'catkin_cmake_args': None, 'catkin_skip_building_tests': False, 'cmake_args': None, 'cmake_clean_cache': False, 'cmake_clean_first': False, 'cmake_force_configure': False, 'cmake_target': None, 'cmake_target_skip_unavailable': False, 'install_base': '/home/maclab/Documents/ROS_WORKSPACES/WS_Master_Thesis/install/uc1_robot_perception', 'merge_install': False, 'path': '/home/maclab/Documents/ROS_WORKSPACES/WS_Master_Thesis/src/uc1_robot_perception', 'symlink_install': False, 'test_result_base': None}
[0.145s] Level 5:colcon.colcon_core.verb:set package 'uc1_robots_description' build argument 'cmake_args' from command line to 'None'
[0.145s] Level 5:colcon.colcon_core.verb:set package 'uc1_robots_description' build argument 'cmake_target' from command line to 'None'
[0.145s] Level 5:colcon.colcon_core.verb:set package 'uc1_robots_description' build argument 'cmake_target_skip_unavailable' from command line to 'False'
[0.145s] Level 5:colcon.colcon_core.verb:set package 'uc1_robots_description' build argument 'cmake_clean_cache' from command line to 'False'
[0.145s] Level 5:colcon.colcon_core.verb:set package 'uc1_robots_description' build argument 'cmake_clean_first' from command line to 'False'
[0.145s] Level 5:colcon.colcon_core.verb:set package 'uc1_robots_description' build argument 'cmake_force_configure' from command line to 'False'
[0.145s] Level 5:colcon.colcon_core.verb:set package 'uc1_robots_description' build argument 'ament_cmake_args' from command line to 'None'
[0.145s] Level 5:colcon.colcon_core.verb:set package 'uc1_robots_description' build argument 'catkin_cmake_args' from command line to 'None'
[0.145s] Level 5:colcon.colcon_core.verb:set package 'uc1_robots_description' build argument 'catkin_skip_building_tests' from command line to 'False'
[0.145s] DEBUG:colcon.colcon_core.verb:Building package 'uc1_robots_description' with the following arguments: {'ament_cmake_args': None, 'build_base': '/home/maclab/Documents/ROS_WORKSPACES/WS_Master_Thesis/build/uc1_robots_description', 'catkin_cmake_args': None, 'catkin_skip_building_tests': False, 'cmake_args': None, 'cmake_clean_cache': False, 'cmake_clean_first': False, 'cmake_force_configure': False, 'cmake_target': None, 'cmake_target_skip_unavailable': False, 'install_base': '/home/maclab/Documents/ROS_WORKSPACES/WS_Master_Thesis/install/uc1_robots_description', 'merge_install': False, 'path': '/home/maclab/Documents/ROS_WORKSPACES/WS_Master_Thesis/src/uc1_robots_description', 'symlink_install': False, 'test_result_base': None}
[0.146s] Level 5:colcon.colcon_core.verb:set package 'ur_admittance_controller' build argument 'cmake_args' from command line to 'None'
[0.146s] Level 5:colcon.colcon_core.verb:set package 'ur_admittance_controller' build argument 'cmake_target' from command line to 'None'
[0.146s] Level 5:colcon.colcon_core.verb:set package 'ur_admittance_controller' build argument 'cmake_target_skip_unavailable' from command line to 'False'
[0.146s] Level 5:colcon.colcon_core.verb:set package 'ur_admittance_controller' build argument 'cmake_clean_cache' from command line to 'False'
[0.146s] Level 5:colcon.colcon_core.verb:set package 'ur_admittance_controller' build argument 'cmake_clean_first' from command line to 'False'
[0.146s] Level 5:colcon.colcon_core.verb:set package 'ur_admittance_controller' build argument 'cmake_force_configure' from command line to 'False'
[0.146s] Level 5:colcon.colcon_core.verb:set package 'ur_admittance_controller' build argument 'ament_cmake_args' from command line to 'None'
[0.146s] Level 5:colcon.colcon_core.verb:set package 'ur_admittance_controller' build argument 'catkin_cmake_args' from command line to 'None'
[0.146s] Level 5:colcon.colcon_core.verb:set package 'ur_admittance_controller' build argument 'catkin_skip_building_tests' from command line to 'False'
[0.146s] DEBUG:colcon.colcon_core.verb:Building package 'ur_admittance_controller' with the following arguments: {'ament_cmake_args': None, 'build_base': '/home/maclab/Documents/ROS_WORKSPACES/WS_Master_Thesis/build/ur_admittance_controller', 'catkin_cmake_args': None, 'catkin_skip_building_tests': False, 'cmake_args': None, 'cmake_clean_cache': False, 'cmake_clean_first': False, 'cmake_force_configure': False, 'cmake_target': None, 'cmake_target_skip_unavailable': False, 'install_base': '/home/maclab/Documents/ROS_WORKSPACES/WS_Master_Thesis/install/ur_admittance_controller', 'merge_install': False, 'path': '/home/maclab/Documents/ROS_WORKSPACES/WS_Master_Thesis/src/ur_admittance_controller', 'symlink_install': False, 'test_result_base': None}
[0.146s] Level 5:colcon.colcon_core.verb:set package 'urdf_launch' build argument 'cmake_args' from command line to 'None'
[0.146s] Level 5:colcon.colcon_core.verb:set package 'urdf_launch' build argument 'cmake_target' from command line to 'None'
[0.146s] Level 5:colcon.colcon_core.verb:set package 'urdf_launch' build argument 'cmake_target_skip_unavailable' from command line to 'False'
[0.146s] Level 5:colcon.colcon_core.verb:set package 'urdf_launch' build argument 'cmake_clean_cache' from command line to 'False'
[0.146s] Level 5:colcon.colcon_core.verb:set package 'urdf_launch' build argument 'cmake_clean_first' from command line to 'False'
[0.146s] Level 5:colcon.colcon_core.verb:set package 'urdf_launch' build argument 'cmake_force_configure' from command line to 'False'
[0.146s] Level 5:colcon.colcon_core.verb:set package 'urdf_launch' build argument 'ament_cmake_args' from command line to 'None'
[0.146s] Level 5:colcon.colcon_core.verb:set package 'urdf_launch' build argument 'catkin_cmake_args' from command line to 'None'
[0.146s] Level 5:colcon.colcon_core.verb:set package 'urdf_launch' build argument 'catkin_skip_building_tests' from command line to 'False'
[0.146s] DEBUG:colcon.colcon_core.verb:Building package 'urdf_launch' with the following arguments: {'ament_cmake_args': None, 'build_base': '/home/maclab/Documents/ROS_WORKSPACES/WS_Master_Thesis/build/urdf_launch', 'catkin_cmake_args': None, 'catkin_skip_building_tests': False, 'cmake_args': None, 'cmake_clean_cache': False, 'cmake_clean_first': False, 'cmake_force_configure': False, 'cmake_target': None, 'cmake_target_skip_unavailable': False, 'install_base': '/home/maclab/Documents/ROS_WORKSPACES/WS_Master_Thesis/install/urdf_launch', 'merge_install': False, 'path': '/home/maclab/Documents/ROS_WORKSPACES/WS_Master_Thesis/src/urdf_launch', 'symlink_install': False, 'test_result_base': None}
[0.146s] Level 5:colcon.colcon_core.verb:set package 'uc1_robot_controllers' build argument 'cmake_args' from command line to 'None'
[0.146s] Level 5:colcon.colcon_core.verb:set package 'uc1_robot_controllers' build argument 'cmake_target' from command line to 'None'
[0.146s] Level 5:colcon.colcon_core.verb:set package 'uc1_robot_controllers' build argument 'cmake_target_skip_unavailable' from command line to 'False'
[0.146s] Level 5:colcon.colcon_core.verb:set package 'uc1_robot_controllers' build argument 'cmake_clean_cache' from command line to 'False'
[0.146s] Level 5:colcon.colcon_core.verb:set package 'uc1_robot_controllers' build argument 'cmake_clean_first' from command line to 'False'
[0.146s] Level 5:colcon.colcon_core.verb:set package 'uc1_robot_controllers' build argument 'cmake_force_configure' from command line to 'False'
[0.146s] Level 5:colcon.colcon_core.verb:set package 'uc1_robot_controllers' build argument 'ament_cmake_args' from command line to 'None'
[0.146s] Level 5:colcon.colcon_core.verb:set package 'uc1_robot_controllers' build argument 'catkin_cmake_args' from command line to 'None'
[0.146s] Level 5:colcon.colcon_core.verb:set package 'uc1_robot_controllers' build argument 'catkin_skip_building_tests' from command line to 'False'
[0.146s] DEBUG:colcon.colcon_core.verb:Building package 'uc1_robot_controllers' with the following arguments: {'ament_cmake_args': None, 'build_base': '/home/maclab/Documents/ROS_WORKSPACES/WS_Master_Thesis/build/uc1_robot_controllers', 'catkin_cmake_args': None, 'catkin_skip_building_tests': False, 'cmake_args': None, 'cmake_clean_cache': False, 'cmake_clean_first': False, 'cmake_force_configure': False, 'cmake_target': None, 'cmake_target_skip_unavailable': False, 'install_base': '/home/maclab/Documents/ROS_WORKSPACES/WS_Master_Thesis/install/uc1_robot_controllers', 'merge_install': False, 'path': '/home/maclab/Documents/ROS_WORKSPACES/WS_Master_Thesis/src/uc1_robot_controllers', 'symlink_install': False, 'test_result_base': None}
[0.146s] INFO:colcon.colcon_core.executor:Executing jobs using 'parallel' executor
[0.147s] DEBUG:colcon.colcon_parallel_executor.executor.parallel:run_until_complete
[0.147s] INFO:colcon.colcon_ros.task.ament_cmake.build:Building ROS package in '/home/maclab/Documents/ROS_WORKSPACES/WS_Master_Thesis/src/uc1_robot_controllers_interfaces' with build type 'ament_cmake'
[0.147s] INFO:colcon.colcon_cmake.task.cmake.build:Building CMake package in '/home/maclab/Documents/ROS_WORKSPACES/WS_Master_Thesis/src/uc1_robot_controllers_interfaces'
[0.148s] INFO:colcon.colcon_core.plugin_system:Skipping extension 'colcon_core.shell.bat': Not used on non-Windows systems
[0.148s] INFO:colcon.colcon_core.shell:Skip shell extension 'powershell' for command environment: Not usable outside of PowerShell
[0.148s] DEBUG:colcon.colcon_core.shell:Skip shell extension 'dsv' for command environment
[0.149s] INFO:colcon.colcon_ros.task.ament_cmake.build:Building ROS package in '/home/maclab/Documents/ROS_WORKSPACES/WS_Master_Thesis/src/uc1_robot_perception' with build type 'ament_cmake'
[0.149s] INFO:colcon.colcon_cmake.task.cmake.build:Building CMake package in '/home/maclab/Documents/ROS_WORKSPACES/WS_Master_Thesis/src/uc1_robot_perception'
[0.149s] INFO:colcon.colcon_core.shell:Skip shell extension 'powershell' for command environment: Not usable outside of PowerShell
[0.149s] DEBUG:colcon.colcon_core.shell:Skip shell extension 'dsv' for command environment
[0.150s] INFO:colcon.colcon_ros.task.ament_cmake.build:Building ROS package in '/home/maclab/Documents/ROS_WORKSPACES/WS_Master_Thesis/src/environment_pointcloud_processing' with build type 'ament_cmake'
[0.151s] INFO:colcon.colcon_cmake.task.cmake.build:Building CMake package in '/home/maclab/Documents/ROS_WORKSPACES/WS_Master_Thesis/src/environment_pointcloud_processing'
[0.151s] INFO:colcon.colcon_core.shell:Skip shell extension 'powershell' for command environment: Not usable outside of PowerShell
[0.151s] DEBUG:colcon.colcon_core.shell:Skip shell extension 'dsv' for command environment
[0.152s] INFO:colcon.colcon_ros.task.ament_cmake.build:Building ROS package in '/home/maclab/Documents/ROS_WORKSPACES/WS_Master_Thesis/src/keyboard_events_publisher' with build type 'ament_cmake'
[0.152s] INFO:colcon.colcon_cmake.task.cmake.build:Building CMake package in '/home/maclab/Documents/ROS_WORKSPACES/WS_Master_Thesis/src/keyboard_events_publisher'
[0.152s] INFO:colcon.colcon_core.shell:Skip shell extension 'powershell' for command environment: Not usable outside of PowerShell
[0.152s] DEBUG:colcon.colcon_core.shell:Skip shell extension 'dsv' for command environment
[0.153s] INFO:colcon.colcon_ros.task.ament_cmake.build:Building ROS package in '/home/maclab/Documents/ROS_WORKSPACES/WS_Master_Thesis/src/kuka_150_3100_description' with build type 'ament_cmake'
[0.153s] INFO:colcon.colcon_cmake.task.cmake.build:Building CMake package in '/home/maclab/Documents/ROS_WORKSPACES/WS_Master_Thesis/src/kuka_150_3100_description'
[0.153s] INFO:colcon.colcon_core.shell:Skip shell extension 'powershell' for command environment: Not usable outside of PowerShell
[0.153s] DEBUG:colcon.colcon_core.shell:Skip shell extension 'dsv' for command environment
[0.154s] INFO:colcon.colcon_ros.task.ament_cmake.build:Building ROS package in '/home/maclab/Documents/ROS_WORKSPACES/WS_Master_Thesis/src/kuka_resources' with build type 'ament_cmake'
[0.154s] INFO:colcon.colcon_cmake.task.cmake.build:Building CMake package in '/home/maclab/Documents/ROS_WORKSPACES/WS_Master_Thesis/src/kuka_resources'
[0.154s] INFO:colcon.colcon_core.shell:Skip shell extension 'powershell' for command environment: Not usable outside of PowerShell
[0.154s] DEBUG:colcon.colcon_core.shell:Skip shell extension 'dsv' for command environment
[0.155s] INFO:colcon.colcon_ros.task.ament_cmake.build:Building ROS package in '/home/maclab/Documents/ROS_WORKSPACES/WS_Master_Thesis/src/pointcloud_interactive_markers' with build type 'ament_cmake'
[0.155s] INFO:colcon.colcon_cmake.task.cmake.build:Building CMake package in '/home/maclab/Documents/ROS_WORKSPACES/WS_Master_Thesis/src/pointcloud_interactive_markers'
[0.155s] INFO:colcon.colcon_core.shell:Skip shell extension 'powershell' for command environment: Not usable outside of PowerShell
[0.155s] DEBUG:colcon.colcon_core.shell:Skip shell extension 'dsv' for command environment
[0.156s] INFO:colcon.colcon_ros.task.ament_cmake.build:Building ROS package in '/home/maclab/Documents/ROS_WORKSPACES/WS_Master_Thesis/src/rsp_uc1' with build type 'ament_cmake'
[0.156s] INFO:colcon.colcon_cmake.task.cmake.build:Building CMake package in '/home/maclab/Documents/ROS_WORKSPACES/WS_Master_Thesis/src/rsp_uc1'
[0.156s] INFO:colcon.colcon_core.shell:Skip shell extension 'powershell' for command environment: Not usable outside of PowerShell
[0.156s] DEBUG:colcon.colcon_core.shell:Skip shell extension 'dsv' for command environment
[0.157s] INFO:colcon.colcon_ros.task.ament_cmake.build:Building ROS package in '/home/maclab/Documents/ROS_WORKSPACES/WS_Master_Thesis/src/uc1_robots_description' with build type 'ament_cmake'
[0.157s] INFO:colcon.colcon_cmake.task.cmake.build:Building CMake package in '/home/maclab/Documents/ROS_WORKSPACES/WS_Master_Thesis/src/uc1_robots_description'
[0.157s] INFO:colcon.colcon_core.shell:Skip shell extension 'powershell' for command environment: Not usable outside of PowerShell
[0.157s] DEBUG:colcon.colcon_core.shell:Skip shell extension 'dsv' for command environment
[0.159s] INFO:colcon.colcon_ros.task.ament_cmake.build:Building ROS package in '/home/maclab/Documents/ROS_WORKSPACES/WS_Master_Thesis/src/ur_admittance_controller' with build type 'ament_cmake'
[0.159s] INFO:colcon.colcon_cmake.task.cmake.build:Building CMake package in '/home/maclab/Documents/ROS_WORKSPACES/WS_Master_Thesis/src/ur_admittance_controller'
[0.159s] INFO:colcon.colcon_core.shell:Skip shell extension 'powershell' for command environment: Not usable outside of PowerShell
[0.159s] DEBUG:colcon.colcon_core.shell:Skip shell extension 'dsv' for command environment
[0.161s] INFO:colcon.colcon_ros.task.ament_cmake.build:Building ROS package in '/home/maclab/Documents/ROS_WORKSPACES/WS_Master_Thesis/src/urdf_launch' with build type 'ament_cmake'
[0.161s] INFO:colcon.colcon_cmake.task.cmake.build:Building CMake package in '/home/maclab/Documents/ROS_WORKSPACES/WS_Master_Thesis/src/urdf_launch'
[0.161s] INFO:colcon.colcon_core.shell:Skip shell extension 'powershell' for command environment: Not usable outside of PowerShell
[0.161s] DEBUG:colcon.colcon_core.shell:Skip shell extension 'dsv' for command environment
[0.168s] DEBUG:colcon.colcon_core.event_handler.log_command:Invoking command in '/home/maclab/Documents/ROS_WORKSPACES/WS_Master_Thesis/build/uc1_robot_controllers_interfaces': CMAKE_PREFIX_PATH=/opt/ros/humble /usr/bin/cmake --build /home/maclab/Documents/ROS_WORKSPACES/WS_Master_Thesis/build/uc1_robot_controllers_interfaces -- -j32 -l32
[0.169s] DEBUG:colcon.colcon_core.event_handler.log_command:Invoking command in '/home/maclab/Documents/ROS_WORKSPACES/WS_Master_Thesis/build/uc1_robot_perception': CMAKE_PREFIX_PATH=/opt/ros/humble /usr/bin/cmake --build /home/maclab/Documents/ROS_WORKSPACES/WS_Master_Thesis/build/uc1_robot_perception -- -j32 -l32
[0.170s] DEBUG:colcon.colcon_core.event_handler.log_command:Invoking command in '/home/maclab/Documents/ROS_WORKSPACES/WS_Master_Thesis/build/environment_pointcloud_processing': CMAKE_PREFIX_PATH=/opt/ros/humble /usr/bin/cmake --build /home/maclab/Documents/ROS_WORKSPACES/WS_Master_Thesis/build/environment_pointcloud_processing -- -j32 -l32
[0.171s] DEBUG:colcon.colcon_core.event_handler.log_command:Invoking command in '/home/maclab/Documents/ROS_WORKSPACES/WS_Master_Thesis/build/keyboard_publisher_pkg': CMAKE_PREFIX_PATH=/opt/ros/humble /usr/bin/cmake --build /home/maclab/Documents/ROS_WORKSPACES/WS_Master_Thesis/build/keyboard_publisher_pkg -- -j32 -l32
[0.172s] DEBUG:colcon.colcon_core.event_handler.log_command:Invoking command in '/home/maclab/Documents/ROS_WORKSPACES/WS_Master_Thesis/build/kuka_150_3100_description': CMAKE_PREFIX_PATH=/opt/ros/humble /usr/bin/cmake --build /home/maclab/Documents/ROS_WORKSPACES/WS_Master_Thesis/build/kuka_150_3100_description -- -j32 -l32
[0.173s] DEBUG:colcon.colcon_core.event_handler.log_command:Invoking command in '/home/maclab/Documents/ROS_WORKSPACES/WS_Master_Thesis/build/kuka_resources': CMAKE_PREFIX_PATH=/opt/ros/humble /usr/bin/cmake --build /home/maclab/Documents/ROS_WORKSPACES/WS_Master_Thesis/build/kuka_resources -- -j32 -l32
[0.174s] DEBUG:colcon.colcon_core.event_handler.log_command:Invoking command in '/home/maclab/Documents/ROS_WORKSPACES/WS_Master_Thesis/build/pointcloud_interactive_markers': CMAKE_PREFIX_PATH=/opt/ros/humble /usr/bin/cmake --build /home/maclab/Documents/ROS_WORKSPACES/WS_Master_Thesis/build/pointcloud_interactive_markers -- -j32 -l32
[0.175s] DEBUG:colcon.colcon_core.event_handler.log_command:Invoking command in '/home/maclab/Documents/ROS_WORKSPACES/WS_Master_Thesis/build/rsp_uc1': CMAKE_PREFIX_PATH=/opt/ros/humble /usr/bin/cmake --build /home/maclab/Documents/ROS_WORKSPACES/WS_Master_Thesis/build/rsp_uc1 -- -j32 -l32
[0.176s] DEBUG:colcon.colcon_core.event_handler.log_command:Invoking command in '/home/maclab/Documents/ROS_WORKSPACES/WS_Master_Thesis/build/uc1_robots_description': CMAKE_PREFIX_PATH=/opt/ros/humble /usr/bin/cmake --build /home/maclab/Documents/ROS_WORKSPACES/WS_Master_Thesis/build/uc1_robots_description -- -j32 -l32
[0.184s] DEBUG:colcon.colcon_core.event_handler.log_command:Invoking command in '/home/maclab/Documents/ROS_WORKSPACES/WS_Master_Thesis/build/ur_admittance_controller': CMAKE_PREFIX_PATH=/opt/ros/humble /usr/bin/cmake --build /home/maclab/Documents/ROS_WORKSPACES/WS_Master_Thesis/build/ur_admittance_controller -- -j32 -l32
[0.191s] DEBUG:colcon.colcon_core.event_handler.log_command:Invoking command in '/home/maclab/Documents/ROS_WORKSPACES/WS_Master_Thesis/build/urdf_launch': CMAKE_PREFIX_PATH=/opt/ros/humble /usr/bin/cmake --build /home/maclab/Documents/ROS_WORKSPACES/WS_Master_Thesis/build/urdf_launch -- -j32 -l32
[0.206s] DEBUG:colcon.colcon_core.event_handler.log_command:Invoked command in '/home/maclab/Documents/ROS_WORKSPACES/WS_Master_Thesis/build/kuka_resources' returned '0': CMAKE_PREFIX_PATH=/opt/ros/humble /usr/bin/cmake --build /home/maclab/Documents/ROS_WORKSPACES/WS_Master_Thesis/build/kuka_resources -- -j32 -l32
[0.214s] DEBUG:colcon.colcon_core.event_handler.log_command:Invoking command in '/home/maclab/Documents/ROS_WORKSPACES/WS_Master_Thesis/build/kuka_resources': CMAKE_PREFIX_PATH=/opt/ros/humble /usr/bin/cmake --install /home/maclab/Documents/ROS_WORKSPACES/WS_Master_Thesis/build/kuka_resources
[0.215s] DEBUG:colcon.colcon_core.event_handler.log_command:Invoked command in '/home/maclab/Documents/ROS_WORKSPACES/WS_Master_Thesis/build/kuka_150_3100_description' returned '0': CMAKE_PREFIX_PATH=/opt/ros/humble /usr/bin/cmake --build /home/maclab/Documents/ROS_WORKSPACES/WS_Master_Thesis/build/kuka_150_3100_description -- -j32 -l32
[0.217s] DEBUG:colcon.colcon_core.event_handler.log_command:Invoking command in '/home/maclab/Documents/ROS_WORKSPACES/WS_Master_Thesis/build/kuka_150_3100_description': CMAKE_PREFIX_PATH=/opt/ros/humble /usr/bin/cmake --install /home/maclab/Documents/ROS_WORKSPACES/WS_Master_Thesis/build/kuka_150_3100_description
[0.218s] DEBUG:colcon.colcon_core.event_handler.log_command:Invoked command in '/home/maclab/Documents/ROS_WORKSPACES/WS_Master_Thesis/build/uc1_robots_description' returned '0': CMAKE_PREFIX_PATH=/opt/ros/humble /usr/bin/cmake --build /home/maclab/Documents/ROS_WORKSPACES/WS_Master_Thesis/build/uc1_robots_description -- -j32 -l32
[0.220s] DEBUG:colcon.colcon_core.event_handler.log_command:Invoking command in '/home/maclab/Documents/ROS_WORKSPACES/WS_Master_Thesis/build/uc1_robots_description': CMAKE_PREFIX_PATH=/opt/ros/humble /usr/bin/cmake --install /home/maclab/Documents/ROS_WORKSPACES/WS_Master_Thesis/build/uc1_robots_description
[0.230s] Level 1:colcon.colcon_core.environment:create_environment_scripts_only(kuka_150_3100_description)
[0.232s] DEBUG:colcon.colcon_core.event_handler.log_command:Invoked command in '/home/maclab/Documents/ROS_WORKSPACES/WS_Master_Thesis/build/urdf_launch' returned '0': CMAKE_PREFIX_PATH=/opt/ros/humble /usr/bin/cmake --build /home/maclab/Documents/ROS_WORKSPACES/WS_Master_Thesis/build/urdf_launch -- -j32 -l32
[0.240s] DEBUG:colcon.colcon_core.event_handler.log_command:Invoking command in '/home/maclab/Documents/ROS_WORKSPACES/WS_Master_Thesis/build/urdf_launch': CMAKE_PREFIX_PATH=/opt/ros/humble /usr/bin/cmake --install /home/maclab/Documents/ROS_WORKSPACES/WS_Master_Thesis/build/urdf_launch
[0.240s] DEBUG:colcon.colcon_core.event_handler.log_command:Invoked command in '/home/maclab/Documents/ROS_WORKSPACES/WS_Master_Thesis/build/keyboard_publisher_pkg' returned '0': CMAKE_PREFIX_PATH=/opt/ros/humble /usr/bin/cmake --build /home/maclab/Documents/ROS_WORKSPACES/WS_Master_Thesis/build/keyboard_publisher_pkg -- -j32 -l32
[0.240s] DEBUG:colcon.colcon_core.event_handler.log_command:Invoking command in '/home/maclab/Documents/ROS_WORKSPACES/WS_Master_Thesis/build/keyboard_publisher_pkg': CMAKE_PREFIX_PATH=/opt/ros/humble /usr/bin/cmake --install /home/maclab/Documents/ROS_WORKSPACES/WS_Master_Thesis/build/keyboard_publisher_pkg
[0.241s] DEBUG:colcon.colcon_core.event_handler.log_command:Invoked command in '/home/maclab/Documents/ROS_WORKSPACES/WS_Master_Thesis/build/kuka_150_3100_description' returned '0': CMAKE_PREFIX_PATH=/opt/ros/humble /usr/bin/cmake --install /home/maclab/Documents/ROS_WORKSPACES/WS_Master_Thesis/build/kuka_150_3100_description
[0.242s] Level 1:colcon.colcon_core.environment:checking '/home/maclab/Documents/ROS_WORKSPACES/WS_Master_Thesis/install/kuka_150_3100_description' for CMake module files
[0.243s] Level 1:colcon.colcon_core.environment:checking '/home/maclab/Documents/ROS_WORKSPACES/WS_Master_Thesis/install/kuka_150_3100_description' for CMake config files
[0.243s] Level 1:colcon.colcon_core.shell:create_environment_hook('kuka_150_3100_description', 'cmake_prefix_path')
[0.243s] INFO:colcon.colcon_core.shell:Creating environment hook '/home/maclab/Documents/ROS_WORKSPACES/WS_Master_Thesis/install/kuka_150_3100_description/share/kuka_150_3100_description/hook/cmake_prefix_path.ps1'
[0.244s] INFO:colcon.colcon_core.shell:Creating environment descriptor '/home/maclab/Documents/ROS_WORKSPACES/WS_Master_Thesis/install/kuka_150_3100_description/share/kuka_150_3100_description/hook/cmake_prefix_path.dsv'
[0.244s] INFO:colcon.colcon_core.shell:Creating environment hook '/home/maclab/Documents/ROS_WORKSPACES/WS_Master_Thesis/install/kuka_150_3100_description/share/kuka_150_3100_description/hook/cmake_prefix_path.sh'
[0.245s] Level 1:colcon.colcon_core.environment:checking '/home/maclab/Documents/ROS_WORKSPACES/WS_Master_Thesis/install/kuka_150_3100_description/bin'
[0.245s] Level 1:colcon.colcon_core.environment:checking '/home/maclab/Documents/ROS_WORKSPACES/WS_Master_Thesis/install/kuka_150_3100_description/lib/pkgconfig/kuka_150_3100_description.pc'
[0.245s] Level 1:colcon.colcon_core.environment:checking '/home/maclab/Documents/ROS_WORKSPACES/WS_Master_Thesis/install/kuka_150_3100_description/lib/python3.10/site-packages'
[0.245s] Level 1:colcon.colcon_core.environment:checking '/home/maclab/Documents/ROS_WORKSPACES/WS_Master_Thesis/install/kuka_150_3100_description/bin'
[0.246s] INFO:colcon.colcon_core.shell:Creating package script '/home/maclab/Documents/ROS_WORKSPACES/WS_Master_Thesis/install/kuka_150_3100_description/share/kuka_150_3100_description/package.ps1'
[0.246s] INFO:colcon.colcon_core.shell:Creating package descriptor '/home/maclab/Documents/ROS_WORKSPACES/WS_Master_Thesis/install/kuka_150_3100_description/share/kuka_150_3100_description/package.dsv'
[0.246s] INFO:colcon.colcon_core.shell:Creating package script '/home/maclab/Documents/ROS_WORKSPACES/WS_Master_Thesis/install/kuka_150_3100_description/share/kuka_150_3100_description/package.sh'
[0.247s] INFO:colcon.colcon_core.shell:Creating package script '/home/maclab/Documents/ROS_WORKSPACES/WS_Master_Thesis/install/kuka_150_3100_description/share/kuka_150_3100_description/package.bash'
[0.248s] INFO:colcon.colcon_core.shell:Creating package script '/home/maclab/Documents/ROS_WORKSPACES/WS_Master_Thesis/install/kuka_150_3100_description/share/kuka_150_3100_description/package.zsh'
[0.248s] Level 1:colcon.colcon_core.environment:create_file_with_runtime_dependencies(/home/maclab/Documents/ROS_WORKSPACES/WS_Master_Thesis/install/kuka_150_3100_description/share/colcon-core/packages/kuka_150_3100_description)
[0.248s] Level 1:colcon.colcon_core.environment:create_environment_scripts_only(kuka_150_3100_description)
[0.249s] Level 1:colcon.colcon_core.environment:checking '/home/maclab/Documents/ROS_WORKSPACES/WS_Master_Thesis/install/kuka_150_3100_description' for CMake module files
[0.249s] Level 1:colcon.colcon_core.environment:checking '/home/maclab/Documents/ROS_WORKSPACES/WS_Master_Thesis/install/kuka_150_3100_description' for CMake config files
[0.249s] Level 1:colcon.colcon_core.shell:create_environment_hook('kuka_150_3100_description', 'cmake_prefix_path')
[0.249s] INFO:colcon.colcon_core.shell:Creating environment hook '/home/maclab/Documents/ROS_WORKSPACES/WS_Master_Thesis/install/kuka_150_3100_description/share/kuka_150_3100_description/hook/cmake_prefix_path.ps1'
[0.249s] INFO:colcon.colcon_core.shell:Creating environment descriptor '/home/maclab/Documents/ROS_WORKSPACES/WS_Master_Thesis/install/kuka_150_3100_description/share/kuka_150_3100_description/hook/cmake_prefix_path.dsv'
[0.250s] INFO:colcon.colcon_core.shell:Creating environment hook '/home/maclab/Documents/ROS_WORKSPACES/WS_Master_Thesis/install/kuka_150_3100_description/share/kuka_150_3100_description/hook/cmake_prefix_path.sh'
[0.250s] Level 1:colcon.colcon_core.environment:checking '/home/maclab/Documents/ROS_WORKSPACES/WS_Master_Thesis/install/kuka_150_3100_description/bin'
[0.250s] Level 1:colcon.colcon_core.environment:checking '/home/maclab/Documents/ROS_WORKSPACES/WS_Master_Thesis/install/kuka_150_3100_description/lib/pkgconfig/kuka_150_3100_description.pc'
[0.250s] Level 1:colcon.colcon_core.environment:checking '/home/maclab/Documents/ROS_WORKSPACES/WS_Master_Thesis/install/kuka_150_3100_description/lib/python3.10/site-packages'
[0.250s] Level 1:colcon.colcon_core.environment:checking '/home/maclab/Documents/ROS_WORKSPACES/WS_Master_Thesis/install/kuka_150_3100_description/bin'
[0.251s] INFO:colcon.colcon_core.shell:Creating package script '/home/maclab/Documents/ROS_WORKSPACES/WS_Master_Thesis/install/kuka_150_3100_description/share/kuka_150_3100_description/package.ps1'
[0.251s] INFO:colcon.colcon_core.shell:Creating package descriptor '/home/maclab/Documents/ROS_WORKSPACES/WS_Master_Thesis/install/kuka_150_3100_description/share/kuka_150_3100_description/package.dsv'
[0.251s] INFO:colcon.colcon_core.shell:Creating package script '/home/maclab/Documents/ROS_WORKSPACES/WS_Master_Thesis/install/kuka_150_3100_description/share/kuka_150_3100_description/package.sh'
[0.252s] INFO:colcon.colcon_core.shell:Creating package script '/home/maclab/Documents/ROS_WORKSPACES/WS_Master_Thesis/install/kuka_150_3100_description/share/kuka_150_3100_description/package.bash'
[0.252s] INFO:colcon.colcon_core.shell:Creating package script '/home/maclab/Documents/ROS_WORKSPACES/WS_Master_Thesis/install/kuka_150_3100_description/share/kuka_150_3100_description/package.zsh'
[0.252s] Level 1:colcon.colcon_core.environment:create_file_with_runtime_dependencies(/home/maclab/Documents/ROS_WORKSPACES/WS_Master_Thesis/install/kuka_150_3100_description/share/colcon-core/packages/kuka_150_3100_description)
[0.252s] Level 1:colcon.colcon_core.environment:create_environment_scripts_only(kuka_resources)
[0.253s] Level 1:colcon.colcon_core.environment:checking '/home/maclab/Documents/ROS_WORKSPACES/WS_Master_Thesis/install/kuka_resources' for CMake module files
[0.253s] DEBUG:colcon.colcon_core.event_handler.log_command:Invoked command in '/home/maclab/Documents/ROS_WORKSPACES/WS_Master_Thesis/build/kuka_resources' returned '0': CMAKE_PREFIX_PATH=/opt/ros/humble /usr/bin/cmake --install /home/maclab/Documents/ROS_WORKSPACES/WS_Master_Thesis/build/kuka_resources
[0.253s] Level 1:colcon.colcon_core.environment:checking '/home/maclab/Documents/ROS_WORKSPACES/WS_Master_Thesis/install/kuka_resources' for CMake config files
[0.254s] Level 1:colcon.colcon_core.shell:create_environment_hook('kuka_resources', 'cmake_prefix_path')
[0.254s] INFO:colcon.colcon_core.shell:Creating environment hook '/home/maclab/Documents/ROS_WORKSPACES/WS_Master_Thesis/install/kuka_resources/share/kuka_resources/hook/cmake_prefix_path.ps1'
[0.254s] INFO:colcon.colcon_core.shell:Creating environment descriptor '/home/maclab/Documents/ROS_WORKSPACES/WS_Master_Thesis/install/kuka_resources/share/kuka_resources/hook/cmake_prefix_path.dsv'
[0.254s] INFO:colcon.colcon_core.shell:Creating environment hook '/home/maclab/Documents/ROS_WORKSPACES/WS_Master_Thesis/install/kuka_resources/share/kuka_resources/hook/cmake_prefix_path.sh'
[0.255s] Level 1:colcon.colcon_core.environment:checking '/home/maclab/Documents/ROS_WORKSPACES/WS_Master_Thesis/install/kuka_resources/bin'
[0.255s] Level 1:colcon.colcon_core.environment:checking '/home/maclab/Documents/ROS_WORKSPACES/WS_Master_Thesis/install/kuka_resources/lib/pkgconfig/kuka_resources.pc'
[0.255s] Level 1:colcon.colcon_core.environment:checking '/home/maclab/Documents/ROS_WORKSPACES/WS_Master_Thesis/install/kuka_resources/lib/python3.10/site-packages'
[0.255s] Level 1:colcon.colcon_core.environment:checking '/home/maclab/Documents/ROS_WORKSPACES/WS_Master_Thesis/install/kuka_resources/bin'
[0.255s] INFO:colcon.colcon_core.shell:Creating package script '/home/maclab/Documents/ROS_WORKSPACES/WS_Master_Thesis/install/kuka_resources/share/kuka_resources/package.ps1'
[0.256s] INFO:colcon.colcon_core.shell:Creating package descriptor '/home/maclab/Documents/ROS_WORKSPACES/WS_Master_Thesis/install/kuka_resources/share/kuka_resources/package.dsv'
[0.256s] INFO:colcon.colcon_core.shell:Creating package script '/home/maclab/Documents/ROS_WORKSPACES/WS_Master_Thesis/install/kuka_resources/share/kuka_resources/package.sh'
[0.256s] INFO:colcon.colcon_core.shell:Creating package script '/home/maclab/Documents/ROS_WORKSPACES/WS_Master_Thesis/install/kuka_resources/share/kuka_resources/package.bash'
[0.256s] INFO:colcon.colcon_core.shell:Creating package script '/home/maclab/Documents/ROS_WORKSPACES/WS_Master_Thesis/install/kuka_resources/share/kuka_resources/package.zsh'
[0.257s] Level 1:colcon.colcon_core.environment:create_file_with_runtime_dependencies(/home/maclab/Documents/ROS_WORKSPACES/WS_Master_Thesis/install/kuka_resources/share/colcon-core/packages/kuka_resources)
[0.257s] Level 1:colcon.colcon_core.environment:create_environment_scripts_only(kuka_resources)
[0.257s] Level 1:colcon.colcon_core.environment:checking '/home/maclab/Documents/ROS_WORKSPACES/WS_Master_Thesis/install/kuka_resources' for CMake module files
[0.258s] Level 1:colcon.colcon_core.environment:checking '/home/maclab/Documents/ROS_WORKSPACES/WS_Master_Thesis/install/kuka_resources' for CMake config files
[0.258s] Level 1:colcon.colcon_core.shell:create_environment_hook('kuka_resources', 'cmake_prefix_path')
[0.258s] INFO:colcon.colcon_core.shell:Creating environment hook '/home/maclab/Documents/ROS_WORKSPACES/WS_Master_Thesis/install/kuka_resources/share/kuka_resources/hook/cmake_prefix_path.ps1'
[0.258s] INFO:colcon.colcon_core.shell:Creating environment descriptor '/home/maclab/Documents/ROS_WORKSPACES/WS_Master_Thesis/install/kuka_resources/share/kuka_resources/hook/cmake_prefix_path.dsv'
[0.258s] INFO:colcon.colcon_core.shell:Creating environment hook '/home/maclab/Documents/ROS_WORKSPACES/WS_Master_Thesis/install/kuka_resources/share/kuka_resources/hook/cmake_prefix_path.sh'
[0.259s] Level 1:colcon.colcon_core.environment:checking '/home/maclab/Documents/ROS_WORKSPACES/WS_Master_Thesis/install/kuka_resources/bin'
[0.259s] Level 1:colcon.colcon_core.environment:checking '/home/maclab/Documents/ROS_WORKSPACES/WS_Master_Thesis/install/kuka_resources/lib/pkgconfig/kuka_resources.pc'
[0.259s] Level 1:colcon.colcon_core.environment:checking '/home/maclab/Documents/ROS_WORKSPACES/WS_Master_Thesis/install/kuka_resources/lib/python3.10/site-packages'
[0.259s] Level 1:colcon.colcon_core.environment:checking '/home/maclab/Documents/ROS_WORKSPACES/WS_Master_Thesis/install/kuka_resources/bin'
[0.259s] INFO:colcon.colcon_core.shell:Creating package script '/home/maclab/Documents/ROS_WORKSPACES/WS_Master_Thesis/install/kuka_resources/share/kuka_resources/package.ps1'
[0.260s] INFO:colcon.colcon_core.shell:Creating package descriptor '/home/maclab/Documents/ROS_WORKSPACES/WS_Master_Thesis/install/kuka_resources/share/kuka_resources/package.dsv'
[0.260s] INFO:colcon.colcon_core.shell:Creating package script '/home/maclab/Documents/ROS_WORKSPACES/WS_Master_Thesis/install/kuka_resources/share/kuka_resources/package.sh'
[0.260s] INFO:colcon.colcon_core.shell:Creating package script '/home/maclab/Documents/ROS_WORKSPACES/WS_Master_Thesis/install/kuka_resources/share/kuka_resources/package.bash'
[0.261s] INFO:colcon.colcon_core.shell:Creating package script '/home/maclab/Documents/ROS_WORKSPACES/WS_Master_Thesis/install/kuka_resources/share/kuka_resources/package.zsh'
[0.261s] Level 1:colcon.colcon_core.environment:create_file_with_runtime_dependencies(/home/maclab/Documents/ROS_WORKSPACES/WS_Master_Thesis/install/kuka_resources/share/colcon-core/packages/kuka_resources)
[0.261s] Level 1:colcon.colcon_core.environment:create_environment_scripts_only(uc1_robots_description)
[0.261s] Level 1:colcon.colcon_core.environment:checking '/home/maclab/Documents/ROS_WORKSPACES/WS_Master_Thesis/install/uc1_robots_description' for CMake module files
[0.262s] Level 1:colcon.colcon_core.environment:checking '/home/maclab/Documents/ROS_WORKSPACES/WS_Master_Thesis/install/uc1_robots_description' for CMake config files
[0.262s] Level 1:colcon.colcon_core.shell:create_environment_hook('uc1_robots_description', 'cmake_prefix_path')
[0.262s] INFO:colcon.colcon_core.shell:Creating environment hook '/home/maclab/Documents/ROS_WORKSPACES/WS_Master_Thesis/install/uc1_robots_description/share/uc1_robots_description/hook/cmake_prefix_path.ps1'
[0.262s] INFO:colcon.colcon_core.shell:Creating environment descriptor '/home/maclab/Documents/ROS_WORKSPACES/WS_Master_Thesis/install/uc1_robots_description/share/uc1_robots_description/hook/cmake_prefix_path.dsv'
[0.263s] INFO:colcon.colcon_core.shell:Creating environment hook '/home/maclab/Documents/ROS_WORKSPACES/WS_Master_Thesis/install/uc1_robots_description/share/uc1_robots_description/hook/cmake_prefix_path.sh'
[0.263s] Level 1:colcon.colcon_core.environment:checking '/home/maclab/Documents/ROS_WORKSPACES/WS_Master_Thesis/install/uc1_robots_description/bin'
[0.263s] Level 1:colcon.colcon_core.environment:checking '/home/maclab/Documents/ROS_WORKSPACES/WS_Master_Thesis/install/uc1_robots_description/lib/pkgconfig/uc1_robots_description.pc'
[0.263s] Level 1:colcon.colcon_core.environment:checking '/home/maclab/Documents/ROS_WORKSPACES/WS_Master_Thesis/install/uc1_robots_description/lib/python3.10/site-packages'
[0.264s] Level 1:colcon.colcon_core.environment:checking '/home/maclab/Documents/ROS_WORKSPACES/WS_Master_Thesis/install/uc1_robots_description/bin'
[0.264s] INFO:colcon.colcon_core.shell:Creating package script '/home/maclab/Documents/ROS_WORKSPACES/WS_Master_Thesis/install/uc1_robots_description/share/uc1_robots_description/package.ps1'
[0.265s] DEBUG:colcon.colcon_core.event_handler.log_command:Invoked command in '/home/maclab/Documents/ROS_WORKSPACES/WS_Master_Thesis/build/uc1_robots_description' returned '0': CMAKE_PREFIX_PATH=/opt/ros/humble /usr/bin/cmake --install /home/maclab/Documents/ROS_WORKSPACES/WS_Master_Thesis/build/uc1_robots_description
[0.265s] INFO:colcon.colcon_core.shell:Creating package descriptor '/home/maclab/Documents/ROS_WORKSPACES/WS_Master_Thesis/install/uc1_robots_description/share/uc1_robots_description/package.dsv'
[0.266s] INFO:colcon.colcon_core.shell:Creating package script '/home/maclab/Documents/ROS_WORKSPACES/WS_Master_Thesis/install/uc1_robots_description/share/uc1_robots_description/package.sh'
[0.266s] INFO:colcon.colcon_core.shell:Creating package script '/home/maclab/Documents/ROS_WORKSPACES/WS_Master_Thesis/install/uc1_robots_description/share/uc1_robots_description/package.bash'
[0.266s] INFO:colcon.colcon_core.shell:Creating package script '/home/maclab/Documents/ROS_WORKSPACES/WS_Master_Thesis/install/uc1_robots_description/share/uc1_robots_description/package.zsh'
[0.267s] Level 1:colcon.colcon_core.environment:create_file_with_runtime_dependencies(/home/maclab/Documents/ROS_WORKSPACES/WS_Master_Thesis/install/uc1_robots_description/share/colcon-core/packages/uc1_robots_description)
[0.267s] Level 1:colcon.colcon_core.environment:create_environment_scripts_only(uc1_robots_description)
[0.267s] Level 1:colcon.colcon_core.environment:checking '/home/maclab/Documents/ROS_WORKSPACES/WS_Master_Thesis/install/uc1_robots_description' for CMake module files
[0.268s] Level 1:colcon.colcon_core.environment:checking '/home/maclab/Documents/ROS_WORKSPACES/WS_Master_Thesis/install/uc1_robots_description' for CMake config files
[0.268s] Level 1:colcon.colcon_core.shell:create_environment_hook('uc1_robots_description', 'cmake_prefix_path')
[0.268s] INFO:colcon.colcon_core.shell:Creating environment hook '/home/maclab/Documents/ROS_WORKSPACES/WS_Master_Thesis/install/uc1_robots_description/share/uc1_robots_description/hook/cmake_prefix_path.ps1'
[0.268s] INFO:colcon.colcon_core.shell:Creating environment descriptor '/home/maclab/Documents/ROS_WORKSPACES/WS_Master_Thesis/install/uc1_robots_description/share/uc1_robots_description/hook/cmake_prefix_path.dsv'
[0.268s] INFO:colcon.colcon_core.shell:Creating environment hook '/home/maclab/Documents/ROS_WORKSPACES/WS_Master_Thesis/install/uc1_robots_description/share/uc1_robots_description/hook/cmake_prefix_path.sh'
[0.269s] Level 1:colcon.colcon_core.environment:checking '/home/maclab/Documents/ROS_WORKSPACES/WS_Master_Thesis/install/uc1_robots_description/bin'
[0.269s] Level 1:colcon.colcon_core.environment:checking '/home/maclab/Documents/ROS_WORKSPACES/WS_Master_Thesis/install/uc1_robots_description/lib/pkgconfig/uc1_robots_description.pc'
[0.269s] Level 1:colcon.colcon_core.environment:checking '/home/maclab/Documents/ROS_WORKSPACES/WS_Master_Thesis/install/uc1_robots_description/lib/python3.10/site-packages'
[0.269s] Level 1:colcon.colcon_core.environment:checking '/home/maclab/Documents/ROS_WORKSPACES/WS_Master_Thesis/install/uc1_robots_description/bin'
[0.270s] INFO:colcon.colcon_core.shell:Creating package script '/home/maclab/Documents/ROS_WORKSPACES/WS_Master_Thesis/install/uc1_robots_description/share/uc1_robots_description/package.ps1'
[0.270s] INFO:colcon.colcon_core.shell:Creating package descriptor '/home/maclab/Documents/ROS_WORKSPACES/WS_Master_Thesis/install/uc1_robots_description/share/uc1_robots_description/package.dsv'
[0.270s] INFO:colcon.colcon_core.shell:Creating package script '/home/maclab/Documents/ROS_WORKSPACES/WS_Master_Thesis/install/uc1_robots_description/share/uc1_robots_description/package.sh'
[0.271s] INFO:colcon.colcon_core.shell:Creating package script '/home/maclab/Documents/ROS_WORKSPACES/WS_Master_Thesis/install/uc1_robots_description/share/uc1_robots_description/package.bash'
[0.271s] INFO:colcon.colcon_core.shell:Creating package script '/home/maclab/Documents/ROS_WORKSPACES/WS_Master_Thesis/install/uc1_robots_description/share/uc1_robots_description/package.zsh'
[0.271s] Level 1:colcon.colcon_core.environment:create_file_with_runtime_dependencies(/home/maclab/Documents/ROS_WORKSPACES/WS_Master_Thesis/install/uc1_robots_description/share/colcon-core/packages/uc1_robots_description)
[0.273s] DEBUG:colcon.colcon_core.event_handler.log_command:Invoked command in '/home/maclab/Documents/ROS_WORKSPACES/WS_Master_Thesis/build/environment_pointcloud_processing' returned '0': CMAKE_PREFIX_PATH=/opt/ros/humble /usr/bin/cmake --build /home/maclab/Documents/ROS_WORKSPACES/WS_Master_Thesis/build/environment_pointcloud_processing -- -j32 -l32
[0.274s] Level 1:colcon.colcon_core.environment:create_environment_scripts_only(urdf_launch)
[0.275s] Level 1:colcon.colcon_core.environment:checking '/home/maclab/Documents/ROS_WORKSPACES/WS_Master_Thesis/install/urdf_launch' for CMake module files
[0.275s] DEBUG:colcon.colcon_core.event_handler.log_command:Invoking command in '/home/maclab/Documents/ROS_WORKSPACES/WS_Master_Thesis/build/environment_pointcloud_processing': CMAKE_PREFIX_PATH=/opt/ros/humble /usr/bin/cmake --install /home/maclab/Documents/ROS_WORKSPACES/WS_Master_Thesis/build/environment_pointcloud_processing
[0.275s] DEBUG:colcon.colcon_core.event_handler.log_command:Invoked command in '/home/maclab/Documents/ROS_WORKSPACES/WS_Master_Thesis/build/urdf_launch' returned '0': CMAKE_PREFIX_PATH=/opt/ros/humble /usr/bin/cmake --install /home/maclab/Documents/ROS_WORKSPACES/WS_Master_Thesis/build/urdf_launch
[0.276s] Level 1:colcon.colcon_core.environment:checking '/home/maclab/Documents/ROS_WORKSPACES/WS_Master_Thesis/install/urdf_launch' for CMake config files
[0.276s] Level 1:colcon.colcon_core.shell:create_environment_hook('urdf_launch', 'cmake_prefix_path')
[0.276s] INFO:colcon.colcon_core.shell:Creating environment hook '/home/maclab/Documents/ROS_WORKSPACES/WS_Master_Thesis/install/urdf_launch/share/urdf_launch/hook/cmake_prefix_path.ps1'
[0.276s] INFO:colcon.colcon_core.shell:Creating environment descriptor '/home/maclab/Documents/ROS_WORKSPACES/WS_Master_Thesis/install/urdf_launch/share/urdf_launch/hook/cmake_prefix_path.dsv'
[0.277s] INFO:colcon.colcon_core.shell:Creating environment hook '/home/maclab/Documents/ROS_WORKSPACES/WS_Master_Thesis/install/urdf_launch/share/urdf_launch/hook/cmake_prefix_path.sh'
[0.277s] Level 1:colcon.colcon_core.environment:checking '/home/maclab/Documents/ROS_WORKSPACES/WS_Master_Thesis/install/urdf_launch/bin'
[0.277s] Level 1:colcon.colcon_core.environment:checking '/home/maclab/Documents/ROS_WORKSPACES/WS_Master_Thesis/install/urdf_launch/lib/pkgconfig/urdf_launch.pc'
[0.277s] Level 1:colcon.colcon_core.environment:checking '/home/maclab/Documents/ROS_WORKSPACES/WS_Master_Thesis/install/urdf_launch/lib/python3.10/site-packages'
[0.278s] Level 1:colcon.colcon_core.environment:checking '/home/maclab/Documents/ROS_WORKSPACES/WS_Master_Thesis/install/urdf_launch/bin'
[0.278s] INFO:colcon.colcon_core.shell:Creating package script '/home/maclab/Documents/ROS_WORKSPACES/WS_Master_Thesis/install/urdf_launch/share/urdf_launch/package.ps1'
[0.278s] INFO:colcon.colcon_core.shell:Creating package descriptor '/home/maclab/Documents/ROS_WORKSPACES/WS_Master_Thesis/install/urdf_launch/share/urdf_launch/package.dsv'
[0.279s] INFO:colcon.colcon_core.shell:Creating package script '/home/maclab/Documents/ROS_WORKSPACES/WS_Master_Thesis/install/urdf_launch/share/urdf_launch/package.sh'
[0.279s] INFO:colcon.colcon_core.shell:Creating package script '/home/maclab/Documents/ROS_WORKSPACES/WS_Master_Thesis/install/urdf_launch/share/urdf_launch/package.bash'
[0.279s] INFO:colcon.colcon_core.shell:Creating package script '/home/maclab/Documents/ROS_WORKSPACES/WS_Master_Thesis/install/urdf_launch/share/urdf_launch/package.zsh'
[0.279s] Level 1:colcon.colcon_core.environment:create_file_with_runtime_dependencies(/home/maclab/Documents/ROS_WORKSPACES/WS_Master_Thesis/install/urdf_launch/share/colcon-core/packages/urdf_launch)
[0.280s] Level 1:colcon.colcon_core.environment:create_environment_scripts_only(urdf_launch)
[0.280s] Level 1:colcon.colcon_core.environment:checking '/home/maclab/Documents/ROS_WORKSPACES/WS_Master_Thesis/install/urdf_launch' for CMake module files
[0.280s] Level 1:colcon.colcon_core.environment:checking '/home/maclab/Documents/ROS_WORKSPACES/WS_Master_Thesis/install/urdf_launch' for CMake config files
[0.280s] Level 1:colcon.colcon_core.shell:create_environment_hook('urdf_launch', 'cmake_prefix_path')
[0.280s] INFO:colcon.colcon_core.shell:Creating environment hook '/home/maclab/Documents/ROS_WORKSPACES/WS_Master_Thesis/install/urdf_launch/share/urdf_launch/hook/cmake_prefix_path.ps1'
[0.281s] INFO:colcon.colcon_core.shell:Creating environment descriptor '/home/maclab/Documents/ROS_WORKSPACES/WS_Master_Thesis/install/urdf_launch/share/urdf_launch/hook/cmake_prefix_path.dsv'
[0.281s] INFO:colcon.colcon_core.shell:Creating environment hook '/home/maclab/Documents/ROS_WORKSPACES/WS_Master_Thesis/install/urdf_launch/share/urdf_launch/hook/cmake_prefix_path.sh'
[0.282s] Level 1:colcon.colcon_core.environment:checking '/home/maclab/Documents/ROS_WORKSPACES/WS_Master_Thesis/install/urdf_launch/bin'
[0.282s] Level 1:colcon.colcon_core.environment:checking '/home/maclab/Documents/ROS_WORKSPACES/WS_Master_Thesis/install/urdf_launch/lib/pkgconfig/urdf_launch.pc'
[0.282s] Level 1:colcon.colcon_core.environment:checking '/home/maclab/Documents/ROS_WORKSPACES/WS_Master_Thesis/install/urdf_launch/lib/python3.10/site-packages'
[0.282s] Level 1:colcon.colcon_core.environment:checking '/home/maclab/Documents/ROS_WORKSPACES/WS_Master_Thesis/install/urdf_launch/bin'
[0.282s] INFO:colcon.colcon_core.shell:Creating package script '/home/maclab/Documents/ROS_WORKSPACES/WS_Master_Thesis/install/urdf_launch/share/urdf_launch/package.ps1'
[0.283s] INFO:colcon.colcon_core.shell:Creating package descriptor '/home/maclab/Documents/ROS_WORKSPACES/WS_Master_Thesis/install/urdf_launch/share/urdf_launch/package.dsv'
[0.283s] INFO:colcon.colcon_core.shell:Creating package script '/home/maclab/Documents/ROS_WORKSPACES/WS_Master_Thesis/install/urdf_launch/share/urdf_launch/package.sh'
[0.283s] INFO:colcon.colcon_core.shell:Creating package script '/home/maclab/Documents/ROS_WORKSPACES/WS_Master_Thesis/install/urdf_launch/share/urdf_launch/package.bash'
[0.284s] INFO:colcon.colcon_core.shell:Creating package script '/home/maclab/Documents/ROS_WORKSPACES/WS_Master_Thesis/install/urdf_launch/share/urdf_launch/package.zsh'
[0.284s] Level 1:colcon.colcon_core.environment:create_file_with_runtime_dependencies(/home/maclab/Documents/ROS_WORKSPACES/WS_Master_Thesis/install/urdf_launch/share/colcon-core/packages/urdf_launch)
[0.284s] Level 1:colcon.colcon_core.environment:create_environment_scripts_only(keyboard_publisher_pkg)
[0.284s] Level 1:colcon.colcon_core.environment:checking '/home/maclab/Documents/ROS_WORKSPACES/WS_Master_Thesis/install/keyboard_publisher_pkg' for CMake module files
[0.284s] Level 1:colcon.colcon_core.environment:checking '/home/maclab/Documents/ROS_WORKSPACES/WS_Master_Thesis/install/keyboard_publisher_pkg' for CMake config files
[0.284s] DEBUG:colcon.colcon_core.event_handler.log_command:Invoked command in '/home/maclab/Documents/ROS_WORKSPACES/WS_Master_Thesis/build/keyboard_publisher_pkg' returned '0': CMAKE_PREFIX_PATH=/opt/ros/humble /usr/bin/cmake --install /home/maclab/Documents/ROS_WORKSPACES/WS_Master_Thesis/build/keyboard_publisher_pkg
[0.284s] Level 1:colcon.colcon_core.shell:create_environment_hook('keyboard_publisher_pkg', 'cmake_prefix_path')
[0.285s] INFO:colcon.colcon_core.shell:Creating environment hook '/home/maclab/Documents/ROS_WORKSPACES/WS_Master_Thesis/install/keyboard_publisher_pkg/share/keyboard_publisher_pkg/hook/cmake_prefix_path.ps1'
[0.285s] INFO:colcon.colcon_core.shell:Creating environment descriptor '/home/maclab/Documents/ROS_WORKSPACES/WS_Master_Thesis/install/keyboard_publisher_pkg/share/keyboard_publisher_pkg/hook/cmake_prefix_path.dsv'
[0.285s] INFO:colcon.colcon_core.shell:Creating environment hook '/home/maclab/Documents/ROS_WORKSPACES/WS_Master_Thesis/install/keyboard_publisher_pkg/share/keyboard_publisher_pkg/hook/cmake_prefix_path.sh'
[0.285s] Level 1:colcon.colcon_core.environment:checking '/home/maclab/Documents/ROS_WORKSPACES/WS_Master_Thesis/install/keyboard_publisher_pkg/lib'
[0.285s] Level 1:colcon.colcon_core.environment:checking '/home/maclab/Documents/ROS_WORKSPACES/WS_Master_Thesis/install/keyboard_publisher_pkg/bin'
[0.285s] Level 1:colcon.colcon_core.environment:checking '/home/maclab/Documents/ROS_WORKSPACES/WS_Master_Thesis/install/keyboard_publisher_pkg/lib/pkgconfig/keyboard_publisher_pkg.pc'
[0.285s] Level 1:colcon.colcon_core.environment:checking '/home/maclab/Documents/ROS_WORKSPACES/WS_Master_Thesis/install/keyboard_publisher_pkg/lib/python3.10/site-packages'
[0.285s] Level 1:colcon.colcon_core.environment:checking '/home/maclab/Documents/ROS_WORKSPACES/WS_Master_Thesis/install/keyboard_publisher_pkg/bin'
[0.286s] INFO:colcon.colcon_core.shell:Creating package script '/home/maclab/Documents/ROS_WORKSPACES/WS_Master_Thesis/install/keyboard_publisher_pkg/share/keyboard_publisher_pkg/package.ps1'
[0.286s] INFO:colcon.colcon_core.shell:Creating package descriptor '/home/maclab/Documents/ROS_WORKSPACES/WS_Master_Thesis/install/keyboard_publisher_pkg/share/keyboard_publisher_pkg/package.dsv'
[0.286s] INFO:colcon.colcon_core.shell:Creating package script '/home/maclab/Documents/ROS_WORKSPACES/WS_Master_Thesis/install/keyboard_publisher_pkg/share/keyboard_publisher_pkg/package.sh'
[0.286s] INFO:colcon.colcon_core.shell:Creating package script '/home/maclab/Documents/ROS_WORKSPACES/WS_Master_Thesis/install/keyboard_publisher_pkg/share/keyboard_publisher_pkg/package.bash'
[0.286s] INFO:colcon.colcon_core.shell:Creating package script '/home/maclab/Documents/ROS_WORKSPACES/WS_Master_Thesis/install/keyboard_publisher_pkg/share/keyboard_publisher_pkg/package.zsh'
[0.286s] Level 1:colcon.colcon_core.environment:create_file_with_runtime_dependencies(/home/maclab/Documents/ROS_WORKSPACES/WS_Master_Thesis/install/keyboard_publisher_pkg/share/colcon-core/packages/keyboard_publisher_pkg)
[0.286s] Level 1:colcon.colcon_core.environment:create_environment_scripts_only(keyboard_publisher_pkg)
[0.286s] Level 1:colcon.colcon_core.environment:checking '/home/maclab/Documents/ROS_WORKSPACES/WS_Master_Thesis/install/keyboard_publisher_pkg' for CMake module files
[0.287s] Level 1:colcon.colcon_core.environment:checking '/home/maclab/Documents/ROS_WORKSPACES/WS_Master_Thesis/install/keyboard_publisher_pkg' for CMake config files
[0.287s] Level 1:colcon.colcon_core.shell:create_environment_hook('keyboard_publisher_pkg', 'cmake_prefix_path')
[0.287s] INFO:colcon.colcon_core.shell:Creating environment hook '/home/maclab/Documents/ROS_WORKSPACES/WS_Master_Thesis/install/keyboard_publisher_pkg/share/keyboard_publisher_pkg/hook/cmake_prefix_path.ps1'
[0.287s] INFO:colcon.colcon_core.shell:Creating environment descriptor '/home/maclab/Documents/ROS_WORKSPACES/WS_Master_Thesis/install/keyboard_publisher_pkg/share/keyboard_publisher_pkg/hook/cmake_prefix_path.dsv'
[0.287s] INFO:colcon.colcon_core.shell:Creating environment hook '/home/maclab/Documents/ROS_WORKSPACES/WS_Master_Thesis/install/keyboard_publisher_pkg/share/keyboard_publisher_pkg/hook/cmake_prefix_path.sh'
[0.287s] Level 1:colcon.colcon_core.environment:checking '/home/maclab/Documents/ROS_WORKSPACES/WS_Master_Thesis/install/keyboard_publisher_pkg/lib'
[0.287s] Level 1:colcon.colcon_core.environment:checking '/home/maclab/Documents/ROS_WORKSPACES/WS_Master_Thesis/install/keyboard_publisher_pkg/bin'
[0.287s] Level 1:colcon.colcon_core.environment:checking '/home/maclab/Documents/ROS_WORKSPACES/WS_Master_Thesis/install/keyboard_publisher_pkg/lib/pkgconfig/keyboard_publisher_pkg.pc'
[0.287s] Level 1:colcon.colcon_core.environment:checking '/home/maclab/Documents/ROS_WORKSPACES/WS_Master_Thesis/install/keyboard_publisher_pkg/lib/python3.10/site-packages'
[0.288s] Level 1:colcon.colcon_core.environment:checking '/home/maclab/Documents/ROS_WORKSPACES/WS_Master_Thesis/install/keyboard_publisher_pkg/bin'
[0.288s] INFO:colcon.colcon_core.shell:Creating package script '/home/maclab/Documents/ROS_WORKSPACES/WS_Master_Thesis/install/keyboard_publisher_pkg/share/keyboard_publisher_pkg/package.ps1'
[0.288s] INFO:colcon.colcon_core.shell:Creating package descriptor '/home/maclab/Documents/ROS_WORKSPACES/WS_Master_Thesis/install/keyboard_publisher_pkg/share/keyboard_publisher_pkg/package.dsv'
[0.288s] INFO:colcon.colcon_core.shell:Creating package script '/home/maclab/Documents/ROS_WORKSPACES/WS_Master_Thesis/install/keyboard_publisher_pkg/share/keyboard_publisher_pkg/package.sh'
[0.288s] INFO:colcon.colcon_core.shell:Creating package script '/home/maclab/Documents/ROS_WORKSPACES/WS_Master_Thesis/install/keyboard_publisher_pkg/share/keyboard_publisher_pkg/package.bash'
[0.288s] INFO:colcon.colcon_core.shell:Creating package script '/home/maclab/Documents/ROS_WORKSPACES/WS_Master_Thesis/install/keyboard_publisher_pkg/share/keyboard_publisher_pkg/package.zsh'
[0.288s] Level 1:colcon.colcon_core.environment:create_file_with_runtime_dependencies(/home/maclab/Documents/ROS_WORKSPACES/WS_Master_Thesis/install/keyboard_publisher_pkg/share/colcon-core/packages/keyboard_publisher_pkg)
[0.289s] DEBUG:colcon.colcon_core.event_handler.log_command:Invoked command in '/home/maclab/Documents/ROS_WORKSPACES/WS_Master_Thesis/build/pointcloud_interactive_markers' returned '0': CMAKE_PREFIX_PATH=/opt/ros/humble /usr/bin/cmake --build /home/maclab/Documents/ROS_WORKSPACES/WS_Master_Thesis/build/pointcloud_interactive_markers -- -j32 -l32
[0.289s] DEBUG:colcon.colcon_core.event_handler.log_command:Invoking command in '/home/maclab/Documents/ROS_WORKSPACES/WS_Master_Thesis/build/pointcloud_interactive_markers': CMAKE_PREFIX_PATH=/opt/ros/humble /usr/bin/cmake --install /home/maclab/Documents/ROS_WORKSPACES/WS_Master_Thesis/build/pointcloud_interactive_markers
[0.290s] DEBUG:colcon.colcon_core.event_handler.log_command:Invoked command in '/home/maclab/Documents/ROS_WORKSPACES/WS_Master_Thesis/build/ur_admittance_controller' returned '0': CMAKE_PREFIX_PATH=/opt/ros/humble /usr/bin/cmake --build /home/maclab/Documents/ROS_WORKSPACES/WS_Master_Thesis/build/ur_admittance_controller -- -j32 -l32
[0.290s] DEBUG:colcon.colcon_core.event_handler.log_command:Invoking command in '/home/maclab/Documents/ROS_WORKSPACES/WS_Master_Thesis/build/ur_admittance_controller': CMAKE_PREFIX_PATH=/opt/ros/humble /usr/bin/cmake --install /home/maclab/Documents/ROS_WORKSPACES/WS_Master_Thesis/build/ur_admittance_controller
[0.291s] DEBUG:colcon.colcon_core.event_handler.log_command:Invoked command in '/home/maclab/Documents/ROS_WORKSPACES/WS_Master_Thesis/build/rsp_uc1' returned '0': CMAKE_PREFIX_PATH=/opt/ros/humble /usr/bin/cmake --build /home/maclab/Documents/ROS_WORKSPACES/WS_Master_Thesis/build/rsp_uc1 -- -j32 -l32
[0.291s] DEBUG:colcon.colcon_core.event_handler.log_command:Invoking command in '/home/maclab/Documents/ROS_WORKSPACES/WS_Master_Thesis/build/rsp_uc1': CMAKE_PREFIX_PATH=/opt/ros/humble /usr/bin/cmake --install /home/maclab/Documents/ROS_WORKSPACES/WS_Master_Thesis/build/rsp_uc1
[0.293s] Level 1:colcon.colcon_core.environment:create_environment_scripts_only(environment_pointcloud_processing)
[0.293s] DEBUG:colcon.colcon_core.event_handler.log_command:Invoked command in '/home/maclab/Documents/ROS_WORKSPACES/WS_Master_Thesis/build/environment_pointcloud_processing' returned '0': CMAKE_PREFIX_PATH=/opt/ros/humble /usr/bin/cmake --install /home/maclab/Documents/ROS_WORKSPACES/WS_Master_Thesis/build/environment_pointcloud_processing
[0.293s] Level 1:colcon.colcon_core.environment:checking '/home/maclab/Documents/ROS_WORKSPACES/WS_Master_Thesis/install/environment_pointcloud_processing' for CMake module files
[0.295s] Level 1:colcon.colcon_core.environment:checking '/home/maclab/Documents/ROS_WORKSPACES/WS_Master_Thesis/install/environment_pointcloud_processing' for CMake config files
[0.295s] Level 1:colcon.colcon_core.shell:create_environment_hook('environment_pointcloud_processing', 'cmake_prefix_path')
[0.295s] INFO:colcon.colcon_core.shell:Creating environment hook '/home/maclab/Documents/ROS_WORKSPACES/WS_Master_Thesis/install/environment_pointcloud_processing/share/environment_pointcloud_processing/hook/cmake_prefix_path.ps1'
[0.296s] INFO:colcon.colcon_core.shell:Creating environment descriptor '/home/maclab/Documents/ROS_WORKSPACES/WS_Master_Thesis/install/environment_pointcloud_processing/share/environment_pointcloud_processing/hook/cmake_prefix_path.dsv'
[0.297s] INFO:colcon.colcon_core.shell:Creating environment hook '/home/maclab/Documents/ROS_WORKSPACES/WS_Master_Thesis/install/environment_pointcloud_processing/share/environment_pointcloud_processing/hook/cmake_prefix_path.sh'
[0.297s] Level 1:colcon.colcon_core.environment:checking '/home/maclab/Documents/ROS_WORKSPACES/WS_Master_Thesis/install/environment_pointcloud_processing/lib'
[0.297s] Level 1:colcon.colcon_core.environment:checking '/home/maclab/Documents/ROS_WORKSPACES/WS_Master_Thesis/install/environment_pointcloud_processing/bin'
[0.297s] Level 1:colcon.colcon_core.environment:checking '/home/maclab/Documents/ROS_WORKSPACES/WS_Master_Thesis/install/environment_pointcloud_processing/lib/pkgconfig/environment_pointcloud_processing.pc'
[0.298s] Level 1:colcon.colcon_core.environment:checking '/home/maclab/Documents/ROS_WORKSPACES/WS_Master_Thesis/install/environment_pointcloud_processing/lib/python3.10/site-packages'
[0.298s] Level 1:colcon.colcon_core.environment:checking '/home/maclab/Documents/ROS_WORKSPACES/WS_Master_Thesis/install/environment_pointcloud_processing/bin'
[0.298s] INFO:colcon.colcon_core.shell:Creating package script '/home/maclab/Documents/ROS_WORKSPACES/WS_Master_Thesis/install/environment_pointcloud_processing/share/environment_pointcloud_processing/package.ps1'
[0.298s] INFO:colcon.colcon_core.shell:Creating package descriptor '/home/maclab/Documents/ROS_WORKSPACES/WS_Master_Thesis/install/environment_pointcloud_processing/share/environment_pointcloud_processing/package.dsv'
[0.299s] INFO:colcon.colcon_core.shell:Creating package script '/home/maclab/Documents/ROS_WORKSPACES/WS_Master_Thesis/install/environment_pointcloud_processing/share/environment_pointcloud_processing/package.sh'
[0.299s] INFO:colcon.colcon_core.shell:Creating package script '/home/maclab/Documents/ROS_WORKSPACES/WS_Master_Thesis/install/environment_pointcloud_processing/share/environment_pointcloud_processing/package.bash'
[0.299s] INFO:colcon.colcon_core.shell:Creating package script '/home/maclab/Documents/ROS_WORKSPACES/WS_Master_Thesis/install/environment_pointcloud_processing/share/environment_pointcloud_processing/package.zsh'
[0.299s] Level 1:colcon.colcon_core.environment:create_file_with_runtime_dependencies(/home/maclab/Documents/ROS_WORKSPACES/WS_Master_Thesis/install/environment_pointcloud_processing/share/colcon-core/packages/environment_pointcloud_processing)
[0.300s] Level 1:colcon.colcon_core.environment:create_environment_scripts_only(environment_pointcloud_processing)
[0.300s] Level 1:colcon.colcon_core.environment:checking '/home/maclab/Documents/ROS_WORKSPACES/WS_Master_Thesis/install/environment_pointcloud_processing' for CMake module files
[0.300s] Level 1:colcon.colcon_core.environment:checking '/home/maclab/Documents/ROS_WORKSPACES/WS_Master_Thesis/install/environment_pointcloud_processing' for CMake config files
[0.300s] Level 1:colcon.colcon_core.shell:create_environment_hook('environment_pointcloud_processing', 'cmake_prefix_path')
[0.300s] INFO:colcon.colcon_core.shell:Creating environment hook '/home/maclab/Documents/ROS_WORKSPACES/WS_Master_Thesis/install/environment_pointcloud_processing/share/environment_pointcloud_processing/hook/cmake_prefix_path.ps1'
[0.300s] INFO:colcon.colcon_core.shell:Creating environment descriptor '/home/maclab/Documents/ROS_WORKSPACES/WS_Master_Thesis/install/environment_pointcloud_processing/share/environment_pointcloud_processing/hook/cmake_prefix_path.dsv'
[0.300s] INFO:colcon.colcon_core.shell:Creating environment hook '/home/maclab/Documents/ROS_WORKSPACES/WS_Master_Thesis/install/environment_pointcloud_processing/share/environment_pointcloud_processing/hook/cmake_prefix_path.sh'
[0.300s] Level 1:colcon.colcon_core.environment:checking '/home/maclab/Documents/ROS_WORKSPACES/WS_Master_Thesis/install/environment_pointcloud_processing/lib'
[0.300s] Level 1:colcon.colcon_core.environment:checking '/home/maclab/Documents/ROS_WORKSPACES/WS_Master_Thesis/install/environment_pointcloud_processing/bin'
[0.301s] Level 1:colcon.colcon_core.environment:checking '/home/maclab/Documents/ROS_WORKSPACES/WS_Master_Thesis/install/environment_pointcloud_processing/lib/pkgconfig/environment_pointcloud_processing.pc'
[0.301s] Level 1:colcon.colcon_core.environment:checking '/home/maclab/Documents/ROS_WORKSPACES/WS_Master_Thesis/install/environment_pointcloud_processing/lib/python3.10/site-packages'
[0.301s] Level 1:colcon.colcon_core.environment:checking '/home/maclab/Documents/ROS_WORKSPACES/WS_Master_Thesis/install/environment_pointcloud_processing/bin'
[0.301s] INFO:colcon.colcon_core.shell:Creating package script '/home/maclab/Documents/ROS_WORKSPACES/WS_Master_Thesis/install/environment_pointcloud_processing/share/environment_pointcloud_processing/package.ps1'
[0.301s] INFO:colcon.colcon_core.shell:Creating package descriptor '/home/maclab/Documents/ROS_WORKSPACES/WS_Master_Thesis/install/environment_pointcloud_processing/share/environment_pointcloud_processing/package.dsv'
[0.301s] INFO:colcon.colcon_core.shell:Creating package script '/home/maclab/Documents/ROS_WORKSPACES/WS_Master_Thesis/install/environment_pointcloud_processing/share/environment_pointcloud_processing/package.sh'
[0.301s] INFO:colcon.colcon_core.shell:Creating package script '/home/maclab/Documents/ROS_WORKSPACES/WS_Master_Thesis/install/environment_pointcloud_processing/share/environment_pointcloud_processing/package.bash'
[0.301s] INFO:colcon.colcon_core.shell:Creating package script '/home/maclab/Documents/ROS_WORKSPACES/WS_Master_Thesis/install/environment_pointcloud_processing/share/environment_pointcloud_processing/package.zsh'
[0.302s] Level 1:colcon.colcon_core.environment:create_file_with_runtime_dependencies(/home/maclab/Documents/ROS_WORKSPACES/WS_Master_Thesis/install/environment_pointcloud_processing/share/colcon-core/packages/environment_pointcloud_processing)
[0.302s] Level 1:colcon.colcon_core.environment:create_environment_scripts_only(pointcloud_interactive_markers)
[0.302s] Level 1:colcon.colcon_core.environment:checking '/home/maclab/Documents/ROS_WORKSPACES/WS_Master_Thesis/install/pointcloud_interactive_markers' for CMake module files
[0.302s] DEBUG:colcon.colcon_core.event_handler.log_command:Invoked command in '/home/maclab/Documents/ROS_WORKSPACES/WS_Master_Thesis/build/pointcloud_interactive_markers' returned '0': CMAKE_PREFIX_PATH=/opt/ros/humble /usr/bin/cmake --install /home/maclab/Documents/ROS_WORKSPACES/WS_Master_Thesis/build/pointcloud_interactive_markers
[0.303s] Level 1:colcon.colcon_core.environment:checking '/home/maclab/Documents/ROS_WORKSPACES/WS_Master_Thesis/install/pointcloud_interactive_markers' for CMake config files
[0.303s] Level 1:colcon.colcon_core.shell:create_environment_hook('pointcloud_interactive_markers', 'cmake_prefix_path')
[0.303s] INFO:colcon.colcon_core.shell:Creating environment hook '/home/maclab/Documents/ROS_WORKSPACES/WS_Master_Thesis/install/pointcloud_interactive_markers/share/pointcloud_interactive_markers/hook/cmake_prefix_path.ps1'
[0.303s] INFO:colcon.colcon_core.shell:Creating environment descriptor '/home/maclab/Documents/ROS_WORKSPACES/WS_Master_Thesis/install/pointcloud_interactive_markers/share/pointcloud_interactive_markers/hook/cmake_prefix_path.dsv'
[0.303s] INFO:colcon.colcon_core.shell:Creating environment hook '/home/maclab/Documents/ROS_WORKSPACES/WS_Master_Thesis/install/pointcloud_interactive_markers/share/pointcloud_interactive_markers/hook/cmake_prefix_path.sh'
[0.303s] Level 1:colcon.colcon_core.environment:checking '/home/maclab/Documents/ROS_WORKSPACES/WS_Master_Thesis/install/pointcloud_interactive_markers/lib'
[0.303s] Level 1:colcon.colcon_core.environment:checking '/home/maclab/Documents/ROS_WORKSPACES/WS_Master_Thesis/install/pointcloud_interactive_markers/bin'
[0.303s] Level 1:colcon.colcon_core.environment:checking '/home/maclab/Documents/ROS_WORKSPACES/WS_Master_Thesis/install/pointcloud_interactive_markers/lib/pkgconfig/pointcloud_interactive_markers.pc'
[0.303s] Level 1:colcon.colcon_core.environment:checking '/home/maclab/Documents/ROS_WORKSPACES/WS_Master_Thesis/install/pointcloud_interactive_markers/lib/python3.10/site-packages'
[0.303s] Level 1:colcon.colcon_core.environment:checking '/home/maclab/Documents/ROS_WORKSPACES/WS_Master_Thesis/install/pointcloud_interactive_markers/bin'
[0.304s] INFO:colcon.colcon_core.shell:Creating package script '/home/maclab/Documents/ROS_WORKSPACES/WS_Master_Thesis/install/pointcloud_interactive_markers/share/pointcloud_interactive_markers/package.ps1'
[0.304s] INFO:colcon.colcon_core.shell:Creating package descriptor '/home/maclab/Documents/ROS_WORKSPACES/WS_Master_Thesis/install/pointcloud_interactive_markers/share/pointcloud_interactive_markers/package.dsv'
[0.304s] INFO:colcon.colcon_core.shell:Creating package script '/home/maclab/Documents/ROS_WORKSPACES/WS_Master_Thesis/install/pointcloud_interactive_markers/share/pointcloud_interactive_markers/package.sh'
[0.304s] INFO:colcon.colcon_core.shell:Creating package script '/home/maclab/Documents/ROS_WORKSPACES/WS_Master_Thesis/install/pointcloud_interactive_markers/share/pointcloud_interactive_markers/package.bash'
[0.304s] INFO:colcon.colcon_core.shell:Creating package script '/home/maclab/Documents/ROS_WORKSPACES/WS_Master_Thesis/install/pointcloud_interactive_markers/share/pointcloud_interactive_markers/package.zsh'
[0.304s] Level 1:colcon.colcon_core.environment:create_file_with_runtime_dependencies(/home/maclab/Documents/ROS_WORKSPACES/WS_Master_Thesis/install/pointcloud_interactive_markers/share/colcon-core/packages/pointcloud_interactive_markers)
[0.304s] Level 1:colcon.colcon_core.environment:create_environment_scripts_only(pointcloud_interactive_markers)
[0.304s] Level 1:colcon.colcon_core.environment:checking '/home/maclab/Documents/ROS_WORKSPACES/WS_Master_Thesis/install/pointcloud_interactive_markers' for CMake module files
[0.305s] Level 1:colcon.colcon_core.environment:checking '/home/maclab/Documents/ROS_WORKSPACES/WS_Master_Thesis/install/pointcloud_interactive_markers' for CMake config files
[0.305s] Level 1:colcon.colcon_core.shell:create_environment_hook('pointcloud_interactive_markers', 'cmake_prefix_path')
[0.305s] INFO:colcon.colcon_core.shell:Creating environment hook '/home/maclab/Documents/ROS_WORKSPACES/WS_Master_Thesis/install/pointcloud_interactive_markers/share/pointcloud_interactive_markers/hook/cmake_prefix_path.ps1'
[0.305s] INFO:colcon.colcon_core.shell:Creating environment descriptor '/home/maclab/Documents/ROS_WORKSPACES/WS_Master_Thesis/install/pointcloud_interactive_markers/share/pointcloud_interactive_markers/hook/cmake_prefix_path.dsv'
[0.305s] INFO:colcon.colcon_core.shell:Creating environment hook '/home/maclab/Documents/ROS_WORKSPACES/WS_Master_Thesis/install/pointcloud_interactive_markers/share/pointcloud_interactive_markers/hook/cmake_prefix_path.sh'
[0.305s] Level 1:colcon.colcon_core.environment:checking '/home/maclab/Documents/ROS_WORKSPACES/WS_Master_Thesis/install/pointcloud_interactive_markers/lib'
[0.305s] Level 1:colcon.colcon_core.environment:checking '/home/maclab/Documents/ROS_WORKSPACES/WS_Master_Thesis/install/pointcloud_interactive_markers/bin'
[0.305s] Level 1:colcon.colcon_core.environment:checking '/home/maclab/Documents/ROS_WORKSPACES/WS_Master_Thesis/install/pointcloud_interactive_markers/lib/pkgconfig/pointcloud_interactive_markers.pc'
[0.305s] Level 1:colcon.colcon_core.environment:checking '/home/maclab/Documents/ROS_WORKSPACES/WS_Master_Thesis/install/pointcloud_interactive_markers/lib/python3.10/site-packages'
[0.306s] Level 1:colcon.colcon_core.environment:checking '/home/maclab/Documents/ROS_WORKSPACES/WS_Master_Thesis/install/pointcloud_interactive_markers/bin'
[0.306s] INFO:colcon.colcon_core.shell:Creating package script '/home/maclab/Documents/ROS_WORKSPACES/WS_Master_Thesis/install/pointcloud_interactive_markers/share/pointcloud_interactive_markers/package.ps1'
[0.306s] INFO:colcon.colcon_core.shell:Creating package descriptor '/home/maclab/Documents/ROS_WORKSPACES/WS_Master_Thesis/install/pointcloud_interactive_markers/share/pointcloud_interactive_markers/package.dsv'
[0.306s] INFO:colcon.colcon_core.shell:Creating package script '/home/maclab/Documents/ROS_WORKSPACES/WS_Master_Thesis/install/pointcloud_interactive_markers/share/pointcloud_interactive_markers/package.sh'
[0.306s] INFO:colcon.colcon_core.shell:Creating package script '/home/maclab/Documents/ROS_WORKSPACES/WS_Master_Thesis/install/pointcloud_interactive_markers/share/pointcloud_interactive_markers/package.bash'
[0.306s] INFO:colcon.colcon_core.shell:Creating package script '/home/maclab/Documents/ROS_WORKSPACES/WS_Master_Thesis/install/pointcloud_interactive_markers/share/pointcloud_interactive_markers/package.zsh'
[0.306s] Level 1:colcon.colcon_core.environment:create_file_with_runtime_dependencies(/home/maclab/Documents/ROS_WORKSPACES/WS_Master_Thesis/install/pointcloud_interactive_markers/share/colcon-core/packages/pointcloud_interactive_markers)
[0.307s] Level 1:colcon.colcon_core.environment:create_environment_scripts_only(ur_admittance_controller)
[0.307s] Level 1:colcon.colcon_core.environment:checking '/home/maclab/Documents/ROS_WORKSPACES/WS_Master_Thesis/install/ur_admittance_controller' for CMake module files
[0.307s] Level 1:colcon.colcon_core.environment:checking '/home/maclab/Documents/ROS_WORKSPACES/WS_Master_Thesis/install/ur_admittance_controller' for CMake config files
[0.307s] Level 1:colcon.colcon_core.shell:create_environment_hook('ur_admittance_controller', 'cmake_prefix_path')
[0.307s] INFO:colcon.colcon_core.shell:Creating environment hook '/home/maclab/Documents/ROS_WORKSPACES/WS_Master_Thesis/install/ur_admittance_controller/share/ur_admittance_controller/hook/cmake_prefix_path.ps1'
[0.307s] INFO:colcon.colcon_core.shell:Creating environment descriptor '/home/maclab/Documents/ROS_WORKSPACES/WS_Master_Thesis/install/ur_admittance_controller/share/ur_admittance_controller/hook/cmake_prefix_path.dsv'
[0.308s] INFO:colcon.colcon_core.shell:Creating environment hook '/home/maclab/Documents/ROS_WORKSPACES/WS_Master_Thesis/install/ur_admittance_controller/share/ur_admittance_controller/hook/cmake_prefix_path.sh'
[0.308s] Level 1:colcon.colcon_core.environment:checking '/home/maclab/Documents/ROS_WORKSPACES/WS_Master_Thesis/install/ur_admittance_controller/lib'
[0.308s] Level 1:colcon.colcon_core.environment:checking '/home/maclab/Documents/ROS_WORKSPACES/WS_Master_Thesis/install/ur_admittance_controller/bin'
[0.308s] Level 1:colcon.colcon_core.environment:checking '/home/maclab/Documents/ROS_WORKSPACES/WS_Master_Thesis/install/ur_admittance_controller/lib/pkgconfig/ur_admittance_controller.pc'
[0.308s] Level 1:colcon.colcon_core.environment:checking '/home/maclab/Documents/ROS_WORKSPACES/WS_Master_Thesis/install/ur_admittance_controller/lib/python3.10/site-packages'
[0.308s] Level 1:colcon.colcon_core.environment:checking '/home/maclab/Documents/ROS_WORKSPACES/WS_Master_Thesis/install/ur_admittance_controller/bin'
[0.308s] INFO:colcon.colcon_core.shell:Creating package script '/home/maclab/Documents/ROS_WORKSPACES/WS_Master_Thesis/install/ur_admittance_controller/share/ur_admittance_controller/package.ps1'
[0.309s] INFO:colcon.colcon_core.shell:Creating package descriptor '/home/maclab/Documents/ROS_WORKSPACES/WS_Master_Thesis/install/ur_admittance_controller/share/ur_admittance_controller/package.dsv'
[0.309s] INFO:colcon.colcon_core.shell:Creating package script '/home/maclab/Documents/ROS_WORKSPACES/WS_Master_Thesis/install/ur_admittance_controller/share/ur_admittance_controller/package.sh'
[0.309s] INFO:colcon.colcon_core.shell:Creating package script '/home/maclab/Documents/ROS_WORKSPACES/WS_Master_Thesis/install/ur_admittance_controller/share/ur_admittance_controller/package.bash'
[0.309s] INFO:colcon.colcon_core.shell:Creating package script '/home/maclab/Documents/ROS_WORKSPACES/WS_Master_Thesis/install/ur_admittance_controller/share/ur_admittance_controller/package.zsh'
[0.309s] Level 1:colcon.colcon_core.environment:create_file_with_runtime_dependencies(/home/maclab/Documents/ROS_WORKSPACES/WS_Master_Thesis/install/ur_admittance_controller/share/colcon-core/packages/ur_admittance_controller)
[0.310s] Level 1:colcon.colcon_core.environment:create_environment_scripts_only(ur_admittance_controller)
[0.310s] Level 1:colcon.colcon_core.environment:checking '/home/maclab/Documents/ROS_WORKSPACES/WS_Master_Thesis/install/ur_admittance_controller' for CMake module files
[0.310s] Level 1:colcon.colcon_core.environment:checking '/home/maclab/Documents/ROS_WORKSPACES/WS_Master_Thesis/install/ur_admittance_controller' for CMake config files
[0.310s] Level 1:colcon.colcon_core.shell:create_environment_hook('ur_admittance_controller', 'cmake_prefix_path')
[0.310s] INFO:colcon.colcon_core.shell:Creating environment hook '/home/maclab/Documents/ROS_WORKSPACES/WS_Master_Thesis/install/ur_admittance_controller/share/ur_admittance_controller/hook/cmake_prefix_path.ps1'
[0.310s] INFO:colcon.colcon_core.shell:Creating environment descriptor '/home/maclab/Documents/ROS_WORKSPACES/WS_Master_Thesis/install/ur_admittance_controller/share/ur_admittance_controller/hook/cmake_prefix_path.dsv'
[0.311s] INFO:colcon.colcon_core.shell:Creating environment hook '/home/maclab/Documents/ROS_WORKSPACES/WS_Master_Thesis/install/ur_admittance_controller/share/ur_admittance_controller/hook/cmake_prefix_path.sh'
[0.311s] DEBUG:colcon.colcon_core.event_handler.log_command:Invoked command in '/home/maclab/Documents/ROS_WORKSPACES/WS_Master_Thesis/build/ur_admittance_controller' returned '0': CMAKE_PREFIX_PATH=/opt/ros/humble /usr/bin/cmake --install /home/maclab/Documents/ROS_WORKSPACES/WS_Master_Thesis/build/ur_admittance_controller
[0.311s] Level 1:colcon.colcon_core.environment:checking '/home/maclab/Documents/ROS_WORKSPACES/WS_Master_Thesis/install/ur_admittance_controller/lib'
[0.311s] Level 1:colcon.colcon_core.environment:checking '/home/maclab/Documents/ROS_WORKSPACES/WS_Master_Thesis/install/ur_admittance_controller/bin'
[0.311s] Level 1:colcon.colcon_core.environment:checking '/home/maclab/Documents/ROS_WORKSPACES/WS_Master_Thesis/install/ur_admittance_controller/lib/pkgconfig/ur_admittance_controller.pc'
[0.311s] Level 1:colcon.colcon_core.environment:checking '/home/maclab/Documents/ROS_WORKSPACES/WS_Master_Thesis/install/ur_admittance_controller/lib/python3.10/site-packages'
[0.311s] Level 1:colcon.colcon_core.environment:checking '/home/maclab/Documents/ROS_WORKSPACES/WS_Master_Thesis/install/ur_admittance_controller/bin'
[0.311s] INFO:colcon.colcon_core.shell:Creating package script '/home/maclab/Documents/ROS_WORKSPACES/WS_Master_Thesis/install/ur_admittance_controller/share/ur_admittance_controller/package.ps1'
[0.312s] INFO:colcon.colcon_core.shell:Creating package descriptor '/home/maclab/Documents/ROS_WORKSPACES/WS_Master_Thesis/install/ur_admittance_controller/share/ur_admittance_controller/package.dsv'
[0.312s] INFO:colcon.colcon_core.shell:Creating package script '/home/maclab/Documents/ROS_WORKSPACES/WS_Master_Thesis/install/ur_admittance_controller/share/ur_admittance_controller/package.sh'
[0.313s] INFO:colcon.colcon_core.shell:Creating package script '/home/maclab/Documents/ROS_WORKSPACES/WS_Master_Thesis/install/ur_admittance_controller/share/ur_admittance_controller/package.bash'
[0.313s] INFO:colcon.colcon_core.shell:Creating package script '/home/maclab/Documents/ROS_WORKSPACES/WS_Master_Thesis/install/ur_admittance_controller/share/ur_admittance_controller/package.zsh'
[0.313s] Level 1:colcon.colcon_core.environment:create_file_with_runtime_dependencies(/home/maclab/Documents/ROS_WORKSPACES/WS_Master_Thesis/install/ur_admittance_controller/share/colcon-core/packages/ur_admittance_controller)
[0.313s] Level 1:colcon.colcon_core.environment:create_environment_scripts_only(rsp_uc1)
[0.314s] Level 1:colcon.colcon_core.environment:checking '/home/maclab/Documents/ROS_WORKSPACES/WS_Master_Thesis/install/rsp_uc1' for CMake module files
[0.314s] DEBUG:colcon.colcon_core.event_handler.log_command:Invoked command in '/home/maclab/Documents/ROS_WORKSPACES/WS_Master_Thesis/build/rsp_uc1' returned '0': CMAKE_PREFIX_PATH=/opt/ros/humble /usr/bin/cmake --install /home/maclab/Documents/ROS_WORKSPACES/WS_Master_Thesis/build/rsp_uc1
[0.314s] Level 1:colcon.colcon_core.environment:checking '/home/maclab/Documents/ROS_WORKSPACES/WS_Master_Thesis/install/rsp_uc1' for CMake config files
[0.314s] Level 1:colcon.colcon_core.shell:create_environment_hook('rsp_uc1', 'cmake_prefix_path')
[0.314s] INFO:colcon.colcon_core.shell:Creating environment hook '/home/maclab/Documents/ROS_WORKSPACES/WS_Master_Thesis/install/rsp_uc1/share/rsp_uc1/hook/cmake_prefix_path.ps1'
[0.314s] INFO:colcon.colcon_core.shell:Creating environment descriptor '/home/maclab/Documents/ROS_WORKSPACES/WS_Master_Thesis/install/rsp_uc1/share/rsp_uc1/hook/cmake_prefix_path.dsv'
[0.315s] INFO:colcon.colcon_core.shell:Creating environment hook '/home/maclab/Documents/ROS_WORKSPACES/WS_Master_Thesis/install/rsp_uc1/share/rsp_uc1/hook/cmake_prefix_path.sh'
[0.315s] Level 1:colcon.colcon_core.environment:checking '/home/maclab/Documents/ROS_WORKSPACES/WS_Master_Thesis/install/rsp_uc1/lib'
[0.315s] Level 1:colcon.colcon_core.shell:create_environment_hook('rsp_uc1', 'ld_library_path_lib')
[0.315s] INFO:colcon.colcon_core.shell:Creating environment hook '/home/maclab/Documents/ROS_WORKSPACES/WS_Master_Thesis/install/rsp_uc1/share/rsp_uc1/hook/ld_library_path_lib.ps1'
[0.315s] INFO:colcon.colcon_core.shell:Creating environment descriptor '/home/maclab/Documents/ROS_WORKSPACES/WS_Master_Thesis/install/rsp_uc1/share/rsp_uc1/hook/ld_library_path_lib.dsv'
[0.315s] INFO:colcon.colcon_core.shell:Creating environment hook '/home/maclab/Documents/ROS_WORKSPACES/WS_Master_Thesis/install/rsp_uc1/share/rsp_uc1/hook/ld_library_path_lib.sh'
[0.315s] Level 1:colcon.colcon_core.environment:checking '/home/maclab/Documents/ROS_WORKSPACES/WS_Master_Thesis/install/rsp_uc1/bin'
[0.316s] Level 1:colcon.colcon_core.environment:checking '/home/maclab/Documents/ROS_WORKSPACES/WS_Master_Thesis/install/rsp_uc1/lib/pkgconfig/rsp_uc1.pc'
[0.316s] Level 1:colcon.colcon_core.environment:checking '/home/maclab/Documents/ROS_WORKSPACES/WS_Master_Thesis/install/rsp_uc1/lib/python3.10/site-packages'
[0.316s] Level 1:colcon.colcon_core.environment:checking '/home/maclab/Documents/ROS_WORKSPACES/WS_Master_Thesis/install/rsp_uc1/bin'
[0.316s] INFO:colcon.colcon_core.shell:Creating package script '/home/maclab/Documents/ROS_WORKSPACES/WS_Master_Thesis/install/rsp_uc1/share/rsp_uc1/package.ps1'
[0.316s] INFO:colcon.colcon_core.shell:Creating package descriptor '/home/maclab/Documents/ROS_WORKSPACES/WS_Master_Thesis/install/rsp_uc1/share/rsp_uc1/package.dsv'
[0.316s] INFO:colcon.colcon_core.shell:Creating package script '/home/maclab/Documents/ROS_WORKSPACES/WS_Master_Thesis/install/rsp_uc1/share/rsp_uc1/package.sh'
[0.317s] INFO:colcon.colcon_core.shell:Creating package script '/home/maclab/Documents/ROS_WORKSPACES/WS_Master_Thesis/install/rsp_uc1/share/rsp_uc1/package.bash'
[0.317s] INFO:colcon.colcon_core.shell:Creating package script '/home/maclab/Documents/ROS_WORKSPACES/WS_Master_Thesis/install/rsp_uc1/share/rsp_uc1/package.zsh'
[0.317s] Level 1:colcon.colcon_core.environment:create_file_with_runtime_dependencies(/home/maclab/Documents/ROS_WORKSPACES/WS_Master_Thesis/install/rsp_uc1/share/colcon-core/packages/rsp_uc1)
[0.317s] Level 1:colcon.colcon_core.environment:create_environment_scripts_only(rsp_uc1)
[0.317s] Level 1:colcon.colcon_core.environment:checking '/home/maclab/Documents/ROS_WORKSPACES/WS_Master_Thesis/install/rsp_uc1' for CMake module files
[0.318s] Level 1:colcon.colcon_core.environment:checking '/home/maclab/Documents/ROS_WORKSPACES/WS_Master_Thesis/install/rsp_uc1' for CMake config files
[0.318s] Level 1:colcon.colcon_core.shell:create_environment_hook('rsp_uc1', 'cmake_prefix_path')
[0.318s] INFO:colcon.colcon_core.shell:Creating environment hook '/home/maclab/Documents/ROS_WORKSPACES/WS_Master_Thesis/install/rsp_uc1/share/rsp_uc1/hook/cmake_prefix_path.ps1'
[0.318s] INFO:colcon.colcon_core.shell:Creating environment descriptor '/home/maclab/Documents/ROS_WORKSPACES/WS_Master_Thesis/install/rsp_uc1/share/rsp_uc1/hook/cmake_prefix_path.dsv'
[0.318s] INFO:colcon.colcon_core.shell:Creating environment hook '/home/maclab/Documents/ROS_WORKSPACES/WS_Master_Thesis/install/rsp_uc1/share/rsp_uc1/hook/cmake_prefix_path.sh'
[0.319s] Level 1:colcon.colcon_core.environment:checking '/home/maclab/Documents/ROS_WORKSPACES/WS_Master_Thesis/install/rsp_uc1/lib'
[0.319s] Level 1:colcon.colcon_core.shell:create_environment_hook('rsp_uc1', 'ld_library_path_lib')
[0.319s] INFO:colcon.colcon_core.shell:Creating environment hook '/home/maclab/Documents/ROS_WORKSPACES/WS_Master_Thesis/install/rsp_uc1/share/rsp_uc1/hook/ld_library_path_lib.ps1'
[0.319s] INFO:colcon.colcon_core.shell:Creating environment descriptor '/home/maclab/Documents/ROS_WORKSPACES/WS_Master_Thesis/install/rsp_uc1/share/rsp_uc1/hook/ld_library_path_lib.dsv'
[0.319s] INFO:colcon.colcon_core.shell:Creating environment hook '/home/maclab/Documents/ROS_WORKSPACES/WS_Master_Thesis/install/rsp_uc1/share/rsp_uc1/hook/ld_library_path_lib.sh'
[0.319s] Level 1:colcon.colcon_core.environment:checking '/home/maclab/Documents/ROS_WORKSPACES/WS_Master_Thesis/install/rsp_uc1/bin'
[0.319s] Level 1:colcon.colcon_core.environment:checking '/home/maclab/Documents/ROS_WORKSPACES/WS_Master_Thesis/install/rsp_uc1/lib/pkgconfig/rsp_uc1.pc'
[0.319s] Level 1:colcon.colcon_core.environment:checking '/home/maclab/Documents/ROS_WORKSPACES/WS_Master_Thesis/install/rsp_uc1/lib/python3.10/site-packages'
[0.320s] Level 1:colcon.colcon_core.environment:checking '/home/maclab/Documents/ROS_WORKSPACES/WS_Master_Thesis/install/rsp_uc1/bin'
[0.320s] INFO:colcon.colcon_core.shell:Creating package script '/home/maclab/Documents/ROS_WORKSPACES/WS_Master_Thesis/install/rsp_uc1/share/rsp_uc1/package.ps1'
[0.320s] INFO:colcon.colcon_core.shell:Creating package descriptor '/home/maclab/Documents/ROS_WORKSPACES/WS_Master_Thesis/install/rsp_uc1/share/rsp_uc1/package.dsv'
[0.320s] INFO:colcon.colcon_core.shell:Creating package script '/home/maclab/Documents/ROS_WORKSPACES/WS_Master_Thesis/install/rsp_uc1/share/rsp_uc1/package.sh'
[0.321s] INFO:colcon.colcon_core.shell:Creating package script '/home/maclab/Documents/ROS_WORKSPACES/WS_Master_Thesis/install/rsp_uc1/share/rsp_uc1/package.bash'
[0.321s] INFO:colcon.colcon_core.shell:Creating package script '/home/maclab/Documents/ROS_WORKSPACES/WS_Master_Thesis/install/rsp_uc1/share/rsp_uc1/package.zsh'
[0.321s] Level 1:colcon.colcon_core.environment:create_file_with_runtime_dependencies(/home/maclab/Documents/ROS_WORKSPACES/WS_Master_Thesis/install/rsp_uc1/share/colcon-core/packages/rsp_uc1)
[0.352s] DEBUG:colcon.colcon_core.event_handler.log_command:Invoked command in '/home/maclab/Documents/ROS_WORKSPACES/WS_Master_Thesis/build/uc1_robot_controllers_interfaces' returned '0': CMAKE_PREFIX_PATH=/opt/ros/humble /usr/bin/cmake --build /home/maclab/Documents/ROS_WORKSPACES/WS_Master_Thesis/build/uc1_robot_controllers_interfaces -- -j32 -l32
[0.353s] DEBUG:colcon.colcon_core.event_handler.log_command:Invoking command in '/home/maclab/Documents/ROS_WORKSPACES/WS_Master_Thesis/build/uc1_robot_controllers_interfaces': CMAKE_PREFIX_PATH=/opt/ros/humble /usr/bin/cmake --install /home/maclab/Documents/ROS_WORKSPACES/WS_Master_Thesis/build/uc1_robot_controllers_interfaces
[0.353s] DEBUG:colcon.colcon_core.event_handler.log_command:Invoked command in '/home/maclab/Documents/ROS_WORKSPACES/WS_Master_Thesis/build/uc1_robot_perception' returned '0': CMAKE_PREFIX_PATH=/opt/ros/humble /usr/bin/cmake --build /home/maclab/Documents/ROS_WORKSPACES/WS_Master_Thesis/build/uc1_robot_perception -- -j32 -l32
[0.354s] DEBUG:colcon.colcon_core.event_handler.log_command:Invoking command in '/home/maclab/Documents/ROS_WORKSPACES/WS_Master_Thesis/build/uc1_robot_perception': CMAKE_PREFIX_PATH=/opt/ros/humble /usr/bin/cmake --install /home/maclab/Documents/ROS_WORKSPACES/WS_Master_Thesis/build/uc1_robot_perception
[0.392s] Level 1:colcon.colcon_core.environment:create_environment_scripts_only(uc1_robot_controllers_interfaces)
[0.393s] Level 1:colcon.colcon_core.environment:checking '/home/maclab/Documents/ROS_WORKSPACES/WS_Master_Thesis/install/uc1_robot_controllers_interfaces' for CMake module files
[0.393s] DEBUG:colcon.colcon_core.event_handler.log_command:Invoked command in '/home/maclab/Documents/ROS_WORKSPACES/WS_Master_Thesis/build/uc1_robot_controllers_interfaces' returned '0': CMAKE_PREFIX_PATH=/opt/ros/humble /usr/bin/cmake --install /home/maclab/Documents/ROS_WORKSPACES/WS_Master_Thesis/build/uc1_robot_controllers_interfaces
[0.394s] Level 1:colcon.colcon_core.environment:checking '/home/maclab/Documents/ROS_WORKSPACES/WS_Master_Thesis/install/uc1_robot_controllers_interfaces' for CMake config files
[0.394s] Level 1:colcon.colcon_core.shell:create_environment_hook('uc1_robot_controllers_interfaces', 'cmake_prefix_path')
[0.394s] INFO:colcon.colcon_core.shell:Creating environment hook '/home/maclab/Documents/ROS_WORKSPACES/WS_Master_Thesis/install/uc1_robot_controllers_interfaces/share/uc1_robot_controllers_interfaces/hook/cmake_prefix_path.ps1'
[0.395s] INFO:colcon.colcon_core.shell:Creating environment descriptor '/home/maclab/Documents/ROS_WORKSPACES/WS_Master_Thesis/install/uc1_robot_controllers_interfaces/share/uc1_robot_controllers_interfaces/hook/cmake_prefix_path.dsv'
[0.395s] INFO:colcon.colcon_core.shell:Creating environment hook '/home/maclab/Documents/ROS_WORKSPACES/WS_Master_Thesis/install/uc1_robot_controllers_interfaces/share/uc1_robot_controllers_interfaces/hook/cmake_prefix_path.sh'
[0.396s] Level 1:colcon.colcon_core.environment:checking '/home/maclab/Documents/ROS_WORKSPACES/WS_Master_Thesis/install/uc1_robot_controllers_interfaces/lib'
[0.396s] Level 1:colcon.colcon_core.shell:create_environment_hook('uc1_robot_controllers_interfaces', 'ld_library_path_lib')
[0.396s] INFO:colcon.colcon_core.shell:Creating environment hook '/home/maclab/Documents/ROS_WORKSPACES/WS_Master_Thesis/install/uc1_robot_controllers_interfaces/share/uc1_robot_controllers_interfaces/hook/ld_library_path_lib.ps1'
[0.396s] INFO:colcon.colcon_core.shell:Creating environment descriptor '/home/maclab/Documents/ROS_WORKSPACES/WS_Master_Thesis/install/uc1_robot_controllers_interfaces/share/uc1_robot_controllers_interfaces/hook/ld_library_path_lib.dsv'
[0.397s] INFO:colcon.colcon_core.shell:Creating environment hook '/home/maclab/Documents/ROS_WORKSPACES/WS_Master_Thesis/install/uc1_robot_controllers_interfaces/share/uc1_robot_controllers_interfaces/hook/ld_library_path_lib.sh'
[0.397s] Level 1:colcon.colcon_core.environment:checking '/home/maclab/Documents/ROS_WORKSPACES/WS_Master_Thesis/install/uc1_robot_controllers_interfaces/bin'
[0.397s] Level 1:colcon.colcon_core.environment:checking '/home/maclab/Documents/ROS_WORKSPACES/WS_Master_Thesis/install/uc1_robot_controllers_interfaces/lib/pkgconfig/uc1_robot_controllers_interfaces.pc'
[0.398s] Level 1:colcon.colcon_core.environment:checking '/home/maclab/Documents/ROS_WORKSPACES/WS_Master_Thesis/install/uc1_robot_controllers_interfaces/lib/python3.10/site-packages'
[0.398s] Level 1:colcon.colcon_core.environment:checking '/home/maclab/Documents/ROS_WORKSPACES/WS_Master_Thesis/install/uc1_robot_controllers_interfaces/bin'
[0.398s] INFO:colcon.colcon_core.shell:Creating package script '/home/maclab/Documents/ROS_WORKSPACES/WS_Master_Thesis/install/uc1_robot_controllers_interfaces/share/uc1_robot_controllers_interfaces/package.ps1'
[0.399s] INFO:colcon.colcon_core.shell:Creating package descriptor '/home/maclab/Documents/ROS_WORKSPACES/WS_Master_Thesis/install/uc1_robot_controllers_interfaces/share/uc1_robot_controllers_interfaces/package.dsv'
[0.399s] INFO:colcon.colcon_core.shell:Creating package script '/home/maclab/Documents/ROS_WORKSPACES/WS_Master_Thesis/install/uc1_robot_controllers_interfaces/share/uc1_robot_controllers_interfaces/package.sh'
[0.399s] INFO:colcon.colcon_core.shell:Creating package script '/home/maclab/Documents/ROS_WORKSPACES/WS_Master_Thesis/install/uc1_robot_controllers_interfaces/share/uc1_robot_controllers_interfaces/package.bash'
[0.399s] INFO:colcon.colcon_core.shell:Creating package script '/home/maclab/Documents/ROS_WORKSPACES/WS_Master_Thesis/install/uc1_robot_controllers_interfaces/share/uc1_robot_controllers_interfaces/package.zsh'
[0.400s] Level 1:colcon.colcon_core.environment:create_file_with_runtime_dependencies(/home/maclab/Documents/ROS_WORKSPACES/WS_Master_Thesis/install/uc1_robot_controllers_interfaces/share/colcon-core/packages/uc1_robot_controllers_interfaces)
[0.400s] Level 1:colcon.colcon_core.environment:create_environment_scripts_only(uc1_robot_controllers_interfaces)
[0.400s] Level 1:colcon.colcon_core.environment:checking '/home/maclab/Documents/ROS_WORKSPACES/WS_Master_Thesis/install/uc1_robot_controllers_interfaces' for CMake module files
[0.401s] Level 1:colcon.colcon_core.environment:checking '/home/maclab/Documents/ROS_WORKSPACES/WS_Master_Thesis/install/uc1_robot_controllers_interfaces' for CMake config files
[0.401s] Level 1:colcon.colcon_core.shell:create_environment_hook('uc1_robot_controllers_interfaces', 'cmake_prefix_path')
[0.401s] INFO:colcon.colcon_core.shell:Creating environment hook '/home/maclab/Documents/ROS_WORKSPACES/WS_Master_Thesis/install/uc1_robot_controllers_interfaces/share/uc1_robot_controllers_interfaces/hook/cmake_prefix_path.ps1'
[0.401s] INFO:colcon.colcon_core.shell:Creating environment descriptor '/home/maclab/Documents/ROS_WORKSPACES/WS_Master_Thesis/install/uc1_robot_controllers_interfaces/share/uc1_robot_controllers_interfaces/hook/cmake_prefix_path.dsv'
[0.402s] INFO:colcon.colcon_core.shell:Creating environment hook '/home/maclab/Documents/ROS_WORKSPACES/WS_Master_Thesis/install/uc1_robot_controllers_interfaces/share/uc1_robot_controllers_interfaces/hook/cmake_prefix_path.sh'
[0.402s] Level 1:colcon.colcon_core.environment:checking '/home/maclab/Documents/ROS_WORKSPACES/WS_Master_Thesis/install/uc1_robot_controllers_interfaces/lib'
[0.402s] Level 1:colcon.colcon_core.shell:create_environment_hook('uc1_robot_controllers_interfaces', 'ld_library_path_lib')
[0.402s] INFO:colcon.colcon_core.shell:Creating environment hook '/home/maclab/Documents/ROS_WORKSPACES/WS_Master_Thesis/install/uc1_robot_controllers_interfaces/share/uc1_robot_controllers_interfaces/hook/ld_library_path_lib.ps1'
[0.403s] INFO:colcon.colcon_core.shell:Creating environment descriptor '/home/maclab/Documents/ROS_WORKSPACES/WS_Master_Thesis/install/uc1_robot_controllers_interfaces/share/uc1_robot_controllers_interfaces/hook/ld_library_path_lib.dsv'
[0.403s] INFO:colcon.colcon_core.shell:Creating environment hook '/home/maclab/Documents/ROS_WORKSPACES/WS_Master_Thesis/install/uc1_robot_controllers_interfaces/share/uc1_robot_controllers_interfaces/hook/ld_library_path_lib.sh'
[0.403s] Level 1:colcon.colcon_core.environment:checking '/home/maclab/Documents/ROS_WORKSPACES/WS_Master_Thesis/install/uc1_robot_controllers_interfaces/bin'
[0.403s] Level 1:colcon.colcon_core.environment:checking '/home/maclab/Documents/ROS_WORKSPACES/WS_Master_Thesis/install/uc1_robot_controllers_interfaces/lib/pkgconfig/uc1_robot_controllers_interfaces.pc'
[0.403s] Level 1:colcon.colcon_core.environment:checking '/home/maclab/Documents/ROS_WORKSPACES/WS_Master_Thesis/install/uc1_robot_controllers_interfaces/lib/python3.10/site-packages'
[0.404s] Level 1:colcon.colcon_core.environment:checking '/home/maclab/Documents/ROS_WORKSPACES/WS_Master_Thesis/install/uc1_robot_controllers_interfaces/bin'
[0.404s] INFO:colcon.colcon_core.shell:Creating package script '/home/maclab/Documents/ROS_WORKSPACES/WS_Master_Thesis/install/uc1_robot_controllers_interfaces/share/uc1_robot_controllers_interfaces/package.ps1'
[0.404s] INFO:colcon.colcon_core.shell:Creating package descriptor '/home/maclab/Documents/ROS_WORKSPACES/WS_Master_Thesis/install/uc1_robot_controllers_interfaces/share/uc1_robot_controllers_interfaces/package.dsv'
[0.405s] INFO:colcon.colcon_core.shell:Creating package script '/home/maclab/Documents/ROS_WORKSPACES/WS_Master_Thesis/install/uc1_robot_controllers_interfaces/share/uc1_robot_controllers_interfaces/package.sh'
[0.405s] INFO:colcon.colcon_core.shell:Creating package script '/home/maclab/Documents/ROS_WORKSPACES/WS_Master_Thesis/install/uc1_robot_controllers_interfaces/share/uc1_robot_controllers_interfaces/package.bash'
[0.405s] INFO:colcon.colcon_core.shell:Creating package script '/home/maclab/Documents/ROS_WORKSPACES/WS_Master_Thesis/install/uc1_robot_controllers_interfaces/share/uc1_robot_controllers_interfaces/package.zsh'
[0.405s] Level 1:colcon.colcon_core.environment:create_file_with_runtime_dependencies(/home/maclab/Documents/ROS_WORKSPACES/WS_Master_Thesis/install/uc1_robot_controllers_interfaces/share/colcon-core/packages/uc1_robot_controllers_interfaces)
[0.406s] Level 1:colcon.colcon_core.environment:create_environment_scripts_only(uc1_robot_perception)
[0.406s] Level 1:colcon.colcon_core.environment:checking '/home/maclab/Documents/ROS_WORKSPACES/WS_Master_Thesis/install/uc1_robot_perception' for CMake module files
[0.406s] DEBUG:colcon.colcon_core.event_handler.log_command:Invoked command in '/home/maclab/Documents/ROS_WORKSPACES/WS_Master_Thesis/build/uc1_robot_perception' returned '0': CMAKE_PREFIX_PATH=/opt/ros/humble /usr/bin/cmake --install /home/maclab/Documents/ROS_WORKSPACES/WS_Master_Thesis/build/uc1_robot_perception
[0.407s] Level 1:colcon.colcon_core.environment:checking '/home/maclab/Documents/ROS_WORKSPACES/WS_Master_Thesis/install/uc1_robot_perception' for CMake config files
[0.407s] Level 1:colcon.colcon_core.shell:create_environment_hook('uc1_robot_perception', 'cmake_prefix_path')
[0.407s] INFO:colcon.colcon_core.shell:Creating environment hook '/home/maclab/Documents/ROS_WORKSPACES/WS_Master_Thesis/install/uc1_robot_perception/share/uc1_robot_perception/hook/cmake_prefix_path.ps1'
[0.407s] INFO:colcon.colcon_core.shell:Creating environment descriptor '/home/maclab/Documents/ROS_WORKSPACES/WS_Master_Thesis/install/uc1_robot_perception/share/uc1_robot_perception/hook/cmake_prefix_path.dsv'
[0.407s] INFO:colcon.colcon_core.shell:Creating environment hook '/home/maclab/Documents/ROS_WORKSPACES/WS_Master_Thesis/install/uc1_robot_perception/share/uc1_robot_perception/hook/cmake_prefix_path.sh'
[0.408s] Level 1:colcon.colcon_core.environment:checking '/home/maclab/Documents/ROS_WORKSPACES/WS_Master_Thesis/install/uc1_robot_perception/lib'
[0.408s] Level 1:colcon.colcon_core.shell:create_environment_hook('uc1_robot_perception', 'ld_library_path_lib')
[0.408s] INFO:colcon.colcon_core.shell:Creating environment hook '/home/maclab/Documents/ROS_WORKSPACES/WS_Master_Thesis/install/uc1_robot_perception/share/uc1_robot_perception/hook/ld_library_path_lib.ps1'
[0.408s] INFO:colcon.colcon_core.shell:Creating environment descriptor '/home/maclab/Documents/ROS_WORKSPACES/WS_Master_Thesis/install/uc1_robot_perception/share/uc1_robot_perception/hook/ld_library_path_lib.dsv'
[0.408s] INFO:colcon.colcon_core.shell:Creating environment hook '/home/maclab/Documents/ROS_WORKSPACES/WS_Master_Thesis/install/uc1_robot_perception/share/uc1_robot_perception/hook/ld_library_path_lib.sh'
[0.408s] Level 1:colcon.colcon_core.environment:checking '/home/maclab/Documents/ROS_WORKSPACES/WS_Master_Thesis/install/uc1_robot_perception/bin'
[0.408s] Level 1:colcon.colcon_core.environment:checking '/home/maclab/Documents/ROS_WORKSPACES/WS_Master_Thesis/install/uc1_robot_perception/lib/pkgconfig/uc1_robot_perception.pc'
[0.408s] Level 1:colcon.colcon_core.environment:checking '/home/maclab/Documents/ROS_WORKSPACES/WS_Master_Thesis/install/uc1_robot_perception/lib/python3.10/site-packages'
[0.409s] Level 1:colcon.colcon_core.environment:checking '/home/maclab/Documents/ROS_WORKSPACES/WS_Master_Thesis/install/uc1_robot_perception/bin'
[0.409s] INFO:colcon.colcon_core.shell:Creating package script '/home/maclab/Documents/ROS_WORKSPACES/WS_Master_Thesis/install/uc1_robot_perception/share/uc1_robot_perception/package.ps1'
[0.409s] INFO:colcon.colcon_core.shell:Creating package descriptor '/home/maclab/Documents/ROS_WORKSPACES/WS_Master_Thesis/install/uc1_robot_perception/share/uc1_robot_perception/package.dsv'
[0.409s] INFO:colcon.colcon_core.shell:Creating package script '/home/maclab/Documents/ROS_WORKSPACES/WS_Master_Thesis/install/uc1_robot_perception/share/uc1_robot_perception/package.sh'
[0.409s] INFO:colcon.colcon_core.shell:Creating package script '/home/maclab/Documents/ROS_WORKSPACES/WS_Master_Thesis/install/uc1_robot_perception/share/uc1_robot_perception/package.bash'
[0.410s] INFO:colcon.colcon_core.shell:Creating package script '/home/maclab/Documents/ROS_WORKSPACES/WS_Master_Thesis/install/uc1_robot_perception/share/uc1_robot_perception/package.zsh'
[0.410s] Level 1:colcon.colcon_core.environment:create_file_with_runtime_dependencies(/home/maclab/Documents/ROS_WORKSPACES/WS_Master_Thesis/install/uc1_robot_perception/share/colcon-core/packages/uc1_robot_perception)
[0.410s] Level 1:colcon.colcon_core.environment:create_environment_scripts_only(uc1_robot_perception)
[0.410s] Level 1:colcon.colcon_core.environment:checking '/home/maclab/Documents/ROS_WORKSPACES/WS_Master_Thesis/install/uc1_robot_perception' for CMake module files
[0.410s] Level 1:colcon.colcon_core.environment:checking '/home/maclab/Documents/ROS_WORKSPACES/WS_Master_Thesis/install/uc1_robot_perception' for CMake config files
[0.410s] Level 1:colcon.colcon_core.shell:create_environment_hook('uc1_robot_perception', 'cmake_prefix_path')
[0.410s] INFO:colcon.colcon_core.shell:Creating environment hook '/home/maclab/Documents/ROS_WORKSPACES/WS_Master_Thesis/install/uc1_robot_perception/share/uc1_robot_perception/hook/cmake_prefix_path.ps1'
[0.411s] INFO:colcon.colcon_core.shell:Creating environment descriptor '/home/maclab/Documents/ROS_WORKSPACES/WS_Master_Thesis/install/uc1_robot_perception/share/uc1_robot_perception/hook/cmake_prefix_path.dsv'
[0.411s] INFO:colcon.colcon_core.shell:Creating environment hook '/home/maclab/Documents/ROS_WORKSPACES/WS_Master_Thesis/install/uc1_robot_perception/share/uc1_robot_perception/hook/cmake_prefix_path.sh'
[0.411s] Level 1:colcon.colcon_core.environment:checking '/home/maclab/Documents/ROS_WORKSPACES/WS_Master_Thesis/install/uc1_robot_perception/lib'
[0.411s] Level 1:colcon.colcon_core.shell:create_environment_hook('uc1_robot_perception', 'ld_library_path_lib')
[0.411s] INFO:colcon.colcon_core.shell:Creating environment hook '/home/maclab/Documents/ROS_WORKSPACES/WS_Master_Thesis/install/uc1_robot_perception/share/uc1_robot_perception/hook/ld_library_path_lib.ps1'
[0.411s] INFO:colcon.colcon_core.shell:Creating environment descriptor '/home/maclab/Documents/ROS_WORKSPACES/WS_Master_Thesis/install/uc1_robot_perception/share/uc1_robot_perception/hook/ld_library_path_lib.dsv'
[0.411s] INFO:colcon.colcon_core.shell:Creating environment hook '/home/maclab/Documents/ROS_WORKSPACES/WS_Master_Thesis/install/uc1_robot_perception/share/uc1_robot_perception/hook/ld_library_path_lib.sh'
[0.411s] Level 1:colcon.colcon_core.environment:checking '/home/maclab/Documents/ROS_WORKSPACES/WS_Master_Thesis/install/uc1_robot_perception/bin'
[0.411s] Level 1:colcon.colcon_core.environment:checking '/home/maclab/Documents/ROS_WORKSPACES/WS_Master_Thesis/install/uc1_robot_perception/lib/pkgconfig/uc1_robot_perception.pc'
[0.411s] Level 1:colcon.colcon_core.environment:checking '/home/maclab/Documents/ROS_WORKSPACES/WS_Master_Thesis/install/uc1_robot_perception/lib/python3.10/site-packages'
[0.411s] Level 1:colcon.colcon_core.environment:checking '/home/maclab/Documents/ROS_WORKSPACES/WS_Master_Thesis/install/uc1_robot_perception/bin'
[0.412s] INFO:colcon.colcon_core.shell:Creating package script '/home/maclab/Documents/ROS_WORKSPACES/WS_Master_Thesis/install/uc1_robot_perception/share/uc1_robot_perception/package.ps1'
[0.412s] INFO:colcon.colcon_core.shell:Creating package descriptor '/home/maclab/Documents/ROS_WORKSPACES/WS_Master_Thesis/install/uc1_robot_perception/share/uc1_robot_perception/package.dsv'
[0.412s] INFO:colcon.colcon_core.shell:Creating package script '/home/maclab/Documents/ROS_WORKSPACES/WS_Master_Thesis/install/uc1_robot_perception/share/uc1_robot_perception/package.sh'
[0.412s] INFO:colcon.colcon_core.shell:Creating package script '/home/maclab/Documents/ROS_WORKSPACES/WS_Master_Thesis/install/uc1_robot_perception/share/uc1_robot_perception/package.bash'
[0.412s] INFO:colcon.colcon_core.shell:Creating package script '/home/maclab/Documents/ROS_WORKSPACES/WS_Master_Thesis/install/uc1_robot_perception/share/uc1_robot_perception/package.zsh'
[0.413s] Level 1:colcon.colcon_core.environment:create_file_with_runtime_dependencies(/home/maclab/Documents/ROS_WORKSPACES/WS_Master_Thesis/install/uc1_robot_perception/share/colcon-core/packages/uc1_robot_perception)
[0.413s] INFO:colcon.colcon_ros.task.ament_cmake.build:Building ROS package in '/home/maclab/Documents/ROS_WORKSPACES/WS_Master_Thesis/src/uc1_robot_controllers' with build type 'ament_cmake'
[0.413s] INFO:colcon.colcon_cmake.task.cmake.build:Building CMake package in '/home/maclab/Documents/ROS_WORKSPACES/WS_Master_Thesis/src/uc1_robot_controllers'
[0.413s] INFO:colcon.colcon_core.shell:Skip shell extension 'powershell' for command environment: Not usable outside of PowerShell
[0.413s] DEBUG:colcon.colcon_core.shell:Skip shell extension 'dsv' for command environment
[0.427s] DEBUG:colcon.colcon_core.event_handler.log_command:Invoking command in '/home/maclab/Documents/ROS_WORKSPACES/WS_Master_Thesis/build/uc1_robot_controllers': AMENT_PREFIX_PATH=/home/maclab/Documents/ROS_WORKSPACES/WS_Master_Thesis/install/uc1_robot_perception:/home/maclab/Documents/ROS_WORKSPACES/WS_Master_Thesis/install/uc1_robot_controllers_interfaces:${AMENT_PREFIX_PATH} CMAKE_PREFIX_PATH=/home/maclab/Documents/ROS_WORKSPACES/WS_Master_Thesis/install/uc1_robot_perception:/home/maclab/Documents/ROS_WORKSPACES/WS_Master_Thesis/install/uc1_robot_controllers_interfaces:/opt/ros/humble LD_LIBRARY_PATH=/home/maclab/Documents/ROS_WORKSPACES/WS_Master_Thesis/install/uc1_robot_perception/lib:/home/maclab/Documents/ROS_WORKSPACES/WS_Master_Thesis/install/uc1_robot_controllers_interfaces/lib:${LD_LIBRARY_PATH} PYTHONPATH=/home/maclab/Documents/ROS_WORKSPACES/WS_Master_Thesis/install/uc1_robot_perception/local/lib/python3.10/dist-packages:/home/maclab/Documents/ROS_WORKSPACES/WS_Master_Thesis/install/uc1_robot_controllers_interfaces/local/lib/python3.10/dist-packages:${PYTHONPATH} /usr/bin/cmake --build /home/maclab/Documents/ROS_WORKSPACES/WS_Master_Thesis/build/uc1_robot_controllers -- -j32 -l32
[0.521s] DEBUG:colcon.colcon_core.event_handler.log_command:Invoked command in '/home/maclab/Documents/ROS_WORKSPACES/WS_Master_Thesis/build/uc1_robot_controllers' returned '0': AMENT_PREFIX_PATH=/home/maclab/Documents/ROS_WORKSPACES/WS_Master_Thesis/install/uc1_robot_perception:/home/maclab/Documents/ROS_WORKSPACES/WS_Master_Thesis/install/uc1_robot_controllers_interfaces:${AMENT_PREFIX_PATH} CMAKE_PREFIX_PATH=/home/maclab/Documents/ROS_WORKSPACES/WS_Master_Thesis/install/uc1_robot_perception:/home/maclab/Documents/ROS_WORKSPACES/WS_Master_Thesis/install/uc1_robot_controllers_interfaces:/opt/ros/humble LD_LIBRARY_PATH=/home/maclab/Documents/ROS_WORKSPACES/WS_Master_Thesis/install/uc1_robot_perception/lib:/home/maclab/Documents/ROS_WORKSPACES/WS_Master_Thesis/install/uc1_robot_controllers_interfaces/lib:${LD_LIBRARY_PATH} PYTHONPATH=/home/maclab/Documents/ROS_WORKSPACES/WS_Master_Thesis/install/uc1_robot_perception/local/lib/python3.10/dist-packages:/home/maclab/Documents/ROS_WORKSPACES/WS_Master_Thesis/install/uc1_robot_controllers_interfaces/local/lib/python3.10/dist-packages:${PYTHONPATH} /usr/bin/cmake --build /home/maclab/Documents/ROS_WORKSPACES/WS_Master_Thesis/build/uc1_robot_controllers -- -j32 -l32
[0.522s] DEBUG:colcon.colcon_core.event_handler.log_command:Invoking command in '/home/maclab/Documents/ROS_WORKSPACES/WS_Master_Thesis/build/uc1_robot_controllers': AMENT_PREFIX_PATH=/home/maclab/Documents/ROS_WORKSPACES/WS_Master_Thesis/install/uc1_robot_perception:/home/maclab/Documents/ROS_WORKSPACES/WS_Master_Thesis/install/uc1_robot_controllers_interfaces:${AMENT_PREFIX_PATH} CMAKE_PREFIX_PATH=/home/maclab/Documents/ROS_WORKSPACES/WS_Master_Thesis/install/uc1_robot_perception:/home/maclab/Documents/ROS_WORKSPACES/WS_Master_Thesis/install/uc1_robot_controllers_interfaces:/opt/ros/humble LD_LIBRARY_PATH=/home/maclab/Documents/ROS_WORKSPACES/WS_Master_Thesis/install/uc1_robot_perception/lib:/home/maclab/Documents/ROS_WORKSPACES/WS_Master_Thesis/install/uc1_robot_controllers_interfaces/lib:${LD_LIBRARY_PATH} PYTHONPATH=/home/maclab/Documents/ROS_WORKSPACES/WS_Master_Thesis/install/uc1_robot_perception/local/lib/python3.10/dist-packages:/home/maclab/Documents/ROS_WORKSPACES/WS_Master_Thesis/install/uc1_robot_controllers_interfaces/local/lib/python3.10/dist-packages:${PYTHONPATH} /usr/bin/cmake --install /home/maclab/Documents/ROS_WORKSPACES/WS_Master_Thesis/build/uc1_robot_controllers
[0.535s] Level 1:colcon.colcon_core.environment:create_environment_scripts_only(uc1_robot_controllers)
[0.535s] DEBUG:colcon.colcon_core.event_handler.log_command:Invoked command in '/home/maclab/Documents/ROS_WORKSPACES/WS_Master_Thesis/build/uc1_robot_controllers' returned '0': AMENT_PREFIX_PATH=/home/maclab/Documents/ROS_WORKSPACES/WS_Master_Thesis/install/uc1_robot_perception:/home/maclab/Documents/ROS_WORKSPACES/WS_Master_Thesis/install/uc1_robot_controllers_interfaces:${AMENT_PREFIX_PATH} CMAKE_PREFIX_PATH=/home/maclab/Documents/ROS_WORKSPACES/WS_Master_Thesis/install/uc1_robot_perception:/home/maclab/Documents/ROS_WORKSPACES/WS_Master_Thesis/install/uc1_robot_controllers_interfaces:/opt/ros/humble LD_LIBRARY_PATH=/home/maclab/Documents/ROS_WORKSPACES/WS_Master_Thesis/install/uc1_robot_perception/lib:/home/maclab/Documents/ROS_WORKSPACES/WS_Master_Thesis/install/uc1_robot_controllers_interfaces/lib:${LD_LIBRARY_PATH} PYTHONPATH=/home/maclab/Documents/ROS_WORKSPACES/WS_Master_Thesis/install/uc1_robot_perception/local/lib/python3.10/dist-packages:/home/maclab/Documents/ROS_WORKSPACES/WS_Master_Thesis/install/uc1_robot_controllers_interfaces/local/lib/python3.10/dist-packages:${PYTHONPATH} /usr/bin/cmake --install /home/maclab/Documents/ROS_WORKSPACES/WS_Master_Thesis/build/uc1_robot_controllers
[0.536s] Level 1:colcon.colcon_core.environment:checking '/home/maclab/Documents/ROS_WORKSPACES/WS_Master_Thesis/install/uc1_robot_controllers' for CMake module files
[0.538s] Level 1:colcon.colcon_core.environment:checking '/home/maclab/Documents/ROS_WORKSPACES/WS_Master_Thesis/install/uc1_robot_controllers' for CMake config files
[0.538s] Level 1:colcon.colcon_core.shell:create_environment_hook('uc1_robot_controllers', 'cmake_prefix_path')
[0.539s] INFO:colcon.colcon_core.shell:Creating environment hook '/home/maclab/Documents/ROS_WORKSPACES/WS_Master_Thesis/install/uc1_robot_controllers/share/uc1_robot_controllers/hook/cmake_prefix_path.ps1'
[0.540s] INFO:colcon.colcon_core.shell:Creating environment descriptor '/home/maclab/Documents/ROS_WORKSPACES/WS_Master_Thesis/install/uc1_robot_controllers/share/uc1_robot_controllers/hook/cmake_prefix_path.dsv'
[0.541s] INFO:colcon.colcon_core.shell:Creating environment hook '/home/maclab/Documents/ROS_WORKSPACES/WS_Master_Thesis/install/uc1_robot_controllers/share/uc1_robot_controllers/hook/cmake_prefix_path.sh'
[0.542s] Level 1:colcon.colcon_core.environment:checking '/home/maclab/Documents/ROS_WORKSPACES/WS_Master_Thesis/install/uc1_robot_controllers/lib'
[0.542s] Level 1:colcon.colcon_core.environment:checking '/home/maclab/Documents/ROS_WORKSPACES/WS_Master_Thesis/install/uc1_robot_controllers/bin'
[0.542s] Level 1:colcon.colcon_core.environment:checking '/home/maclab/Documents/ROS_WORKSPACES/WS_Master_Thesis/install/uc1_robot_controllers/lib/pkgconfig/uc1_robot_controllers.pc'
[0.543s] Level 1:colcon.colcon_core.environment:checking '/home/maclab/Documents/ROS_WORKSPACES/WS_Master_Thesis/install/uc1_robot_controllers/lib/python3.10/site-packages'
[0.543s] Level 1:colcon.colcon_core.environment:checking '/home/maclab/Documents/ROS_WORKSPACES/WS_Master_Thesis/install/uc1_robot_controllers/bin'
[0.544s] INFO:colcon.colcon_core.shell:Creating package script '/home/maclab/Documents/ROS_WORKSPACES/WS_Master_Thesis/install/uc1_robot_controllers/share/uc1_robot_controllers/package.ps1'
[0.545s] INFO:colcon.colcon_core.shell:Creating package descriptor '/home/maclab/Documents/ROS_WORKSPACES/WS_Master_Thesis/install/uc1_robot_controllers/share/uc1_robot_controllers/package.dsv'
[0.546s] INFO:colcon.colcon_core.shell:Creating package script '/home/maclab/Documents/ROS_WORKSPACES/WS_Master_Thesis/install/uc1_robot_controllers/share/uc1_robot_controllers/package.sh'
[0.546s] INFO:colcon.colcon_core.shell:Creating package script '/home/maclab/Documents/ROS_WORKSPACES/WS_Master_Thesis/install/uc1_robot_controllers/share/uc1_robot_controllers/package.bash'
[0.547s] INFO:colcon.colcon_core.shell:Creating package script '/home/maclab/Documents/ROS_WORKSPACES/WS_Master_Thesis/install/uc1_robot_controllers/share/uc1_robot_controllers/package.zsh'
[0.547s] Level 1:colcon.colcon_core.environment:create_file_with_runtime_dependencies(/home/maclab/Documents/ROS_WORKSPACES/WS_Master_Thesis/install/uc1_robot_controllers/share/colcon-core/packages/uc1_robot_controllers)
[0.548s] Level 1:colcon.colcon_core.environment:create_environment_scripts_only(uc1_robot_controllers)
[0.549s] Level 1:colcon.colcon_core.environment:checking '/home/maclab/Documents/ROS_WORKSPACES/WS_Master_Thesis/install/uc1_robot_controllers' for CMake module files
[0.550s] Level 1:colcon.colcon_core.environment:checking '/home/maclab/Documents/ROS_WORKSPACES/WS_Master_Thesis/install/uc1_robot_controllers' for CMake config files
[0.550s] Level 1:colcon.colcon_core.shell:create_environment_hook('uc1_robot_controllers', 'cmake_prefix_path')
[0.551s] INFO:colcon.colcon_core.shell:Creating environment hook '/home/maclab/Documents/ROS_WORKSPACES/WS_Master_Thesis/install/uc1_robot_controllers/share/uc1_robot_controllers/hook/cmake_prefix_path.ps1'
[0.552s] INFO:colcon.colcon_core.shell:Creating environment descriptor '/home/maclab/Documents/ROS_WORKSPACES/WS_Master_Thesis/install/uc1_robot_controllers/share/uc1_robot_controllers/hook/cmake_prefix_path.dsv'
[0.553s] INFO:colcon.colcon_core.shell:Creating environment hook '/home/maclab/Documents/ROS_WORKSPACES/WS_Master_Thesis/install/uc1_robot_controllers/share/uc1_robot_controllers/hook/cmake_prefix_path.sh'
[0.554s] Level 1:colcon.colcon_core.environment:checking '/home/maclab/Documents/ROS_WORKSPACES/WS_Master_Thesis/install/uc1_robot_controllers/lib'
[0.554s] Level 1:colcon.colcon_core.environment:checking '/home/maclab/Documents/ROS_WORKSPACES/WS_Master_Thesis/install/uc1_robot_controllers/bin'
[0.554s] Level 1:colcon.colcon_core.environment:checking '/home/maclab/Documents/ROS_WORKSPACES/WS_Master_Thesis/install/uc1_robot_controllers/lib/pkgconfig/uc1_robot_controllers.pc'
[0.555s] Level 1:colcon.colcon_core.environment:checking '/home/maclab/Documents/ROS_WORKSPACES/WS_Master_Thesis/install/uc1_robot_controllers/lib/python3.10/site-packages'
[0.556s] Level 1:colcon.colcon_core.environment:checking '/home/maclab/Documents/ROS_WORKSPACES/WS_Master_Thesis/install/uc1_robot_controllers/bin'
[0.556s] INFO:colcon.colcon_core.shell:Creating package script '/home/maclab/Documents/ROS_WORKSPACES/WS_Master_Thesis/install/uc1_robot_controllers/share/uc1_robot_controllers/package.ps1'
[0.558s] INFO:colcon.colcon_core.shell:Creating package descriptor '/home/maclab/Documents/ROS_WORKSPACES/WS_Master_Thesis/install/uc1_robot_controllers/share/uc1_robot_controllers/package.dsv'
[0.559s] INFO:colcon.colcon_core.shell:Creating package script '/home/maclab/Documents/ROS_WORKSPACES/WS_Master_Thesis/install/uc1_robot_controllers/share/uc1_robot_controllers/package.sh'
[0.559s] INFO:colcon.colcon_core.shell:Creating package script '/home/maclab/Documents/ROS_WORKSPACES/WS_Master_Thesis/install/uc1_robot_controllers/share/uc1_robot_controllers/package.bash'
[0.559s] INFO:colcon.colcon_core.shell:Creating package script '/home/maclab/Documents/ROS_WORKSPACES/WS_Master_Thesis/install/uc1_robot_controllers/share/uc1_robot_controllers/package.zsh'
[0.560s] Level 1:colcon.colcon_core.environment:create_file_with_runtime_dependencies(/home/maclab/Documents/ROS_WORKSPACES/WS_Master_Thesis/install/uc1_robot_controllers/share/colcon-core/packages/uc1_robot_controllers)
[0.560s] DEBUG:colcon.colcon_parallel_executor.executor.parallel:closing loop
[0.560s] DEBUG:colcon.colcon_parallel_executor.executor.parallel:loop closed
[0.560s] DEBUG:colcon.colcon_parallel_executor.executor.parallel:run_until_complete finished with '0'
[0.560s] DEBUG:colcon.colcon_core.event_reactor:joining thread
[0.567s] INFO:colcon.colcon_core.plugin_system:Skipping extension 'colcon_notification.desktop_notification.terminal_notifier': Not used on non-Darwin systems
[0.567s] INFO:colcon.colcon_core.plugin_system:Skipping extension 'colcon_notification.desktop_notification.win32': Not used on non-Windows systems
[0.568s] INFO:colcon.colcon_notification.desktop_notification:Sending desktop notification using 'notify2'
[0.584s] DEBUG:colcon.colcon_core.event_reactor:joined thread
[0.584s] INFO:colcon.colcon_core.shell:Creating prefix script '/home/maclab/Documents/ROS_WORKSPACES/WS_Master_Thesis/install/local_setup.ps1'
[0.585s] INFO:colcon.colcon_core.shell:Creating prefix util module '/home/maclab/Documents/ROS_WORKSPACES/WS_Master_Thesis/install/_local_setup_util_ps1.py'
[0.586s] INFO:colcon.colcon_core.shell:Creating prefix chain script '/home/maclab/Documents/ROS_WORKSPACES/WS_Master_Thesis/install/setup.ps1'
[0.587s] INFO:colcon.colcon_core.shell:Creating prefix script '/home/maclab/Documents/ROS_WORKSPACES/WS_Master_Thesis/install/local_setup.sh'
[0.588s] INFO:colcon.colcon_core.shell:Creating prefix util module '/home/maclab/Documents/ROS_WORKSPACES/WS_Master_Thesis/install/_local_setup_util_sh.py'
[0.588s] INFO:colcon.colcon_core.shell:Creating prefix chain script '/home/maclab/Documents/ROS_WORKSPACES/WS_Master_Thesis/install/setup.sh'
[0.590s] INFO:colcon.colcon_core.shell:Creating prefix script '/home/maclab/Documents/ROS_WORKSPACES/WS_Master_Thesis/install/local_setup.bash'
[0.591s] INFO:colcon.colcon_core.shell:Creating prefix chain script '/home/maclab/Documents/ROS_WORKSPACES/WS_Master_Thesis/install/setup.bash'
[0.594s] INFO:colcon.colcon_core.shell:Creating prefix script '/home/maclab/Documents/ROS_WORKSPACES/WS_Master_Thesis/install/local_setup.zsh'
[0.595s] INFO:colcon.colcon_core.shell:Creating prefix chain script '/home/maclab/Documents/ROS_WORKSPACES/WS_Master_Thesis/install/setup.zsh'
