[0.100s] DEBUG:colcon:Command line arguments: ['/usr/bin/colcon', 'build']
[0.100s] DEBUG:colcon:Parsed command line arguments: Namespace(log_base=None, log_level=None, verb_name='build', build_base='build', install_base='install', merge_install=False, symlink_install=False, test_result_base=None, continue_on_error=False, executor='parallel', parallel_workers=32, event_handlers=None, ignore_user_meta=False, metas=['./colcon.meta'], base_paths=['.'], packages_ignore=None, packages_ignore_regex=None, paths=None, packages_up_to=None, packages_up_to_regex=None, packages_above=None, packages_above_and_dependencies=None, packages_above_depth=None, packages_select_by_dep=None, packages_skip_by_dep=None, packages_skip_up_to=None, packages_select_build_failed=False, packages_skip_build_finished=False, packages_select_test_failures=False, packages_skip_test_passed=False, packages_select=None, packages_skip=None, packages_select_regex=None, packages_skip_regex=None, packages_start=None, packages_end=None, allow_overriding=[], cmake_args=None, cmake_target=None, cmake_target_skip_unavailable=False, cmake_clean_cache=False, cmake_clean_first=False, cmake_force_configure=False, ament_cmake_args=None, catkin_cmake_args=None, catkin_skip_building_tests=False, mixin_files=None, mixin=None, verb_parser=<colcon_mixin.mixin.mixin_argument.MixinArgumentDecorator object at 0x7902c9c59ae0>, verb_extension=<colcon_core.verb.build.BuildVerb object at 0x7902c9c59450>, main=<bound method BuildVerb.main of <colcon_core.verb.build.BuildVerb object at 0x7902c9c59450>>, mixin_verb=('build',))
[0.189s] Level 1:colcon.colcon_core.package_discovery:discover_packages(colcon_meta) check parameters
[0.189s] Level 1:colcon.colcon_core.package_discovery:discover_packages(recursive) check parameters
[0.189s] Level 1:colcon.colcon_core.package_discovery:discover_packages(ignore) check parameters
[0.189s] Level 1:colcon.colcon_core.package_discovery:discover_packages(path) check parameters
[0.189s] Level 1:colcon.colcon_core.package_discovery:discover_packages(colcon_meta) discover
[0.189s] Level 1:colcon.colcon_core.package_discovery:discover_packages(recursive) discover
[0.189s] INFO:colcon.colcon_core.package_discovery:Crawling recursively for packages in '/home/maclab/Documents/ROS_WORKSPACES/WS_Master_Thesis'
[0.189s] Level 1:colcon.colcon_core.package_identification:_identify(.) by extensions ['ignore', 'ignore_ament_install']
[0.189s] Level 1:colcon.colcon_core.package_identification:_identify(.) by extension 'ignore'
[0.189s] Level 1:colcon.colcon_core.package_identification:_identify(.) by extension 'ignore_ament_install'
[0.189s] Level 1:colcon.colcon_core.package_identification:_identify(.) by extensions ['colcon_pkg']
[0.189s] Level 1:colcon.colcon_core.package_identification:_identify(.) by extension 'colcon_pkg'
[0.189s] Level 1:colcon.colcon_core.package_identification:_identify(.) by extensions ['colcon_meta']
[0.190s] Level 1:colcon.colcon_core.package_identification:_identify(.) by extension 'colcon_meta'
[0.190s] Level 1:colcon.colcon_core.package_identification:_identify(.) by extensions ['ros']
[0.190s] Level 1:colcon.colcon_core.package_identification:_identify(.) by extension 'ros'
[0.194s] Level 1:colcon.colcon_core.package_identification:_identify(.) by extensions ['cmake', 'python']
[0.194s] Level 1:colcon.colcon_core.package_identification:_identify(.) by extension 'cmake'
[0.195s] Level 1:colcon.colcon_core.package_identification:_identify(.) by extension 'python'
[0.195s] Level 1:colcon.colcon_core.package_identification:_identify(.) by extensions ['python_setup_py']
[0.195s] Level 1:colcon.colcon_core.package_identification:_identify(.) by extension 'python_setup_py'
[0.195s] Level 1:colcon.colcon_core.package_identification:_identify(build) by extensions ['ignore', 'ignore_ament_install']
[0.195s] Level 1:colcon.colcon_core.package_identification:_identify(build) by extension 'ignore'
[0.195s] Level 1:colcon.colcon_core.package_identification:_identify(build) ignored
[0.195s] Level 1:colcon.colcon_core.package_identification:_identify(install) by extensions ['ignore', 'ignore_ament_install']
[0.195s] Level 1:colcon.colcon_core.package_identification:_identify(install) by extension 'ignore'
[0.195s] Level 1:colcon.colcon_core.package_identification:_identify(install) ignored
[0.195s] Level 1:colcon.colcon_core.package_identification:_identify(log) by extensions ['ignore', 'ignore_ament_install']
[0.195s] Level 1:colcon.colcon_core.package_identification:_identify(log) by extension 'ignore'
[0.195s] Level 1:colcon.colcon_core.package_identification:_identify(log) ignored
[0.195s] Level 1:colcon.colcon_core.package_identification:_identify(src) by extensions ['ignore', 'ignore_ament_install']
[0.195s] Level 1:colcon.colcon_core.package_identification:_identify(src) by extension 'ignore'
[0.195s] Level 1:colcon.colcon_core.package_identification:_identify(src) by extension 'ignore_ament_install'
[0.195s] Level 1:colcon.colcon_core.package_identification:_identify(src) by extensions ['colcon_pkg']
[0.195s] Level 1:colcon.colcon_core.package_identification:_identify(src) by extension 'colcon_pkg'
[0.195s] Level 1:colcon.colcon_core.package_identification:_identify(src) by extensions ['colcon_meta']
[0.195s] Level 1:colcon.colcon_core.package_identification:_identify(src) by extension 'colcon_meta'
[0.195s] Level 1:colcon.colcon_core.package_identification:_identify(src) by extensions ['ros']
[0.195s] Level 1:colcon.colcon_core.package_identification:_identify(src) by extension 'ros'
[0.195s] Level 1:colcon.colcon_core.package_identification:_identify(src) by extensions ['cmake', 'python']
[0.195s] Level 1:colcon.colcon_core.package_identification:_identify(src) by extension 'cmake'
[0.195s] Level 1:colcon.colcon_core.package_identification:_identify(src) by extension 'python'
[0.195s] Level 1:colcon.colcon_core.package_identification:_identify(src) by extensions ['python_setup_py']
[0.195s] Level 1:colcon.colcon_core.package_identification:_identify(src) by extension 'python_setup_py'
[0.195s] Level 1:colcon.colcon_core.package_identification:_identify(src/environment_pointcloud_processing) by extensions ['ignore', 'ignore_ament_install']
[0.195s] Level 1:colcon.colcon_core.package_identification:_identify(src/environment_pointcloud_processing) by extension 'ignore'
[0.195s] Level 1:colcon.colcon_core.package_identification:_identify(src/environment_pointcloud_processing) by extension 'ignore_ament_install'
[0.195s] Level 1:colcon.colcon_core.package_identification:_identify(src/environment_pointcloud_processing) by extensions ['colcon_pkg']
[0.195s] Level 1:colcon.colcon_core.package_identification:_identify(src/environment_pointcloud_processing) by extension 'colcon_pkg'
[0.195s] Level 1:colcon.colcon_core.package_identification:_identify(src/environment_pointcloud_processing) by extensions ['colcon_meta']
[0.195s] Level 1:colcon.colcon_core.package_identification:_identify(src/environment_pointcloud_processing) by extension 'colcon_meta'
[0.195s] Level 1:colcon.colcon_core.package_identification:_identify(src/environment_pointcloud_processing) by extensions ['ros']
[0.195s] Level 1:colcon.colcon_core.package_identification:_identify(src/environment_pointcloud_processing) by extension 'ros'
[0.197s] DEBUG:colcon.colcon_core.package_identification:Package 'src/environment_pointcloud_processing' with type 'ros.ament_cmake' and name 'environment_pointcloud_processing'
[0.197s] Level 1:colcon.colcon_core.package_identification:_identify(src/floating_base_manipulation) by extensions ['ignore', 'ignore_ament_install']
[0.197s] Level 1:colcon.colcon_core.package_identification:_identify(src/floating_base_manipulation) by extension 'ignore'
[0.197s] Level 1:colcon.colcon_core.package_identification:_identify(src/floating_base_manipulation) by extension 'ignore_ament_install'
[0.197s] Level 1:colcon.colcon_core.package_identification:_identify(src/floating_base_manipulation) by extensions ['colcon_pkg']
[0.197s] Level 1:colcon.colcon_core.package_identification:_identify(src/floating_base_manipulation) by extension 'colcon_pkg'
[0.197s] Level 1:colcon.colcon_core.package_identification:_identify(src/floating_base_manipulation) by extensions ['colcon_meta']
[0.197s] Level 1:colcon.colcon_core.package_identification:_identify(src/floating_base_manipulation) by extension 'colcon_meta'
[0.197s] Level 1:colcon.colcon_core.package_identification:_identify(src/floating_base_manipulation) by extensions ['ros']
[0.197s] Level 1:colcon.colcon_core.package_identification:_identify(src/floating_base_manipulation) by extension 'ros'
[0.197s] DEBUG:colcon.colcon_core.package_identification:Package 'src/floating_base_manipulation' with type 'ros.ament_cmake' and name 'floating_base_manipulation'
[0.197s] Level 1:colcon.colcon_core.package_identification:_identify(src/jsp_uc1) by extensions ['ignore', 'ignore_ament_install']
[0.197s] Level 1:colcon.colcon_core.package_identification:_identify(src/jsp_uc1) by extension 'ignore'
[0.197s] Level 1:colcon.colcon_core.package_identification:_identify(src/jsp_uc1) by extension 'ignore_ament_install'
[0.197s] Level 1:colcon.colcon_core.package_identification:_identify(src/jsp_uc1) by extensions ['colcon_pkg']
[0.197s] Level 1:colcon.colcon_core.package_identification:_identify(src/jsp_uc1) by extension 'colcon_pkg'
[0.197s] Level 1:colcon.colcon_core.package_identification:_identify(src/jsp_uc1) by extensions ['colcon_meta']
[0.197s] Level 1:colcon.colcon_core.package_identification:_identify(src/jsp_uc1) by extension 'colcon_meta'
[0.197s] Level 1:colcon.colcon_core.package_identification:_identify(src/jsp_uc1) by extensions ['ros']
[0.197s] Level 1:colcon.colcon_core.package_identification:_identify(src/jsp_uc1) by extension 'ros'
[0.197s] Level 1:colcon.colcon_core.package_identification:_identify(src/jsp_uc1) by extensions ['cmake', 'python']
[0.197s] Level 1:colcon.colcon_core.package_identification:_identify(src/jsp_uc1) by extension 'cmake'
[0.197s] Level 1:colcon.colcon_core.package_identification:_identify(src/jsp_uc1) by extension 'python'
[0.197s] Level 1:colcon.colcon_core.package_identification:_identify(src/jsp_uc1) by extensions ['python_setup_py']
[0.197s] Level 1:colcon.colcon_core.package_identification:_identify(src/jsp_uc1) by extension 'python_setup_py'
[0.197s] Level 1:colcon.colcon_core.package_identification:_identify(src/jsp_uc1/jsp_gui_uc1) by extensions ['ignore', 'ignore_ament_install']
[0.198s] Level 1:colcon.colcon_core.package_identification:_identify(src/jsp_uc1/jsp_gui_uc1) by extension 'ignore'
[0.198s] Level 1:colcon.colcon_core.package_identification:_identify(src/jsp_uc1/jsp_gui_uc1) by extension 'ignore_ament_install'
[0.198s] Level 1:colcon.colcon_core.package_identification:_identify(src/jsp_uc1/jsp_gui_uc1) by extensions ['colcon_pkg']
[0.198s] Level 1:colcon.colcon_core.package_identification:_identify(src/jsp_uc1/jsp_gui_uc1) by extension 'colcon_pkg'
[0.198s] Level 1:colcon.colcon_core.package_identification:_identify(src/jsp_uc1/jsp_gui_uc1) by extensions ['colcon_meta']
[0.198s] Level 1:colcon.colcon_core.package_identification:_identify(src/jsp_uc1/jsp_gui_uc1) by extension 'colcon_meta'
[0.198s] Level 1:colcon.colcon_core.package_identification:_identify(src/jsp_uc1/jsp_gui_uc1) by extensions ['ros']
[0.198s] Level 1:colcon.colcon_core.package_identification:_identify(src/jsp_uc1/jsp_gui_uc1) by extension 'ros'
[0.198s] DEBUG:colcon.colcon_core.package_identification:Package 'src/jsp_uc1/jsp_gui_uc1' with type 'ros.ament_python' and name 'jsp_gui_uc1'
[0.198s] Level 1:colcon.colcon_core.package_identification:_identify(src/jsp_uc1/jsp_uc1) by extensions ['ignore', 'ignore_ament_install']
[0.198s] Level 1:colcon.colcon_core.package_identification:_identify(src/jsp_uc1/jsp_uc1) by extension 'ignore'
[0.198s] Level 1:colcon.colcon_core.package_identification:_identify(src/jsp_uc1/jsp_uc1) by extension 'ignore_ament_install'
[0.198s] Level 1:colcon.colcon_core.package_identification:_identify(src/jsp_uc1/jsp_uc1) by extensions ['colcon_pkg']
[0.198s] Level 1:colcon.colcon_core.package_identification:_identify(src/jsp_uc1/jsp_uc1) by extension 'colcon_pkg'
[0.198s] Level 1:colcon.colcon_core.package_identification:_identify(src/jsp_uc1/jsp_uc1) by extensions ['colcon_meta']
[0.198s] Level 1:colcon.colcon_core.package_identification:_identify(src/jsp_uc1/jsp_uc1) by extension 'colcon_meta'
[0.198s] Level 1:colcon.colcon_core.package_identification:_identify(src/jsp_uc1/jsp_uc1) by extensions ['ros']
[0.198s] Level 1:colcon.colcon_core.package_identification:_identify(src/jsp_uc1/jsp_uc1) by extension 'ros'
[0.198s] DEBUG:colcon.colcon_core.package_identification:Package 'src/jsp_uc1/jsp_uc1' with type 'ros.ament_python' and name 'jsp_uc1'
[0.198s] Level 1:colcon.colcon_core.package_identification:_identify(src/keyboard_events_publisher) by extensions ['ignore', 'ignore_ament_install']
[0.198s] Level 1:colcon.colcon_core.package_identification:_identify(src/keyboard_events_publisher) by extension 'ignore'
[0.198s] Level 1:colcon.colcon_core.package_identification:_identify(src/keyboard_events_publisher) by extension 'ignore_ament_install'
[0.198s] Level 1:colcon.colcon_core.package_identification:_identify(src/keyboard_events_publisher) by extensions ['colcon_pkg']
[0.198s] Level 1:colcon.colcon_core.package_identification:_identify(src/keyboard_events_publisher) by extension 'colcon_pkg'
[0.198s] Level 1:colcon.colcon_core.package_identification:_identify(src/keyboard_events_publisher) by extensions ['colcon_meta']
[0.198s] Level 1:colcon.colcon_core.package_identification:_identify(src/keyboard_events_publisher) by extension 'colcon_meta'
[0.198s] Level 1:colcon.colcon_core.package_identification:_identify(src/keyboard_events_publisher) by extensions ['ros']
[0.198s] Level 1:colcon.colcon_core.package_identification:_identify(src/keyboard_events_publisher) by extension 'ros'
[0.199s] DEBUG:colcon.colcon_core.package_identification:Package 'src/keyboard_events_publisher' with type 'ros.ament_cmake' and name 'keyboard_publisher_pkg'
[0.199s] Level 1:colcon.colcon_core.package_identification:_identify(src/kuka_150_3100_description) by extensions ['ignore', 'ignore_ament_install']
[0.199s] Level 1:colcon.colcon_core.package_identification:_identify(src/kuka_150_3100_description) by extension 'ignore'
[0.199s] Level 1:colcon.colcon_core.package_identification:_identify(src/kuka_150_3100_description) by extension 'ignore_ament_install'
[0.199s] Level 1:colcon.colcon_core.package_identification:_identify(src/kuka_150_3100_description) by extensions ['colcon_pkg']
[0.199s] Level 1:colcon.colcon_core.package_identification:_identify(src/kuka_150_3100_description) by extension 'colcon_pkg'
[0.199s] Level 1:colcon.colcon_core.package_identification:_identify(src/kuka_150_3100_description) by extensions ['colcon_meta']
[0.199s] Level 1:colcon.colcon_core.package_identification:_identify(src/kuka_150_3100_description) by extension 'colcon_meta'
[0.199s] Level 1:colcon.colcon_core.package_identification:_identify(src/kuka_150_3100_description) by extensions ['ros']
[0.199s] Level 1:colcon.colcon_core.package_identification:_identify(src/kuka_150_3100_description) by extension 'ros'
[0.199s] DEBUG:colcon.colcon_core.package_identification:Package 'src/kuka_150_3100_description' with type 'ros.ament_cmake' and name 'kuka_150_3100_description'
[0.199s] Level 1:colcon.colcon_core.package_identification:_identify(src/kuka_quantec_support) by extensions ['ignore', 'ignore_ament_install']
[0.199s] Level 1:colcon.colcon_core.package_identification:_identify(src/kuka_quantec_support) by extension 'ignore'
[0.199s] Level 1:colcon.colcon_core.package_identification:_identify(src/kuka_quantec_support) by extension 'ignore_ament_install'
[0.199s] Level 1:colcon.colcon_core.package_identification:_identify(src/kuka_quantec_support) by extensions ['colcon_pkg']
[0.199s] Level 1:colcon.colcon_core.package_identification:_identify(src/kuka_quantec_support) by extension 'colcon_pkg'
[0.199s] Level 1:colcon.colcon_core.package_identification:_identify(src/kuka_quantec_support) by extensions ['colcon_meta']
[0.199s] Level 1:colcon.colcon_core.package_identification:_identify(src/kuka_quantec_support) by extension 'colcon_meta'
[0.199s] Level 1:colcon.colcon_core.package_identification:_identify(src/kuka_quantec_support) by extensions ['ros']
[0.199s] Level 1:colcon.colcon_core.package_identification:_identify(src/kuka_quantec_support) by extension 'ros'
[0.199s] DEBUG:colcon.colcon_core.package_identification:Package 'src/kuka_quantec_support' with type 'ros.ament_cmake' and name 'kuka_quantec_support'
[0.199s] Level 1:colcon.colcon_core.package_identification:_identify(src/kuka_resources) by extensions ['ignore', 'ignore_ament_install']
[0.200s] Level 1:colcon.colcon_core.package_identification:_identify(src/kuka_resources) by extension 'ignore'
[0.200s] Level 1:colcon.colcon_core.package_identification:_identify(src/kuka_resources) by extension 'ignore_ament_install'
[0.200s] Level 1:colcon.colcon_core.package_identification:_identify(src/kuka_resources) by extensions ['colcon_pkg']
[0.200s] Level 1:colcon.colcon_core.package_identification:_identify(src/kuka_resources) by extension 'colcon_pkg'
[0.200s] Level 1:colcon.colcon_core.package_identification:_identify(src/kuka_resources) by extensions ['colcon_meta']
[0.200s] Level 1:colcon.colcon_core.package_identification:_identify(src/kuka_resources) by extension 'colcon_meta'
[0.200s] Level 1:colcon.colcon_core.package_identification:_identify(src/kuka_resources) by extensions ['ros']
[0.200s] Level 1:colcon.colcon_core.package_identification:_identify(src/kuka_resources) by extension 'ros'
[0.200s] DEBUG:colcon.colcon_core.package_identification:Package 'src/kuka_resources' with type 'ros.ament_cmake' and name 'kuka_resources'
[0.200s] Level 1:colcon.colcon_core.package_identification:_identify(src/pointcloud_interactive_markers) by extensions ['ignore', 'ignore_ament_install']
[0.200s] Level 1:colcon.colcon_core.package_identification:_identify(src/pointcloud_interactive_markers) by extension 'ignore'
[0.200s] Level 1:colcon.colcon_core.package_identification:_identify(src/pointcloud_interactive_markers) by extension 'ignore_ament_install'
[0.200s] Level 1:colcon.colcon_core.package_identification:_identify(src/pointcloud_interactive_markers) by extensions ['colcon_pkg']
[0.200s] Level 1:colcon.colcon_core.package_identification:_identify(src/pointcloud_interactive_markers) by extension 'colcon_pkg'
[0.200s] Level 1:colcon.colcon_core.package_identification:_identify(src/pointcloud_interactive_markers) by extensions ['colcon_meta']
[0.200s] Level 1:colcon.colcon_core.package_identification:_identify(src/pointcloud_interactive_markers) by extension 'colcon_meta'
[0.200s] Level 1:colcon.colcon_core.package_identification:_identify(src/pointcloud_interactive_markers) by extensions ['ros']
[0.200s] Level 1:colcon.colcon_core.package_identification:_identify(src/pointcloud_interactive_markers) by extension 'ros'
[0.200s] DEBUG:colcon.colcon_core.package_identification:Package 'src/pointcloud_interactive_markers' with type 'ros.ament_cmake' and name 'pointcloud_interactive_markers'
[0.200s] Level 1:colcon.colcon_core.package_identification:_identify(src/rsp_uc1) by extensions ['ignore', 'ignore_ament_install']
[0.200s] Level 1:colcon.colcon_core.package_identification:_identify(src/rsp_uc1) by extension 'ignore'
[0.200s] Level 1:colcon.colcon_core.package_identification:_identify(src/rsp_uc1) by extension 'ignore_ament_install'
[0.201s] Level 1:colcon.colcon_core.package_identification:_identify(src/rsp_uc1) by extensions ['colcon_pkg']
[0.201s] Level 1:colcon.colcon_core.package_identification:_identify(src/rsp_uc1) by extension 'colcon_pkg'
[0.201s] Level 1:colcon.colcon_core.package_identification:_identify(src/rsp_uc1) by extensions ['colcon_meta']
[0.201s] Level 1:colcon.colcon_core.package_identification:_identify(src/rsp_uc1) by extension 'colcon_meta'
[0.201s] Level 1:colcon.colcon_core.package_identification:_identify(src/rsp_uc1) by extensions ['ros']
[0.201s] Level 1:colcon.colcon_core.package_identification:_identify(src/rsp_uc1) by extension 'ros'
[0.201s] DEBUG:colcon.colcon_core.package_identification:Package 'src/rsp_uc1' with type 'ros.ament_cmake' and name 'rsp_uc1'
[0.201s] Level 1:colcon.colcon_core.package_identification:_identify(src/uc1_robot_controllers) by extensions ['ignore', 'ignore_ament_install']
[0.201s] Level 1:colcon.colcon_core.package_identification:_identify(src/uc1_robot_controllers) by extension 'ignore'
[0.201s] Level 1:colcon.colcon_core.package_identification:_identify(src/uc1_robot_controllers) by extension 'ignore_ament_install'
[0.201s] Level 1:colcon.colcon_core.package_identification:_identify(src/uc1_robot_controllers) by extensions ['colcon_pkg']
[0.201s] Level 1:colcon.colcon_core.package_identification:_identify(src/uc1_robot_controllers) by extension 'colcon_pkg'
[0.201s] Level 1:colcon.colcon_core.package_identification:_identify(src/uc1_robot_controllers) by extensions ['colcon_meta']
[0.201s] Level 1:colcon.colcon_core.package_identification:_identify(src/uc1_robot_controllers) by extension 'colcon_meta'
[0.201s] Level 1:colcon.colcon_core.package_identification:_identify(src/uc1_robot_controllers) by extensions ['ros']
[0.201s] Level 1:colcon.colcon_core.package_identification:_identify(src/uc1_robot_controllers) by extension 'ros'
[0.202s] DEBUG:colcon.colcon_core.package_identification:Package 'src/uc1_robot_controllers' with type 'ros.ament_cmake' and name 'uc1_robot_controllers'
[0.202s] Level 1:colcon.colcon_core.package_identification:_identify(src/uc1_robot_controllers_interfaces) by extensions ['ignore', 'ignore_ament_install']
[0.202s] Level 1:colcon.colcon_core.package_identification:_identify(src/uc1_robot_controllers_interfaces) by extension 'ignore'
[0.202s] Level 1:colcon.colcon_core.package_identification:_identify(src/uc1_robot_controllers_interfaces) by extension 'ignore_ament_install'
[0.202s] Level 1:colcon.colcon_core.package_identification:_identify(src/uc1_robot_controllers_interfaces) by extensions ['colcon_pkg']
[0.202s] Level 1:colcon.colcon_core.package_identification:_identify(src/uc1_robot_controllers_interfaces) by extension 'colcon_pkg'
[0.202s] Level 1:colcon.colcon_core.package_identification:_identify(src/uc1_robot_controllers_interfaces) by extensions ['colcon_meta']
[0.202s] Level 1:colcon.colcon_core.package_identification:_identify(src/uc1_robot_controllers_interfaces) by extension 'colcon_meta'
[0.202s] Level 1:colcon.colcon_core.package_identification:_identify(src/uc1_robot_controllers_interfaces) by extensions ['ros']
[0.202s] Level 1:colcon.colcon_core.package_identification:_identify(src/uc1_robot_controllers_interfaces) by extension 'ros'
[0.203s] DEBUG:colcon.colcon_core.package_identification:Package 'src/uc1_robot_controllers_interfaces' with type 'ros.ament_cmake' and name 'uc1_robot_controllers_interfaces'
[0.203s] Level 1:colcon.colcon_core.package_identification:_identify(src/uc1_robot_perception) by extensions ['ignore', 'ignore_ament_install']
[0.203s] Level 1:colcon.colcon_core.package_identification:_identify(src/uc1_robot_perception) by extension 'ignore'
[0.203s] Level 1:colcon.colcon_core.package_identification:_identify(src/uc1_robot_perception) by extension 'ignore_ament_install'
[0.203s] Level 1:colcon.colcon_core.package_identification:_identify(src/uc1_robot_perception) by extensions ['colcon_pkg']
[0.203s] Level 1:colcon.colcon_core.package_identification:_identify(src/uc1_robot_perception) by extension 'colcon_pkg'
[0.203s] Level 1:colcon.colcon_core.package_identification:_identify(src/uc1_robot_perception) by extensions ['colcon_meta']
[0.203s] Level 1:colcon.colcon_core.package_identification:_identify(src/uc1_robot_perception) by extension 'colcon_meta'
[0.203s] Level 1:colcon.colcon_core.package_identification:_identify(src/uc1_robot_perception) by extensions ['ros']
[0.203s] Level 1:colcon.colcon_core.package_identification:_identify(src/uc1_robot_perception) by extension 'ros'
[0.203s] DEBUG:colcon.colcon_core.package_identification:Package 'src/uc1_robot_perception' with type 'ros.ament_cmake' and name 'uc1_robot_perception'
[0.203s] Level 1:colcon.colcon_core.package_identification:_identify(src/uc1_robots_description) by extensions ['ignore', 'ignore_ament_install']
[0.203s] Level 1:colcon.colcon_core.package_identification:_identify(src/uc1_robots_description) by extension 'ignore'
[0.203s] Level 1:colcon.colcon_core.package_identification:_identify(src/uc1_robots_description) by extension 'ignore_ament_install'
[0.203s] Level 1:colcon.colcon_core.package_identification:_identify(src/uc1_robots_description) by extensions ['colcon_pkg']
[0.203s] Level 1:colcon.colcon_core.package_identification:_identify(src/uc1_robots_description) by extension 'colcon_pkg'
[0.203s] Level 1:colcon.colcon_core.package_identification:_identify(src/uc1_robots_description) by extensions ['colcon_meta']
[0.203s] Level 1:colcon.colcon_core.package_identification:_identify(src/uc1_robots_description) by extension 'colcon_meta'
[0.203s] Level 1:colcon.colcon_core.package_identification:_identify(src/uc1_robots_description) by extensions ['ros']
[0.203s] Level 1:colcon.colcon_core.package_identification:_identify(src/uc1_robots_description) by extension 'ros'
[0.204s] DEBUG:colcon.colcon_core.package_identification:Package 'src/uc1_robots_description' with type 'ros.ament_cmake' and name 'uc1_robots_description'
[0.204s] Level 1:colcon.colcon_core.package_identification:_identify(src/ur_admittance_controller) by extensions ['ignore', 'ignore_ament_install']
[0.204s] Level 1:colcon.colcon_core.package_identification:_identify(src/ur_admittance_controller) by extension 'ignore'
[0.204s] Level 1:colcon.colcon_core.package_identification:_identify(src/ur_admittance_controller) by extension 'ignore_ament_install'
[0.204s] Level 1:colcon.colcon_core.package_identification:_identify(src/ur_admittance_controller) by extensions ['colcon_pkg']
[0.204s] Level 1:colcon.colcon_core.package_identification:_identify(src/ur_admittance_controller) by extension 'colcon_pkg'
[0.204s] Level 1:colcon.colcon_core.package_identification:_identify(src/ur_admittance_controller) by extensions ['colcon_meta']
[0.204s] Level 1:colcon.colcon_core.package_identification:_identify(src/ur_admittance_controller) by extension 'colcon_meta'
[0.204s] Level 1:colcon.colcon_core.package_identification:_identify(src/ur_admittance_controller) by extensions ['ros']
[0.204s] Level 1:colcon.colcon_core.package_identification:_identify(src/ur_admittance_controller) by extension 'ros'
[0.204s] DEBUG:colcon.colcon_core.package_identification:Package 'src/ur_admittance_controller' with type 'ros.ament_cmake' and name 'ur_admittance_controller'
[0.204s] Level 1:colcon.colcon_core.package_identification:_identify(src/urdf_launch) by extensions ['ignore', 'ignore_ament_install']
[0.207s] Level 1:colcon.colcon_core.package_identification:_identify(src/urdf_launch) by extension 'ignore'
[0.207s] Level 1:colcon.colcon_core.package_identification:_identify(src/urdf_launch) by extension 'ignore_ament_install'
[0.207s] Level 1:colcon.colcon_core.package_identification:_identify(src/urdf_launch) by extensions ['colcon_pkg']
[0.207s] Level 1:colcon.colcon_core.package_identification:_identify(src/urdf_launch) by extension 'colcon_pkg'
[0.207s] Level 1:colcon.colcon_core.package_identification:_identify(src/urdf_launch) by extensions ['colcon_meta']
[0.207s] Level 1:colcon.colcon_core.package_identification:_identify(src/urdf_launch) by extension 'colcon_meta'
[0.207s] Level 1:colcon.colcon_core.package_identification:_identify(src/urdf_launch) by extensions ['ros']
[0.207s] Level 1:colcon.colcon_core.package_identification:_identify(src/urdf_launch) by extension 'ros'
[0.207s] DEBUG:colcon.colcon_core.package_identification:Package 'src/urdf_launch' with type 'ros.ament_cmake' and name 'urdf_launch'
[0.207s] Level 1:colcon.colcon_core.package_discovery:discover_packages(recursive) using defaults
[0.207s] Level 1:colcon.colcon_core.package_discovery:discover_packages(ignore) discover
[0.207s] Level 1:colcon.colcon_core.package_discovery:discover_packages(ignore) using defaults
[0.207s] Level 1:colcon.colcon_core.package_discovery:discover_packages(path) discover
[0.207s] Level 1:colcon.colcon_core.package_discovery:discover_packages(path) using defaults
[0.220s] Level 1:colcon.colcon_core.package_discovery:discover_packages(prefix_path) check parameters
[0.220s] Level 1:colcon.colcon_core.package_discovery:discover_packages(prefix_path) discover
[0.221s] DEBUG:colcon.colcon_installed_package_information.package_discovery:Found 311 installed packages in /opt/ros/humble
[0.222s] Level 1:colcon.colcon_core.package_discovery:discover_packages(prefix_path) using defaults
[0.236s] Level 5:colcon.colcon_core.verb:set package 'environment_pointcloud_processing' build argument 'cmake_args' from command line to 'None'
[0.236s] Level 5:colcon.colcon_core.verb:set package 'environment_pointcloud_processing' build argument 'cmake_target' from command line to 'None'
[0.236s] Level 5:colcon.colcon_core.verb:set package 'environment_pointcloud_processing' build argument 'cmake_target_skip_unavailable' from command line to 'False'
[0.236s] Level 5:colcon.colcon_core.verb:set package 'environment_pointcloud_processing' build argument 'cmake_clean_cache' from command line to 'False'
[0.236s] Level 5:colcon.colcon_core.verb:set package 'environment_pointcloud_processing' build argument 'cmake_clean_first' from command line to 'False'
[0.236s] Level 5:colcon.colcon_core.verb:set package 'environment_pointcloud_processing' build argument 'cmake_force_configure' from command line to 'False'
[0.236s] Level 5:colcon.colcon_core.verb:set package 'environment_pointcloud_processing' build argument 'ament_cmake_args' from command line to 'None'
[0.236s] Level 5:colcon.colcon_core.verb:set package 'environment_pointcloud_processing' build argument 'catkin_cmake_args' from command line to 'None'
[0.236s] Level 5:colcon.colcon_core.verb:set package 'environment_pointcloud_processing' build argument 'catkin_skip_building_tests' from command line to 'False'
[0.236s] DEBUG:colcon.colcon_core.verb:Building package 'environment_pointcloud_processing' with the following arguments: {'ament_cmake_args': None, 'build_base': '/home/maclab/Documents/ROS_WORKSPACES/WS_Master_Thesis/build/environment_pointcloud_processing', 'catkin_cmake_args': None, 'catkin_skip_building_tests': False, 'cmake_args': None, 'cmake_clean_cache': False, 'cmake_clean_first': False, 'cmake_force_configure': False, 'cmake_target': None, 'cmake_target_skip_unavailable': False, 'install_base': '/home/maclab/Documents/ROS_WORKSPACES/WS_Master_Thesis/install/environment_pointcloud_processing', 'merge_install': False, 'path': '/home/maclab/Documents/ROS_WORKSPACES/WS_Master_Thesis/src/environment_pointcloud_processing', 'symlink_install': False, 'test_result_base': None}
[0.237s] Level 5:colcon.colcon_core.verb:set package 'floating_base_manipulation' build argument 'cmake_args' from command line to 'None'
[0.237s] Level 5:colcon.colcon_core.verb:set package 'floating_base_manipulation' build argument 'cmake_target' from command line to 'None'
[0.237s] Level 5:colcon.colcon_core.verb:set package 'floating_base_manipulation' build argument 'cmake_target_skip_unavailable' from command line to 'False'
[0.237s] Level 5:colcon.colcon_core.verb:set package 'floating_base_manipulation' build argument 'cmake_clean_cache' from command line to 'False'
[0.237s] Level 5:colcon.colcon_core.verb:set package 'floating_base_manipulation' build argument 'cmake_clean_first' from command line to 'False'
[0.237s] Level 5:colcon.colcon_core.verb:set package 'floating_base_manipulation' build argument 'cmake_force_configure' from command line to 'False'
[0.237s] Level 5:colcon.colcon_core.verb:set package 'floating_base_manipulation' build argument 'ament_cmake_args' from command line to 'None'
[0.237s] Level 5:colcon.colcon_core.verb:set package 'floating_base_manipulation' build argument 'catkin_cmake_args' from command line to 'None'
[0.237s] Level 5:colcon.colcon_core.verb:set package 'floating_base_manipulation' build argument 'catkin_skip_building_tests' from command line to 'False'
[0.237s] DEBUG:colcon.colcon_core.verb:Building package 'floating_base_manipulation' with the following arguments: {'ament_cmake_args': None, 'build_base': '/home/maclab/Documents/ROS_WORKSPACES/WS_Master_Thesis/build/floating_base_manipulation', 'catkin_cmake_args': None, 'catkin_skip_building_tests': False, 'cmake_args': None, 'cmake_clean_cache': False, 'cmake_clean_first': False, 'cmake_force_configure': False, 'cmake_target': None, 'cmake_target_skip_unavailable': False, 'install_base': '/home/maclab/Documents/ROS_WORKSPACES/WS_Master_Thesis/install/floating_base_manipulation', 'merge_install': False, 'path': '/home/maclab/Documents/ROS_WORKSPACES/WS_Master_Thesis/src/floating_base_manipulation', 'symlink_install': False, 'test_result_base': None}
[0.237s] Level 5:colcon.colcon_core.verb:set package 'jsp_uc1' build argument 'cmake_args' from command line to 'None'
[0.237s] Level 5:colcon.colcon_core.verb:set package 'jsp_uc1' build argument 'cmake_target' from command line to 'None'
[0.237s] Level 5:colcon.colcon_core.verb:set package 'jsp_uc1' build argument 'cmake_target_skip_unavailable' from command line to 'False'
[0.237s] Level 5:colcon.colcon_core.verb:set package 'jsp_uc1' build argument 'cmake_clean_cache' from command line to 'False'
[0.237s] Level 5:colcon.colcon_core.verb:set package 'jsp_uc1' build argument 'cmake_clean_first' from command line to 'False'
[0.237s] Level 5:colcon.colcon_core.verb:set package 'jsp_uc1' build argument 'cmake_force_configure' from command line to 'False'
[0.237s] Level 5:colcon.colcon_core.verb:set package 'jsp_uc1' build argument 'ament_cmake_args' from command line to 'None'
[0.237s] Level 5:colcon.colcon_core.verb:set package 'jsp_uc1' build argument 'catkin_cmake_args' from command line to 'None'
[0.237s] Level 5:colcon.colcon_core.verb:set package 'jsp_uc1' build argument 'catkin_skip_building_tests' from command line to 'False'
[0.237s] DEBUG:colcon.colcon_core.verb:Building package 'jsp_uc1' with the following arguments: {'ament_cmake_args': None, 'build_base': '/home/maclab/Documents/ROS_WORKSPACES/WS_Master_Thesis/build/jsp_uc1', 'catkin_cmake_args': None, 'catkin_skip_building_tests': False, 'cmake_args': None, 'cmake_clean_cache': False, 'cmake_clean_first': False, 'cmake_force_configure': False, 'cmake_target': None, 'cmake_target_skip_unavailable': False, 'install_base': '/home/maclab/Documents/ROS_WORKSPACES/WS_Master_Thesis/install/jsp_uc1', 'merge_install': False, 'path': '/home/maclab/Documents/ROS_WORKSPACES/WS_Master_Thesis/src/jsp_uc1/jsp_uc1', 'symlink_install': False, 'test_result_base': None}
[0.237s] Level 5:colcon.colcon_core.verb:set package 'keyboard_publisher_pkg' build argument 'cmake_args' from command line to 'None'
[0.237s] Level 5:colcon.colcon_core.verb:set package 'keyboard_publisher_pkg' build argument 'cmake_target' from command line to 'None'
[0.237s] Level 5:colcon.colcon_core.verb:set package 'keyboard_publisher_pkg' build argument 'cmake_target_skip_unavailable' from command line to 'False'
[0.237s] Level 5:colcon.colcon_core.verb:set package 'keyboard_publisher_pkg' build argument 'cmake_clean_cache' from command line to 'False'
[0.237s] Level 5:colcon.colcon_core.verb:set package 'keyboard_publisher_pkg' build argument 'cmake_clean_first' from command line to 'False'
[0.237s] Level 5:colcon.colcon_core.verb:set package 'keyboard_publisher_pkg' build argument 'cmake_force_configure' from command line to 'False'
[0.237s] Level 5:colcon.colcon_core.verb:set package 'keyboard_publisher_pkg' build argument 'ament_cmake_args' from command line to 'None'
[0.237s] Level 5:colcon.colcon_core.verb:set package 'keyboard_publisher_pkg' build argument 'catkin_cmake_args' from command line to 'None'
[0.237s] Level 5:colcon.colcon_core.verb:set package 'keyboard_publisher_pkg' build argument 'catkin_skip_building_tests' from command line to 'False'
[0.237s] DEBUG:colcon.colcon_core.verb:Building package 'keyboard_publisher_pkg' with the following arguments: {'ament_cmake_args': None, 'build_base': '/home/maclab/Documents/ROS_WORKSPACES/WS_Master_Thesis/build/keyboard_publisher_pkg', 'catkin_cmake_args': None, 'catkin_skip_building_tests': False, 'cmake_args': None, 'cmake_clean_cache': False, 'cmake_clean_first': False, 'cmake_force_configure': False, 'cmake_target': None, 'cmake_target_skip_unavailable': False, 'install_base': '/home/maclab/Documents/ROS_WORKSPACES/WS_Master_Thesis/install/keyboard_publisher_pkg', 'merge_install': False, 'path': '/home/maclab/Documents/ROS_WORKSPACES/WS_Master_Thesis/src/keyboard_events_publisher', 'symlink_install': False, 'test_result_base': None}
[0.237s] Level 5:colcon.colcon_core.verb:set package 'kuka_150_3100_description' build argument 'cmake_args' from command line to 'None'
[0.237s] Level 5:colcon.colcon_core.verb:set package 'kuka_150_3100_description' build argument 'cmake_target' from command line to 'None'
[0.237s] Level 5:colcon.colcon_core.verb:set package 'kuka_150_3100_description' build argument 'cmake_target_skip_unavailable' from command line to 'False'
[0.237s] Level 5:colcon.colcon_core.verb:set package 'kuka_150_3100_description' build argument 'cmake_clean_cache' from command line to 'False'
[0.237s] Level 5:colcon.colcon_core.verb:set package 'kuka_150_3100_description' build argument 'cmake_clean_first' from command line to 'False'
[0.237s] Level 5:colcon.colcon_core.verb:set package 'kuka_150_3100_description' build argument 'cmake_force_configure' from command line to 'False'
[0.237s] Level 5:colcon.colcon_core.verb:set package 'kuka_150_3100_description' build argument 'ament_cmake_args' from command line to 'None'
[0.237s] Level 5:colcon.colcon_core.verb:set package 'kuka_150_3100_description' build argument 'catkin_cmake_args' from command line to 'None'
[0.237s] Level 5:colcon.colcon_core.verb:set package 'kuka_150_3100_description' build argument 'catkin_skip_building_tests' from command line to 'False'
[0.237s] DEBUG:colcon.colcon_core.verb:Building package 'kuka_150_3100_description' with the following arguments: {'ament_cmake_args': None, 'build_base': '/home/maclab/Documents/ROS_WORKSPACES/WS_Master_Thesis/build/kuka_150_3100_description', 'catkin_cmake_args': None, 'catkin_skip_building_tests': False, 'cmake_args': None, 'cmake_clean_cache': False, 'cmake_clean_first': False, 'cmake_force_configure': False, 'cmake_target': None, 'cmake_target_skip_unavailable': False, 'install_base': '/home/maclab/Documents/ROS_WORKSPACES/WS_Master_Thesis/install/kuka_150_3100_description', 'merge_install': False, 'path': '/home/maclab/Documents/ROS_WORKSPACES/WS_Master_Thesis/src/kuka_150_3100_description', 'symlink_install': False, 'test_result_base': None}
[0.237s] Level 5:colcon.colcon_core.verb:set package 'kuka_resources' build argument 'cmake_args' from command line to 'None'
[0.237s] Level 5:colcon.colcon_core.verb:set package 'kuka_resources' build argument 'cmake_target' from command line to 'None'
[0.237s] Level 5:colcon.colcon_core.verb:set package 'kuka_resources' build argument 'cmake_target_skip_unavailable' from command line to 'False'
[0.237s] Level 5:colcon.colcon_core.verb:set package 'kuka_resources' build argument 'cmake_clean_cache' from command line to 'False'
[0.237s] Level 5:colcon.colcon_core.verb:set package 'kuka_resources' build argument 'cmake_clean_first' from command line to 'False'
[0.237s] Level 5:colcon.colcon_core.verb:set package 'kuka_resources' build argument 'cmake_force_configure' from command line to 'False'
[0.237s] Level 5:colcon.colcon_core.verb:set package 'kuka_resources' build argument 'ament_cmake_args' from command line to 'None'
[0.237s] Level 5:colcon.colcon_core.verb:set package 'kuka_resources' build argument 'catkin_cmake_args' from command line to 'None'
[0.237s] Level 5:colcon.colcon_core.verb:set package 'kuka_resources' build argument 'catkin_skip_building_tests' from command line to 'False'
[0.237s] DEBUG:colcon.colcon_core.verb:Building package 'kuka_resources' with the following arguments: {'ament_cmake_args': None, 'build_base': '/home/maclab/Documents/ROS_WORKSPACES/WS_Master_Thesis/build/kuka_resources', 'catkin_cmake_args': None, 'catkin_skip_building_tests': False, 'cmake_args': None, 'cmake_clean_cache': False, 'cmake_clean_first': False, 'cmake_force_configure': False, 'cmake_target': None, 'cmake_target_skip_unavailable': False, 'install_base': '/home/maclab/Documents/ROS_WORKSPACES/WS_Master_Thesis/install/kuka_resources', 'merge_install': False, 'path': '/home/maclab/Documents/ROS_WORKSPACES/WS_Master_Thesis/src/kuka_resources', 'symlink_install': False, 'test_result_base': None}
[0.237s] Level 5:colcon.colcon_core.verb:set package 'pointcloud_interactive_markers' build argument 'cmake_args' from command line to 'None'
[0.238s] Level 5:colcon.colcon_core.verb:set package 'pointcloud_interactive_markers' build argument 'cmake_target' from command line to 'None'
[0.238s] Level 5:colcon.colcon_core.verb:set package 'pointcloud_interactive_markers' build argument 'cmake_target_skip_unavailable' from command line to 'False'
[0.238s] Level 5:colcon.colcon_core.verb:set package 'pointcloud_interactive_markers' build argument 'cmake_clean_cache' from command line to 'False'
[0.238s] Level 5:colcon.colcon_core.verb:set package 'pointcloud_interactive_markers' build argument 'cmake_clean_first' from command line to 'False'
[0.238s] Level 5:colcon.colcon_core.verb:set package 'pointcloud_interactive_markers' build argument 'cmake_force_configure' from command line to 'False'
[0.238s] Level 5:colcon.colcon_core.verb:set package 'pointcloud_interactive_markers' build argument 'ament_cmake_args' from command line to 'None'
[0.238s] Level 5:colcon.colcon_core.verb:set package 'pointcloud_interactive_markers' build argument 'catkin_cmake_args' from command line to 'None'
[0.238s] Level 5:colcon.colcon_core.verb:set package 'pointcloud_interactive_markers' build argument 'catkin_skip_building_tests' from command line to 'False'
[0.238s] DEBUG:colcon.colcon_core.verb:Building package 'pointcloud_interactive_markers' with the following arguments: {'ament_cmake_args': None, 'build_base': '/home/maclab/Documents/ROS_WORKSPACES/WS_Master_Thesis/build/pointcloud_interactive_markers', 'catkin_cmake_args': None, 'catkin_skip_building_tests': False, 'cmake_args': None, 'cmake_clean_cache': False, 'cmake_clean_first': False, 'cmake_force_configure': False, 'cmake_target': None, 'cmake_target_skip_unavailable': False, 'install_base': '/home/maclab/Documents/ROS_WORKSPACES/WS_Master_Thesis/install/pointcloud_interactive_markers', 'merge_install': False, 'path': '/home/maclab/Documents/ROS_WORKSPACES/WS_Master_Thesis/src/pointcloud_interactive_markers', 'symlink_install': False, 'test_result_base': None}
[0.238s] Level 5:colcon.colcon_core.verb:set package 'rsp_uc1' build argument 'cmake_args' from command line to 'None'
[0.238s] Level 5:colcon.colcon_core.verb:set package 'rsp_uc1' build argument 'cmake_target' from command line to 'None'
[0.238s] Level 5:colcon.colcon_core.verb:set package 'rsp_uc1' build argument 'cmake_target_skip_unavailable' from command line to 'False'
[0.238s] Level 5:colcon.colcon_core.verb:set package 'rsp_uc1' build argument 'cmake_clean_cache' from command line to 'False'
[0.238s] Level 5:colcon.colcon_core.verb:set package 'rsp_uc1' build argument 'cmake_clean_first' from command line to 'False'
[0.238s] Level 5:colcon.colcon_core.verb:set package 'rsp_uc1' build argument 'cmake_force_configure' from command line to 'False'
[0.238s] Level 5:colcon.colcon_core.verb:set package 'rsp_uc1' build argument 'ament_cmake_args' from command line to 'None'
[0.238s] Level 5:colcon.colcon_core.verb:set package 'rsp_uc1' build argument 'catkin_cmake_args' from command line to 'None'
[0.238s] Level 5:colcon.colcon_core.verb:set package 'rsp_uc1' build argument 'catkin_skip_building_tests' from command line to 'False'
[0.238s] DEBUG:colcon.colcon_core.verb:Building package 'rsp_uc1' with the following arguments: {'ament_cmake_args': None, 'build_base': '/home/maclab/Documents/ROS_WORKSPACES/WS_Master_Thesis/build/rsp_uc1', 'catkin_cmake_args': None, 'catkin_skip_building_tests': False, 'cmake_args': None, 'cmake_clean_cache': False, 'cmake_clean_first': False, 'cmake_force_configure': False, 'cmake_target': None, 'cmake_target_skip_unavailable': False, 'install_base': '/home/maclab/Documents/ROS_WORKSPACES/WS_Master_Thesis/install/rsp_uc1', 'merge_install': False, 'path': '/home/maclab/Documents/ROS_WORKSPACES/WS_Master_Thesis/src/rsp_uc1', 'symlink_install': False, 'test_result_base': None}
[0.238s] Level 5:colcon.colcon_core.verb:set package 'uc1_robot_controllers_interfaces' build argument 'cmake_args' from command line to 'None'
[0.238s] Level 5:colcon.colcon_core.verb:set package 'uc1_robot_controllers_interfaces' build argument 'cmake_target' from command line to 'None'
[0.238s] Level 5:colcon.colcon_core.verb:set package 'uc1_robot_controllers_interfaces' build argument 'cmake_target_skip_unavailable' from command line to 'False'
[0.238s] Level 5:colcon.colcon_core.verb:set package 'uc1_robot_controllers_interfaces' build argument 'cmake_clean_cache' from command line to 'False'
[0.238s] Level 5:colcon.colcon_core.verb:set package 'uc1_robot_controllers_interfaces' build argument 'cmake_clean_first' from command line to 'False'
[0.238s] Level 5:colcon.colcon_core.verb:set package 'uc1_robot_controllers_interfaces' build argument 'cmake_force_configure' from command line to 'False'
[0.238s] Level 5:colcon.colcon_core.verb:set package 'uc1_robot_controllers_interfaces' build argument 'ament_cmake_args' from command line to 'None'
[0.238s] Level 5:colcon.colcon_core.verb:set package 'uc1_robot_controllers_interfaces' build argument 'catkin_cmake_args' from command line to 'None'
[0.238s] Level 5:colcon.colcon_core.verb:set package 'uc1_robot_controllers_interfaces' build argument 'catkin_skip_building_tests' from command line to 'False'
[0.238s] DEBUG:colcon.colcon_core.verb:Building package 'uc1_robot_controllers_interfaces' with the following arguments: {'ament_cmake_args': None, 'build_base': '/home/maclab/Documents/ROS_WORKSPACES/WS_Master_Thesis/build/uc1_robot_controllers_interfaces', 'catkin_cmake_args': None, 'catkin_skip_building_tests': False, 'cmake_args': None, 'cmake_clean_cache': False, 'cmake_clean_first': False, 'cmake_force_configure': False, 'cmake_target': None, 'cmake_target_skip_unavailable': False, 'install_base': '/home/maclab/Documents/ROS_WORKSPACES/WS_Master_Thesis/install/uc1_robot_controllers_interfaces', 'merge_install': False, 'path': '/home/maclab/Documents/ROS_WORKSPACES/WS_Master_Thesis/src/uc1_robot_controllers_interfaces', 'symlink_install': False, 'test_result_base': None}
[0.238s] Level 5:colcon.colcon_core.verb:set package 'uc1_robot_perception' build argument 'cmake_args' from command line to 'None'
[0.238s] Level 5:colcon.colcon_core.verb:set package 'uc1_robot_perception' build argument 'cmake_target' from command line to 'None'
[0.238s] Level 5:colcon.colcon_core.verb:set package 'uc1_robot_perception' build argument 'cmake_target_skip_unavailable' from command line to 'False'
[0.238s] Level 5:colcon.colcon_core.verb:set package 'uc1_robot_perception' build argument 'cmake_clean_cache' from command line to 'False'
[0.238s] Level 5:colcon.colcon_core.verb:set package 'uc1_robot_perception' build argument 'cmake_clean_first' from command line to 'False'
[0.238s] Level 5:colcon.colcon_core.verb:set package 'uc1_robot_perception' build argument 'cmake_force_configure' from command line to 'False'
[0.238s] Level 5:colcon.colcon_core.verb:set package 'uc1_robot_perception' build argument 'ament_cmake_args' from command line to 'None'
[0.238s] Level 5:colcon.colcon_core.verb:set package 'uc1_robot_perception' build argument 'catkin_cmake_args' from command line to 'None'
[0.238s] Level 5:colcon.colcon_core.verb:set package 'uc1_robot_perception' build argument 'catkin_skip_building_tests' from command line to 'False'
[0.238s] DEBUG:colcon.colcon_core.verb:Building package 'uc1_robot_perception' with the following arguments: {'ament_cmake_args': None, 'build_base': '/home/maclab/Documents/ROS_WORKSPACES/WS_Master_Thesis/build/uc1_robot_perception', 'catkin_cmake_args': None, 'catkin_skip_building_tests': False, 'cmake_args': None, 'cmake_clean_cache': False, 'cmake_clean_first': False, 'cmake_force_configure': False, 'cmake_target': None, 'cmake_target_skip_unavailable': False, 'install_base': '/home/maclab/Documents/ROS_WORKSPACES/WS_Master_Thesis/install/uc1_robot_perception', 'merge_install': False, 'path': '/home/maclab/Documents/ROS_WORKSPACES/WS_Master_Thesis/src/uc1_robot_perception', 'symlink_install': False, 'test_result_base': None}
[0.238s] Level 5:colcon.colcon_core.verb:set package 'uc1_robots_description' build argument 'cmake_args' from command line to 'None'
[0.238s] Level 5:colcon.colcon_core.verb:set package 'uc1_robots_description' build argument 'cmake_target' from command line to 'None'
[0.238s] Level 5:colcon.colcon_core.verb:set package 'uc1_robots_description' build argument 'cmake_target_skip_unavailable' from command line to 'False'
[0.238s] Level 5:colcon.colcon_core.verb:set package 'uc1_robots_description' build argument 'cmake_clean_cache' from command line to 'False'
[0.238s] Level 5:colcon.colcon_core.verb:set package 'uc1_robots_description' build argument 'cmake_clean_first' from command line to 'False'
[0.238s] Level 5:colcon.colcon_core.verb:set package 'uc1_robots_description' build argument 'cmake_force_configure' from command line to 'False'
[0.238s] Level 5:colcon.colcon_core.verb:set package 'uc1_robots_description' build argument 'ament_cmake_args' from command line to 'None'
[0.238s] Level 5:colcon.colcon_core.verb:set package 'uc1_robots_description' build argument 'catkin_cmake_args' from command line to 'None'
[0.238s] Level 5:colcon.colcon_core.verb:set package 'uc1_robots_description' build argument 'catkin_skip_building_tests' from command line to 'False'
[0.238s] DEBUG:colcon.colcon_core.verb:Building package 'uc1_robots_description' with the following arguments: {'ament_cmake_args': None, 'build_base': '/home/maclab/Documents/ROS_WORKSPACES/WS_Master_Thesis/build/uc1_robots_description', 'catkin_cmake_args': None, 'catkin_skip_building_tests': False, 'cmake_args': None, 'cmake_clean_cache': False, 'cmake_clean_first': False, 'cmake_force_configure': False, 'cmake_target': None, 'cmake_target_skip_unavailable': False, 'install_base': '/home/maclab/Documents/ROS_WORKSPACES/WS_Master_Thesis/install/uc1_robots_description', 'merge_install': False, 'path': '/home/maclab/Documents/ROS_WORKSPACES/WS_Master_Thesis/src/uc1_robots_description', 'symlink_install': False, 'test_result_base': None}
[0.238s] Level 5:colcon.colcon_core.verb:set package 'ur_admittance_controller' build argument 'cmake_args' from command line to 'None'
[0.238s] Level 5:colcon.colcon_core.verb:set package 'ur_admittance_controller' build argument 'cmake_target' from command line to 'None'
[0.238s] Level 5:colcon.colcon_core.verb:set package 'ur_admittance_controller' build argument 'cmake_target_skip_unavailable' from command line to 'False'
[0.238s] Level 5:colcon.colcon_core.verb:set package 'ur_admittance_controller' build argument 'cmake_clean_cache' from command line to 'False'
[0.238s] Level 5:colcon.colcon_core.verb:set package 'ur_admittance_controller' build argument 'cmake_clean_first' from command line to 'False'
[0.238s] Level 5:colcon.colcon_core.verb:set package 'ur_admittance_controller' build argument 'cmake_force_configure' from command line to 'False'
[0.238s] Level 5:colcon.colcon_core.verb:set package 'ur_admittance_controller' build argument 'ament_cmake_args' from command line to 'None'
[0.238s] Level 5:colcon.colcon_core.verb:set package 'ur_admittance_controller' build argument 'catkin_cmake_args' from command line to 'None'
[0.238s] Level 5:colcon.colcon_core.verb:set package 'ur_admittance_controller' build argument 'catkin_skip_building_tests' from command line to 'False'
[0.238s] DEBUG:colcon.colcon_core.verb:Building package 'ur_admittance_controller' with the following arguments: {'ament_cmake_args': None, 'build_base': '/home/maclab/Documents/ROS_WORKSPACES/WS_Master_Thesis/build/ur_admittance_controller', 'catkin_cmake_args': None, 'catkin_skip_building_tests': False, 'cmake_args': None, 'cmake_clean_cache': False, 'cmake_clean_first': False, 'cmake_force_configure': False, 'cmake_target': None, 'cmake_target_skip_unavailable': False, 'install_base': '/home/maclab/Documents/ROS_WORKSPACES/WS_Master_Thesis/install/ur_admittance_controller', 'merge_install': False, 'path': '/home/maclab/Documents/ROS_WORKSPACES/WS_Master_Thesis/src/ur_admittance_controller', 'symlink_install': False, 'test_result_base': None}
[0.239s] Level 5:colcon.colcon_core.verb:set package 'urdf_launch' build argument 'cmake_args' from command line to 'None'
[0.239s] Level 5:colcon.colcon_core.verb:set package 'urdf_launch' build argument 'cmake_target' from command line to 'None'
[0.239s] Level 5:colcon.colcon_core.verb:set package 'urdf_launch' build argument 'cmake_target_skip_unavailable' from command line to 'False'
[0.239s] Level 5:colcon.colcon_core.verb:set package 'urdf_launch' build argument 'cmake_clean_cache' from command line to 'False'
[0.239s] Level 5:colcon.colcon_core.verb:set package 'urdf_launch' build argument 'cmake_clean_first' from command line to 'False'
[0.239s] Level 5:colcon.colcon_core.verb:set package 'urdf_launch' build argument 'cmake_force_configure' from command line to 'False'
[0.239s] Level 5:colcon.colcon_core.verb:set package 'urdf_launch' build argument 'ament_cmake_args' from command line to 'None'
[0.239s] Level 5:colcon.colcon_core.verb:set package 'urdf_launch' build argument 'catkin_cmake_args' from command line to 'None'
[0.239s] Level 5:colcon.colcon_core.verb:set package 'urdf_launch' build argument 'catkin_skip_building_tests' from command line to 'False'
[0.239s] DEBUG:colcon.colcon_core.verb:Building package 'urdf_launch' with the following arguments: {'ament_cmake_args': None, 'build_base': '/home/maclab/Documents/ROS_WORKSPACES/WS_Master_Thesis/build/urdf_launch', 'catkin_cmake_args': None, 'catkin_skip_building_tests': False, 'cmake_args': None, 'cmake_clean_cache': False, 'cmake_clean_first': False, 'cmake_force_configure': False, 'cmake_target': None, 'cmake_target_skip_unavailable': False, 'install_base': '/home/maclab/Documents/ROS_WORKSPACES/WS_Master_Thesis/install/urdf_launch', 'merge_install': False, 'path': '/home/maclab/Documents/ROS_WORKSPACES/WS_Master_Thesis/src/urdf_launch', 'symlink_install': False, 'test_result_base': None}
[0.239s] Level 5:colcon.colcon_core.verb:set package 'jsp_gui_uc1' build argument 'cmake_args' from command line to 'None'
[0.239s] Level 5:colcon.colcon_core.verb:set package 'jsp_gui_uc1' build argument 'cmake_target' from command line to 'None'
[0.239s] Level 5:colcon.colcon_core.verb:set package 'jsp_gui_uc1' build argument 'cmake_target_skip_unavailable' from command line to 'False'
[0.239s] Level 5:colcon.colcon_core.verb:set package 'jsp_gui_uc1' build argument 'cmake_clean_cache' from command line to 'False'
[0.239s] Level 5:colcon.colcon_core.verb:set package 'jsp_gui_uc1' build argument 'cmake_clean_first' from command line to 'False'
[0.239s] Level 5:colcon.colcon_core.verb:set package 'jsp_gui_uc1' build argument 'cmake_force_configure' from command line to 'False'
[0.239s] Level 5:colcon.colcon_core.verb:set package 'jsp_gui_uc1' build argument 'ament_cmake_args' from command line to 'None'
[0.239s] Level 5:colcon.colcon_core.verb:set package 'jsp_gui_uc1' build argument 'catkin_cmake_args' from command line to 'None'
[0.239s] Level 5:colcon.colcon_core.verb:set package 'jsp_gui_uc1' build argument 'catkin_skip_building_tests' from command line to 'False'
[0.239s] DEBUG:colcon.colcon_core.verb:Building package 'jsp_gui_uc1' with the following arguments: {'ament_cmake_args': None, 'build_base': '/home/maclab/Documents/ROS_WORKSPACES/WS_Master_Thesis/build/jsp_gui_uc1', 'catkin_cmake_args': None, 'catkin_skip_building_tests': False, 'cmake_args': None, 'cmake_clean_cache': False, 'cmake_clean_first': False, 'cmake_force_configure': False, 'cmake_target': None, 'cmake_target_skip_unavailable': False, 'install_base': '/home/maclab/Documents/ROS_WORKSPACES/WS_Master_Thesis/install/jsp_gui_uc1', 'merge_install': False, 'path': '/home/maclab/Documents/ROS_WORKSPACES/WS_Master_Thesis/src/jsp_uc1/jsp_gui_uc1', 'symlink_install': False, 'test_result_base': None}
[0.239s] Level 5:colcon.colcon_core.verb:set package 'kuka_quantec_support' build argument 'cmake_args' from command line to 'None'
[0.239s] Level 5:colcon.colcon_core.verb:set package 'kuka_quantec_support' build argument 'cmake_target' from command line to 'None'
[0.239s] Level 5:colcon.colcon_core.verb:set package 'kuka_quantec_support' build argument 'cmake_target_skip_unavailable' from command line to 'False'
[0.239s] Level 5:colcon.colcon_core.verb:set package 'kuka_quantec_support' build argument 'cmake_clean_cache' from command line to 'False'
[0.239s] Level 5:colcon.colcon_core.verb:set package 'kuka_quantec_support' build argument 'cmake_clean_first' from command line to 'False'
[0.239s] Level 5:colcon.colcon_core.verb:set package 'kuka_quantec_support' build argument 'cmake_force_configure' from command line to 'False'
[0.239s] Level 5:colcon.colcon_core.verb:set package 'kuka_quantec_support' build argument 'ament_cmake_args' from command line to 'None'
[0.239s] Level 5:colcon.colcon_core.verb:set package 'kuka_quantec_support' build argument 'catkin_cmake_args' from command line to 'None'
[0.239s] Level 5:colcon.colcon_core.verb:set package 'kuka_quantec_support' build argument 'catkin_skip_building_tests' from command line to 'False'
[0.239s] DEBUG:colcon.colcon_core.verb:Building package 'kuka_quantec_support' with the following arguments: {'ament_cmake_args': None, 'build_base': '/home/maclab/Documents/ROS_WORKSPACES/WS_Master_Thesis/build/kuka_quantec_support', 'catkin_cmake_args': None, 'catkin_skip_building_tests': False, 'cmake_args': None, 'cmake_clean_cache': False, 'cmake_clean_first': False, 'cmake_force_configure': False, 'cmake_target': None, 'cmake_target_skip_unavailable': False, 'install_base': '/home/maclab/Documents/ROS_WORKSPACES/WS_Master_Thesis/install/kuka_quantec_support', 'merge_install': False, 'path': '/home/maclab/Documents/ROS_WORKSPACES/WS_Master_Thesis/src/kuka_quantec_support', 'symlink_install': False, 'test_result_base': None}
[0.239s] Level 5:colcon.colcon_core.verb:set package 'uc1_robot_controllers' build argument 'cmake_args' from command line to 'None'
[0.239s] Level 5:colcon.colcon_core.verb:set package 'uc1_robot_controllers' build argument 'cmake_target' from command line to 'None'
[0.239s] Level 5:colcon.colcon_core.verb:set package 'uc1_robot_controllers' build argument 'cmake_target_skip_unavailable' from command line to 'False'
[0.239s] Level 5:colcon.colcon_core.verb:set package 'uc1_robot_controllers' build argument 'cmake_clean_cache' from command line to 'False'
[0.239s] Level 5:colcon.colcon_core.verb:set package 'uc1_robot_controllers' build argument 'cmake_clean_first' from command line to 'False'
[0.239s] Level 5:colcon.colcon_core.verb:set package 'uc1_robot_controllers' build argument 'cmake_force_configure' from command line to 'False'
[0.239s] Level 5:colcon.colcon_core.verb:set package 'uc1_robot_controllers' build argument 'ament_cmake_args' from command line to 'None'
[0.239s] Level 5:colcon.colcon_core.verb:set package 'uc1_robot_controllers' build argument 'catkin_cmake_args' from command line to 'None'
[0.239s] Level 5:colcon.colcon_core.verb:set package 'uc1_robot_controllers' build argument 'catkin_skip_building_tests' from command line to 'False'
[0.239s] DEBUG:colcon.colcon_core.verb:Building package 'uc1_robot_controllers' with the following arguments: {'ament_cmake_args': None, 'build_base': '/home/maclab/Documents/ROS_WORKSPACES/WS_Master_Thesis/build/uc1_robot_controllers', 'catkin_cmake_args': None, 'catkin_skip_building_tests': False, 'cmake_args': None, 'cmake_clean_cache': False, 'cmake_clean_first': False, 'cmake_force_configure': False, 'cmake_target': None, 'cmake_target_skip_unavailable': False, 'install_base': '/home/maclab/Documents/ROS_WORKSPACES/WS_Master_Thesis/install/uc1_robot_controllers', 'merge_install': False, 'path': '/home/maclab/Documents/ROS_WORKSPACES/WS_Master_Thesis/src/uc1_robot_controllers', 'symlink_install': False, 'test_result_base': None}
[0.239s] INFO:colcon.colcon_core.executor:Executing jobs using 'parallel' executor
[0.240s] DEBUG:colcon.colcon_parallel_executor.executor.parallel:run_until_complete
[0.240s] INFO:colcon.colcon_ros.task.ament_python.build:Building ROS package in '/home/maclab/Documents/ROS_WORKSPACES/WS_Master_Thesis/src/jsp_uc1/jsp_uc1' with build type 'ament_python'
[0.240s] Level 1:colcon.colcon_core.shell:create_environment_hook('jsp_uc1', 'ament_prefix_path')
[0.242s] INFO:colcon.colcon_core.plugin_system:Skipping extension 'colcon_core.shell.bat': Not used on non-Windows systems
[0.242s] INFO:colcon.colcon_core.shell:Creating environment hook '/home/maclab/Documents/ROS_WORKSPACES/WS_Master_Thesis/install/jsp_uc1/share/jsp_uc1/hook/ament_prefix_path.ps1'
[0.242s] INFO:colcon.colcon_core.shell:Creating environment descriptor '/home/maclab/Documents/ROS_WORKSPACES/WS_Master_Thesis/install/jsp_uc1/share/jsp_uc1/hook/ament_prefix_path.dsv'
[0.243s] INFO:colcon.colcon_core.shell:Creating environment hook '/home/maclab/Documents/ROS_WORKSPACES/WS_Master_Thesis/install/jsp_uc1/share/jsp_uc1/hook/ament_prefix_path.sh'
[0.243s] INFO:colcon.colcon_core.shell:Skip shell extension 'powershell' for command environment: Not usable outside of PowerShell
[0.243s] DEBUG:colcon.colcon_core.shell:Skip shell extension 'dsv' for command environment
[0.244s] INFO:colcon.colcon_ros.task.ament_cmake.build:Building ROS package in '/home/maclab/Documents/ROS_WORKSPACES/WS_Master_Thesis/src/kuka_resources' with build type 'ament_cmake'
[0.244s] INFO:colcon.colcon_cmake.task.cmake.build:Building CMake package in '/home/maclab/Documents/ROS_WORKSPACES/WS_Master_Thesis/src/kuka_resources'
[0.244s] INFO:colcon.colcon_core.shell:Skip shell extension 'powershell' for command environment: Not usable outside of PowerShell
[0.244s] DEBUG:colcon.colcon_core.shell:Skip shell extension 'dsv' for command environment
[0.245s] INFO:colcon.colcon_ros.task.ament_cmake.build:Building ROS package in '/home/maclab/Documents/ROS_WORKSPACES/WS_Master_Thesis/src/uc1_robot_controllers_interfaces' with build type 'ament_cmake'
[0.246s] INFO:colcon.colcon_cmake.task.cmake.build:Building CMake package in '/home/maclab/Documents/ROS_WORKSPACES/WS_Master_Thesis/src/uc1_robot_controllers_interfaces'
[0.246s] INFO:colcon.colcon_core.shell:Skip shell extension 'powershell' for command environment: Not usable outside of PowerShell
[0.246s] DEBUG:colcon.colcon_core.shell:Skip shell extension 'dsv' for command environment
[0.247s] INFO:colcon.colcon_ros.task.ament_cmake.build:Building ROS package in '/home/maclab/Documents/ROS_WORKSPACES/WS_Master_Thesis/src/uc1_robot_perception' with build type 'ament_cmake'
[0.247s] INFO:colcon.colcon_cmake.task.cmake.build:Building CMake package in '/home/maclab/Documents/ROS_WORKSPACES/WS_Master_Thesis/src/uc1_robot_perception'
[0.247s] INFO:colcon.colcon_core.shell:Skip shell extension 'powershell' for command environment: Not usable outside of PowerShell
[0.247s] DEBUG:colcon.colcon_core.shell:Skip shell extension 'dsv' for command environment
[0.248s] INFO:colcon.colcon_ros.task.ament_cmake.build:Building ROS package in '/home/maclab/Documents/ROS_WORKSPACES/WS_Master_Thesis/src/environment_pointcloud_processing' with build type 'ament_cmake'
[0.248s] INFO:colcon.colcon_cmake.task.cmake.build:Building CMake package in '/home/maclab/Documents/ROS_WORKSPACES/WS_Master_Thesis/src/environment_pointcloud_processing'
[0.248s] INFO:colcon.colcon_core.shell:Skip shell extension 'powershell' for command environment: Not usable outside of PowerShell
[0.248s] DEBUG:colcon.colcon_core.shell:Skip shell extension 'dsv' for command environment
[0.249s] INFO:colcon.colcon_ros.task.ament_cmake.build:Building ROS package in '/home/maclab/Documents/ROS_WORKSPACES/WS_Master_Thesis/src/floating_base_manipulation' with build type 'ament_cmake'
[0.249s] INFO:colcon.colcon_cmake.task.cmake.build:Building CMake package in '/home/maclab/Documents/ROS_WORKSPACES/WS_Master_Thesis/src/floating_base_manipulation'
[0.249s] INFO:colcon.colcon_core.shell:Skip shell extension 'powershell' for command environment: Not usable outside of PowerShell
[0.249s] DEBUG:colcon.colcon_core.shell:Skip shell extension 'dsv' for command environment
[0.250s] INFO:colcon.colcon_ros.task.ament_cmake.build:Building ROS package in '/home/maclab/Documents/ROS_WORKSPACES/WS_Master_Thesis/src/keyboard_events_publisher' with build type 'ament_cmake'
[0.250s] INFO:colcon.colcon_cmake.task.cmake.build:Building CMake package in '/home/maclab/Documents/ROS_WORKSPACES/WS_Master_Thesis/src/keyboard_events_publisher'
[0.250s] INFO:colcon.colcon_core.shell:Skip shell extension 'powershell' for command environment: Not usable outside of PowerShell
[0.250s] DEBUG:colcon.colcon_core.shell:Skip shell extension 'dsv' for command environment
[0.251s] INFO:colcon.colcon_ros.task.ament_cmake.build:Building ROS package in '/home/maclab/Documents/ROS_WORKSPACES/WS_Master_Thesis/src/kuka_150_3100_description' with build type 'ament_cmake'
[0.251s] INFO:colcon.colcon_cmake.task.cmake.build:Building CMake package in '/home/maclab/Documents/ROS_WORKSPACES/WS_Master_Thesis/src/kuka_150_3100_description'
[0.251s] INFO:colcon.colcon_core.shell:Skip shell extension 'powershell' for command environment: Not usable outside of PowerShell
[0.251s] DEBUG:colcon.colcon_core.shell:Skip shell extension 'dsv' for command environment
[0.252s] INFO:colcon.colcon_ros.task.ament_cmake.build:Building ROS package in '/home/maclab/Documents/ROS_WORKSPACES/WS_Master_Thesis/src/pointcloud_interactive_markers' with build type 'ament_cmake'
[0.252s] INFO:colcon.colcon_cmake.task.cmake.build:Building CMake package in '/home/maclab/Documents/ROS_WORKSPACES/WS_Master_Thesis/src/pointcloud_interactive_markers'
[0.252s] INFO:colcon.colcon_core.shell:Skip shell extension 'powershell' for command environment: Not usable outside of PowerShell
[0.252s] DEBUG:colcon.colcon_core.shell:Skip shell extension 'dsv' for command environment
[0.254s] INFO:colcon.colcon_ros.task.ament_cmake.build:Building ROS package in '/home/maclab/Documents/ROS_WORKSPACES/WS_Master_Thesis/src/rsp_uc1' with build type 'ament_cmake'
[0.254s] INFO:colcon.colcon_cmake.task.cmake.build:Building CMake package in '/home/maclab/Documents/ROS_WORKSPACES/WS_Master_Thesis/src/rsp_uc1'
[0.254s] INFO:colcon.colcon_core.shell:Skip shell extension 'powershell' for command environment: Not usable outside of PowerShell
[0.254s] DEBUG:colcon.colcon_core.shell:Skip shell extension 'dsv' for command environment
[0.256s] INFO:colcon.colcon_ros.task.ament_cmake.build:Building ROS package in '/home/maclab/Documents/ROS_WORKSPACES/WS_Master_Thesis/src/uc1_robots_description' with build type 'ament_cmake'
[0.256s] INFO:colcon.colcon_cmake.task.cmake.build:Building CMake package in '/home/maclab/Documents/ROS_WORKSPACES/WS_Master_Thesis/src/uc1_robots_description'
[0.256s] INFO:colcon.colcon_core.shell:Skip shell extension 'powershell' for command environment: Not usable outside of PowerShell
[0.256s] DEBUG:colcon.colcon_core.shell:Skip shell extension 'dsv' for command environment
[0.258s] INFO:colcon.colcon_ros.task.ament_cmake.build:Building ROS package in '/home/maclab/Documents/ROS_WORKSPACES/WS_Master_Thesis/src/ur_admittance_controller' with build type 'ament_cmake'
[0.258s] INFO:colcon.colcon_cmake.task.cmake.build:Building CMake package in '/home/maclab/Documents/ROS_WORKSPACES/WS_Master_Thesis/src/ur_admittance_controller'
[0.258s] INFO:colcon.colcon_core.shell:Skip shell extension 'powershell' for command environment: Not usable outside of PowerShell
[0.258s] DEBUG:colcon.colcon_core.shell:Skip shell extension 'dsv' for command environment
[0.260s] INFO:colcon.colcon_ros.task.ament_cmake.build:Building ROS package in '/home/maclab/Documents/ROS_WORKSPACES/WS_Master_Thesis/src/urdf_launch' with build type 'ament_cmake'
[0.260s] INFO:colcon.colcon_cmake.task.cmake.build:Building CMake package in '/home/maclab/Documents/ROS_WORKSPACES/WS_Master_Thesis/src/urdf_launch'
[0.260s] INFO:colcon.colcon_core.shell:Skip shell extension 'powershell' for command environment: Not usable outside of PowerShell
[0.260s] DEBUG:colcon.colcon_core.shell:Skip shell extension 'dsv' for command environment
[0.362s] INFO:colcon.colcon_core.task.python.build:Building Python package in '/home/maclab/Documents/ROS_WORKSPACES/WS_Master_Thesis/src/jsp_uc1/jsp_uc1'
[0.362s] INFO:colcon.colcon_core.shell:Skip shell extension 'powershell' for command environment: Not usable outside of PowerShell
[0.362s] DEBUG:colcon.colcon_core.shell:Skip shell extension 'dsv' for command environment
[0.365s] DEBUG:colcon.colcon_core.event_handler.log_command:Invoking command in '/home/maclab/Documents/ROS_WORKSPACES/WS_Master_Thesis/build/kuka_resources': CMAKE_PREFIX_PATH=/opt/ros/humble /usr/bin/cmake /home/maclab/Documents/ROS_WORKSPACES/WS_Master_Thesis/src/kuka_resources -DCMAKE_INSTALL_PREFIX=/home/maclab/Documents/ROS_WORKSPACES/WS_Master_Thesis/install/kuka_resources
[0.367s] DEBUG:colcon.colcon_core.event_handler.log_command:Invoking command in '/home/maclab/Documents/ROS_WORKSPACES/WS_Master_Thesis/build/uc1_robot_controllers_interfaces': CMAKE_PREFIX_PATH=/opt/ros/humble /usr/bin/cmake /home/maclab/Documents/ROS_WORKSPACES/WS_Master_Thesis/src/uc1_robot_controllers_interfaces -DCMAKE_INSTALL_PREFIX=/home/maclab/Documents/ROS_WORKSPACES/WS_Master_Thesis/install/uc1_robot_controllers_interfaces
[0.367s] DEBUG:colcon.colcon_core.event_handler.log_command:Invoking command in '/home/maclab/Documents/ROS_WORKSPACES/WS_Master_Thesis/build/uc1_robot_perception': CMAKE_PREFIX_PATH=/opt/ros/humble /usr/bin/cmake /home/maclab/Documents/ROS_WORKSPACES/WS_Master_Thesis/src/uc1_robot_perception -DCMAKE_INSTALL_PREFIX=/home/maclab/Documents/ROS_WORKSPACES/WS_Master_Thesis/install/uc1_robot_perception
[0.368s] DEBUG:colcon.colcon_core.event_handler.log_command:Invoking command in '/home/maclab/Documents/ROS_WORKSPACES/WS_Master_Thesis/build/environment_pointcloud_processing': CMAKE_PREFIX_PATH=/opt/ros/humble /usr/bin/cmake /home/maclab/Documents/ROS_WORKSPACES/WS_Master_Thesis/src/environment_pointcloud_processing -DCMAKE_INSTALL_PREFIX=/home/maclab/Documents/ROS_WORKSPACES/WS_Master_Thesis/install/environment_pointcloud_processing
[0.369s] DEBUG:colcon.colcon_core.event_handler.log_command:Invoking command in '/home/maclab/Documents/ROS_WORKSPACES/WS_Master_Thesis/build/floating_base_manipulation': CMAKE_PREFIX_PATH=/opt/ros/humble /usr/bin/cmake /home/maclab/Documents/ROS_WORKSPACES/WS_Master_Thesis/src/floating_base_manipulation -DCMAKE_INSTALL_PREFIX=/home/maclab/Documents/ROS_WORKSPACES/WS_Master_Thesis/install/floating_base_manipulation
[0.369s] DEBUG:colcon.colcon_core.event_handler.log_command:Invoking command in '/home/maclab/Documents/ROS_WORKSPACES/WS_Master_Thesis/build/keyboard_publisher_pkg': CMAKE_PREFIX_PATH=/opt/ros/humble /usr/bin/cmake /home/maclab/Documents/ROS_WORKSPACES/WS_Master_Thesis/src/keyboard_events_publisher -DCMAKE_INSTALL_PREFIX=/home/maclab/Documents/ROS_WORKSPACES/WS_Master_Thesis/install/keyboard_publisher_pkg
[0.370s] DEBUG:colcon.colcon_core.event_handler.log_command:Invoking command in '/home/maclab/Documents/ROS_WORKSPACES/WS_Master_Thesis/build/kuka_150_3100_description': CMAKE_PREFIX_PATH=/opt/ros/humble /usr/bin/cmake /home/maclab/Documents/ROS_WORKSPACES/WS_Master_Thesis/src/kuka_150_3100_description -DCMAKE_INSTALL_PREFIX=/home/maclab/Documents/ROS_WORKSPACES/WS_Master_Thesis/install/kuka_150_3100_description
[0.371s] DEBUG:colcon.colcon_core.event_handler.log_command:Invoking command in '/home/maclab/Documents/ROS_WORKSPACES/WS_Master_Thesis/build/pointcloud_interactive_markers': CMAKE_PREFIX_PATH=/opt/ros/humble /usr/bin/cmake /home/maclab/Documents/ROS_WORKSPACES/WS_Master_Thesis/src/pointcloud_interactive_markers -DCMAKE_INSTALL_PREFIX=/home/maclab/Documents/ROS_WORKSPACES/WS_Master_Thesis/install/pointcloud_interactive_markers
[0.373s] DEBUG:colcon.colcon_core.event_handler.log_command:Invoking command in '/home/maclab/Documents/ROS_WORKSPACES/WS_Master_Thesis/build/rsp_uc1': CMAKE_PREFIX_PATH=/opt/ros/humble /usr/bin/cmake /home/maclab/Documents/ROS_WORKSPACES/WS_Master_Thesis/src/rsp_uc1 -DCMAKE_INSTALL_PREFIX=/home/maclab/Documents/ROS_WORKSPACES/WS_Master_Thesis/install/rsp_uc1
[0.374s] DEBUG:colcon.colcon_core.event_handler.log_command:Invoking command in '/home/maclab/Documents/ROS_WORKSPACES/WS_Master_Thesis/build/uc1_robots_description': CMAKE_PREFIX_PATH=/opt/ros/humble /usr/bin/cmake /home/maclab/Documents/ROS_WORKSPACES/WS_Master_Thesis/src/uc1_robots_description -DCMAKE_INSTALL_PREFIX=/home/maclab/Documents/ROS_WORKSPACES/WS_Master_Thesis/install/uc1_robots_description
[0.375s] DEBUG:colcon.colcon_core.event_handler.log_command:Invoking command in '/home/maclab/Documents/ROS_WORKSPACES/WS_Master_Thesis/build/ur_admittance_controller': CMAKE_PREFIX_PATH=/opt/ros/humble /usr/bin/cmake /home/maclab/Documents/ROS_WORKSPACES/WS_Master_Thesis/src/ur_admittance_controller -DCMAKE_INSTALL_PREFIX=/home/maclab/Documents/ROS_WORKSPACES/WS_Master_Thesis/install/ur_admittance_controller
[0.377s] DEBUG:colcon.colcon_core.event_handler.log_command:Invoking command in '/home/maclab/Documents/ROS_WORKSPACES/WS_Master_Thesis/build/urdf_launch': CMAKE_PREFIX_PATH=/opt/ros/humble /usr/bin/cmake /home/maclab/Documents/ROS_WORKSPACES/WS_Master_Thesis/src/urdf_launch -DCMAKE_INSTALL_PREFIX=/home/maclab/Documents/ROS_WORKSPACES/WS_Master_Thesis/install/urdf_launch
[0.628s] DEBUG:colcon.colcon_core.event_handler.log_command:Invoking command in '/home/maclab/Documents/ROS_WORKSPACES/WS_Master_Thesis/src/jsp_uc1/jsp_uc1': PYTHONPATH=/home/maclab/Documents/ROS_WORKSPACES/WS_Master_Thesis/build/jsp_uc1/prefix_override:/usr/lib/python3/dist-packages/colcon_core/task/python/colcon_distutils_commands:/home/maclab/Documents/ROS_WORKSPACES/WS_Master_Thesis/install/jsp_uc1/lib/python3.10/site-packages:${PYTHONPATH} /usr/bin/python3 -W ignore:setup.py install is deprecated -W ignore:easy_install command is deprecated setup.py egg_info --egg-base ../../../build/jsp_uc1 build --build-base /home/maclab/Documents/ROS_WORKSPACES/WS_Master_Thesis/build/jsp_uc1/build install --record /home/maclab/Documents/ROS_WORKSPACES/WS_Master_Thesis/build/jsp_uc1/install.log --single-version-externally-managed install_data
[0.788s] DEBUG:colcon.colcon_core.event_handler.log_command:Invoked command in '/home/maclab/Documents/ROS_WORKSPACES/WS_Master_Thesis/build/urdf_launch' returned '0': CMAKE_PREFIX_PATH=/opt/ros/humble /usr/bin/cmake /home/maclab/Documents/ROS_WORKSPACES/WS_Master_Thesis/src/urdf_launch -DCMAKE_INSTALL_PREFIX=/home/maclab/Documents/ROS_WORKSPACES/WS_Master_Thesis/install/urdf_launch
[0.790s] DEBUG:colcon.colcon_core.event_handler.log_command:Invoking command in '/home/maclab/Documents/ROS_WORKSPACES/WS_Master_Thesis/build/urdf_launch': CMAKE_PREFIX_PATH=/opt/ros/humble /usr/bin/cmake --build /home/maclab/Documents/ROS_WORKSPACES/WS_Master_Thesis/build/urdf_launch -- -j32 -l32
[0.791s] DEBUG:colcon.colcon_core.event_handler.log_command:Invoked command in '/home/maclab/Documents/ROS_WORKSPACES/WS_Master_Thesis/src/jsp_uc1/jsp_uc1' returned '0': PYTHONPATH=/home/maclab/Documents/ROS_WORKSPACES/WS_Master_Thesis/build/jsp_uc1/prefix_override:/usr/lib/python3/dist-packages/colcon_core/task/python/colcon_distutils_commands:/home/maclab/Documents/ROS_WORKSPACES/WS_Master_Thesis/install/jsp_uc1/lib/python3.10/site-packages:${PYTHONPATH} /usr/bin/python3 -W ignore:setup.py install is deprecated -W ignore:easy_install command is deprecated setup.py egg_info --egg-base ../../../build/jsp_uc1 build --build-base /home/maclab/Documents/ROS_WORKSPACES/WS_Master_Thesis/build/jsp_uc1/build install --record /home/maclab/Documents/ROS_WORKSPACES/WS_Master_Thesis/build/jsp_uc1/install.log --single-version-externally-managed install_data
[0.795s] Level 1:colcon.colcon_core.environment:checking '/home/maclab/Documents/ROS_WORKSPACES/WS_Master_Thesis/install/jsp_uc1' for CMake module files
[0.795s] Level 1:colcon.colcon_core.environment:checking '/home/maclab/Documents/ROS_WORKSPACES/WS_Master_Thesis/install/jsp_uc1' for CMake config files
[0.796s] Level 1:colcon.colcon_core.environment:checking '/home/maclab/Documents/ROS_WORKSPACES/WS_Master_Thesis/install/jsp_uc1/lib'
[0.796s] Level 1:colcon.colcon_core.environment:checking '/home/maclab/Documents/ROS_WORKSPACES/WS_Master_Thesis/install/jsp_uc1/bin'
[0.796s] Level 1:colcon.colcon_core.environment:checking '/home/maclab/Documents/ROS_WORKSPACES/WS_Master_Thesis/install/jsp_uc1/lib/pkgconfig/jsp_uc1.pc'
[0.796s] Level 1:colcon.colcon_core.environment:checking '/home/maclab/Documents/ROS_WORKSPACES/WS_Master_Thesis/install/jsp_uc1/lib/python3.10/site-packages'
[0.796s] Level 1:colcon.colcon_core.shell:create_environment_hook('jsp_uc1', 'pythonpath')
[0.797s] INFO:colcon.colcon_core.shell:Creating environment hook '/home/maclab/Documents/ROS_WORKSPACES/WS_Master_Thesis/install/jsp_uc1/share/jsp_uc1/hook/pythonpath.ps1'
[0.797s] INFO:colcon.colcon_core.shell:Creating environment descriptor '/home/maclab/Documents/ROS_WORKSPACES/WS_Master_Thesis/install/jsp_uc1/share/jsp_uc1/hook/pythonpath.dsv'
[0.797s] INFO:colcon.colcon_core.shell:Creating environment hook '/home/maclab/Documents/ROS_WORKSPACES/WS_Master_Thesis/install/jsp_uc1/share/jsp_uc1/hook/pythonpath.sh'
[0.798s] Level 1:colcon.colcon_core.environment:checking '/home/maclab/Documents/ROS_WORKSPACES/WS_Master_Thesis/install/jsp_uc1/bin'
[0.798s] Level 1:colcon.colcon_core.environment:create_environment_scripts_only(jsp_uc1)
[0.798s] INFO:colcon.colcon_core.shell:Creating package script '/home/maclab/Documents/ROS_WORKSPACES/WS_Master_Thesis/install/jsp_uc1/share/jsp_uc1/package.ps1'
[0.799s] INFO:colcon.colcon_core.shell:Creating package descriptor '/home/maclab/Documents/ROS_WORKSPACES/WS_Master_Thesis/install/jsp_uc1/share/jsp_uc1/package.dsv'
[0.799s] INFO:colcon.colcon_core.shell:Creating package script '/home/maclab/Documents/ROS_WORKSPACES/WS_Master_Thesis/install/jsp_uc1/share/jsp_uc1/package.sh'
[0.800s] INFO:colcon.colcon_core.shell:Creating package script '/home/maclab/Documents/ROS_WORKSPACES/WS_Master_Thesis/install/jsp_uc1/share/jsp_uc1/package.bash'
[0.801s] INFO:colcon.colcon_core.shell:Creating package script '/home/maclab/Documents/ROS_WORKSPACES/WS_Master_Thesis/install/jsp_uc1/share/jsp_uc1/package.zsh'
[0.802s] Level 1:colcon.colcon_core.environment:create_file_with_runtime_dependencies(/home/maclab/Documents/ROS_WORKSPACES/WS_Master_Thesis/install/jsp_uc1/share/colcon-core/packages/jsp_uc1)
[0.802s] INFO:colcon.colcon_ros.task.ament_python.build:Building ROS package in '/home/maclab/Documents/ROS_WORKSPACES/WS_Master_Thesis/src/jsp_uc1/jsp_gui_uc1' with build type 'ament_python'
[0.802s] Level 1:colcon.colcon_core.shell:create_environment_hook('jsp_gui_uc1', 'ament_prefix_path')
[0.802s] INFO:colcon.colcon_core.shell:Creating environment hook '/home/maclab/Documents/ROS_WORKSPACES/WS_Master_Thesis/install/jsp_gui_uc1/share/jsp_gui_uc1/hook/ament_prefix_path.ps1'
[0.803s] INFO:colcon.colcon_core.shell:Creating environment descriptor '/home/maclab/Documents/ROS_WORKSPACES/WS_Master_Thesis/install/jsp_gui_uc1/share/jsp_gui_uc1/hook/ament_prefix_path.dsv'
[0.803s] INFO:colcon.colcon_core.shell:Creating environment hook '/home/maclab/Documents/ROS_WORKSPACES/WS_Master_Thesis/install/jsp_gui_uc1/share/jsp_gui_uc1/hook/ament_prefix_path.sh'
[0.803s] INFO:colcon.colcon_core.shell:Skip shell extension 'powershell' for command environment: Not usable outside of PowerShell
[0.803s] DEBUG:colcon.colcon_core.shell:Skip shell extension 'dsv' for command environment
[0.806s] DEBUG:colcon.colcon_core.event_handler.log_command:Invoked command in '/home/maclab/Documents/ROS_WORKSPACES/WS_Master_Thesis/build/kuka_150_3100_description' returned '0': CMAKE_PREFIX_PATH=/opt/ros/humble /usr/bin/cmake /home/maclab/Documents/ROS_WORKSPACES/WS_Master_Thesis/src/kuka_150_3100_description -DCMAKE_INSTALL_PREFIX=/home/maclab/Documents/ROS_WORKSPACES/WS_Master_Thesis/install/kuka_150_3100_description
[0.807s] DEBUG:colcon.colcon_core.event_handler.log_command:Invoking command in '/home/maclab/Documents/ROS_WORKSPACES/WS_Master_Thesis/build/kuka_150_3100_description': CMAKE_PREFIX_PATH=/opt/ros/humble /usr/bin/cmake --build /home/maclab/Documents/ROS_WORKSPACES/WS_Master_Thesis/build/kuka_150_3100_description -- -j32 -l32
[0.808s] DEBUG:colcon.colcon_core.event_handler.log_command:Invoked command in '/home/maclab/Documents/ROS_WORKSPACES/WS_Master_Thesis/build/uc1_robots_description' returned '0': CMAKE_PREFIX_PATH=/opt/ros/humble /usr/bin/cmake /home/maclab/Documents/ROS_WORKSPACES/WS_Master_Thesis/src/uc1_robots_description -DCMAKE_INSTALL_PREFIX=/home/maclab/Documents/ROS_WORKSPACES/WS_Master_Thesis/install/uc1_robots_description
[0.808s] DEBUG:colcon.colcon_core.event_handler.log_command:Invoking command in '/home/maclab/Documents/ROS_WORKSPACES/WS_Master_Thesis/build/uc1_robots_description': CMAKE_PREFIX_PATH=/opt/ros/humble /usr/bin/cmake --build /home/maclab/Documents/ROS_WORKSPACES/WS_Master_Thesis/build/uc1_robots_description -- -j32 -l32
[0.913s] INFO:colcon.colcon_core.task.python.build:Building Python package in '/home/maclab/Documents/ROS_WORKSPACES/WS_Master_Thesis/src/jsp_uc1/jsp_gui_uc1'
[0.913s] INFO:colcon.colcon_core.shell:Skip shell extension 'powershell' for command environment: Not usable outside of PowerShell
[0.913s] DEBUG:colcon.colcon_core.shell:Skip shell extension 'dsv' for command environment
[0.916s] DEBUG:colcon.colcon_core.event_handler.log_command:Invoked command in '/home/maclab/Documents/ROS_WORKSPACES/WS_Master_Thesis/build/urdf_launch' returned '0': CMAKE_PREFIX_PATH=/opt/ros/humble /usr/bin/cmake --build /home/maclab/Documents/ROS_WORKSPACES/WS_Master_Thesis/build/urdf_launch -- -j32 -l32
[0.923s] DEBUG:colcon.colcon_core.event_handler.log_command:Invoking command in '/home/maclab/Documents/ROS_WORKSPACES/WS_Master_Thesis/build/urdf_launch': CMAKE_PREFIX_PATH=/opt/ros/humble /usr/bin/cmake --install /home/maclab/Documents/ROS_WORKSPACES/WS_Master_Thesis/build/urdf_launch
[0.924s] DEBUG:colcon.colcon_core.event_handler.log_command:Invoked command in '/home/maclab/Documents/ROS_WORKSPACES/WS_Master_Thesis/build/kuka_150_3100_description' returned '0': CMAKE_PREFIX_PATH=/opt/ros/humble /usr/bin/cmake --build /home/maclab/Documents/ROS_WORKSPACES/WS_Master_Thesis/build/kuka_150_3100_description -- -j32 -l32
[0.925s] DEBUG:colcon.colcon_core.event_handler.log_command:Invoking command in '/home/maclab/Documents/ROS_WORKSPACES/WS_Master_Thesis/build/kuka_150_3100_description': CMAKE_PREFIX_PATH=/opt/ros/humble /usr/bin/cmake --install /home/maclab/Documents/ROS_WORKSPACES/WS_Master_Thesis/build/kuka_150_3100_description
[0.925s] DEBUG:colcon.colcon_core.event_handler.log_command:Invoked command in '/home/maclab/Documents/ROS_WORKSPACES/WS_Master_Thesis/build/uc1_robots_description' returned '0': CMAKE_PREFIX_PATH=/opt/ros/humble /usr/bin/cmake --build /home/maclab/Documents/ROS_WORKSPACES/WS_Master_Thesis/build/uc1_robots_description -- -j32 -l32
[0.926s] DEBUG:colcon.colcon_core.event_handler.log_command:Invoking command in '/home/maclab/Documents/ROS_WORKSPACES/WS_Master_Thesis/build/uc1_robots_description': CMAKE_PREFIX_PATH=/opt/ros/humble /usr/bin/cmake --install /home/maclab/Documents/ROS_WORKSPACES/WS_Master_Thesis/build/uc1_robots_description
[0.927s] DEBUG:colcon.colcon_core.event_handler.log_command:Invoked command in '/home/maclab/Documents/ROS_WORKSPACES/WS_Master_Thesis/build/kuka_resources' returned '0': CMAKE_PREFIX_PATH=/opt/ros/humble /usr/bin/cmake /home/maclab/Documents/ROS_WORKSPACES/WS_Master_Thesis/src/kuka_resources -DCMAKE_INSTALL_PREFIX=/home/maclab/Documents/ROS_WORKSPACES/WS_Master_Thesis/install/kuka_resources
[0.927s] DEBUG:colcon.colcon_core.event_handler.log_command:Invoking command in '/home/maclab/Documents/ROS_WORKSPACES/WS_Master_Thesis/build/kuka_resources': CMAKE_PREFIX_PATH=/opt/ros/humble /usr/bin/cmake --build /home/maclab/Documents/ROS_WORKSPACES/WS_Master_Thesis/build/kuka_resources -- -j32 -l32
[0.934s] Level 1:colcon.colcon_core.environment:create_environment_scripts_only(urdf_launch)
[0.934s] Level 1:colcon.colcon_core.environment:checking '/home/maclab/Documents/ROS_WORKSPACES/WS_Master_Thesis/install/urdf_launch' for CMake module files
[0.935s] DEBUG:colcon.colcon_core.event_handler.log_command:Invoked command in '/home/maclab/Documents/ROS_WORKSPACES/WS_Master_Thesis/build/urdf_launch' returned '0': CMAKE_PREFIX_PATH=/opt/ros/humble /usr/bin/cmake --install /home/maclab/Documents/ROS_WORKSPACES/WS_Master_Thesis/build/urdf_launch
[0.936s] Level 1:colcon.colcon_core.environment:checking '/home/maclab/Documents/ROS_WORKSPACES/WS_Master_Thesis/install/urdf_launch' for CMake config files
[0.936s] Level 1:colcon.colcon_core.shell:create_environment_hook('urdf_launch', 'cmake_prefix_path')
[0.936s] INFO:colcon.colcon_core.shell:Creating environment hook '/home/maclab/Documents/ROS_WORKSPACES/WS_Master_Thesis/install/urdf_launch/share/urdf_launch/hook/cmake_prefix_path.ps1'
[0.936s] INFO:colcon.colcon_core.shell:Creating environment descriptor '/home/maclab/Documents/ROS_WORKSPACES/WS_Master_Thesis/install/urdf_launch/share/urdf_launch/hook/cmake_prefix_path.dsv'
[0.937s] INFO:colcon.colcon_core.shell:Creating environment hook '/home/maclab/Documents/ROS_WORKSPACES/WS_Master_Thesis/install/urdf_launch/share/urdf_launch/hook/cmake_prefix_path.sh'
[0.937s] Level 1:colcon.colcon_core.environment:checking '/home/maclab/Documents/ROS_WORKSPACES/WS_Master_Thesis/install/urdf_launch/bin'
[0.937s] Level 1:colcon.colcon_core.environment:checking '/home/maclab/Documents/ROS_WORKSPACES/WS_Master_Thesis/install/urdf_launch/lib/pkgconfig/urdf_launch.pc'
[0.937s] Level 1:colcon.colcon_core.environment:checking '/home/maclab/Documents/ROS_WORKSPACES/WS_Master_Thesis/install/urdf_launch/lib/python3.10/site-packages'
[0.937s] Level 1:colcon.colcon_core.environment:checking '/home/maclab/Documents/ROS_WORKSPACES/WS_Master_Thesis/install/urdf_launch/bin'
[0.937s] INFO:colcon.colcon_core.shell:Creating package script '/home/maclab/Documents/ROS_WORKSPACES/WS_Master_Thesis/install/urdf_launch/share/urdf_launch/package.ps1'
[0.938s] INFO:colcon.colcon_core.shell:Creating package descriptor '/home/maclab/Documents/ROS_WORKSPACES/WS_Master_Thesis/install/urdf_launch/share/urdf_launch/package.dsv'
[0.938s] INFO:colcon.colcon_core.shell:Creating package script '/home/maclab/Documents/ROS_WORKSPACES/WS_Master_Thesis/install/urdf_launch/share/urdf_launch/package.sh'
[0.938s] INFO:colcon.colcon_core.shell:Creating package script '/home/maclab/Documents/ROS_WORKSPACES/WS_Master_Thesis/install/urdf_launch/share/urdf_launch/package.bash'
[0.938s] INFO:colcon.colcon_core.shell:Creating package script '/home/maclab/Documents/ROS_WORKSPACES/WS_Master_Thesis/install/urdf_launch/share/urdf_launch/package.zsh'
[0.938s] Level 1:colcon.colcon_core.environment:create_file_with_runtime_dependencies(/home/maclab/Documents/ROS_WORKSPACES/WS_Master_Thesis/install/urdf_launch/share/colcon-core/packages/urdf_launch)
[0.938s] Level 1:colcon.colcon_core.environment:create_environment_scripts_only(urdf_launch)
[0.938s] Level 1:colcon.colcon_core.environment:checking '/home/maclab/Documents/ROS_WORKSPACES/WS_Master_Thesis/install/urdf_launch' for CMake module files
[0.939s] Level 1:colcon.colcon_core.environment:checking '/home/maclab/Documents/ROS_WORKSPACES/WS_Master_Thesis/install/urdf_launch' for CMake config files
[0.939s] Level 1:colcon.colcon_core.shell:create_environment_hook('urdf_launch', 'cmake_prefix_path')
[0.939s] INFO:colcon.colcon_core.shell:Creating environment hook '/home/maclab/Documents/ROS_WORKSPACES/WS_Master_Thesis/install/urdf_launch/share/urdf_launch/hook/cmake_prefix_path.ps1'
[0.939s] INFO:colcon.colcon_core.shell:Creating environment descriptor '/home/maclab/Documents/ROS_WORKSPACES/WS_Master_Thesis/install/urdf_launch/share/urdf_launch/hook/cmake_prefix_path.dsv'
[0.939s] INFO:colcon.colcon_core.shell:Creating environment hook '/home/maclab/Documents/ROS_WORKSPACES/WS_Master_Thesis/install/urdf_launch/share/urdf_launch/hook/cmake_prefix_path.sh'
[0.939s] Level 1:colcon.colcon_core.environment:checking '/home/maclab/Documents/ROS_WORKSPACES/WS_Master_Thesis/install/urdf_launch/bin'
[0.939s] Level 1:colcon.colcon_core.environment:checking '/home/maclab/Documents/ROS_WORKSPACES/WS_Master_Thesis/install/urdf_launch/lib/pkgconfig/urdf_launch.pc'
[0.939s] Level 1:colcon.colcon_core.environment:checking '/home/maclab/Documents/ROS_WORKSPACES/WS_Master_Thesis/install/urdf_launch/lib/python3.10/site-packages'
[0.940s] Level 1:colcon.colcon_core.environment:checking '/home/maclab/Documents/ROS_WORKSPACES/WS_Master_Thesis/install/urdf_launch/bin'
[0.940s] INFO:colcon.colcon_core.shell:Creating package script '/home/maclab/Documents/ROS_WORKSPACES/WS_Master_Thesis/install/urdf_launch/share/urdf_launch/package.ps1'
[0.940s] INFO:colcon.colcon_core.shell:Creating package descriptor '/home/maclab/Documents/ROS_WORKSPACES/WS_Master_Thesis/install/urdf_launch/share/urdf_launch/package.dsv'
[0.941s] INFO:colcon.colcon_core.shell:Creating package script '/home/maclab/Documents/ROS_WORKSPACES/WS_Master_Thesis/install/urdf_launch/share/urdf_launch/package.sh'
[0.941s] INFO:colcon.colcon_core.shell:Creating package script '/home/maclab/Documents/ROS_WORKSPACES/WS_Master_Thesis/install/urdf_launch/share/urdf_launch/package.bash'
[0.942s] INFO:colcon.colcon_core.shell:Creating package script '/home/maclab/Documents/ROS_WORKSPACES/WS_Master_Thesis/install/urdf_launch/share/urdf_launch/package.zsh'
[0.942s] Level 1:colcon.colcon_core.environment:create_file_with_runtime_dependencies(/home/maclab/Documents/ROS_WORKSPACES/WS_Master_Thesis/install/urdf_launch/share/colcon-core/packages/urdf_launch)
[0.943s] Level 1:colcon.colcon_core.environment:create_environment_scripts_only(kuka_150_3100_description)
[0.943s] Level 1:colcon.colcon_core.environment:checking '/home/maclab/Documents/ROS_WORKSPACES/WS_Master_Thesis/install/kuka_150_3100_description' for CMake module files
[0.944s] DEBUG:colcon.colcon_core.event_handler.log_command:Invoked command in '/home/maclab/Documents/ROS_WORKSPACES/WS_Master_Thesis/build/kuka_150_3100_description' returned '0': CMAKE_PREFIX_PATH=/opt/ros/humble /usr/bin/cmake --install /home/maclab/Documents/ROS_WORKSPACES/WS_Master_Thesis/build/kuka_150_3100_description
[0.944s] Level 1:colcon.colcon_core.environment:checking '/home/maclab/Documents/ROS_WORKSPACES/WS_Master_Thesis/install/kuka_150_3100_description' for CMake config files
[0.944s] Level 1:colcon.colcon_core.shell:create_environment_hook('kuka_150_3100_description', 'cmake_prefix_path')
[0.944s] INFO:colcon.colcon_core.shell:Creating environment hook '/home/maclab/Documents/ROS_WORKSPACES/WS_Master_Thesis/install/kuka_150_3100_description/share/kuka_150_3100_description/hook/cmake_prefix_path.ps1'
[0.945s] INFO:colcon.colcon_core.shell:Creating environment descriptor '/home/maclab/Documents/ROS_WORKSPACES/WS_Master_Thesis/install/kuka_150_3100_description/share/kuka_150_3100_description/hook/cmake_prefix_path.dsv'
[0.945s] INFO:colcon.colcon_core.shell:Creating environment hook '/home/maclab/Documents/ROS_WORKSPACES/WS_Master_Thesis/install/kuka_150_3100_description/share/kuka_150_3100_description/hook/cmake_prefix_path.sh'
[0.945s] Level 1:colcon.colcon_core.environment:checking '/home/maclab/Documents/ROS_WORKSPACES/WS_Master_Thesis/install/kuka_150_3100_description/bin'
[0.945s] Level 1:colcon.colcon_core.environment:checking '/home/maclab/Documents/ROS_WORKSPACES/WS_Master_Thesis/install/kuka_150_3100_description/lib/pkgconfig/kuka_150_3100_description.pc'
[0.946s] Level 1:colcon.colcon_core.environment:checking '/home/maclab/Documents/ROS_WORKSPACES/WS_Master_Thesis/install/kuka_150_3100_description/lib/python3.10/site-packages'
[0.946s] Level 1:colcon.colcon_core.environment:checking '/home/maclab/Documents/ROS_WORKSPACES/WS_Master_Thesis/install/kuka_150_3100_description/bin'
[0.946s] INFO:colcon.colcon_core.shell:Creating package script '/home/maclab/Documents/ROS_WORKSPACES/WS_Master_Thesis/install/kuka_150_3100_description/share/kuka_150_3100_description/package.ps1'
[0.946s] INFO:colcon.colcon_core.shell:Creating package descriptor '/home/maclab/Documents/ROS_WORKSPACES/WS_Master_Thesis/install/kuka_150_3100_description/share/kuka_150_3100_description/package.dsv'
[0.947s] INFO:colcon.colcon_core.shell:Creating package script '/home/maclab/Documents/ROS_WORKSPACES/WS_Master_Thesis/install/kuka_150_3100_description/share/kuka_150_3100_description/package.sh'
[0.947s] INFO:colcon.colcon_core.shell:Creating package script '/home/maclab/Documents/ROS_WORKSPACES/WS_Master_Thesis/install/kuka_150_3100_description/share/kuka_150_3100_description/package.bash'
[0.947s] INFO:colcon.colcon_core.shell:Creating package script '/home/maclab/Documents/ROS_WORKSPACES/WS_Master_Thesis/install/kuka_150_3100_description/share/kuka_150_3100_description/package.zsh'
[0.948s] Level 1:colcon.colcon_core.environment:create_file_with_runtime_dependencies(/home/maclab/Documents/ROS_WORKSPACES/WS_Master_Thesis/install/kuka_150_3100_description/share/colcon-core/packages/kuka_150_3100_description)
[0.949s] Level 1:colcon.colcon_core.environment:create_environment_scripts_only(kuka_150_3100_description)
[0.949s] Level 1:colcon.colcon_core.environment:checking '/home/maclab/Documents/ROS_WORKSPACES/WS_Master_Thesis/install/kuka_150_3100_description' for CMake module files
[0.949s] Level 1:colcon.colcon_core.environment:checking '/home/maclab/Documents/ROS_WORKSPACES/WS_Master_Thesis/install/kuka_150_3100_description' for CMake config files
[0.949s] Level 1:colcon.colcon_core.shell:create_environment_hook('kuka_150_3100_description', 'cmake_prefix_path')
[0.950s] INFO:colcon.colcon_core.shell:Creating environment hook '/home/maclab/Documents/ROS_WORKSPACES/WS_Master_Thesis/install/kuka_150_3100_description/share/kuka_150_3100_description/hook/cmake_prefix_path.ps1'
[0.950s] INFO:colcon.colcon_core.shell:Creating environment descriptor '/home/maclab/Documents/ROS_WORKSPACES/WS_Master_Thesis/install/kuka_150_3100_description/share/kuka_150_3100_description/hook/cmake_prefix_path.dsv'
[0.950s] INFO:colcon.colcon_core.shell:Creating environment hook '/home/maclab/Documents/ROS_WORKSPACES/WS_Master_Thesis/install/kuka_150_3100_description/share/kuka_150_3100_description/hook/cmake_prefix_path.sh'
[0.951s] Level 1:colcon.colcon_core.environment:checking '/home/maclab/Documents/ROS_WORKSPACES/WS_Master_Thesis/install/kuka_150_3100_description/bin'
[0.951s] Level 1:colcon.colcon_core.environment:checking '/home/maclab/Documents/ROS_WORKSPACES/WS_Master_Thesis/install/kuka_150_3100_description/lib/pkgconfig/kuka_150_3100_description.pc'
[0.951s] Level 1:colcon.colcon_core.environment:checking '/home/maclab/Documents/ROS_WORKSPACES/WS_Master_Thesis/install/kuka_150_3100_description/lib/python3.10/site-packages'
[0.951s] Level 1:colcon.colcon_core.environment:checking '/home/maclab/Documents/ROS_WORKSPACES/WS_Master_Thesis/install/kuka_150_3100_description/bin'
[0.952s] INFO:colcon.colcon_core.shell:Creating package script '/home/maclab/Documents/ROS_WORKSPACES/WS_Master_Thesis/install/kuka_150_3100_description/share/kuka_150_3100_description/package.ps1'
[0.953s] INFO:colcon.colcon_core.shell:Creating package descriptor '/home/maclab/Documents/ROS_WORKSPACES/WS_Master_Thesis/install/kuka_150_3100_description/share/kuka_150_3100_description/package.dsv'
[0.953s] INFO:colcon.colcon_core.shell:Creating package script '/home/maclab/Documents/ROS_WORKSPACES/WS_Master_Thesis/install/kuka_150_3100_description/share/kuka_150_3100_description/package.sh'
[0.954s] INFO:colcon.colcon_core.shell:Creating package script '/home/maclab/Documents/ROS_WORKSPACES/WS_Master_Thesis/install/kuka_150_3100_description/share/kuka_150_3100_description/package.bash'
[0.954s] INFO:colcon.colcon_core.shell:Creating package script '/home/maclab/Documents/ROS_WORKSPACES/WS_Master_Thesis/install/kuka_150_3100_description/share/kuka_150_3100_description/package.zsh'
[0.955s] Level 1:colcon.colcon_core.environment:create_file_with_runtime_dependencies(/home/maclab/Documents/ROS_WORKSPACES/WS_Master_Thesis/install/kuka_150_3100_description/share/colcon-core/packages/kuka_150_3100_description)
[0.957s] DEBUG:colcon.colcon_core.event_handler.log_command:Invoked command in '/home/maclab/Documents/ROS_WORKSPACES/WS_Master_Thesis/build/kuka_resources' returned '0': CMAKE_PREFIX_PATH=/opt/ros/humble /usr/bin/cmake --build /home/maclab/Documents/ROS_WORKSPACES/WS_Master_Thesis/build/kuka_resources -- -j32 -l32
[0.958s] DEBUG:colcon.colcon_core.event_handler.log_command:Invoking command in '/home/maclab/Documents/ROS_WORKSPACES/WS_Master_Thesis/build/kuka_resources': CMAKE_PREFIX_PATH=/opt/ros/humble /usr/bin/cmake --install /home/maclab/Documents/ROS_WORKSPACES/WS_Master_Thesis/build/kuka_resources
[0.959s] Level 1:colcon.colcon_core.environment:create_environment_scripts_only(uc1_robots_description)
[0.959s] Level 1:colcon.colcon_core.environment:checking '/home/maclab/Documents/ROS_WORKSPACES/WS_Master_Thesis/install/uc1_robots_description' for CMake module files
[0.959s] DEBUG:colcon.colcon_core.event_handler.log_command:Invoked command in '/home/maclab/Documents/ROS_WORKSPACES/WS_Master_Thesis/build/uc1_robots_description' returned '0': CMAKE_PREFIX_PATH=/opt/ros/humble /usr/bin/cmake --install /home/maclab/Documents/ROS_WORKSPACES/WS_Master_Thesis/build/uc1_robots_description
[0.960s] Level 1:colcon.colcon_core.environment:checking '/home/maclab/Documents/ROS_WORKSPACES/WS_Master_Thesis/install/uc1_robots_description' for CMake config files
[0.960s] Level 1:colcon.colcon_core.shell:create_environment_hook('uc1_robots_description', 'cmake_prefix_path')
[0.960s] INFO:colcon.colcon_core.shell:Creating environment hook '/home/maclab/Documents/ROS_WORKSPACES/WS_Master_Thesis/install/uc1_robots_description/share/uc1_robots_description/hook/cmake_prefix_path.ps1'
[0.960s] INFO:colcon.colcon_core.shell:Creating environment descriptor '/home/maclab/Documents/ROS_WORKSPACES/WS_Master_Thesis/install/uc1_robots_description/share/uc1_robots_description/hook/cmake_prefix_path.dsv'
[0.960s] INFO:colcon.colcon_core.shell:Creating environment hook '/home/maclab/Documents/ROS_WORKSPACES/WS_Master_Thesis/install/uc1_robots_description/share/uc1_robots_description/hook/cmake_prefix_path.sh'
[0.961s] Level 1:colcon.colcon_core.environment:checking '/home/maclab/Documents/ROS_WORKSPACES/WS_Master_Thesis/install/uc1_robots_description/bin'
[0.961s] Level 1:colcon.colcon_core.environment:checking '/home/maclab/Documents/ROS_WORKSPACES/WS_Master_Thesis/install/uc1_robots_description/lib/pkgconfig/uc1_robots_description.pc'
[0.961s] Level 1:colcon.colcon_core.environment:checking '/home/maclab/Documents/ROS_WORKSPACES/WS_Master_Thesis/install/uc1_robots_description/lib/python3.10/site-packages'
[0.961s] Level 1:colcon.colcon_core.environment:checking '/home/maclab/Documents/ROS_WORKSPACES/WS_Master_Thesis/install/uc1_robots_description/bin'
[0.961s] INFO:colcon.colcon_core.shell:Creating package script '/home/maclab/Documents/ROS_WORKSPACES/WS_Master_Thesis/install/uc1_robots_description/share/uc1_robots_description/package.ps1'
[0.961s] INFO:colcon.colcon_core.shell:Creating package descriptor '/home/maclab/Documents/ROS_WORKSPACES/WS_Master_Thesis/install/uc1_robots_description/share/uc1_robots_description/package.dsv'
[0.961s] INFO:colcon.colcon_core.shell:Creating package script '/home/maclab/Documents/ROS_WORKSPACES/WS_Master_Thesis/install/uc1_robots_description/share/uc1_robots_description/package.sh'
[0.962s] INFO:colcon.colcon_core.shell:Creating package script '/home/maclab/Documents/ROS_WORKSPACES/WS_Master_Thesis/install/uc1_robots_description/share/uc1_robots_description/package.bash'
[0.962s] INFO:colcon.colcon_core.shell:Creating package script '/home/maclab/Documents/ROS_WORKSPACES/WS_Master_Thesis/install/uc1_robots_description/share/uc1_robots_description/package.zsh'
[0.962s] Level 1:colcon.colcon_core.environment:create_file_with_runtime_dependencies(/home/maclab/Documents/ROS_WORKSPACES/WS_Master_Thesis/install/uc1_robots_description/share/colcon-core/packages/uc1_robots_description)
[0.962s] Level 1:colcon.colcon_core.environment:create_environment_scripts_only(uc1_robots_description)
[0.963s] Level 1:colcon.colcon_core.environment:checking '/home/maclab/Documents/ROS_WORKSPACES/WS_Master_Thesis/install/uc1_robots_description' for CMake module files
[0.963s] Level 1:colcon.colcon_core.environment:checking '/home/maclab/Documents/ROS_WORKSPACES/WS_Master_Thesis/install/uc1_robots_description' for CMake config files
[0.963s] Level 1:colcon.colcon_core.shell:create_environment_hook('uc1_robots_description', 'cmake_prefix_path')
[0.963s] INFO:colcon.colcon_core.shell:Creating environment hook '/home/maclab/Documents/ROS_WORKSPACES/WS_Master_Thesis/install/uc1_robots_description/share/uc1_robots_description/hook/cmake_prefix_path.ps1'
[0.964s] INFO:colcon.colcon_core.shell:Creating environment descriptor '/home/maclab/Documents/ROS_WORKSPACES/WS_Master_Thesis/install/uc1_robots_description/share/uc1_robots_description/hook/cmake_prefix_path.dsv'
[0.965s] INFO:colcon.colcon_core.shell:Creating environment hook '/home/maclab/Documents/ROS_WORKSPACES/WS_Master_Thesis/install/uc1_robots_description/share/uc1_robots_description/hook/cmake_prefix_path.sh'
[0.966s] Level 1:colcon.colcon_core.environment:checking '/home/maclab/Documents/ROS_WORKSPACES/WS_Master_Thesis/install/uc1_robots_description/bin'
[0.966s] Level 1:colcon.colcon_core.environment:checking '/home/maclab/Documents/ROS_WORKSPACES/WS_Master_Thesis/install/uc1_robots_description/lib/pkgconfig/uc1_robots_description.pc'
[0.966s] Level 1:colcon.colcon_core.environment:checking '/home/maclab/Documents/ROS_WORKSPACES/WS_Master_Thesis/install/uc1_robots_description/lib/python3.10/site-packages'
[0.966s] Level 1:colcon.colcon_core.environment:checking '/home/maclab/Documents/ROS_WORKSPACES/WS_Master_Thesis/install/uc1_robots_description/bin'
[0.967s] INFO:colcon.colcon_core.shell:Creating package script '/home/maclab/Documents/ROS_WORKSPACES/WS_Master_Thesis/install/uc1_robots_description/share/uc1_robots_description/package.ps1'
[0.967s] INFO:colcon.colcon_core.shell:Creating package descriptor '/home/maclab/Documents/ROS_WORKSPACES/WS_Master_Thesis/install/uc1_robots_description/share/uc1_robots_description/package.dsv'
[0.968s] INFO:colcon.colcon_core.shell:Creating package script '/home/maclab/Documents/ROS_WORKSPACES/WS_Master_Thesis/install/uc1_robots_description/share/uc1_robots_description/package.sh'
[0.968s] INFO:colcon.colcon_core.shell:Creating package script '/home/maclab/Documents/ROS_WORKSPACES/WS_Master_Thesis/install/uc1_robots_description/share/uc1_robots_description/package.bash'
[0.968s] INFO:colcon.colcon_core.shell:Creating package script '/home/maclab/Documents/ROS_WORKSPACES/WS_Master_Thesis/install/uc1_robots_description/share/uc1_robots_description/package.zsh'
[0.969s] Level 1:colcon.colcon_core.environment:create_file_with_runtime_dependencies(/home/maclab/Documents/ROS_WORKSPACES/WS_Master_Thesis/install/uc1_robots_description/share/colcon-core/packages/uc1_robots_description)
[0.969s] Level 1:colcon.colcon_core.environment:create_environment_scripts_only(kuka_resources)
[0.970s] Level 1:colcon.colcon_core.environment:checking '/home/maclab/Documents/ROS_WORKSPACES/WS_Master_Thesis/install/kuka_resources' for CMake module files
[0.970s] DEBUG:colcon.colcon_core.event_handler.log_command:Invoked command in '/home/maclab/Documents/ROS_WORKSPACES/WS_Master_Thesis/build/kuka_resources' returned '0': CMAKE_PREFIX_PATH=/opt/ros/humble /usr/bin/cmake --install /home/maclab/Documents/ROS_WORKSPACES/WS_Master_Thesis/build/kuka_resources
[0.971s] Level 1:colcon.colcon_core.environment:checking '/home/maclab/Documents/ROS_WORKSPACES/WS_Master_Thesis/install/kuka_resources' for CMake config files
[0.971s] Level 1:colcon.colcon_core.shell:create_environment_hook('kuka_resources', 'cmake_prefix_path')
[0.971s] INFO:colcon.colcon_core.shell:Creating environment hook '/home/maclab/Documents/ROS_WORKSPACES/WS_Master_Thesis/install/kuka_resources/share/kuka_resources/hook/cmake_prefix_path.ps1'
[0.971s] INFO:colcon.colcon_core.shell:Creating environment descriptor '/home/maclab/Documents/ROS_WORKSPACES/WS_Master_Thesis/install/kuka_resources/share/kuka_resources/hook/cmake_prefix_path.dsv'
[0.971s] INFO:colcon.colcon_core.shell:Creating environment hook '/home/maclab/Documents/ROS_WORKSPACES/WS_Master_Thesis/install/kuka_resources/share/kuka_resources/hook/cmake_prefix_path.sh'
[0.972s] Level 1:colcon.colcon_core.environment:checking '/home/maclab/Documents/ROS_WORKSPACES/WS_Master_Thesis/install/kuka_resources/bin'
[0.972s] Level 1:colcon.colcon_core.environment:checking '/home/maclab/Documents/ROS_WORKSPACES/WS_Master_Thesis/install/kuka_resources/lib/pkgconfig/kuka_resources.pc'
[0.972s] Level 1:colcon.colcon_core.environment:checking '/home/maclab/Documents/ROS_WORKSPACES/WS_Master_Thesis/install/kuka_resources/lib/python3.10/site-packages'
[0.972s] Level 1:colcon.colcon_core.environment:checking '/home/maclab/Documents/ROS_WORKSPACES/WS_Master_Thesis/install/kuka_resources/bin'
[0.973s] INFO:colcon.colcon_core.shell:Creating package script '/home/maclab/Documents/ROS_WORKSPACES/WS_Master_Thesis/install/kuka_resources/share/kuka_resources/package.ps1'
[0.973s] INFO:colcon.colcon_core.shell:Creating package descriptor '/home/maclab/Documents/ROS_WORKSPACES/WS_Master_Thesis/install/kuka_resources/share/kuka_resources/package.dsv'
[0.973s] INFO:colcon.colcon_core.shell:Creating package script '/home/maclab/Documents/ROS_WORKSPACES/WS_Master_Thesis/install/kuka_resources/share/kuka_resources/package.sh'
[0.973s] INFO:colcon.colcon_core.shell:Creating package script '/home/maclab/Documents/ROS_WORKSPACES/WS_Master_Thesis/install/kuka_resources/share/kuka_resources/package.bash'
[0.973s] INFO:colcon.colcon_core.shell:Creating package script '/home/maclab/Documents/ROS_WORKSPACES/WS_Master_Thesis/install/kuka_resources/share/kuka_resources/package.zsh'
[0.973s] Level 1:colcon.colcon_core.environment:create_file_with_runtime_dependencies(/home/maclab/Documents/ROS_WORKSPACES/WS_Master_Thesis/install/kuka_resources/share/colcon-core/packages/kuka_resources)
[0.974s] Level 1:colcon.colcon_core.environment:create_environment_scripts_only(kuka_resources)
[0.974s] Level 1:colcon.colcon_core.environment:checking '/home/maclab/Documents/ROS_WORKSPACES/WS_Master_Thesis/install/kuka_resources' for CMake module files
[0.974s] Level 1:colcon.colcon_core.environment:checking '/home/maclab/Documents/ROS_WORKSPACES/WS_Master_Thesis/install/kuka_resources' for CMake config files
[0.974s] Level 1:colcon.colcon_core.shell:create_environment_hook('kuka_resources', 'cmake_prefix_path')
[0.974s] INFO:colcon.colcon_core.shell:Creating environment hook '/home/maclab/Documents/ROS_WORKSPACES/WS_Master_Thesis/install/kuka_resources/share/kuka_resources/hook/cmake_prefix_path.ps1'
[0.974s] INFO:colcon.colcon_core.shell:Creating environment descriptor '/home/maclab/Documents/ROS_WORKSPACES/WS_Master_Thesis/install/kuka_resources/share/kuka_resources/hook/cmake_prefix_path.dsv'
[0.974s] INFO:colcon.colcon_core.shell:Creating environment hook '/home/maclab/Documents/ROS_WORKSPACES/WS_Master_Thesis/install/kuka_resources/share/kuka_resources/hook/cmake_prefix_path.sh'
[0.975s] Level 1:colcon.colcon_core.environment:checking '/home/maclab/Documents/ROS_WORKSPACES/WS_Master_Thesis/install/kuka_resources/bin'
[0.975s] Level 1:colcon.colcon_core.environment:checking '/home/maclab/Documents/ROS_WORKSPACES/WS_Master_Thesis/install/kuka_resources/lib/pkgconfig/kuka_resources.pc'
[0.975s] Level 1:colcon.colcon_core.environment:checking '/home/maclab/Documents/ROS_WORKSPACES/WS_Master_Thesis/install/kuka_resources/lib/python3.10/site-packages'
[0.975s] Level 1:colcon.colcon_core.environment:checking '/home/maclab/Documents/ROS_WORKSPACES/WS_Master_Thesis/install/kuka_resources/bin'
[0.975s] INFO:colcon.colcon_core.shell:Creating package script '/home/maclab/Documents/ROS_WORKSPACES/WS_Master_Thesis/install/kuka_resources/share/kuka_resources/package.ps1'
[0.975s] INFO:colcon.colcon_core.shell:Creating package descriptor '/home/maclab/Documents/ROS_WORKSPACES/WS_Master_Thesis/install/kuka_resources/share/kuka_resources/package.dsv'
[0.975s] INFO:colcon.colcon_core.shell:Creating package script '/home/maclab/Documents/ROS_WORKSPACES/WS_Master_Thesis/install/kuka_resources/share/kuka_resources/package.sh'
[0.976s] INFO:colcon.colcon_core.shell:Creating package script '/home/maclab/Documents/ROS_WORKSPACES/WS_Master_Thesis/install/kuka_resources/share/kuka_resources/package.bash'
[0.976s] INFO:colcon.colcon_core.shell:Creating package script '/home/maclab/Documents/ROS_WORKSPACES/WS_Master_Thesis/install/kuka_resources/share/kuka_resources/package.zsh'
[0.976s] Level 1:colcon.colcon_core.environment:create_file_with_runtime_dependencies(/home/maclab/Documents/ROS_WORKSPACES/WS_Master_Thesis/install/kuka_resources/share/colcon-core/packages/kuka_resources)
[0.976s] INFO:colcon.colcon_ros.task.ament_cmake.build:Building ROS package in '/home/maclab/Documents/ROS_WORKSPACES/WS_Master_Thesis/src/kuka_quantec_support' with build type 'ament_cmake'
[0.976s] INFO:colcon.colcon_cmake.task.cmake.build:Building CMake package in '/home/maclab/Documents/ROS_WORKSPACES/WS_Master_Thesis/src/kuka_quantec_support'
[0.976s] INFO:colcon.colcon_core.shell:Skip shell extension 'powershell' for command environment: Not usable outside of PowerShell
[0.976s] DEBUG:colcon.colcon_core.shell:Skip shell extension 'dsv' for command environment
[0.981s] DEBUG:colcon.colcon_core.event_handler.log_command:Invoking command in '/home/maclab/Documents/ROS_WORKSPACES/WS_Master_Thesis/build/kuka_quantec_support': AMENT_PREFIX_PATH=/home/maclab/Documents/ROS_WORKSPACES/WS_Master_Thesis/install/kuka_resources:${AMENT_PREFIX_PATH} CMAKE_PREFIX_PATH=/home/maclab/Documents/ROS_WORKSPACES/WS_Master_Thesis/install/kuka_resources:/opt/ros/humble /usr/bin/cmake /home/maclab/Documents/ROS_WORKSPACES/WS_Master_Thesis/src/kuka_quantec_support -DCMAKE_INSTALL_PREFIX=/home/maclab/Documents/ROS_WORKSPACES/WS_Master_Thesis/install/kuka_quantec_support
[1.083s] DEBUG:colcon.colcon_core.event_handler.log_command:Invoking command in '/home/maclab/Documents/ROS_WORKSPACES/WS_Master_Thesis/src/jsp_uc1/jsp_gui_uc1': AMENT_PREFIX_PATH=/home/maclab/Documents/ROS_WORKSPACES/WS_Master_Thesis/install/jsp_uc1:${AMENT_PREFIX_PATH} PYTHONPATH=/home/maclab/Documents/ROS_WORKSPACES/WS_Master_Thesis/build/jsp_gui_uc1/prefix_override:/usr/lib/python3/dist-packages/colcon_core/task/python/colcon_distutils_commands:/home/maclab/Documents/ROS_WORKSPACES/WS_Master_Thesis/install/jsp_gui_uc1/lib/python3.10/site-packages:/home/maclab/Documents/ROS_WORKSPACES/WS_Master_Thesis/install/jsp_uc1/lib/python3.10/site-packages:${PYTHONPATH} /usr/bin/python3 -W ignore:setup.py install is deprecated -W ignore:easy_install command is deprecated setup.py egg_info --egg-base ../../../build/jsp_gui_uc1 build --build-base /home/maclab/Documents/ROS_WORKSPACES/WS_Master_Thesis/build/jsp_gui_uc1/build install --record /home/maclab/Documents/ROS_WORKSPACES/WS_Master_Thesis/build/jsp_gui_uc1/install.log --single-version-externally-managed install_data
[1.085s] DEBUG:colcon.colcon_core.event_handler.log_command:Invoked command in '/home/maclab/Documents/ROS_WORKSPACES/WS_Master_Thesis/build/keyboard_publisher_pkg' returned '0': CMAKE_PREFIX_PATH=/opt/ros/humble /usr/bin/cmake /home/maclab/Documents/ROS_WORKSPACES/WS_Master_Thesis/src/keyboard_events_publisher -DCMAKE_INSTALL_PREFIX=/home/maclab/Documents/ROS_WORKSPACES/WS_Master_Thesis/install/keyboard_publisher_pkg
[1.086s] DEBUG:colcon.colcon_core.event_handler.log_command:Invoking command in '/home/maclab/Documents/ROS_WORKSPACES/WS_Master_Thesis/build/keyboard_publisher_pkg': CMAKE_PREFIX_PATH=/opt/ros/humble /usr/bin/cmake --build /home/maclab/Documents/ROS_WORKSPACES/WS_Master_Thesis/build/keyboard_publisher_pkg -- -j32 -l32
[1.205s] Level 1:colcon.colcon_core.environment:checking '/home/maclab/Documents/ROS_WORKSPACES/WS_Master_Thesis/install/jsp_gui_uc1' for CMake module files
[1.206s] DEBUG:colcon.colcon_core.event_handler.log_command:Invoked command in '/home/maclab/Documents/ROS_WORKSPACES/WS_Master_Thesis/src/jsp_uc1/jsp_gui_uc1' returned '0': AMENT_PREFIX_PATH=/home/maclab/Documents/ROS_WORKSPACES/WS_Master_Thesis/install/jsp_uc1:${AMENT_PREFIX_PATH} PYTHONPATH=/home/maclab/Documents/ROS_WORKSPACES/WS_Master_Thesis/build/jsp_gui_uc1/prefix_override:/usr/lib/python3/dist-packages/colcon_core/task/python/colcon_distutils_commands:/home/maclab/Documents/ROS_WORKSPACES/WS_Master_Thesis/install/jsp_gui_uc1/lib/python3.10/site-packages:/home/maclab/Documents/ROS_WORKSPACES/WS_Master_Thesis/install/jsp_uc1/lib/python3.10/site-packages:${PYTHONPATH} /usr/bin/python3 -W ignore:setup.py install is deprecated -W ignore:easy_install command is deprecated setup.py egg_info --egg-base ../../../build/jsp_gui_uc1 build --build-base /home/maclab/Documents/ROS_WORKSPACES/WS_Master_Thesis/build/jsp_gui_uc1/build install --record /home/maclab/Documents/ROS_WORKSPACES/WS_Master_Thesis/build/jsp_gui_uc1/install.log --single-version-externally-managed install_data
[1.206s] Level 1:colcon.colcon_core.environment:checking '/home/maclab/Documents/ROS_WORKSPACES/WS_Master_Thesis/install/jsp_gui_uc1' for CMake config files
[1.206s] Level 1:colcon.colcon_core.environment:checking '/home/maclab/Documents/ROS_WORKSPACES/WS_Master_Thesis/install/jsp_gui_uc1/lib'
[1.206s] Level 1:colcon.colcon_core.environment:checking '/home/maclab/Documents/ROS_WORKSPACES/WS_Master_Thesis/install/jsp_gui_uc1/bin'
[1.206s] Level 1:colcon.colcon_core.environment:checking '/home/maclab/Documents/ROS_WORKSPACES/WS_Master_Thesis/install/jsp_gui_uc1/lib/pkgconfig/jsp_gui_uc1.pc'
[1.207s] Level 1:colcon.colcon_core.environment:checking '/home/maclab/Documents/ROS_WORKSPACES/WS_Master_Thesis/install/jsp_gui_uc1/lib/python3.10/site-packages'
[1.207s] Level 1:colcon.colcon_core.shell:create_environment_hook('jsp_gui_uc1', 'pythonpath')
[1.207s] INFO:colcon.colcon_core.shell:Creating environment hook '/home/maclab/Documents/ROS_WORKSPACES/WS_Master_Thesis/install/jsp_gui_uc1/share/jsp_gui_uc1/hook/pythonpath.ps1'
[1.207s] INFO:colcon.colcon_core.shell:Creating environment descriptor '/home/maclab/Documents/ROS_WORKSPACES/WS_Master_Thesis/install/jsp_gui_uc1/share/jsp_gui_uc1/hook/pythonpath.dsv'
[1.207s] INFO:colcon.colcon_core.shell:Creating environment hook '/home/maclab/Documents/ROS_WORKSPACES/WS_Master_Thesis/install/jsp_gui_uc1/share/jsp_gui_uc1/hook/pythonpath.sh'
[1.208s] Level 1:colcon.colcon_core.environment:checking '/home/maclab/Documents/ROS_WORKSPACES/WS_Master_Thesis/install/jsp_gui_uc1/bin'
[1.208s] Level 1:colcon.colcon_core.environment:create_environment_scripts_only(jsp_gui_uc1)
[1.208s] INFO:colcon.colcon_core.shell:Creating package script '/home/maclab/Documents/ROS_WORKSPACES/WS_Master_Thesis/install/jsp_gui_uc1/share/jsp_gui_uc1/package.ps1'
[1.208s] INFO:colcon.colcon_core.shell:Creating package descriptor '/home/maclab/Documents/ROS_WORKSPACES/WS_Master_Thesis/install/jsp_gui_uc1/share/jsp_gui_uc1/package.dsv'
[1.209s] INFO:colcon.colcon_core.shell:Creating package script '/home/maclab/Documents/ROS_WORKSPACES/WS_Master_Thesis/install/jsp_gui_uc1/share/jsp_gui_uc1/package.sh'
[1.209s] INFO:colcon.colcon_core.shell:Creating package script '/home/maclab/Documents/ROS_WORKSPACES/WS_Master_Thesis/install/jsp_gui_uc1/share/jsp_gui_uc1/package.bash'
[1.210s] INFO:colcon.colcon_core.shell:Creating package script '/home/maclab/Documents/ROS_WORKSPACES/WS_Master_Thesis/install/jsp_gui_uc1/share/jsp_gui_uc1/package.zsh'
[1.210s] Level 1:colcon.colcon_core.environment:create_file_with_runtime_dependencies(/home/maclab/Documents/ROS_WORKSPACES/WS_Master_Thesis/install/jsp_gui_uc1/share/colcon-core/packages/jsp_gui_uc1)
[1.236s] DEBUG:colcon.colcon_core.event_handler.log_command:Invoked command in '/home/maclab/Documents/ROS_WORKSPACES/WS_Master_Thesis/build/floating_base_manipulation' returned '0': CMAKE_PREFIX_PATH=/opt/ros/humble /usr/bin/cmake /home/maclab/Documents/ROS_WORKSPACES/WS_Master_Thesis/src/floating_base_manipulation -DCMAKE_INSTALL_PREFIX=/home/maclab/Documents/ROS_WORKSPACES/WS_Master_Thesis/install/floating_base_manipulation
[1.237s] DEBUG:colcon.colcon_core.event_handler.log_command:Invoking command in '/home/maclab/Documents/ROS_WORKSPACES/WS_Master_Thesis/build/floating_base_manipulation': CMAKE_PREFIX_PATH=/opt/ros/humble /usr/bin/cmake --build /home/maclab/Documents/ROS_WORKSPACES/WS_Master_Thesis/build/floating_base_manipulation -- -j32 -l32
[1.261s] DEBUG:colcon.colcon_core.event_handler.log_command:Invoked command in '/home/maclab/Documents/ROS_WORKSPACES/WS_Master_Thesis/build/rsp_uc1' returned '0': CMAKE_PREFIX_PATH=/opt/ros/humble /usr/bin/cmake /home/maclab/Documents/ROS_WORKSPACES/WS_Master_Thesis/src/rsp_uc1 -DCMAKE_INSTALL_PREFIX=/home/maclab/Documents/ROS_WORKSPACES/WS_Master_Thesis/install/rsp_uc1
[1.262s] DEBUG:colcon.colcon_core.event_handler.log_command:Invoking command in '/home/maclab/Documents/ROS_WORKSPACES/WS_Master_Thesis/build/rsp_uc1': CMAKE_PREFIX_PATH=/opt/ros/humble /usr/bin/cmake --build /home/maclab/Documents/ROS_WORKSPACES/WS_Master_Thesis/build/rsp_uc1 -- -j32 -l32
[1.375s] DEBUG:colcon.colcon_core.event_handler.log_command:Invoked command in '/home/maclab/Documents/ROS_WORKSPACES/WS_Master_Thesis/build/kuka_quantec_support' returned '0': AMENT_PREFIX_PATH=/home/maclab/Documents/ROS_WORKSPACES/WS_Master_Thesis/install/kuka_resources:${AMENT_PREFIX_PATH} CMAKE_PREFIX_PATH=/home/maclab/Documents/ROS_WORKSPACES/WS_Master_Thesis/install/kuka_resources:/opt/ros/humble /usr/bin/cmake /home/maclab/Documents/ROS_WORKSPACES/WS_Master_Thesis/src/kuka_quantec_support -DCMAKE_INSTALL_PREFIX=/home/maclab/Documents/ROS_WORKSPACES/WS_Master_Thesis/install/kuka_quantec_support
[1.375s] DEBUG:colcon.colcon_core.event_handler.log_command:Invoking command in '/home/maclab/Documents/ROS_WORKSPACES/WS_Master_Thesis/build/kuka_quantec_support': AMENT_PREFIX_PATH=/home/maclab/Documents/ROS_WORKSPACES/WS_Master_Thesis/install/kuka_resources:${AMENT_PREFIX_PATH} CMAKE_PREFIX_PATH=/home/maclab/Documents/ROS_WORKSPACES/WS_Master_Thesis/install/kuka_resources:/opt/ros/humble /usr/bin/cmake --build /home/maclab/Documents/ROS_WORKSPACES/WS_Master_Thesis/build/kuka_quantec_support -- -j32 -l32
[1.398s] DEBUG:colcon.colcon_core.event_handler.log_command:Invoked command in '/home/maclab/Documents/ROS_WORKSPACES/WS_Master_Thesis/build/kuka_quantec_support' returned '0': AMENT_PREFIX_PATH=/home/maclab/Documents/ROS_WORKSPACES/WS_Master_Thesis/install/kuka_resources:${AMENT_PREFIX_PATH} CMAKE_PREFIX_PATH=/home/maclab/Documents/ROS_WORKSPACES/WS_Master_Thesis/install/kuka_resources:/opt/ros/humble /usr/bin/cmake --build /home/maclab/Documents/ROS_WORKSPACES/WS_Master_Thesis/build/kuka_quantec_support -- -j32 -l32
[1.399s] DEBUG:colcon.colcon_core.event_handler.log_command:Invoking command in '/home/maclab/Documents/ROS_WORKSPACES/WS_Master_Thesis/build/kuka_quantec_support': AMENT_PREFIX_PATH=/home/maclab/Documents/ROS_WORKSPACES/WS_Master_Thesis/install/kuka_resources:${AMENT_PREFIX_PATH} CMAKE_PREFIX_PATH=/home/maclab/Documents/ROS_WORKSPACES/WS_Master_Thesis/install/kuka_resources:/opt/ros/humble /usr/bin/cmake --install /home/maclab/Documents/ROS_WORKSPACES/WS_Master_Thesis/build/kuka_quantec_support
[1.415s] Level 1:colcon.colcon_core.environment:create_environment_scripts_only(kuka_quantec_support)
[1.415s] Level 1:colcon.colcon_core.environment:checking '/home/maclab/Documents/ROS_WORKSPACES/WS_Master_Thesis/install/kuka_quantec_support' for CMake module files
[1.416s] DEBUG:colcon.colcon_core.event_handler.log_command:Invoked command in '/home/maclab/Documents/ROS_WORKSPACES/WS_Master_Thesis/build/kuka_quantec_support' returned '0': AMENT_PREFIX_PATH=/home/maclab/Documents/ROS_WORKSPACES/WS_Master_Thesis/install/kuka_resources:${AMENT_PREFIX_PATH} CMAKE_PREFIX_PATH=/home/maclab/Documents/ROS_WORKSPACES/WS_Master_Thesis/install/kuka_resources:/opt/ros/humble /usr/bin/cmake --install /home/maclab/Documents/ROS_WORKSPACES/WS_Master_Thesis/build/kuka_quantec_support
[1.416s] Level 1:colcon.colcon_core.environment:checking '/home/maclab/Documents/ROS_WORKSPACES/WS_Master_Thesis/install/kuka_quantec_support' for CMake config files
[1.416s] Level 1:colcon.colcon_core.shell:create_environment_hook('kuka_quantec_support', 'cmake_prefix_path')
[1.416s] INFO:colcon.colcon_core.shell:Creating environment hook '/home/maclab/Documents/ROS_WORKSPACES/WS_Master_Thesis/install/kuka_quantec_support/share/kuka_quantec_support/hook/cmake_prefix_path.ps1'
[1.416s] INFO:colcon.colcon_core.shell:Creating environment descriptor '/home/maclab/Documents/ROS_WORKSPACES/WS_Master_Thesis/install/kuka_quantec_support/share/kuka_quantec_support/hook/cmake_prefix_path.dsv'
[1.416s] INFO:colcon.colcon_core.shell:Creating environment hook '/home/maclab/Documents/ROS_WORKSPACES/WS_Master_Thesis/install/kuka_quantec_support/share/kuka_quantec_support/hook/cmake_prefix_path.sh'
[1.416s] Level 1:colcon.colcon_core.environment:checking '/home/maclab/Documents/ROS_WORKSPACES/WS_Master_Thesis/install/kuka_quantec_support/bin'
[1.416s] Level 1:colcon.colcon_core.environment:checking '/home/maclab/Documents/ROS_WORKSPACES/WS_Master_Thesis/install/kuka_quantec_support/lib/pkgconfig/kuka_quantec_support.pc'
[1.417s] Level 1:colcon.colcon_core.environment:checking '/home/maclab/Documents/ROS_WORKSPACES/WS_Master_Thesis/install/kuka_quantec_support/lib/python3.10/site-packages'
[1.417s] Level 1:colcon.colcon_core.environment:checking '/home/maclab/Documents/ROS_WORKSPACES/WS_Master_Thesis/install/kuka_quantec_support/bin'
[1.417s] INFO:colcon.colcon_core.shell:Creating package script '/home/maclab/Documents/ROS_WORKSPACES/WS_Master_Thesis/install/kuka_quantec_support/share/kuka_quantec_support/package.ps1'
[1.417s] INFO:colcon.colcon_core.shell:Creating package descriptor '/home/maclab/Documents/ROS_WORKSPACES/WS_Master_Thesis/install/kuka_quantec_support/share/kuka_quantec_support/package.dsv'
[1.417s] INFO:colcon.colcon_core.shell:Creating package script '/home/maclab/Documents/ROS_WORKSPACES/WS_Master_Thesis/install/kuka_quantec_support/share/kuka_quantec_support/package.sh'
[1.417s] INFO:colcon.colcon_core.shell:Creating package script '/home/maclab/Documents/ROS_WORKSPACES/WS_Master_Thesis/install/kuka_quantec_support/share/kuka_quantec_support/package.bash'
[1.417s] INFO:colcon.colcon_core.shell:Creating package script '/home/maclab/Documents/ROS_WORKSPACES/WS_Master_Thesis/install/kuka_quantec_support/share/kuka_quantec_support/package.zsh'
[1.418s] Level 1:colcon.colcon_core.environment:create_file_with_runtime_dependencies(/home/maclab/Documents/ROS_WORKSPACES/WS_Master_Thesis/install/kuka_quantec_support/share/colcon-core/packages/kuka_quantec_support)
[1.418s] Level 1:colcon.colcon_core.environment:create_environment_scripts_only(kuka_quantec_support)
[1.418s] Level 1:colcon.colcon_core.environment:checking '/home/maclab/Documents/ROS_WORKSPACES/WS_Master_Thesis/install/kuka_quantec_support' for CMake module files
[1.418s] Level 1:colcon.colcon_core.environment:checking '/home/maclab/Documents/ROS_WORKSPACES/WS_Master_Thesis/install/kuka_quantec_support' for CMake config files
[1.418s] Level 1:colcon.colcon_core.shell:create_environment_hook('kuka_quantec_support', 'cmake_prefix_path')
[1.418s] INFO:colcon.colcon_core.shell:Creating environment hook '/home/maclab/Documents/ROS_WORKSPACES/WS_Master_Thesis/install/kuka_quantec_support/share/kuka_quantec_support/hook/cmake_prefix_path.ps1'
[1.418s] INFO:colcon.colcon_core.shell:Creating environment descriptor '/home/maclab/Documents/ROS_WORKSPACES/WS_Master_Thesis/install/kuka_quantec_support/share/kuka_quantec_support/hook/cmake_prefix_path.dsv'
[1.418s] INFO:colcon.colcon_core.shell:Creating environment hook '/home/maclab/Documents/ROS_WORKSPACES/WS_Master_Thesis/install/kuka_quantec_support/share/kuka_quantec_support/hook/cmake_prefix_path.sh'
[1.419s] Level 1:colcon.colcon_core.environment:checking '/home/maclab/Documents/ROS_WORKSPACES/WS_Master_Thesis/install/kuka_quantec_support/bin'
[1.419s] Level 1:colcon.colcon_core.environment:checking '/home/maclab/Documents/ROS_WORKSPACES/WS_Master_Thesis/install/kuka_quantec_support/lib/pkgconfig/kuka_quantec_support.pc'
[1.419s] Level 1:colcon.colcon_core.environment:checking '/home/maclab/Documents/ROS_WORKSPACES/WS_Master_Thesis/install/kuka_quantec_support/lib/python3.10/site-packages'
[1.419s] Level 1:colcon.colcon_core.environment:checking '/home/maclab/Documents/ROS_WORKSPACES/WS_Master_Thesis/install/kuka_quantec_support/bin'
[1.419s] INFO:colcon.colcon_core.shell:Creating package script '/home/maclab/Documents/ROS_WORKSPACES/WS_Master_Thesis/install/kuka_quantec_support/share/kuka_quantec_support/package.ps1'
[1.419s] INFO:colcon.colcon_core.shell:Creating package descriptor '/home/maclab/Documents/ROS_WORKSPACES/WS_Master_Thesis/install/kuka_quantec_support/share/kuka_quantec_support/package.dsv'
[1.419s] INFO:colcon.colcon_core.shell:Creating package script '/home/maclab/Documents/ROS_WORKSPACES/WS_Master_Thesis/install/kuka_quantec_support/share/kuka_quantec_support/package.sh'
[1.420s] INFO:colcon.colcon_core.shell:Creating package script '/home/maclab/Documents/ROS_WORKSPACES/WS_Master_Thesis/install/kuka_quantec_support/share/kuka_quantec_support/package.bash'
[1.420s] INFO:colcon.colcon_core.shell:Creating package script '/home/maclab/Documents/ROS_WORKSPACES/WS_Master_Thesis/install/kuka_quantec_support/share/kuka_quantec_support/package.zsh'
[1.420s] Level 1:colcon.colcon_core.environment:create_file_with_runtime_dependencies(/home/maclab/Documents/ROS_WORKSPACES/WS_Master_Thesis/install/kuka_quantec_support/share/colcon-core/packages/kuka_quantec_support)
[1.738s] DEBUG:colcon.colcon_core.event_handler.log_command:Invoked command in '/home/maclab/Documents/ROS_WORKSPACES/WS_Master_Thesis/build/uc1_robot_controllers_interfaces' returned '0': CMAKE_PREFIX_PATH=/opt/ros/humble /usr/bin/cmake /home/maclab/Documents/ROS_WORKSPACES/WS_Master_Thesis/src/uc1_robot_controllers_interfaces -DCMAKE_INSTALL_PREFIX=/home/maclab/Documents/ROS_WORKSPACES/WS_Master_Thesis/install/uc1_robot_controllers_interfaces
[1.739s] DEBUG:colcon.colcon_core.event_handler.log_command:Invoking command in '/home/maclab/Documents/ROS_WORKSPACES/WS_Master_Thesis/build/uc1_robot_controllers_interfaces': CMAKE_PREFIX_PATH=/opt/ros/humble /usr/bin/cmake --build /home/maclab/Documents/ROS_WORKSPACES/WS_Master_Thesis/build/uc1_robot_controllers_interfaces -- -j32 -l32
[2.422s] DEBUG:colcon.colcon_core.event_handler.log_command:Invoked command in '/home/maclab/Documents/ROS_WORKSPACES/WS_Master_Thesis/build/ur_admittance_controller' returned '0': CMAKE_PREFIX_PATH=/opt/ros/humble /usr/bin/cmake /home/maclab/Documents/ROS_WORKSPACES/WS_Master_Thesis/src/ur_admittance_controller -DCMAKE_INSTALL_PREFIX=/home/maclab/Documents/ROS_WORKSPACES/WS_Master_Thesis/install/ur_admittance_controller
[2.423s] DEBUG:colcon.colcon_core.event_handler.log_command:Invoking command in '/home/maclab/Documents/ROS_WORKSPACES/WS_Master_Thesis/build/ur_admittance_controller': CMAKE_PREFIX_PATH=/opt/ros/humble /usr/bin/cmake --build /home/maclab/Documents/ROS_WORKSPACES/WS_Master_Thesis/build/ur_admittance_controller -- -j32 -l32
[2.447s] DEBUG:colcon.colcon_core.event_handler.log_command:Invoked command in '/home/maclab/Documents/ROS_WORKSPACES/WS_Master_Thesis/build/environment_pointcloud_processing' returned '0': CMAKE_PREFIX_PATH=/opt/ros/humble /usr/bin/cmake /home/maclab/Documents/ROS_WORKSPACES/WS_Master_Thesis/src/environment_pointcloud_processing -DCMAKE_INSTALL_PREFIX=/home/maclab/Documents/ROS_WORKSPACES/WS_Master_Thesis/install/environment_pointcloud_processing
[2.449s] DEBUG:colcon.colcon_core.event_handler.log_command:Invoking command in '/home/maclab/Documents/ROS_WORKSPACES/WS_Master_Thesis/build/environment_pointcloud_processing': CMAKE_PREFIX_PATH=/opt/ros/humble /usr/bin/cmake --build /home/maclab/Documents/ROS_WORKSPACES/WS_Master_Thesis/build/environment_pointcloud_processing -- -j32 -l32
[2.500s] DEBUG:colcon.colcon_core.event_handler.log_command:Invoked command in '/home/maclab/Documents/ROS_WORKSPACES/WS_Master_Thesis/build/pointcloud_interactive_markers' returned '0': CMAKE_PREFIX_PATH=/opt/ros/humble /usr/bin/cmake /home/maclab/Documents/ROS_WORKSPACES/WS_Master_Thesis/src/pointcloud_interactive_markers -DCMAKE_INSTALL_PREFIX=/home/maclab/Documents/ROS_WORKSPACES/WS_Master_Thesis/install/pointcloud_interactive_markers
[2.500s] DEBUG:colcon.colcon_core.event_handler.log_command:Invoking command in '/home/maclab/Documents/ROS_WORKSPACES/WS_Master_Thesis/build/pointcloud_interactive_markers': CMAKE_PREFIX_PATH=/opt/ros/humble /usr/bin/cmake --build /home/maclab/Documents/ROS_WORKSPACES/WS_Master_Thesis/build/pointcloud_interactive_markers -- -j32 -l32
[3.271s] DEBUG:colcon.colcon_core.event_handler.log_command:Invoked command in '/home/maclab/Documents/ROS_WORKSPACES/WS_Master_Thesis/build/uc1_robot_perception' returned '0': CMAKE_PREFIX_PATH=/opt/ros/humble /usr/bin/cmake /home/maclab/Documents/ROS_WORKSPACES/WS_Master_Thesis/src/uc1_robot_perception -DCMAKE_INSTALL_PREFIX=/home/maclab/Documents/ROS_WORKSPACES/WS_Master_Thesis/install/uc1_robot_perception
[3.272s] DEBUG:colcon.colcon_core.event_handler.log_command:Invoking command in '/home/maclab/Documents/ROS_WORKSPACES/WS_Master_Thesis/build/uc1_robot_perception': CMAKE_PREFIX_PATH=/opt/ros/humble /usr/bin/cmake --build /home/maclab/Documents/ROS_WORKSPACES/WS_Master_Thesis/build/uc1_robot_perception -- -j32 -l32
[5.074s] DEBUG:colcon.colcon_core.event_handler.log_command:Invoked command in '/home/maclab/Documents/ROS_WORKSPACES/WS_Master_Thesis/build/uc1_robot_controllers_interfaces' returned '0': CMAKE_PREFIX_PATH=/opt/ros/humble /usr/bin/cmake --build /home/maclab/Documents/ROS_WORKSPACES/WS_Master_Thesis/build/uc1_robot_controllers_interfaces -- -j32 -l32
[5.075s] DEBUG:colcon.colcon_core.event_handler.log_command:Invoking command in '/home/maclab/Documents/ROS_WORKSPACES/WS_Master_Thesis/build/uc1_robot_controllers_interfaces': CMAKE_PREFIX_PATH=/opt/ros/humble /usr/bin/cmake --install /home/maclab/Documents/ROS_WORKSPACES/WS_Master_Thesis/build/uc1_robot_controllers_interfaces
[5.116s] DEBUG:colcon.colcon_core.event_handler.log_command:Invoked command in '/home/maclab/Documents/ROS_WORKSPACES/WS_Master_Thesis/build/keyboard_publisher_pkg' returned '0': CMAKE_PREFIX_PATH=/opt/ros/humble /usr/bin/cmake --build /home/maclab/Documents/ROS_WORKSPACES/WS_Master_Thesis/build/keyboard_publisher_pkg -- -j32 -l32
[5.117s] DEBUG:colcon.colcon_core.event_handler.log_command:Invoking command in '/home/maclab/Documents/ROS_WORKSPACES/WS_Master_Thesis/build/keyboard_publisher_pkg': CMAKE_PREFIX_PATH=/opt/ros/humble /usr/bin/cmake --install /home/maclab/Documents/ROS_WORKSPACES/WS_Master_Thesis/build/keyboard_publisher_pkg
[5.128s] Level 1:colcon.colcon_core.environment:create_environment_scripts_only(keyboard_publisher_pkg)
[5.128s] Level 1:colcon.colcon_core.environment:checking '/home/maclab/Documents/ROS_WORKSPACES/WS_Master_Thesis/install/keyboard_publisher_pkg' for CMake module files
[5.128s] DEBUG:colcon.colcon_core.event_handler.log_command:Invoked command in '/home/maclab/Documents/ROS_WORKSPACES/WS_Master_Thesis/build/keyboard_publisher_pkg' returned '0': CMAKE_PREFIX_PATH=/opt/ros/humble /usr/bin/cmake --install /home/maclab/Documents/ROS_WORKSPACES/WS_Master_Thesis/build/keyboard_publisher_pkg
[5.129s] Level 1:colcon.colcon_core.environment:checking '/home/maclab/Documents/ROS_WORKSPACES/WS_Master_Thesis/install/keyboard_publisher_pkg' for CMake config files
[5.129s] Level 1:colcon.colcon_core.shell:create_environment_hook('keyboard_publisher_pkg', 'cmake_prefix_path')
[5.129s] INFO:colcon.colcon_core.shell:Creating environment hook '/home/maclab/Documents/ROS_WORKSPACES/WS_Master_Thesis/install/keyboard_publisher_pkg/share/keyboard_publisher_pkg/hook/cmake_prefix_path.ps1'
[5.129s] INFO:colcon.colcon_core.shell:Creating environment descriptor '/home/maclab/Documents/ROS_WORKSPACES/WS_Master_Thesis/install/keyboard_publisher_pkg/share/keyboard_publisher_pkg/hook/cmake_prefix_path.dsv'
[5.129s] INFO:colcon.colcon_core.shell:Creating environment hook '/home/maclab/Documents/ROS_WORKSPACES/WS_Master_Thesis/install/keyboard_publisher_pkg/share/keyboard_publisher_pkg/hook/cmake_prefix_path.sh'
[5.130s] Level 1:colcon.colcon_core.environment:checking '/home/maclab/Documents/ROS_WORKSPACES/WS_Master_Thesis/install/keyboard_publisher_pkg/lib'
[5.130s] Level 1:colcon.colcon_core.environment:checking '/home/maclab/Documents/ROS_WORKSPACES/WS_Master_Thesis/install/keyboard_publisher_pkg/bin'
[5.130s] Level 1:colcon.colcon_core.environment:checking '/home/maclab/Documents/ROS_WORKSPACES/WS_Master_Thesis/install/keyboard_publisher_pkg/lib/pkgconfig/keyboard_publisher_pkg.pc'
[5.130s] Level 1:colcon.colcon_core.environment:checking '/home/maclab/Documents/ROS_WORKSPACES/WS_Master_Thesis/install/keyboard_publisher_pkg/lib/python3.10/site-packages'
[5.130s] Level 1:colcon.colcon_core.environment:checking '/home/maclab/Documents/ROS_WORKSPACES/WS_Master_Thesis/install/keyboard_publisher_pkg/bin'
[5.131s] INFO:colcon.colcon_core.shell:Creating package script '/home/maclab/Documents/ROS_WORKSPACES/WS_Master_Thesis/install/keyboard_publisher_pkg/share/keyboard_publisher_pkg/package.ps1'
[5.131s] INFO:colcon.colcon_core.shell:Creating package descriptor '/home/maclab/Documents/ROS_WORKSPACES/WS_Master_Thesis/install/keyboard_publisher_pkg/share/keyboard_publisher_pkg/package.dsv'
[5.131s] INFO:colcon.colcon_core.shell:Creating package script '/home/maclab/Documents/ROS_WORKSPACES/WS_Master_Thesis/install/keyboard_publisher_pkg/share/keyboard_publisher_pkg/package.sh'
[5.131s] INFO:colcon.colcon_core.shell:Creating package script '/home/maclab/Documents/ROS_WORKSPACES/WS_Master_Thesis/install/keyboard_publisher_pkg/share/keyboard_publisher_pkg/package.bash'
[5.132s] INFO:colcon.colcon_core.shell:Creating package script '/home/maclab/Documents/ROS_WORKSPACES/WS_Master_Thesis/install/keyboard_publisher_pkg/share/keyboard_publisher_pkg/package.zsh'
[5.132s] Level 1:colcon.colcon_core.environment:create_file_with_runtime_dependencies(/home/maclab/Documents/ROS_WORKSPACES/WS_Master_Thesis/install/keyboard_publisher_pkg/share/colcon-core/packages/keyboard_publisher_pkg)
[5.132s] Level 1:colcon.colcon_core.environment:create_environment_scripts_only(keyboard_publisher_pkg)
[5.133s] Level 1:colcon.colcon_core.environment:checking '/home/maclab/Documents/ROS_WORKSPACES/WS_Master_Thesis/install/keyboard_publisher_pkg' for CMake module files
[5.133s] Level 1:colcon.colcon_core.environment:checking '/home/maclab/Documents/ROS_WORKSPACES/WS_Master_Thesis/install/keyboard_publisher_pkg' for CMake config files
[5.133s] Level 1:colcon.colcon_core.shell:create_environment_hook('keyboard_publisher_pkg', 'cmake_prefix_path')
[5.133s] INFO:colcon.colcon_core.shell:Creating environment hook '/home/maclab/Documents/ROS_WORKSPACES/WS_Master_Thesis/install/keyboard_publisher_pkg/share/keyboard_publisher_pkg/hook/cmake_prefix_path.ps1'
[5.134s] INFO:colcon.colcon_core.shell:Creating environment descriptor '/home/maclab/Documents/ROS_WORKSPACES/WS_Master_Thesis/install/keyboard_publisher_pkg/share/keyboard_publisher_pkg/hook/cmake_prefix_path.dsv'
[5.134s] INFO:colcon.colcon_core.shell:Creating environment hook '/home/maclab/Documents/ROS_WORKSPACES/WS_Master_Thesis/install/keyboard_publisher_pkg/share/keyboard_publisher_pkg/hook/cmake_prefix_path.sh'
[5.135s] Level 1:colcon.colcon_core.environment:checking '/home/maclab/Documents/ROS_WORKSPACES/WS_Master_Thesis/install/keyboard_publisher_pkg/lib'
[5.135s] Level 1:colcon.colcon_core.environment:checking '/home/maclab/Documents/ROS_WORKSPACES/WS_Master_Thesis/install/keyboard_publisher_pkg/bin'
[5.135s] Level 1:colcon.colcon_core.environment:checking '/home/maclab/Documents/ROS_WORKSPACES/WS_Master_Thesis/install/keyboard_publisher_pkg/lib/pkgconfig/keyboard_publisher_pkg.pc'
[5.135s] Level 1:colcon.colcon_core.environment:checking '/home/maclab/Documents/ROS_WORKSPACES/WS_Master_Thesis/install/keyboard_publisher_pkg/lib/python3.10/site-packages'
[5.135s] Level 1:colcon.colcon_core.environment:checking '/home/maclab/Documents/ROS_WORKSPACES/WS_Master_Thesis/install/keyboard_publisher_pkg/bin'
[5.135s] INFO:colcon.colcon_core.shell:Creating package script '/home/maclab/Documents/ROS_WORKSPACES/WS_Master_Thesis/install/keyboard_publisher_pkg/share/keyboard_publisher_pkg/package.ps1'
[5.137s] INFO:colcon.colcon_core.shell:Creating package descriptor '/home/maclab/Documents/ROS_WORKSPACES/WS_Master_Thesis/install/keyboard_publisher_pkg/share/keyboard_publisher_pkg/package.dsv'
[5.137s] INFO:colcon.colcon_core.shell:Creating package script '/home/maclab/Documents/ROS_WORKSPACES/WS_Master_Thesis/install/keyboard_publisher_pkg/share/keyboard_publisher_pkg/package.sh'
[5.137s] INFO:colcon.colcon_core.shell:Creating package script '/home/maclab/Documents/ROS_WORKSPACES/WS_Master_Thesis/install/keyboard_publisher_pkg/share/keyboard_publisher_pkg/package.bash'
[5.139s] INFO:colcon.colcon_core.shell:Creating package script '/home/maclab/Documents/ROS_WORKSPACES/WS_Master_Thesis/install/keyboard_publisher_pkg/share/keyboard_publisher_pkg/package.zsh'
[5.139s] Level 1:colcon.colcon_core.environment:create_file_with_runtime_dependencies(/home/maclab/Documents/ROS_WORKSPACES/WS_Master_Thesis/install/keyboard_publisher_pkg/share/colcon-core/packages/keyboard_publisher_pkg)
[5.142s] Level 1:colcon.colcon_core.environment:create_environment_scripts_only(uc1_robot_controllers_interfaces)
[5.142s] Level 1:colcon.colcon_core.environment:checking '/home/maclab/Documents/ROS_WORKSPACES/WS_Master_Thesis/install/uc1_robot_controllers_interfaces' for CMake module files
[5.143s] Level 1:colcon.colcon_core.environment:checking '/home/maclab/Documents/ROS_WORKSPACES/WS_Master_Thesis/install/uc1_robot_controllers_interfaces' for CMake config files
[5.143s] Level 1:colcon.colcon_core.shell:create_environment_hook('uc1_robot_controllers_interfaces', 'cmake_prefix_path')
[5.143s] INFO:colcon.colcon_core.shell:Creating environment hook '/home/maclab/Documents/ROS_WORKSPACES/WS_Master_Thesis/install/uc1_robot_controllers_interfaces/share/uc1_robot_controllers_interfaces/hook/cmake_prefix_path.ps1'
[5.143s] INFO:colcon.colcon_core.shell:Creating environment descriptor '/home/maclab/Documents/ROS_WORKSPACES/WS_Master_Thesis/install/uc1_robot_controllers_interfaces/share/uc1_robot_controllers_interfaces/hook/cmake_prefix_path.dsv'
[5.144s] INFO:colcon.colcon_core.shell:Creating environment hook '/home/maclab/Documents/ROS_WORKSPACES/WS_Master_Thesis/install/uc1_robot_controllers_interfaces/share/uc1_robot_controllers_interfaces/hook/cmake_prefix_path.sh'
[5.145s] DEBUG:colcon.colcon_core.event_handler.log_command:Invoked command in '/home/maclab/Documents/ROS_WORKSPACES/WS_Master_Thesis/build/uc1_robot_controllers_interfaces' returned '0': CMAKE_PREFIX_PATH=/opt/ros/humble /usr/bin/cmake --install /home/maclab/Documents/ROS_WORKSPACES/WS_Master_Thesis/build/uc1_robot_controllers_interfaces
[5.146s] Level 1:colcon.colcon_core.environment:checking '/home/maclab/Documents/ROS_WORKSPACES/WS_Master_Thesis/install/uc1_robot_controllers_interfaces/lib'
[5.146s] Level 1:colcon.colcon_core.shell:create_environment_hook('uc1_robot_controllers_interfaces', 'ld_library_path_lib')
[5.146s] INFO:colcon.colcon_core.shell:Creating environment hook '/home/maclab/Documents/ROS_WORKSPACES/WS_Master_Thesis/install/uc1_robot_controllers_interfaces/share/uc1_robot_controllers_interfaces/hook/ld_library_path_lib.ps1'
[5.147s] INFO:colcon.colcon_core.shell:Creating environment descriptor '/home/maclab/Documents/ROS_WORKSPACES/WS_Master_Thesis/install/uc1_robot_controllers_interfaces/share/uc1_robot_controllers_interfaces/hook/ld_library_path_lib.dsv'
[5.147s] INFO:colcon.colcon_core.shell:Creating environment hook '/home/maclab/Documents/ROS_WORKSPACES/WS_Master_Thesis/install/uc1_robot_controllers_interfaces/share/uc1_robot_controllers_interfaces/hook/ld_library_path_lib.sh'
[5.147s] Level 1:colcon.colcon_core.environment:checking '/home/maclab/Documents/ROS_WORKSPACES/WS_Master_Thesis/install/uc1_robot_controllers_interfaces/bin'
[5.147s] Level 1:colcon.colcon_core.environment:checking '/home/maclab/Documents/ROS_WORKSPACES/WS_Master_Thesis/install/uc1_robot_controllers_interfaces/lib/pkgconfig/uc1_robot_controllers_interfaces.pc'
[5.147s] Level 1:colcon.colcon_core.environment:checking '/home/maclab/Documents/ROS_WORKSPACES/WS_Master_Thesis/install/uc1_robot_controllers_interfaces/lib/python3.10/site-packages'
[5.148s] Level 1:colcon.colcon_core.environment:checking '/home/maclab/Documents/ROS_WORKSPACES/WS_Master_Thesis/install/uc1_robot_controllers_interfaces/bin'
[5.148s] INFO:colcon.colcon_core.shell:Creating package script '/home/maclab/Documents/ROS_WORKSPACES/WS_Master_Thesis/install/uc1_robot_controllers_interfaces/share/uc1_robot_controllers_interfaces/package.ps1'
[5.148s] INFO:colcon.colcon_core.shell:Creating package descriptor '/home/maclab/Documents/ROS_WORKSPACES/WS_Master_Thesis/install/uc1_robot_controllers_interfaces/share/uc1_robot_controllers_interfaces/package.dsv'
[5.149s] INFO:colcon.colcon_core.shell:Creating package script '/home/maclab/Documents/ROS_WORKSPACES/WS_Master_Thesis/install/uc1_robot_controllers_interfaces/share/uc1_robot_controllers_interfaces/package.sh'
[5.149s] INFO:colcon.colcon_core.shell:Creating package script '/home/maclab/Documents/ROS_WORKSPACES/WS_Master_Thesis/install/uc1_robot_controllers_interfaces/share/uc1_robot_controllers_interfaces/package.bash'
[5.149s] INFO:colcon.colcon_core.shell:Creating package script '/home/maclab/Documents/ROS_WORKSPACES/WS_Master_Thesis/install/uc1_robot_controllers_interfaces/share/uc1_robot_controllers_interfaces/package.zsh'
[5.150s] Level 1:colcon.colcon_core.environment:create_file_with_runtime_dependencies(/home/maclab/Documents/ROS_WORKSPACES/WS_Master_Thesis/install/uc1_robot_controllers_interfaces/share/colcon-core/packages/uc1_robot_controllers_interfaces)
[5.150s] Level 1:colcon.colcon_core.environment:create_environment_scripts_only(uc1_robot_controllers_interfaces)
[5.150s] Level 1:colcon.colcon_core.environment:checking '/home/maclab/Documents/ROS_WORKSPACES/WS_Master_Thesis/install/uc1_robot_controllers_interfaces' for CMake module files
[5.151s] Level 1:colcon.colcon_core.environment:checking '/home/maclab/Documents/ROS_WORKSPACES/WS_Master_Thesis/install/uc1_robot_controllers_interfaces' for CMake config files
[5.151s] Level 1:colcon.colcon_core.shell:create_environment_hook('uc1_robot_controllers_interfaces', 'cmake_prefix_path')
[5.151s] INFO:colcon.colcon_core.shell:Creating environment hook '/home/maclab/Documents/ROS_WORKSPACES/WS_Master_Thesis/install/uc1_robot_controllers_interfaces/share/uc1_robot_controllers_interfaces/hook/cmake_prefix_path.ps1'
[5.151s] INFO:colcon.colcon_core.shell:Creating environment descriptor '/home/maclab/Documents/ROS_WORKSPACES/WS_Master_Thesis/install/uc1_robot_controllers_interfaces/share/uc1_robot_controllers_interfaces/hook/cmake_prefix_path.dsv'
[5.152s] INFO:colcon.colcon_core.shell:Creating environment hook '/home/maclab/Documents/ROS_WORKSPACES/WS_Master_Thesis/install/uc1_robot_controllers_interfaces/share/uc1_robot_controllers_interfaces/hook/cmake_prefix_path.sh'
[5.152s] Level 1:colcon.colcon_core.environment:checking '/home/maclab/Documents/ROS_WORKSPACES/WS_Master_Thesis/install/uc1_robot_controllers_interfaces/lib'
[5.152s] Level 1:colcon.colcon_core.shell:create_environment_hook('uc1_robot_controllers_interfaces', 'ld_library_path_lib')
[5.152s] INFO:colcon.colcon_core.shell:Creating environment hook '/home/maclab/Documents/ROS_WORKSPACES/WS_Master_Thesis/install/uc1_robot_controllers_interfaces/share/uc1_robot_controllers_interfaces/hook/ld_library_path_lib.ps1'
[5.152s] INFO:colcon.colcon_core.shell:Creating environment descriptor '/home/maclab/Documents/ROS_WORKSPACES/WS_Master_Thesis/install/uc1_robot_controllers_interfaces/share/uc1_robot_controllers_interfaces/hook/ld_library_path_lib.dsv'
[5.153s] INFO:colcon.colcon_core.shell:Creating environment hook '/home/maclab/Documents/ROS_WORKSPACES/WS_Master_Thesis/install/uc1_robot_controllers_interfaces/share/uc1_robot_controllers_interfaces/hook/ld_library_path_lib.sh'
[5.153s] Level 1:colcon.colcon_core.environment:checking '/home/maclab/Documents/ROS_WORKSPACES/WS_Master_Thesis/install/uc1_robot_controllers_interfaces/bin'
[5.153s] Level 1:colcon.colcon_core.environment:checking '/home/maclab/Documents/ROS_WORKSPACES/WS_Master_Thesis/install/uc1_robot_controllers_interfaces/lib/pkgconfig/uc1_robot_controllers_interfaces.pc'
[5.153s] Level 1:colcon.colcon_core.environment:checking '/home/maclab/Documents/ROS_WORKSPACES/WS_Master_Thesis/install/uc1_robot_controllers_interfaces/lib/python3.10/site-packages'
[5.153s] Level 1:colcon.colcon_core.environment:checking '/home/maclab/Documents/ROS_WORKSPACES/WS_Master_Thesis/install/uc1_robot_controllers_interfaces/bin'
[5.154s] INFO:colcon.colcon_core.shell:Creating package script '/home/maclab/Documents/ROS_WORKSPACES/WS_Master_Thesis/install/uc1_robot_controllers_interfaces/share/uc1_robot_controllers_interfaces/package.ps1'
[5.154s] INFO:colcon.colcon_core.shell:Creating package descriptor '/home/maclab/Documents/ROS_WORKSPACES/WS_Master_Thesis/install/uc1_robot_controllers_interfaces/share/uc1_robot_controllers_interfaces/package.dsv'
[5.155s] INFO:colcon.colcon_core.shell:Creating package script '/home/maclab/Documents/ROS_WORKSPACES/WS_Master_Thesis/install/uc1_robot_controllers_interfaces/share/uc1_robot_controllers_interfaces/package.sh'
[5.155s] INFO:colcon.colcon_core.shell:Creating package script '/home/maclab/Documents/ROS_WORKSPACES/WS_Master_Thesis/install/uc1_robot_controllers_interfaces/share/uc1_robot_controllers_interfaces/package.bash'
[5.155s] INFO:colcon.colcon_core.shell:Creating package script '/home/maclab/Documents/ROS_WORKSPACES/WS_Master_Thesis/install/uc1_robot_controllers_interfaces/share/uc1_robot_controllers_interfaces/package.zsh'
[5.155s] Level 1:colcon.colcon_core.environment:create_file_with_runtime_dependencies(/home/maclab/Documents/ROS_WORKSPACES/WS_Master_Thesis/install/uc1_robot_controllers_interfaces/share/colcon-core/packages/uc1_robot_controllers_interfaces)
[6.269s] DEBUG:colcon.colcon_core.event_handler.log_command:Invoked command in '/home/maclab/Documents/ROS_WORKSPACES/WS_Master_Thesis/build/floating_base_manipulation' returned '0': CMAKE_PREFIX_PATH=/opt/ros/humble /usr/bin/cmake --build /home/maclab/Documents/ROS_WORKSPACES/WS_Master_Thesis/build/floating_base_manipulation -- -j32 -l32
[6.270s] DEBUG:colcon.colcon_core.event_handler.log_command:Invoking command in '/home/maclab/Documents/ROS_WORKSPACES/WS_Master_Thesis/build/floating_base_manipulation': CMAKE_PREFIX_PATH=/opt/ros/humble /usr/bin/cmake --install /home/maclab/Documents/ROS_WORKSPACES/WS_Master_Thesis/build/floating_base_manipulation
[6.281s] Level 1:colcon.colcon_core.environment:create_environment_scripts_only(floating_base_manipulation)
[6.282s] Level 1:colcon.colcon_core.environment:checking '/home/maclab/Documents/ROS_WORKSPACES/WS_Master_Thesis/install/floating_base_manipulation' for CMake module files
[6.282s] Level 1:colcon.colcon_core.environment:checking '/home/maclab/Documents/ROS_WORKSPACES/WS_Master_Thesis/install/floating_base_manipulation' for CMake config files
[6.282s] Level 1:colcon.colcon_core.shell:create_environment_hook('floating_base_manipulation', 'cmake_prefix_path')
[6.282s] INFO:colcon.colcon_core.shell:Creating environment hook '/home/maclab/Documents/ROS_WORKSPACES/WS_Master_Thesis/install/floating_base_manipulation/share/floating_base_manipulation/hook/cmake_prefix_path.ps1'
[6.283s] INFO:colcon.colcon_core.shell:Creating environment descriptor '/home/maclab/Documents/ROS_WORKSPACES/WS_Master_Thesis/install/floating_base_manipulation/share/floating_base_manipulation/hook/cmake_prefix_path.dsv'
[6.283s] INFO:colcon.colcon_core.shell:Creating environment hook '/home/maclab/Documents/ROS_WORKSPACES/WS_Master_Thesis/install/floating_base_manipulation/share/floating_base_manipulation/hook/cmake_prefix_path.sh'
[6.283s] Level 1:colcon.colcon_core.environment:checking '/home/maclab/Documents/ROS_WORKSPACES/WS_Master_Thesis/install/floating_base_manipulation/lib'
[6.283s] Level 1:colcon.colcon_core.environment:checking '/home/maclab/Documents/ROS_WORKSPACES/WS_Master_Thesis/install/floating_base_manipulation/bin'
[6.283s] Level 1:colcon.colcon_core.environment:checking '/home/maclab/Documents/ROS_WORKSPACES/WS_Master_Thesis/install/floating_base_manipulation/lib/pkgconfig/floating_base_manipulation.pc'
[6.284s] Level 1:colcon.colcon_core.environment:checking '/home/maclab/Documents/ROS_WORKSPACES/WS_Master_Thesis/install/floating_base_manipulation/lib/python3.10/site-packages'
[6.284s] Level 1:colcon.colcon_core.environment:checking '/home/maclab/Documents/ROS_WORKSPACES/WS_Master_Thesis/install/floating_base_manipulation/bin'
[6.284s] INFO:colcon.colcon_core.shell:Creating package script '/home/maclab/Documents/ROS_WORKSPACES/WS_Master_Thesis/install/floating_base_manipulation/share/floating_base_manipulation/package.ps1'
[6.285s] INFO:colcon.colcon_core.shell:Creating package descriptor '/home/maclab/Documents/ROS_WORKSPACES/WS_Master_Thesis/install/floating_base_manipulation/share/floating_base_manipulation/package.dsv'
[6.285s] INFO:colcon.colcon_core.shell:Creating package script '/home/maclab/Documents/ROS_WORKSPACES/WS_Master_Thesis/install/floating_base_manipulation/share/floating_base_manipulation/package.sh'
[6.285s] DEBUG:colcon.colcon_core.event_handler.log_command:Invoked command in '/home/maclab/Documents/ROS_WORKSPACES/WS_Master_Thesis/build/floating_base_manipulation' returned '0': CMAKE_PREFIX_PATH=/opt/ros/humble /usr/bin/cmake --install /home/maclab/Documents/ROS_WORKSPACES/WS_Master_Thesis/build/floating_base_manipulation
[6.286s] INFO:colcon.colcon_core.shell:Creating package script '/home/maclab/Documents/ROS_WORKSPACES/WS_Master_Thesis/install/floating_base_manipulation/share/floating_base_manipulation/package.bash'
[6.286s] INFO:colcon.colcon_core.shell:Creating package script '/home/maclab/Documents/ROS_WORKSPACES/WS_Master_Thesis/install/floating_base_manipulation/share/floating_base_manipulation/package.zsh'
[6.286s] Level 1:colcon.colcon_core.environment:create_file_with_runtime_dependencies(/home/maclab/Documents/ROS_WORKSPACES/WS_Master_Thesis/install/floating_base_manipulation/share/colcon-core/packages/floating_base_manipulation)
[6.287s] Level 1:colcon.colcon_core.environment:create_environment_scripts_only(floating_base_manipulation)
[6.287s] Level 1:colcon.colcon_core.environment:checking '/home/maclab/Documents/ROS_WORKSPACES/WS_Master_Thesis/install/floating_base_manipulation' for CMake module files
[6.287s] Level 1:colcon.colcon_core.environment:checking '/home/maclab/Documents/ROS_WORKSPACES/WS_Master_Thesis/install/floating_base_manipulation' for CMake config files
[6.287s] Level 1:colcon.colcon_core.shell:create_environment_hook('floating_base_manipulation', 'cmake_prefix_path')
[6.287s] INFO:colcon.colcon_core.shell:Creating environment hook '/home/maclab/Documents/ROS_WORKSPACES/WS_Master_Thesis/install/floating_base_manipulation/share/floating_base_manipulation/hook/cmake_prefix_path.ps1'
[6.288s] INFO:colcon.colcon_core.shell:Creating environment descriptor '/home/maclab/Documents/ROS_WORKSPACES/WS_Master_Thesis/install/floating_base_manipulation/share/floating_base_manipulation/hook/cmake_prefix_path.dsv'
[6.288s] INFO:colcon.colcon_core.shell:Creating environment hook '/home/maclab/Documents/ROS_WORKSPACES/WS_Master_Thesis/install/floating_base_manipulation/share/floating_base_manipulation/hook/cmake_prefix_path.sh'
[6.288s] Level 1:colcon.colcon_core.environment:checking '/home/maclab/Documents/ROS_WORKSPACES/WS_Master_Thesis/install/floating_base_manipulation/lib'
[6.288s] Level 1:colcon.colcon_core.environment:checking '/home/maclab/Documents/ROS_WORKSPACES/WS_Master_Thesis/install/floating_base_manipulation/bin'
[6.288s] Level 1:colcon.colcon_core.environment:checking '/home/maclab/Documents/ROS_WORKSPACES/WS_Master_Thesis/install/floating_base_manipulation/lib/pkgconfig/floating_base_manipulation.pc'
[6.289s] Level 1:colcon.colcon_core.environment:checking '/home/maclab/Documents/ROS_WORKSPACES/WS_Master_Thesis/install/floating_base_manipulation/lib/python3.10/site-packages'
[6.289s] Level 1:colcon.colcon_core.environment:checking '/home/maclab/Documents/ROS_WORKSPACES/WS_Master_Thesis/install/floating_base_manipulation/bin'
[6.289s] INFO:colcon.colcon_core.shell:Creating package script '/home/maclab/Documents/ROS_WORKSPACES/WS_Master_Thesis/install/floating_base_manipulation/share/floating_base_manipulation/package.ps1'
[6.289s] INFO:colcon.colcon_core.shell:Creating package descriptor '/home/maclab/Documents/ROS_WORKSPACES/WS_Master_Thesis/install/floating_base_manipulation/share/floating_base_manipulation/package.dsv'
[6.290s] INFO:colcon.colcon_core.shell:Creating package script '/home/maclab/Documents/ROS_WORKSPACES/WS_Master_Thesis/install/floating_base_manipulation/share/floating_base_manipulation/package.sh'
[6.290s] INFO:colcon.colcon_core.shell:Creating package script '/home/maclab/Documents/ROS_WORKSPACES/WS_Master_Thesis/install/floating_base_manipulation/share/floating_base_manipulation/package.bash'
[6.290s] INFO:colcon.colcon_core.shell:Creating package script '/home/maclab/Documents/ROS_WORKSPACES/WS_Master_Thesis/install/floating_base_manipulation/share/floating_base_manipulation/package.zsh'
[6.290s] Level 1:colcon.colcon_core.environment:create_file_with_runtime_dependencies(/home/maclab/Documents/ROS_WORKSPACES/WS_Master_Thesis/install/floating_base_manipulation/share/colcon-core/packages/floating_base_manipulation)
[9.932s] DEBUG:colcon.colcon_core.event_handler.log_command:Invoked command in '/home/maclab/Documents/ROS_WORKSPACES/WS_Master_Thesis/build/rsp_uc1' returned '0': CMAKE_PREFIX_PATH=/opt/ros/humble /usr/bin/cmake --build /home/maclab/Documents/ROS_WORKSPACES/WS_Master_Thesis/build/rsp_uc1 -- -j32 -l32
[9.933s] DEBUG:colcon.colcon_core.event_handler.log_command:Invoking command in '/home/maclab/Documents/ROS_WORKSPACES/WS_Master_Thesis/build/rsp_uc1': CMAKE_PREFIX_PATH=/opt/ros/humble /usr/bin/cmake --install /home/maclab/Documents/ROS_WORKSPACES/WS_Master_Thesis/build/rsp_uc1
[9.945s] Level 1:colcon.colcon_core.environment:create_environment_scripts_only(rsp_uc1)
[9.946s] Level 1:colcon.colcon_core.environment:checking '/home/maclab/Documents/ROS_WORKSPACES/WS_Master_Thesis/install/rsp_uc1' for CMake module files
[9.946s] DEBUG:colcon.colcon_core.event_handler.log_command:Invoked command in '/home/maclab/Documents/ROS_WORKSPACES/WS_Master_Thesis/build/rsp_uc1' returned '0': CMAKE_PREFIX_PATH=/opt/ros/humble /usr/bin/cmake --install /home/maclab/Documents/ROS_WORKSPACES/WS_Master_Thesis/build/rsp_uc1
[9.946s] Level 1:colcon.colcon_core.environment:checking '/home/maclab/Documents/ROS_WORKSPACES/WS_Master_Thesis/install/rsp_uc1' for CMake config files
[9.946s] Level 1:colcon.colcon_core.shell:create_environment_hook('rsp_uc1', 'cmake_prefix_path')
[9.947s] INFO:colcon.colcon_core.shell:Creating environment hook '/home/maclab/Documents/ROS_WORKSPACES/WS_Master_Thesis/install/rsp_uc1/share/rsp_uc1/hook/cmake_prefix_path.ps1'
[9.947s] INFO:colcon.colcon_core.shell:Creating environment descriptor '/home/maclab/Documents/ROS_WORKSPACES/WS_Master_Thesis/install/rsp_uc1/share/rsp_uc1/hook/cmake_prefix_path.dsv'
[9.947s] INFO:colcon.colcon_core.shell:Creating environment hook '/home/maclab/Documents/ROS_WORKSPACES/WS_Master_Thesis/install/rsp_uc1/share/rsp_uc1/hook/cmake_prefix_path.sh'
[9.948s] Level 1:colcon.colcon_core.environment:checking '/home/maclab/Documents/ROS_WORKSPACES/WS_Master_Thesis/install/rsp_uc1/lib'
[9.948s] Level 1:colcon.colcon_core.shell:create_environment_hook('rsp_uc1', 'ld_library_path_lib')
[9.948s] INFO:colcon.colcon_core.shell:Creating environment hook '/home/maclab/Documents/ROS_WORKSPACES/WS_Master_Thesis/install/rsp_uc1/share/rsp_uc1/hook/ld_library_path_lib.ps1'
[9.948s] INFO:colcon.colcon_core.shell:Creating environment descriptor '/home/maclab/Documents/ROS_WORKSPACES/WS_Master_Thesis/install/rsp_uc1/share/rsp_uc1/hook/ld_library_path_lib.dsv'
[9.948s] INFO:colcon.colcon_core.shell:Creating environment hook '/home/maclab/Documents/ROS_WORKSPACES/WS_Master_Thesis/install/rsp_uc1/share/rsp_uc1/hook/ld_library_path_lib.sh'
[9.949s] Level 1:colcon.colcon_core.environment:checking '/home/maclab/Documents/ROS_WORKSPACES/WS_Master_Thesis/install/rsp_uc1/bin'
[9.949s] Level 1:colcon.colcon_core.environment:checking '/home/maclab/Documents/ROS_WORKSPACES/WS_Master_Thesis/install/rsp_uc1/lib/pkgconfig/rsp_uc1.pc'
[9.949s] Level 1:colcon.colcon_core.environment:checking '/home/maclab/Documents/ROS_WORKSPACES/WS_Master_Thesis/install/rsp_uc1/lib/python3.10/site-packages'
[9.949s] Level 1:colcon.colcon_core.environment:checking '/home/maclab/Documents/ROS_WORKSPACES/WS_Master_Thesis/install/rsp_uc1/bin'
[9.949s] INFO:colcon.colcon_core.shell:Creating package script '/home/maclab/Documents/ROS_WORKSPACES/WS_Master_Thesis/install/rsp_uc1/share/rsp_uc1/package.ps1'
[9.950s] INFO:colcon.colcon_core.shell:Creating package descriptor '/home/maclab/Documents/ROS_WORKSPACES/WS_Master_Thesis/install/rsp_uc1/share/rsp_uc1/package.dsv'
[9.950s] INFO:colcon.colcon_core.shell:Creating package script '/home/maclab/Documents/ROS_WORKSPACES/WS_Master_Thesis/install/rsp_uc1/share/rsp_uc1/package.sh'
[9.950s] INFO:colcon.colcon_core.shell:Creating package script '/home/maclab/Documents/ROS_WORKSPACES/WS_Master_Thesis/install/rsp_uc1/share/rsp_uc1/package.bash'
[9.951s] INFO:colcon.colcon_core.shell:Creating package script '/home/maclab/Documents/ROS_WORKSPACES/WS_Master_Thesis/install/rsp_uc1/share/rsp_uc1/package.zsh'
[9.951s] Level 1:colcon.colcon_core.environment:create_file_with_runtime_dependencies(/home/maclab/Documents/ROS_WORKSPACES/WS_Master_Thesis/install/rsp_uc1/share/colcon-core/packages/rsp_uc1)
[9.951s] Level 1:colcon.colcon_core.environment:create_environment_scripts_only(rsp_uc1)
[9.951s] Level 1:colcon.colcon_core.environment:checking '/home/maclab/Documents/ROS_WORKSPACES/WS_Master_Thesis/install/rsp_uc1' for CMake module files
[9.952s] Level 1:colcon.colcon_core.environment:checking '/home/maclab/Documents/ROS_WORKSPACES/WS_Master_Thesis/install/rsp_uc1' for CMake config files
[9.952s] Level 1:colcon.colcon_core.shell:create_environment_hook('rsp_uc1', 'cmake_prefix_path')
[9.952s] INFO:colcon.colcon_core.shell:Creating environment hook '/home/maclab/Documents/ROS_WORKSPACES/WS_Master_Thesis/install/rsp_uc1/share/rsp_uc1/hook/cmake_prefix_path.ps1'
[9.952s] INFO:colcon.colcon_core.shell:Creating environment descriptor '/home/maclab/Documents/ROS_WORKSPACES/WS_Master_Thesis/install/rsp_uc1/share/rsp_uc1/hook/cmake_prefix_path.dsv'
[9.952s] INFO:colcon.colcon_core.shell:Creating environment hook '/home/maclab/Documents/ROS_WORKSPACES/WS_Master_Thesis/install/rsp_uc1/share/rsp_uc1/hook/cmake_prefix_path.sh'
[9.953s] Level 1:colcon.colcon_core.environment:checking '/home/maclab/Documents/ROS_WORKSPACES/WS_Master_Thesis/install/rsp_uc1/lib'
[9.953s] Level 1:colcon.colcon_core.shell:create_environment_hook('rsp_uc1', 'ld_library_path_lib')
[9.953s] INFO:colcon.colcon_core.shell:Creating environment hook '/home/maclab/Documents/ROS_WORKSPACES/WS_Master_Thesis/install/rsp_uc1/share/rsp_uc1/hook/ld_library_path_lib.ps1'
[9.953s] INFO:colcon.colcon_core.shell:Creating environment descriptor '/home/maclab/Documents/ROS_WORKSPACES/WS_Master_Thesis/install/rsp_uc1/share/rsp_uc1/hook/ld_library_path_lib.dsv'
[9.953s] INFO:colcon.colcon_core.shell:Creating environment hook '/home/maclab/Documents/ROS_WORKSPACES/WS_Master_Thesis/install/rsp_uc1/share/rsp_uc1/hook/ld_library_path_lib.sh'
[9.954s] Level 1:colcon.colcon_core.environment:checking '/home/maclab/Documents/ROS_WORKSPACES/WS_Master_Thesis/install/rsp_uc1/bin'
[9.954s] Level 1:colcon.colcon_core.environment:checking '/home/maclab/Documents/ROS_WORKSPACES/WS_Master_Thesis/install/rsp_uc1/lib/pkgconfig/rsp_uc1.pc'
[9.954s] Level 1:colcon.colcon_core.environment:checking '/home/maclab/Documents/ROS_WORKSPACES/WS_Master_Thesis/install/rsp_uc1/lib/python3.10/site-packages'
[9.955s] Level 1:colcon.colcon_core.environment:checking '/home/maclab/Documents/ROS_WORKSPACES/WS_Master_Thesis/install/rsp_uc1/bin'
[9.955s] INFO:colcon.colcon_core.shell:Creating package script '/home/maclab/Documents/ROS_WORKSPACES/WS_Master_Thesis/install/rsp_uc1/share/rsp_uc1/package.ps1'
[9.955s] INFO:colcon.colcon_core.shell:Creating package descriptor '/home/maclab/Documents/ROS_WORKSPACES/WS_Master_Thesis/install/rsp_uc1/share/rsp_uc1/package.dsv'
[9.956s] INFO:colcon.colcon_core.shell:Creating package script '/home/maclab/Documents/ROS_WORKSPACES/WS_Master_Thesis/install/rsp_uc1/share/rsp_uc1/package.sh'
[9.956s] INFO:colcon.colcon_core.shell:Creating package script '/home/maclab/Documents/ROS_WORKSPACES/WS_Master_Thesis/install/rsp_uc1/share/rsp_uc1/package.bash'
[9.956s] INFO:colcon.colcon_core.shell:Creating package script '/home/maclab/Documents/ROS_WORKSPACES/WS_Master_Thesis/install/rsp_uc1/share/rsp_uc1/package.zsh'
[9.956s] Level 1:colcon.colcon_core.environment:create_file_with_runtime_dependencies(/home/maclab/Documents/ROS_WORKSPACES/WS_Master_Thesis/install/rsp_uc1/share/colcon-core/packages/rsp_uc1)
[11.279s] DEBUG:colcon.colcon_core.event_handler.log_command:Invoked command in '/home/maclab/Documents/ROS_WORKSPACES/WS_Master_Thesis/build/pointcloud_interactive_markers' returned '0': CMAKE_PREFIX_PATH=/opt/ros/humble /usr/bin/cmake --build /home/maclab/Documents/ROS_WORKSPACES/WS_Master_Thesis/build/pointcloud_interactive_markers -- -j32 -l32
[11.280s] DEBUG:colcon.colcon_core.event_handler.log_command:Invoking command in '/home/maclab/Documents/ROS_WORKSPACES/WS_Master_Thesis/build/pointcloud_interactive_markers': CMAKE_PREFIX_PATH=/opt/ros/humble /usr/bin/cmake --install /home/maclab/Documents/ROS_WORKSPACES/WS_Master_Thesis/build/pointcloud_interactive_markers
[11.289s] Level 1:colcon.colcon_core.environment:create_environment_scripts_only(pointcloud_interactive_markers)
[11.289s] DEBUG:colcon.colcon_core.event_handler.log_command:Invoked command in '/home/maclab/Documents/ROS_WORKSPACES/WS_Master_Thesis/build/pointcloud_interactive_markers' returned '0': CMAKE_PREFIX_PATH=/opt/ros/humble /usr/bin/cmake --install /home/maclab/Documents/ROS_WORKSPACES/WS_Master_Thesis/build/pointcloud_interactive_markers
[11.289s] Level 1:colcon.colcon_core.environment:checking '/home/maclab/Documents/ROS_WORKSPACES/WS_Master_Thesis/install/pointcloud_interactive_markers' for CMake module files
[11.290s] Level 1:colcon.colcon_core.environment:checking '/home/maclab/Documents/ROS_WORKSPACES/WS_Master_Thesis/install/pointcloud_interactive_markers' for CMake config files
[11.290s] Level 1:colcon.colcon_core.shell:create_environment_hook('pointcloud_interactive_markers', 'cmake_prefix_path')
[11.290s] INFO:colcon.colcon_core.shell:Creating environment hook '/home/maclab/Documents/ROS_WORKSPACES/WS_Master_Thesis/install/pointcloud_interactive_markers/share/pointcloud_interactive_markers/hook/cmake_prefix_path.ps1'
[11.290s] INFO:colcon.colcon_core.shell:Creating environment descriptor '/home/maclab/Documents/ROS_WORKSPACES/WS_Master_Thesis/install/pointcloud_interactive_markers/share/pointcloud_interactive_markers/hook/cmake_prefix_path.dsv'
[11.290s] INFO:colcon.colcon_core.shell:Creating environment hook '/home/maclab/Documents/ROS_WORKSPACES/WS_Master_Thesis/install/pointcloud_interactive_markers/share/pointcloud_interactive_markers/hook/cmake_prefix_path.sh'
[11.291s] Level 1:colcon.colcon_core.environment:checking '/home/maclab/Documents/ROS_WORKSPACES/WS_Master_Thesis/install/pointcloud_interactive_markers/lib'
[11.291s] Level 1:colcon.colcon_core.environment:checking '/home/maclab/Documents/ROS_WORKSPACES/WS_Master_Thesis/install/pointcloud_interactive_markers/bin'
[11.291s] Level 1:colcon.colcon_core.environment:checking '/home/maclab/Documents/ROS_WORKSPACES/WS_Master_Thesis/install/pointcloud_interactive_markers/lib/pkgconfig/pointcloud_interactive_markers.pc'
[11.291s] Level 1:colcon.colcon_core.environment:checking '/home/maclab/Documents/ROS_WORKSPACES/WS_Master_Thesis/install/pointcloud_interactive_markers/lib/python3.10/site-packages'
[11.291s] Level 1:colcon.colcon_core.environment:checking '/home/maclab/Documents/ROS_WORKSPACES/WS_Master_Thesis/install/pointcloud_interactive_markers/bin'
[11.291s] INFO:colcon.colcon_core.shell:Creating package script '/home/maclab/Documents/ROS_WORKSPACES/WS_Master_Thesis/install/pointcloud_interactive_markers/share/pointcloud_interactive_markers/package.ps1'
[11.292s] INFO:colcon.colcon_core.shell:Creating package descriptor '/home/maclab/Documents/ROS_WORKSPACES/WS_Master_Thesis/install/pointcloud_interactive_markers/share/pointcloud_interactive_markers/package.dsv'
[11.292s] INFO:colcon.colcon_core.shell:Creating package script '/home/maclab/Documents/ROS_WORKSPACES/WS_Master_Thesis/install/pointcloud_interactive_markers/share/pointcloud_interactive_markers/package.sh'
[11.292s] INFO:colcon.colcon_core.shell:Creating package script '/home/maclab/Documents/ROS_WORKSPACES/WS_Master_Thesis/install/pointcloud_interactive_markers/share/pointcloud_interactive_markers/package.bash'
[11.292s] INFO:colcon.colcon_core.shell:Creating package script '/home/maclab/Documents/ROS_WORKSPACES/WS_Master_Thesis/install/pointcloud_interactive_markers/share/pointcloud_interactive_markers/package.zsh'
[11.293s] Level 1:colcon.colcon_core.environment:create_file_with_runtime_dependencies(/home/maclab/Documents/ROS_WORKSPACES/WS_Master_Thesis/install/pointcloud_interactive_markers/share/colcon-core/packages/pointcloud_interactive_markers)
[11.293s] Level 1:colcon.colcon_core.environment:create_environment_scripts_only(pointcloud_interactive_markers)
[11.293s] Level 1:colcon.colcon_core.environment:checking '/home/maclab/Documents/ROS_WORKSPACES/WS_Master_Thesis/install/pointcloud_interactive_markers' for CMake module files
[11.294s] Level 1:colcon.colcon_core.environment:checking '/home/maclab/Documents/ROS_WORKSPACES/WS_Master_Thesis/install/pointcloud_interactive_markers' for CMake config files
[11.294s] Level 1:colcon.colcon_core.shell:create_environment_hook('pointcloud_interactive_markers', 'cmake_prefix_path')
[11.294s] INFO:colcon.colcon_core.shell:Creating environment hook '/home/maclab/Documents/ROS_WORKSPACES/WS_Master_Thesis/install/pointcloud_interactive_markers/share/pointcloud_interactive_markers/hook/cmake_prefix_path.ps1'
[11.294s] INFO:colcon.colcon_core.shell:Creating environment descriptor '/home/maclab/Documents/ROS_WORKSPACES/WS_Master_Thesis/install/pointcloud_interactive_markers/share/pointcloud_interactive_markers/hook/cmake_prefix_path.dsv'
[11.294s] INFO:colcon.colcon_core.shell:Creating environment hook '/home/maclab/Documents/ROS_WORKSPACES/WS_Master_Thesis/install/pointcloud_interactive_markers/share/pointcloud_interactive_markers/hook/cmake_prefix_path.sh'
[11.295s] Level 1:colcon.colcon_core.environment:checking '/home/maclab/Documents/ROS_WORKSPACES/WS_Master_Thesis/install/pointcloud_interactive_markers/lib'
[11.295s] Level 1:colcon.colcon_core.environment:checking '/home/maclab/Documents/ROS_WORKSPACES/WS_Master_Thesis/install/pointcloud_interactive_markers/bin'
[11.295s] Level 1:colcon.colcon_core.environment:checking '/home/maclab/Documents/ROS_WORKSPACES/WS_Master_Thesis/install/pointcloud_interactive_markers/lib/pkgconfig/pointcloud_interactive_markers.pc'
[11.295s] Level 1:colcon.colcon_core.environment:checking '/home/maclab/Documents/ROS_WORKSPACES/WS_Master_Thesis/install/pointcloud_interactive_markers/lib/python3.10/site-packages'
[11.295s] Level 1:colcon.colcon_core.environment:checking '/home/maclab/Documents/ROS_WORKSPACES/WS_Master_Thesis/install/pointcloud_interactive_markers/bin'
[11.296s] INFO:colcon.colcon_core.shell:Creating package script '/home/maclab/Documents/ROS_WORKSPACES/WS_Master_Thesis/install/pointcloud_interactive_markers/share/pointcloud_interactive_markers/package.ps1'
[11.296s] INFO:colcon.colcon_core.shell:Creating package descriptor '/home/maclab/Documents/ROS_WORKSPACES/WS_Master_Thesis/install/pointcloud_interactive_markers/share/pointcloud_interactive_markers/package.dsv'
[11.296s] INFO:colcon.colcon_core.shell:Creating package script '/home/maclab/Documents/ROS_WORKSPACES/WS_Master_Thesis/install/pointcloud_interactive_markers/share/pointcloud_interactive_markers/package.sh'
[11.297s] INFO:colcon.colcon_core.shell:Creating package script '/home/maclab/Documents/ROS_WORKSPACES/WS_Master_Thesis/install/pointcloud_interactive_markers/share/pointcloud_interactive_markers/package.bash'
[11.297s] INFO:colcon.colcon_core.shell:Creating package script '/home/maclab/Documents/ROS_WORKSPACES/WS_Master_Thesis/install/pointcloud_interactive_markers/share/pointcloud_interactive_markers/package.zsh'
[11.297s] Level 1:colcon.colcon_core.environment:create_file_with_runtime_dependencies(/home/maclab/Documents/ROS_WORKSPACES/WS_Master_Thesis/install/pointcloud_interactive_markers/share/colcon-core/packages/pointcloud_interactive_markers)
[11.332s] DEBUG:colcon.colcon_core.event_handler.log_command:Invoked command in '/home/maclab/Documents/ROS_WORKSPACES/WS_Master_Thesis/build/environment_pointcloud_processing' returned '0': CMAKE_PREFIX_PATH=/opt/ros/humble /usr/bin/cmake --build /home/maclab/Documents/ROS_WORKSPACES/WS_Master_Thesis/build/environment_pointcloud_processing -- -j32 -l32
[11.332s] DEBUG:colcon.colcon_core.event_handler.log_command:Invoking command in '/home/maclab/Documents/ROS_WORKSPACES/WS_Master_Thesis/build/environment_pointcloud_processing': CMAKE_PREFIX_PATH=/opt/ros/humble /usr/bin/cmake --install /home/maclab/Documents/ROS_WORKSPACES/WS_Master_Thesis/build/environment_pointcloud_processing
[11.342s] Level 1:colcon.colcon_core.environment:create_environment_scripts_only(environment_pointcloud_processing)
[11.342s] DEBUG:colcon.colcon_core.event_handler.log_command:Invoked command in '/home/maclab/Documents/ROS_WORKSPACES/WS_Master_Thesis/build/environment_pointcloud_processing' returned '0': CMAKE_PREFIX_PATH=/opt/ros/humble /usr/bin/cmake --install /home/maclab/Documents/ROS_WORKSPACES/WS_Master_Thesis/build/environment_pointcloud_processing
[11.342s] Level 1:colcon.colcon_core.environment:checking '/home/maclab/Documents/ROS_WORKSPACES/WS_Master_Thesis/install/environment_pointcloud_processing' for CMake module files
[11.342s] Level 1:colcon.colcon_core.environment:checking '/home/maclab/Documents/ROS_WORKSPACES/WS_Master_Thesis/install/environment_pointcloud_processing' for CMake config files
[11.342s] Level 1:colcon.colcon_core.shell:create_environment_hook('environment_pointcloud_processing', 'cmake_prefix_path')
[11.342s] INFO:colcon.colcon_core.shell:Creating environment hook '/home/maclab/Documents/ROS_WORKSPACES/WS_Master_Thesis/install/environment_pointcloud_processing/share/environment_pointcloud_processing/hook/cmake_prefix_path.ps1'
[11.343s] INFO:colcon.colcon_core.shell:Creating environment descriptor '/home/maclab/Documents/ROS_WORKSPACES/WS_Master_Thesis/install/environment_pointcloud_processing/share/environment_pointcloud_processing/hook/cmake_prefix_path.dsv'
[11.343s] INFO:colcon.colcon_core.shell:Creating environment hook '/home/maclab/Documents/ROS_WORKSPACES/WS_Master_Thesis/install/environment_pointcloud_processing/share/environment_pointcloud_processing/hook/cmake_prefix_path.sh'
[11.343s] Level 1:colcon.colcon_core.environment:checking '/home/maclab/Documents/ROS_WORKSPACES/WS_Master_Thesis/install/environment_pointcloud_processing/lib'
[11.343s] Level 1:colcon.colcon_core.environment:checking '/home/maclab/Documents/ROS_WORKSPACES/WS_Master_Thesis/install/environment_pointcloud_processing/bin'
[11.343s] Level 1:colcon.colcon_core.environment:checking '/home/maclab/Documents/ROS_WORKSPACES/WS_Master_Thesis/install/environment_pointcloud_processing/lib/pkgconfig/environment_pointcloud_processing.pc'
[11.343s] Level 1:colcon.colcon_core.environment:checking '/home/maclab/Documents/ROS_WORKSPACES/WS_Master_Thesis/install/environment_pointcloud_processing/lib/python3.10/site-packages'
[11.343s] Level 1:colcon.colcon_core.environment:checking '/home/maclab/Documents/ROS_WORKSPACES/WS_Master_Thesis/install/environment_pointcloud_processing/bin'
[11.343s] INFO:colcon.colcon_core.shell:Creating package script '/home/maclab/Documents/ROS_WORKSPACES/WS_Master_Thesis/install/environment_pointcloud_processing/share/environment_pointcloud_processing/package.ps1'
[11.344s] INFO:colcon.colcon_core.shell:Creating package descriptor '/home/maclab/Documents/ROS_WORKSPACES/WS_Master_Thesis/install/environment_pointcloud_processing/share/environment_pointcloud_processing/package.dsv'
[11.344s] INFO:colcon.colcon_core.shell:Creating package script '/home/maclab/Documents/ROS_WORKSPACES/WS_Master_Thesis/install/environment_pointcloud_processing/share/environment_pointcloud_processing/package.sh'
[11.344s] INFO:colcon.colcon_core.shell:Creating package script '/home/maclab/Documents/ROS_WORKSPACES/WS_Master_Thesis/install/environment_pointcloud_processing/share/environment_pointcloud_processing/package.bash'
[11.344s] INFO:colcon.colcon_core.shell:Creating package script '/home/maclab/Documents/ROS_WORKSPACES/WS_Master_Thesis/install/environment_pointcloud_processing/share/environment_pointcloud_processing/package.zsh'
[11.344s] Level 1:colcon.colcon_core.environment:create_file_with_runtime_dependencies(/home/maclab/Documents/ROS_WORKSPACES/WS_Master_Thesis/install/environment_pointcloud_processing/share/colcon-core/packages/environment_pointcloud_processing)
[11.344s] Level 1:colcon.colcon_core.environment:create_environment_scripts_only(environment_pointcloud_processing)
[11.344s] Level 1:colcon.colcon_core.environment:checking '/home/maclab/Documents/ROS_WORKSPACES/WS_Master_Thesis/install/environment_pointcloud_processing' for CMake module files
[11.345s] Level 1:colcon.colcon_core.environment:checking '/home/maclab/Documents/ROS_WORKSPACES/WS_Master_Thesis/install/environment_pointcloud_processing' for CMake config files
[11.345s] Level 1:colcon.colcon_core.shell:create_environment_hook('environment_pointcloud_processing', 'cmake_prefix_path')
[11.345s] INFO:colcon.colcon_core.shell:Creating environment hook '/home/maclab/Documents/ROS_WORKSPACES/WS_Master_Thesis/install/environment_pointcloud_processing/share/environment_pointcloud_processing/hook/cmake_prefix_path.ps1'
[11.345s] INFO:colcon.colcon_core.shell:Creating environment descriptor '/home/maclab/Documents/ROS_WORKSPACES/WS_Master_Thesis/install/environment_pointcloud_processing/share/environment_pointcloud_processing/hook/cmake_prefix_path.dsv'
[11.345s] INFO:colcon.colcon_core.shell:Creating environment hook '/home/maclab/Documents/ROS_WORKSPACES/WS_Master_Thesis/install/environment_pointcloud_processing/share/environment_pointcloud_processing/hook/cmake_prefix_path.sh'
[11.345s] Level 1:colcon.colcon_core.environment:checking '/home/maclab/Documents/ROS_WORKSPACES/WS_Master_Thesis/install/environment_pointcloud_processing/lib'
[11.345s] Level 1:colcon.colcon_core.environment:checking '/home/maclab/Documents/ROS_WORKSPACES/WS_Master_Thesis/install/environment_pointcloud_processing/bin'
[11.345s] Level 1:colcon.colcon_core.environment:checking '/home/maclab/Documents/ROS_WORKSPACES/WS_Master_Thesis/install/environment_pointcloud_processing/lib/pkgconfig/environment_pointcloud_processing.pc'
[11.345s] Level 1:colcon.colcon_core.environment:checking '/home/maclab/Documents/ROS_WORKSPACES/WS_Master_Thesis/install/environment_pointcloud_processing/lib/python3.10/site-packages'
[11.345s] Level 1:colcon.colcon_core.environment:checking '/home/maclab/Documents/ROS_WORKSPACES/WS_Master_Thesis/install/environment_pointcloud_processing/bin'
[11.345s] INFO:colcon.colcon_core.shell:Creating package script '/home/maclab/Documents/ROS_WORKSPACES/WS_Master_Thesis/install/environment_pointcloud_processing/share/environment_pointcloud_processing/package.ps1'
[11.346s] INFO:colcon.colcon_core.shell:Creating package descriptor '/home/maclab/Documents/ROS_WORKSPACES/WS_Master_Thesis/install/environment_pointcloud_processing/share/environment_pointcloud_processing/package.dsv'
[11.346s] INFO:colcon.colcon_core.shell:Creating package script '/home/maclab/Documents/ROS_WORKSPACES/WS_Master_Thesis/install/environment_pointcloud_processing/share/environment_pointcloud_processing/package.sh'
[11.346s] INFO:colcon.colcon_core.shell:Creating package script '/home/maclab/Documents/ROS_WORKSPACES/WS_Master_Thesis/install/environment_pointcloud_processing/share/environment_pointcloud_processing/package.bash'
[11.346s] INFO:colcon.colcon_core.shell:Creating package script '/home/maclab/Documents/ROS_WORKSPACES/WS_Master_Thesis/install/environment_pointcloud_processing/share/environment_pointcloud_processing/package.zsh'
[11.346s] Level 1:colcon.colcon_core.environment:create_file_with_runtime_dependencies(/home/maclab/Documents/ROS_WORKSPACES/WS_Master_Thesis/install/environment_pointcloud_processing/share/colcon-core/packages/environment_pointcloud_processing)
[14.384s] DEBUG:colcon.colcon_core.event_handler.log_command:Invoked command in '/home/maclab/Documents/ROS_WORKSPACES/WS_Master_Thesis/build/uc1_robot_perception' returned '0': CMAKE_PREFIX_PATH=/opt/ros/humble /usr/bin/cmake --build /home/maclab/Documents/ROS_WORKSPACES/WS_Master_Thesis/build/uc1_robot_perception -- -j32 -l32
[14.385s] DEBUG:colcon.colcon_core.event_handler.log_command:Invoking command in '/home/maclab/Documents/ROS_WORKSPACES/WS_Master_Thesis/build/uc1_robot_perception': CMAKE_PREFIX_PATH=/opt/ros/humble /usr/bin/cmake --install /home/maclab/Documents/ROS_WORKSPACES/WS_Master_Thesis/build/uc1_robot_perception
[14.437s] Level 1:colcon.colcon_core.environment:create_environment_scripts_only(uc1_robot_perception)
[14.437s] DEBUG:colcon.colcon_core.event_handler.log_command:Invoked command in '/home/maclab/Documents/ROS_WORKSPACES/WS_Master_Thesis/build/uc1_robot_perception' returned '0': CMAKE_PREFIX_PATH=/opt/ros/humble /usr/bin/cmake --install /home/maclab/Documents/ROS_WORKSPACES/WS_Master_Thesis/build/uc1_robot_perception
[14.437s] Level 1:colcon.colcon_core.environment:checking '/home/maclab/Documents/ROS_WORKSPACES/WS_Master_Thesis/install/uc1_robot_perception' for CMake module files
[14.437s] Level 1:colcon.colcon_core.environment:checking '/home/maclab/Documents/ROS_WORKSPACES/WS_Master_Thesis/install/uc1_robot_perception' for CMake config files
[14.437s] Level 1:colcon.colcon_core.shell:create_environment_hook('uc1_robot_perception', 'cmake_prefix_path')
[14.437s] INFO:colcon.colcon_core.shell:Creating environment hook '/home/maclab/Documents/ROS_WORKSPACES/WS_Master_Thesis/install/uc1_robot_perception/share/uc1_robot_perception/hook/cmake_prefix_path.ps1'
[14.437s] INFO:colcon.colcon_core.shell:Creating environment descriptor '/home/maclab/Documents/ROS_WORKSPACES/WS_Master_Thesis/install/uc1_robot_perception/share/uc1_robot_perception/hook/cmake_prefix_path.dsv'
[14.438s] INFO:colcon.colcon_core.shell:Creating environment hook '/home/maclab/Documents/ROS_WORKSPACES/WS_Master_Thesis/install/uc1_robot_perception/share/uc1_robot_perception/hook/cmake_prefix_path.sh'
[14.438s] Level 1:colcon.colcon_core.environment:checking '/home/maclab/Documents/ROS_WORKSPACES/WS_Master_Thesis/install/uc1_robot_perception/lib'
[14.438s] Level 1:colcon.colcon_core.shell:create_environment_hook('uc1_robot_perception', 'ld_library_path_lib')
[14.438s] INFO:colcon.colcon_core.shell:Creating environment hook '/home/maclab/Documents/ROS_WORKSPACES/WS_Master_Thesis/install/uc1_robot_perception/share/uc1_robot_perception/hook/ld_library_path_lib.ps1'
[14.438s] INFO:colcon.colcon_core.shell:Creating environment descriptor '/home/maclab/Documents/ROS_WORKSPACES/WS_Master_Thesis/install/uc1_robot_perception/share/uc1_robot_perception/hook/ld_library_path_lib.dsv'
[14.438s] INFO:colcon.colcon_core.shell:Creating environment hook '/home/maclab/Documents/ROS_WORKSPACES/WS_Master_Thesis/install/uc1_robot_perception/share/uc1_robot_perception/hook/ld_library_path_lib.sh'
[14.438s] Level 1:colcon.colcon_core.environment:checking '/home/maclab/Documents/ROS_WORKSPACES/WS_Master_Thesis/install/uc1_robot_perception/bin'
[14.438s] Level 1:colcon.colcon_core.environment:checking '/home/maclab/Documents/ROS_WORKSPACES/WS_Master_Thesis/install/uc1_robot_perception/lib/pkgconfig/uc1_robot_perception.pc'
[14.438s] Level 1:colcon.colcon_core.environment:checking '/home/maclab/Documents/ROS_WORKSPACES/WS_Master_Thesis/install/uc1_robot_perception/lib/python3.10/site-packages'
[14.439s] Level 1:colcon.colcon_core.environment:checking '/home/maclab/Documents/ROS_WORKSPACES/WS_Master_Thesis/install/uc1_robot_perception/bin'
[14.439s] INFO:colcon.colcon_core.shell:Creating package script '/home/maclab/Documents/ROS_WORKSPACES/WS_Master_Thesis/install/uc1_robot_perception/share/uc1_robot_perception/package.ps1'
[14.439s] INFO:colcon.colcon_core.shell:Creating package descriptor '/home/maclab/Documents/ROS_WORKSPACES/WS_Master_Thesis/install/uc1_robot_perception/share/uc1_robot_perception/package.dsv'
[14.439s] INFO:colcon.colcon_core.shell:Creating package script '/home/maclab/Documents/ROS_WORKSPACES/WS_Master_Thesis/install/uc1_robot_perception/share/uc1_robot_perception/package.sh'
[14.439s] INFO:colcon.colcon_core.shell:Creating package script '/home/maclab/Documents/ROS_WORKSPACES/WS_Master_Thesis/install/uc1_robot_perception/share/uc1_robot_perception/package.bash'
[14.439s] INFO:colcon.colcon_core.shell:Creating package script '/home/maclab/Documents/ROS_WORKSPACES/WS_Master_Thesis/install/uc1_robot_perception/share/uc1_robot_perception/package.zsh'
[14.439s] Level 1:colcon.colcon_core.environment:create_file_with_runtime_dependencies(/home/maclab/Documents/ROS_WORKSPACES/WS_Master_Thesis/install/uc1_robot_perception/share/colcon-core/packages/uc1_robot_perception)
[14.440s] Level 1:colcon.colcon_core.environment:create_environment_scripts_only(uc1_robot_perception)
[14.440s] Level 1:colcon.colcon_core.environment:checking '/home/maclab/Documents/ROS_WORKSPACES/WS_Master_Thesis/install/uc1_robot_perception' for CMake module files
[14.440s] Level 1:colcon.colcon_core.environment:checking '/home/maclab/Documents/ROS_WORKSPACES/WS_Master_Thesis/install/uc1_robot_perception' for CMake config files
[14.440s] Level 1:colcon.colcon_core.shell:create_environment_hook('uc1_robot_perception', 'cmake_prefix_path')
[14.440s] INFO:colcon.colcon_core.shell:Creating environment hook '/home/maclab/Documents/ROS_WORKSPACES/WS_Master_Thesis/install/uc1_robot_perception/share/uc1_robot_perception/hook/cmake_prefix_path.ps1'
[14.440s] INFO:colcon.colcon_core.shell:Creating environment descriptor '/home/maclab/Documents/ROS_WORKSPACES/WS_Master_Thesis/install/uc1_robot_perception/share/uc1_robot_perception/hook/cmake_prefix_path.dsv'
[14.440s] INFO:colcon.colcon_core.shell:Creating environment hook '/home/maclab/Documents/ROS_WORKSPACES/WS_Master_Thesis/install/uc1_robot_perception/share/uc1_robot_perception/hook/cmake_prefix_path.sh'
[14.440s] Level 1:colcon.colcon_core.environment:checking '/home/maclab/Documents/ROS_WORKSPACES/WS_Master_Thesis/install/uc1_robot_perception/lib'
[14.441s] Level 1:colcon.colcon_core.shell:create_environment_hook('uc1_robot_perception', 'ld_library_path_lib')
[14.441s] INFO:colcon.colcon_core.shell:Creating environment hook '/home/maclab/Documents/ROS_WORKSPACES/WS_Master_Thesis/install/uc1_robot_perception/share/uc1_robot_perception/hook/ld_library_path_lib.ps1'
[14.441s] INFO:colcon.colcon_core.shell:Creating environment descriptor '/home/maclab/Documents/ROS_WORKSPACES/WS_Master_Thesis/install/uc1_robot_perception/share/uc1_robot_perception/hook/ld_library_path_lib.dsv'
[14.441s] INFO:colcon.colcon_core.shell:Creating environment hook '/home/maclab/Documents/ROS_WORKSPACES/WS_Master_Thesis/install/uc1_robot_perception/share/uc1_robot_perception/hook/ld_library_path_lib.sh'
[14.441s] Level 1:colcon.colcon_core.environment:checking '/home/maclab/Documents/ROS_WORKSPACES/WS_Master_Thesis/install/uc1_robot_perception/bin'
[14.441s] Level 1:colcon.colcon_core.environment:checking '/home/maclab/Documents/ROS_WORKSPACES/WS_Master_Thesis/install/uc1_robot_perception/lib/pkgconfig/uc1_robot_perception.pc'
[14.441s] Level 1:colcon.colcon_core.environment:checking '/home/maclab/Documents/ROS_WORKSPACES/WS_Master_Thesis/install/uc1_robot_perception/lib/python3.10/site-packages'
[14.441s] Level 1:colcon.colcon_core.environment:checking '/home/maclab/Documents/ROS_WORKSPACES/WS_Master_Thesis/install/uc1_robot_perception/bin'
[14.441s] INFO:colcon.colcon_core.shell:Creating package script '/home/maclab/Documents/ROS_WORKSPACES/WS_Master_Thesis/install/uc1_robot_perception/share/uc1_robot_perception/package.ps1'
[14.442s] INFO:colcon.colcon_core.shell:Creating package descriptor '/home/maclab/Documents/ROS_WORKSPACES/WS_Master_Thesis/install/uc1_robot_perception/share/uc1_robot_perception/package.dsv'
[14.442s] INFO:colcon.colcon_core.shell:Creating package script '/home/maclab/Documents/ROS_WORKSPACES/WS_Master_Thesis/install/uc1_robot_perception/share/uc1_robot_perception/package.sh'
[14.442s] INFO:colcon.colcon_core.shell:Creating package script '/home/maclab/Documents/ROS_WORKSPACES/WS_Master_Thesis/install/uc1_robot_perception/share/uc1_robot_perception/package.bash'
[14.442s] INFO:colcon.colcon_core.shell:Creating package script '/home/maclab/Documents/ROS_WORKSPACES/WS_Master_Thesis/install/uc1_robot_perception/share/uc1_robot_perception/package.zsh'
[14.442s] Level 1:colcon.colcon_core.environment:create_file_with_runtime_dependencies(/home/maclab/Documents/ROS_WORKSPACES/WS_Master_Thesis/install/uc1_robot_perception/share/colcon-core/packages/uc1_robot_perception)
[14.442s] INFO:colcon.colcon_ros.task.ament_cmake.build:Building ROS package in '/home/maclab/Documents/ROS_WORKSPACES/WS_Master_Thesis/src/uc1_robot_controllers' with build type 'ament_cmake'
[14.442s] INFO:colcon.colcon_cmake.task.cmake.build:Building CMake package in '/home/maclab/Documents/ROS_WORKSPACES/WS_Master_Thesis/src/uc1_robot_controllers'
[14.443s] INFO:colcon.colcon_core.shell:Skip shell extension 'powershell' for command environment: Not usable outside of PowerShell
[14.443s] DEBUG:colcon.colcon_core.shell:Skip shell extension 'dsv' for command environment
[14.450s] DEBUG:colcon.colcon_core.event_handler.log_command:Invoking command in '/home/maclab/Documents/ROS_WORKSPACES/WS_Master_Thesis/build/uc1_robot_controllers': AMENT_PREFIX_PATH=/home/maclab/Documents/ROS_WORKSPACES/WS_Master_Thesis/install/uc1_robot_perception:/home/maclab/Documents/ROS_WORKSPACES/WS_Master_Thesis/install/uc1_robot_controllers_interfaces:${AMENT_PREFIX_PATH} CMAKE_PREFIX_PATH=/home/maclab/Documents/ROS_WORKSPACES/WS_Master_Thesis/install/uc1_robot_perception:/home/maclab/Documents/ROS_WORKSPACES/WS_Master_Thesis/install/uc1_robot_controllers_interfaces:/opt/ros/humble LD_LIBRARY_PATH=/home/maclab/Documents/ROS_WORKSPACES/WS_Master_Thesis/install/uc1_robot_perception/lib:/home/maclab/Documents/ROS_WORKSPACES/WS_Master_Thesis/install/uc1_robot_controllers_interfaces/lib:${LD_LIBRARY_PATH} PYTHONPATH=/home/maclab/Documents/ROS_WORKSPACES/WS_Master_Thesis/install/uc1_robot_perception/local/lib/python3.10/dist-packages:/home/maclab/Documents/ROS_WORKSPACES/WS_Master_Thesis/install/uc1_robot_controllers_interfaces/local/lib/python3.10/dist-packages:${PYTHONPATH} /usr/bin/cmake /home/maclab/Documents/ROS_WORKSPACES/WS_Master_Thesis/src/uc1_robot_controllers -DCMAKE_INSTALL_PREFIX=/home/maclab/Documents/ROS_WORKSPACES/WS_Master_Thesis/install/uc1_robot_controllers
[14.503s] DEBUG:colcon.colcon_core.event_handler.log_command:Invoked command in '/home/maclab/Documents/ROS_WORKSPACES/WS_Master_Thesis/build/ur_admittance_controller' returned '0': CMAKE_PREFIX_PATH=/opt/ros/humble /usr/bin/cmake --build /home/maclab/Documents/ROS_WORKSPACES/WS_Master_Thesis/build/ur_admittance_controller -- -j32 -l32
[14.504s] DEBUG:colcon.colcon_core.event_handler.log_command:Invoking command in '/home/maclab/Documents/ROS_WORKSPACES/WS_Master_Thesis/build/ur_admittance_controller': CMAKE_PREFIX_PATH=/opt/ros/humble /usr/bin/cmake --install /home/maclab/Documents/ROS_WORKSPACES/WS_Master_Thesis/build/ur_admittance_controller
[14.522s] Level 1:colcon.colcon_core.environment:create_environment_scripts_only(ur_admittance_controller)
[14.523s] Level 1:colcon.colcon_core.environment:checking '/home/maclab/Documents/ROS_WORKSPACES/WS_Master_Thesis/install/ur_admittance_controller' for CMake module files
[14.523s] Level 1:colcon.colcon_core.environment:checking '/home/maclab/Documents/ROS_WORKSPACES/WS_Master_Thesis/install/ur_admittance_controller' for CMake config files
[14.523s] Level 1:colcon.colcon_core.shell:create_environment_hook('ur_admittance_controller', 'cmake_prefix_path')
[14.524s] INFO:colcon.colcon_core.shell:Creating environment hook '/home/maclab/Documents/ROS_WORKSPACES/WS_Master_Thesis/install/ur_admittance_controller/share/ur_admittance_controller/hook/cmake_prefix_path.ps1'
[14.524s] DEBUG:colcon.colcon_core.event_handler.log_command:Invoked command in '/home/maclab/Documents/ROS_WORKSPACES/WS_Master_Thesis/build/ur_admittance_controller' returned '0': CMAKE_PREFIX_PATH=/opt/ros/humble /usr/bin/cmake --install /home/maclab/Documents/ROS_WORKSPACES/WS_Master_Thesis/build/ur_admittance_controller
[14.525s] INFO:colcon.colcon_core.shell:Creating environment descriptor '/home/maclab/Documents/ROS_WORKSPACES/WS_Master_Thesis/install/ur_admittance_controller/share/ur_admittance_controller/hook/cmake_prefix_path.dsv'
[14.525s] INFO:colcon.colcon_core.shell:Creating environment hook '/home/maclab/Documents/ROS_WORKSPACES/WS_Master_Thesis/install/ur_admittance_controller/share/ur_admittance_controller/hook/cmake_prefix_path.sh'
[14.526s] Level 1:colcon.colcon_core.environment:checking '/home/maclab/Documents/ROS_WORKSPACES/WS_Master_Thesis/install/ur_admittance_controller/lib'
[14.526s] Level 1:colcon.colcon_core.environment:checking '/home/maclab/Documents/ROS_WORKSPACES/WS_Master_Thesis/install/ur_admittance_controller/bin'
[14.526s] Level 1:colcon.colcon_core.environment:checking '/home/maclab/Documents/ROS_WORKSPACES/WS_Master_Thesis/install/ur_admittance_controller/lib/pkgconfig/ur_admittance_controller.pc'
[14.526s] Level 1:colcon.colcon_core.environment:checking '/home/maclab/Documents/ROS_WORKSPACES/WS_Master_Thesis/install/ur_admittance_controller/lib/python3.10/site-packages'
[14.526s] Level 1:colcon.colcon_core.environment:checking '/home/maclab/Documents/ROS_WORKSPACES/WS_Master_Thesis/install/ur_admittance_controller/bin'
[14.527s] INFO:colcon.colcon_core.shell:Creating package script '/home/maclab/Documents/ROS_WORKSPACES/WS_Master_Thesis/install/ur_admittance_controller/share/ur_admittance_controller/package.ps1'
[14.527s] INFO:colcon.colcon_core.shell:Creating package descriptor '/home/maclab/Documents/ROS_WORKSPACES/WS_Master_Thesis/install/ur_admittance_controller/share/ur_admittance_controller/package.dsv'
[14.527s] INFO:colcon.colcon_core.shell:Creating package script '/home/maclab/Documents/ROS_WORKSPACES/WS_Master_Thesis/install/ur_admittance_controller/share/ur_admittance_controller/package.sh'
[14.527s] INFO:colcon.colcon_core.shell:Creating package script '/home/maclab/Documents/ROS_WORKSPACES/WS_Master_Thesis/install/ur_admittance_controller/share/ur_admittance_controller/package.bash'
[14.527s] INFO:colcon.colcon_core.shell:Creating package script '/home/maclab/Documents/ROS_WORKSPACES/WS_Master_Thesis/install/ur_admittance_controller/share/ur_admittance_controller/package.zsh'
[14.527s] Level 1:colcon.colcon_core.environment:create_file_with_runtime_dependencies(/home/maclab/Documents/ROS_WORKSPACES/WS_Master_Thesis/install/ur_admittance_controller/share/colcon-core/packages/ur_admittance_controller)
[14.527s] Level 1:colcon.colcon_core.environment:create_environment_scripts_only(ur_admittance_controller)
[14.527s] Level 1:colcon.colcon_core.environment:checking '/home/maclab/Documents/ROS_WORKSPACES/WS_Master_Thesis/install/ur_admittance_controller' for CMake module files
[14.528s] Level 1:colcon.colcon_core.environment:checking '/home/maclab/Documents/ROS_WORKSPACES/WS_Master_Thesis/install/ur_admittance_controller' for CMake config files
[14.528s] Level 1:colcon.colcon_core.shell:create_environment_hook('ur_admittance_controller', 'cmake_prefix_path')
[14.528s] INFO:colcon.colcon_core.shell:Creating environment hook '/home/maclab/Documents/ROS_WORKSPACES/WS_Master_Thesis/install/ur_admittance_controller/share/ur_admittance_controller/hook/cmake_prefix_path.ps1'
[14.528s] INFO:colcon.colcon_core.shell:Creating environment descriptor '/home/maclab/Documents/ROS_WORKSPACES/WS_Master_Thesis/install/ur_admittance_controller/share/ur_admittance_controller/hook/cmake_prefix_path.dsv'
[14.528s] INFO:colcon.colcon_core.shell:Creating environment hook '/home/maclab/Documents/ROS_WORKSPACES/WS_Master_Thesis/install/ur_admittance_controller/share/ur_admittance_controller/hook/cmake_prefix_path.sh'
[14.528s] Level 1:colcon.colcon_core.environment:checking '/home/maclab/Documents/ROS_WORKSPACES/WS_Master_Thesis/install/ur_admittance_controller/lib'
[14.528s] Level 1:colcon.colcon_core.environment:checking '/home/maclab/Documents/ROS_WORKSPACES/WS_Master_Thesis/install/ur_admittance_controller/bin'
[14.528s] Level 1:colcon.colcon_core.environment:checking '/home/maclab/Documents/ROS_WORKSPACES/WS_Master_Thesis/install/ur_admittance_controller/lib/pkgconfig/ur_admittance_controller.pc'
[14.528s] Level 1:colcon.colcon_core.environment:checking '/home/maclab/Documents/ROS_WORKSPACES/WS_Master_Thesis/install/ur_admittance_controller/lib/python3.10/site-packages'
[14.529s] Level 1:colcon.colcon_core.environment:checking '/home/maclab/Documents/ROS_WORKSPACES/WS_Master_Thesis/install/ur_admittance_controller/bin'
[14.529s] INFO:colcon.colcon_core.shell:Creating package script '/home/maclab/Documents/ROS_WORKSPACES/WS_Master_Thesis/install/ur_admittance_controller/share/ur_admittance_controller/package.ps1'
[14.529s] INFO:colcon.colcon_core.shell:Creating package descriptor '/home/maclab/Documents/ROS_WORKSPACES/WS_Master_Thesis/install/ur_admittance_controller/share/ur_admittance_controller/package.dsv'
[14.529s] INFO:colcon.colcon_core.shell:Creating package script '/home/maclab/Documents/ROS_WORKSPACES/WS_Master_Thesis/install/ur_admittance_controller/share/ur_admittance_controller/package.sh'
[14.529s] INFO:colcon.colcon_core.shell:Creating package script '/home/maclab/Documents/ROS_WORKSPACES/WS_Master_Thesis/install/ur_admittance_controller/share/ur_admittance_controller/package.bash'
[14.529s] INFO:colcon.colcon_core.shell:Creating package script '/home/maclab/Documents/ROS_WORKSPACES/WS_Master_Thesis/install/ur_admittance_controller/share/ur_admittance_controller/package.zsh'
[14.529s] Level 1:colcon.colcon_core.environment:create_file_with_runtime_dependencies(/home/maclab/Documents/ROS_WORKSPACES/WS_Master_Thesis/install/ur_admittance_controller/share/colcon-core/packages/ur_admittance_controller)
[17.745s] DEBUG:colcon.colcon_core.event_handler.log_command:Invoked command in '/home/maclab/Documents/ROS_WORKSPACES/WS_Master_Thesis/build/uc1_robot_controllers' returned '0': AMENT_PREFIX_PATH=/home/maclab/Documents/ROS_WORKSPACES/WS_Master_Thesis/install/uc1_robot_perception:/home/maclab/Documents/ROS_WORKSPACES/WS_Master_Thesis/install/uc1_robot_controllers_interfaces:${AMENT_PREFIX_PATH} CMAKE_PREFIX_PATH=/home/maclab/Documents/ROS_WORKSPACES/WS_Master_Thesis/install/uc1_robot_perception:/home/maclab/Documents/ROS_WORKSPACES/WS_Master_Thesis/install/uc1_robot_controllers_interfaces:/opt/ros/humble LD_LIBRARY_PATH=/home/maclab/Documents/ROS_WORKSPACES/WS_Master_Thesis/install/uc1_robot_perception/lib:/home/maclab/Documents/ROS_WORKSPACES/WS_Master_Thesis/install/uc1_robot_controllers_interfaces/lib:${LD_LIBRARY_PATH} PYTHONPATH=/home/maclab/Documents/ROS_WORKSPACES/WS_Master_Thesis/install/uc1_robot_perception/local/lib/python3.10/dist-packages:/home/maclab/Documents/ROS_WORKSPACES/WS_Master_Thesis/install/uc1_robot_controllers_interfaces/local/lib/python3.10/dist-packages:${PYTHONPATH} /usr/bin/cmake /home/maclab/Documents/ROS_WORKSPACES/WS_Master_Thesis/src/uc1_robot_controllers -DCMAKE_INSTALL_PREFIX=/home/maclab/Documents/ROS_WORKSPACES/WS_Master_Thesis/install/uc1_robot_controllers
[17.746s] DEBUG:colcon.colcon_core.event_handler.log_command:Invoking command in '/home/maclab/Documents/ROS_WORKSPACES/WS_Master_Thesis/build/uc1_robot_controllers': AMENT_PREFIX_PATH=/home/maclab/Documents/ROS_WORKSPACES/WS_Master_Thesis/install/uc1_robot_perception:/home/maclab/Documents/ROS_WORKSPACES/WS_Master_Thesis/install/uc1_robot_controllers_interfaces:${AMENT_PREFIX_PATH} CMAKE_PREFIX_PATH=/home/maclab/Documents/ROS_WORKSPACES/WS_Master_Thesis/install/uc1_robot_perception:/home/maclab/Documents/ROS_WORKSPACES/WS_Master_Thesis/install/uc1_robot_controllers_interfaces:/opt/ros/humble LD_LIBRARY_PATH=/home/maclab/Documents/ROS_WORKSPACES/WS_Master_Thesis/install/uc1_robot_perception/lib:/home/maclab/Documents/ROS_WORKSPACES/WS_Master_Thesis/install/uc1_robot_controllers_interfaces/lib:${LD_LIBRARY_PATH} PYTHONPATH=/home/maclab/Documents/ROS_WORKSPACES/WS_Master_Thesis/install/uc1_robot_perception/local/lib/python3.10/dist-packages:/home/maclab/Documents/ROS_WORKSPACES/WS_Master_Thesis/install/uc1_robot_controllers_interfaces/local/lib/python3.10/dist-packages:${PYTHONPATH} /usr/bin/cmake --build /home/maclab/Documents/ROS_WORKSPACES/WS_Master_Thesis/build/uc1_robot_controllers -- -j32 -l32
[34.201s] DEBUG:colcon.colcon_core.event_handler.log_command:Invoked command in '/home/maclab/Documents/ROS_WORKSPACES/WS_Master_Thesis/build/uc1_robot_controllers' returned '0': AMENT_PREFIX_PATH=/home/maclab/Documents/ROS_WORKSPACES/WS_Master_Thesis/install/uc1_robot_perception:/home/maclab/Documents/ROS_WORKSPACES/WS_Master_Thesis/install/uc1_robot_controllers_interfaces:${AMENT_PREFIX_PATH} CMAKE_PREFIX_PATH=/home/maclab/Documents/ROS_WORKSPACES/WS_Master_Thesis/install/uc1_robot_perception:/home/maclab/Documents/ROS_WORKSPACES/WS_Master_Thesis/install/uc1_robot_controllers_interfaces:/opt/ros/humble LD_LIBRARY_PATH=/home/maclab/Documents/ROS_WORKSPACES/WS_Master_Thesis/install/uc1_robot_perception/lib:/home/maclab/Documents/ROS_WORKSPACES/WS_Master_Thesis/install/uc1_robot_controllers_interfaces/lib:${LD_LIBRARY_PATH} PYTHONPATH=/home/maclab/Documents/ROS_WORKSPACES/WS_Master_Thesis/install/uc1_robot_perception/local/lib/python3.10/dist-packages:/home/maclab/Documents/ROS_WORKSPACES/WS_Master_Thesis/install/uc1_robot_controllers_interfaces/local/lib/python3.10/dist-packages:${PYTHONPATH} /usr/bin/cmake --build /home/maclab/Documents/ROS_WORKSPACES/WS_Master_Thesis/build/uc1_robot_controllers -- -j32 -l32
[34.201s] DEBUG:colcon.colcon_core.event_handler.log_command:Invoking command in '/home/maclab/Documents/ROS_WORKSPACES/WS_Master_Thesis/build/uc1_robot_controllers': AMENT_PREFIX_PATH=/home/maclab/Documents/ROS_WORKSPACES/WS_Master_Thesis/install/uc1_robot_perception:/home/maclab/Documents/ROS_WORKSPACES/WS_Master_Thesis/install/uc1_robot_controllers_interfaces:${AMENT_PREFIX_PATH} CMAKE_PREFIX_PATH=/home/maclab/Documents/ROS_WORKSPACES/WS_Master_Thesis/install/uc1_robot_perception:/home/maclab/Documents/ROS_WORKSPACES/WS_Master_Thesis/install/uc1_robot_controllers_interfaces:/opt/ros/humble LD_LIBRARY_PATH=/home/maclab/Documents/ROS_WORKSPACES/WS_Master_Thesis/install/uc1_robot_perception/lib:/home/maclab/Documents/ROS_WORKSPACES/WS_Master_Thesis/install/uc1_robot_controllers_interfaces/lib:${LD_LIBRARY_PATH} PYTHONPATH=/home/maclab/Documents/ROS_WORKSPACES/WS_Master_Thesis/install/uc1_robot_perception/local/lib/python3.10/dist-packages:/home/maclab/Documents/ROS_WORKSPACES/WS_Master_Thesis/install/uc1_robot_controllers_interfaces/local/lib/python3.10/dist-packages:${PYTHONPATH} /usr/bin/cmake --install /home/maclab/Documents/ROS_WORKSPACES/WS_Master_Thesis/build/uc1_robot_controllers
[34.235s] Level 1:colcon.colcon_core.environment:create_environment_scripts_only(uc1_robot_controllers)
[34.235s] Level 1:colcon.colcon_core.environment:checking '/home/maclab/Documents/ROS_WORKSPACES/WS_Master_Thesis/install/uc1_robot_controllers' for CMake module files
[34.235s] DEBUG:colcon.colcon_core.event_handler.log_command:Invoked command in '/home/maclab/Documents/ROS_WORKSPACES/WS_Master_Thesis/build/uc1_robot_controllers' returned '0': AMENT_PREFIX_PATH=/home/maclab/Documents/ROS_WORKSPACES/WS_Master_Thesis/install/uc1_robot_perception:/home/maclab/Documents/ROS_WORKSPACES/WS_Master_Thesis/install/uc1_robot_controllers_interfaces:${AMENT_PREFIX_PATH} CMAKE_PREFIX_PATH=/home/maclab/Documents/ROS_WORKSPACES/WS_Master_Thesis/install/uc1_robot_perception:/home/maclab/Documents/ROS_WORKSPACES/WS_Master_Thesis/install/uc1_robot_controllers_interfaces:/opt/ros/humble LD_LIBRARY_PATH=/home/maclab/Documents/ROS_WORKSPACES/WS_Master_Thesis/install/uc1_robot_perception/lib:/home/maclab/Documents/ROS_WORKSPACES/WS_Master_Thesis/install/uc1_robot_controllers_interfaces/lib:${LD_LIBRARY_PATH} PYTHONPATH=/home/maclab/Documents/ROS_WORKSPACES/WS_Master_Thesis/install/uc1_robot_perception/local/lib/python3.10/dist-packages:/home/maclab/Documents/ROS_WORKSPACES/WS_Master_Thesis/install/uc1_robot_controllers_interfaces/local/lib/python3.10/dist-packages:${PYTHONPATH} /usr/bin/cmake --install /home/maclab/Documents/ROS_WORKSPACES/WS_Master_Thesis/build/uc1_robot_controllers
[34.235s] Level 1:colcon.colcon_core.environment:checking '/home/maclab/Documents/ROS_WORKSPACES/WS_Master_Thesis/install/uc1_robot_controllers' for CMake config files
[34.236s] Level 1:colcon.colcon_core.shell:create_environment_hook('uc1_robot_controllers', 'cmake_prefix_path')
[34.236s] INFO:colcon.colcon_core.shell:Creating environment hook '/home/maclab/Documents/ROS_WORKSPACES/WS_Master_Thesis/install/uc1_robot_controllers/share/uc1_robot_controllers/hook/cmake_prefix_path.ps1'
[34.236s] INFO:colcon.colcon_core.shell:Creating environment descriptor '/home/maclab/Documents/ROS_WORKSPACES/WS_Master_Thesis/install/uc1_robot_controllers/share/uc1_robot_controllers/hook/cmake_prefix_path.dsv'
[34.236s] INFO:colcon.colcon_core.shell:Creating environment hook '/home/maclab/Documents/ROS_WORKSPACES/WS_Master_Thesis/install/uc1_robot_controllers/share/uc1_robot_controllers/hook/cmake_prefix_path.sh'
[34.237s] Level 1:colcon.colcon_core.environment:checking '/home/maclab/Documents/ROS_WORKSPACES/WS_Master_Thesis/install/uc1_robot_controllers/lib'
[34.237s] Level 1:colcon.colcon_core.environment:checking '/home/maclab/Documents/ROS_WORKSPACES/WS_Master_Thesis/install/uc1_robot_controllers/bin'
[34.237s] Level 1:colcon.colcon_core.environment:checking '/home/maclab/Documents/ROS_WORKSPACES/WS_Master_Thesis/install/uc1_robot_controllers/lib/pkgconfig/uc1_robot_controllers.pc'
[34.237s] Level 1:colcon.colcon_core.environment:checking '/home/maclab/Documents/ROS_WORKSPACES/WS_Master_Thesis/install/uc1_robot_controllers/lib/python3.10/site-packages'
[34.237s] Level 1:colcon.colcon_core.environment:checking '/home/maclab/Documents/ROS_WORKSPACES/WS_Master_Thesis/install/uc1_robot_controllers/bin'
[34.237s] INFO:colcon.colcon_core.shell:Creating package script '/home/maclab/Documents/ROS_WORKSPACES/WS_Master_Thesis/install/uc1_robot_controllers/share/uc1_robot_controllers/package.ps1'
[34.237s] INFO:colcon.colcon_core.shell:Creating package descriptor '/home/maclab/Documents/ROS_WORKSPACES/WS_Master_Thesis/install/uc1_robot_controllers/share/uc1_robot_controllers/package.dsv'
[34.237s] INFO:colcon.colcon_core.shell:Creating package script '/home/maclab/Documents/ROS_WORKSPACES/WS_Master_Thesis/install/uc1_robot_controllers/share/uc1_robot_controllers/package.sh'
[34.237s] INFO:colcon.colcon_core.shell:Creating package script '/home/maclab/Documents/ROS_WORKSPACES/WS_Master_Thesis/install/uc1_robot_controllers/share/uc1_robot_controllers/package.bash'
[34.238s] INFO:colcon.colcon_core.shell:Creating package script '/home/maclab/Documents/ROS_WORKSPACES/WS_Master_Thesis/install/uc1_robot_controllers/share/uc1_robot_controllers/package.zsh'
[34.238s] Level 1:colcon.colcon_core.environment:create_file_with_runtime_dependencies(/home/maclab/Documents/ROS_WORKSPACES/WS_Master_Thesis/install/uc1_robot_controllers/share/colcon-core/packages/uc1_robot_controllers)
[34.238s] Level 1:colcon.colcon_core.environment:create_environment_scripts_only(uc1_robot_controllers)
[34.238s] Level 1:colcon.colcon_core.environment:checking '/home/maclab/Documents/ROS_WORKSPACES/WS_Master_Thesis/install/uc1_robot_controllers' for CMake module files
[34.238s] Level 1:colcon.colcon_core.environment:checking '/home/maclab/Documents/ROS_WORKSPACES/WS_Master_Thesis/install/uc1_robot_controllers' for CMake config files
[34.238s] Level 1:colcon.colcon_core.shell:create_environment_hook('uc1_robot_controllers', 'cmake_prefix_path')
[34.238s] INFO:colcon.colcon_core.shell:Creating environment hook '/home/maclab/Documents/ROS_WORKSPACES/WS_Master_Thesis/install/uc1_robot_controllers/share/uc1_robot_controllers/hook/cmake_prefix_path.ps1'
[34.238s] INFO:colcon.colcon_core.shell:Creating environment descriptor '/home/maclab/Documents/ROS_WORKSPACES/WS_Master_Thesis/install/uc1_robot_controllers/share/uc1_robot_controllers/hook/cmake_prefix_path.dsv'
[34.239s] INFO:colcon.colcon_core.shell:Creating environment hook '/home/maclab/Documents/ROS_WORKSPACES/WS_Master_Thesis/install/uc1_robot_controllers/share/uc1_robot_controllers/hook/cmake_prefix_path.sh'
[34.239s] Level 1:colcon.colcon_core.environment:checking '/home/maclab/Documents/ROS_WORKSPACES/WS_Master_Thesis/install/uc1_robot_controllers/lib'
[34.239s] Level 1:colcon.colcon_core.environment:checking '/home/maclab/Documents/ROS_WORKSPACES/WS_Master_Thesis/install/uc1_robot_controllers/bin'
[34.239s] Level 1:colcon.colcon_core.environment:checking '/home/maclab/Documents/ROS_WORKSPACES/WS_Master_Thesis/install/uc1_robot_controllers/lib/pkgconfig/uc1_robot_controllers.pc'
[34.239s] Level 1:colcon.colcon_core.environment:checking '/home/maclab/Documents/ROS_WORKSPACES/WS_Master_Thesis/install/uc1_robot_controllers/lib/python3.10/site-packages'
[34.239s] Level 1:colcon.colcon_core.environment:checking '/home/maclab/Documents/ROS_WORKSPACES/WS_Master_Thesis/install/uc1_robot_controllers/bin'
[34.239s] INFO:colcon.colcon_core.shell:Creating package script '/home/maclab/Documents/ROS_WORKSPACES/WS_Master_Thesis/install/uc1_robot_controllers/share/uc1_robot_controllers/package.ps1'
[34.239s] INFO:colcon.colcon_core.shell:Creating package descriptor '/home/maclab/Documents/ROS_WORKSPACES/WS_Master_Thesis/install/uc1_robot_controllers/share/uc1_robot_controllers/package.dsv'
[34.239s] INFO:colcon.colcon_core.shell:Creating package script '/home/maclab/Documents/ROS_WORKSPACES/WS_Master_Thesis/install/uc1_robot_controllers/share/uc1_robot_controllers/package.sh'
[34.240s] INFO:colcon.colcon_core.shell:Creating package script '/home/maclab/Documents/ROS_WORKSPACES/WS_Master_Thesis/install/uc1_robot_controllers/share/uc1_robot_controllers/package.bash'
[34.240s] INFO:colcon.colcon_core.shell:Creating package script '/home/maclab/Documents/ROS_WORKSPACES/WS_Master_Thesis/install/uc1_robot_controllers/share/uc1_robot_controllers/package.zsh'
[34.240s] Level 1:colcon.colcon_core.environment:create_file_with_runtime_dependencies(/home/maclab/Documents/ROS_WORKSPACES/WS_Master_Thesis/install/uc1_robot_controllers/share/colcon-core/packages/uc1_robot_controllers)
[34.240s] DEBUG:colcon.colcon_parallel_executor.executor.parallel:closing loop
[34.240s] DEBUG:colcon.colcon_parallel_executor.executor.parallel:loop closed
[34.240s] DEBUG:colcon.colcon_parallel_executor.executor.parallel:run_until_complete finished with '0'
[34.240s] DEBUG:colcon.colcon_core.event_reactor:joining thread
[34.243s] INFO:colcon.colcon_core.plugin_system:Skipping extension 'colcon_notification.desktop_notification.terminal_notifier': Not used on non-Darwin systems
[34.243s] INFO:colcon.colcon_core.plugin_system:Skipping extension 'colcon_notification.desktop_notification.win32': Not used on non-Windows systems
[34.243s] INFO:colcon.colcon_notification.desktop_notification:Sending desktop notification using 'notify2'
[34.252s] DEBUG:colcon.colcon_core.event_reactor:joined thread
[34.252s] INFO:colcon.colcon_core.shell:Creating prefix script '/home/maclab/Documents/ROS_WORKSPACES/WS_Master_Thesis/install/local_setup.ps1'
[34.253s] INFO:colcon.colcon_core.shell:Creating prefix util module '/home/maclab/Documents/ROS_WORKSPACES/WS_Master_Thesis/install/_local_setup_util_ps1.py'
[34.254s] INFO:colcon.colcon_core.shell:Creating prefix chain script '/home/maclab/Documents/ROS_WORKSPACES/WS_Master_Thesis/install/setup.ps1'
[34.255s] INFO:colcon.colcon_core.shell:Creating prefix script '/home/maclab/Documents/ROS_WORKSPACES/WS_Master_Thesis/install/local_setup.sh'
[34.256s] INFO:colcon.colcon_core.shell:Creating prefix util module '/home/maclab/Documents/ROS_WORKSPACES/WS_Master_Thesis/install/_local_setup_util_sh.py'
[34.257s] INFO:colcon.colcon_core.shell:Creating prefix chain script '/home/maclab/Documents/ROS_WORKSPACES/WS_Master_Thesis/install/setup.sh'
[34.259s] INFO:colcon.colcon_core.shell:Creating prefix script '/home/maclab/Documents/ROS_WORKSPACES/WS_Master_Thesis/install/local_setup.bash'
[34.259s] INFO:colcon.colcon_core.shell:Creating prefix chain script '/home/maclab/Documents/ROS_WORKSPACES/WS_Master_Thesis/install/setup.bash'
[34.260s] INFO:colcon.colcon_core.shell:Creating prefix script '/home/maclab/Documents/ROS_WORKSPACES/WS_Master_Thesis/install/local_setup.zsh'
[34.260s] INFO:colcon.colcon_core.shell:Creating prefix chain script '/home/maclab/Documents/ROS_WORKSPACES/WS_Master_Thesis/install/setup.zsh'
