[0.016s] Invoking command in '/home/maclab/Documents/ROS_WORKSPACES/WS_Master_Thesis/build/uc1_robot_perception': CMAKE_PREFIX_PATH=/opt/ros/humble /usr/bin/cmake /home/maclab/Documents/ROS_WORKSPACES/WS_Master_Thesis/src/uc1_robot_perception -DCMAKE_INSTALL_PREFIX=/home/maclab/Documents/ROS_WORKSPACES/WS_Master_Thesis/install/uc1_robot_perception
[0.026s] -- Found ament_cmake: 1.3.12 (/opt/ros/humble/share/ament_cmake/cmake)
[0.121s] -- Found rclcpp: 16.0.15 (/opt/ros/humble/share/rclcpp/cmake)
[0.144s] -- Found rosidl_generator_c: 3.1.7 (/opt/ros/humble/share/rosidl_generator_c/cmake)
[0.146s] -- Found rosidl_adapter: 3.1.7 (/opt/ros/humble/share/rosidl_adapter/cmake)
[0.150s] -- Found rosidl_generator_cpp: 3.1.7 (/opt/ros/humble/share/rosidl_generator_cpp/cmake)
[0.157s] -- Using all available rosidl_typesupport_c: rosidl_typesupport_fastrtps_c;rosidl_typesupport_introspection_c
[0.165s] -- Using all available rosidl_typesupport_cpp: rosidl_typesupport_fastrtps_cpp;rosidl_typesupport_introspection_cpp
[0.189s] -- Found rmw_implementation_cmake: 6.1.2 (/opt/ros/humble/share/rmw_implementation_cmake/cmake)
[0.189s] -- Found rmw_fastrtps_cpp: 6.2.9 (/opt/ros/humble/share/rmw_fastrtps_cpp/cmake)
[0.256s] -- Using RMW implementation 'rmw_fastrtps_cpp' as default
[0.283s] -- Found example_interfaces: 0.9.3 (/opt/ros/humble/share/example_interfaces/cmake)
[0.299s] -- Found sensor_msgs: 4.9.0 (/opt/ros/humble/share/sensor_msgs/cmake)
[0.311s] -- Found visualization_msgs: 4.9.0 (/opt/ros/humble/share/visualization_msgs/cmake)
[0.321s] -- Found interactive_markers: 2.3.2 (/opt/ros/humble/share/interactive_markers/cmake)
[0.324s] -- Found tf2_ros: 0.25.16 (/opt/ros/humble/share/tf2_ros/cmake)
[0.350s] -- Found tf2_eigen: 0.25.16 (/opt/ros/humble/share/tf2_eigen/cmake)
[0.351s] -- Found tf2_geometry_msgs: 0.25.16 (/opt/ros/humble/share/tf2_geometry_msgs/cmake)
[0.353s] -- Found eigen3_cmake_module: 0.1.1 (/opt/ros/humble/share/eigen3_cmake_module/cmake)
[0.353s] -- Ensuring Eigen3 include directory is part of orocos-kdl CMake target
[0.354s] -- Found pcl_conversions: 2.4.5 (/opt/ros/humble/share/pcl_conversions/cmake)
[0.372s] -- Eigen found (include: /usr/include/eigen3, version: 3.4.0)
[0.387s] -- FLANN found (include: /usr/include, lib: /usr/lib/x86_64-linux-gnu/libflann_cpp.so)
[0.562s] -- OpenNI found (version: 1.5.4.0, include: /usr/include/ni, lib: /usr/lib/libOpenNI.so;libusb::libusb)
[0.565s] -- OpenNI2 found (version: 2.2.0.33, include: /usr/include/openni2, lib: /usr/lib/x86_64-linux-gnu/libOpenNI2.so;libusb::libusb)
[0.646s] -- Eigen found (include: /usr/include/eigen3, version: 3.4.0)
[0.650s] -- OpenNI found (version: 1.5.4.0, include: /usr/include/ni, lib: /usr/lib/libOpenNI.so;libusb::libusb)
[0.653s] -- OpenNI2 found (version: 2.2.0.33, include: /usr/include/openni2, lib: /usr/lib/x86_64-linux-gnu/libOpenNI2.so;libusb::libusb)
[0.732s] -- Found Qhull version 8.0.2
[0.802s] -- OpenNI found (version: 1.5.4.0, include: /usr/include/ni, lib: /usr/lib/libOpenNI.so;libusb::libusb)
[0.880s] -- Found pcl_ros: 2.4.5 (/opt/ros/humble/share/pcl_ros/cmake)
[0.885s] -- Found urdf: 2.6.1 (/opt/ros/humble/share/urdf/cmake)
[0.894s] -- Could NOT find Doxygen (missing: DOXYGEN_EXECUTABLE) 
[0.898s] -- Found rosidl_default_generators: 1.2.0 (/opt/ros/humble/share/rosidl_default_generators/cmake)
[1.055s] -- Found ament_cmake_ros: 0.10.0 (/opt/ros/humble/share/ament_cmake_ros/cmake)
[1.268s] -- Using all available rosidl_typesupport_c: rosidl_typesupport_fastrtps_c;rosidl_typesupport_introspection_c
[1.350s] -- Using all available rosidl_typesupport_cpp: rosidl_typesupport_fastrtps_cpp;rosidl_typesupport_introspection_cpp
[1.360s] -- Found python_cmake_module: 0.10.0 (/opt/ros/humble/share/python_cmake_module/cmake)
[1.372s] -- Using PYTHON_EXECUTABLE: /usr/bin/python3
[1.372s] -- Using PYTHON_INCLUDE_DIRS: /usr/include/python3.10
[1.372s] -- Using PYTHON_LIBRARIES: /usr/lib/x86_64-linux-gnu/libpython3.10.so
[1.389s] [0mCMake Deprecation Warning at /opt/ros/humble/share/rosidl_cmake/cmake/rosidl_target_interfaces.cmake:32 (message):
[1.389s]   Use rosidl_get_typesupport_target() and target_link_libraries() instead of
[1.389s]   rosidl_target_interfaces()
[1.389s] Call Stack (most recent call first):
[1.389s]   CMakeLists.txt:65 (rosidl_target_interfaces)
[1.389s] 
[1.389s] [0m
[1.392s] [0mCMake Deprecation Warning at /opt/ros/humble/share/rosidl_cmake/cmake/rosidl_target_interfaces.cmake:32 (message):
[1.393s]   Use rosidl_get_typesupport_target() and target_link_libraries() instead of
[1.393s]   rosidl_target_interfaces()
[1.393s] Call Stack (most recent call first):
[1.393s]   CMakeLists.txt:82 (rosidl_target_interfaces)
[1.393s] 
[1.393s] [0m
[1.396s] [0mCMake Deprecation Warning at /opt/ros/humble/share/rosidl_cmake/cmake/rosidl_target_interfaces.cmake:32 (message):
[1.396s]   Use rosidl_get_typesupport_target() and target_link_libraries() instead of
[1.396s]   rosidl_target_interfaces()
[1.396s] Call Stack (most recent call first):
[1.397s]   CMakeLists.txt:99 (rosidl_target_interfaces)
[1.397s] 
[1.397s] [0m
[1.397s] -- Found ament_lint_auto: 0.12.14 (/opt/ros/humble/share/ament_lint_auto/cmake)
[1.415s] -- Added test 'cppcheck' to perform static code analysis on C / C++ code
[1.416s] -- Configured cppcheck include dirs: /home/maclab/Documents/ROS_WORKSPACES/WS_Master_Thesis/src/uc1_robot_perception/include
[1.416s] -- Configured cppcheck exclude dirs and/or files: 
[1.416s] -- Added test 'lint_cmake' to check CMake code style
[1.417s] -- Added test 'uncrustify' to check C / C++ code style
[1.417s] -- Configured uncrustify additional arguments: 
[1.418s] -- Added test 'xmllint' to check XML markup files
[1.418s] -- Configuring done
[1.455s] -- Generating done
[1.466s] -- Build files have been written to: /home/maclab/Documents/ROS_WORKSPACES/WS_Master_Thesis/build/uc1_robot_perception
[1.475s] Invoked command in '/home/maclab/Documents/ROS_WORKSPACES/WS_Master_Thesis/build/uc1_robot_perception' returned '0': CMAKE_PREFIX_PATH=/opt/ros/humble /usr/bin/cmake /home/maclab/Documents/ROS_WORKSPACES/WS_Master_Thesis/src/uc1_robot_perception -DCMAKE_INSTALL_PREFIX=/home/maclab/Documents/ROS_WORKSPACES/WS_Master_Thesis/install/uc1_robot_perception
[1.476s] Invoking command in '/home/maclab/Documents/ROS_WORKSPACES/WS_Master_Thesis/build/uc1_robot_perception': CMAKE_PREFIX_PATH=/opt/ros/humble /usr/bin/cmake --build /home/maclab/Documents/ROS_WORKSPACES/WS_Master_Thesis/build/uc1_robot_perception -- -j32 -l32
[1.488s] /usr/bin/cmake -S/home/maclab/Documents/ROS_WORKSPACES/WS_Master_Thesis/src/uc1_robot_perception -B/home/maclab/Documents/ROS_WORKSPACES/WS_Master_Thesis/build/uc1_robot_perception --check-build-system CMakeFiles/Makefile.cmake 0
[1.497s] /usr/bin/cmake -E cmake_progress_start /home/maclab/Documents/ROS_WORKSPACES/WS_Master_Thesis/build/uc1_robot_perception/CMakeFiles /home/maclab/Documents/ROS_WORKSPACES/WS_Master_Thesis/build/uc1_robot_perception//CMakeFiles/progress.marks
[1.501s] /usr/bin/gmake  -f CMakeFiles/Makefile2 all
[1.502s] gmake[1]: Entering directory '/home/maclab/Documents/ROS_WORKSPACES/WS_Master_Thesis/build/uc1_robot_perception'
[1.502s] /usr/bin/gmake  -f CMakeFiles/uc1_robot_perception__cpp.dir/build.make CMakeFiles/uc1_robot_perception__cpp.dir/depend
[1.502s] /usr/bin/gmake  -f CMakeFiles/uc1_robot_perception__rosidl_generator_c.dir/build.make CMakeFiles/uc1_robot_perception__rosidl_generator_c.dir/depend
[1.503s] /usr/bin/gmake  -f CMakeFiles/ament_cmake_python_copy_uc1_robot_perception.dir/build.make CMakeFiles/ament_cmake_python_copy_uc1_robot_perception.dir/depend
[1.503s] gmake[2]: Entering directory '/home/maclab/Documents/ROS_WORKSPACES/WS_Master_Thesis/build/uc1_robot_perception'
[1.503s] cd /home/maclab/Documents/ROS_WORKSPACES/WS_Master_Thesis/build/uc1_robot_perception && /usr/bin/cmake -E cmake_depends "Unix Makefiles" /home/maclab/Documents/ROS_WORKSPACES/WS_Master_Thesis/src/uc1_robot_perception /home/maclab/Documents/ROS_WORKSPACES/WS_Master_Thesis/src/uc1_robot_perception /home/maclab/Documents/ROS_WORKSPACES/WS_Master_Thesis/build/uc1_robot_perception /home/maclab/Documents/ROS_WORKSPACES/WS_Master_Thesis/build/uc1_robot_perception /home/maclab/Documents/ROS_WORKSPACES/WS_Master_Thesis/build/uc1_robot_perception/CMakeFiles/uc1_robot_perception__cpp.dir/DependInfo.cmake --color=
[1.503s] gmake[2]: Entering directory '/home/maclab/Documents/ROS_WORKSPACES/WS_Master_Thesis/build/uc1_robot_perception'
[1.503s] cd /home/maclab/Documents/ROS_WORKSPACES/WS_Master_Thesis/build/uc1_robot_perception && /usr/bin/cmake -E cmake_depends "Unix Makefiles" /home/maclab/Documents/ROS_WORKSPACES/WS_Master_Thesis/src/uc1_robot_perception /home/maclab/Documents/ROS_WORKSPACES/WS_Master_Thesis/src/uc1_robot_perception /home/maclab/Documents/ROS_WORKSPACES/WS_Master_Thesis/build/uc1_robot_perception /home/maclab/Documents/ROS_WORKSPACES/WS_Master_Thesis/build/uc1_robot_perception /home/maclab/Documents/ROS_WORKSPACES/WS_Master_Thesis/build/uc1_robot_perception/CMakeFiles/ament_cmake_python_copy_uc1_robot_perception.dir/DependInfo.cmake --color=
[1.504s] gmake[2]: Entering directory '/home/maclab/Documents/ROS_WORKSPACES/WS_Master_Thesis/build/uc1_robot_perception'
[1.504s] cd /home/maclab/Documents/ROS_WORKSPACES/WS_Master_Thesis/build/uc1_robot_perception && /usr/bin/cmake -E cmake_depends "Unix Makefiles" /home/maclab/Documents/ROS_WORKSPACES/WS_Master_Thesis/src/uc1_robot_perception /home/maclab/Documents/ROS_WORKSPACES/WS_Master_Thesis/src/uc1_robot_perception /home/maclab/Documents/ROS_WORKSPACES/WS_Master_Thesis/build/uc1_robot_perception /home/maclab/Documents/ROS_WORKSPACES/WS_Master_Thesis/build/uc1_robot_perception /home/maclab/Documents/ROS_WORKSPACES/WS_Master_Thesis/build/uc1_robot_perception/CMakeFiles/uc1_robot_perception__rosidl_generator_c.dir/DependInfo.cmake --color=
[1.508s] Dependencies file "CMakeFiles/uc1_robot_perception__rosidl_generator_c.dir/rosidl_generator_c/uc1_robot_perception/msg/detail/contact__functions.c.o.d" is newer than depends file "/home/maclab/Documents/ROS_WORKSPACES/WS_Master_Thesis/build/uc1_robot_perception/CMakeFiles/uc1_robot_perception__rosidl_generator_c.dir/compiler_depend.internal".
[1.508s] Dependencies file "CMakeFiles/uc1_robot_perception__rosidl_generator_c.dir/rosidl_generator_c/uc1_robot_perception/msg/detail/contact_array__functions.c.o.d" is newer than depends file "/home/maclab/Documents/ROS_WORKSPACES/WS_Master_Thesis/build/uc1_robot_perception/CMakeFiles/uc1_robot_perception__rosidl_generator_c.dir/compiler_depend.internal".
[1.508s] Dependencies file "CMakeFiles/uc1_robot_perception__rosidl_generator_c.dir/rosidl_generator_c/uc1_robot_perception/msg/detail/proximity_task__functions.c.o.d" is newer than depends file "/home/maclab/Documents/ROS_WORKSPACES/WS_Master_Thesis/build/uc1_robot_perception/CMakeFiles/uc1_robot_perception__rosidl_generator_c.dir/compiler_depend.internal".
[1.508s] gmake[2]: Leaving directory '/home/maclab/Documents/ROS_WORKSPACES/WS_Master_Thesis/build/uc1_robot_perception'
[1.508s] Dependencies file "CMakeFiles/uc1_robot_perception__rosidl_generator_c.dir/rosidl_generator_c/uc1_robot_perception/msg/detail/proximity_task_array__functions.c.o.d" is newer than depends file "/home/maclab/Documents/ROS_WORKSPACES/WS_Master_Thesis/build/uc1_robot_perception/CMakeFiles/uc1_robot_perception__rosidl_generator_c.dir/compiler_depend.internal".
[1.508s] /usr/bin/gmake  -f CMakeFiles/uc1_robot_perception__cpp.dir/build.make CMakeFiles/uc1_robot_perception__cpp.dir/build
[1.508s] [35m[1mConsolidate compiler generated dependencies of target uc1_robot_perception__rosidl_generator_c[0m
[1.508s] gmake[2]: Leaving directory '/home/maclab/Documents/ROS_WORKSPACES/WS_Master_Thesis/build/uc1_robot_perception'
[1.509s] /usr/bin/gmake  -f CMakeFiles/ament_cmake_python_copy_uc1_robot_perception.dir/build.make CMakeFiles/ament_cmake_python_copy_uc1_robot_perception.dir/build
[1.509s] gmake[2]: Entering directory '/home/maclab/Documents/ROS_WORKSPACES/WS_Master_Thesis/build/uc1_robot_perception'
[1.509s] /usr/bin/cmake -E copy_directory /home/maclab/Documents/ROS_WORKSPACES/WS_Master_Thesis/build/uc1_robot_perception/rosidl_generator_py/uc1_robot_perception /home/maclab/Documents/ROS_WORKSPACES/WS_Master_Thesis/build/uc1_robot_perception/ament_cmake_python/uc1_robot_perception/uc1_robot_perception
[1.509s] gmake[2]: Entering directory '/home/maclab/Documents/ROS_WORKSPACES/WS_Master_Thesis/build/uc1_robot_perception'
[1.509s] gmake[2]: Nothing to be done for 'CMakeFiles/uc1_robot_perception__cpp.dir/build'.
[1.509s] gmake[2]: Leaving directory '/home/maclab/Documents/ROS_WORKSPACES/WS_Master_Thesis/build/uc1_robot_perception'
[1.510s] gmake[2]: Leaving directory '/home/maclab/Documents/ROS_WORKSPACES/WS_Master_Thesis/build/uc1_robot_perception'
[1.510s] /usr/bin/gmake  -f CMakeFiles/uc1_robot_perception__rosidl_generator_c.dir/build.make CMakeFiles/uc1_robot_perception__rosidl_generator_c.dir/build
[1.511s] gmake[2]: Entering directory '/home/maclab/Documents/ROS_WORKSPACES/WS_Master_Thesis/build/uc1_robot_perception'
[1.511s] gmake[2]: Nothing to be done for 'CMakeFiles/uc1_robot_perception__rosidl_generator_c.dir/build'.
[1.511s] gmake[2]: Leaving directory '/home/maclab/Documents/ROS_WORKSPACES/WS_Master_Thesis/build/uc1_robot_perception'
[1.514s] [  1%] Built target uc1_robot_perception__cpp
[1.514s] /usr/bin/gmake  -f CMakeFiles/uc1_robot_perception__rosidl_typesupport_cpp.dir/build.make CMakeFiles/uc1_robot_perception__rosidl_typesupport_cpp.dir/depend
[1.514s] /usr/bin/gmake  -f CMakeFiles/uc1_robot_perception__rosidl_typesupport_fastrtps_cpp.dir/build.make CMakeFiles/uc1_robot_perception__rosidl_typesupport_fastrtps_cpp.dir/depend
[1.515s] /usr/bin/gmake  -f CMakeFiles/uc1_robot_perception__rosidl_typesupport_introspection_cpp.dir/build.make CMakeFiles/uc1_robot_perception__rosidl_typesupport_introspection_cpp.dir/depend
[1.515s] gmake[2]: Leaving directory '/home/maclab/Documents/ROS_WORKSPACES/WS_Master_Thesis/build/uc1_robot_perception'
[1.515s] gmake[2]: Entering directory '/home/maclab/Documents/ROS_WORKSPACES/WS_Master_Thesis/build/uc1_robot_perception'
[1.515s] cd /home/maclab/Documents/ROS_WORKSPACES/WS_Master_Thesis/build/uc1_robot_perception && /usr/bin/cmake -E cmake_depends "Unix Makefiles" /home/maclab/Documents/ROS_WORKSPACES/WS_Master_Thesis/src/uc1_robot_perception /home/maclab/Documents/ROS_WORKSPACES/WS_Master_Thesis/src/uc1_robot_perception /home/maclab/Documents/ROS_WORKSPACES/WS_Master_Thesis/build/uc1_robot_perception /home/maclab/Documents/ROS_WORKSPACES/WS_Master_Thesis/build/uc1_robot_perception /home/maclab/Documents/ROS_WORKSPACES/WS_Master_Thesis/build/uc1_robot_perception/CMakeFiles/uc1_robot_perception__rosidl_typesupport_cpp.dir/DependInfo.cmake --color=
[1.515s] gmake[2]: Entering directory '/home/maclab/Documents/ROS_WORKSPACES/WS_Master_Thesis/build/uc1_robot_perception'
[1.515s] cd /home/maclab/Documents/ROS_WORKSPACES/WS_Master_Thesis/build/uc1_robot_perception && /usr/bin/cmake -E cmake_depends "Unix Makefiles" /home/maclab/Documents/ROS_WORKSPACES/WS_Master_Thesis/src/uc1_robot_perception /home/maclab/Documents/ROS_WORKSPACES/WS_Master_Thesis/src/uc1_robot_perception /home/maclab/Documents/ROS_WORKSPACES/WS_Master_Thesis/build/uc1_robot_perception /home/maclab/Documents/ROS_WORKSPACES/WS_Master_Thesis/build/uc1_robot_perception /home/maclab/Documents/ROS_WORKSPACES/WS_Master_Thesis/build/uc1_robot_perception/CMakeFiles/uc1_robot_perception__rosidl_typesupport_fastrtps_cpp.dir/DependInfo.cmake --color=
[1.515s] [ 11%] Built target uc1_robot_perception__rosidl_generator_c
[1.516s] gmake[2]: Entering directory '/home/maclab/Documents/ROS_WORKSPACES/WS_Master_Thesis/build/uc1_robot_perception'
[1.516s] cd /home/maclab/Documents/ROS_WORKSPACES/WS_Master_Thesis/build/uc1_robot_perception && /usr/bin/cmake -E cmake_depends "Unix Makefiles" /home/maclab/Documents/ROS_WORKSPACES/WS_Master_Thesis/src/uc1_robot_perception /home/maclab/Documents/ROS_WORKSPACES/WS_Master_Thesis/src/uc1_robot_perception /home/maclab/Documents/ROS_WORKSPACES/WS_Master_Thesis/build/uc1_robot_perception /home/maclab/Documents/ROS_WORKSPACES/WS_Master_Thesis/build/uc1_robot_perception /home/maclab/Documents/ROS_WORKSPACES/WS_Master_Thesis/build/uc1_robot_perception/CMakeFiles/uc1_robot_perception__rosidl_typesupport_introspection_cpp.dir/DependInfo.cmake --color=
[1.516s] /usr/bin/gmake  -f CMakeFiles/uc1_robot_perception__rosidl_typesupport_fastrtps_c.dir/build.make CMakeFiles/uc1_robot_perception__rosidl_typesupport_fastrtps_c.dir/depend
[1.516s] /usr/bin/gmake  -f CMakeFiles/uc1_robot_perception__rosidl_typesupport_introspection_c.dir/build.make CMakeFiles/uc1_robot_perception__rosidl_typesupport_introspection_c.dir/depend
[1.516s] /usr/bin/gmake  -f CMakeFiles/uc1_robot_perception__rosidl_typesupport_c.dir/build.make CMakeFiles/uc1_robot_perception__rosidl_typesupport_c.dir/depend
[1.517s] gmake[2]: Entering directory '/home/maclab/Documents/ROS_WORKSPACES/WS_Master_Thesis/build/uc1_robot_perception'
[1.517s] cd /home/maclab/Documents/ROS_WORKSPACES/WS_Master_Thesis/build/uc1_robot_perception && /usr/bin/cmake -E cmake_depends "Unix Makefiles" /home/maclab/Documents/ROS_WORKSPACES/WS_Master_Thesis/src/uc1_robot_perception /home/maclab/Documents/ROS_WORKSPACES/WS_Master_Thesis/src/uc1_robot_perception /home/maclab/Documents/ROS_WORKSPACES/WS_Master_Thesis/build/uc1_robot_perception /home/maclab/Documents/ROS_WORKSPACES/WS_Master_Thesis/build/uc1_robot_perception /home/maclab/Documents/ROS_WORKSPACES/WS_Master_Thesis/build/uc1_robot_perception/CMakeFiles/uc1_robot_perception__rosidl_typesupport_fastrtps_c.dir/DependInfo.cmake --color=
[1.517s] gmake[2]: Entering directory '/home/maclab/Documents/ROS_WORKSPACES/WS_Master_Thesis/build/uc1_robot_perception'
[1.517s] cd /home/maclab/Documents/ROS_WORKSPACES/WS_Master_Thesis/build/uc1_robot_perception && /usr/bin/cmake -E cmake_depends "Unix Makefiles" /home/maclab/Documents/ROS_WORKSPACES/WS_Master_Thesis/src/uc1_robot_perception /home/maclab/Documents/ROS_WORKSPACES/WS_Master_Thesis/src/uc1_robot_perception /home/maclab/Documents/ROS_WORKSPACES/WS_Master_Thesis/build/uc1_robot_perception /home/maclab/Documents/ROS_WORKSPACES/WS_Master_Thesis/build/uc1_robot_perception /home/maclab/Documents/ROS_WORKSPACES/WS_Master_Thesis/build/uc1_robot_perception/CMakeFiles/uc1_robot_perception__rosidl_typesupport_introspection_c.dir/DependInfo.cmake --color=
[1.517s] gmake[2]: Entering directory '/home/maclab/Documents/ROS_WORKSPACES/WS_Master_Thesis/build/uc1_robot_perception'
[1.517s] cd /home/maclab/Documents/ROS_WORKSPACES/WS_Master_Thesis/build/uc1_robot_perception && /usr/bin/cmake -E cmake_depends "Unix Makefiles" /home/maclab/Documents/ROS_WORKSPACES/WS_Master_Thesis/src/uc1_robot_perception /home/maclab/Documents/ROS_WORKSPACES/WS_Master_Thesis/src/uc1_robot_perception /home/maclab/Documents/ROS_WORKSPACES/WS_Master_Thesis/build/uc1_robot_perception /home/maclab/Documents/ROS_WORKSPACES/WS_Master_Thesis/build/uc1_robot_perception /home/maclab/Documents/ROS_WORKSPACES/WS_Master_Thesis/build/uc1_robot_perception/CMakeFiles/uc1_robot_perception__rosidl_typesupport_c.dir/DependInfo.cmake --color=
[1.518s] [ 11%] Built target ament_cmake_python_copy_uc1_robot_perception
[1.518s] Dependencies file "CMakeFiles/uc1_robot_perception__rosidl_typesupport_cpp.dir/rosidl_typesupport_cpp/uc1_robot_perception/msg/contact__type_support.cpp.o.d" is newer than depends file "/home/maclab/Documents/ROS_WORKSPACES/WS_Master_Thesis/build/uc1_robot_perception/CMakeFiles/uc1_robot_perception__rosidl_typesupport_cpp.dir/compiler_depend.internal".
[1.518s] Dependencies file "CMakeFiles/uc1_robot_perception__rosidl_typesupport_cpp.dir/rosidl_typesupport_cpp/uc1_robot_perception/msg/contact_array__type_support.cpp.o.d" is newer than depends file "/home/maclab/Documents/ROS_WORKSPACES/WS_Master_Thesis/build/uc1_robot_perception/CMakeFiles/uc1_robot_perception__rosidl_typesupport_cpp.dir/compiler_depend.internal".
[1.518s] /usr/bin/gmake  -f CMakeFiles/ament_cmake_python_build_uc1_robot_perception_egg.dir/build.make CMakeFiles/ament_cmake_python_build_uc1_robot_perception_egg.dir/depend
[1.519s] Dependencies file "CMakeFiles/uc1_robot_perception__rosidl_typesupport_cpp.dir/rosidl_typesupport_cpp/uc1_robot_perception/msg/proximity_task__type_support.cpp.o.d" is newer than depends file "/home/maclab/Documents/ROS_WORKSPACES/WS_Master_Thesis/build/uc1_robot_perception/CMakeFiles/uc1_robot_perception__rosidl_typesupport_cpp.dir/compiler_depend.internal".
[1.519s] Dependencies file "CMakeFiles/uc1_robot_perception__rosidl_typesupport_cpp.dir/rosidl_typesupport_cpp/uc1_robot_perception/msg/proximity_task_array__type_support.cpp.o.d" is newer than depends file "/home/maclab/Documents/ROS_WORKSPACES/WS_Master_Thesis/build/uc1_robot_perception/CMakeFiles/uc1_robot_perception__rosidl_typesupport_cpp.dir/compiler_depend.internal".
[1.519s] [35m[1mConsolidate compiler generated dependencies of target uc1_robot_perception__rosidl_typesupport_cpp[0m
[1.519s] gmake[2]: Entering directory '/home/maclab/Documents/ROS_WORKSPACES/WS_Master_Thesis/build/uc1_robot_perception'
[1.519s] cd /home/maclab/Documents/ROS_WORKSPACES/WS_Master_Thesis/build/uc1_robot_perception && /usr/bin/cmake -E cmake_depends "Unix Makefiles" /home/maclab/Documents/ROS_WORKSPACES/WS_Master_Thesis/src/uc1_robot_perception /home/maclab/Documents/ROS_WORKSPACES/WS_Master_Thesis/src/uc1_robot_perception /home/maclab/Documents/ROS_WORKSPACES/WS_Master_Thesis/build/uc1_robot_perception /home/maclab/Documents/ROS_WORKSPACES/WS_Master_Thesis/build/uc1_robot_perception /home/maclab/Documents/ROS_WORKSPACES/WS_Master_Thesis/build/uc1_robot_perception/CMakeFiles/ament_cmake_python_build_uc1_robot_perception_egg.dir/DependInfo.cmake --color=
[1.520s] gmake[2]: Leaving directory '/home/maclab/Documents/ROS_WORKSPACES/WS_Master_Thesis/build/uc1_robot_perception'
[1.520s] /usr/bin/gmake  -f CMakeFiles/uc1_robot_perception__rosidl_typesupport_cpp.dir/build.make CMakeFiles/uc1_robot_perception__rosidl_typesupport_cpp.dir/build
[1.520s] Dependencies file "CMakeFiles/uc1_robot_perception__rosidl_typesupport_fastrtps_cpp.dir/rosidl_typesupport_fastrtps_cpp/uc1_robot_perception/msg/detail/dds_fastrtps/contact__type_support.cpp.o.d" is newer than depends file "/home/maclab/Documents/ROS_WORKSPACES/WS_Master_Thesis/build/uc1_robot_perception/CMakeFiles/uc1_robot_perception__rosidl_typesupport_fastrtps_cpp.dir/compiler_depend.internal".
[1.520s] Dependencies file "CMakeFiles/uc1_robot_perception__rosidl_typesupport_fastrtps_cpp.dir/rosidl_typesupport_fastrtps_cpp/uc1_robot_perception/msg/detail/dds_fastrtps/contact_array__type_support.cpp.o.d" is newer than depends file "/home/maclab/Documents/ROS_WORKSPACES/WS_Master_Thesis/build/uc1_robot_perception/CMakeFiles/uc1_robot_perception__rosidl_typesupport_fastrtps_cpp.dir/compiler_depend.internal".
[1.520s] Dependencies file "CMakeFiles/uc1_robot_perception__rosidl_typesupport_fastrtps_cpp.dir/rosidl_typesupport_fastrtps_cpp/uc1_robot_perception/msg/detail/dds_fastrtps/proximity_task__type_support.cpp.o.d" is newer than depends file "/home/maclab/Documents/ROS_WORKSPACES/WS_Master_Thesis/build/uc1_robot_perception/CMakeFiles/uc1_robot_perception__rosidl_typesupport_fastrtps_cpp.dir/compiler_depend.internal".
[1.520s] Dependencies file "CMakeFiles/uc1_robot_perception__rosidl_typesupport_fastrtps_cpp.dir/rosidl_typesupport_fastrtps_cpp/uc1_robot_perception/msg/detail/dds_fastrtps/proximity_task_array__type_support.cpp.o.d" is newer than depends file "/home/maclab/Documents/ROS_WORKSPACES/WS_Master_Thesis/build/uc1_robot_perception/CMakeFiles/uc1_robot_perception__rosidl_typesupport_fastrtps_cpp.dir/compiler_depend.internal".
[1.520s] Dependencies file "CMakeFiles/uc1_robot_perception__rosidl_typesupport_introspection_cpp.dir/rosidl_typesupport_introspection_cpp/uc1_robot_perception/msg/detail/contact__type_support.cpp.o.d" is newer than depends file "/home/maclab/Documents/ROS_WORKSPACES/WS_Master_Thesis/build/uc1_robot_perception/CMakeFiles/uc1_robot_perception__rosidl_typesupport_introspection_cpp.dir/compiler_depend.internal".
[1.521s] [35m[1mConsolidate compiler generated dependencies of target uc1_robot_perception__rosidl_typesupport_fastrtps_cpp[0m
[1.521s] Dependencies file "CMakeFiles/uc1_robot_perception__rosidl_typesupport_introspection_cpp.dir/rosidl_typesupport_introspection_cpp/uc1_robot_perception/msg/detail/contact_array__type_support.cpp.o.d" is newer than depends file "/home/maclab/Documents/ROS_WORKSPACES/WS_Master_Thesis/build/uc1_robot_perception/CMakeFiles/uc1_robot_perception__rosidl_typesupport_introspection_cpp.dir/compiler_depend.internal".
[1.521s] Dependencies file "CMakeFiles/uc1_robot_perception__rosidl_typesupport_introspection_cpp.dir/rosidl_typesupport_introspection_cpp/uc1_robot_perception/msg/detail/proximity_task__type_support.cpp.o.d" is newer than depends file "/home/maclab/Documents/ROS_WORKSPACES/WS_Master_Thesis/build/uc1_robot_perception/CMakeFiles/uc1_robot_perception__rosidl_typesupport_introspection_cpp.dir/compiler_depend.internal".
[1.521s] Dependencies file "CMakeFiles/uc1_robot_perception__rosidl_typesupport_introspection_cpp.dir/rosidl_typesupport_introspection_cpp/uc1_robot_perception/msg/detail/proximity_task_array__type_support.cpp.o.d" is newer than depends file "/home/maclab/Documents/ROS_WORKSPACES/WS_Master_Thesis/build/uc1_robot_perception/CMakeFiles/uc1_robot_perception__rosidl_typesupport_introspection_cpp.dir/compiler_depend.internal".
[1.521s] [35m[1mConsolidate compiler generated dependencies of target uc1_robot_perception__rosidl_typesupport_introspection_cpp[0m
[1.521s] Dependencies file "CMakeFiles/uc1_robot_perception__rosidl_typesupport_fastrtps_c.dir/rosidl_typesupport_fastrtps_c/uc1_robot_perception/msg/detail/contact__type_support_c.cpp.o.d" is newer than depends file "/home/maclab/Documents/ROS_WORKSPACES/WS_Master_Thesis/build/uc1_robot_perception/CMakeFiles/uc1_robot_perception__rosidl_typesupport_fastrtps_c.dir/compiler_depend.internal".
[1.522s] Dependencies file "CMakeFiles/uc1_robot_perception__rosidl_typesupport_c.dir/rosidl_typesupport_c/uc1_robot_perception/msg/contact__type_support.cpp.o.d" is newer than depends file "/home/maclab/Documents/ROS_WORKSPACES/WS_Master_Thesis/build/uc1_robot_perception/CMakeFiles/uc1_robot_perception__rosidl_typesupport_c.dir/compiler_depend.internal".
[1.522s] Dependencies file "CMakeFiles/uc1_robot_perception__rosidl_typesupport_c.dir/rosidl_typesupport_c/uc1_robot_perception/msg/contact_array__type_support.cpp.o.d" is newer than depends file "/home/maclab/Documents/ROS_WORKSPACES/WS_Master_Thesis/build/uc1_robot_perception/CMakeFiles/uc1_robot_perception__rosidl_typesupport_c.dir/compiler_depend.internal".
[1.522s] Dependencies file "CMakeFiles/uc1_robot_perception__rosidl_typesupport_fastrtps_c.dir/rosidl_typesupport_fastrtps_c/uc1_robot_perception/msg/detail/contact_array__type_support_c.cpp.o.d" is newer than depends file "/home/maclab/Documents/ROS_WORKSPACES/WS_Master_Thesis/build/uc1_robot_perception/CMakeFiles/uc1_robot_perception__rosidl_typesupport_fastrtps_c.dir/compiler_depend.internal".
[1.522s] Dependencies file "CMakeFiles/uc1_robot_perception__rosidl_typesupport_c.dir/rosidl_typesupport_c/uc1_robot_perception/msg/proximity_task__type_support.cpp.o.d" is newer than depends file "/home/maclab/Documents/ROS_WORKSPACES/WS_Master_Thesis/build/uc1_robot_perception/CMakeFiles/uc1_robot_perception__rosidl_typesupport_c.dir/compiler_depend.internal".
[1.522s] Dependencies file "CMakeFiles/uc1_robot_perception__rosidl_typesupport_c.dir/rosidl_typesupport_c/uc1_robot_perception/msg/proximity_task_array__type_support.cpp.o.d" is newer than depends file "/home/maclab/Documents/ROS_WORKSPACES/WS_Master_Thesis/build/uc1_robot_perception/CMakeFiles/uc1_robot_perception__rosidl_typesupport_c.dir/compiler_depend.internal".
[1.522s] gmake[2]: Entering directory '/home/maclab/Documents/ROS_WORKSPACES/WS_Master_Thesis/build/uc1_robot_perception'
[1.522s] gmake[2]: Nothing to be done for 'CMakeFiles/uc1_robot_perception__rosidl_typesupport_cpp.dir/build'.
[1.522s] gmake[2]: Leaving directory '/home/maclab/Documents/ROS_WORKSPACES/WS_Master_Thesis/build/uc1_robot_perception'
[1.522s] Dependencies file "CMakeFiles/uc1_robot_perception__rosidl_typesupport_introspection_c.dir/rosidl_typesupport_introspection_c/uc1_robot_perception/msg/detail/contact__type_support.c.o.d" is newer than depends file "/home/maclab/Documents/ROS_WORKSPACES/WS_Master_Thesis/build/uc1_robot_perception/CMakeFiles/uc1_robot_perception__rosidl_typesupport_introspection_c.dir/compiler_depend.internal".
[1.522s] [35m[1mConsolidate compiler generated dependencies of target uc1_robot_perception__rosidl_typesupport_c[0m
[1.522s] Dependencies file "CMakeFiles/uc1_robot_perception__rosidl_typesupport_fastrtps_c.dir/rosidl_typesupport_fastrtps_c/uc1_robot_perception/msg/detail/proximity_task__type_support_c.cpp.o.d" is newer than depends file "/home/maclab/Documents/ROS_WORKSPACES/WS_Master_Thesis/build/uc1_robot_perception/CMakeFiles/uc1_robot_perception__rosidl_typesupport_fastrtps_c.dir/compiler_depend.internal".
[1.522s] Dependencies file "CMakeFiles/uc1_robot_perception__rosidl_typesupport_introspection_c.dir/rosidl_typesupport_introspection_c/uc1_robot_perception/msg/detail/contact_array__type_support.c.o.d" is newer than depends file "/home/maclab/Documents/ROS_WORKSPACES/WS_Master_Thesis/build/uc1_robot_perception/CMakeFiles/uc1_robot_perception__rosidl_typesupport_introspection_c.dir/compiler_depend.internal".
[1.522s] Dependencies file "CMakeFiles/uc1_robot_perception__rosidl_typesupport_introspection_c.dir/rosidl_typesupport_introspection_c/uc1_robot_perception/msg/detail/proximity_task__type_support.c.o.d" is newer than depends file "/home/maclab/Documents/ROS_WORKSPACES/WS_Master_Thesis/build/uc1_robot_perception/CMakeFiles/uc1_robot_perception__rosidl_typesupport_introspection_c.dir/compiler_depend.internal".
[1.522s] Dependencies file "CMakeFiles/uc1_robot_perception__rosidl_typesupport_fastrtps_c.dir/rosidl_typesupport_fastrtps_c/uc1_robot_perception/msg/detail/proximity_task_array__type_support_c.cpp.o.d" is newer than depends file "/home/maclab/Documents/ROS_WORKSPACES/WS_Master_Thesis/build/uc1_robot_perception/CMakeFiles/uc1_robot_perception__rosidl_typesupport_fastrtps_c.dir/compiler_depend.internal".
[1.522s] Dependencies file "CMakeFiles/uc1_robot_perception__rosidl_typesupport_introspection_c.dir/rosidl_typesupport_introspection_c/uc1_robot_perception/msg/detail/proximity_task_array__type_support.c.o.d" is newer than depends file "/home/maclab/Documents/ROS_WORKSPACES/WS_Master_Thesis/build/uc1_robot_perception/CMakeFiles/uc1_robot_perception__rosidl_typesupport_introspection_c.dir/compiler_depend.internal".
[1.522s] [35m[1mConsolidate compiler generated dependencies of target uc1_robot_perception__rosidl_typesupport_introspection_c[0m
[1.522s] [35m[1mConsolidate compiler generated dependencies of target uc1_robot_perception__rosidl_typesupport_fastrtps_c[0m
[1.522s] gmake[2]: Leaving directory '/home/maclab/Documents/ROS_WORKSPACES/WS_Master_Thesis/build/uc1_robot_perception'
[1.522s] /usr/bin/gmake  -f CMakeFiles/uc1_robot_perception__rosidl_typesupport_fastrtps_cpp.dir/build.make CMakeFiles/uc1_robot_perception__rosidl_typesupport_fastrtps_cpp.dir/build
[1.522s] gmake[2]: Leaving directory '/home/maclab/Documents/ROS_WORKSPACES/WS_Master_Thesis/build/uc1_robot_perception'
[1.523s] /usr/bin/gmake  -f CMakeFiles/ament_cmake_python_build_uc1_robot_perception_egg.dir/build.make CMakeFiles/ament_cmake_python_build_uc1_robot_perception_egg.dir/build
[1.523s] gmake[2]: Leaving directory '/home/maclab/Documents/ROS_WORKSPACES/WS_Master_Thesis/build/uc1_robot_perception'
[1.523s] gmake[2]: Leaving directory '/home/maclab/Documents/ROS_WORKSPACES/WS_Master_Thesis/build/uc1_robot_perception'
[1.523s] /usr/bin/gmake  -f CMakeFiles/uc1_robot_perception__rosidl_typesupport_introspection_cpp.dir/build.make CMakeFiles/uc1_robot_perception__rosidl_typesupport_introspection_cpp.dir/build
[1.523s] /usr/bin/gmake  -f CMakeFiles/uc1_robot_perception__rosidl_typesupport_c.dir/build.make CMakeFiles/uc1_robot_perception__rosidl_typesupport_c.dir/build
[1.523s] gmake[2]: Entering directory '/home/maclab/Documents/ROS_WORKSPACES/WS_Master_Thesis/build/uc1_robot_perception'
[1.523s] cd /home/maclab/Documents/ROS_WORKSPACES/WS_Master_Thesis/build/uc1_robot_perception/ament_cmake_python/uc1_robot_perception && /usr/bin/python3 setup.py egg_info
[1.523s] gmake[2]: Leaving directory '/home/maclab/Documents/ROS_WORKSPACES/WS_Master_Thesis/build/uc1_robot_perception'
[1.523s] /usr/bin/gmake  -f CMakeFiles/uc1_robot_perception__rosidl_typesupport_introspection_c.dir/build.make CMakeFiles/uc1_robot_perception__rosidl_typesupport_introspection_c.dir/build
[1.524s] gmake[2]: Entering directory '/home/maclab/Documents/ROS_WORKSPACES/WS_Master_Thesis/build/uc1_robot_perception'
[1.524s] gmake[2]: Nothing to be done for 'CMakeFiles/uc1_robot_perception__rosidl_typesupport_c.dir/build'.
[1.524s] gmake[2]: Leaving directory '/home/maclab/Documents/ROS_WORKSPACES/WS_Master_Thesis/build/uc1_robot_perception'
[1.524s] gmake[2]: Leaving directory '/home/maclab/Documents/ROS_WORKSPACES/WS_Master_Thesis/build/uc1_robot_perception'
[1.524s] /usr/bin/gmake  -f CMakeFiles/uc1_robot_perception__rosidl_typesupport_fastrtps_c.dir/build.make CMakeFiles/uc1_robot_perception__rosidl_typesupport_fastrtps_c.dir/build
[1.525s] gmake[2]: Entering directory '/home/maclab/Documents/ROS_WORKSPACES/WS_Master_Thesis/build/uc1_robot_perception'
[1.525s] gmake[2]: Nothing to be done for 'CMakeFiles/uc1_robot_perception__rosidl_typesupport_fastrtps_cpp.dir/build'.
[1.525s] gmake[2]: Leaving directory '/home/maclab/Documents/ROS_WORKSPACES/WS_Master_Thesis/build/uc1_robot_perception'
[1.525s] gmake[2]: Entering directory '/home/maclab/Documents/ROS_WORKSPACES/WS_Master_Thesis/build/uc1_robot_perception'
[1.525s] gmake[2]: Nothing to be done for 'CMakeFiles/uc1_robot_perception__rosidl_typesupport_introspection_c.dir/build'.
[1.525s] gmake[2]: Leaving directory '/home/maclab/Documents/ROS_WORKSPACES/WS_Master_Thesis/build/uc1_robot_perception'
[1.525s] gmake[2]: Entering directory '/home/maclab/Documents/ROS_WORKSPACES/WS_Master_Thesis/build/uc1_robot_perception'
[1.525s] gmake[2]: Nothing to be done for 'CMakeFiles/uc1_robot_perception__rosidl_typesupport_introspection_cpp.dir/build'.
[1.525s] gmake[2]: Leaving directory '/home/maclab/Documents/ROS_WORKSPACES/WS_Master_Thesis/build/uc1_robot_perception'
[1.530s] gmake[2]: Entering directory '/home/maclab/Documents/ROS_WORKSPACES/WS_Master_Thesis/build/uc1_robot_perception'
[1.530s] gmake[2]: Nothing to be done for 'CMakeFiles/uc1_robot_perception__rosidl_typesupport_fastrtps_c.dir/build'.
[1.530s] gmake[2]: Leaving directory '/home/maclab/Documents/ROS_WORKSPACES/WS_Master_Thesis/build/uc1_robot_perception'
[1.530s] [ 20%] Built target uc1_robot_perception__rosidl_typesupport_cpp
[1.531s] [ 33%] Built target uc1_robot_perception__rosidl_typesupport_c
[1.531s] [ 45%] Built target uc1_robot_perception__rosidl_typesupport_fastrtps_cpp
[1.531s] [ 59%] Built target uc1_robot_perception__rosidl_typesupport_introspection_c
[1.531s] [ 59%] Built target uc1_robot_perception__rosidl_typesupport_introspection_cpp
[1.533s] [ 69%] Built target uc1_robot_perception__rosidl_typesupport_fastrtps_c
[1.533s] /usr/bin/gmake  -f CMakeFiles/uc1_robot_perception.dir/build.make CMakeFiles/uc1_robot_perception.dir/depend
[1.534s] gmake[2]: Entering directory '/home/maclab/Documents/ROS_WORKSPACES/WS_Master_Thesis/build/uc1_robot_perception'
[1.534s] cd /home/maclab/Documents/ROS_WORKSPACES/WS_Master_Thesis/build/uc1_robot_perception && /usr/bin/cmake -E cmake_depends "Unix Makefiles" /home/maclab/Documents/ROS_WORKSPACES/WS_Master_Thesis/src/uc1_robot_perception /home/maclab/Documents/ROS_WORKSPACES/WS_Master_Thesis/src/uc1_robot_perception /home/maclab/Documents/ROS_WORKSPACES/WS_Master_Thesis/build/uc1_robot_perception /home/maclab/Documents/ROS_WORKSPACES/WS_Master_Thesis/build/uc1_robot_perception /home/maclab/Documents/ROS_WORKSPACES/WS_Master_Thesis/build/uc1_robot_perception/CMakeFiles/uc1_robot_perception.dir/DependInfo.cmake --color=
[1.539s] gmake[2]: Leaving directory '/home/maclab/Documents/ROS_WORKSPACES/WS_Master_Thesis/build/uc1_robot_perception'
[1.539s] /usr/bin/gmake  -f CMakeFiles/uc1_robot_perception.dir/build.make CMakeFiles/uc1_robot_perception.dir/build
[1.540s] gmake[2]: Entering directory '/home/maclab/Documents/ROS_WORKSPACES/WS_Master_Thesis/build/uc1_robot_perception'
[1.540s] gmake[2]: Nothing to be done for 'CMakeFiles/uc1_robot_perception.dir/build'.
[1.540s] gmake[2]: Leaving directory '/home/maclab/Documents/ROS_WORKSPACES/WS_Master_Thesis/build/uc1_robot_perception'
[1.544s] [ 69%] Built target uc1_robot_perception
[1.544s] /usr/bin/gmake  -f uc1_robot_perception__py/CMakeFiles/uc1_robot_perception__py.dir/build.make uc1_robot_perception__py/CMakeFiles/uc1_robot_perception__py.dir/depend
[1.544s] /usr/bin/gmake  -f CMakeFiles/simulated_contact_publisher.dir/build.make CMakeFiles/simulated_contact_publisher.dir/depend
[1.544s] /usr/bin/gmake  -f CMakeFiles/interactive_contact_publisher.dir/build.make CMakeFiles/interactive_contact_publisher.dir/depend
[1.544s] /usr/bin/gmake  -f CMakeFiles/proximity_task_generator.dir/build.make CMakeFiles/proximity_task_generator.dir/depend
[1.545s] gmake[2]: Entering directory '/home/maclab/Documents/ROS_WORKSPACES/WS_Master_Thesis/build/uc1_robot_perception'
[1.545s] cd /home/maclab/Documents/ROS_WORKSPACES/WS_Master_Thesis/build/uc1_robot_perception && /usr/bin/cmake -E cmake_depends "Unix Makefiles" /home/maclab/Documents/ROS_WORKSPACES/WS_Master_Thesis/src/uc1_robot_perception /home/maclab/Documents/ROS_WORKSPACES/WS_Master_Thesis/src/uc1_robot_perception /home/maclab/Documents/ROS_WORKSPACES/WS_Master_Thesis/build/uc1_robot_perception /home/maclab/Documents/ROS_WORKSPACES/WS_Master_Thesis/build/uc1_robot_perception /home/maclab/Documents/ROS_WORKSPACES/WS_Master_Thesis/build/uc1_robot_perception/CMakeFiles/simulated_contact_publisher.dir/DependInfo.cmake --color=
[1.545s] gmake[2]: Entering directory '/home/maclab/Documents/ROS_WORKSPACES/WS_Master_Thesis/build/uc1_robot_perception'
[1.545s] cd /home/maclab/Documents/ROS_WORKSPACES/WS_Master_Thesis/build/uc1_robot_perception && /usr/bin/cmake -E cmake_depends "Unix Makefiles" /home/maclab/Documents/ROS_WORKSPACES/WS_Master_Thesis/src/uc1_robot_perception /home/maclab/Documents/ROS_WORKSPACES/WS_Master_Thesis/build/uc1_robot_perception/uc1_robot_perception__py /home/maclab/Documents/ROS_WORKSPACES/WS_Master_Thesis/build/uc1_robot_perception /home/maclab/Documents/ROS_WORKSPACES/WS_Master_Thesis/build/uc1_robot_perception/uc1_robot_perception__py /home/maclab/Documents/ROS_WORKSPACES/WS_Master_Thesis/build/uc1_robot_perception/uc1_robot_perception__py/CMakeFiles/uc1_robot_perception__py.dir/DependInfo.cmake --color=
[1.545s] gmake[2]: Entering directory '/home/maclab/Documents/ROS_WORKSPACES/WS_Master_Thesis/build/uc1_robot_perception'
[1.545s] cd /home/maclab/Documents/ROS_WORKSPACES/WS_Master_Thesis/build/uc1_robot_perception && /usr/bin/cmake -E cmake_depends "Unix Makefiles" /home/maclab/Documents/ROS_WORKSPACES/WS_Master_Thesis/src/uc1_robot_perception /home/maclab/Documents/ROS_WORKSPACES/WS_Master_Thesis/src/uc1_robot_perception /home/maclab/Documents/ROS_WORKSPACES/WS_Master_Thesis/build/uc1_robot_perception /home/maclab/Documents/ROS_WORKSPACES/WS_Master_Thesis/build/uc1_robot_perception /home/maclab/Documents/ROS_WORKSPACES/WS_Master_Thesis/build/uc1_robot_perception/CMakeFiles/interactive_contact_publisher.dir/DependInfo.cmake --color=
[1.545s] gmake[2]: Entering directory '/home/maclab/Documents/ROS_WORKSPACES/WS_Master_Thesis/build/uc1_robot_perception'
[1.545s] cd /home/maclab/Documents/ROS_WORKSPACES/WS_Master_Thesis/build/uc1_robot_perception && /usr/bin/cmake -E cmake_depends "Unix Makefiles" /home/maclab/Documents/ROS_WORKSPACES/WS_Master_Thesis/src/uc1_robot_perception /home/maclab/Documents/ROS_WORKSPACES/WS_Master_Thesis/src/uc1_robot_perception /home/maclab/Documents/ROS_WORKSPACES/WS_Master_Thesis/build/uc1_robot_perception /home/maclab/Documents/ROS_WORKSPACES/WS_Master_Thesis/build/uc1_robot_perception /home/maclab/Documents/ROS_WORKSPACES/WS_Master_Thesis/build/uc1_robot_perception/CMakeFiles/proximity_task_generator.dir/DependInfo.cmake --color=
[1.549s] gmake[2]: Leaving directory '/home/maclab/Documents/ROS_WORKSPACES/WS_Master_Thesis/build/uc1_robot_perception'
[1.549s] /usr/bin/gmake  -f uc1_robot_perception__py/CMakeFiles/uc1_robot_perception__py.dir/build.make uc1_robot_perception__py/CMakeFiles/uc1_robot_perception__py.dir/build
[1.550s] Dependencies file "CMakeFiles/interactive_contact_publisher.dir/src/InteractiveContactPublisher.cpp.o.d" is newer than depends file "/home/maclab/Documents/ROS_WORKSPACES/WS_Master_Thesis/build/uc1_robot_perception/CMakeFiles/interactive_contact_publisher.dir/compiler_depend.internal".
[1.550s] Dependencies file "CMakeFiles/simulated_contact_publisher.dir/src/SimulatedContactPublisher.cpp.o.d" is newer than depends file "/home/maclab/Documents/ROS_WORKSPACES/WS_Master_Thesis/build/uc1_robot_perception/CMakeFiles/simulated_contact_publisher.dir/compiler_depend.internal".
[1.550s] Dependencies file "CMakeFiles/proximity_task_generator.dir/src/ProximityTaskGenerator.cpp.o.d" is newer than depends file "/home/maclab/Documents/ROS_WORKSPACES/WS_Master_Thesis/build/uc1_robot_perception/CMakeFiles/proximity_task_generator.dir/compiler_depend.internal".
[1.550s] [35m[1mConsolidate compiler generated dependencies of target interactive_contact_publisher[0m
[1.550s] [35m[1mConsolidate compiler generated dependencies of target simulated_contact_publisher[0m
[1.550s] gmake[2]: Entering directory '/home/maclab/Documents/ROS_WORKSPACES/WS_Master_Thesis/build/uc1_robot_perception'
[1.550s] gmake[2]: Nothing to be done for 'uc1_robot_perception__py/CMakeFiles/uc1_robot_perception__py.dir/build'.
[1.550s] gmake[2]: Leaving directory '/home/maclab/Documents/ROS_WORKSPACES/WS_Master_Thesis/build/uc1_robot_perception'
[1.551s] Dependencies file "CMakeFiles/proximity_task_generator.dir/src/ProximityTest.cpp.o.d" is newer than depends file "/home/maclab/Documents/ROS_WORKSPACES/WS_Master_Thesis/build/uc1_robot_perception/CMakeFiles/proximity_task_generator.dir/compiler_depend.internal".
[1.551s] gmake[2]: Leaving directory '/home/maclab/Documents/ROS_WORKSPACES/WS_Master_Thesis/build/uc1_robot_perception'
[1.551s] /usr/bin/gmake  -f CMakeFiles/interactive_contact_publisher.dir/build.make CMakeFiles/interactive_contact_publisher.dir/build
[1.551s] gmake[2]: Leaving directory '/home/maclab/Documents/ROS_WORKSPACES/WS_Master_Thesis/build/uc1_robot_perception'
[1.551s] /usr/bin/gmake  -f CMakeFiles/simulated_contact_publisher.dir/build.make CMakeFiles/simulated_contact_publisher.dir/build
[1.552s] [35m[1mConsolidate compiler generated dependencies of target proximity_task_generator[0m
[1.554s] gmake[2]: Entering directory '/home/maclab/Documents/ROS_WORKSPACES/WS_Master_Thesis/build/uc1_robot_perception'
[1.554s] gmake[2]: Nothing to be done for 'CMakeFiles/interactive_contact_publisher.dir/build'.
[1.554s] gmake[2]: Leaving directory '/home/maclab/Documents/ROS_WORKSPACES/WS_Master_Thesis/build/uc1_robot_perception'
[1.554s] gmake[2]: Entering directory '/home/maclab/Documents/ROS_WORKSPACES/WS_Master_Thesis/build/uc1_robot_perception'
[1.554s] gmake[2]: Nothing to be done for 'CMakeFiles/simulated_contact_publisher.dir/build'.
[1.554s] gmake[2]: Leaving directory '/home/maclab/Documents/ROS_WORKSPACES/WS_Master_Thesis/build/uc1_robot_perception'
[1.555s] [ 70%] Built target uc1_robot_perception__py
[1.555s] /usr/bin/gmake  -f CMakeFiles/uc1_robot_perception__rosidl_generator_py.dir/build.make CMakeFiles/uc1_robot_perception__rosidl_generator_py.dir/depend
[1.556s] gmake[2]: Entering directory '/home/maclab/Documents/ROS_WORKSPACES/WS_Master_Thesis/build/uc1_robot_perception'
[1.556s] gmake[2]: Leaving directory '/home/maclab/Documents/ROS_WORKSPACES/WS_Master_Thesis/build/uc1_robot_perception'
[1.556s] cd /home/maclab/Documents/ROS_WORKSPACES/WS_Master_Thesis/build/uc1_robot_perception && /usr/bin/cmake -E cmake_depends "Unix Makefiles" /home/maclab/Documents/ROS_WORKSPACES/WS_Master_Thesis/src/uc1_robot_perception /home/maclab/Documents/ROS_WORKSPACES/WS_Master_Thesis/src/uc1_robot_perception /home/maclab/Documents/ROS_WORKSPACES/WS_Master_Thesis/build/uc1_robot_perception /home/maclab/Documents/ROS_WORKSPACES/WS_Master_Thesis/build/uc1_robot_perception /home/maclab/Documents/ROS_WORKSPACES/WS_Master_Thesis/build/uc1_robot_perception/CMakeFiles/uc1_robot_perception__rosidl_generator_py.dir/DependInfo.cmake --color=
[1.556s] /usr/bin/gmake  -f CMakeFiles/proximity_task_generator.dir/build.make CMakeFiles/proximity_task_generator.dir/build
[1.558s] [ 74%] Built target simulated_contact_publisher
[1.558s] [ 77%] Built target interactive_contact_publisher
[1.560s] Dependencies file "CMakeFiles/uc1_robot_perception__rosidl_generator_py.dir/rosidl_generator_py/uc1_robot_perception/msg/_contact_array_s.c.o.d" is newer than depends file "/home/maclab/Documents/ROS_WORKSPACES/WS_Master_Thesis/build/uc1_robot_perception/CMakeFiles/uc1_robot_perception__rosidl_generator_py.dir/compiler_depend.internal".
[1.560s] Dependencies file "CMakeFiles/uc1_robot_perception__rosidl_generator_py.dir/rosidl_generator_py/uc1_robot_perception/msg/_contact_s.c.o.d" is newer than depends file "/home/maclab/Documents/ROS_WORKSPACES/WS_Master_Thesis/build/uc1_robot_perception/CMakeFiles/uc1_robot_perception__rosidl_generator_py.dir/compiler_depend.internal".
[1.560s] Dependencies file "CMakeFiles/uc1_robot_perception__rosidl_generator_py.dir/rosidl_generator_py/uc1_robot_perception/msg/_proximity_task_array_s.c.o.d" is newer than depends file "/home/maclab/Documents/ROS_WORKSPACES/WS_Master_Thesis/build/uc1_robot_perception/CMakeFiles/uc1_robot_perception__rosidl_generator_py.dir/compiler_depend.internal".
[1.560s] Dependencies file "CMakeFiles/uc1_robot_perception__rosidl_generator_py.dir/rosidl_generator_py/uc1_robot_perception/msg/_proximity_task_s.c.o.d" is newer than depends file "/home/maclab/Documents/ROS_WORKSPACES/WS_Master_Thesis/build/uc1_robot_perception/CMakeFiles/uc1_robot_perception__rosidl_generator_py.dir/compiler_depend.internal".
[1.560s] [35m[1mConsolidate compiler generated dependencies of target uc1_robot_perception__rosidl_generator_py[0m
[1.561s] gmake[2]: Leaving directory '/home/maclab/Documents/ROS_WORKSPACES/WS_Master_Thesis/build/uc1_robot_perception'
[1.561s] /usr/bin/gmake  -f CMakeFiles/uc1_robot_perception__rosidl_generator_py.dir/build.make CMakeFiles/uc1_robot_perception__rosidl_generator_py.dir/build
[1.563s] gmake[2]: Entering directory '/home/maclab/Documents/ROS_WORKSPACES/WS_Master_Thesis/build/uc1_robot_perception'
[1.563s] gmake[2]: Nothing to be done for 'CMakeFiles/uc1_robot_perception__rosidl_generator_py.dir/build'.
[1.563s] gmake[2]: Leaving directory '/home/maclab/Documents/ROS_WORKSPACES/WS_Master_Thesis/build/uc1_robot_perception'
[1.566s] gmake[2]: Entering directory '/home/maclab/Documents/ROS_WORKSPACES/WS_Master_Thesis/build/uc1_robot_perception'
[1.566s] [ 85%] Built target uc1_robot_perception__rosidl_generator_py
[1.567s] /usr/bin/gmake  -f CMakeFiles/uc1_robot_perception__rosidl_typesupport_fastrtps_c__pyext.dir/build.make CMakeFiles/uc1_robot_perception__rosidl_typesupport_fastrtps_c__pyext.dir/depend
[1.567s] /usr/bin/gmake  -f CMakeFiles/uc1_robot_perception__rosidl_typesupport_introspection_c__pyext.dir/build.make CMakeFiles/uc1_robot_perception__rosidl_typesupport_introspection_c__pyext.dir/depend
[1.567s] /usr/bin/gmake  -f CMakeFiles/uc1_robot_perception__rosidl_typesupport_c__pyext.dir/build.make CMakeFiles/uc1_robot_perception__rosidl_typesupport_c__pyext.dir/depend
[1.567s] gmake[2]: Entering directory '/home/maclab/Documents/ROS_WORKSPACES/WS_Master_Thesis/build/uc1_robot_perception'
[1.567s] cd /home/maclab/Documents/ROS_WORKSPACES/WS_Master_Thesis/build/uc1_robot_perception && /usr/bin/cmake -E cmake_depends "Unix Makefiles" /home/maclab/Documents/ROS_WORKSPACES/WS_Master_Thesis/src/uc1_robot_perception /home/maclab/Documents/ROS_WORKSPACES/WS_Master_Thesis/src/uc1_robot_perception /home/maclab/Documents/ROS_WORKSPACES/WS_Master_Thesis/build/uc1_robot_perception /home/maclab/Documents/ROS_WORKSPACES/WS_Master_Thesis/build/uc1_robot_perception /home/maclab/Documents/ROS_WORKSPACES/WS_Master_Thesis/build/uc1_robot_perception/CMakeFiles/uc1_robot_perception__rosidl_typesupport_fastrtps_c__pyext.dir/DependInfo.cmake --color=
[1.567s] gmake[2]: Entering directory '/home/maclab/Documents/ROS_WORKSPACES/WS_Master_Thesis/build/uc1_robot_perception'
[1.567s] cd /home/maclab/Documents/ROS_WORKSPACES/WS_Master_Thesis/build/uc1_robot_perception && /usr/bin/cmake -E cmake_depends "Unix Makefiles" /home/maclab/Documents/ROS_WORKSPACES/WS_Master_Thesis/src/uc1_robot_perception /home/maclab/Documents/ROS_WORKSPACES/WS_Master_Thesis/src/uc1_robot_perception /home/maclab/Documents/ROS_WORKSPACES/WS_Master_Thesis/build/uc1_robot_perception /home/maclab/Documents/ROS_WORKSPACES/WS_Master_Thesis/build/uc1_robot_perception /home/maclab/Documents/ROS_WORKSPACES/WS_Master_Thesis/build/uc1_robot_perception/CMakeFiles/uc1_robot_perception__rosidl_typesupport_introspection_c__pyext.dir/DependInfo.cmake --color=
[1.568s] gmake[2]: Entering directory '/home/maclab/Documents/ROS_WORKSPACES/WS_Master_Thesis/build/uc1_robot_perception'
[1.568s] cd /home/maclab/Documents/ROS_WORKSPACES/WS_Master_Thesis/build/uc1_robot_perception && /usr/bin/cmake -E cmake_depends "Unix Makefiles" /home/maclab/Documents/ROS_WORKSPACES/WS_Master_Thesis/src/uc1_robot_perception /home/maclab/Documents/ROS_WORKSPACES/WS_Master_Thesis/src/uc1_robot_perception /home/maclab/Documents/ROS_WORKSPACES/WS_Master_Thesis/build/uc1_robot_perception /home/maclab/Documents/ROS_WORKSPACES/WS_Master_Thesis/build/uc1_robot_perception /home/maclab/Documents/ROS_WORKSPACES/WS_Master_Thesis/build/uc1_robot_perception/CMakeFiles/uc1_robot_perception__rosidl_typesupport_c__pyext.dir/DependInfo.cmake --color=
[1.570s] [ 87%] [32mBuilding CXX object CMakeFiles/proximity_task_generator.dir/src/ProximityTaskGenerator.cpp.o[0m
[1.571s] /usr/bin/g++-11 -DBOOST_ALL_NO_LIB -DBOOST_DATE_TIME_DYN_LINK -DBOOST_FILESYSTEM_DYN_LINK -DBOOST_IOSTREAMS_DYN_LINK -DBOOST_SERIALIZATION_DYN_LINK -DBOOST_SYSTEM_DYN_LINK -DDEFAULT_RMW_IMPLEMENTATION=rmw_fastrtps_cpp -DDISABLE_PCAP -DQT_CORE_LIB -DQT_GUI_LIB -DQT_NO_DEBUG -DQT_OPENGL_LIB -DQT_WIDGETS_LIB -DRCUTILS_ENABLE_FAULT_INJECTION -DROS_PACKAGE_NAME=\"uc1_robot_perception\" -Dkiss_fft_scalar=double -I/home/maclab/Documents/ROS_WORKSPACES/WS_Master_Thesis/src/uc1_robot_perception/include -I/opt/ros/humble/include -I/opt/ros/humble/include/pcl_conversions -I/home/maclab/Documents/ROS_WORKSPACES/WS_Master_Thesis/build/uc1_robot_perception/rosidl_generator_cpp -isystem /usr/include/eigen3 -isystem /opt/ros/humble/include/rclcpp -isystem /opt/ros/humble/include/geometry_msgs -isystem /opt/ros/humble/include/sensor_msgs -isystem /opt/ros/humble/include/tf2 -isystem /opt/ros/humble/include/tf2_ros -isystem /opt/ros/humble/include/tf2_eigen -isystem /opt/ros/humble/include/tf2_geometry_msgs -isystem /opt/ros/humble/include/visualization_msgs -isystem /opt/ros/humble/include/message_filters -isystem /opt/ros/humble/include/pcl_msgs -isystem /opt/ros/humble/include/std_msgs -isystem /usr/include/pcl-1.12 -isystem /usr/include/ni -isystem /usr/include/openni2 -isystem /opt/ros/humble/include/ament_index_cpp -isystem /opt/ros/humble/include/libstatistics_collector -isystem /opt/ros/humble/include/builtin_interfaces -isystem /opt/ros/humble/include/rosidl_runtime_c -isystem /opt/ros/humble/include/rcutils -isystem /opt/ros/humble/include/rosidl_typesupport_interface -isystem /opt/ros/humble/include/fastcdr -isystem /opt/ros/humble/include/rosidl_runtime_cpp -isystem /opt/ros/humble/include/rosidl_typesupport_fastrtps_cpp -isystem /opt/ros/humble/include/rmw -isystem /opt/ros/humble/include/rosidl_typesupport_fastrtps_c -isystem /opt/ros/humble/include/rosidl_typesupport_introspection_c -isystem /opt/ros/humble/include/rosidl_typesupport_introspection_cpp -isystem /opt/ros/humble/include/rcl -isystem /opt/ros/humble/include/rcl_interfaces -isystem /opt/ros/humble/include/rcl_logging_interface -isystem /opt/ros/humble/include/rcl_yaml_param_parser -isystem /opt/ros/humble/include/libyaml_vendor -isystem /opt/ros/humble/include/tracetools -isystem /opt/ros/humble/include/rcpputils -isystem /opt/ros/humble/include/statistics_msgs -isystem /opt/ros/humble/include/rosgraph_msgs -isystem /opt/ros/humble/include/rosidl_typesupport_cpp -isystem /opt/ros/humble/include/rosidl_typesupport_c -isystem /opt/ros/humble/include/rclcpp_action -isystem /opt/ros/humble/include/action_msgs -isystem /opt/ros/humble/include/unique_identifier_msgs -isystem /opt/ros/humble/include/rcl_action -isystem /opt/ros/humble/include/tf2_msgs -isystem /usr/include/vtk-9.1 -isystem /usr/include/jsoncpp -isystem /usr/include/freetype2 -isystem /usr/include/x86_64-linux-gnu/qt5 -isystem /usr/include/x86_64-linux-gnu/qt5/QtOpenGL -isystem /usr/include/x86_64-linux-gnu/qt5/QtWidgets -isystem /usr/include/x86_64-linux-gnu/qt5/QtGui -isystem /usr/include/x86_64-linux-gnu/qt5/QtCore -isystem /usr/lib/x86_64-linux-gnu/qt5/mkspecs/linux-g++ -Wall -Wextra -fPIC -MD -MT CMakeFiles/proximity_task_generator.dir/src/ProximityTaskGenerator.cpp.o -MF CMakeFiles/proximity_task_generator.dir/src/ProximityTaskGenerator.cpp.o.d -o CMakeFiles/proximity_task_generator.dir/src/ProximityTaskGenerator.cpp.o -c /home/maclab/Documents/ROS_WORKSPACES/WS_Master_Thesis/src/uc1_robot_perception/src/ProximityTaskGenerator.cpp
[1.571s] Dependencies file "CMakeFiles/uc1_robot_perception__rosidl_typesupport_fastrtps_c__pyext.dir/rosidl_generator_py/uc1_robot_perception/_uc1_robot_perception_s.ep.rosidl_typesupport_fastrtps_c.c.o.d" is newer than depends file "/home/maclab/Documents/ROS_WORKSPACES/WS_Master_Thesis/build/uc1_robot_perception/CMakeFiles/uc1_robot_perception__rosidl_typesupport_fastrtps_c__pyext.dir/compiler_depend.internal".
[1.571s] [35m[1mConsolidate compiler generated dependencies of target uc1_robot_perception__rosidl_typesupport_fastrtps_c__pyext[0m
[1.572s] Dependencies file "CMakeFiles/uc1_robot_perception__rosidl_typesupport_introspection_c__pyext.dir/rosidl_generator_py/uc1_robot_perception/_uc1_robot_perception_s.ep.rosidl_typesupport_introspection_c.c.o.d" is newer than depends file "/home/maclab/Documents/ROS_WORKSPACES/WS_Master_Thesis/build/uc1_robot_perception/CMakeFiles/uc1_robot_perception__rosidl_typesupport_introspection_c__pyext.dir/compiler_depend.internal".
[1.572s] Dependencies file "CMakeFiles/uc1_robot_perception__rosidl_typesupport_c__pyext.dir/rosidl_generator_py/uc1_robot_perception/_uc1_robot_perception_s.ep.rosidl_typesupport_c.c.o.d" is newer than depends file "/home/maclab/Documents/ROS_WORKSPACES/WS_Master_Thesis/build/uc1_robot_perception/CMakeFiles/uc1_robot_perception__rosidl_typesupport_c__pyext.dir/compiler_depend.internal".
[1.572s] gmake[2]: Leaving directory '/home/maclab/Documents/ROS_WORKSPACES/WS_Master_Thesis/build/uc1_robot_perception'
[1.572s] /usr/bin/gmake  -f CMakeFiles/uc1_robot_perception__rosidl_typesupport_fastrtps_c__pyext.dir/build.make CMakeFiles/uc1_robot_perception__rosidl_typesupport_fastrtps_c__pyext.dir/build
[1.572s] [35m[1mConsolidate compiler generated dependencies of target uc1_robot_perception__rosidl_typesupport_introspection_c__pyext[0m
[1.572s] [35m[1mConsolidate compiler generated dependencies of target uc1_robot_perception__rosidl_typesupport_c__pyext[0m
[1.573s] gmake[2]: Leaving directory '/home/maclab/Documents/ROS_WORKSPACES/WS_Master_Thesis/build/uc1_robot_perception'
[1.574s] /usr/bin/gmake  -f CMakeFiles/uc1_robot_perception__rosidl_typesupport_introspection_c__pyext.dir/build.make CMakeFiles/uc1_robot_perception__rosidl_typesupport_introspection_c__pyext.dir/build
[1.574s] gmake[2]: Leaving directory '/home/maclab/Documents/ROS_WORKSPACES/WS_Master_Thesis/build/uc1_robot_perception'
[1.574s] /usr/bin/gmake  -f CMakeFiles/uc1_robot_perception__rosidl_typesupport_c__pyext.dir/build.make CMakeFiles/uc1_robot_perception__rosidl_typesupport_c__pyext.dir/build
[1.574s] gmake[2]: Entering directory '/home/maclab/Documents/ROS_WORKSPACES/WS_Master_Thesis/build/uc1_robot_perception'
[1.574s] gmake[2]: Nothing to be done for 'CMakeFiles/uc1_robot_perception__rosidl_typesupport_fastrtps_c__pyext.dir/build'.
[1.574s] gmake[2]: Leaving directory '/home/maclab/Documents/ROS_WORKSPACES/WS_Master_Thesis/build/uc1_robot_perception'
[1.575s] gmake[2]: Entering directory '/home/maclab/Documents/ROS_WORKSPACES/WS_Master_Thesis/build/uc1_robot_perception'
[1.575s] gmake[2]: Nothing to be done for 'CMakeFiles/uc1_robot_perception__rosidl_typesupport_introspection_c__pyext.dir/build'.
[1.575s] gmake[2]: Leaving directory '/home/maclab/Documents/ROS_WORKSPACES/WS_Master_Thesis/build/uc1_robot_perception'
[1.575s] gmake[2]: Entering directory '/home/maclab/Documents/ROS_WORKSPACES/WS_Master_Thesis/build/uc1_robot_perception'
[1.575s] gmake[2]: Nothing to be done for 'CMakeFiles/uc1_robot_perception__rosidl_typesupport_c__pyext.dir/build'.
[1.575s] gmake[2]: Leaving directory '/home/maclab/Documents/ROS_WORKSPACES/WS_Master_Thesis/build/uc1_robot_perception'
[1.578s] [ 90%] Built target uc1_robot_perception__rosidl_typesupport_fastrtps_c__pyext
[1.579s] [ 93%] Built target uc1_robot_perception__rosidl_typesupport_introspection_c__pyext
[1.580s] [ 96%] Built target uc1_robot_perception__rosidl_typesupport_c__pyext
[1.615s] running egg_info
[1.616s] writing uc1_robot_perception.egg-info/PKG-INFO
[1.616s] writing dependency_links to uc1_robot_perception.egg-info/dependency_links.txt
[1.616s] writing top-level names to uc1_robot_perception.egg-info/top_level.txt
[1.617s] reading manifest file 'uc1_robot_perception.egg-info/SOURCES.txt'
[1.617s] writing manifest file 'uc1_robot_perception.egg-info/SOURCES.txt'
[1.624s] gmake[2]: Leaving directory '/home/maclab/Documents/ROS_WORKSPACES/WS_Master_Thesis/build/uc1_robot_perception'
[1.628s] [ 96%] Built target ament_cmake_python_build_uc1_robot_perception_egg
[1.682s] In file included from [01m[K/home/maclab/Documents/ROS_WORKSPACES/WS_Master_Thesis/src/uc1_robot_perception/include/ProximityTaskGenerator.hpp:17[m[K,
[1.682s]                  from [01m[K/home/maclab/Documents/ROS_WORKSPACES/WS_Master_Thesis/src/uc1_robot_perception/src/ProximityTaskGenerator.cpp:1[m[K:
[1.682s] [01m[K/opt/ros/humble/include/tf2_eigen/tf2_eigen/tf2_eigen.h:32:2:[m[K [01;35m[Kwarning: [m[K#warning This header is obsolete, please include tf2_eigen/tf2_eigen.hpp instead [[01;35m[K]8;;https://gcc.gnu.org/onlinedocs/gcc/Warning-Options.html#index-Wcpp-Wcpp]8;;[m[K]
[1.682s]    32 | #[01;35m[Kwarning[m[K This header is obsolete, please include tf2_eigen/tf2_eigen.hpp instead
[1.682s]       |  [01;35m[K^~~~~~~[m[K
[4.186s] In file included from [01m[K/home/maclab/Documents/ROS_WORKSPACES/WS_Master_Thesis/src/uc1_robot_perception/src/ProximityTaskGenerator.cpp:2[m[K:
[4.186s] [01m[K/home/maclab/Documents/ROS_WORKSPACES/WS_Master_Thesis/src/uc1_robot_perception/include/PointCloudHelpers.hpp:[m[K In function ‘[01m[Kvoid linkTfOffset(size_t, Eigen::Matrix4d&)[m[K’:
[4.186s] [01m[K/home/maclab/Documents/ROS_WORKSPACES/WS_Master_Thesis/src/uc1_robot_perception/include/PointCloudHelpers.hpp:39:21:[m[K [01;35m[Kwarning: [m[Kunused variable ‘[01m[Kpitch[m[K’ [[01;35m[K]8;;https://gcc.gnu.org/onlinedocs/gcc/Warning-Options.html#index-Wunused-variable-Wunused-variable]8;;[m[K]
[4.186s]    39 |   double yaw, roll, [01;35m[Kpitch[m[K;
[4.186s]       |                     [01;35m[K^~~~~[m[K
[4.198s] [01m[K/home/maclab/Documents/ROS_WORKSPACES/WS_Master_Thesis/src/uc1_robot_perception/src/ProximityTaskGenerator.cpp:[m[K In constructor ‘[01m[KProximityTaskGenerator::ProximityTaskGenerator()[m[K’:
[4.198s] [01m[K/home/maclab/Documents/ROS_WORKSPACES/WS_Master_Thesis/src/uc1_robot_perception/src/ProximityTaskGenerator.cpp:65:46:[m[K [01;35m[Kwarning: [m[Kcomparison of integer expressions of different signedness: ‘[01m[Kstd::vector<pcl::PointXYZ, Eigen::aligned_allocator<pcl::PointXYZ> >::size_type[m[K’ {aka ‘[01m[Klong unsigned int[m[K’} and ‘[01m[Kint[m[K’ [[01;35m[K]8;;https://gcc.gnu.org/onlinedocs/gcc/Warning-Options.html#index-Wsign-compare-Wsign-compare]8;;[m[K]
[4.198s]    65 |     if ([01;35m[Krobot_link_clouds_[i]->points.size() <= max_cloud_pts[m[K)
[4.198s]       |         [01;35m[K~~~~~~~~~~~~~~~~~~~~~~~~~~~~~~~~~~~~~^~~~~~~~~~~~~~~~[m[K
[4.215s] [01m[K/home/maclab/Documents/ROS_WORKSPACES/WS_Master_Thesis/src/uc1_robot_perception/src/ProximityTaskGenerator.cpp:59:9:[m[K [01;35m[Kwarning: [m[Kunused variable ‘[01m[Kradius[m[K’ [[01;35m[K]8;;https://gcc.gnu.org/onlinedocs/gcc/Warning-Options.html#index-Wunused-variable-Wunused-variable]8;;[m[K]
[4.215s]    59 |   float [01;35m[Kradius[m[K = 0.02;                                         //k_l_6
[4.215s]       |         [01;35m[K^~~~~~[m[K
[4.218s] [01m[K/home/maclab/Documents/ROS_WORKSPACES/WS_Master_Thesis/src/uc1_robot_perception/src/ProximityTaskGenerator.cpp:[m[K In member function ‘[01m[Kvoid ProximityTaskGenerator::pointCloudCallback(sensor_msgs::msg::PointCloud2_<std::allocator<void> >::SharedPtr)[m[K’:
[4.218s] [01m[K/home/maclab/Documents/ROS_WORKSPACES/WS_Master_Thesis/src/uc1_robot_perception/src/ProximityTaskGenerator.cpp:143:19:[m[K [01;35m[Kwarning: [m[Kvariable ‘[01m[Kbbox_transform[m[K’ set but not used [[01;35m[K]8;;https://gcc.gnu.org/onlinedocs/gcc/Warning-Options.html#index-Wunused-but-set-variable-Wunused-but-set-variable]8;;[m[K]
[4.218s]   143 |   Eigen::Matrix4f [01;35m[Kbbox_transform[m[K = eigen_affine.matrix().cast<float>();
[4.218s]       |                   [01;35m[K^~~~~~~~~~~~~~[m[K
[4.218s] [01m[K/home/maclab/Documents/ROS_WORKSPACES/WS_Master_Thesis/src/uc1_robot_perception/src/ProximityTaskGenerator.cpp:146:10:[m[K [01;35m[Kwarning: [m[Kunused variable ‘[01m[Kproximity_threshold[m[K’ [[01;35m[K]8;;https://gcc.gnu.org/onlinedocs/gcc/Warning-Options.html#index-Wunused-variable-Wunused-variable]8;;[m[K]
[4.218s]   146 |   double [01;35m[Kproximity_threshold[m[K = 0.05; // Example: remove points closer than 20 cm.
[4.218s]       |          [01;35m[K^~~~~~~~~~~~~~~~~~~[m[K
[4.219s] [01m[K/home/maclab/Documents/ROS_WORKSPACES/WS_Master_Thesis/src/uc1_robot_perception/src/ProximityTaskGenerator.cpp:[m[K In member function ‘[01m[Kvoid ProximityTaskGenerator::robotCloudModel()[m[K’:
[4.219s] [01m[K/home/maclab/Documents/ROS_WORKSPACES/WS_Master_Thesis/src/uc1_robot_perception/src/ProximityTaskGenerator.cpp:251:21:[m[K [01;35m[Kwarning: [m[Kcomparison of integer expressions of different signedness: ‘[01m[Kint[m[K’ and ‘[01m[Kstd::array<std::shared_ptr<pcl::PointCloud<pcl::PointXYZ> >, 14>::size_type[m[K’ {aka ‘[01m[Klong unsigned int[m[K’} [[01;35m[K]8;;https://gcc.gnu.org/onlinedocs/gcc/Warning-Options.html#index-Wsign-compare-Wsign-compare]8;;[m[K]
[4.219s]   251 |   for (int i = 0; [01;35m[Ki < robot_link_clouds_.size()[m[K; i++)
[4.219s]       |                   [01;35m[K~~^~~~~~~~~~~~~~~~~~~~~~~~~~~[m[K
[4.220s] [01m[K/home/maclab/Documents/ROS_WORKSPACES/WS_Master_Thesis/src/uc1_robot_perception/src/ProximityTaskGenerator.cpp:[m[K In member function ‘[01m[Kstd::vector<ProximityTask> ProximityTaskGenerator::computeProximityTasks(pcl::PointCloud<pcl::PointXYZ>::Ptr)[m[K’:
[4.220s] [01m[K/home/maclab/Documents/ROS_WORKSPACES/WS_Master_Thesis/src/uc1_robot_perception/src/ProximityTaskGenerator.cpp:275:19:[m[K [01;35m[Kwarning: [m[Kcomparison of integer expressions of different signedness: ‘[01m[Kint[m[K’ and ‘[01m[Kstd::array<std::shared_ptr<pcl::PointCloud<pcl::PointXYZ> >, 14>::size_type[m[K’ {aka ‘[01m[Klong unsigned int[m[K’} [[01;35m[K]8;;https://gcc.gnu.org/onlinedocs/gcc/Warning-Options.html#index-Wsign-compare-Wsign-compare]8;;[m[K]
[4.220s]   275 |   for (int i=0; [01;35m[Ki < robot_link_clouds_base_.size()[m[K; i++)
[4.220s]       |                 [01;35m[K~~^~~~~~~~~~~~~~~~~~~~~~~~~~~~~~~~[m[K
[8.778s] [ 98%] [32m[1mLinking CXX executable proximity_task_generator[0m
[8.778s] /usr/bin/cmake -E cmake_link_script CMakeFiles/proximity_task_generator.dir/link.txt --verbose=1
[8.783s] /usr/bin/g++-11 CMakeFiles/proximity_task_generator.dir/src/ProximityTest.cpp.o CMakeFiles/proximity_task_generator.dir/src/ProximityTaskGenerator.cpp.o -o proximity_task_generator  -Wl,-rpath,/opt/ros/humble/lib:/home/maclab/Documents/ROS_WORKSPACES/WS_Master_Thesis/build/uc1_robot_perception: /opt/ros/humble/lib/libstatic_transform_broadcaster_node.so /opt/ros/humble/lib/libvisualization_msgs__rosidl_typesupport_fastrtps_c.so /opt/ros/humble/lib/libvisualization_msgs__rosidl_typesupport_fastrtps_cpp.so /opt/ros/humble/lib/libvisualization_msgs__rosidl_typesupport_introspection_c.so /opt/ros/humble/lib/libvisualization_msgs__rosidl_typesupport_introspection_cpp.so /opt/ros/humble/lib/libvisualization_msgs__rosidl_typesupport_cpp.so /opt/ros/humble/lib/libvisualization_msgs__rosidl_generator_py.so /opt/ros/humble/lib/libmessage_filters.so /opt/ros/humble/lib/librosidl_typesupport_fastrtps_c.so /opt/ros/humble/lib/librmw.so /opt/ros/humble/lib/librosidl_typesupport_fastrtps_cpp.so /opt/ros/humble/lib/librcutils.so -ldl /opt/ros/humble/lib/librcpputils.so /opt/ros/humble/lib/librosidl_typesupport_c.so /opt/ros/humble/lib/librosidl_typesupport_cpp.so /opt/ros/humble/lib/librosidl_runtime_c.so /opt/ros/humble/lib/librosidl_typesupport_introspection_c.so /opt/ros/humble/lib/librosidl_typesupport_introspection_cpp.so /opt/ros/humble/lib/libpcl_msgs__rosidl_generator_c.so /opt/ros/humble/lib/libpcl_msgs__rosidl_typesupport_fastrtps_c.so /opt/ros/humble/lib/libsensor_msgs__rosidl_typesupport_fastrtps_c.so /opt/ros/humble/lib/libpcl_msgs__rosidl_typesupport_introspection_c.so /opt/ros/humble/lib/libsensor_msgs__rosidl_typesupport_introspection_c.so /opt/ros/humble/lib/libpcl_msgs__rosidl_typesupport_c.so /opt/ros/humble/lib/libpcl_msgs__rosidl_typesupport_fastrtps_cpp.so /opt/ros/humble/lib/libsensor_msgs__rosidl_typesupport_fastrtps_cpp.so /opt/ros/humble/lib/libpcl_msgs__rosidl_typesupport_introspection_cpp.so /opt/ros/humble/lib/libsensor_msgs__rosidl_typesupport_introspection_cpp.so /opt/ros/humble/lib/libpcl_msgs__rosidl_typesupport_cpp.so /opt/ros/humble/lib/libpcl_msgs__rosidl_generator_py.so /opt/ros/humble/lib/libpcl_msgs__rosidl_typesupport_c.so /opt/ros/humble/lib/libsensor_msgs__rosidl_generator_py.so /opt/ros/humble/lib/librclcpp.so /opt/ros/humble/lib/libsensor_msgs__rosidl_generator_c.so /opt/ros/humble/lib/libsensor_msgs__rosidl_typesupport_fastrtps_c.so /opt/ros/humble/lib/libsensor_msgs__rosidl_typesupport_fastrtps_cpp.so /opt/ros/humble/lib/libsensor_msgs__rosidl_typesupport_introspection_c.so /opt/ros/humble/lib/libsensor_msgs__rosidl_typesupport_c.so /opt/ros/humble/lib/libsensor_msgs__rosidl_typesupport_introspection_cpp.so /opt/ros/humble/lib/libsensor_msgs__rosidl_typesupport_cpp.so /opt/ros/humble/lib/libsensor_msgs__rosidl_generator_py.so /opt/ros/humble/lib/libsensor_msgs__rosidl_typesupport_cpp.so /opt/ros/humble/lib/libstd_msgs__rosidl_generator_c.so /opt/ros/humble/lib/libstd_msgs__rosidl_typesupport_fastrtps_c.so /opt/ros/humble/lib/libstd_msgs__rosidl_typesupport_fastrtps_cpp.so /opt/ros/humble/lib/libstd_msgs__rosidl_typesupport_introspection_c.so /opt/ros/humble/lib/libstd_msgs__rosidl_typesupport_c.so /opt/ros/humble/lib/libstd_msgs__rosidl_typesupport_introspection_cpp.so /opt/ros/humble/lib/libstd_msgs__rosidl_typesupport_cpp.so /opt/ros/humble/lib/libstd_msgs__rosidl_generator_py.so /usr/lib/x86_64-linux-gnu/libpython3.10.so /usr/lib/x86_64-linux-gnu/libpcl_apps.so /usr/lib/x86_64-linux-gnu/libpcl_outofcore.so /usr/lib/x86_64-linux-gnu/libpcl_people.so /usr/lib/libOpenNI.so /usr/lib/x86_64-linux-gnu/libOpenNI2.so /usr/lib/x86_64-linux-gnu/libusb-1.0.so /usr/lib/x86_64-linux-gnu/libflann_cpp.so libuc1_robot_perception__rosidl_typesupport_cpp.so /opt/ros/humble/lib/libtf2_ros.so /opt/ros/humble/lib/libtf2.so /opt/ros/humble/lib/libmessage_filters.so /opt/ros/humble/lib/librclcpp_action.so /opt/ros/humble/lib/librclcpp.so /opt/ros/humble/lib/liblibstatistics_collector.so /opt/ros/humble/lib/librosgraph_msgs__rosidl_typesupport_fastrtps_c.so /opt/ros/humble/lib/librosgraph_msgs__rosidl_typesupport_fastrtps_cpp.so /opt/ros/humble/lib/librosgraph_msgs__rosidl_typesupport_introspection_c.so /opt/ros/humble/lib/librosgraph_msgs__rosidl_typesupport_introspection_cpp.so /opt/ros/humble/lib/librosgraph_msgs__rosidl_typesupport_cpp.so /opt/ros/humble/lib/librosgraph_msgs__rosidl_generator_py.so /opt/ros/humble/lib/librosgraph_msgs__rosidl_typesupport_c.so /opt/ros/humble/lib/librosgraph_msgs__rosidl_generator_c.so /opt/ros/humble/lib/libstatistics_msgs__rosidl_typesupport_fastrtps_c.so /opt/ros/humble/lib/libstatistics_msgs__rosidl_typesupport_fastrtps_cpp.so /opt/ros/humble/lib/libstatistics_msgs__rosidl_typesupport_introspection_c.so /opt/ros/humble/lib/libstatistics_msgs__rosidl_typesupport_introspection_cpp.so /opt/ros/humble/lib/libstatistics_msgs__rosidl_typesupport_cpp.so /opt/ros/humble/lib/libstatistics_msgs__rosidl_generator_py.so /opt/ros/humble/lib/libstatistics_msgs__rosidl_typesupport_c.so /opt/ros/humble/lib/libstatistics_msgs__rosidl_generator_c.so /opt/ros/humble/lib/librcl_action.so /opt/ros/humble/lib/librcl.so /opt/ros/humble/lib/librcl_interfaces__rosidl_typesupport_fastrtps_c.so /opt/ros/humble/lib/librcl_interfaces__rosidl_typesupport_introspection_c.so /opt/ros/humble/lib/librcl_interfaces__rosidl_typesupport_fastrtps_cpp.so /opt/ros/humble/lib/librcl_interfaces__rosidl_typesupport_introspection_cpp.so /opt/ros/humble/lib/librcl_interfaces__rosidl_typesupport_cpp.so /opt/ros/humble/lib/librcl_interfaces__rosidl_generator_py.so /opt/ros/humble/lib/librcl_interfaces__rosidl_typesupport_c.so /opt/ros/humble/lib/librcl_interfaces__rosidl_generator_c.so /opt/ros/humble/lib/librcl_yaml_param_parser.so /opt/ros/humble/lib/libyaml.so /opt/ros/humble/lib/libtracetools.so /opt/ros/humble/lib/librmw_implementation.so /opt/ros/humble/lib/libament_index_cpp.so /opt/ros/humble/lib/librcl_logging_spdlog.so /opt/ros/humble/lib/librcl_logging_interface.so /opt/ros/humble/lib/libtf2_msgs__rosidl_typesupport_fastrtps_c.so /opt/ros/humble/lib/libaction_msgs__rosidl_typesupport_fastrtps_c.so /opt/ros/humble/lib/libunique_identifier_msgs__rosidl_typesupport_fastrtps_c.so /opt/ros/humble/lib/libtf2_msgs__rosidl_typesupport_introspection_c.so /opt/ros/humble/lib/libaction_msgs__rosidl_typesupport_introspection_c.so /opt/ros/humble/lib/libunique_identifier_msgs__rosidl_typesupport_introspection_c.so /opt/ros/humble/lib/libtf2_msgs__rosidl_typesupport_fastrtps_cpp.so /opt/ros/humble/lib/libaction_msgs__rosidl_typesupport_fastrtps_cpp.so /opt/ros/humble/lib/libunique_identifier_msgs__rosidl_typesupport_fastrtps_cpp.so /opt/ros/humble/lib/libtf2_msgs__rosidl_typesupport_introspection_cpp.so /opt/ros/humble/lib/libaction_msgs__rosidl_typesupport_introspection_cpp.so /opt/ros/humble/lib/libunique_identifier_msgs__rosidl_typesupport_introspection_cpp.so /opt/ros/humble/lib/libtf2_msgs__rosidl_typesupport_cpp.so /opt/ros/humble/lib/libaction_msgs__rosidl_typesupport_cpp.so /opt/ros/humble/lib/libunique_identifier_msgs__rosidl_typesupport_cpp.so /opt/ros/humble/lib/libtf2_msgs__rosidl_generator_py.so /opt/ros/humble/lib/libtf2_msgs__rosidl_typesupport_c.so /opt/ros/humble/lib/libtf2_msgs__rosidl_generator_c.so /opt/ros/humble/lib/libaction_msgs__rosidl_generator_py.so /opt/ros/humble/lib/libaction_msgs__rosidl_typesupport_c.so /opt/ros/humble/lib/libaction_msgs__rosidl_generator_c.so /opt/ros/humble/lib/libunique_identifier_msgs__rosidl_generator_py.so /opt/ros/humble/lib/libunique_identifier_msgs__rosidl_typesupport_c.so /opt/ros/humble/lib/libunique_identifier_msgs__rosidl_generator_c.so /usr/lib/x86_64-linux-gnu/liborocos-kdl.so /opt/ros/humble/lib/libgeometry_msgs__rosidl_typesupport_fastrtps_c.so /opt/ros/humble/lib/libstd_msgs__rosidl_typesupport_fastrtps_c.so /opt/ros/humble/lib/libbuiltin_interfaces__rosidl_typesupport_fastrtps_c.so /opt/ros/humble/lib/librosidl_typesupport_fastrtps_c.so /opt/ros/humble/lib/libgeometry_msgs__rosidl_typesupport_fastrtps_cpp.so /opt/ros/humble/lib/libstd_msgs__rosidl_typesupport_fastrtps_cpp.so /opt/ros/humble/lib/libbuiltin_interfaces__rosidl_typesupport_fastrtps_cpp.so /opt/ros/humble/lib/librosidl_typesupport_fastrtps_cpp.so /opt/ros/humble/lib/libfastcdr.so.1.0.24 /opt/ros/humble/lib/librmw.so /opt/ros/humble/lib/libgeometry_msgs__rosidl_typesupport_introspection_c.so /opt/ros/humble/lib/libstd_msgs__rosidl_typesupport_introspection_c.so /opt/ros/humble/lib/libbuiltin_interfaces__rosidl_typesupport_introspection_c.so /opt/ros/humble/lib/libgeometry_msgs__rosidl_typesupport_introspection_cpp.so /opt/ros/humble/lib/libstd_msgs__rosidl_typesupport_introspection_cpp.so /opt/ros/humble/lib/libbuiltin_interfaces__rosidl_typesupport_introspection_cpp.so /opt/ros/humble/lib/librosidl_typesupport_introspection_cpp.so /opt/ros/humble/lib/librosidl_typesupport_introspection_c.so /opt/ros/humble/lib/libgeometry_msgs__rosidl_generator_py.so /opt/ros/humble/lib/libvisualization_msgs__rosidl_typesupport_c.so /opt/ros/humble/lib/libvisualization_msgs__rosidl_generator_c.so /opt/ros/humble/lib/libstd_msgs__rosidl_generator_py.so /opt/ros/humble/lib/libbuiltin_interfaces__rosidl_generator_py.so /usr/lib/x86_64-linux-gnu/libpython3.10.so /opt/ros/humble/lib/libsensor_msgs__rosidl_typesupport_c.so /opt/ros/humble/lib/libgeometry_msgs__rosidl_typesupport_c.so /opt/ros/humble/lib/libpcl_msgs__rosidl_generator_c.so /opt/ros/humble/lib/libsensor_msgs__rosidl_generator_c.so /opt/ros/humble/lib/libgeometry_msgs__rosidl_generator_c.so /opt/ros/humble/lib/libstd_msgs__rosidl_typesupport_c.so /opt/ros/humble/lib/libbuiltin_interfaces__rosidl_typesupport_c.so /opt/ros/humble/lib/libstd_msgs__rosidl_generator_c.so /opt/ros/humble/lib/libbuiltin_interfaces__rosidl_generator_c.so /usr/lib/x86_64-linux-gnu/libpcl_surface.so /usr/lib/x86_64-linux-gnu/libpcl_keypoints.so /usr/lib/x86_64-linux-gnu/libpcl_tracking.so /usr/lib/x86_64-linux-gnu/libpcl_recognition.so /usr/lib/x86_64-linux-gnu/libpcl_registration.so /usr/lib/x86_64-linux-gnu/libpcl_stereo.so /usr/lib/x86_64-linux-gnu/libpcl_segmentation.so /usr/lib/x86_64-linux-gnu/libpcl_features.so /usr/lib/x86_64-linux-gnu/libpcl_filters.so /usr/lib/x86_64-linux-gnu/libpcl_sample_consensus.so /usr/lib/x86_64-linux-gnu/libpcl_ml.so /usr/lib/x86_64-linux-gnu/libpcl_visualization.so /usr/lib/x86_64-linux-gnu/libpcl_search.so /usr/lib/x86_64-linux-gnu/libpcl_kdtree.so /usr/lib/x86_64-linux-gnu/libpcl_io.so /usr/lib/x86_64-linux-gnu/libpcl_octree.so /usr/lib/x86_64-linux-gnu/libpng.so /usr/lib/x86_64-linux-gnu/libz.so /usr/lib/libOpenNI.so /usr/lib/x86_64-linux-gnu/libOpenNI2.so /usr/lib/x86_64-linux-gnu/libusb-1.0.so /usr/lib/x86_64-linux-gnu/libvtkChartsCore-9.1.so.9.1.0 /usr/lib/x86_64-linux-gnu/libvtkInteractionImage-9.1.so.9.1.0 /usr/lib/x86_64-linux-gnu/libvtkIOGeometry-9.1.so.9.1.0 /usr/lib/x86_64-linux-gnu/libjsoncpp.so /usr/lib/x86_64-linux-gnu/libvtkIOPLY-9.1.so.9.1.0 /usr/lib/x86_64-linux-gnu/libvtkRenderingLOD-9.1.so.9.1.0 /usr/lib/x86_64-linux-gnu/libvtkViewsContext2D-9.1.so.9.1.0 /usr/lib/x86_64-linux-gnu/libvtkViewsCore-9.1.so.9.1.0 /usr/lib/x86_64-linux-gnu/libvtkGUISupportQt-9.1.so.9.1.0 /usr/lib/x86_64-linux-gnu/libvtkInteractionWidgets-9.1.so.9.1.0 /usr/lib/x86_64-linux-gnu/libvtkFiltersModeling-9.1.so.9.1.0 /usr/lib/x86_64-linux-gnu/libvtkInteractionStyle-9.1.so.9.1.0 /usr/lib/x86_64-linux-gnu/libvtkFiltersExtraction-9.1.so.9.1.0 /usr/lib/x86_64-linux-gnu/libvtkIOLegacy-9.1.so.9.1.0 /usr/lib/x86_64-linux-gnu/libvtkIOCore-9.1.so.9.1.0 /usr/lib/x86_64-linux-gnu/libvtkRenderingAnnotation-9.1.so.9.1.0 /usr/lib/x86_64-linux-gnu/libvtkRenderingContext2D-9.1.so.9.1.0 /usr/lib/x86_64-linux-gnu/libvtkRenderingFreeType-9.1.so.9.1.0 /usr/lib/x86_64-linux-gnu/libfreetype.so /usr/lib/x86_64-linux-gnu/libvtkImagingSources-9.1.so.9.1.0 /usr/lib/x86_64-linux-gnu/libvtkIOImage-9.1.so.9.1.0 /usr/lib/x86_64-linux-gnu/libvtkImagingCore-9.1.so.9.1.0 /usr/lib/x86_64-linux-gnu/libvtkRenderingOpenGL2-9.1.so.9.1.0 /usr/lib/x86_64-linux-gnu/libvtkRenderingUI-9.1.so.9.1.0 /usr/lib/x86_64-linux-gnu/libvtkRenderingCore-9.1.so.9.1.0 /usr/lib/x86_64-linux-gnu/libvtkCommonColor-9.1.so.9.1.0 /usr/lib/x86_64-linux-gnu/libvtkFiltersGeometry-9.1.so.9.1.0 /usr/lib/x86_64-linux-gnu/libvtkFiltersSources-9.1.so.9.1.0 /usr/lib/x86_64-linux-gnu/libvtkFiltersGeneral-9.1.so.9.1.0 /usr/lib/x86_64-linux-gnu/libvtkCommonComputationalGeometry-9.1.so.9.1.0 /usr/lib/x86_64-linux-gnu/libvtkFiltersCore-9.1.so.9.1.0 /usr/lib/x86_64-linux-gnu/libvtkCommonExecutionModel-9.1.so.9.1.0 /usr/lib/x86_64-linux-gnu/libvtkCommonDataModel-9.1.so.9.1.0 /usr/lib/x86_64-linux-gnu/libvtkCommonMisc-9.1.so.9.1.0 /usr/lib/x86_64-linux-gnu/libvtkCommonTransforms-9.1.so.9.1.0 /usr/lib/x86_64-linux-gnu/libvtkCommonMath-9.1.so.9.1.0 /usr/lib/x86_64-linux-gnu/libvtkkissfft-9.1.so.9.1.0 /usr/lib/x86_64-linux-gnu/libGLEW.so /usr/lib/x86_64-linux-gnu/libX11.so /usr/lib/x86_64-linux-gnu/libQt5OpenGL.so.5.15.3 /usr/lib/x86_64-linux-gnu/libQt5Widgets.so.5.15.3 /usr/lib/x86_64-linux-gnu/libQt5Gui.so.5.15.3 /usr/lib/x86_64-linux-gnu/libQt5Core.so.5.15.3 /usr/lib/x86_64-linux-gnu/libvtkCommonCore-9.1.so.9.1.0 /usr/lib/x86_64-linux-gnu/libtbb.so.12.5 /usr/lib/x86_64-linux-gnu/libvtksys-9.1.so.9.1.0 /usr/lib/x86_64-linux-gnu/libpcl_common.so /usr/lib/x86_64-linux-gnu/libboost_system.so.1.74.0 /usr/lib/x86_64-linux-gnu/libboost_filesystem.so.1.74.0 /usr/lib/x86_64-linux-gnu/libboost_date_time.so.1.74.0 /usr/lib/x86_64-linux-gnu/libboost_iostreams.so.1.74.0 /usr/lib/x86_64-linux-gnu/libboost_serialization.so.1.74.0 -llz4 /usr/lib/x86_64-linux-gnu/libqhull_r.so.8.0.2 -lm /opt/ros/humble/lib/libgeometry_msgs__rosidl_typesupport_cpp.so /opt/ros/humble/lib/libstd_msgs__rosidl_typesupport_cpp.so /opt/ros/humble/lib/libbuiltin_interfaces__rosidl_typesupport_cpp.so /opt/ros/humble/lib/librosidl_typesupport_cpp.so /opt/ros/humble/lib/librosidl_typesupport_c.so /opt/ros/humble/lib/librcpputils.so /opt/ros/humble/lib/librosidl_runtime_c.so /opt/ros/humble/lib/librcutils.so -ldl 
[9.321s] gmake[2]: Leaving directory '/home/maclab/Documents/ROS_WORKSPACES/WS_Master_Thesis/build/uc1_robot_perception'
[9.327s] [100%] Built target proximity_task_generator
[9.327s] gmake[1]: Leaving directory '/home/maclab/Documents/ROS_WORKSPACES/WS_Master_Thesis/build/uc1_robot_perception'
[9.327s] /usr/bin/cmake -E cmake_progress_start /home/maclab/Documents/ROS_WORKSPACES/WS_Master_Thesis/build/uc1_robot_perception/CMakeFiles 0
[9.334s] Invoked command in '/home/maclab/Documents/ROS_WORKSPACES/WS_Master_Thesis/build/uc1_robot_perception' returned '0': CMAKE_PREFIX_PATH=/opt/ros/humble /usr/bin/cmake --build /home/maclab/Documents/ROS_WORKSPACES/WS_Master_Thesis/build/uc1_robot_perception -- -j32 -l32
[9.335s] Invoking command in '/home/maclab/Documents/ROS_WORKSPACES/WS_Master_Thesis/build/uc1_robot_perception': CMAKE_PREFIX_PATH=/opt/ros/humble /usr/bin/cmake --install /home/maclab/Documents/ROS_WORKSPACES/WS_Master_Thesis/build/uc1_robot_perception
[9.341s] -- Install configuration: ""
[9.341s] -- Up-to-date: /home/maclab/Documents/ROS_WORKSPACES/WS_Master_Thesis/install/uc1_robot_perception/share/ament_index/resource_index/rosidl_interfaces/uc1_robot_perception
[9.341s] -- Up-to-date: /home/maclab/Documents/ROS_WORKSPACES/WS_Master_Thesis/install/uc1_robot_perception/include/uc1_robot_perception/uc1_robot_perception
[9.341s] -- Up-to-date: /home/maclab/Documents/ROS_WORKSPACES/WS_Master_Thesis/install/uc1_robot_perception/include/uc1_robot_perception/uc1_robot_perception/msg
[9.341s] -- Up-to-date: /home/maclab/Documents/ROS_WORKSPACES/WS_Master_Thesis/install/uc1_robot_perception/include/uc1_robot_perception/uc1_robot_perception/msg/rosidl_generator_c__visibility_control.h
[9.341s] -- Up-to-date: /home/maclab/Documents/ROS_WORKSPACES/WS_Master_Thesis/install/uc1_robot_perception/include/uc1_robot_perception/uc1_robot_perception/msg/proximity_task.h
[9.341s] -- Up-to-date: /home/maclab/Documents/ROS_WORKSPACES/WS_Master_Thesis/install/uc1_robot_perception/include/uc1_robot_perception/uc1_robot_perception/msg/detail
[9.341s] -- Up-to-date: /home/maclab/Documents/ROS_WORKSPACES/WS_Master_Thesis/install/uc1_robot_perception/include/uc1_robot_perception/uc1_robot_perception/msg/detail/contact_array__functions.c
[9.341s] -- Up-to-date: /home/maclab/Documents/ROS_WORKSPACES/WS_Master_Thesis/install/uc1_robot_perception/include/uc1_robot_perception/uc1_robot_perception/msg/detail/proximity_task_array__functions.h
[9.341s] -- Up-to-date: /home/maclab/Documents/ROS_WORKSPACES/WS_Master_Thesis/install/uc1_robot_perception/include/uc1_robot_perception/uc1_robot_perception/msg/detail/proximity_task_array__type_support.h
[9.342s] -- Up-to-date: /home/maclab/Documents/ROS_WORKSPACES/WS_Master_Thesis/install/uc1_robot_perception/include/uc1_robot_perception/uc1_robot_perception/msg/detail/contact__type_support.h
[9.342s] -- Up-to-date: /home/maclab/Documents/ROS_WORKSPACES/WS_Master_Thesis/install/uc1_robot_perception/include/uc1_robot_perception/uc1_robot_perception/msg/detail/proximity_task_array__struct.h
[9.342s] -- Up-to-date: /home/maclab/Documents/ROS_WORKSPACES/WS_Master_Thesis/install/uc1_robot_perception/include/uc1_robot_perception/uc1_robot_perception/msg/detail/contact_array__type_support.h
[9.342s] -- Up-to-date: /home/maclab/Documents/ROS_WORKSPACES/WS_Master_Thesis/install/uc1_robot_perception/include/uc1_robot_perception/uc1_robot_perception/msg/detail/contact_array__struct.h
[9.342s] -- Up-to-date: /home/maclab/Documents/ROS_WORKSPACES/WS_Master_Thesis/install/uc1_robot_perception/include/uc1_robot_perception/uc1_robot_perception/msg/detail/proximity_task__functions.c
[9.342s] -- Up-to-date: /home/maclab/Documents/ROS_WORKSPACES/WS_Master_Thesis/install/uc1_robot_perception/include/uc1_robot_perception/uc1_robot_perception/msg/detail/proximity_task__type_support.h
[9.342s] -- Up-to-date: /home/maclab/Documents/ROS_WORKSPACES/WS_Master_Thesis/install/uc1_robot_perception/include/uc1_robot_perception/uc1_robot_perception/msg/detail/proximity_task__struct.h
[9.342s] -- Up-to-date: /home/maclab/Documents/ROS_WORKSPACES/WS_Master_Thesis/install/uc1_robot_perception/include/uc1_robot_perception/uc1_robot_perception/msg/detail/contact_array__functions.h
[9.342s] -- Up-to-date: /home/maclab/Documents/ROS_WORKSPACES/WS_Master_Thesis/install/uc1_robot_perception/include/uc1_robot_perception/uc1_robot_perception/msg/detail/contact__functions.c
[9.342s] -- Up-to-date: /home/maclab/Documents/ROS_WORKSPACES/WS_Master_Thesis/install/uc1_robot_perception/include/uc1_robot_perception/uc1_robot_perception/msg/detail/contact__struct.h
[9.342s] -- Up-to-date: /home/maclab/Documents/ROS_WORKSPACES/WS_Master_Thesis/install/uc1_robot_perception/include/uc1_robot_perception/uc1_robot_perception/msg/detail/contact__functions.h
[9.342s] -- Up-to-date: /home/maclab/Documents/ROS_WORKSPACES/WS_Master_Thesis/install/uc1_robot_perception/include/uc1_robot_perception/uc1_robot_perception/msg/detail/proximity_task__functions.h
[9.342s] -- Up-to-date: /home/maclab/Documents/ROS_WORKSPACES/WS_Master_Thesis/install/uc1_robot_perception/include/uc1_robot_perception/uc1_robot_perception/msg/detail/proximity_task_array__functions.c
[9.342s] -- Up-to-date: /home/maclab/Documents/ROS_WORKSPACES/WS_Master_Thesis/install/uc1_robot_perception/include/uc1_robot_perception/uc1_robot_perception/msg/proximity_task_array.h
[9.342s] -- Up-to-date: /home/maclab/Documents/ROS_WORKSPACES/WS_Master_Thesis/install/uc1_robot_perception/include/uc1_robot_perception/uc1_robot_perception/msg/contact.h
[9.342s] -- Up-to-date: /home/maclab/Documents/ROS_WORKSPACES/WS_Master_Thesis/install/uc1_robot_perception/include/uc1_robot_perception/uc1_robot_perception/msg/contact_array.h
[9.342s] -- Up-to-date: /home/maclab/Documents/ROS_WORKSPACES/WS_Master_Thesis/install/uc1_robot_perception/share/uc1_robot_perception/environment/library_path.sh
[9.342s] -- Installing: /home/maclab/Documents/ROS_WORKSPACES/WS_Master_Thesis/install/uc1_robot_perception/share/uc1_robot_perception/environment/library_path.dsv
[9.342s] -- Up-to-date: /home/maclab/Documents/ROS_WORKSPACES/WS_Master_Thesis/install/uc1_robot_perception/lib/libuc1_robot_perception__rosidl_generator_c.so
[9.342s] -- Up-to-date: /home/maclab/Documents/ROS_WORKSPACES/WS_Master_Thesis/install/uc1_robot_perception/include/uc1_robot_perception/uc1_robot_perception
[9.342s] -- Up-to-date: /home/maclab/Documents/ROS_WORKSPACES/WS_Master_Thesis/install/uc1_robot_perception/include/uc1_robot_perception/uc1_robot_perception/msg
[9.342s] -- Up-to-date: /home/maclab/Documents/ROS_WORKSPACES/WS_Master_Thesis/install/uc1_robot_perception/include/uc1_robot_perception/uc1_robot_perception/msg/rosidl_typesupport_fastrtps_c__visibility_control.h
[9.342s] -- Up-to-date: /home/maclab/Documents/ROS_WORKSPACES/WS_Master_Thesis/install/uc1_robot_perception/include/uc1_robot_perception/uc1_robot_perception/msg/detail
[9.342s] -- Up-to-date: /home/maclab/Documents/ROS_WORKSPACES/WS_Master_Thesis/install/uc1_robot_perception/include/uc1_robot_perception/uc1_robot_perception/msg/detail/proximity_task__rosidl_typesupport_fastrtps_c.h
[9.342s] -- Up-to-date: /home/maclab/Documents/ROS_WORKSPACES/WS_Master_Thesis/install/uc1_robot_perception/include/uc1_robot_perception/uc1_robot_perception/msg/detail/contact__rosidl_typesupport_fastrtps_c.h
[9.342s] -- Up-to-date: /home/maclab/Documents/ROS_WORKSPACES/WS_Master_Thesis/install/uc1_robot_perception/include/uc1_robot_perception/uc1_robot_perception/msg/detail/contact_array__rosidl_typesupport_fastrtps_c.h
[9.342s] -- Up-to-date: /home/maclab/Documents/ROS_WORKSPACES/WS_Master_Thesis/install/uc1_robot_perception/include/uc1_robot_perception/uc1_robot_perception/msg/detail/proximity_task_array__rosidl_typesupport_fastrtps_c.h
[9.342s] -- Up-to-date: /home/maclab/Documents/ROS_WORKSPACES/WS_Master_Thesis/install/uc1_robot_perception/lib/libuc1_robot_perception__rosidl_typesupport_fastrtps_c.so
[9.343s] -- Up-to-date: /home/maclab/Documents/ROS_WORKSPACES/WS_Master_Thesis/install/uc1_robot_perception/include/uc1_robot_perception/uc1_robot_perception
[9.343s] -- Up-to-date: /home/maclab/Documents/ROS_WORKSPACES/WS_Master_Thesis/install/uc1_robot_perception/include/uc1_robot_perception/uc1_robot_perception/msg
[9.343s] -- Up-to-date: /home/maclab/Documents/ROS_WORKSPACES/WS_Master_Thesis/install/uc1_robot_perception/include/uc1_robot_perception/uc1_robot_perception/msg/rosidl_generator_cpp__visibility_control.hpp
[9.343s] -- Up-to-date: /home/maclab/Documents/ROS_WORKSPACES/WS_Master_Thesis/install/uc1_robot_perception/include/uc1_robot_perception/uc1_robot_perception/msg/proximity_task.hpp
[9.343s] -- Up-to-date: /home/maclab/Documents/ROS_WORKSPACES/WS_Master_Thesis/install/uc1_robot_perception/include/uc1_robot_perception/uc1_robot_perception/msg/contact.hpp
[9.343s] -- Up-to-date: /home/maclab/Documents/ROS_WORKSPACES/WS_Master_Thesis/install/uc1_robot_perception/include/uc1_robot_perception/uc1_robot_perception/msg/detail
[9.343s] -- Up-to-date: /home/maclab/Documents/ROS_WORKSPACES/WS_Master_Thesis/install/uc1_robot_perception/include/uc1_robot_perception/uc1_robot_perception/msg/detail/contact__type_support.hpp
[9.343s] -- Up-to-date: /home/maclab/Documents/ROS_WORKSPACES/WS_Master_Thesis/install/uc1_robot_perception/include/uc1_robot_perception/uc1_robot_perception/msg/detail/proximity_task_array__traits.hpp
[9.343s] -- Up-to-date: /home/maclab/Documents/ROS_WORKSPACES/WS_Master_Thesis/install/uc1_robot_perception/include/uc1_robot_perception/uc1_robot_perception/msg/detail/contact_array__builder.hpp
[9.343s] -- Up-to-date: /home/maclab/Documents/ROS_WORKSPACES/WS_Master_Thesis/install/uc1_robot_perception/include/uc1_robot_perception/uc1_robot_perception/msg/detail/contact__struct.hpp
[9.343s] -- Up-to-date: /home/maclab/Documents/ROS_WORKSPACES/WS_Master_Thesis/install/uc1_robot_perception/include/uc1_robot_perception/uc1_robot_perception/msg/detail/contact__traits.hpp
[9.343s] -- Up-to-date: /home/maclab/Documents/ROS_WORKSPACES/WS_Master_Thesis/install/uc1_robot_perception/include/uc1_robot_perception/uc1_robot_perception/msg/detail/contact__builder.hpp
[9.343s] -- Up-to-date: /home/maclab/Documents/ROS_WORKSPACES/WS_Master_Thesis/install/uc1_robot_perception/include/uc1_robot_perception/uc1_robot_perception/msg/detail/contact_array__traits.hpp
[9.343s] -- Up-to-date: /home/maclab/Documents/ROS_WORKSPACES/WS_Master_Thesis/install/uc1_robot_perception/include/uc1_robot_perception/uc1_robot_perception/msg/detail/contact_array__struct.hpp
[9.343s] -- Up-to-date: /home/maclab/Documents/ROS_WORKSPACES/WS_Master_Thesis/install/uc1_robot_perception/include/uc1_robot_perception/uc1_robot_perception/msg/detail/proximity_task_array__builder.hpp
[9.343s] -- Up-to-date: /home/maclab/Documents/ROS_WORKSPACES/WS_Master_Thesis/install/uc1_robot_perception/include/uc1_robot_perception/uc1_robot_perception/msg/detail/proximity_task_array__type_support.hpp
[9.343s] -- Up-to-date: /home/maclab/Documents/ROS_WORKSPACES/WS_Master_Thesis/install/uc1_robot_perception/include/uc1_robot_perception/uc1_robot_perception/msg/detail/proximity_task__type_support.hpp
[9.343s] -- Up-to-date: /home/maclab/Documents/ROS_WORKSPACES/WS_Master_Thesis/install/uc1_robot_perception/include/uc1_robot_perception/uc1_robot_perception/msg/detail/contact_array__type_support.hpp
[9.343s] -- Up-to-date: /home/maclab/Documents/ROS_WORKSPACES/WS_Master_Thesis/install/uc1_robot_perception/include/uc1_robot_perception/uc1_robot_perception/msg/detail/proximity_task__struct.hpp
[9.343s] -- Up-to-date: /home/maclab/Documents/ROS_WORKSPACES/WS_Master_Thesis/install/uc1_robot_perception/include/uc1_robot_perception/uc1_robot_perception/msg/detail/proximity_task_array__struct.hpp
[9.343s] -- Up-to-date: /home/maclab/Documents/ROS_WORKSPACES/WS_Master_Thesis/install/uc1_robot_perception/include/uc1_robot_perception/uc1_robot_perception/msg/detail/proximity_task__traits.hpp
[9.343s] -- Up-to-date: /home/maclab/Documents/ROS_WORKSPACES/WS_Master_Thesis/install/uc1_robot_perception/include/uc1_robot_perception/uc1_robot_perception/msg/detail/proximity_task__builder.hpp
[9.343s] -- Up-to-date: /home/maclab/Documents/ROS_WORKSPACES/WS_Master_Thesis/install/uc1_robot_perception/include/uc1_robot_perception/uc1_robot_perception/msg/contact_array.hpp
[9.343s] -- Up-to-date: /home/maclab/Documents/ROS_WORKSPACES/WS_Master_Thesis/install/uc1_robot_perception/include/uc1_robot_perception/uc1_robot_perception/msg/proximity_task_array.hpp
[9.343s] -- Up-to-date: /home/maclab/Documents/ROS_WORKSPACES/WS_Master_Thesis/install/uc1_robot_perception/include/uc1_robot_perception/uc1_robot_perception
[9.343s] -- Up-to-date: /home/maclab/Documents/ROS_WORKSPACES/WS_Master_Thesis/install/uc1_robot_perception/include/uc1_robot_perception/uc1_robot_perception/msg
[9.343s] -- Up-to-date: /home/maclab/Documents/ROS_WORKSPACES/WS_Master_Thesis/install/uc1_robot_perception/include/uc1_robot_perception/uc1_robot_perception/msg/detail
[9.343s] -- Up-to-date: /home/maclab/Documents/ROS_WORKSPACES/WS_Master_Thesis/install/uc1_robot_perception/include/uc1_robot_perception/uc1_robot_perception/msg/detail/contact__rosidl_typesupport_fastrtps_cpp.hpp
[9.343s] -- Up-to-date: /home/maclab/Documents/ROS_WORKSPACES/WS_Master_Thesis/install/uc1_robot_perception/include/uc1_robot_perception/uc1_robot_perception/msg/detail/proximity_task__rosidl_typesupport_fastrtps_cpp.hpp
[9.343s] -- Up-to-date: /home/maclab/Documents/ROS_WORKSPACES/WS_Master_Thesis/install/uc1_robot_perception/include/uc1_robot_perception/uc1_robot_perception/msg/detail/proximity_task_array__rosidl_typesupport_fastrtps_cpp.hpp
[9.343s] -- Up-to-date: /home/maclab/Documents/ROS_WORKSPACES/WS_Master_Thesis/install/uc1_robot_perception/include/uc1_robot_perception/uc1_robot_perception/msg/detail/contact_array__rosidl_typesupport_fastrtps_cpp.hpp
[9.343s] -- Up-to-date: /home/maclab/Documents/ROS_WORKSPACES/WS_Master_Thesis/install/uc1_robot_perception/include/uc1_robot_perception/uc1_robot_perception/msg/detail/dds_fastrtps
[9.343s] -- Up-to-date: /home/maclab/Documents/ROS_WORKSPACES/WS_Master_Thesis/install/uc1_robot_perception/include/uc1_robot_perception/uc1_robot_perception/msg/rosidl_typesupport_fastrtps_cpp__visibility_control.h
[9.343s] -- Up-to-date: /home/maclab/Documents/ROS_WORKSPACES/WS_Master_Thesis/install/uc1_robot_perception/lib/libuc1_robot_perception__rosidl_typesupport_fastrtps_cpp.so
[9.343s] -- Up-to-date: /home/maclab/Documents/ROS_WORKSPACES/WS_Master_Thesis/install/uc1_robot_perception/include/uc1_robot_perception/uc1_robot_perception
[9.343s] -- Up-to-date: /home/maclab/Documents/ROS_WORKSPACES/WS_Master_Thesis/install/uc1_robot_perception/include/uc1_robot_perception/uc1_robot_perception/msg
[9.344s] -- Up-to-date: /home/maclab/Documents/ROS_WORKSPACES/WS_Master_Thesis/install/uc1_robot_perception/include/uc1_robot_perception/uc1_robot_perception/msg/rosidl_typesupport_introspection_c__visibility_control.h
[9.344s] -- Up-to-date: /home/maclab/Documents/ROS_WORKSPACES/WS_Master_Thesis/install/uc1_robot_perception/include/uc1_robot_perception/uc1_robot_perception/msg/detail
[9.344s] -- Up-to-date: /home/maclab/Documents/ROS_WORKSPACES/WS_Master_Thesis/install/uc1_robot_perception/include/uc1_robot_perception/uc1_robot_perception/msg/detail/contact__rosidl_typesupport_introspection_c.h
[9.344s] -- Up-to-date: /home/maclab/Documents/ROS_WORKSPACES/WS_Master_Thesis/install/uc1_robot_perception/include/uc1_robot_perception/uc1_robot_perception/msg/detail/contact_array__type_support.c
[9.344s] -- Up-to-date: /home/maclab/Documents/ROS_WORKSPACES/WS_Master_Thesis/install/uc1_robot_perception/include/uc1_robot_perception/uc1_robot_perception/msg/detail/proximity_task__type_support.c
[9.344s] -- Up-to-date: /home/maclab/Documents/ROS_WORKSPACES/WS_Master_Thesis/install/uc1_robot_perception/include/uc1_robot_perception/uc1_robot_perception/msg/detail/contact_array__rosidl_typesupport_introspection_c.h
[9.344s] -- Up-to-date: /home/maclab/Documents/ROS_WORKSPACES/WS_Master_Thesis/install/uc1_robot_perception/include/uc1_robot_perception/uc1_robot_perception/msg/detail/proximity_task_array__rosidl_typesupport_introspection_c.h
[9.344s] -- Up-to-date: /home/maclab/Documents/ROS_WORKSPACES/WS_Master_Thesis/install/uc1_robot_perception/include/uc1_robot_perception/uc1_robot_perception/msg/detail/contact__type_support.c
[9.344s] -- Up-to-date: /home/maclab/Documents/ROS_WORKSPACES/WS_Master_Thesis/install/uc1_robot_perception/include/uc1_robot_perception/uc1_robot_perception/msg/detail/proximity_task__rosidl_typesupport_introspection_c.h
[9.344s] -- Up-to-date: /home/maclab/Documents/ROS_WORKSPACES/WS_Master_Thesis/install/uc1_robot_perception/include/uc1_robot_perception/uc1_robot_perception/msg/detail/proximity_task_array__type_support.c
[9.344s] -- Up-to-date: /home/maclab/Documents/ROS_WORKSPACES/WS_Master_Thesis/install/uc1_robot_perception/lib/libuc1_robot_perception__rosidl_typesupport_introspection_c.so
[9.344s] -- Up-to-date: /home/maclab/Documents/ROS_WORKSPACES/WS_Master_Thesis/install/uc1_robot_perception/lib/libuc1_robot_perception__rosidl_typesupport_c.so
[9.344s] -- Up-to-date: /home/maclab/Documents/ROS_WORKSPACES/WS_Master_Thesis/install/uc1_robot_perception/include/uc1_robot_perception/uc1_robot_perception
[9.344s] -- Up-to-date: /home/maclab/Documents/ROS_WORKSPACES/WS_Master_Thesis/install/uc1_robot_perception/include/uc1_robot_perception/uc1_robot_perception/msg
[9.344s] -- Up-to-date: /home/maclab/Documents/ROS_WORKSPACES/WS_Master_Thesis/install/uc1_robot_perception/include/uc1_robot_perception/uc1_robot_perception/msg/detail
[9.344s] -- Up-to-date: /home/maclab/Documents/ROS_WORKSPACES/WS_Master_Thesis/install/uc1_robot_perception/include/uc1_robot_perception/uc1_robot_perception/msg/detail/contact__rosidl_typesupport_introspection_cpp.hpp
[9.344s] -- Up-to-date: /home/maclab/Documents/ROS_WORKSPACES/WS_Master_Thesis/install/uc1_robot_perception/include/uc1_robot_perception/uc1_robot_perception/msg/detail/proximity_task_array__rosidl_typesupport_introspection_cpp.hpp
[9.344s] -- Up-to-date: /home/maclab/Documents/ROS_WORKSPACES/WS_Master_Thesis/install/uc1_robot_perception/include/uc1_robot_perception/uc1_robot_perception/msg/detail/contact__type_support.cpp
[9.344s] -- Up-to-date: /home/maclab/Documents/ROS_WORKSPACES/WS_Master_Thesis/install/uc1_robot_perception/include/uc1_robot_perception/uc1_robot_perception/msg/detail/proximity_task_array__type_support.cpp
[9.344s] -- Up-to-date: /home/maclab/Documents/ROS_WORKSPACES/WS_Master_Thesis/install/uc1_robot_perception/include/uc1_robot_perception/uc1_robot_perception/msg/detail/proximity_task__rosidl_typesupport_introspection_cpp.hpp
[9.344s] -- Up-to-date: /home/maclab/Documents/ROS_WORKSPACES/WS_Master_Thesis/install/uc1_robot_perception/include/uc1_robot_perception/uc1_robot_perception/msg/detail/proximity_task__type_support.cpp
[9.344s] -- Up-to-date: /home/maclab/Documents/ROS_WORKSPACES/WS_Master_Thesis/install/uc1_robot_perception/include/uc1_robot_perception/uc1_robot_perception/msg/detail/contact_array__rosidl_typesupport_introspection_cpp.hpp
[9.344s] -- Up-to-date: /home/maclab/Documents/ROS_WORKSPACES/WS_Master_Thesis/install/uc1_robot_perception/include/uc1_robot_perception/uc1_robot_perception/msg/detail/contact_array__type_support.cpp
[9.344s] -- Up-to-date: /home/maclab/Documents/ROS_WORKSPACES/WS_Master_Thesis/install/uc1_robot_perception/lib/libuc1_robot_perception__rosidl_typesupport_introspection_cpp.so
[9.344s] -- Up-to-date: /home/maclab/Documents/ROS_WORKSPACES/WS_Master_Thesis/install/uc1_robot_perception/lib/libuc1_robot_perception__rosidl_typesupport_cpp.so
[9.344s] -- Up-to-date: /home/maclab/Documents/ROS_WORKSPACES/WS_Master_Thesis/install/uc1_robot_perception/share/uc1_robot_perception/environment/pythonpath.sh
[9.344s] -- Installing: /home/maclab/Documents/ROS_WORKSPACES/WS_Master_Thesis/install/uc1_robot_perception/share/uc1_robot_perception/environment/pythonpath.dsv
[9.344s] -- Up-to-date: /home/maclab/Documents/ROS_WORKSPACES/WS_Master_Thesis/install/uc1_robot_perception/local/lib/python3.10/dist-packages/uc1_robot_perception-0.0.0-py3.10.egg-info
[9.344s] -- Installing: /home/maclab/Documents/ROS_WORKSPACES/WS_Master_Thesis/install/uc1_robot_perception/local/lib/python3.10/dist-packages/uc1_robot_perception-0.0.0-py3.10.egg-info/dependency_links.txt
[9.344s] -- Installing: /home/maclab/Documents/ROS_WORKSPACES/WS_Master_Thesis/install/uc1_robot_perception/local/lib/python3.10/dist-packages/uc1_robot_perception-0.0.0-py3.10.egg-info/SOURCES.txt
[9.344s] -- Installing: /home/maclab/Documents/ROS_WORKSPACES/WS_Master_Thesis/install/uc1_robot_perception/local/lib/python3.10/dist-packages/uc1_robot_perception-0.0.0-py3.10.egg-info/PKG-INFO
[9.344s] -- Installing: /home/maclab/Documents/ROS_WORKSPACES/WS_Master_Thesis/install/uc1_robot_perception/local/lib/python3.10/dist-packages/uc1_robot_perception-0.0.0-py3.10.egg-info/top_level.txt
[9.344s] -- Up-to-date: /home/maclab/Documents/ROS_WORKSPACES/WS_Master_Thesis/install/uc1_robot_perception/local/lib/python3.10/dist-packages/uc1_robot_perception
[9.344s] -- Installing: /home/maclab/Documents/ROS_WORKSPACES/WS_Master_Thesis/install/uc1_robot_perception/local/lib/python3.10/dist-packages/uc1_robot_perception/__init__.py
[9.344s] -- Up-to-date: /home/maclab/Documents/ROS_WORKSPACES/WS_Master_Thesis/install/uc1_robot_perception/local/lib/python3.10/dist-packages/uc1_robot_perception/msg
[9.344s] -- Up-to-date: /home/maclab/Documents/ROS_WORKSPACES/WS_Master_Thesis/install/uc1_robot_perception/local/lib/python3.10/dist-packages/uc1_robot_perception/msg/_proximity_task.py
[9.344s] -- Up-to-date: /home/maclab/Documents/ROS_WORKSPACES/WS_Master_Thesis/install/uc1_robot_perception/local/lib/python3.10/dist-packages/uc1_robot_perception/msg/__init__.py
[9.344s] -- Up-to-date: /home/maclab/Documents/ROS_WORKSPACES/WS_Master_Thesis/install/uc1_robot_perception/local/lib/python3.10/dist-packages/uc1_robot_perception/msg/_contact_array.py
[9.345s] -- Up-to-date: /home/maclab/Documents/ROS_WORKSPACES/WS_Master_Thesis/install/uc1_robot_perception/local/lib/python3.10/dist-packages/uc1_robot_perception/msg/_proximity_task_s.c
[9.345s] -- Up-to-date: /home/maclab/Documents/ROS_WORKSPACES/WS_Master_Thesis/install/uc1_robot_perception/local/lib/python3.10/dist-packages/uc1_robot_perception/msg/_contact_array_s.c
[9.345s] -- Up-to-date: /home/maclab/Documents/ROS_WORKSPACES/WS_Master_Thesis/install/uc1_robot_perception/local/lib/python3.10/dist-packages/uc1_robot_perception/msg/_proximity_task_array_s.c
[9.345s] -- Up-to-date: /home/maclab/Documents/ROS_WORKSPACES/WS_Master_Thesis/install/uc1_robot_perception/local/lib/python3.10/dist-packages/uc1_robot_perception/msg/_contact_s.c
[9.345s] -- Up-to-date: /home/maclab/Documents/ROS_WORKSPACES/WS_Master_Thesis/install/uc1_robot_perception/local/lib/python3.10/dist-packages/uc1_robot_perception/msg/_proximity_task_array.py
[9.345s] -- Up-to-date: /home/maclab/Documents/ROS_WORKSPACES/WS_Master_Thesis/install/uc1_robot_perception/local/lib/python3.10/dist-packages/uc1_robot_perception/msg/_contact.py
[9.345s] -- Up-to-date: /home/maclab/Documents/ROS_WORKSPACES/WS_Master_Thesis/install/uc1_robot_perception/local/lib/python3.10/dist-packages/uc1_robot_perception/uc1_robot_perception_s__rosidl_typesupport_fastrtps_c.cpython-310-x86_64-linux-gnu.so
[9.345s] -- Up-to-date: /home/maclab/Documents/ROS_WORKSPACES/WS_Master_Thesis/install/uc1_robot_perception/local/lib/python3.10/dist-packages/uc1_robot_perception/_uc1_robot_perception_s.ep.rosidl_typesupport_fastrtps_c.c
[9.345s] -- Up-to-date: /home/maclab/Documents/ROS_WORKSPACES/WS_Master_Thesis/install/uc1_robot_perception/local/lib/python3.10/dist-packages/uc1_robot_perception/uc1_robot_perception_s__rosidl_typesupport_c.cpython-310-x86_64-linux-gnu.so
[9.345s] -- Up-to-date: /home/maclab/Documents/ROS_WORKSPACES/WS_Master_Thesis/install/uc1_robot_perception/local/lib/python3.10/dist-packages/uc1_robot_perception/libuc1_robot_perception__rosidl_generator_py.so
[9.345s] -- Up-to-date: /home/maclab/Documents/ROS_WORKSPACES/WS_Master_Thesis/install/uc1_robot_perception/local/lib/python3.10/dist-packages/uc1_robot_perception/uc1_robot_perception_s__rosidl_typesupport_introspection_c.cpython-310-x86_64-linux-gnu.so
[9.345s] -- Up-to-date: /home/maclab/Documents/ROS_WORKSPACES/WS_Master_Thesis/install/uc1_robot_perception/local/lib/python3.10/dist-packages/uc1_robot_perception/_uc1_robot_perception_s.ep.rosidl_typesupport_c.c
[9.345s] -- Up-to-date: /home/maclab/Documents/ROS_WORKSPACES/WS_Master_Thesis/install/uc1_robot_perception/local/lib/python3.10/dist-packages/uc1_robot_perception/_uc1_robot_perception_s.ep.rosidl_typesupport_introspection_c.c
[9.373s] Listing '/home/maclab/Documents/ROS_WORKSPACES/WS_Master_Thesis/install/uc1_robot_perception/local/lib/python3.10/dist-packages/uc1_robot_perception'...
[9.374s] Compiling '/home/maclab/Documents/ROS_WORKSPACES/WS_Master_Thesis/install/uc1_robot_perception/local/lib/python3.10/dist-packages/uc1_robot_perception/__init__.py'...
[9.374s] Listing '/home/maclab/Documents/ROS_WORKSPACES/WS_Master_Thesis/install/uc1_robot_perception/local/lib/python3.10/dist-packages/uc1_robot_perception/msg'...
[9.376s] -- Up-to-date: /home/maclab/Documents/ROS_WORKSPACES/WS_Master_Thesis/install/uc1_robot_perception/local/lib/python3.10/dist-packages/uc1_robot_perception/uc1_robot_perception_s__rosidl_typesupport_fastrtps_c.cpython-310-x86_64-linux-gnu.so
[9.376s] -- Up-to-date: /home/maclab/Documents/ROS_WORKSPACES/WS_Master_Thesis/install/uc1_robot_perception/local/lib/python3.10/dist-packages/uc1_robot_perception/uc1_robot_perception_s__rosidl_typesupport_introspection_c.cpython-310-x86_64-linux-gnu.so
[9.376s] -- Up-to-date: /home/maclab/Documents/ROS_WORKSPACES/WS_Master_Thesis/install/uc1_robot_perception/local/lib/python3.10/dist-packages/uc1_robot_perception/uc1_robot_perception_s__rosidl_typesupport_c.cpython-310-x86_64-linux-gnu.so
[9.376s] -- Up-to-date: /home/maclab/Documents/ROS_WORKSPACES/WS_Master_Thesis/install/uc1_robot_perception/lib/libuc1_robot_perception__rosidl_generator_py.so
[9.376s] -- Up-to-date: /home/maclab/Documents/ROS_WORKSPACES/WS_Master_Thesis/install/uc1_robot_perception/share/uc1_robot_perception/msg/ProximityTask.idl
[9.376s] -- Up-to-date: /home/maclab/Documents/ROS_WORKSPACES/WS_Master_Thesis/install/uc1_robot_perception/share/uc1_robot_perception/msg/ProximityTaskArray.idl
[9.376s] -- Up-to-date: /home/maclab/Documents/ROS_WORKSPACES/WS_Master_Thesis/install/uc1_robot_perception/share/uc1_robot_perception/msg/Contact.idl
[9.376s] -- Up-to-date: /home/maclab/Documents/ROS_WORKSPACES/WS_Master_Thesis/install/uc1_robot_perception/share/uc1_robot_perception/msg/ContactArray.idl
[9.376s] -- Up-to-date: /home/maclab/Documents/ROS_WORKSPACES/WS_Master_Thesis/install/uc1_robot_perception/share/uc1_robot_perception/msg/ProximityTask.msg
[9.376s] -- Up-to-date: /home/maclab/Documents/ROS_WORKSPACES/WS_Master_Thesis/install/uc1_robot_perception/share/uc1_robot_perception/msg/ProximityTaskArray.msg
[9.376s] -- Up-to-date: /home/maclab/Documents/ROS_WORKSPACES/WS_Master_Thesis/install/uc1_robot_perception/share/uc1_robot_perception/msg/Contact.msg
[9.376s] -- Up-to-date: /home/maclab/Documents/ROS_WORKSPACES/WS_Master_Thesis/install/uc1_robot_perception/share/uc1_robot_perception/msg/ContactArray.msg
[9.376s] -- Up-to-date: /home/maclab/Documents/ROS_WORKSPACES/WS_Master_Thesis/install/uc1_robot_perception/lib/uc1_robot_perception/simulated_contact_publisher
[9.376s] -- Up-to-date: /home/maclab/Documents/ROS_WORKSPACES/WS_Master_Thesis/install/uc1_robot_perception/lib/uc1_robot_perception/interactive_contact_publisher
[9.376s] -- Installing: /home/maclab/Documents/ROS_WORKSPACES/WS_Master_Thesis/install/uc1_robot_perception/lib/uc1_robot_perception/proximity_task_generator
[9.378s] -- Set runtime path of "/home/maclab/Documents/ROS_WORKSPACES/WS_Master_Thesis/install/uc1_robot_perception/lib/uc1_robot_perception/proximity_task_generator" to ""
[9.379s] -- Up-to-date: /home/maclab/Documents/ROS_WORKSPACES/WS_Master_Thesis/install/uc1_robot_perception/share/uc1_robot_perception/
[9.379s] -- Up-to-date: /home/maclab/Documents/ROS_WORKSPACES/WS_Master_Thesis/install/uc1_robot_perception/share/uc1_robot_perception//resources
[9.379s] -- Up-to-date: /home/maclab/Documents/ROS_WORKSPACES/WS_Master_Thesis/install/uc1_robot_perception/share/uc1_robot_perception//resources/stl
[9.379s] -- Up-to-date: /home/maclab/Documents/ROS_WORKSPACES/WS_Master_Thesis/install/uc1_robot_perception/share/uc1_robot_perception//resources/stl/wrist2.stl
[9.379s] -- Up-to-date: /home/maclab/Documents/ROS_WORKSPACES/WS_Master_Thesis/install/uc1_robot_perception/share/uc1_robot_perception//resources/stl/shoulder.stl
[9.379s] -- Up-to-date: /home/maclab/Documents/ROS_WORKSPACES/WS_Master_Thesis/install/uc1_robot_perception/share/uc1_robot_perception//resources/stl/wrist1.stl
[9.379s] -- Up-to-date: /home/maclab/Documents/ROS_WORKSPACES/WS_Master_Thesis/install/uc1_robot_perception/share/uc1_robot_perception//resources/stl/forearm.stl
[9.379s] -- Up-to-date: /home/maclab/Documents/ROS_WORKSPACES/WS_Master_Thesis/install/uc1_robot_perception/share/uc1_robot_perception//resources/stl/base.stl
[9.379s] -- Up-to-date: /home/maclab/Documents/ROS_WORKSPACES/WS_Master_Thesis/install/uc1_robot_perception/share/uc1_robot_perception//resources/stl/upperarm.stl
[9.379s] -- Up-to-date: /home/maclab/Documents/ROS_WORKSPACES/WS_Master_Thesis/install/uc1_robot_perception/share/uc1_robot_perception//resources/stl/wrist3.stl
[9.379s] -- Up-to-date: /home/maclab/Documents/ROS_WORKSPACES/WS_Master_Thesis/install/uc1_robot_perception/share/uc1_robot_perception//resources/ply
[9.379s] -- Up-to-date: /home/maclab/Documents/ROS_WORKSPACES/WS_Master_Thesis/install/uc1_robot_perception/share/uc1_robot_perception//resources/ply/ur10
[9.379s] -- Up-to-date: /home/maclab/Documents/ROS_WORKSPACES/WS_Master_Thesis/install/uc1_robot_perception/share/uc1_robot_perception//resources/ply/ur10/upperarm.ply
[9.379s] -- Up-to-date: /home/maclab/Documents/ROS_WORKSPACES/WS_Master_Thesis/install/uc1_robot_perception/share/uc1_robot_perception//resources/ply/ur10/base.ply
[9.379s] -- Up-to-date: /home/maclab/Documents/ROS_WORKSPACES/WS_Master_Thesis/install/uc1_robot_perception/share/uc1_robot_perception//resources/ply/ur10/wrist2.ply
[9.379s] -- Up-to-date: /home/maclab/Documents/ROS_WORKSPACES/WS_Master_Thesis/install/uc1_robot_perception/share/uc1_robot_perception//resources/ply/ur10/wrist1.ply
[9.379s] -- Up-to-date: /home/maclab/Documents/ROS_WORKSPACES/WS_Master_Thesis/install/uc1_robot_perception/share/uc1_robot_perception//resources/ply/ur10/wrist3.ply
[9.379s] -- Up-to-date: /home/maclab/Documents/ROS_WORKSPACES/WS_Master_Thesis/install/uc1_robot_perception/share/uc1_robot_perception//resources/ply/ur10/forearm.ply
[9.379s] -- Up-to-date: /home/maclab/Documents/ROS_WORKSPACES/WS_Master_Thesis/install/uc1_robot_perception/share/uc1_robot_perception//resources/ply/ur10/shoulder.ply
[9.379s] -- Up-to-date: /home/maclab/Documents/ROS_WORKSPACES/WS_Master_Thesis/install/uc1_robot_perception/share/uc1_robot_perception//resources/ply/kuka
[9.379s] -- Up-to-date: /home/maclab/Documents/ROS_WORKSPACES/WS_Master_Thesis/install/uc1_robot_perception/share/uc1_robot_perception//resources/ply/kuka/link_6.ply
[9.379s] -- Up-to-date: /home/maclab/Documents/ROS_WORKSPACES/WS_Master_Thesis/install/uc1_robot_perception/share/uc1_robot_perception//resources/ply/kuka/link_3.ply
[9.379s] -- Up-to-date: /home/maclab/Documents/ROS_WORKSPACES/WS_Master_Thesis/install/uc1_robot_perception/share/uc1_robot_perception//resources/ply/kuka/link_5.ply
[9.379s] -- Up-to-date: /home/maclab/Documents/ROS_WORKSPACES/WS_Master_Thesis/install/uc1_robot_perception/share/uc1_robot_perception//resources/ply/kuka/link_2.ply
[9.379s] -- Up-to-date: /home/maclab/Documents/ROS_WORKSPACES/WS_Master_Thesis/install/uc1_robot_perception/share/uc1_robot_perception//resources/ply/kuka/link_4.ply
[9.379s] -- Up-to-date: /home/maclab/Documents/ROS_WORKSPACES/WS_Master_Thesis/install/uc1_robot_perception/share/uc1_robot_perception//resources/ply/kuka/base_link.ply
[9.379s] -- Up-to-date: /home/maclab/Documents/ROS_WORKSPACES/WS_Master_Thesis/install/uc1_robot_perception/share/uc1_robot_perception//resources/ply/kuka/link_1.ply
[9.379s] -- Up-to-date: /home/maclab/Documents/ROS_WORKSPACES/WS_Master_Thesis/install/uc1_robot_perception/share/uc1_robot_perception/msg
[9.379s] -- Up-to-date: /home/maclab/Documents/ROS_WORKSPACES/WS_Master_Thesis/install/uc1_robot_perception/share/uc1_robot_perception/msg/Contact.msg
[9.379s] -- Up-to-date: /home/maclab/Documents/ROS_WORKSPACES/WS_Master_Thesis/install/uc1_robot_perception/share/uc1_robot_perception/msg/ProximityTask.msg
[9.379s] -- Up-to-date: /home/maclab/Documents/ROS_WORKSPACES/WS_Master_Thesis/install/uc1_robot_perception/share/uc1_robot_perception/msg/ProximityTaskArray.msg
[9.379s] -- Up-to-date: /home/maclab/Documents/ROS_WORKSPACES/WS_Master_Thesis/install/uc1_robot_perception/share/uc1_robot_perception/msg/ContactArray.msg
[9.379s] -- Up-to-date: /home/maclab/Documents/ROS_WORKSPACES/WS_Master_Thesis/install/uc1_robot_perception/share/uc1_robot_perception/package.xml
[9.380s] -- Up-to-date: /home/maclab/Documents/ROS_WORKSPACES/WS_Master_Thesis/install/uc1_robot_perception/share/ament_index/resource_index/package_run_dependencies/uc1_robot_perception
[9.380s] -- Up-to-date: /home/maclab/Documents/ROS_WORKSPACES/WS_Master_Thesis/install/uc1_robot_perception/share/ament_index/resource_index/parent_prefix_path/uc1_robot_perception
[9.380s] -- Up-to-date: /home/maclab/Documents/ROS_WORKSPACES/WS_Master_Thesis/install/uc1_robot_perception/share/uc1_robot_perception/environment/ament_prefix_path.sh
[9.380s] -- Installing: /home/maclab/Documents/ROS_WORKSPACES/WS_Master_Thesis/install/uc1_robot_perception/share/uc1_robot_perception/environment/ament_prefix_path.dsv
[9.380s] -- Up-to-date: /home/maclab/Documents/ROS_WORKSPACES/WS_Master_Thesis/install/uc1_robot_perception/share/uc1_robot_perception/environment/path.sh
[9.380s] -- Installing: /home/maclab/Documents/ROS_WORKSPACES/WS_Master_Thesis/install/uc1_robot_perception/share/uc1_robot_perception/environment/path.dsv
[9.380s] -- Up-to-date: /home/maclab/Documents/ROS_WORKSPACES/WS_Master_Thesis/install/uc1_robot_perception/share/uc1_robot_perception/local_setup.bash
[9.380s] -- Up-to-date: /home/maclab/Documents/ROS_WORKSPACES/WS_Master_Thesis/install/uc1_robot_perception/share/uc1_robot_perception/local_setup.sh
[9.380s] -- Up-to-date: /home/maclab/Documents/ROS_WORKSPACES/WS_Master_Thesis/install/uc1_robot_perception/share/uc1_robot_perception/local_setup.zsh
[9.380s] -- Installing: /home/maclab/Documents/ROS_WORKSPACES/WS_Master_Thesis/install/uc1_robot_perception/share/uc1_robot_perception/local_setup.dsv
[9.380s] -- Installing: /home/maclab/Documents/ROS_WORKSPACES/WS_Master_Thesis/install/uc1_robot_perception/share/uc1_robot_perception/package.dsv
[9.380s] -- Up-to-date: /home/maclab/Documents/ROS_WORKSPACES/WS_Master_Thesis/install/uc1_robot_perception/share/ament_index/resource_index/packages/uc1_robot_perception
[9.380s] -- Up-to-date: /home/maclab/Documents/ROS_WORKSPACES/WS_Master_Thesis/install/uc1_robot_perception/share/uc1_robot_perception/cmake/export_uc1_robot_perception__rosidl_generator_cExport.cmake
[9.380s] -- Up-to-date: /home/maclab/Documents/ROS_WORKSPACES/WS_Master_Thesis/install/uc1_robot_perception/share/uc1_robot_perception/cmake/export_uc1_robot_perception__rosidl_generator_cExport-noconfig.cmake
[9.380s] -- Up-to-date: /home/maclab/Documents/ROS_WORKSPACES/WS_Master_Thesis/install/uc1_robot_perception/share/uc1_robot_perception/cmake/export_uc1_robot_perception__rosidl_typesupport_fastrtps_cExport.cmake
[9.380s] -- Up-to-date: /home/maclab/Documents/ROS_WORKSPACES/WS_Master_Thesis/install/uc1_robot_perception/share/uc1_robot_perception/cmake/export_uc1_robot_perception__rosidl_typesupport_fastrtps_cExport-noconfig.cmake
[9.380s] -- Up-to-date: /home/maclab/Documents/ROS_WORKSPACES/WS_Master_Thesis/install/uc1_robot_perception/share/uc1_robot_perception/cmake/export_uc1_robot_perception__rosidl_generator_cppExport.cmake
[9.380s] -- Up-to-date: /home/maclab/Documents/ROS_WORKSPACES/WS_Master_Thesis/install/uc1_robot_perception/share/uc1_robot_perception/cmake/export_uc1_robot_perception__rosidl_typesupport_fastrtps_cppExport.cmake
[9.380s] -- Up-to-date: /home/maclab/Documents/ROS_WORKSPACES/WS_Master_Thesis/install/uc1_robot_perception/share/uc1_robot_perception/cmake/export_uc1_robot_perception__rosidl_typesupport_fastrtps_cppExport-noconfig.cmake
[9.380s] -- Up-to-date: /home/maclab/Documents/ROS_WORKSPACES/WS_Master_Thesis/install/uc1_robot_perception/share/uc1_robot_perception/cmake/uc1_robot_perception__rosidl_typesupport_introspection_cExport.cmake
[9.380s] -- Up-to-date: /home/maclab/Documents/ROS_WORKSPACES/WS_Master_Thesis/install/uc1_robot_perception/share/uc1_robot_perception/cmake/uc1_robot_perception__rosidl_typesupport_introspection_cExport-noconfig.cmake
[9.380s] -- Up-to-date: /home/maclab/Documents/ROS_WORKSPACES/WS_Master_Thesis/install/uc1_robot_perception/share/uc1_robot_perception/cmake/uc1_robot_perception__rosidl_typesupport_cExport.cmake
[9.380s] -- Up-to-date: /home/maclab/Documents/ROS_WORKSPACES/WS_Master_Thesis/install/uc1_robot_perception/share/uc1_robot_perception/cmake/uc1_robot_perception__rosidl_typesupport_cExport-noconfig.cmake
[9.380s] -- Up-to-date: /home/maclab/Documents/ROS_WORKSPACES/WS_Master_Thesis/install/uc1_robot_perception/share/uc1_robot_perception/cmake/uc1_robot_perception__rosidl_typesupport_introspection_cppExport.cmake
[9.380s] -- Up-to-date: /home/maclab/Documents/ROS_WORKSPACES/WS_Master_Thesis/install/uc1_robot_perception/share/uc1_robot_perception/cmake/uc1_robot_perception__rosidl_typesupport_introspection_cppExport-noconfig.cmake
[9.380s] -- Up-to-date: /home/maclab/Documents/ROS_WORKSPACES/WS_Master_Thesis/install/uc1_robot_perception/share/uc1_robot_perception/cmake/uc1_robot_perception__rosidl_typesupport_cppExport.cmake
[9.380s] -- Up-to-date: /home/maclab/Documents/ROS_WORKSPACES/WS_Master_Thesis/install/uc1_robot_perception/share/uc1_robot_perception/cmake/uc1_robot_perception__rosidl_typesupport_cppExport-noconfig.cmake
[9.380s] -- Up-to-date: /home/maclab/Documents/ROS_WORKSPACES/WS_Master_Thesis/install/uc1_robot_perception/share/uc1_robot_perception/cmake/export_uc1_robot_perception__rosidl_generator_pyExport.cmake
[9.380s] -- Up-to-date: /home/maclab/Documents/ROS_WORKSPACES/WS_Master_Thesis/install/uc1_robot_perception/share/uc1_robot_perception/cmake/export_uc1_robot_perception__rosidl_generator_pyExport-noconfig.cmake
[9.380s] -- Up-to-date: /home/maclab/Documents/ROS_WORKSPACES/WS_Master_Thesis/install/uc1_robot_perception/share/uc1_robot_perception/cmake/rosidl_cmake-extras.cmake
[9.380s] -- Up-to-date: /home/maclab/Documents/ROS_WORKSPACES/WS_Master_Thesis/install/uc1_robot_perception/share/uc1_robot_perception/cmake/ament_cmake_export_dependencies-extras.cmake
[9.380s] -- Up-to-date: /home/maclab/Documents/ROS_WORKSPACES/WS_Master_Thesis/install/uc1_robot_perception/share/uc1_robot_perception/cmake/ament_cmake_export_include_directories-extras.cmake
[9.380s] -- Up-to-date: /home/maclab/Documents/ROS_WORKSPACES/WS_Master_Thesis/install/uc1_robot_perception/share/uc1_robot_perception/cmake/ament_cmake_export_libraries-extras.cmake
[9.380s] -- Up-to-date: /home/maclab/Documents/ROS_WORKSPACES/WS_Master_Thesis/install/uc1_robot_perception/share/uc1_robot_perception/cmake/ament_cmake_export_targets-extras.cmake
[9.380s] -- Up-to-date: /home/maclab/Documents/ROS_WORKSPACES/WS_Master_Thesis/install/uc1_robot_perception/share/uc1_robot_perception/cmake/rosidl_cmake_export_typesupport_targets-extras.cmake
[9.380s] -- Up-to-date: /home/maclab/Documents/ROS_WORKSPACES/WS_Master_Thesis/install/uc1_robot_perception/share/uc1_robot_perception/cmake/rosidl_cmake_export_typesupport_libraries-extras.cmake
[9.380s] -- Up-to-date: /home/maclab/Documents/ROS_WORKSPACES/WS_Master_Thesis/install/uc1_robot_perception/share/uc1_robot_perception/cmake/uc1_robot_perceptionConfig.cmake
[9.380s] -- Up-to-date: /home/maclab/Documents/ROS_WORKSPACES/WS_Master_Thesis/install/uc1_robot_perception/share/uc1_robot_perception/cmake/uc1_robot_perceptionConfig-version.cmake
[9.380s] -- Up-to-date: /home/maclab/Documents/ROS_WORKSPACES/WS_Master_Thesis/install/uc1_robot_perception/share/uc1_robot_perception/package.xml
[9.381s] Invoked command in '/home/maclab/Documents/ROS_WORKSPACES/WS_Master_Thesis/build/uc1_robot_perception' returned '0': CMAKE_PREFIX_PATH=/opt/ros/humble /usr/bin/cmake --install /home/maclab/Documents/ROS_WORKSPACES/WS_Master_Thesis/build/uc1_robot_perception
