# This PCD file was generated using the MATLAB® pcwrite function
# from Computer Vision Toolbox®.
# .PCD v.7 - Point Cloud Data file format
VERSION .7
FIELDS x y z
SIZE 4 4 4
TYPE F F F
COUNT 1 1 1
WIDTH 1740
HEIGHT 1
VIEWPOINT 0 0 0 1 0 0 0
POINTS 1740
DATA ascii
1738.138173583866092 -928.248086227003000 513.730284191841292
1818.120578476905621 -924.111197172064067 512.662738751361303
1920.975495391016466 -913.742589622020546 514.589892464619879
2002.099195712461324 -912.449835738374304 518.064940861197783
1744.127325228987047 -860.500312872825589 476.098337558689991
1824.258506808019092 -872.271888453131396 502.057569974554724
1921.707343484069497 -870.542669871031876 496.613636705102010
2005.736776200964187 -854.413787919714082 485.441644027385280
2110.082760819765099 -809.120287743684344 469.320652471524511
2190.120429560823140 -830.067807179576903 481.715434884125330
2328.602234503235650 -850.835267346314708 478.840520839498481
2409.768831532320746 -848.250475541824812 489.334311179282906
2523.536674460117410 -853.723989043506663 481.050072359751482
2611.626887473739316 -831.052318976907145 483.055359014943861
2715.187793507295282 -809.811733919031440 474.101914574118211
2825.011522883534326 -819.178404673571663 476.349430473735708
2929.545179233429735 -828.133293492019561 490.502494617632237
2994.916643239031146 -824.592860520488102 478.087901259913565
3149.002929687500000 -856.517532156179641 498.850526606929179
3218.677649456521522 -847.810312989360682 490.009292253959529
3350.691460585056575 -841.905528867334397 485.522046540912811
3399.660918226682952 -842.380892870448974 491.063004043814203
1740.093462398134534 -783.451464528050906 445.959953413338496
1817.702378988265991 -783.721661746501923 449.207500189542770
1923.586500008900884 -784.303383191426633 455.782893617947877
1990.702692843031627 -784.559845087628673 455.657688944732570
2131.789212410910295 -781.556760553728054 434.122589111328125
2247.919562157164364 -781.176488998088416 434.382604071434514
2285.557449477303180 -782.121972481551893 441.077888338638331
2415.165777825689929 -781.335256997641068 435.927142452884027
2485.717045998086633 -781.526728415975754 436.888404067681734
2638.390471191406050 -781.337816772460883 437.714357604980478
2717.518370093368958 -781.409217400279431 438.473555402057912
2821.502550981176228 -782.998394503055238 449.301619936057818
3174.088261457753561 -783.518594312774098 454.541705431014236
3408.191984938952828 -783.138691888158860 457.215417560123115
1738.844770469213245 783.408019681787323 446.238240310608660
1815.848163730658371 789.469447973553770 454.218010605500353
1925.052190455503705 789.611415031940851 458.064757382750201
1992.675188571917033 784.071215388750829 452.592980792626804
2108.544865149843190 802.399497064751245 464.465407595276019
2205.600339617048121 801.241739545549649 460.971464883713509
2284.975694056919565 782.169184439522837 441.168715340750566
2416.774150698203812 781.313745693897658 435.902738075556726
2483.893367991728155 781.534285003063701 436.871236165364564
2610.855144252816899 801.483328829271500 466.109435843221775
2716.003411572052300 795.997530208404442 457.953918123869926
2823.867579488198317 784.597825940771713 453.818507805821241
2950.297240210360997 803.943597762311128 475.206112595855188
2970.358318219865851 807.913368443080344 475.849252755301336
3174.098695727589075 784.148764796325509 456.601742440914961
3347.255417194772235 802.114355696008602 479.985851044350454
3427.855469104752501 787.299287955104774 469.340322009493718
3493.920677465617700 789.767842683079380 455.066347242108748
3624.314432673429110 799.219603693298041 468.804312980611883
3737.583134714091557 788.960039043174902 463.475548374306868
3825.277313891074755 784.395939449612229 465.639262247428633
1744.599942494587822 862.353615450571851 476.441913160454305
1823.565815984675282 878.539106436535349 505.153406138968705
1922.324057243133439 885.153680993069088 504.216128162968516
2003.002328392517484 868.351056376513498 494.031615398167503
2162.827659205386681 817.685286672491770 470.781698126541926
2192.085828937467795 846.410268689765303 490.525329089555612
2313.359079071969518 848.527456572561505 477.770345976858437
2404.912315994012715 846.410268689765303 492.257372058805856
2568.421594238281159 833.714456176757835 475.897796630859375
2619.327315379508491 847.870560693552420 485.772042255627753
2710.374654715401903 854.506114269438285 482.600348626999619
2804.898310405001666 843.170365229645881 480.057277430056388
2916.358978271484375 843.503842989603640 500.222072045008360
3008.346978187561035 833.714459657669067 479.312162518501282
3149.717333733115538 856.367364952126650 498.326319228314617
3222.038780230186603 851.700531646088280 490.930141611995850
3336.732923788467815 851.875961587715437 488.320612873522748
3426.652456150194666 847.635281006456239 492.652465850158535
3494.096825094459291 855.343928811260753 507.505364133600608
3613.664727709398903 857.306826096250802 506.914663236781394
3719.902895331796572 871.804639388976966 503.679673940253679
3782.971145966827862 894.695525641697031 515.594088388918294
1739.035802922259563 928.408112202777488 513.540588174090317
1817.497632829324857 926.019298301763911 512.765286493161511
1918.573650503290537 918.494782217591705 515.016862167665863
2002.158134144803171 913.136422258332800 518.242775716310121
1718.463339208474736 -932.444514400945991 572.476393064440003
1819.700330369016001 -937.443633383892916 535.959536937957068
1917.066308532866969 -926.295357949121353 537.168324154214019
2006.605508629384076 -926.939361466737978 572.193029365055850
3766.841178894042969 -892.245883941650391 613.714303970336914
3835.719946637541852 -946.314625222616883 608.396458956496645
1738.648820548221920 -828.581395207063792 573.097224359138067
1824.833297701799211 -840.394460522328018 564.002286104454924
1913.041422003608204 -844.443384541366754 581.105023591901499
2021.020247136814078 -855.691793649307783 596.231343233347161
2119.128553054415534 -855.526957079840599 597.988965058389113
2219.555604001036500 -854.510796534925021 610.801455890902162
2301.538076118572462 -851.597564381657207 601.674605819145427
2404.945491065663646 -850.056275044590961 610.467900299828898
2517.862190110145093 -854.536613689291698 602.084269490894258
2625.920287474056295 -856.384793924508585 613.637161599066076
2726.556118945247817 -854.028845388710010 618.428662901881808
2799.659549800941022 -850.354803178011593 578.255769188141926
2904.272026011486105 -859.442474971543902 623.210293195105578
3024.575117298948044 -851.671824848430788 581.901036152315896
3105.707571318655482 -855.165707983151833 594.080382067747792
3220.041594447221996 -853.988175885532087 596.041651223564259
3329.066799247152176 -856.817285040826505 620.895616171295501
3427.512032283968892 -856.547440258120446 619.480245688316700
3480.935971189273914 -854.915359563702623 598.985143270034428
3616.866141251691715 -851.549591064453125 580.982679111751054
3734.431615402206717 -863.324802117177228 606.644604616299603
1742.695871856821668 -784.086262492390460 597.709999910164697
1819.067736613331817 -783.962347682875361 594.074500177351638
1896.553957600238846 -784.377242789780780 609.042072705986129
2288.621236313868394 -786.100403500299421 622.359843901474164
1742.168686354091506 787.232448158925649 594.308967369829247
1817.217230153954233 784.270768747304260 593.845272672250644
1896.541092932495530 785.004707982043328 608.355707503536564
2290.534224843591346 787.839118895491879 621.866526037696872
1737.500151985570028 843.453786649202016 565.807707435206339
1826.806441036455681 843.708193485984111 562.617546663825578
1913.352207749310764 847.007280464920314 579.453584032245658
2021.259696447336637 856.440910028123312 595.201288561836805
2116.290394385835953 855.292702718837063 596.903479197668617
2221.145006702472983 853.341097200265722 610.297455319283472
2301.462996486125576 853.232667592784424 601.017239117782651
2405.701260166952125 849.839952275524411 608.691936168931989
2512.838240056240011 853.121157329944481 598.031886753740878
2631.945625706722694 847.545218216745525 610.926121360377238
2725.885157806751977 853.965017238034534 618.373406836476420
2799.789735239619404 850.357992335314066 578.137592337416891
2899.301506491268356 859.496425853056053 623.197933421415428
3024.719072072519339 851.744024244405409 582.320981645314760
3105.747040719696997 855.161491625236749 594.064499980271421
3220.161522030458855 853.956640415845300 596.241121618918555
3325.610443425845915 856.621074822112860 618.823060984526592
3432.675554646706587 854.261323266491900 592.857566557986047
3507.678467350063784 850.038283610271947 602.631022842268976
3611.436875042490101 850.876414917965917 587.945752316060634
3731.525126227744749 863.351794860429891 589.919563790829670
3786.282700605703212 904.796132737122093 573.861127640738914
1718.339388403853263 932.531174781567870 572.997441181975660
1818.397976421048043 937.517841647262344 535.262512292038423
1917.082136799518366 926.306422948239742 536.897484188988074
2006.532611094564800 927.116876433334710 572.976767940315426
3830.282432178686122 945.080141798607542 600.396179481365266
1665.427274632562785 -942.068351599288349 716.069868643425366
1701.156279145916415 -940.573457136739080 671.833244928095269
1817.229098961001455 -947.882783983574541 671.601847163966454
1926.479909515380768 -940.059997558593750 677.311767196655296
1998.782960637822271 -937.938684803342312 677.105266553378783
3848.876233381532984 -956.175112626523969 657.958538720833189
3880.060924082354177 -958.720986686265178 689.749778180083013
1940.754721441501488 -853.361669326410038 638.109145448265963
2039.939800120185737 -857.472280960546186 693.464011993805229
2116.476481422850611 -835.555270255382311 665.780572610042441
2207.119427077691853 -811.478947419640917 632.885471443163055
2291.716489215230013 -795.281417935393620 630.203983927881950
2404.739868164062500 -802.058125813802121 629.467129794034122
2498.824118221507433 -802.653489505543462 630.213225420783601
2643.505607836174022 -795.577897320371676 633.129623690518429
2725.110223332372698 -813.419941977192025 632.467934288153288
2822.632747816705887 -836.950568159943487 653.826679600048237
2892.169664850964637 -857.862525434314875 656.197939214213534
3014.342402492930887 -850.926409675427749 676.344589574076508
3132.127926179139195 -831.613166609157020 681.078285352718240
3219.346281225627990 -806.936777715633752 647.612881790134907
3311.488960985867379 -819.526286359103210 632.759724634998292
3431.900613367872211 -824.629119357438412 632.996560762399326
3520.074202668009548 -842.729974510772763 639.658418976603230
3624.940531008428025 -839.974269450421616 679.691092704539301
3695.307345932385942 -848.295953768693607 706.170516988439999
3774.353002431441382 -866.663115209462717 710.695138736646982
1722.359222412109375 -781.720031738281250 626.841682434082031
1775.140380859375000 -781.720031738281250 626.844085693359375
1919.084197998046875 -781.919202743037999 632.744897165606062
2133.892181481694934 -785.464116489454568 686.916876008893837
2220.576654478561068 -785.583475077826733 639.228047787667265
2289.054951350117335 -785.768780468304385 632.516443136743419
2500.001893028846098 -785.560203200120213 636.717682354266799
2654.891867278342943 -785.912360044967272 636.173945490941605
2710.804779262557076 -785.674286354945025 639.556566044608530
2821.840408397511965 -785.480006482041063 666.010094252000727
2878.330888191598206 -785.811515432889337 714.758525410636480
3156.204239949141538 -784.668014979598524 707.518894988711509
3213.540852783121863 -785.302081215329963 656.642821837951260
3301.316621234859667 -786.246274287478741 640.931028872715729
3430.782249603884338 -785.575063845878276 644.025656458843173
3518.090077381260471 -785.508198863510415 657.048834043735610
3619.476435101918469 -785.503542732220467 695.631283547380804
3670.166267395019531 -786.469062805175781 723.643146514892578
1722.359222412109375 781.720031738281250 626.841674804687500
1775.140380859375000 781.720031738281250 626.844085693359375
1918.991793193514468 781.903528607080830 632.658109634641619
2133.986985618430936 788.381571396836307 684.642203281161983
2222.169429690622565 788.029043139186570 637.707488615227589
2290.113153686339047 787.386354529940490 632.261256571371973
2413.172079903738904 795.913457598005039 630.704256330217618
2499.034235913825796 791.650104314630653 633.673781516335225
2653.432085039727099 787.477084266739098 635.360422180149158
2711.483870714755085 788.144371991121375 638.539484565517682
2821.850802091272726 787.545978378668110 666.192516386112402
2877.615328493895504 786.529206230291834 713.415397930268682
3155.469763861762203 786.260550717954288 706.655730805573626
3213.043027713988977 788.464099915279235 655.571817524394646
3299.656360769724415 787.832069763842469 640.431211681821424
3430.640183325611815 787.343460690384518 641.756030332935666
3524.092278679319406 787.748065562266333 651.392802157399501
3618.508527573990705 788.550050969391123 679.733655625331039
3696.071825588026968 787.707242664411524 704.253521371292891
1940.864118566465095 853.391414469810002 638.004313866696748
2039.491031129055500 857.417828050160210 693.234463778409122
2112.418690747660548 839.611462284985009 666.150430009200932
2193.561099859158276 823.000848661402188 632.712850373772199
2291.853081597222172 821.823838975694457 625.164788140190922
2399.978393554687500 821.545812988281227 625.691357421874955
2499.752622407057970 822.167921395137341 626.237705625336730
2616.875845772879529 824.092195783342618 625.815403529575860
2736.282551835222876 830.808702360323764 629.251722506391275
2822.912046636128707 853.098592520514785 649.733325142620288
2892.132491106963244 858.449069344218628 655.712927655358953
3014.369079518457511 851.044656104372280 674.186326197573976
3125.400440526270813 842.717974249871190 675.337113265152766
3223.926185059596264 822.305714758025033 642.570799402632474
3317.981445571672793 832.337898076213378 629.781356584747414
3433.853325462341218 835.714269161224365 630.409587097168014
3520.288082156282144 849.475408199259732 637.761634376327606
3624.399814307799716 851.494403163997617 667.782552658829786
3719.437064978153558 857.080544835290993 682.601877327922239
3775.415125805874140 871.807456467418092 699.543826739904148
1665.340756145165187 942.025073146246882 716.127985333051583
1700.869542200663091 940.524736450757587 671.965693585690701
1817.263539371327397 947.833486703725953 671.310109717214232
1925.122649402153229 940.116079935213406 677.128800554973282
1998.826885786298590 937.966089524756057 676.438232294374416
3835.598267723465597 953.510324441393550 659.002783333410548
3879.909913809658065 958.623443365976073 689.218573170575610
1642.784901686525927 -945.624695872551683 788.151737647210098
1686.608400636265969 -951.308797614406217 761.474028616240503
1814.357140829396712 -951.697184717932373 775.061512082122135
1915.035049066310876 -945.558538669493146 773.126046529630344
1992.793821947552260 -941.071709263674506 770.760117660666197
3846.125104565009678 -958.121867367687969 777.890552294641793
3911.819049554037974 -965.206795739803511 769.087462230309484
1910.249694824218750 -846.769866943359375 751.496643066406250
2051.579178181100360 -852.669754847687955 775.009257802605703
2079.830601398398812 -825.782071008320941 772.705941365224703
2939.436915124702409 -849.133770722908480 779.065909006415723
3016.843923835829628 -855.103071645401883 778.280399721284880
3107.220725294409931 -823.246117789953701 770.142931449968046
3730.931561350107131 -812.531114223432951 765.684737139756635
3788.670385864871150 -842.314648422164510 800.541201322162578
2098.940023177440708 -785.303051489710242 755.873959930775982
2862.068603515625000 -784.069976806640625 726.093505859375000
2916.774042143426868 -785.662694406529909 772.466277670318163
3130.330914201666019 -785.121973855958231 776.929326747734990
3657.333780924479015 -784.201482137044309 729.466166178385379
3722.526487333930618 -785.476591550618082 770.800289866490289
3770.772883488581556 -785.943857046274047 821.721666071965160
2098.644593744949816 785.768978540559829 756.291231279921817
2862.068603515625000 784.069976806640625 726.093505859375000
2920.657373244375322 786.709700161281717 779.024884321857257
3130.432120643367853 785.389224634273774 775.439515096616219
3657.653381347656250 783.853543090820267 731.083618164062500
3730.346134709443504 792.618846051060586 769.234593842623781
3775.735715388404969 794.741677681181500 814.626721812960227
1910.249694824218750 846.769866943359375 751.496643066406250
2051.285604781463462 853.064282040636044 774.845666067940897
2078.054122421116517 829.722752721101301 773.932192074673821
2939.471092281484744 862.387022192117684 771.896128744509383
3018.475452769886488 854.924940435881354 778.308522520811266
3104.363098733836068 827.714660223599139 772.009936270878256
3734.547880140833968 858.579891957566929 746.973746163504416
3794.654078833173571 869.870591737665791 789.545923708537998
1643.460460245238892 945.646156331899533 787.462687671851313
1686.526022614975545 951.151598946291415 761.158696067646133
1812.285063244047706 951.909986223493320 777.117196219308084
1913.069767649580854 945.529424899961896 771.587463378906250
1992.841333746727969 940.976526169994145 768.974309196849276
3845.878269114077739 958.509854037090463 776.900146839919557
3911.470110248431411 965.155380961232936 768.311436874210585
966.229966383713986 -907.497023362379764 915.020793269230808
1036.623215438535453 -938.791733880437732 919.420325669666227
1537.642961571226806 -948.306069663189874 900.974895694813881
1600.342985850086052 -952.123862228956114 863.228090477814135
1713.253317361349673 -959.577921102335154 875.037875332675185
1815.083931477864553 -954.103134155273438 874.653736368815089
1921.724955240885492 -951.303785051618320 877.185042608351978
1987.011806938591917 -949.358264280876369 877.441360201869657
3862.369854887655038 -917.628150120254418 858.364109512202958
3929.731777703091211 -956.301191876564189 866.041976334212677
4011.763088540157696 -969.526047318724864 890.909187201967370
2054.934682341994630 -860.426346185456168 863.067166888432439
2073.220096297116470 -849.258088290814271 873.465744930935898
2953.971547719594582 -797.940409246818945 838.901561122943576
2992.226435989183756 -844.730691188752417 876.251932228512828
3115.045185148184373 -847.626728317425432 878.235146460316059
3824.265667664592002 -819.534883770691977 867.208034826884614
3878.138614318531381 -887.073904324072032 913.160910176489665
2095.268640136718659 -784.670248413085915 896.031182861328148
2944.383851947206495 -786.113819397968541 843.422780283681163
3127.513080193014503 -785.515635052849234 826.569812729779414
3759.275716145833485 -784.069976806640625 840.118916829427121
3803.344248849445194 -786.540416875477831 871.300081987751923
5190.518199858999651 -593.966278910883943 919.732170044906525
5209.720022899011383 -548.256189854571517 904.329753002854545
5234.905477327861263 -438.821434246414185 902.371721700057037
5251.250567572166801 -333.317137574230628 902.354845192224275
5261.309669469174878 -239.449790378533720 902.335255728194966
5266.795054054260618 -158.883439003427810 902.316077669461606
5269.507454666437297 -111.407142648509904 902.355482874352901
5267.156754557291606 -61.373964787113302 907.065474446614530
5271.079824553743492 -31.824989330910100 902.329075990635033
5268.056637008101461 93.046589597066244 902.452404785156205
5270.692058146413729 58.360098900844257 902.329692651230744
5266.458330779146308 166.947227034711887 902.337234291591926
5269.194027123861815 124.815157505060668 902.297770288155220
5258.770326210360508 267.191464672515963 902.357978727448881
5248.739491515710142 352.067164854367718 902.350248140843405
5230.790454780608343 460.462403000095094 902.386287245065660
5204.749802703152454 561.999291577700433 907.419636814693376
2090.746953901076267 793.895667878207746 851.433937325382885
2948.106947806506923 788.293038585110821 842.966495418444765
2984.455385759044020 793.477072413963583 890.716995432407089
3130.088676008597758 791.480958968874006 852.535761757502428
3759.275716145833485 784.069976806640625 840.118916829427121
3814.823922211868194 790.811418507523399 870.272703911089593
966.244235206196322 907.514115894113843 915.053704880576106
977.692877728006124 910.261830868928314 916.072308747664692
2055.230228942686608 860.449606950189377 864.958873737254521
2070.272863882559250 858.562762083830648 878.227088645652543
2966.749622691761488 864.614540793678998 828.494938045353138
2995.547485993362443 868.442156000468231 870.225068261821434
3115.511474483658731 849.836497407985917 879.914245636897817
3840.612307072970907 879.937524039790333 862.419380414196780
3880.488149917745432 888.522750347166721 912.289890663296546
1040.399137310289916 940.606376793843197 919.813317520948317
1538.030481359346368 948.241674381527105 900.762276097073595
1600.209902173990486 952.046945083370701 862.837807130471788
1714.525559645432622 959.518348106971189 873.695751148265799
1815.050533040364598 954.105842081705759 874.721914672851540
1923.045606530230998 951.393457827360749 879.637395444123626
1987.007943222083668 949.344637999261636 877.372783023786155
3862.701433879572960 952.323264517435177 833.129905142435177
3937.199763489569705 966.876510388074735 860.135761134963332
4011.825638444456217 969.411117580974974 890.986707967970574
838.223005437454731 -903.285979136205469 1005.948131328804720
919.755631019222847 -934.567937861558221 971.455324474763188
1022.650008867025804 -947.649234371186594 943.339927046426737
1114.995812725574524 -947.924931882248984 967.548672573380372
1219.776156245161701 -950.874107062529333 990.873294775155273
1321.296260222110959 -951.703724686987812 995.343158958709068
1422.254075803122305 -952.297519734597245 971.331374193678812
1509.451890494028021 -956.312607868880605 946.549912726148250
1607.303314795860842 -963.078259981595579 959.248011075533327
1711.975987752278570 -958.069195217556398 971.571289910210453
1820.097531738281305 -955.504816894531245 971.123594970703152
1919.849129416725873 -954.521650834517004 973.964691162109375
1983.534216803377831 -953.195542585221574 975.493384435815983
3932.918076630460746 -910.150426945381696 958.547216167259080
4027.091726355404262 -964.095909913671562 973.414939782737179
4107.187341915318029 -979.104707537659351 983.320046414268404
4221.503983836287262 -976.493261475377949 996.871338357240688
4301.677177127656250 -974.813874240034124 997.287251180815815
4421.419556827972883 -976.069614504617448 980.266435803496051
4499.078507683339012 -973.018801609888101 992.903359891262539
4575.270507812500000 -933.213012695312500 1024.114868164062500
838.824412378771513 -883.475123964507020 1003.121635700094316
885.227975176949826 -888.188289283687254 946.013847677116701
1953.749313630155712 -849.685192323009687 1010.057688843811206
1992.784641442788370 -851.903907657932677 1006.066881798364307
2073.393145358178117 -849.074792825022087 987.201934863674978
3026.296668104814216 -844.954709599678267 990.680285095537783
3124.279701072161060 -851.472550501893011 983.226130851856851
3836.799107142857338 -789.269156319754416 925.760938371930820
3901.823011353385027 -869.724836995254805 966.868802211135971
3972.860156249999818 -888.816943359375045 1021.214733886718705
2094.963333129882812 -784.717627598689205 981.582842019888062
2967.433349609375000 -784.624771118164062 943.298675537109375
2979.952715268342217 -784.947035814368178 993.533765444548180
3161.163899739583485 -788.756551106770871 1009.465779622395871
3836.061439997033176 -788.281069984918872 925.886768968799402
553.412725055168380 -609.823895549783401 1016.411791009890976
578.772494610788726 -643.379416373717731 1022.397942548444007
5150.380272825074826 -636.544676356419018 986.689151662044537
5178.875783094732469 -607.777257543123255 936.749147083282878
466.478074463441715 -492.471916388173668 994.397136151476730
498.945002462792843 -535.165500299943460 1002.467940567946130
5165.565415736607065 -569.670917619977672 1007.168464006696468
5183.399970073084660 -532.174156238186697 980.091715363533240
429.873033652384379 -432.340301037298104 985.886396380277120
475.110946655273438 -479.405914306640625 1020.129058837890625
5201.041243727189794 -442.495073972827299 982.516779767335720
403.359438606550498 -338.821664720382273 984.442271989724873
5213.601474294355285 -343.120855516003019 987.062804782006083
387.183803554340216 -236.440504733193336 984.896238106733449
5231.221435546875000 -240.199900599888394 971.733727155412907
377.178904780997641 -139.035737678811131 985.356005538343425
5235.460752905868503 -130.497562594530052 978.088189101800708
375.057669244685087 -29.566817946975995 989.607902550572135
5233.662704467773438 -41.815320630864740 987.646153640747116
373.188354527281774 58.123525066642813 986.039679602051592
5234.347432585685056 59.758753856535883 985.715490328881060
379.107495898168906 162.119976128460110 985.270808030292187
5235.544285824424151 157.259592357434713 975.777404785156250
389.869537326657849 256.076931381136035 984.853632656796663
5224.218872070312500 274.241305264559685 980.528839111328125
409.279390284886915 368.532226552725490 984.419824495042121
5211.310317804784063 362.060589260525148 986.606521418065199
433.989262409699279 441.115735371907533 986.496511624267441
475.482511976529111 502.616414796612617 996.524954023563737
5193.493399973665873 475.244520551702976 986.535521089360941
516.815441000242117 559.801354454625539 1007.003417535981612
5162.297531854538647 586.935212634858658 1000.555363246372735
5182.183118005087636 601.621099955714044 933.628076330850263
560.128728956240479 619.038265099308887 1018.081105674259902
578.674454379251983 643.179760818795103 1022.351217897700394
5150.430482880292402 636.607584135952607 986.709591016258059
5173.203748259530585 614.182543148618947 945.238072386048316
2093.319527895395822 788.948600788456133 983.077897166477783
2966.356689453125000 785.573120117187500 934.064270019531250
2997.115194048200465 788.292689732142890 1010.016399383544922
3148.774042302911766 793.950347900390625 954.256164550781250
3836.126323784722445 788.402017550998266 925.915558539496487
833.529451411658783 899.553081281978166 1007.921578603517673
910.088770519102241 897.944497654203701 960.344917870670429
974.313433091417437 909.512508694216535 935.218772394194048
1953.292174015414503 849.538555039466246 1009.705494751423657
1992.641963805240721 851.868934815010789 1006.251605972131870
2071.783833572200820 854.138904738551446 988.466284863794385
3026.435011084075086 848.756041684852221 988.417536048249872
3124.395994927473112 854.261355017400888 986.973060170556323
3908.486626976289244 877.041212846277404 964.434094527836351
3990.970365717169898 899.760802193973859 1010.161889922752835
856.737688708535302 916.330433247557039 997.892959104090210
920.513171562511275 939.561050365817209 973.018625313895086
1023.390976347302626 948.076574511018066 943.720226008158193
1114.747641464445223 947.900228132010739 967.353941914526558
1220.031058933423992 950.844404457350834 990.972759468577465
1321.089066718593813 951.776361860733118 995.768654902653452
1422.329013756009999 952.325002275127758 971.311603785727925
1508.969343043635945 956.307941058202800 946.744242827347307
1606.464613048308593 963.033235602422565 962.643717074612937
1708.072086007254484 958.275858851841463 968.863148716517912
1820.033898925781159 955.513646240234380 970.878496093749959
1915.635167563833875 954.613053484660782 976.986837247522885
1983.538052343020581 953.184919328244746 975.439270316187162
3953.930172082149511 965.767536695075705 940.793374726266620
4031.173576897209841 969.865210333624646 970.509593700145501
4107.123836072318227 979.183656158421400 983.545872884404730
4220.803726984986497 976.554763151134011 997.174281557674135
4300.491347596165724 974.875579758471076 997.947051542750614
4420.940033280222451 975.858378384238790 980.459923047517464
4499.266006702094273 972.807277945257511 992.892622542370304
4575.417480468750000 933.882324218750000 1024.257934570312500
860.165122591511590 -896.669500938158308 1047.571294000175612
873.852450829502118 -895.409602973908022 1060.342000138869025
1030.150410512859935 -943.649017676878543 1058.195783636543183
1113.280440741989196 -954.923272612131200 1069.414698257058944
1241.460047153079358 -961.762356197887470 1044.779475053864189
1292.246836871865298 -962.744332245249780 1041.130097113715237
1422.165783081054769 -958.062737731933566 1085.640289916992288
1555.377357572792107 -947.793640009826504 1103.221182523794823
1620.884388287312049 -944.848830671476549 1101.816027419355578
1703.592022340958238 -942.630259883945996 1103.676726411660638
1806.439587558528046 -941.038307390309342 1106.308955982349516
1906.069957582393727 -940.830923041612095 1107.636580196540535
1983.667780936798408 -946.518892315964308 1081.381640202504286
3945.271430121527828 -889.137641059027828 1030.567070855034672
4045.617443340654972 -932.019982481155125 1049.898555280301480
4090.080062407988862 -975.603379155064545 1074.813558813330019
4231.515398723323415 -987.787565767535511 1033.799186344171176
4309.820215723536421 -986.569728114344798 1040.875832497536521
4414.220769434798967 -978.729709954909367 1086.967505184220727
4546.942694840849981 -961.333815931607887 1039.210971773841493
4601.650205633100995 -943.473750440572758 1092.827458855297891
4669.406494140625000 -896.603637695312500 1116.604003906250000
729.504952160992389 -813.730254121718076 1054.670801816175526
817.305642024556505 -865.014336305686356 1063.953480955518216
884.130729980468800 -882.596741943359348 1082.812028808593823
1954.450473488684793 -849.681072306623491 1039.244587737343181
2000.408345628926327 -849.203768852061785 1052.361042875615340
2081.059355420255088 -822.767578049227041 1082.443602530575845
3026.209263824401205 -823.741375162925465 1078.134024784482790
3125.326648391202980 -861.400671157777310 1083.854727456643559
3170.887695312500000 -790.097277832031295 1059.238012695312591
3948.721910460194522 -824.994451555022010 1068.938377509150541
3987.224461654943752 -848.017979955380724 1105.415374568634888
648.161994329339905 -730.188015921259648 1040.771051176945093
714.292578798181921 -757.247660398794892 1082.124017925719500
794.736089847388257 -765.998908422469754 1113.304675790362126
2095.360383862891922 -786.033799109180336 1077.401366663142880
2999.883474791713525 -786.136690369200210 1075.435399017242617
3167.115722656250000 -787.946929931640625 1037.324401855468750
3179.976383855211225 -785.691507322477946 1089.934056681532638
3926.953310355740996 -787.062847236421476 1088.831855062034265
3976.138631184895985 -788.756970360165496 1119.853418259393493
560.139259338378906 -605.929962158203125 1031.984385172526117
600.911984412444554 -671.364848194339629 1028.547213149558047
706.121705520984733 -649.235361498455632 1109.916322220203483
5134.516010736257158 -659.702751044040610 1067.337736871971856
532.046865110044109 -534.788385744448078 1043.890971996166172
615.401226806640580 -531.973048909505223 1098.193129475911519
686.299919976128422 -571.891126844618043 1120.957492404513914
5164.070571899414062 -563.205987930297852 1058.268161773681641
5174.310400390624636 -518.997705841064430 1056.026571655273528
459.078427734374998 -431.928572184244786 1028.396640624999918
496.604255175068431 -454.177572654111543 1048.782604356751790
592.282747708834108 -454.711200420673094 1103.360511192908689
5188.606579727001190 -433.620337154088418 1074.317074893565632
451.704138861762146 -329.010470920138914 1039.740926106770758
513.978741963704465 -336.874370574951172 1076.861526489257812
587.660385131835938 -335.422630310058594 1114.044448852539062
5191.014019956683114 -345.625952088006670 1073.283142694152275
429.664718627929688 -234.768685150146496 1035.215490722656341
534.506157253099559 -207.575661147850155 1099.025265016417507
579.207306531010886 -213.769496372767861 1120.037557796556030
5200.129903590425783 -241.150141289893611 1066.958241564162336
433.331753470680951 -156.281788479198099 1044.297453446821692
509.038912527901800 -167.251144518171031 1090.025683593750045
568.649536132812500 -187.656341552734375 1122.106933593750000
5195.927169858870911 -115.078335295646426 1102.136487367691643
417.039771387091434 -3.448035747131460 1035.366053472813974
516.109341575985809 -32.149982347627351 1098.996122814360206
5201.611611040901153 -42.997916569651807 1085.910819738051487
428.452364991962384 21.810784300851388 1044.832605992578465
522.789670944213867 71.366402626037598 1101.988456726074219
5199.504210189341393 85.411782038145958 1091.070216956937657
434.442974990673292 162.926673203371877 1044.605397428019614
521.586931159697428 188.518571003373836 1094.421205084007852
574.189242553710983 204.167134857177729 1119.820324707031205
5194.801182884263653 126.805896416586478 1105.619103927453125
432.862972861842081 252.773122687088829 1035.704429224917703
527.228585561116574 245.346171061197907 1091.829607645670649
581.756227435487745 228.910126194809436 1119.578014026988740
5198.963657924106883 268.133904904735346 1063.639075454400427
451.774173736572266 358.175014495849609 1035.712677001953125
516.764208706942441 363.285357388583122 1075.485129616477252
589.971588134765625 366.633415222167969 1112.354461669921875
5189.383052571614826 368.690139516194677 1079.432244873046784
460.094392903645826 433.229536437988259 1028.890030924479106
499.362225582725102 462.828282406455571 1048.203384399414062
603.465338345231658 484.623542522561934 1104.782188678609828
5187.079124540441626 448.232953060374541 1069.427916762408131
538.971813398538188 554.195300859274312 1040.860623389175316
615.581238827462926 558.052929894398858 1089.310925499867608
688.578134390024047 580.012183556189939 1119.270085261418217
5161.159750884434288 574.206701890477575 1066.677607698260545
5172.739346590909008 527.897800329959750 1052.896121863162989
563.733342488606809 617.774185180664062 1027.256296793619867
610.435671532106085 683.965844761292601 1030.569951869830220
711.216175426136374 667.158377907492877 1108.572251753373621
5134.483348101071897 659.796414123854674 1067.714861862422367
652.017055346899042 734.742553282644508 1041.902874280431433
713.490897621266981 760.779151351131418 1079.267559999656669
794.197258066063000 766.209770188965877 1113.377853063350813
2094.680606364000596 787.772959331387369 1078.891860076416606
3009.791397378118745 789.820793351595739 1078.291534881352845
3165.879443359374818 790.062182617187545 1034.718310546875045
3179.480868146238663 785.641484124058138 1087.818363244664170
3934.865820395564697 788.198398487338750 1085.258429635169250
3975.564227840764943 789.939527806227716 1116.212056477864508
747.801542859219694 827.023618769590939 1056.801375545411247
824.045398317061881 870.204274132065734 1061.315281916892218
872.925285926231936 894.532839818603861 1061.102961454428851
987.050781250000000 903.203389485677121 1117.311218261718750
1954.462581401405259 849.668155891053061 1039.225023474871932
2000.193485638752463 849.274611057223979 1052.082198284655078
2078.304739165492265 830.147280637636868 1080.678467643850354
3037.974858009010859 862.669628796795678 1074.823867920267503
3124.827164202043150 861.552110251940121 1083.605960897459227
3949.726739101184194 884.747609445430271 1048.126833814081010
4003.497850397871389 885.585814566999829 1088.992685702158724
4617.932580474624046 909.878865865836474 1102.349537784891936
4669.406738281250000 896.603485107421875 1116.604431152343750
929.518667221069336 922.817491531372070 1047.642868041992188
1031.245929759937326 945.508864182692264 1054.725485330099673
1116.394628906250091 954.889423076923094 1070.160742813501656
1240.154448036835674 961.699458612459807 1045.690708053446315
1293.274295332420024 962.575486823694064 1042.102144611415497
1423.009930154551739 958.411140773607372 1084.007148484676918
1555.286729504636696 947.780270368451738 1103.271024795834819
1620.399919500643591 944.835407002649504 1101.870717566089752
1704.120540298076548 942.555829292739531 1103.806792423877368
1806.359194226466116 941.101789442605423 1106.200093970497392
1906.138613354261224 940.824438677715875 1107.714256717331409
1983.640455188031865 946.669645413843341 1080.645410328670323
4061.572945462740336 967.380461237980739 1036.812394456129823
4089.877767108432181 975.444697206686669 1074.815072634669605
4232.185569239026336 987.749676109876987 1032.933631799906607
4307.248174769504658 987.237545500015244 1035.839967365506254
4415.879817996405109 981.103483757086565 1077.444919282356295
4547.089429058817586 961.068687832002752 1039.303047556488536
4601.251754045555572 944.088870918906878 1092.594405643735172
1027.080040973165751 -899.555414614470124 1138.408510954483745
1114.208733974358893 -912.548524514222777 1148.514000525841311
1218.834269205729242 -916.238393632192469 1163.979606507316475
1318.490260885219413 -919.747578630543671 1168.490670868844745
1419.612245639534876 -920.930124682049382 1169.209000840297904
1518.985281718145870 -917.455537776357119 1173.908657427915614
1620.391518894630053 -914.484661633455289 1178.125940250444955
1746.715251204870128 -934.083964534909228 1132.020695169416740
1826.035773543949972 -933.044266036336467 1132.554173112480612
1887.398905965029599 -933.197349888837607 1132.725314557055299
1992.022149218053755 -916.353118111101139 1175.637703651668289
4058.119262695312500 -899.433949788411496 1135.994771321614508
4101.838290517720452 -951.272312886712939 1180.651563943504925
4239.185079595094066 -957.749387023269492 1187.602882959509316
4312.371388179044516 -950.805098829073017 1187.719012126715143
4418.772209912793187 -950.544966804736191 1170.464785412959600
4487.378331094246278 -934.042273657013311 1203.843912889694138
4652.547034502104907 -924.959155223011294 1144.070081508989233
4701.263170164163057 -912.495773905868418 1190.731481989164422
836.110408782958984 -810.214163038465699 1135.746220906575445
943.103619711077499 -792.539227411108641 1176.437086733404385
1021.942587040404419 -797.136213242685926 1195.445265080328227
1120.736236525563527 -803.335754702940903 1212.096164329642761
1206.760861377624451 -804.920646793488686 1215.535795999343463
1294.107813866214201 -803.895232627930113 1204.053604962314921
1419.305391298491486 -826.998782664331884 1219.668231411637862
1501.988146835498583 -835.351360192459651 1219.856044812148866
1622.676096270161224 -885.147492439516100 1220.828006867439626
1706.852102179276244 -886.006042480468750 1221.207223992598756
1787.339355468750000 -885.164225260416629 1223.959147135416742
1951.316804584703959 -840.226218775699067 1187.851366545024575
2049.720705177067885 -839.369171322827356 1190.974355805954701
2091.069934336893766 -807.128762033021758 1181.177827531609864
3033.777895379512302 -826.584598257904304 1169.261472543000309
3130.689947353908337 -860.684905996902103 1165.513953385550394
3190.891567301881878 -817.184925698970574 1197.440334358004520
3952.214874267578125 -789.056446075439453 1132.950714111328125
4014.962277794349120 -836.830429841534055 1167.844243536917475
4708.941900744796840 -877.152823746520426 1194.768034885442830
766.081024169921875 -701.760406494140625 1126.514953613281250
834.150102387867832 -775.109881227670826 1138.734190753930079
904.065201383187969 -783.363184071980299 1163.322136510922519
1013.784924866343999 -785.699242399966352 1171.719875733109347
1126.935625268778722 -754.761299343284122 1205.499788336797565
1198.847091674804688 -768.018859863281250 1218.213424682617188
1286.169410118689939 -775.900416447566158 1201.849163348858156
1839.493404220268530 -704.244443597498957 1203.624173387807559
1883.042857530381980 -711.129421657986086 1216.725998263888869
1976.515056966145721 -697.208814290364558 1181.231110026041733
2099.839285714285779 -788.864998953683084 1126.473702566964221
3012.318533170021055 -788.387149099576277 1131.467426881951724
3190.403711966664105 -787.749048451908266 1140.369990829003200
3957.260130882263184 -786.460795831680343 1147.013629055023102
3993.466635498523374 -786.072533366339144 1196.118363349857191
753.292717827690922 -639.915005154079836 1131.644165039062500
817.013737728721253 -639.343542801706462 1156.322647897820616
915.361435834099211 -632.852440927542943 1191.501560585171546
1008.421104431152344 -647.822647094726562 1213.551773071289062
1082.642456054687500 -682.717508951822879 1220.300252278645758
1828.590496653559057 -654.947160311717994 1208.363718678317127
1946.062379989945839 -672.685418108847557 1197.467336147646392
1973.327445282577401 -681.124593155629782 1180.967169546483319
5138.485745376059640 -636.500244982906906 1129.119386582311336
664.514746093749977 -519.917187499999955 1127.836083984374909
714.298988172743066 -545.875396050347263 1142.014130316840237
818.792147008384177 -560.124692591225198 1178.650179234946563
931.099220677425933 -542.712942023026358 1212.862153705797709
969.070373535156250 -571.151672363281250 1220.248168945312500
1757.900172170795031 -529.956132330862033 1186.467915719154462
1786.661557574911967 -536.405621707800719 1191.945726270799469
1898.554117118362910 -521.837154392178718 1187.062282025872719
5159.781439044192666 -546.737935921760823 1150.533226164760890
5169.113741410340481 -495.027855965978802 1184.701428542211943
655.881774902343750 -443.123112996419252 1133.024841308593750
714.092342376708984 -433.841207504272461 1156.241706848144531
828.821166992187500 -442.757424747242624 1193.540800206801578
927.544795445033515 -457.197132655552480 1219.437656947544610
1759.625123671234633 -438.392867024739587 1188.202032504055751
1843.246782417089662 -444.378472440688427 1208.233856810415773
1879.261786268405103 -436.807468767412161 1188.378172809328817
5146.566507273706520 -469.812495339680197 1207.858047861183877
5171.723670285771732 -464.124191404105432 1205.223617405567438
652.408117675781227 -340.749612426757835 1140.870788574218750
717.388046264648438 -351.044273376464844 1164.139251708984375
831.313400268554688 -352.450283050537109 1200.314605712890625
896.382000958477988 -303.362436930338561 1220.438530815972172
1737.949300471322886 -337.607452721510128 1188.401785881362230
1867.778680098684163 -387.938083046361044 1219.890798468338744
1878.613721776762304 -347.857217073112906 1183.207842908536804
5186.852658126154893 -345.144770128973619 1182.705165618746150
635.521262809021778 -221.455384293647654 1145.420605803189119
720.100480309848081 -242.003871457330121 1175.658087631751641
816.534835395463006 -260.561445218707433 1205.802733535066636
884.273194866415906 -282.122382269965271 1219.713445216049422
1719.361517811426438 -237.826923604243404 1188.373818653582475
1864.107086295938643 -206.191554808884518 1183.980005385723871
1875.770320506230973 -256.603642849235484 1181.222257138677605
5167.143468520220267 -246.014012056238499 1216.557933134191217
5174.433906250000291 -253.771347961425789 1184.189812011718686
626.134864220252439 -124.582997835599457 1150.949049729567378
727.337829589843750 -138.215147972106934 1190.058685302734375
806.508374023437455 -142.418654632568348 1215.055578613281341
1705.986433090702121 -139.714546495868319 1188.507246940366713
1849.375898216726910 -140.459421535274657 1181.957999641028664
1876.131347656250000 -156.772579956054699 1179.416870117187500
5166.592163085937500 -142.458340644836426 1215.531051635742188
5180.263581194196377 -118.440595143636074 1158.376948823474777
618.927515366498142 -23.609619499880214 1149.761725930606644
723.449545467601070 -32.418833132652424 1190.799474379595495
806.092475043402828 -28.958930130119786 1217.313449435763914
1699.094496922667986 -30.564050775459233 1189.138054053331871
1829.866614561814458 -35.764347863804637 1182.743472612821051
5165.715148925781250 -48.829963743686676 1218.693359375000000
5174.230222039474029 -45.502384410978586 1183.040446391858495
625.072829026442264 77.573062309852020 1151.812941331129878
717.254918416341184 78.795123100280762 1188.156443277994867
806.135937499999955 70.592776489257815 1216.769384765625091
1699.984266012821536 60.408368975808173 1189.015337755121209
1824.829266685186894 55.198668785814966 1191.509409335597411
5165.397216796875000 66.802860577901200 1220.180887858072992
5174.994250914399345 88.613357767187352 1178.277214410613396
619.624767672631037 195.813161296229197 1144.142048497353926
730.777448381696445 149.030313764299677 1190.884443010602581
810.095838758680543 147.983662075466583 1215.991699218750000
1708.437048581567069 160.971720984430590 1188.459270817218339
1836.768312693480766 164.878915547486059 1183.829918775301394
5166.427455357143117 166.869280133928584 1216.260567801339221
5182.092379868733588 125.864657470783115 1151.909501901929161
640.770037569980445 226.659336290861432 1146.182078990859054
719.474759270163190 241.680054736738441 1175.479362167230192
815.326024822856084 260.394524436773281 1205.394087822492793
887.551806414568887 284.587664286295592 1220.126548484519617
1723.043941902714778 259.707321627313206 1188.327095654024106
1858.409160093187893 226.718294573006148 1186.720916410213931
1877.293228077968251 280.640575375764286 1181.571430892689250
5167.397613525390625 252.506889343261719 1216.255493164062500
5174.928649200790460 280.845417768105676 1185.421404959141455
650.361511230468750 355.293636745876711 1139.021809895833258
717.645375569661496 364.103146870930971 1163.414164225260492
826.441980997721316 366.996866861979186 1198.173207600911383
900.183654785156250 360.468513488769531 1218.719451904296875
1741.394498883928463 358.465573137555793 1188.295677176339268
1864.760484730113603 398.090403497869318 1214.878134765624964
1877.481622926227374 364.333455602828167 1185.991590579017384
5188.982653779459724 358.114396561870706 1177.671125680563819
650.664611816406250 460.519073486328125 1129.098114013671875
716.898960113525391 450.394796371459961 1155.649009704589844
831.427669525146484 461.267318725585938 1192.975608825683594
925.291751861572266 467.672460556030273 1218.005493164062500
1761.828670667565348 450.158573109170675 1188.326348843781943
1800.905142931924047 484.360756575649361 1198.062749201783163
1882.966854860744206 463.298473666027633 1186.282757723175791
5165.276394737582450 499.867595017743440 1181.472345871942480
5170.599437180015229 474.752047103463440 1200.152427305243464
664.029968261718750 519.372172037760379 1127.444132486979242
714.949168701171857 550.820960693359325 1140.983581542968750
822.600454966227176 572.648756663004519 1177.061935424804688
920.349809673470531 577.546608938297709 1206.378777302486696
978.919718424479129 593.032185872395871 1219.909667968750000
1757.926288335960635 530.041929266993748 1186.464183745079936
1794.458556333487195 568.805538068120086 1193.253410756950416
1905.852267195538843 535.831660154389169 1183.675698443156989
5155.840339874905112 567.053570005390725 1140.482572152303419
5172.214843750000000 513.413696289062500 1136.780273437500000
756.090930938720703 660.157424926757812 1128.739875793457031
813.861405592698361 663.186303945688110 1149.853968693659908
916.219527826076614 663.798698611375812 1182.200000297732458
1011.829241071428555 666.375622946118597 1208.574615962921598
1100.911437988281250 698.941480848524293 1218.685234917534672
1835.501216151769995 678.569698264944236 1208.637135248464347
1943.060096870034386 672.690971503823448 1198.429546808792338
1974.406968491220368 684.646700182090171 1181.025888350761534
5135.196498334208627 647.714552836129315 1129.638667014308112
834.400365800137706 775.357442785852754 1138.835427640347461
912.688430058861741 785.319928269115053 1166.252138255858881
1020.480303916089952 795.283597881574451 1191.854973137399838
1120.380458161321030 802.912296078998679 1212.094907815810529
1203.117402502662344 802.889132165451315 1213.772477118548522
1292.881187935552589 801.528807578002215 1203.877084088748688
1421.934749963148533 807.124977543668933 1219.560311947228683
1492.670613606770758 808.445312500000000 1219.240185118558202
1837.707927815881021 721.885159287607507 1192.828203675920122
1870.809883117675781 716.675308227539062 1219.609123229980469
1976.462140118634352 712.986208315248859 1180.842791521990648
2095.838982379444587 797.522313259769589 1182.407410123764294
3022.499686619020849 793.530797310595290 1166.622851317783670
3198.028714701463741 797.100948425835895 1192.866362426706019
3957.297891152871671 786.489655503281597 1146.958850849140163
3992.529007264215579 787.069097466882795 1185.928328679890001
848.766952826052261 816.204691984215515 1138.893469985650427
914.602805472709065 828.827754939998613 1159.327529494826877
1019.605049249484409 842.040154626526828 1185.268815558574033
1146.930944531918158 819.901892632687805 1219.399958716015135
1216.590564684644505 814.303309303493279 1221.527911751643842
1316.916304694281735 888.994660271538578 1206.165535820854984
1414.205465113863056 892.690013479679237 1207.948933053523888
1520.677474483366950 897.248571908602116 1205.141604187668008
1619.483512668434741 896.202176995233685 1207.137980889836626
1710.228639632936620 895.584629603794610 1208.568390376984098
1818.016545758928487 900.322413853236640 1203.769423130580435
1940.876290313468417 859.251332684981890 1193.954115686337900
2007.963862379899638 889.279690601436300 1204.853046360479993
2084.231355646306838 821.669579911665437 1181.082825594815404
3043.723472221065549 859.629014005030626 1165.136565706623060
3130.940455617963835 860.448084652349849 1165.684056707346599
3176.801906092026456 848.844405499626646 1191.530964570886908
4025.337194233189166 866.580961429873014 1174.118958428807218
4075.425048828125000 905.636413574218750 1197.494873046875000
4657.956752991719441 896.875007421697774 1145.356433127623177
4712.377277581045746 891.838323903306673 1199.789146551684780
1063.349365234375000 915.227630615234375 1130.795043945312500
1120.776916503906250 920.234372225674747 1140.364318847656250
1220.671975708007722 928.155322265625045 1148.577606201171875
1316.843717060391782 931.066229926215328 1152.671576605902828
1420.101967300907290 929.875424883442520 1155.832291929183384
1517.394454205622424 928.930673567975191 1155.304786557056786
1620.618702989943586 924.310596222573167 1160.940295929604417
1749.577659027073651 935.295878891655775 1129.464319087418517
1826.417642469291195 933.640057409815086 1131.114517763436652
1887.419064520817301 933.666459700869268 1131.661431579900864
1988.726233280527140 924.479170208132928 1158.702667512014841
4068.093505859375000 920.201965332031250 1136.226928710937500
4101.914328140072030 951.664268975034929 1180.029348933583151
4220.840465198863967 962.273076837713120 1173.170421253551240
4320.294966264204959 965.598222212357996 1155.278364701704504
4422.501743861606883 959.031450544084805 1156.807181222098279
4527.727026962652417 939.931719524104437 1188.113221703506042
4651.010269271743709 933.593426660687442 1143.610770841300564
4689.864132427505865 919.913304133579913 1179.906756368771994
2004.305474853515534 -889.858148447672534 1226.417253367106014
4107.434315810855878 -920.030626487389895 1273.877022715293151
4222.492466517856883 -924.038881574358243 1275.722046770368252
4305.574191027995766 -916.510751551838553 1275.061227102930616
4416.822799720082003 -896.011495257711772 1301.014791627132581
4491.996823635855435 -911.067931647306409 1259.948389410734535
4619.437855113636033 -903.407587224786880 1256.106001420454504
4746.179415433890426 -893.119712406214603 1234.700920753003857
1167.157895688657391 -812.432273582175981 1225.235826280381843
1230.248749870875372 -810.511401436637016 1229.795020943389318
1311.800824108782081 -812.774766626822156 1235.088748565155811
1417.213404814308433 -815.758018119632197 1241.994750893183664
1519.557733676688258 -818.345674962857743 1246.370473439678790
1623.752143245133084 -819.944708965753762 1251.667679969961455
1721.001305244029709 -818.298203058639388 1259.507869948819234
1798.850991673602493 -803.697037477891058 1284.013288701410829
1929.670063243192772 -821.909029231351951 1287.075067183550573
2039.175672980394438 -852.250895827794352 1270.049304209480852
2085.388307708337379 -826.893877865216496 1297.763451393779860
3052.807492641908993 -806.450932489515253 1274.495360329328378
3119.199855166496491 -828.750518244844443 1288.232889271063868
3198.496800008094851 -815.382322298042823 1276.260508540494811
4045.820340815702821 -828.824299211045513 1276.893807100590493
4097.861666324012731 -885.755582339638181 1321.462088558799451
4436.897286551339675 -887.020289829799140 1321.613202776227581
4521.843762849506675 -882.862254895661977 1315.421280710320616
4627.414489746093750 -875.332271575927734 1306.892288208007812
4759.431528288399022 -884.619544893152579 1247.887424842984046
4815.154642794228494 -860.657122799533795 1277.487501859539861
4920.158433203060667 -823.550243739700932 1294.073454657134562
4979.211996224136783 -796.029580226596408 1298.517586497449429
1144.024658203125000 -699.956701660156227 1227.942492675781295
1221.586645126342773 -740.343304634094238 1232.615055084228516
1318.313658387510941 -736.432078968394876 1249.398551887565645
1419.606123965010738 -748.545398679553955 1259.868983081263423
1521.673207600911383 -748.431138780381957 1274.369853832103672
1615.302213668823242 -746.360769748687744 1291.078611373901367
1726.305049015925533 -756.101891737717892 1301.096684382511967
1847.440696069858859 -743.256350192638365 1310.871754646010459
1887.885057049901206 -730.802788487838257 1302.991716360472083
2022.958010414931778 -760.778720070408781 1315.850656040504191
2143.970822117909847 -787.815337365414962 1319.840432559742567
2172.726013183593750 -787.435668945312500 1319.676788330078125
3059.821232722355944 -788.747229942908689 1323.208571213942378
3226.310752263144877 -788.323488265749006 1321.551073831225267
4018.477119927365038 -781.816773272799310 1277.161085157744992
4964.229041466345734 -784.599445049579344 1295.956723257211479
5030.441625983848098 -750.315321651084219 1300.430196763792537
5073.495821036717643 -697.286783547694313 1300.922524674328315
1042.680354817708348 -627.040360514322970 1229.712027994791697
1121.917849276928109 -644.355597313414250 1241.606764773104942
1217.220684814453080 -652.791735839843795 1256.955004882812545
1319.697414398193359 -653.984878540039062 1270.499076843261719
1411.855341796875109 -645.155944824218750 1281.961655273437600
1514.284284319196331 -645.044969831194180 1292.116686139788044
1607.397128906249918 -651.555693359375027 1299.878247070312455
1713.986522533275547 -641.626857051142906 1309.383090549045164
1808.738478305032686 -641.406449727743166 1309.616555239653508
1896.915102208197823 -652.482477644461710 1255.984259751639911
5049.819227577583661 -652.283744391602454 1313.666604277624174
5079.070791019692479 -643.875344768557511 1299.116807333085490
965.427917480468750 -504.698059082031250 1225.383789062500000
1025.513099670410156 -546.143087387084961 1234.083671569824219
1125.220104980468705 -548.608361816406273 1252.202368164062591
1217.352683327414752 -538.070207075639246 1266.496914950284008
1318.378153483072992 -544.553026835123660 1278.770874023437500
1413.077407836914062 -543.229091644287109 1289.057441711425781
1511.185631385216311 -536.731257512019283 1298.297288161057622
1642.756628417968841 -542.453976440429642 1309.302355957031295
1760.459776026049894 -520.039240064788146 1318.053221978276497
1794.730277769718214 -557.674956447214413 1298.360359101759059
1873.835318118578698 -572.049892812232429 1260.275965860445240
5106.636816255168924 -535.181932973447488 1298.863173241815502
954.769104003906250 -423.657531738281250 1228.101959228515625
1022.935620117187455 -433.420595296223951 1241.669986979166652
1114.539894797585248 -449.516776344992877 1256.889171253551240
1209.878494262695312 -451.289394378662109 1270.789688110351562
1309.406640624999909 -446.538684082031239 1282.930603027343750
1418.955664062500091 -458.277813720703136 1293.671191406250045
1536.128801618303669 -447.647508893694180 1304.474487304687500
1642.399861653645758 -431.016727701822902 1314.269596354166652
1741.192644139919821 -438.743026644211795 1320.711786955764182
1836.270950979856252 -432.691886154519750 1255.314783639021471
5148.477550428891846 -436.383069713948942 1284.162184295835232
5171.945946372693470 -421.157683216812984 1247.143152541501649
941.642032020970419 -306.026960941783159 1231.535788017406730
1018.929039071459329 -308.304400242796760 1247.888302304329045
1116.569474909855671 -312.017824847881627 1266.975571852463872
1212.127586867281025 -322.027939299623426 1280.223842598007195
1322.908231393914548 -339.948159629420218 1290.639500668174378
1413.917427950127149 -343.586523721384424 1299.730387842932487
1521.445874665912925 -348.073173924496302 1308.307315224095419
1612.113635835193463 -351.373022170293893 1315.206508091517890
1725.728008644295414 -348.606242027108351 1320.780739090360157
1811.441840338214888 -336.831313092086816 1265.065413684379791
5152.458973606094332 -358.278836376503307 1294.890011853974784
5178.276312129079997 -329.646112345800191 1262.593419830594030
863.713912963867188 -234.796327590942383 1226.679550170898438
912.083309032298871 -260.953720869841391 1235.386620415581547
1013.404382879083755 -266.423265283757985 1256.760474465110065
1098.928107367621578 -242.317023383246521 1272.099873860677008
1216.693339029947992 -227.098547193739137 1287.393629286024407
1323.604809570312455 -236.924419148763008 1297.211751302083258
1416.757679332386260 -236.480475685813218 1304.266923384232996
1524.551452636718750 -237.909396362304676 1311.542749023437409
1647.406378495065837 -240.639369763826068 1321.376625462582297
1718.181071110862831 -255.598520892615369 1314.061640381036113
1813.596066924116258 -243.576101727179150 1270.711818554378851
5156.406178037428617 -254.161216082570462 1287.201579008315321
5173.569157323796389 -275.169237112070050 1254.666907372412652
862.041147867838504 -137.365053176879883 1230.434672037760492
923.598321097237772 -136.341011592320029 1244.665950230189765
1028.323854886568597 -141.437718024620636 1264.449030949519283
1115.710883246527828 -144.753325144449860 1277.422017415364508
1210.802962239583394 -128.389420572916663 1289.071313476562409
1324.504952566964221 -136.429625374930254 1299.316284179687500
1420.685266113281159 -137.506990051269526 1306.156726074218795
1520.786682128906250 -147.242373657226551 1312.608618164062591
1635.274136629971508 -136.234212355180233 1322.201332785866498
1735.951993751525833 -144.330573141574860 1258.317333030700638
1794.435659170901545 -145.400486567296042 1269.531137759011017
5133.331174760298381 -143.848393450650292 1309.442757124467335
859.299597167968727 -40.284838085350977 1231.534558105468705
926.301171196831547 -36.768198211411828 1246.934366861979242
1015.518593750000036 -37.876034574982953 1263.968193359374936
1109.353439331054688 -32.119494453089054 1278.153251647949219
1216.060294015067029 -34.103743992085029 1290.583618164062500
1321.064486416903492 -32.634876217772224 1299.844049627130744
1420.557576497395758 -49.684330032751099 1306.834174262152828
1523.688469381893356 -36.930200771375198 1313.648064108455856
1620.349688361672861 -40.463268076200997 1321.360911649816217
1735.970631280688167 -31.017029003778966 1246.369364610207185
1786.346375161028845 -17.955559389626778 1272.274335604187399
5136.459662632093568 -24.319354425250474 1303.406672542310162
861.866546630859375 71.611928749084470 1231.879333496093750
925.956684657505548 60.655504805701121 1246.672358921596015
1018.217631022135379 63.441311235781072 1264.301839192708258
1109.092333984375045 67.976913197835287 1277.851538085937591
1214.211633300781159 66.765540313720706 1290.393237304687545
1320.211761474609375 70.654685974121094 1299.671447753906250
1428.957044813368157 72.992630428738067 1307.293104383680657
1522.949076334635492 61.241181691487633 1313.484558105468750
1625.025771197150789 68.704642800723803 1321.759744083180067
1735.890447707403382 56.926526698936414 1245.815914231903662
1786.775234287509420 74.260138986867446 1272.781606316159696
5146.157637917784086 49.134678153455610 1283.580940454246047
863.691384055397748 159.349894436922938 1230.082408558238740
926.412991431451587 159.805425090174509 1244.547418409778174
1018.377950032552121 166.018447875976562 1262.083107277199133
1114.104966905381843 161.386659834119996 1276.839504665798586
1212.671777343749909 154.593889999389660 1288.635144042968705
1320.434534409467005 160.223501766429223 1298.614667107077139
1413.223154703776117 169.174669265747070 1305.245676676432367
1521.290747070312591 155.997485351562489 1312.548571777343795
1639.803704512746663 161.591603329307162 1322.204506321957297
1730.727308087723486 170.482529983431078 1272.787757649930427
1795.646098950257965 162.356106685511151 1269.983447046337005
5133.958211859649964 148.794484650284659 1308.302030591321454
862.226875305175781 249.421232223510742 1225.578582763671875
917.252628536014754 270.140251075828473 1234.280071775555143
1013.828078257886659 286.886123946950420 1251.990038907980534
1114.943633615154113 287.769379707231906 1271.564150457512824
1202.312076241629484 299.163967677525136 1282.856065150669565
1323.690573952414752 259.327750466086627 1296.663751775568244
1412.865835336538566 262.877790010892454 1303.398653470552972
1527.867623465401721 265.059752328055254 1311.374764578682971
1643.672858743106644 258.781459135167722 1320.647575827205856
1718.411835875423094 274.029230594136720 1316.975868833642153
1819.189390638928671 269.831259117964180 1267.285084395163494
5155.321989879724242 265.538600825517733 1291.021399212132110
5177.220548214763767 288.104231888586071 1255.871938036952315
941.049260919744370 363.138924338600873 1228.358742453835248
1032.131654438219584 325.195081208881561 1248.793412057976866
1118.553841330788373 323.138185327703297 1264.018098310990808
1221.854013575185718 333.204998356280953 1278.800017404084201
1323.106425409731628 340.952191560164749 1290.749986731487752
1410.175510951450860 344.501665387834805 1299.480760846819294
1516.919707427153753 359.535171921188748 1307.193593618032082
1611.742883855646369 359.448548056862592 1314.824013449928998
1728.005553733617489 366.736220801315142 1321.710896847833737
1822.509575587560676 363.126631373615396 1257.413288902479508
5154.159177064420874 380.122745591333285 1289.409539486467338
5175.904199218750364 353.602997542671517 1265.709770507812436
957.579931640624977 460.917749023437523 1226.325146484374955
1028.307153320312409 452.081018066406273 1241.588289388020939
1114.557823768028811 451.344442514272828 1256.753577599158689
1212.760620117187500 469.746740722656227 1270.216271972656159
1317.960642496744867 474.650410970052064 1282.556447347005133
1418.286102294921875 472.795970916748047 1292.897491455078125
1515.223648071289062 482.278938293457031 1301.382156372070312
1651.530731201171875 455.640782674153627 1314.118052164713617
1746.289829251501487 462.220398026919554 1319.894233199146811
1834.859141556894883 448.446240979248500 1255.948095164543247
5139.984307808455014 458.566383104287297 1287.911828138029932
5172.048190565967161 421.770089421953458 1246.142932952396450
1026.934318542480469 558.502407073974609 1233.315834045410156
1133.159662155877868 568.173030308314765 1251.955514090401721
1220.328460693359375 570.458023071289062 1264.748901367187500
1322.687906901041742 576.766316731770871 1277.167907714843750
1398.052883572048586 565.802124023437500 1286.065999348958258
1515.411686823918217 554.664057804988033 1297.614370492788566
1626.808410644531250 561.178090413411496 1307.060953776041742
1762.386234418185040 527.747336088785801 1317.759664578099546
1789.940370778480428 574.107319417761573 1305.193890919910245
1879.093684351281809 590.303194369820744 1261.261927494772408
5063.009055397727025 597.596857244318130 1322.926824396306756
5098.031277043669434 561.500100105457363 1299.521289381043289
1041.878881835937591 632.358038330078102 1228.918945312500000
1121.863956373565088 658.859913105867349 1237.743806800063794
1216.270188104538647 670.778167724609375 1253.201971144903382
1325.509196561925592 681.498140222886036 1268.615512623506447
1414.946076423891100 675.215962071572562 1279.586622668850850
1522.876210937499991 676.078830566406282 1290.401303710937555
1621.180702209472656 660.012357711791992 1300.307601928710938
1716.319178694385528 666.248279636189068 1307.878722110037188
1824.478101831562299 669.232393515534000 1310.851490712428586
1896.179886653851099 674.175037348962405 1247.289661660982347
5049.976441545140005 653.837918732205708 1313.453697680175992
5076.770489366935180 659.946000608205168 1299.582488525529016
1165.208251953125000 717.759277343750000 1225.955444335937500
1229.078858132668529 808.172558508285533 1229.453132395636658
1296.115861415759809 807.775184467825284 1231.842317556813668
1418.444468680457703 807.790002729103662 1236.051240947122096
1491.108781503697628 807.063358706002532 1240.599305111488093
1619.015894232855999 769.289222208658884 1279.441936577690967
1747.203675937652633 805.338649630546570 1257.834393978118896
1828.407017649109775 775.057487658486821 1300.035581626185603
1889.463987683528785 740.874586225792996 1316.877443016724101
2019.825166590073422 764.852838596376046 1316.480310092787022
2116.715611163234371 798.703658538339027 1290.687422108275769
2172.718688964843750 787.436935424804688 1319.670654296875000
3047.789378199084240 795.879824383113942 1272.570863019069520
3069.864013671875000 810.884277343750000 1324.324707031250000
3211.660792725743249 800.959425521708908 1269.504855672641497
4018.293751718913427 782.998077171827276 1273.509995068524177
4958.427192251288943 805.109309854732260 1297.312611281269710
5016.446552995359525 763.295312785281226 1299.958752956004446
1167.000816345214844 811.779270172119141 1225.139518737792969
1230.527465991249301 814.599399582008004 1230.328648366048355
1316.396805839574199 814.324712683993539 1236.329507169467433
1417.137494130049163 816.728534426328451 1242.817299679500138
1523.469425406736264 818.794500695433840 1246.742747888488339
1624.317579348225308 819.948370385065687 1251.564143290725951
1718.814723975937568 818.933088150545586 1259.750842162035269
1779.444724460166526 814.515670104049946 1271.622997384271912
1938.065048720810410 839.831098954756158 1265.205498887505655
2037.847212159167839 853.976262742618587 1268.352444579041958
2078.245617783708894 833.704469651250406 1300.629825174250982
3062.790047512361070 831.948818362392785 1272.303965489560824
3119.261622331837316 828.677592355371075 1288.407858707789728
3186.398765666250711 828.698965428880456 1283.942202430914222
4046.532616413648611 831.569533175190827 1275.167591120038196
4102.716331053881731 898.103524186036793 1310.093841351298124
4230.686401367187500 902.179214477539062 1317.505035400390625
4339.054408482143117 899.855067661830390 1312.640991210937500
4431.406005859375000 891.947669982910156 1314.624359130859375
4533.189480251736313 893.323377821180543 1295.925428602430657
4626.734497070312500 890.117454528808594 1278.827033996582031
4752.668711139835068 889.260290560818248 1240.646602242404015
4815.681167913617173 860.530913684484062 1277.593931494242725
4911.680192816620547 827.440831850992026 1293.304445340231950
4108.148493477880947 927.300878622614505 1260.954563112438791
4201.795072115384755 933.225618802584108 1258.879525991586434
4322.070149739583030 936.047180175781250 1242.900126139322992
4421.955200195312500 929.608200073242188 1243.566711425781250
4528.155110677083030 919.750244140625000 1244.731058756510492
4628.136718750000000 913.496353149414062 1230.160491943359375
4108.303467228982299 -892.557523312188891 1330.617614854120575
4206.371289062500182 -892.958679199218750 1330.533559570312491
4305.337554931640625 -892.074516296386719 1327.184318542480469
2048.684674701518816 -807.092741883129747 1339.850036900230180
2138.767096935863265 -812.387815085934903 1341.608003804381497
2210.161599609375116 -805.573862943209178 1401.341519568810099
3064.424482180748328 -789.756276825327973 1329.312512056327250
3083.174735028415398 -802.494091718981508 1363.807594264542558
3218.741447485638218 -802.069667855706257 1360.739824633805938
4058.793056919336777 -797.219317623603274 1385.582421345716057
4087.091637946439278 -838.252144700272197 1365.752912537608154
4226.595354978278920 -823.580416418511732 1385.371344459431157
4311.669262517108109 -842.758221034585972 1368.296519481352561
4415.749600147637466 -848.389327882781686 1359.187176081139341
4520.226334951456010 -851.465892606568559 1349.396523484905856
4608.136065083165704 -835.789686633694600 1352.904517389112925
4719.353643508184177 -819.260482061476978 1349.710149855840882
4807.560989583333139 -815.482736002604156 1336.408505859375055
4897.193796258223301 -796.856602718955628 1329.911576120476866
1959.866987575184112 -771.760800621726275 1327.474925127896313
2032.902429808935267 -778.570327221204252 1344.016879818211692
2117.063389301175448 -766.542626878284068 1376.983804521130196
2211.339918941142059 -774.470169769166773 1384.544339835408891
2272.981453731142210 -762.438089725888972 1421.750781250000045
3064.089060612922822 -785.276956997439811 1339.340125828741520
3084.128162818736655 -771.665558140282201 1395.207165147966180
3232.113697891140873 -776.797105815161672 1379.597558865801147
4026.964157548135518 -771.885809606047360 1382.591571352176516
4082.282342973923733 -764.280470690190441 1423.059472494567444
4258.371582031250000 -787.304870605468750 1423.045694986979242
4312.332682291666970 -785.192443847656250 1419.231187608506843
4418.095072428385720 -780.172335306803348 1412.878997802734375
4518.731224423363528 -774.352501278831824 1405.551908947172706
4611.391212592690863 -761.749632754568324 1403.018840207892026
4710.908790588378906 -749.696526527404785 1394.721368789672852
4823.243200683593386 -724.353190231323197 1386.728856658935456
4919.043000508129808 -732.698430255176618 1357.015495982596576
5012.237615676152927 -729.809513636997735 1332.148335048130548
4857.101990178150118 -625.485902607131493 1421.385796453773992
4922.567313566987650 -619.896176025277441 1389.522833941653289
5009.617188001964678 -639.211733434318717 1344.338805004332471
4852.148910943974442 -517.581797984423588 1417.529882947384294
4932.376317591938459 -538.946028583878842 1399.934143006450313
5032.919983841517023 -542.061520383413836 1353.941934797067688
5072.287530388978666 -516.790439550068982 1329.639056485514629
1730.982080078124909 -392.773797607421898 1325.091434733072902
5053.440498238638611 -434.611725088740116 1361.790908833078674
5080.349315021481743 -430.365184267469772 1344.095347390133611
1721.863722097315758 -331.256520449424215 1325.922184657108801
5055.286221882842256 -336.628105842270770 1368.014509212273424
5083.007414620952659 -338.448259456872336 1344.618682052538361
1709.670814584585287 -230.334138784164026 1326.360138988005701
5058.382137477958167 -235.603912927513960 1376.345085502792017
5106.040782202743685 -278.500924682617210 1342.516920731707387
1667.053466796875000 -117.675965881347651 1325.753833007812545
1702.384197634383099 -138.044060663856072 1327.193445007329274
5058.189289176551029 -150.370494647617761 1384.434593479128580
5108.681662085962671 -135.736591864273066 1343.157359851043111
1662.106852213541742 -53.239172649025626 1325.784871419270758
1698.405081972794733 -30.488177459637704 1327.793997589552646
5043.650044759114280 -30.584201892204621 1401.545811971028570
5108.959888798081010 -43.375026218280709 1344.102339760123414
1665.793762207031250 89.668346405029297 1325.836883544921875
1698.964451036314813 58.278595052292388 1327.684202067381648
5041.410470145089675 57.543255478995185 1402.770036969866169
5107.700766211066366 65.295484428758741 1345.495825243721129
1667.379455566406250 124.628860473632812 1325.609436035156250
1703.793547586027444 159.977328874677880 1326.947379680224685
5061.370398080477571 172.572941441689778 1379.973025742397567
5108.823946382162831 146.885691989024309 1342.754477108226183
1711.595417892038540 249.094355834529978 1326.318685398623757
5057.781587589241099 271.754831990641435 1372.758972534913482
5095.630747296208028 290.089130768148095 1346.313404775599111
1723.594456698541080 343.498659902867473 1325.709279731245033
5054.442031834689260 346.378672589848350 1367.713146837159456
5084.809229172660707 360.531959360787255 1343.138682422151760
4845.242879231770530 508.201249016655822 1420.119177924262203
4948.029291992187609 504.768208312988293 1396.758956298828025
5051.147350680443196 449.886986719960987 1360.835485746841641
5079.787928515352178 435.244133840003201 1343.509202704526160
4852.430774616745111 518.466882861635213 1417.376851399739508
4904.127254484093100 596.246404150630156 1404.100596922426348
5022.358526648717088 570.404651161025299 1350.348529312193250
5071.706168487466130 526.828841294699600 1328.578299669715534
4857.255724229858060 624.609105953560061 1421.473760321016016
4931.710117381718192 625.009674142988501 1383.808230460561617
5008.822969159637978 646.451139450660321 1344.414975829401783
1959.928033217810253 771.754305502525881 1327.486858075364125
2038.448426678335636 788.733336148665785 1343.909872033818829
2122.121937490946493 771.735625288328720 1369.870779018988742
2213.194686757081399 783.633812673003149 1390.985994151611067
2273.311532547224942 762.285493993047453 1421.662762997755408
3063.995787131106681 786.139058968619565 1337.352155534216308
3084.243821798444515 783.186656798622266 1384.726750001480696
3227.890465989435143 784.886424744774104 1374.435344256609142
4035.257093463725596 778.004051950337271 1386.701785149950865
4076.669344126067699 802.543152776141028 1405.082593997389949
4233.802053192515814 799.395324707031250 1407.126543209876445
4311.027709960937500 796.847897847493527 1404.286979675292969
4419.762378589526634 788.650718895164687 1404.156438054265209
4520.477917729592264 778.840995944276187 1401.930250518176081
4615.049804687500000 766.417436079545496 1399.553333629261260
4708.958333333333030 756.433215760348162 1390.545988384046041
4820.224477914663112 757.311011681189939 1367.806180513822028
4924.479422433035325 765.010737827846015 1340.045663016182971
5003.529158600663322 743.185635456996692 1329.941014112624543
2056.777549270186228 818.770234017323446 1331.874765999937154
2132.377956041119432 824.301612280508266 1343.584492573671923
2178.985395103503379 813.676426395489102 1378.039767708748059
3075.173474233085017 812.556794612779527 1331.521159600774126
3211.002676299124232 812.613776004675628 1329.677723277698760
4065.406834652549151 812.590217991879058 1351.768850226151244
4091.198161294084002 851.297473732977210 1353.066862589088714
4224.086416300060591 839.891020839654175 1370.925292968750000
4306.353881835937500 845.985154993393849 1366.446323170381447
4420.189868164062318 852.172665405273392 1358.824722290039062
4518.463016183035506 850.472129603794656 1352.993788364955435
4596.450317382812500 843.069446139865477 1350.383561876084968
4715.975031072443016 829.225447221235754 1344.162997159090992
4793.442260742187500 819.376656272194623 1336.734064275568244
2253.376827529662478 -794.175228996072860 1433.893563565340855
2271.758444484275969 -789.819171760655649 1446.789668215981010
4144.496736444978524 -790.586463341346189 1427.057225936498298
4193.167907714843750 -790.483612060546875 1426.600555419921875
2166.879878674523297 -760.377004849708669 1426.471591755495183
2216.668135979624367 -747.103459495814832 1451.473305219579515
2315.565388210768106 -753.339090661270689 1479.266319723339620
2390.862491427250006 -739.572141976371086 1510.969640336583552
3112.185333113864544 -752.638971527237686 1472.607378469153673
3243.396254172211229 -750.976114489957467 1474.667078042286903
3273.739654541015625 -733.352989196777344 1485.974212646484375
3963.868534521824131 -709.953466428681509 1511.537225497570944
4005.811559138561279 -746.100768360057941 1459.708414675602171
4136.222052602817712 -760.507133586666100 1435.286147992228052
4205.101471993582891 -752.487634974888351 1477.891086905343172
4313.336885340073422 -756.959178849762566 1472.330347397748255
4422.307494156003486 -744.614037220872319 1472.990874523252842
4523.304941406249782 -728.204516950334778 1475.323799525669756
4614.628699669470734 -711.066174238156009 1473.825807229066413
4709.120531892122926 -700.958918323255602 1451.373732475385168
4769.468750000000000 -690.504241943359375 1438.233825683593750
4650.557309397163408 -646.271283504404892 1517.450891407635254
4721.339649793323588 -644.940606439192834 1486.716223083202749
4811.537544954732766 -639.339515069280537 1445.366368649790275
4874.200663283958420 -634.311119991943769 1427.297223862990222
4729.721722125771521 -572.786663969063511 1507.107969714506226
4801.540943249703560 -563.347340880692400 1473.282022238368427
4881.748962930025300 -558.068995055272921 1434.126844422617978
4693.142020089285325 507.091557094029042 1496.931841169084919
4822.918542480469114 506.896480560302734 1431.024914550781205
4730.606355361602255 580.397302717343905 1505.763973144365991
4798.994160183461645 569.703005066236869 1474.125951561683678
4881.743859863281614 558.832626681857619 1433.892846340603228
2262.489013671875000 707.254943847656250 1480.906677246093750
2331.519656808035506 709.668169294084805 1520.843457031249955
3962.070844626913185 707.169014568718126 1516.605686981823965
4535.442626953125000 701.645568847656250 1517.493469238281250
4649.913605087104770 644.685771740442078 1516.853563014940391
4721.086301765968528 646.465334370274263 1485.001194565342530
4812.231882336584022 640.541513832455962 1444.262140986408667
4874.341833093663809 635.281332833426291 1427.170754568917346
2166.723912507584828 760.416932930066764 1426.534760410345825
2219.740017081453971 754.714567582560562 1447.727214216491348
2315.331648405468513 755.767744516549214 1477.242367664313178
2391.297134055968854 738.981323242187500 1510.781568586506864
3112.387495415115609 753.189139207610651 1472.589852313207984
3242.911264548522468 751.996136594073164 1474.045970387306170
3273.739654541015625 733.352989196777344 1485.974212646484375
3966.359650642641100 713.759013908140105 1504.973931294102840
4005.210588750459465 745.523755592430916 1460.155081840530102
4141.204988058613708 764.730088244818603 1435.164778730165153
4205.282849980239916 751.729947132099369 1478.824627291771776
4311.290108816964675 766.862637474423309 1453.627400716145758
4423.838646298363528 749.742896670386926 1463.122918991815368
4519.777575883708778 741.130969438396505 1453.388011494620969
4605.575272409539139 727.576213635896352 1449.531111867804384
4690.361328125000000 719.713110351562477 1430.399926757812409
2348.864094755539099 -715.700686961645147 1541.979132013355638
2426.848791163698479 -721.641093713362238 1563.028349860605204
2511.731684324789967 -712.411463331024038 1590.328221960071915
2574.141445482548079 -690.726082569331084 1619.055595739563842
3143.743895981614060 -715.901071011136310 1565.676072951792776
3255.984675129018797 -714.591898451552879 1564.957891207189959
3272.242972237723279 -693.812520345052121 1579.424528576078956
3955.497041924055338 -699.938402833653413 1551.465830126790934
3972.320111762152919 -718.370364718967039 1534.151639811197811
4241.654030166754637 -707.049939779785632 1564.010010677448008
4313.817545572916970 -708.007283528645871 1561.762030707465328
4418.917927370232974 -700.795149463718190 1552.162376274496864
4506.688687711148305 -696.214622703758437 1535.848339183910412
2363.077636718750000 -683.020172119140625 1546.889282226562500
2452.025680803571504 -683.845534009176617 1598.226950257316503
2482.302672150538456 -679.157290309272753 1617.270161106172054
2584.248608232355309 -685.315465893388591 1618.322748259460013
3154.313714531030655 -682.369650165686494 1610.749291237820444
3267.781552072298837 -686.878957974708669 1599.358973616260528
3271.662495409321764 -679.816770026486779 1611.139047475961434
3937.615010482611524 -675.269909950116357 1594.619578451627376
3977.548339843750000 -681.739532470703125 1610.803649902343750
4130.837673611111313 -672.823981391059078 1614.862399631076414
4233.004985478868548 -677.205789885268246 1608.513649853063953
4328.209731593276956 -677.111605557528378 1609.717877012310510
4430.948723635987335 -638.282379087482695 1611.532607489041311
4518.110975780522494 -637.599696080156377 1574.838348835732631
4598.556043956233225 -641.839346859229863 1542.294389654026645
4684.503906250000000 -597.134643554687500 1527.545410156250000
4514.366521436415496 -562.570746503372902 1615.974737595340912
4604.964418612974441 -539.030579236415065 1564.893691457378964
4696.204192361224159 -567.820656487473570 1533.978035439440418
4557.218797253024604 503.950852917086706 1621.443867345010176
4598.999365398779446 506.607040662155384 1553.507789483375518
4437.678982204861313 603.577412923177121 1621.530761718750000
4513.624951274239720 564.629766295490981 1615.271213773011596
4606.046071013043729 552.583884788797263 1566.249803100009785
4695.996801757812136 567.724340160472934 1534.001368012299508
2355.564114215134850 706.662801943585350 1536.218392575614644
2428.886814731406503 693.159492209302698 1589.279352075457837
2516.201384148073430 697.490363900846887 1595.431779406345640
2581.019574093619212 687.101497611184868 1618.592214770303826
3148.595424159237155 697.199968265365328 1589.117120493517859
3259.931254612102293 701.639895711346526 1584.101027095097606
3271.664937996804838 681.228647284376962 1607.971383187539004
3945.585011884747928 686.166337179835864 1574.460130643930825
3985.419799804687500 692.870045979817746 1588.134033203125000
4134.833374023437500 673.351203918457031 1613.584091186523438
4236.799937877330194 685.869418185275094 1594.575103943054273
4327.380504261363967 683.977716619318130 1599.102272727272748
4429.815209969230636 637.961092917815449 1612.017110114512207
4518.514917388681170 637.452722024328637 1574.425272447610269
4597.222295382870470 640.124852288026659 1541.294390498521580
2343.526481725560188 720.092379548523922 1541.971681839572057
2435.579280028990070 735.445708241294938 1550.556305487551299
2495.371785218233981 724.228190618063763 1589.182961208626921
3142.522978835809226 725.765277439805345 1555.837661933273466
3253.287640789445504 723.584102190964131 1554.095380973947613
3281.802246093750000 712.446746826171875 1536.997436523437500
3965.345076314518792 714.815627194522449 1537.583792354283787
3971.637584058544235 719.720937221865142 1531.062510816356735
4238.485771855221174 721.448529902590963 1543.428162702729423
4312.983764648437500 714.034515380859375 1552.559814453125000
4385.924316406250000 718.157226562500000 1531.344482421875000
2555.396336859952044 -713.840788265016954 1631.994950025251455
2623.363408157926642 -698.447916425374501 1663.985845387585414
3167.829137923869894 -696.869191271193472 1628.773458277925556
3214.682940828262417 -694.520647273467603 1635.906240465355040
2524.928803848933967 -669.839793265442722 1647.411587468884591
2624.987104448830905 -643.483369088623590 1682.992097115967454
2713.475088510246223 -656.144853014929367 1689.545582433454456
2814.667816873082757 -646.206545649824761 1706.109666292806878
2911.527671241760345 -632.602817026774119 1718.048672771453766
2991.811980804839550 -624.488057025067178 1722.810059584580358
3155.245269484747041 -640.358441743396611 1694.189551732447171
3196.656000236893760 -657.995745812126188 1685.332702230650739
3283.869693666745661 -645.535581421985853 1687.461306530113234
3416.651367187500000 -617.912388392857110 1716.550153459821331
3552.915940807711650 -610.047592655304925 1723.222268381426375
3632.173155390926695 -611.046179125114236 1721.550340058787697
3719.819061513989254 -614.688975624457385 1715.334573649673985
3834.252816900559537 -623.057783346293832 1704.524297161337699
3921.254738413796076 -643.859749950026185 1675.354352100976712
4015.584116076303417 -651.949551968961146 1682.310916618411738
4121.919822427010331 -659.809175581967338 1661.973765581688895
4197.032326928635484 -667.256246119176126 1641.002548798015141
4360.592060650464191 -608.560254953912249 1669.891707176274622
4386.200891890615821 -620.250621829392799 1647.305261211575271
2625.751459251564029 -569.197384922391620 1712.083319121148179
2681.411881801060190 -574.017641078404040 1721.817066911969960
4248.287109375000000 -577.760711669921875 1720.732922363281205
4354.897010679474988 -547.922416233692843 1707.072459064623899
4407.189989169522960 -554.370365457011758 1682.044397616219840
4498.118223749490426 -534.706753183081446 1644.916097801851947
2564.767675781250091 -407.132135009765648 1704.687377929687500
2587.946351949045948 -444.475963332651872 1715.986511807131137
4334.316023572326230 -431.072615775071483 1691.215771105562681
4421.638321442327651 -432.225194177413357 1701.827500335913328
4512.305549354731738 -434.544651637685376 1677.584451879755079
4568.920898437500000 -398.576934814453125 1654.242004394531250
2566.986532071741749 -300.676656025211969 1716.509672583603333
2573.267516415835871 -347.266515514163132 1715.578124550661414
4315.115860147017884 -337.587199738867014 1696.079688634149534
4390.156947724001839 -346.838249474053271 1676.846165839396235
4537.474639424593079 -329.155797519637645 1692.814153121689515
4579.570410156249636 -345.791969807942735 1660.511645507812545
2562.802011263572695 -235.714758339574786 1718.988687676898508
4320.488336677984989 -222.810711138849939 1697.801683818172251
4386.321568686625142 -215.094291071797386 1683.386842411765201
4540.981391150382478 -239.611921322870131 1704.346385238798348
4572.163411651177739 -213.156846593341555 1690.180161028676594
2557.521910661653692 -135.744411048750777 1720.933859736339855
4318.849724757227705 -131.568676947350781 1703.953411821838472
4387.274031018577261 -143.037144535286785 1686.309986523637008
4521.477877283726230 -142.022062593195244 1717.132691308945368
4578.110266468826012 -141.252669721436746 1697.354451536900797
2555.192004876268129 -24.976453327912122 1721.832395370381164
4301.484296440971775 -37.574171979929652 1707.538917860243146
4388.796172811251381 -29.239370396606297 1686.958194250114502
4525.342131883163347 -51.592845841769879 1720.520340282064581
4583.683220164385602 -37.403182033018908 1698.892079800604279
2555.546776961426986 56.870740913971424 1721.670691027203929
4309.220142085505358 74.070598889766131 1705.194280284117667
4388.377015123408455 64.570436407880081 1686.538836748733502
4524.578001523235798 68.195205868071966 1719.862259608296426
4582.896264194566356 56.937550273026112 1700.214001079580839
2558.501058695357642 159.096473164641111 1720.635231891257263
4323.611106178977025 172.843002425873493 1701.313229186611579
4386.281521799564871 163.021733553461388 1685.894545830816242
4523.369190523424550 157.124841347385996 1715.773554683101565
4576.561538849182398 159.260977968663155 1696.400327510489660
2564.394120379191918 257.547295527525534 1718.409468487995355
2568.929041544596203 302.622841517130553 1717.676897684733149
4314.950132178180866 256.761447984548454 1696.299834872932024
4389.574957392018405 270.701395678672043 1679.292393192364216
4539.568238966261561 276.682528057894558 1700.987746943146703
4571.180526798886604 228.135736457268052 1687.330726983721206
2562.220715974506675 342.963462428042760 1710.158909847861878
2575.678154094478487 365.338567166501377 1715.844127342737920
4318.117511998695591 366.952974463900716 1695.949058304424852
4410.830603496474396 380.355102136655603 1687.221080644603944
4535.498256007857890 353.474159806457862 1688.868005356816411
4576.218017578125000 363.577715192522305 1658.539585658482110
2566.668701171875000 420.294998168945312 1704.048828125000000
2591.342823240606322 463.187213467445133 1715.468406911933243
4336.988286155295100 463.666066344984927 1700.095383156688285
4424.139254045026973 447.659136610435155 1703.594926351855293
4510.147675211885144 462.666248057423502 1669.628864532581929
2630.144384813015677 579.320152941740503 1710.298733317452161
2686.620394718083844 585.488547220717351 1720.059718222513766
3559.800057246767210 609.086505758351336 1724.434460870150815
3619.345105617263471 609.996588021437788 1721.392249797952672
3674.078638712564953 610.840578715006473 1716.102317810058594
4146.349101562500437 605.603969726562468 1719.862158203125091
4193.640258789062500 600.105831146240234 1715.831230163574219
4357.127067943908514 557.950441306094376 1701.560056572784788
4389.867266510322224 589.713482358670944 1668.888035126710975
4492.416318665761537 549.315511313492379 1640.425983526626624
2522.158431977548389 670.770293091171766 1645.980196786247234
2625.258412096606207 656.786684978190351 1677.510003898718423
2716.197336413032190 664.902399653740986 1685.174435034370845
2814.583368686908216 646.279058271861231 1706.179629914608313
2911.780790194168276 632.558299531349689 1717.987867569096807
2992.431683590537432 624.431128250925212 1722.817457299483522
3155.607452507835660 640.769162477788655 1694.432138075610510
3199.196275930361026 664.782101184743510 1676.488315422853020
3283.999009373146691 645.472846801302808 1687.267815274814211
3416.655866350446558 617.826581682477695 1716.498517717633831
3515.369222005208485 618.208740234375000 1711.188802083333258
3655.888343388895919 613.128026800117027 1722.199771608257379
3720.303840142570607 614.799336716327730 1715.385800974308268
3832.193719167588370 622.930700785496470 1704.695852706000323
3920.946715801332175 643.481815437739783 1675.632233023495246
4013.237779861382478 651.479030470938824 1682.443884242348304
4123.205323430242970 660.086749606236708 1660.167007848541743
4193.706239217650364 668.308442507641757 1639.365901578130888
4362.762386106368467 617.851133601172819 1667.513023423582354
4387.162579748206554 628.200403655361470 1640.379814692306127
2557.188252963362174 714.933503838900833 1631.419876751077481
2570.926425709443720 711.624996409696678 1638.505209530101183
2664.756244980286283 -612.365507036726058 1727.208392276942277
2722.125541549335594 -601.756949468326184 1743.794230190909047
2813.596516374729163 -628.909195889894363 1746.788259929121978
2917.897329503757646 -647.624206427726563 1740.168097821276888
3023.622765177395195 -631.266572938976651 1739.908859176964825
3118.330786617594640 -625.461520441328048 1740.124109841702875
3216.351087989314237 -627.118720608452350 1750.383000955906709
3321.961523538338042 -619.047881949361908 1744.338745574694485
3415.182028820590858 -616.018875219546658 1745.886685233151411
3515.048595444332932 -616.257125491835268 1741.859260382286720
3615.101806640625000 -620.730189819335919 1740.098407041968358
3716.749284307029939 -630.892975106983840 1740.588462398693764
3806.121937547993639 -634.468543158637203 1733.493438329452147
3915.787673950195312 -613.871393521626828 1745.343663533528570
4016.012599981399035 -607.487012881324404 1738.138934616815504
4102.844630041788150 -598.567519077034831 1731.708348473837304
2659.831964713820980 -573.164567808224888 1728.306002768324106
2699.472166536676468 -570.815271538700813 1733.785476653185697
2830.084420123614564 -564.598454362775101 1765.284617991334017
2916.231014175767996 -558.105710567901610 1781.386286030011206
3018.602745205946121 -548.125614215910559 1794.209995824349789
3118.772303164171262 -540.101021986937440 1802.172273636076852
3222.458079603018632 -532.155906174041547 1806.877359663463267
3317.825337423334531 -527.414859439638349 1808.673830697670837
3418.245635656705417 -521.709697555143748 1808.415716890597650
3518.162350865293774 -516.754593647962224 1806.218231719255300
3616.770876443684756 -512.375823927508804 1801.934516878658997
3712.334695377234766 -516.975552980462908 1795.074681327681901
3820.141399172944602 -517.049917484736284 1788.330359144551267
3917.839060172993868 -512.788460639084292 1778.044400866166143
4017.815956531638676 -509.208007718652254 1767.836265932957076
4127.677136437367153 -505.108110874645206 1755.901959766983055
4207.725719186115384 -501.310526882644979 1747.967384950957921
4326.449609763922126 -500.465310950088622 1734.175982655008283
2589.362138124269677 -407.641895044629791 1727.629549115617692
2711.679227120535870 -437.471530587332609 1764.133356584821513
2823.122401646205162 -436.825908115931895 1788.975978306361640
2914.186499023437591 -447.142727661132824 1802.410284423828216
3015.502312155330856 -456.131932875689358 1812.554744944852928
3110.661282009548813 -452.199693467881957 1819.773105197482664
3210.138834635416515 -468.667063395182311 1821.931534830729106
3310.906222873263687 -469.853444417317689 1822.919854058159672
3421.886010742187409 -460.337081909179688 1823.156567382812455
3526.466552734375000 -443.534951346261153 1821.811165945870471
3655.149009360923628 -482.512710433822519 1810.094639683628884
3727.700457401803305 -486.800198448693777 1799.209145816606906
3819.642759424563792 -483.323950351528822 1790.167976682686913
3916.890905609213860 -479.264795082668343 1781.733193285111611
4018.796017319904422 -475.187638325322837 1771.655778355645225
4122.933062630692802 -470.915946950995192 1760.615161102559568
4213.809416613690701 -467.415156648296886 1751.480034217589491
4337.289833343334976 -441.068002698027101 1739.396574662736157
4395.363093195735019 -426.175407340934669 1731.689167011249538
2568.337239583333485 -289.910064697265625 1729.106262207031250
2576.397914095903616 -340.337156698737374 1728.731147013919554
2715.412665005388135 -336.496723043507529 1774.591253872575408
2814.672062174479379 -338.120179239908850 1796.421582031249955
2915.872375488281250 -346.320960998535156 1811.696388244628906
3010.566497802734375 -360.209026336669922 1821.128524780273438
3632.523885091145985 -368.749938964843750 1823.999796549479242
3714.937147352430657 -346.578325059678832 1820.885606553819343
3817.742553710937500 -342.947045898437523 1813.718994140625000
3930.842585637019056 -329.987736628605774 1805.066077599158689
4042.344930013020985 -336.380961100260436 1793.857055664062500
4096.106183733259058 -339.545301164899570 1787.384251185825860
4202.334082031249636 -338.332993570963538 1775.223453776041652
4336.988971831395247 -348.099247065853319 1750.925060652092952
4396.999786454474815 -337.937485865270730 1739.425663986012296
2564.892988483065437 -233.570696124526847 1731.403898149352472
2577.746859717914958 -273.032893755963755 1734.444334073831214
2719.371914062499854 -238.781198730468759 1781.976147460937455
2806.569844563802235 -241.761750539143890 1801.065073649088617
2920.105018028846189 -249.388674222506012 1818.344707782451906
3809.756076388888687 -244.490090264214416 1820.715928819444343
3928.487980769230944 -239.799956101637633 1811.054274338942378
4019.438178168402828 -239.545945909288207 1802.381279839409672
4096.244445800781250 -238.879361724853510 1794.499713134765670
4202.221289062499636 -244.128797912597662 1782.283459472656205
4331.201559696139157 -240.815320433876281 1760.430545462312239
4407.710080036977160 -216.383528055730750 1739.907982285482603
4472.480346679687500 -209.430425008138030 1725.655324300130133
2559.949463763594849 -139.056894922995298 1733.256101042209821
2612.785938936121511 -139.430861080394067 1754.002488080192961
2719.860638162364012 -151.682356461234718 1785.662066915760761
2823.188650948660779 -145.768248966762002 1807.929652622767890
2907.812011718750000 -153.457965850830078 1820.810607910156250
3838.080973307291515 -145.283803304036468 1822.638407389322992
3915.311065673828125 -141.540911674499512 1816.117706298828125
4019.357625325520985 -139.673241933186858 1806.548095703125000
4094.340997869318016 -128.312142805619686 1799.154862837357996
4189.366048177083030 -147.147519429524749 1788.152072482638914
4329.368126059053793 -139.413483948181664 1765.289101349968860
4411.950767267897390 -154.998385347029227 1745.088747028803027
4480.292502366859480 -134.237155397429717 1727.163193564378616
2557.391503032963101 -25.972238583688142 1734.145762679365589
2617.105425666360134 -33.403190296769296 1757.290717629825394
2715.683491368447449 -44.928551205700266 1786.964599609375000
2815.639451246995122 -44.395832813604002 1808.541954627403811
2898.721374511718750 -40.477481520760712 1821.828755696614508
3854.333658854166515 -46.873235068385348 1822.884643554687500
3926.831909179687500 -26.373346643757912 1817.171920776367188
4039.636400305706502 -39.306446980485028 1806.303530485733745
4118.467329399197297 -1.564358640659281 1798.514615657498553
4193.594835069444343 -32.638776262776446 1789.965521918402828
4329.192251156975544 -28.633836021695341 1767.451026239271414
4426.412059902531837 -20.391031321226329 1747.529232795594226
4490.200730029207989 -20.981128411177593 1727.362566019878614
2557.772011748253590 54.813636887349631 1734.084324770463581
2610.332031250000000 63.323372676454738 1754.763267780172328
2716.018229166666515 69.888354831271698 1787.025648328993157
2820.761718750000000 72.753065109252930 1809.350532531738281
2900.264334542410779 71.135088784354068 1821.981358119419610
3851.970296223958485 79.360961914062500 1822.985229492187500
3924.007141113281250 64.635957717895508 1817.363250732421875
4028.357666015625000 55.034665541215375 1807.334628018465992
4110.166825143914139 69.382395894903880 1798.954763312088744
4180.245198567708030 66.157292048136398 1791.037495930989508
4328.974278547722861 56.932637680241186 1767.184192383166192
4424.469909194555839 32.617857729761944 1749.188594284430110
4487.805372071341480 43.460835030759725 1727.687205564862779
2560.798101760551617 160.440287181603225 1732.903279885762231
2614.697102864583485 156.123979921694144 1754.122210467303148
2715.700761718750073 161.968280639648441 1784.304838867187527
2820.929962158203125 159.238425254821777 1807.129508972167969
2913.243432617187409 156.572227478027344 1821.319580078125000
3834.175323486328125 159.358346939086914 1822.306854248046875
3926.969970703125000 157.991278648376465 1814.628356933593750
4011.002232142857338 159.461800711495528 1806.740635463169610
4096.816787719726562 169.994912624359131 1797.542411804199219
4189.347927517361313 158.278947618272582 1787.599229600694343
4329.995886892260387 161.930673535279965 1764.408411112020531
4413.158387451171620 177.059497740896120 1740.949748149670995
4479.501584772478054 146.820560892905632 1726.808493095531730
2565.707825263582890 245.147048602350566 1731.141148158482110
2573.801078645095458 292.112210714107846 1731.516570439757515
2713.888491423233518 258.237455285113811 1779.525411854619506
2814.043744255514866 256.198518640854786 1801.823658662683783
2913.777750651041515 254.687502034505201 1817.220312500000091
3804.779432508680657 257.475930107964416 1820.515001085069343
3928.147042410714221 261.648823329380605 1810.031337193080390
4022.284277343750091 258.126071166992176 1800.989013671875000
4097.102772105823533 260.011399009011029 1793.080100319602252
4196.308007812500364 260.600701904296898 1781.660974121093659
4331.958644734270820 260.336069603706676 1759.145782633686167
4396.198640121877361 256.843216927942876 1744.546252404302777
4469.118066406250364 215.492619323730480 1725.875195312499955
2578.534737222768399 360.993109528328944 1727.836514167701353
2712.960039062500073 363.988516845703145 1771.846250000000055
2816.651804606119640 357.351069132486998 1795.372222900390625
2918.072667738970722 355.217997831456785 1811.412482766544144
3007.646331787109375 360.370552062988281 1820.879714965820312
3605.131347656250000 388.207687377929688 1823.947692871093750
3711.125549316406250 354.118522644042969 1820.705917358398438
3819.778177897135265 363.413261413574219 1811.918202718098883
3937.574811662946558 348.774906703404042 1803.036464146205390
4026.226039341517662 361.924730573381680 1793.160016741071331
4093.073265438988074 359.583804175967259 1785.972975957961353
4204.255782277960861 366.068205180921041 1772.216372841282919
4338.361393592636887 366.409890545301209 1748.689856609561048
4398.186065792676345 362.143504388298311 1736.837366213895393
2614.196700750612763 446.681129006778519 1732.448811848958258
2715.529925722064490 468.099903453480124 1761.617583303740503
2820.758076985677235 468.536568959554018 1785.223861694335938
2913.128833007812318 472.611866760253918 1799.512390136718750
3008.385620117187500 464.036856079101540 1811.090625000000045
3112.134097450657919 457.023206208881561 1819.276335063733541
3257.687394278390002 508.200294222150546 1817.166870117187500
3323.232854870211668 507.810697208527586 1810.827411518712097
3418.504996052733077 502.641161134584820 1809.013395262469203
3518.240510413721495 497.282466171776264 1806.871180414075070
3617.558606529804820 492.420682927279870 1802.818727671760598
3718.139871996301281 487.865755382735983 1797.137538627301865
3822.889892754272751 489.407860222798604 1786.817929451462078
3918.062727929369430 488.164176299038388 1777.307200399212206
4022.950151344954520 488.668998005514084 1768.663704434749889
4124.518743461460872 488.218932321454588 1758.753069311404033
4210.017296306265962 486.971406599218085 1749.028489226921238
4332.739520856101080 473.341070213723640 1736.138059292812386
4393.015497674507969 443.361025464197496 1730.316755043771082
2660.252368778604250 574.675608619672516 1728.257312765928873
2704.023628049129911 578.143467819724947 1736.273466257809332
2826.896266579565690 566.734781935678370 1765.617008071347982
2916.098270062496340 555.961633127045161 1780.507730664768587
3018.563744614916686 545.273877919149072 1793.119119625146823
3117.483946206788005 534.102934892256144 1799.726436941964266
3222.922352628169392 531.694756957071149 1806.507778486879715
3317.649624235014926 545.215630615895520 1801.739090162108141
3418.276165427474552 556.633547218229637 1787.963060537512320
3517.559674624370928 551.903911188592247 1785.948924540435883
3615.051253217378871 532.428036867267679 1797.398807517507294
3715.900187604393068 524.183832504054294 1795.447675105526287
3814.462360337275186 521.445765893237763 1791.698993826708374
3919.465065811086788 522.823884920041110 1785.074625182261570
4002.160334776720902 522.294349109180075 1775.991410890983389
4116.680483335024292 560.014896805668286 1748.556912244656360
4185.372375488281250 551.487670898437500 1742.425094604492188
4338.915219734350103 523.138660047613257 1728.893316582249327
2663.102347634055604 612.566854303533432 1726.828641024502758
2706.177047237273200 629.116101172662525 1732.406577817855350
2835.482351179914986 659.401160950183566 1732.280720826494871
2917.152459616395390 648.150555028805343 1739.438095396225890
3023.879721917894130 631.414019172509370 1739.454879942237767
3117.591825506331588 625.348960740285975 1739.817565791918923
3215.808920923942424 627.602116981192012 1749.962084691716882
3319.998939079172033 619.965843093158469 1744.702948893437679
3415.889913876055743 618.672958095797412 1748.792927463437309
3516.963927808256358 618.819244260445657 1744.541352117558745
3615.996747471329854 621.396844716892360 1738.804257559679627
3715.031653718575399 632.123991328688703 1739.360498069606820
3805.478105901790968 636.917445388282090 1731.048042267001847
3918.265341900764724 625.725422311336388 1735.961964708693586
4010.860351562500000 619.635044907078623 1729.938313802083258
4076.070068359375000 611.581787109375000 1727.285644531250000
3211.032185872395985 -417.081202189127623 1827.344726562500000
3322.897766113281250 -430.652989705403627 1827.476633707682367
3413.368499755859375 -417.343334197998047 1827.845153808593750
3499.499853515625091 -406.634869384765636 1826.669848632812545
3052.082946777343750 -333.506065368652344 1826.595153808593750
3124.625427246093750 -346.872390747070312 1829.935587565104242
3216.645951704545496 -350.727896950461627 1832.931607333096508
3319.142700195312500 -341.672465733119395 1834.885515485491169
3424.702616373697765 -337.085131327311217 1834.085062662760492
3522.237406412760265 -334.071558634440123 1831.705718994140625
3613.974527994791515 -318.536142985026061 1828.781473795572992
3682.801513671875000 -298.822097778320312 1826.694519042968750
2961.871826171875000 -215.751754760742188 1825.491333007812500
3028.192972819010265 -248.889963785807282 1829.605377197265625
3129.707499186197765 -245.875127156575530 1836.256154378255133
3216.307902018229015 -243.340408325195312 1839.560343424479242
3313.878442382812409 -241.647421264648443 1840.831872558593659
3416.644331498579504 -236.592583396218032 1840.201449307528492
3524.616876775568016 -239.413481278852970 1837.068292791193244
3619.954833984375000 -244.887081570095489 1832.721286349826414
3706.736467633928442 -227.858370099748896 1828.640555245535779
3771.780273437500000 -195.672271728515625 1825.362670898437500
2947.105285644531250 -125.086795806884766 1826.469818115234375
3016.926269531250000 -142.414747238159180 1832.718770345052008
3118.593750000000000 -140.739602406819671 1839.579091389973883
3209.965122767857338 -132.757187979561934 1843.340855189732110
3319.634948730468750 -136.780361811319978 1844.470499674479242
3425.241410688920496 -140.262582952325999 1843.437111594460248
3526.733119419642662 -134.185491289411260 1840.893519810267890
3620.830891927083485 -130.614358266194671 1836.823791503906250
3704.562451171875182 -153.933493041992193 1831.611743164062545
3790.628336588541515 -112.621228535970047 1826.991658528645758
2951.550916883680657 -36.216775676796992 1828.386488172743157
3023.262436810661711 -41.927247215743229 1835.059922162224211
3120.489746093750000 -43.812466947438331 1841.426586914062455
3215.656755719865942 -38.888492318577327 1844.954851422991169
3317.084943498884058 -41.865215569259512 1846.183018275669610
3417.219412667410779 -38.507744332252933 1845.396100725446331
3519.997843424479015 -39.985688782852414 1842.678192138671875
3619.159068714488512 -37.016315749831008 1838.474054509943244
3713.938183593750182 -45.187519454280057 1833.120764160156341
3797.722564697265625 -36.810493121721677 1827.570571899414062
2951.529052734375000 70.450285593668625 1828.241007486979242
3023.018229166666515 71.873011589050293 1834.938690185546875
3121.583407315340992 73.194948023015797 1841.355923739346508
3219.688525390624818 69.051406478881830 1845.001232910156205
3318.028428819444343 70.687097761366104 1846.179714626736086
3417.873291015625000 69.825597551133896 1845.326063368055657
3516.083831787109375 66.344169139862061 1842.789611816406250
3606.162248883928442 65.425576891217915 1839.078979492187500
3714.188127790178442 64.553598131452290 1833.084455217633831
3796.229771205357338 71.625033242361880 1827.427490234375000
2960.033447265625000 147.401710510253906 1827.375244140625000
3017.280171712239735 153.332375208536774 1832.379862467447992
3125.272338867187500 159.981500898088740 1839.269374302455390
3218.746240234374909 165.883317565917963 1842.535620117187591
3305.525830078125182 157.889348602294916 1843.871472167968705
3415.852050781250000 162.845585909756750 1842.989024769176240
3526.140950520833485 159.762319776746949 1840.068576388888914
3624.954986572265625 158.151756286621094 1835.769653320312500
3714.949981689453125 157.109630584716797 1830.754714965820312
3785.181396484375000 155.883659362792969 1825.633666992187500
2961.871826171875000 215.751754760742188 1825.491333007812500
3031.919788707386488 248.768195412375718 1829.954112659801240
3125.570312500000000 254.525215148925781 1835.740753173828125
3218.118994140625091 256.903384399414051 1839.054052734375091
3315.636149088541515 268.264699300130189 1839.395996093750000
3419.210144042968750 262.360031127929688 1838.998687744140625
3511.774169921875000 267.446260724748868 1836.223301478794610
3628.908508300781250 263.783554077148438 1831.514068603515625
3692.642252604166515 261.601445515950502 1827.998962402343750
3056.472493489583485 338.907938639322936 1826.657023111979242
3128.589160156249818 340.143295288085938 1830.652392578125045
3205.210530598958485 375.364189995659729 1830.893107096354242
3311.022949218750000 370.676578097873289 1832.904852973090328
3411.635223388671875 366.223327636718750 1832.534606933593750
3520.705535888671875 361.556385040283203 1829.889373779296875
3608.069580078125000 337.711181640625000 1827.953002929687500
3230.479248046875000 436.684432983398438 1825.938781738281250
3338.571695963541515 443.377995808919252 1826.318440755208258
3423.538378906249818 436.930920410156261 1825.873828125000045