[0.047s] DEBUG:colcon:Command line arguments: ['/usr/bin/colcon', 'build']
[0.047s] DEBUG:colcon:Parsed command line arguments: Namespace(log_base=None, log_level=None, verb_name='build', build_base='build', install_base='install', merge_install=False, symlink_install=False, test_result_base=None, continue_on_error=False, executor='parallel', parallel_workers=32, event_handlers=None, ignore_user_meta=False, metas=['./colcon.meta'], base_paths=['.'], packages_ignore=None, packages_ignore_regex=None, paths=None, packages_up_to=None, packages_up_to_regex=None, packages_above=None, packages_above_and_dependencies=None, packages_above_depth=None, packages_select_by_dep=None, packages_skip_by_dep=None, packages_skip_up_to=None, packages_select_build_failed=False, packages_skip_build_finished=False, packages_select_test_failures=False, packages_skip_test_passed=False, packages_select=None, packages_skip=None, packages_select_regex=None, packages_skip_regex=None, packages_start=None, packages_end=None, allow_overriding=[], cmake_args=None, cmake_target=None, cmake_target_skip_unavailable=False, cmake_clean_cache=False, cmake_clean_first=False, cmake_force_configure=False, ament_cmake_args=None, catkin_cmake_args=None, catkin_skip_building_tests=False, mixin_files=None, mixin=None, verb_parser=<colcon_mixin.mixin.mixin_argument.MixinArgumentDecorator object at 0x71b85af71b10>, verb_extension=<colcon_core.verb.build.BuildVerb object at 0x71b85af71480>, main=<bound method BuildVerb.main of <colcon_core.verb.build.BuildVerb object at 0x71b85af71480>>, mixin_verb=('build',))
[0.105s] Level 1:colcon.colcon_core.package_discovery:discover_packages(colcon_meta) check parameters
[0.105s] Level 1:colcon.colcon_core.package_discovery:discover_packages(recursive) check parameters
[0.105s] Level 1:colcon.colcon_core.package_discovery:discover_packages(ignore) check parameters
[0.105s] Level 1:colcon.colcon_core.package_discovery:discover_packages(path) check parameters
[0.105s] Level 1:colcon.colcon_core.package_discovery:discover_packages(colcon_meta) discover
[0.105s] Level 1:colcon.colcon_core.package_discovery:discover_packages(recursive) discover
[0.105s] INFO:colcon.colcon_core.package_discovery:Crawling recursively for packages in '/home/maclab/Documents/ROS_WORKSPACES/WS_Master_Thesis'
[0.105s] Level 1:colcon.colcon_core.package_identification:_identify(.) by extensions ['ignore', 'ignore_ament_install']
[0.105s] Level 1:colcon.colcon_core.package_identification:_identify(.) by extension 'ignore'
[0.105s] Level 1:colcon.colcon_core.package_identification:_identify(.) by extension 'ignore_ament_install'
[0.105s] Level 1:colcon.colcon_core.package_identification:_identify(.) by extensions ['colcon_pkg']
[0.105s] Level 1:colcon.colcon_core.package_identification:_identify(.) by extension 'colcon_pkg'
[0.105s] Level 1:colcon.colcon_core.package_identification:_identify(.) by extensions ['colcon_meta']
[0.105s] Level 1:colcon.colcon_core.package_identification:_identify(.) by extension 'colcon_meta'
[0.105s] Level 1:colcon.colcon_core.package_identification:_identify(.) by extensions ['ros']
[0.105s] Level 1:colcon.colcon_core.package_identification:_identify(.) by extension 'ros'
[0.110s] Level 1:colcon.colcon_core.package_identification:_identify(.) by extensions ['cmake', 'python']
[0.110s] Level 1:colcon.colcon_core.package_identification:_identify(.) by extension 'cmake'
[0.110s] Level 1:colcon.colcon_core.package_identification:_identify(.) by extension 'python'
[0.110s] Level 1:colcon.colcon_core.package_identification:_identify(.) by extensions ['python_setup_py']
[0.110s] Level 1:colcon.colcon_core.package_identification:_identify(.) by extension 'python_setup_py'
[0.110s] Level 1:colcon.colcon_core.package_identification:_identify(build) by extensions ['ignore', 'ignore_ament_install']
[0.110s] Level 1:colcon.colcon_core.package_identification:_identify(build) by extension 'ignore'
[0.110s] Level 1:colcon.colcon_core.package_identification:_identify(build) ignored
[0.110s] Level 1:colcon.colcon_core.package_identification:_identify(install) by extensions ['ignore', 'ignore_ament_install']
[0.110s] Level 1:colcon.colcon_core.package_identification:_identify(install) by extension 'ignore'
[0.110s] Level 1:colcon.colcon_core.package_identification:_identify(install) ignored
[0.110s] Level 1:colcon.colcon_core.package_identification:_identify(log) by extensions ['ignore', 'ignore_ament_install']
[0.110s] Level 1:colcon.colcon_core.package_identification:_identify(log) by extension 'ignore'
[0.110s] Level 1:colcon.colcon_core.package_identification:_identify(log) ignored
[0.110s] Level 1:colcon.colcon_core.package_identification:_identify(src) by extensions ['ignore', 'ignore_ament_install']
[0.110s] Level 1:colcon.colcon_core.package_identification:_identify(src) by extension 'ignore'
[0.110s] Level 1:colcon.colcon_core.package_identification:_identify(src) by extension 'ignore_ament_install'
[0.110s] Level 1:colcon.colcon_core.package_identification:_identify(src) by extensions ['colcon_pkg']
[0.110s] Level 1:colcon.colcon_core.package_identification:_identify(src) by extension 'colcon_pkg'
[0.110s] Level 1:colcon.colcon_core.package_identification:_identify(src) by extensions ['colcon_meta']
[0.110s] Level 1:colcon.colcon_core.package_identification:_identify(src) by extension 'colcon_meta'
[0.110s] Level 1:colcon.colcon_core.package_identification:_identify(src) by extensions ['ros']
[0.110s] Level 1:colcon.colcon_core.package_identification:_identify(src) by extension 'ros'
[0.110s] Level 1:colcon.colcon_core.package_identification:_identify(src) by extensions ['cmake', 'python']
[0.110s] Level 1:colcon.colcon_core.package_identification:_identify(src) by extension 'cmake'
[0.110s] Level 1:colcon.colcon_core.package_identification:_identify(src) by extension 'python'
[0.110s] Level 1:colcon.colcon_core.package_identification:_identify(src) by extensions ['python_setup_py']
[0.110s] Level 1:colcon.colcon_core.package_identification:_identify(src) by extension 'python_setup_py'
[0.110s] Level 1:colcon.colcon_core.package_identification:_identify(src/environment_pointcloud_processing) by extensions ['ignore', 'ignore_ament_install']
[0.110s] Level 1:colcon.colcon_core.package_identification:_identify(src/environment_pointcloud_processing) by extension 'ignore'
[0.110s] Level 1:colcon.colcon_core.package_identification:_identify(src/environment_pointcloud_processing) by extension 'ignore_ament_install'
[0.110s] Level 1:colcon.colcon_core.package_identification:_identify(src/environment_pointcloud_processing) by extensions ['colcon_pkg']
[0.110s] Level 1:colcon.colcon_core.package_identification:_identify(src/environment_pointcloud_processing) by extension 'colcon_pkg'
[0.110s] Level 1:colcon.colcon_core.package_identification:_identify(src/environment_pointcloud_processing) by extensions ['colcon_meta']
[0.110s] Level 1:colcon.colcon_core.package_identification:_identify(src/environment_pointcloud_processing) by extension 'colcon_meta'
[0.110s] Level 1:colcon.colcon_core.package_identification:_identify(src/environment_pointcloud_processing) by extensions ['ros']
[0.110s] Level 1:colcon.colcon_core.package_identification:_identify(src/environment_pointcloud_processing) by extension 'ros'
[0.112s] DEBUG:colcon.colcon_core.package_identification:Package 'src/environment_pointcloud_processing' with type 'ros.ament_cmake' and name 'environment_pointcloud_processing'
[0.112s] Level 1:colcon.colcon_core.package_identification:_identify(src/keyboard_events_publisher) by extensions ['ignore', 'ignore_ament_install']
[0.112s] Level 1:colcon.colcon_core.package_identification:_identify(src/keyboard_events_publisher) by extension 'ignore'
[0.112s] Level 1:colcon.colcon_core.package_identification:_identify(src/keyboard_events_publisher) by extension 'ignore_ament_install'
[0.112s] Level 1:colcon.colcon_core.package_identification:_identify(src/keyboard_events_publisher) by extensions ['colcon_pkg']
[0.112s] Level 1:colcon.colcon_core.package_identification:_identify(src/keyboard_events_publisher) by extension 'colcon_pkg'
[0.112s] Level 1:colcon.colcon_core.package_identification:_identify(src/keyboard_events_publisher) by extensions ['colcon_meta']
[0.112s] Level 1:colcon.colcon_core.package_identification:_identify(src/keyboard_events_publisher) by extension 'colcon_meta'
[0.112s] Level 1:colcon.colcon_core.package_identification:_identify(src/keyboard_events_publisher) by extensions ['ros']
[0.112s] Level 1:colcon.colcon_core.package_identification:_identify(src/keyboard_events_publisher) by extension 'ros'
[0.112s] DEBUG:colcon.colcon_core.package_identification:Package 'src/keyboard_events_publisher' with type 'ros.ament_cmake' and name 'keyboard_publisher_pkg'
[0.112s] Level 1:colcon.colcon_core.package_identification:_identify(src/kuka_150_3100_description) by extensions ['ignore', 'ignore_ament_install']
[0.112s] Level 1:colcon.colcon_core.package_identification:_identify(src/kuka_150_3100_description) by extension 'ignore'
[0.112s] Level 1:colcon.colcon_core.package_identification:_identify(src/kuka_150_3100_description) by extension 'ignore_ament_install'
[0.112s] Level 1:colcon.colcon_core.package_identification:_identify(src/kuka_150_3100_description) by extensions ['colcon_pkg']
[0.112s] Level 1:colcon.colcon_core.package_identification:_identify(src/kuka_150_3100_description) by extension 'colcon_pkg'
[0.112s] Level 1:colcon.colcon_core.package_identification:_identify(src/kuka_150_3100_description) by extensions ['colcon_meta']
[0.112s] Level 1:colcon.colcon_core.package_identification:_identify(src/kuka_150_3100_description) by extension 'colcon_meta'
[0.112s] Level 1:colcon.colcon_core.package_identification:_identify(src/kuka_150_3100_description) by extensions ['ros']
[0.112s] Level 1:colcon.colcon_core.package_identification:_identify(src/kuka_150_3100_description) by extension 'ros'
[0.112s] DEBUG:colcon.colcon_core.package_identification:Package 'src/kuka_150_3100_description' with type 'ros.ament_cmake' and name 'kuka_150_3100_description'
[0.112s] Level 1:colcon.colcon_core.package_identification:_identify(src/kuka_resources) by extensions ['ignore', 'ignore_ament_install']
[0.112s] Level 1:colcon.colcon_core.package_identification:_identify(src/kuka_resources) by extension 'ignore'
[0.112s] Level 1:colcon.colcon_core.package_identification:_identify(src/kuka_resources) by extension 'ignore_ament_install'
[0.112s] Level 1:colcon.colcon_core.package_identification:_identify(src/kuka_resources) by extensions ['colcon_pkg']
[0.112s] Level 1:colcon.colcon_core.package_identification:_identify(src/kuka_resources) by extension 'colcon_pkg'
[0.112s] Level 1:colcon.colcon_core.package_identification:_identify(src/kuka_resources) by extensions ['colcon_meta']
[0.112s] Level 1:colcon.colcon_core.package_identification:_identify(src/kuka_resources) by extension 'colcon_meta'
[0.113s] Level 1:colcon.colcon_core.package_identification:_identify(src/kuka_resources) by extensions ['ros']
[0.113s] Level 1:colcon.colcon_core.package_identification:_identify(src/kuka_resources) by extension 'ros'
[0.113s] DEBUG:colcon.colcon_core.package_identification:Package 'src/kuka_resources' with type 'ros.ament_cmake' and name 'kuka_resources'
[0.113s] Level 1:colcon.colcon_core.package_identification:_identify(src/pointcloud_interactive_markers) by extensions ['ignore', 'ignore_ament_install']
[0.113s] Level 1:colcon.colcon_core.package_identification:_identify(src/pointcloud_interactive_markers) by extension 'ignore'
[0.113s] Level 1:colcon.colcon_core.package_identification:_identify(src/pointcloud_interactive_markers) by extension 'ignore_ament_install'
[0.113s] Level 1:colcon.colcon_core.package_identification:_identify(src/pointcloud_interactive_markers) by extensions ['colcon_pkg']
[0.113s] Level 1:colcon.colcon_core.package_identification:_identify(src/pointcloud_interactive_markers) by extension 'colcon_pkg'
[0.113s] Level 1:colcon.colcon_core.package_identification:_identify(src/pointcloud_interactive_markers) by extensions ['colcon_meta']
[0.113s] Level 1:colcon.colcon_core.package_identification:_identify(src/pointcloud_interactive_markers) by extension 'colcon_meta'
[0.113s] Level 1:colcon.colcon_core.package_identification:_identify(src/pointcloud_interactive_markers) by extensions ['ros']
[0.113s] Level 1:colcon.colcon_core.package_identification:_identify(src/pointcloud_interactive_markers) by extension 'ros'
[0.113s] DEBUG:colcon.colcon_core.package_identification:Package 'src/pointcloud_interactive_markers' with type 'ros.ament_cmake' and name 'pointcloud_interactive_markers'
[0.113s] Level 1:colcon.colcon_core.package_identification:_identify(src/rsp_uc1) by extensions ['ignore', 'ignore_ament_install']
[0.113s] Level 1:colcon.colcon_core.package_identification:_identify(src/rsp_uc1) by extension 'ignore'
[0.113s] Level 1:colcon.colcon_core.package_identification:_identify(src/rsp_uc1) by extension 'ignore_ament_install'
[0.113s] Level 1:colcon.colcon_core.package_identification:_identify(src/rsp_uc1) by extensions ['colcon_pkg']
[0.113s] Level 1:colcon.colcon_core.package_identification:_identify(src/rsp_uc1) by extension 'colcon_pkg'
[0.113s] Level 1:colcon.colcon_core.package_identification:_identify(src/rsp_uc1) by extensions ['colcon_meta']
[0.113s] Level 1:colcon.colcon_core.package_identification:_identify(src/rsp_uc1) by extension 'colcon_meta'
[0.113s] Level 1:colcon.colcon_core.package_identification:_identify(src/rsp_uc1) by extensions ['ros']
[0.113s] Level 1:colcon.colcon_core.package_identification:_identify(src/rsp_uc1) by extension 'ros'
[0.114s] DEBUG:colcon.colcon_core.package_identification:Package 'src/rsp_uc1' with type 'ros.ament_cmake' and name 'rsp_uc1'
[0.114s] Level 1:colcon.colcon_core.package_identification:_identify(src/uc1_robot_controllers) by extensions ['ignore', 'ignore_ament_install']
[0.114s] Level 1:colcon.colcon_core.package_identification:_identify(src/uc1_robot_controllers) by extension 'ignore'
[0.114s] Level 1:colcon.colcon_core.package_identification:_identify(src/uc1_robot_controllers) by extension 'ignore_ament_install'
[0.114s] Level 1:colcon.colcon_core.package_identification:_identify(src/uc1_robot_controllers) by extensions ['colcon_pkg']
[0.114s] Level 1:colcon.colcon_core.package_identification:_identify(src/uc1_robot_controllers) by extension 'colcon_pkg'
[0.114s] Level 1:colcon.colcon_core.package_identification:_identify(src/uc1_robot_controllers) by extensions ['colcon_meta']
[0.114s] Level 1:colcon.colcon_core.package_identification:_identify(src/uc1_robot_controllers) by extension 'colcon_meta'
[0.114s] Level 1:colcon.colcon_core.package_identification:_identify(src/uc1_robot_controllers) by extensions ['ros']
[0.114s] Level 1:colcon.colcon_core.package_identification:_identify(src/uc1_robot_controllers) by extension 'ros'
[0.115s] DEBUG:colcon.colcon_core.package_identification:Package 'src/uc1_robot_controllers' with type 'ros.ament_cmake' and name 'uc1_robot_controllers'
[0.115s] Level 1:colcon.colcon_core.package_identification:_identify(src/uc1_robot_controllers_interfaces) by extensions ['ignore', 'ignore_ament_install']
[0.115s] Level 1:colcon.colcon_core.package_identification:_identify(src/uc1_robot_controllers_interfaces) by extension 'ignore'
[0.115s] Level 1:colcon.colcon_core.package_identification:_identify(src/uc1_robot_controllers_interfaces) by extension 'ignore_ament_install'
[0.115s] Level 1:colcon.colcon_core.package_identification:_identify(src/uc1_robot_controllers_interfaces) by extensions ['colcon_pkg']
[0.115s] Level 1:colcon.colcon_core.package_identification:_identify(src/uc1_robot_controllers_interfaces) by extension 'colcon_pkg'
[0.115s] Level 1:colcon.colcon_core.package_identification:_identify(src/uc1_robot_controllers_interfaces) by extensions ['colcon_meta']
[0.115s] Level 1:colcon.colcon_core.package_identification:_identify(src/uc1_robot_controllers_interfaces) by extension 'colcon_meta'
[0.115s] Level 1:colcon.colcon_core.package_identification:_identify(src/uc1_robot_controllers_interfaces) by extensions ['ros']
[0.115s] Level 1:colcon.colcon_core.package_identification:_identify(src/uc1_robot_controllers_interfaces) by extension 'ros'
[0.115s] DEBUG:colcon.colcon_core.package_identification:Package 'src/uc1_robot_controllers_interfaces' with type 'ros.ament_cmake' and name 'uc1_robot_controllers_interfaces'
[0.115s] Level 1:colcon.colcon_core.package_identification:_identify(src/uc1_robot_perception) by extensions ['ignore', 'ignore_ament_install']
[0.115s] Level 1:colcon.colcon_core.package_identification:_identify(src/uc1_robot_perception) by extension 'ignore'
[0.115s] Level 1:colcon.colcon_core.package_identification:_identify(src/uc1_robot_perception) by extension 'ignore_ament_install'
[0.115s] Level 1:colcon.colcon_core.package_identification:_identify(src/uc1_robot_perception) by extensions ['colcon_pkg']
[0.115s] Level 1:colcon.colcon_core.package_identification:_identify(src/uc1_robot_perception) by extension 'colcon_pkg'
[0.115s] Level 1:colcon.colcon_core.package_identification:_identify(src/uc1_robot_perception) by extensions ['colcon_meta']
[0.115s] Level 1:colcon.colcon_core.package_identification:_identify(src/uc1_robot_perception) by extension 'colcon_meta'
[0.115s] Level 1:colcon.colcon_core.package_identification:_identify(src/uc1_robot_perception) by extensions ['ros']
[0.115s] Level 1:colcon.colcon_core.package_identification:_identify(src/uc1_robot_perception) by extension 'ros'
[0.116s] DEBUG:colcon.colcon_core.package_identification:Package 'src/uc1_robot_perception' with type 'ros.ament_cmake' and name 'uc1_robot_perception'
[0.116s] Level 1:colcon.colcon_core.package_identification:_identify(src/uc1_robots_description) by extensions ['ignore', 'ignore_ament_install']
[0.116s] Level 1:colcon.colcon_core.package_identification:_identify(src/uc1_robots_description) by extension 'ignore'
[0.116s] Level 1:colcon.colcon_core.package_identification:_identify(src/uc1_robots_description) by extension 'ignore_ament_install'
[0.116s] Level 1:colcon.colcon_core.package_identification:_identify(src/uc1_robots_description) by extensions ['colcon_pkg']
[0.116s] Level 1:colcon.colcon_core.package_identification:_identify(src/uc1_robots_description) by extension 'colcon_pkg'
[0.116s] Level 1:colcon.colcon_core.package_identification:_identify(src/uc1_robots_description) by extensions ['colcon_meta']
[0.116s] Level 1:colcon.colcon_core.package_identification:_identify(src/uc1_robots_description) by extension 'colcon_meta'
[0.116s] Level 1:colcon.colcon_core.package_identification:_identify(src/uc1_robots_description) by extensions ['ros']
[0.116s] Level 1:colcon.colcon_core.package_identification:_identify(src/uc1_robots_description) by extension 'ros'
[0.116s] DEBUG:colcon.colcon_core.package_identification:Package 'src/uc1_robots_description' with type 'ros.ament_cmake' and name 'uc1_robots_description'
[0.116s] Level 1:colcon.colcon_core.package_identification:_identify(src/ur_admittance_controller) by extensions ['ignore', 'ignore_ament_install']
[0.116s] Level 1:colcon.colcon_core.package_identification:_identify(src/ur_admittance_controller) by extension 'ignore'
[0.116s] Level 1:colcon.colcon_core.package_identification:_identify(src/ur_admittance_controller) by extension 'ignore_ament_install'
[0.116s] Level 1:colcon.colcon_core.package_identification:_identify(src/ur_admittance_controller) by extensions ['colcon_pkg']
[0.116s] Level 1:colcon.colcon_core.package_identification:_identify(src/ur_admittance_controller) by extension 'colcon_pkg'
[0.116s] Level 1:colcon.colcon_core.package_identification:_identify(src/ur_admittance_controller) by extensions ['colcon_meta']
[0.116s] Level 1:colcon.colcon_core.package_identification:_identify(src/ur_admittance_controller) by extension 'colcon_meta'
[0.116s] Level 1:colcon.colcon_core.package_identification:_identify(src/ur_admittance_controller) by extensions ['ros']
[0.116s] Level 1:colcon.colcon_core.package_identification:_identify(src/ur_admittance_controller) by extension 'ros'
[0.117s] DEBUG:colcon.colcon_core.package_identification:Package 'src/ur_admittance_controller' with type 'ros.ament_cmake' and name 'ur_admittance_controller'
[0.117s] Level 1:colcon.colcon_core.package_discovery:discover_packages(recursive) using defaults
[0.117s] Level 1:colcon.colcon_core.package_discovery:discover_packages(ignore) discover
[0.117s] Level 1:colcon.colcon_core.package_discovery:discover_packages(ignore) using defaults
[0.117s] Level 1:colcon.colcon_core.package_discovery:discover_packages(path) discover
[0.117s] Level 1:colcon.colcon_core.package_discovery:discover_packages(path) using defaults
[0.129s] Level 1:colcon.colcon_core.package_discovery:discover_packages(prefix_path) check parameters
[0.129s] Level 1:colcon.colcon_core.package_discovery:discover_packages(prefix_path) discover
[0.130s] DEBUG:colcon.colcon_installed_package_information.package_discovery:Found 311 installed packages in /opt/ros/humble
[0.130s] Level 1:colcon.colcon_core.package_discovery:discover_packages(prefix_path) using defaults
[0.145s] Level 5:colcon.colcon_core.verb:set package 'environment_pointcloud_processing' build argument 'cmake_args' from command line to 'None'
[0.145s] Level 5:colcon.colcon_core.verb:set package 'environment_pointcloud_processing' build argument 'cmake_target' from command line to 'None'
[0.145s] Level 5:colcon.colcon_core.verb:set package 'environment_pointcloud_processing' build argument 'cmake_target_skip_unavailable' from command line to 'False'
[0.145s] Level 5:colcon.colcon_core.verb:set package 'environment_pointcloud_processing' build argument 'cmake_clean_cache' from command line to 'False'
[0.145s] Level 5:colcon.colcon_core.verb:set package 'environment_pointcloud_processing' build argument 'cmake_clean_first' from command line to 'False'
[0.145s] Level 5:colcon.colcon_core.verb:set package 'environment_pointcloud_processing' build argument 'cmake_force_configure' from command line to 'False'
[0.145s] Level 5:colcon.colcon_core.verb:set package 'environment_pointcloud_processing' build argument 'ament_cmake_args' from command line to 'None'
[0.145s] Level 5:colcon.colcon_core.verb:set package 'environment_pointcloud_processing' build argument 'catkin_cmake_args' from command line to 'None'
[0.145s] Level 5:colcon.colcon_core.verb:set package 'environment_pointcloud_processing' build argument 'catkin_skip_building_tests' from command line to 'False'
[0.145s] DEBUG:colcon.colcon_core.verb:Building package 'environment_pointcloud_processing' with the following arguments: {'ament_cmake_args': None, 'build_base': '/home/maclab/Documents/ROS_WORKSPACES/WS_Master_Thesis/build/environment_pointcloud_processing', 'catkin_cmake_args': None, 'catkin_skip_building_tests': False, 'cmake_args': None, 'cmake_clean_cache': False, 'cmake_clean_first': False, 'cmake_force_configure': False, 'cmake_target': None, 'cmake_target_skip_unavailable': False, 'install_base': '/home/maclab/Documents/ROS_WORKSPACES/WS_Master_Thesis/install/environment_pointcloud_processing', 'merge_install': False, 'path': '/home/maclab/Documents/ROS_WORKSPACES/WS_Master_Thesis/src/environment_pointcloud_processing', 'symlink_install': False, 'test_result_base': None}
[0.145s] Level 5:colcon.colcon_core.verb:set package 'keyboard_publisher_pkg' build argument 'cmake_args' from command line to 'None'
[0.145s] Level 5:colcon.colcon_core.verb:set package 'keyboard_publisher_pkg' build argument 'cmake_target' from command line to 'None'
[0.145s] Level 5:colcon.colcon_core.verb:set package 'keyboard_publisher_pkg' build argument 'cmake_target_skip_unavailable' from command line to 'False'
[0.145s] Level 5:colcon.colcon_core.verb:set package 'keyboard_publisher_pkg' build argument 'cmake_clean_cache' from command line to 'False'
[0.145s] Level 5:colcon.colcon_core.verb:set package 'keyboard_publisher_pkg' build argument 'cmake_clean_first' from command line to 'False'
[0.145s] Level 5:colcon.colcon_core.verb:set package 'keyboard_publisher_pkg' build argument 'cmake_force_configure' from command line to 'False'
[0.145s] Level 5:colcon.colcon_core.verb:set package 'keyboard_publisher_pkg' build argument 'ament_cmake_args' from command line to 'None'
[0.145s] Level 5:colcon.colcon_core.verb:set package 'keyboard_publisher_pkg' build argument 'catkin_cmake_args' from command line to 'None'
[0.145s] Level 5:colcon.colcon_core.verb:set package 'keyboard_publisher_pkg' build argument 'catkin_skip_building_tests' from command line to 'False'
[0.145s] DEBUG:colcon.colcon_core.verb:Building package 'keyboard_publisher_pkg' with the following arguments: {'ament_cmake_args': None, 'build_base': '/home/maclab/Documents/ROS_WORKSPACES/WS_Master_Thesis/build/keyboard_publisher_pkg', 'catkin_cmake_args': None, 'catkin_skip_building_tests': False, 'cmake_args': None, 'cmake_clean_cache': False, 'cmake_clean_first': False, 'cmake_force_configure': False, 'cmake_target': None, 'cmake_target_skip_unavailable': False, 'install_base': '/home/maclab/Documents/ROS_WORKSPACES/WS_Master_Thesis/install/keyboard_publisher_pkg', 'merge_install': False, 'path': '/home/maclab/Documents/ROS_WORKSPACES/WS_Master_Thesis/src/keyboard_events_publisher', 'symlink_install': False, 'test_result_base': None}
[0.145s] Level 5:colcon.colcon_core.verb:set package 'kuka_150_3100_description' build argument 'cmake_args' from command line to 'None'
[0.145s] Level 5:colcon.colcon_core.verb:set package 'kuka_150_3100_description' build argument 'cmake_target' from command line to 'None'
[0.145s] Level 5:colcon.colcon_core.verb:set package 'kuka_150_3100_description' build argument 'cmake_target_skip_unavailable' from command line to 'False'
[0.145s] Level 5:colcon.colcon_core.verb:set package 'kuka_150_3100_description' build argument 'cmake_clean_cache' from command line to 'False'
[0.145s] Level 5:colcon.colcon_core.verb:set package 'kuka_150_3100_description' build argument 'cmake_clean_first' from command line to 'False'
[0.145s] Level 5:colcon.colcon_core.verb:set package 'kuka_150_3100_description' build argument 'cmake_force_configure' from command line to 'False'
[0.145s] Level 5:colcon.colcon_core.verb:set package 'kuka_150_3100_description' build argument 'ament_cmake_args' from command line to 'None'
[0.145s] Level 5:colcon.colcon_core.verb:set package 'kuka_150_3100_description' build argument 'catkin_cmake_args' from command line to 'None'
[0.145s] Level 5:colcon.colcon_core.verb:set package 'kuka_150_3100_description' build argument 'catkin_skip_building_tests' from command line to 'False'
[0.145s] DEBUG:colcon.colcon_core.verb:Building package 'kuka_150_3100_description' with the following arguments: {'ament_cmake_args': None, 'build_base': '/home/maclab/Documents/ROS_WORKSPACES/WS_Master_Thesis/build/kuka_150_3100_description', 'catkin_cmake_args': None, 'catkin_skip_building_tests': False, 'cmake_args': None, 'cmake_clean_cache': False, 'cmake_clean_first': False, 'cmake_force_configure': False, 'cmake_target': None, 'cmake_target_skip_unavailable': False, 'install_base': '/home/maclab/Documents/ROS_WORKSPACES/WS_Master_Thesis/install/kuka_150_3100_description', 'merge_install': False, 'path': '/home/maclab/Documents/ROS_WORKSPACES/WS_Master_Thesis/src/kuka_150_3100_description', 'symlink_install': False, 'test_result_base': None}
[0.145s] Level 5:colcon.colcon_core.verb:set package 'kuka_resources' build argument 'cmake_args' from command line to 'None'
[0.145s] Level 5:colcon.colcon_core.verb:set package 'kuka_resources' build argument 'cmake_target' from command line to 'None'
[0.145s] Level 5:colcon.colcon_core.verb:set package 'kuka_resources' build argument 'cmake_target_skip_unavailable' from command line to 'False'
[0.145s] Level 5:colcon.colcon_core.verb:set package 'kuka_resources' build argument 'cmake_clean_cache' from command line to 'False'
[0.145s] Level 5:colcon.colcon_core.verb:set package 'kuka_resources' build argument 'cmake_clean_first' from command line to 'False'
[0.146s] Level 5:colcon.colcon_core.verb:set package 'kuka_resources' build argument 'cmake_force_configure' from command line to 'False'
[0.146s] Level 5:colcon.colcon_core.verb:set package 'kuka_resources' build argument 'ament_cmake_args' from command line to 'None'
[0.146s] Level 5:colcon.colcon_core.verb:set package 'kuka_resources' build argument 'catkin_cmake_args' from command line to 'None'
[0.146s] Level 5:colcon.colcon_core.verb:set package 'kuka_resources' build argument 'catkin_skip_building_tests' from command line to 'False'
[0.146s] DEBUG:colcon.colcon_core.verb:Building package 'kuka_resources' with the following arguments: {'ament_cmake_args': None, 'build_base': '/home/maclab/Documents/ROS_WORKSPACES/WS_Master_Thesis/build/kuka_resources', 'catkin_cmake_args': None, 'catkin_skip_building_tests': False, 'cmake_args': None, 'cmake_clean_cache': False, 'cmake_clean_first': False, 'cmake_force_configure': False, 'cmake_target': None, 'cmake_target_skip_unavailable': False, 'install_base': '/home/maclab/Documents/ROS_WORKSPACES/WS_Master_Thesis/install/kuka_resources', 'merge_install': False, 'path': '/home/maclab/Documents/ROS_WORKSPACES/WS_Master_Thesis/src/kuka_resources', 'symlink_install': False, 'test_result_base': None}
[0.146s] Level 5:colcon.colcon_core.verb:set package 'pointcloud_interactive_markers' build argument 'cmake_args' from command line to 'None'
[0.146s] Level 5:colcon.colcon_core.verb:set package 'pointcloud_interactive_markers' build argument 'cmake_target' from command line to 'None'
[0.146s] Level 5:colcon.colcon_core.verb:set package 'pointcloud_interactive_markers' build argument 'cmake_target_skip_unavailable' from command line to 'False'
[0.146s] Level 5:colcon.colcon_core.verb:set package 'pointcloud_interactive_markers' build argument 'cmake_clean_cache' from command line to 'False'
[0.146s] Level 5:colcon.colcon_core.verb:set package 'pointcloud_interactive_markers' build argument 'cmake_clean_first' from command line to 'False'
[0.146s] Level 5:colcon.colcon_core.verb:set package 'pointcloud_interactive_markers' build argument 'cmake_force_configure' from command line to 'False'
[0.146s] Level 5:colcon.colcon_core.verb:set package 'pointcloud_interactive_markers' build argument 'ament_cmake_args' from command line to 'None'
[0.146s] Level 5:colcon.colcon_core.verb:set package 'pointcloud_interactive_markers' build argument 'catkin_cmake_args' from command line to 'None'
[0.146s] Level 5:colcon.colcon_core.verb:set package 'pointcloud_interactive_markers' build argument 'catkin_skip_building_tests' from command line to 'False'
[0.146s] DEBUG:colcon.colcon_core.verb:Building package 'pointcloud_interactive_markers' with the following arguments: {'ament_cmake_args': None, 'build_base': '/home/maclab/Documents/ROS_WORKSPACES/WS_Master_Thesis/build/pointcloud_interactive_markers', 'catkin_cmake_args': None, 'catkin_skip_building_tests': False, 'cmake_args': None, 'cmake_clean_cache': False, 'cmake_clean_first': False, 'cmake_force_configure': False, 'cmake_target': None, 'cmake_target_skip_unavailable': False, 'install_base': '/home/maclab/Documents/ROS_WORKSPACES/WS_Master_Thesis/install/pointcloud_interactive_markers', 'merge_install': False, 'path': '/home/maclab/Documents/ROS_WORKSPACES/WS_Master_Thesis/src/pointcloud_interactive_markers', 'symlink_install': False, 'test_result_base': None}
[0.146s] Level 5:colcon.colcon_core.verb:set package 'rsp_uc1' build argument 'cmake_args' from command line to 'None'
[0.146s] Level 5:colcon.colcon_core.verb:set package 'rsp_uc1' build argument 'cmake_target' from command line to 'None'
[0.146s] Level 5:colcon.colcon_core.verb:set package 'rsp_uc1' build argument 'cmake_target_skip_unavailable' from command line to 'False'
[0.146s] Level 5:colcon.colcon_core.verb:set package 'rsp_uc1' build argument 'cmake_clean_cache' from command line to 'False'
[0.146s] Level 5:colcon.colcon_core.verb:set package 'rsp_uc1' build argument 'cmake_clean_first' from command line to 'False'
[0.146s] Level 5:colcon.colcon_core.verb:set package 'rsp_uc1' build argument 'cmake_force_configure' from command line to 'False'
[0.146s] Level 5:colcon.colcon_core.verb:set package 'rsp_uc1' build argument 'ament_cmake_args' from command line to 'None'
[0.146s] Level 5:colcon.colcon_core.verb:set package 'rsp_uc1' build argument 'catkin_cmake_args' from command line to 'None'
[0.146s] Level 5:colcon.colcon_core.verb:set package 'rsp_uc1' build argument 'catkin_skip_building_tests' from command line to 'False'
[0.146s] DEBUG:colcon.colcon_core.verb:Building package 'rsp_uc1' with the following arguments: {'ament_cmake_args': None, 'build_base': '/home/maclab/Documents/ROS_WORKSPACES/WS_Master_Thesis/build/rsp_uc1', 'catkin_cmake_args': None, 'catkin_skip_building_tests': False, 'cmake_args': None, 'cmake_clean_cache': False, 'cmake_clean_first': False, 'cmake_force_configure': False, 'cmake_target': None, 'cmake_target_skip_unavailable': False, 'install_base': '/home/maclab/Documents/ROS_WORKSPACES/WS_Master_Thesis/install/rsp_uc1', 'merge_install': False, 'path': '/home/maclab/Documents/ROS_WORKSPACES/WS_Master_Thesis/src/rsp_uc1', 'symlink_install': False, 'test_result_base': None}
[0.146s] Level 5:colcon.colcon_core.verb:set package 'uc1_robot_controllers_interfaces' build argument 'cmake_args' from command line to 'None'
[0.146s] Level 5:colcon.colcon_core.verb:set package 'uc1_robot_controllers_interfaces' build argument 'cmake_target' from command line to 'None'
[0.146s] Level 5:colcon.colcon_core.verb:set package 'uc1_robot_controllers_interfaces' build argument 'cmake_target_skip_unavailable' from command line to 'False'
[0.146s] Level 5:colcon.colcon_core.verb:set package 'uc1_robot_controllers_interfaces' build argument 'cmake_clean_cache' from command line to 'False'
[0.146s] Level 5:colcon.colcon_core.verb:set package 'uc1_robot_controllers_interfaces' build argument 'cmake_clean_first' from command line to 'False'
[0.146s] Level 5:colcon.colcon_core.verb:set package 'uc1_robot_controllers_interfaces' build argument 'cmake_force_configure' from command line to 'False'
[0.146s] Level 5:colcon.colcon_core.verb:set package 'uc1_robot_controllers_interfaces' build argument 'ament_cmake_args' from command line to 'None'
[0.146s] Level 5:colcon.colcon_core.verb:set package 'uc1_robot_controllers_interfaces' build argument 'catkin_cmake_args' from command line to 'None'
[0.146s] Level 5:colcon.colcon_core.verb:set package 'uc1_robot_controllers_interfaces' build argument 'catkin_skip_building_tests' from command line to 'False'
[0.146s] DEBUG:colcon.colcon_core.verb:Building package 'uc1_robot_controllers_interfaces' with the following arguments: {'ament_cmake_args': None, 'build_base': '/home/maclab/Documents/ROS_WORKSPACES/WS_Master_Thesis/build/uc1_robot_controllers_interfaces', 'catkin_cmake_args': None, 'catkin_skip_building_tests': False, 'cmake_args': None, 'cmake_clean_cache': False, 'cmake_clean_first': False, 'cmake_force_configure': False, 'cmake_target': None, 'cmake_target_skip_unavailable': False, 'install_base': '/home/maclab/Documents/ROS_WORKSPACES/WS_Master_Thesis/install/uc1_robot_controllers_interfaces', 'merge_install': False, 'path': '/home/maclab/Documents/ROS_WORKSPACES/WS_Master_Thesis/src/uc1_robot_controllers_interfaces', 'symlink_install': False, 'test_result_base': None}
[0.146s] Level 5:colcon.colcon_core.verb:set package 'uc1_robot_perception' build argument 'cmake_args' from command line to 'None'
[0.146s] Level 5:colcon.colcon_core.verb:set package 'uc1_robot_perception' build argument 'cmake_target' from command line to 'None'
[0.146s] Level 5:colcon.colcon_core.verb:set package 'uc1_robot_perception' build argument 'cmake_target_skip_unavailable' from command line to 'False'
[0.146s] Level 5:colcon.colcon_core.verb:set package 'uc1_robot_perception' build argument 'cmake_clean_cache' from command line to 'False'
[0.146s] Level 5:colcon.colcon_core.verb:set package 'uc1_robot_perception' build argument 'cmake_clean_first' from command line to 'False'
[0.146s] Level 5:colcon.colcon_core.verb:set package 'uc1_robot_perception' build argument 'cmake_force_configure' from command line to 'False'
[0.146s] Level 5:colcon.colcon_core.verb:set package 'uc1_robot_perception' build argument 'ament_cmake_args' from command line to 'None'
[0.146s] Level 5:colcon.colcon_core.verb:set package 'uc1_robot_perception' build argument 'catkin_cmake_args' from command line to 'None'
[0.146s] Level 5:colcon.colcon_core.verb:set package 'uc1_robot_perception' build argument 'catkin_skip_building_tests' from command line to 'False'
[0.146s] DEBUG:colcon.colcon_core.verb:Building package 'uc1_robot_perception' with the following arguments: {'ament_cmake_args': None, 'build_base': '/home/maclab/Documents/ROS_WORKSPACES/WS_Master_Thesis/build/uc1_robot_perception', 'catkin_cmake_args': None, 'catkin_skip_building_tests': False, 'cmake_args': None, 'cmake_clean_cache': False, 'cmake_clean_first': False, 'cmake_force_configure': False, 'cmake_target': None, 'cmake_target_skip_unavailable': False, 'install_base': '/home/maclab/Documents/ROS_WORKSPACES/WS_Master_Thesis/install/uc1_robot_perception', 'merge_install': False, 'path': '/home/maclab/Documents/ROS_WORKSPACES/WS_Master_Thesis/src/uc1_robot_perception', 'symlink_install': False, 'test_result_base': None}
[0.146s] Level 5:colcon.colcon_core.verb:set package 'uc1_robots_description' build argument 'cmake_args' from command line to 'None'
[0.146s] Level 5:colcon.colcon_core.verb:set package 'uc1_robots_description' build argument 'cmake_target' from command line to 'None'
[0.146s] Level 5:colcon.colcon_core.verb:set package 'uc1_robots_description' build argument 'cmake_target_skip_unavailable' from command line to 'False'
[0.146s] Level 5:colcon.colcon_core.verb:set package 'uc1_robots_description' build argument 'cmake_clean_cache' from command line to 'False'
[0.146s] Level 5:colcon.colcon_core.verb:set package 'uc1_robots_description' build argument 'cmake_clean_first' from command line to 'False'
[0.146s] Level 5:colcon.colcon_core.verb:set package 'uc1_robots_description' build argument 'cmake_force_configure' from command line to 'False'
[0.146s] Level 5:colcon.colcon_core.verb:set package 'uc1_robots_description' build argument 'ament_cmake_args' from command line to 'None'
[0.146s] Level 5:colcon.colcon_core.verb:set package 'uc1_robots_description' build argument 'catkin_cmake_args' from command line to 'None'
[0.146s] Level 5:colcon.colcon_core.verb:set package 'uc1_robots_description' build argument 'catkin_skip_building_tests' from command line to 'False'
[0.146s] DEBUG:colcon.colcon_core.verb:Building package 'uc1_robots_description' with the following arguments: {'ament_cmake_args': None, 'build_base': '/home/maclab/Documents/ROS_WORKSPACES/WS_Master_Thesis/build/uc1_robots_description', 'catkin_cmake_args': None, 'catkin_skip_building_tests': False, 'cmake_args': None, 'cmake_clean_cache': False, 'cmake_clean_first': False, 'cmake_force_configure': False, 'cmake_target': None, 'cmake_target_skip_unavailable': False, 'install_base': '/home/maclab/Documents/ROS_WORKSPACES/WS_Master_Thesis/install/uc1_robots_description', 'merge_install': False, 'path': '/home/maclab/Documents/ROS_WORKSPACES/WS_Master_Thesis/src/uc1_robots_description', 'symlink_install': False, 'test_result_base': None}
[0.147s] Level 5:colcon.colcon_core.verb:set package 'ur_admittance_controller' build argument 'cmake_args' from command line to 'None'
[0.147s] Level 5:colcon.colcon_core.verb:set package 'ur_admittance_controller' build argument 'cmake_target' from command line to 'None'
[0.147s] Level 5:colcon.colcon_core.verb:set package 'ur_admittance_controller' build argument 'cmake_target_skip_unavailable' from command line to 'False'
[0.147s] Level 5:colcon.colcon_core.verb:set package 'ur_admittance_controller' build argument 'cmake_clean_cache' from command line to 'False'
[0.147s] Level 5:colcon.colcon_core.verb:set package 'ur_admittance_controller' build argument 'cmake_clean_first' from command line to 'False'
[0.147s] Level 5:colcon.colcon_core.verb:set package 'ur_admittance_controller' build argument 'cmake_force_configure' from command line to 'False'
[0.147s] Level 5:colcon.colcon_core.verb:set package 'ur_admittance_controller' build argument 'ament_cmake_args' from command line to 'None'
[0.147s] Level 5:colcon.colcon_core.verb:set package 'ur_admittance_controller' build argument 'catkin_cmake_args' from command line to 'None'
[0.147s] Level 5:colcon.colcon_core.verb:set package 'ur_admittance_controller' build argument 'catkin_skip_building_tests' from command line to 'False'
[0.147s] DEBUG:colcon.colcon_core.verb:Building package 'ur_admittance_controller' with the following arguments: {'ament_cmake_args': None, 'build_base': '/home/maclab/Documents/ROS_WORKSPACES/WS_Master_Thesis/build/ur_admittance_controller', 'catkin_cmake_args': None, 'catkin_skip_building_tests': False, 'cmake_args': None, 'cmake_clean_cache': False, 'cmake_clean_first': False, 'cmake_force_configure': False, 'cmake_target': None, 'cmake_target_skip_unavailable': False, 'install_base': '/home/maclab/Documents/ROS_WORKSPACES/WS_Master_Thesis/install/ur_admittance_controller', 'merge_install': False, 'path': '/home/maclab/Documents/ROS_WORKSPACES/WS_Master_Thesis/src/ur_admittance_controller', 'symlink_install': False, 'test_result_base': None}
[0.147s] Level 5:colcon.colcon_core.verb:set package 'uc1_robot_controllers' build argument 'cmake_args' from command line to 'None'
[0.147s] Level 5:colcon.colcon_core.verb:set package 'uc1_robot_controllers' build argument 'cmake_target' from command line to 'None'
[0.147s] Level 5:colcon.colcon_core.verb:set package 'uc1_robot_controllers' build argument 'cmake_target_skip_unavailable' from command line to 'False'
[0.147s] Level 5:colcon.colcon_core.verb:set package 'uc1_robot_controllers' build argument 'cmake_clean_cache' from command line to 'False'
[0.147s] Level 5:colcon.colcon_core.verb:set package 'uc1_robot_controllers' build argument 'cmake_clean_first' from command line to 'False'
[0.147s] Level 5:colcon.colcon_core.verb:set package 'uc1_robot_controllers' build argument 'cmake_force_configure' from command line to 'False'
[0.147s] Level 5:colcon.colcon_core.verb:set package 'uc1_robot_controllers' build argument 'ament_cmake_args' from command line to 'None'
[0.147s] Level 5:colcon.colcon_core.verb:set package 'uc1_robot_controllers' build argument 'catkin_cmake_args' from command line to 'None'
[0.147s] Level 5:colcon.colcon_core.verb:set package 'uc1_robot_controllers' build argument 'catkin_skip_building_tests' from command line to 'False'
[0.147s] DEBUG:colcon.colcon_core.verb:Building package 'uc1_robot_controllers' with the following arguments: {'ament_cmake_args': None, 'build_base': '/home/maclab/Documents/ROS_WORKSPACES/WS_Master_Thesis/build/uc1_robot_controllers', 'catkin_cmake_args': None, 'catkin_skip_building_tests': False, 'cmake_args': None, 'cmake_clean_cache': False, 'cmake_clean_first': False, 'cmake_force_configure': False, 'cmake_target': None, 'cmake_target_skip_unavailable': False, 'install_base': '/home/maclab/Documents/ROS_WORKSPACES/WS_Master_Thesis/install/uc1_robot_controllers', 'merge_install': False, 'path': '/home/maclab/Documents/ROS_WORKSPACES/WS_Master_Thesis/src/uc1_robot_controllers', 'symlink_install': False, 'test_result_base': None}
[0.147s] INFO:colcon.colcon_core.executor:Executing jobs using 'parallel' executor
[0.147s] DEBUG:colcon.colcon_parallel_executor.executor.parallel:run_until_complete
[0.148s] INFO:colcon.colcon_ros.task.ament_cmake.build:Building ROS package in '/home/maclab/Documents/ROS_WORKSPACES/WS_Master_Thesis/src/uc1_robot_controllers_interfaces' with build type 'ament_cmake'
[0.148s] INFO:colcon.colcon_cmake.task.cmake.build:Building CMake package in '/home/maclab/Documents/ROS_WORKSPACES/WS_Master_Thesis/src/uc1_robot_controllers_interfaces'
[0.148s] INFO:colcon.colcon_core.plugin_system:Skipping extension 'colcon_core.shell.bat': Not used on non-Windows systems
[0.149s] INFO:colcon.colcon_core.shell:Skip shell extension 'powershell' for command environment: Not usable outside of PowerShell
[0.149s] DEBUG:colcon.colcon_core.shell:Skip shell extension 'dsv' for command environment
[0.150s] INFO:colcon.colcon_ros.task.ament_cmake.build:Building ROS package in '/home/maclab/Documents/ROS_WORKSPACES/WS_Master_Thesis/src/uc1_robot_perception' with build type 'ament_cmake'
[0.150s] INFO:colcon.colcon_cmake.task.cmake.build:Building CMake package in '/home/maclab/Documents/ROS_WORKSPACES/WS_Master_Thesis/src/uc1_robot_perception'
[0.150s] INFO:colcon.colcon_core.shell:Skip shell extension 'powershell' for command environment: Not usable outside of PowerShell
[0.150s] DEBUG:colcon.colcon_core.shell:Skip shell extension 'dsv' for command environment
[0.151s] INFO:colcon.colcon_ros.task.ament_cmake.build:Building ROS package in '/home/maclab/Documents/ROS_WORKSPACES/WS_Master_Thesis/src/environment_pointcloud_processing' with build type 'ament_cmake'
[0.151s] INFO:colcon.colcon_cmake.task.cmake.build:Building CMake package in '/home/maclab/Documents/ROS_WORKSPACES/WS_Master_Thesis/src/environment_pointcloud_processing'
[0.151s] INFO:colcon.colcon_core.shell:Skip shell extension 'powershell' for command environment: Not usable outside of PowerShell
[0.151s] DEBUG:colcon.colcon_core.shell:Skip shell extension 'dsv' for command environment
[0.152s] INFO:colcon.colcon_ros.task.ament_cmake.build:Building ROS package in '/home/maclab/Documents/ROS_WORKSPACES/WS_Master_Thesis/src/keyboard_events_publisher' with build type 'ament_cmake'
[0.152s] INFO:colcon.colcon_cmake.task.cmake.build:Building CMake package in '/home/maclab/Documents/ROS_WORKSPACES/WS_Master_Thesis/src/keyboard_events_publisher'
[0.152s] INFO:colcon.colcon_core.shell:Skip shell extension 'powershell' for command environment: Not usable outside of PowerShell
[0.152s] DEBUG:colcon.colcon_core.shell:Skip shell extension 'dsv' for command environment
[0.153s] INFO:colcon.colcon_ros.task.ament_cmake.build:Building ROS package in '/home/maclab/Documents/ROS_WORKSPACES/WS_Master_Thesis/src/kuka_150_3100_description' with build type 'ament_cmake'
[0.153s] INFO:colcon.colcon_cmake.task.cmake.build:Building CMake package in '/home/maclab/Documents/ROS_WORKSPACES/WS_Master_Thesis/src/kuka_150_3100_description'
[0.153s] INFO:colcon.colcon_core.shell:Skip shell extension 'powershell' for command environment: Not usable outside of PowerShell
[0.153s] DEBUG:colcon.colcon_core.shell:Skip shell extension 'dsv' for command environment
[0.154s] INFO:colcon.colcon_ros.task.ament_cmake.build:Building ROS package in '/home/maclab/Documents/ROS_WORKSPACES/WS_Master_Thesis/src/kuka_resources' with build type 'ament_cmake'
[0.154s] INFO:colcon.colcon_cmake.task.cmake.build:Building CMake package in '/home/maclab/Documents/ROS_WORKSPACES/WS_Master_Thesis/src/kuka_resources'
[0.154s] INFO:colcon.colcon_core.shell:Skip shell extension 'powershell' for command environment: Not usable outside of PowerShell
[0.154s] DEBUG:colcon.colcon_core.shell:Skip shell extension 'dsv' for command environment
[0.155s] INFO:colcon.colcon_ros.task.ament_cmake.build:Building ROS package in '/home/maclab/Documents/ROS_WORKSPACES/WS_Master_Thesis/src/pointcloud_interactive_markers' with build type 'ament_cmake'
[0.155s] INFO:colcon.colcon_cmake.task.cmake.build:Building CMake package in '/home/maclab/Documents/ROS_WORKSPACES/WS_Master_Thesis/src/pointcloud_interactive_markers'
[0.155s] INFO:colcon.colcon_core.shell:Skip shell extension 'powershell' for command environment: Not usable outside of PowerShell
[0.155s] DEBUG:colcon.colcon_core.shell:Skip shell extension 'dsv' for command environment
[0.156s] INFO:colcon.colcon_ros.task.ament_cmake.build:Building ROS package in '/home/maclab/Documents/ROS_WORKSPACES/WS_Master_Thesis/src/rsp_uc1' with build type 'ament_cmake'
[0.156s] INFO:colcon.colcon_cmake.task.cmake.build:Building CMake package in '/home/maclab/Documents/ROS_WORKSPACES/WS_Master_Thesis/src/rsp_uc1'
[0.156s] INFO:colcon.colcon_core.shell:Skip shell extension 'powershell' for command environment: Not usable outside of PowerShell
[0.156s] DEBUG:colcon.colcon_core.shell:Skip shell extension 'dsv' for command environment
[0.157s] INFO:colcon.colcon_ros.task.ament_cmake.build:Building ROS package in '/home/maclab/Documents/ROS_WORKSPACES/WS_Master_Thesis/src/uc1_robots_description' with build type 'ament_cmake'
[0.157s] INFO:colcon.colcon_cmake.task.cmake.build:Building CMake package in '/home/maclab/Documents/ROS_WORKSPACES/WS_Master_Thesis/src/uc1_robots_description'
[0.157s] INFO:colcon.colcon_core.shell:Skip shell extension 'powershell' for command environment: Not usable outside of PowerShell
[0.157s] DEBUG:colcon.colcon_core.shell:Skip shell extension 'dsv' for command environment
[0.159s] INFO:colcon.colcon_ros.task.ament_cmake.build:Building ROS package in '/home/maclab/Documents/ROS_WORKSPACES/WS_Master_Thesis/src/ur_admittance_controller' with build type 'ament_cmake'
[0.159s] INFO:colcon.colcon_cmake.task.cmake.build:Building CMake package in '/home/maclab/Documents/ROS_WORKSPACES/WS_Master_Thesis/src/ur_admittance_controller'
[0.159s] INFO:colcon.colcon_core.shell:Skip shell extension 'powershell' for command environment: Not usable outside of PowerShell
[0.159s] DEBUG:colcon.colcon_core.shell:Skip shell extension 'dsv' for command environment
[0.164s] DEBUG:colcon.colcon_core.event_handler.log_command:Invoking command in '/home/maclab/Documents/ROS_WORKSPACES/WS_Master_Thesis/build/uc1_robot_controllers_interfaces': CMAKE_PREFIX_PATH=/opt/ros/humble /usr/bin/cmake --build /home/maclab/Documents/ROS_WORKSPACES/WS_Master_Thesis/build/uc1_robot_controllers_interfaces -- -j32 -l32
[0.165s] DEBUG:colcon.colcon_core.event_handler.log_command:Invoking command in '/home/maclab/Documents/ROS_WORKSPACES/WS_Master_Thesis/build/uc1_robot_perception': CMAKE_PREFIX_PATH=/opt/ros/humble /usr/bin/cmake --build /home/maclab/Documents/ROS_WORKSPACES/WS_Master_Thesis/build/uc1_robot_perception -- -j32 -l32
[0.166s] DEBUG:colcon.colcon_core.event_handler.log_command:Invoking command in '/home/maclab/Documents/ROS_WORKSPACES/WS_Master_Thesis/build/environment_pointcloud_processing': CMAKE_PREFIX_PATH=/opt/ros/humble /usr/bin/cmake --build /home/maclab/Documents/ROS_WORKSPACES/WS_Master_Thesis/build/environment_pointcloud_processing -- -j32 -l32
[0.167s] DEBUG:colcon.colcon_core.event_handler.log_command:Invoking command in '/home/maclab/Documents/ROS_WORKSPACES/WS_Master_Thesis/build/keyboard_publisher_pkg': CMAKE_PREFIX_PATH=/opt/ros/humble /usr/bin/cmake --build /home/maclab/Documents/ROS_WORKSPACES/WS_Master_Thesis/build/keyboard_publisher_pkg -- -j32 -l32
[0.168s] DEBUG:colcon.colcon_core.event_handler.log_command:Invoking command in '/home/maclab/Documents/ROS_WORKSPACES/WS_Master_Thesis/build/kuka_150_3100_description': CMAKE_PREFIX_PATH=/opt/ros/humble /usr/bin/cmake --build /home/maclab/Documents/ROS_WORKSPACES/WS_Master_Thesis/build/kuka_150_3100_description -- -j32 -l32
[0.169s] DEBUG:colcon.colcon_core.event_handler.log_command:Invoking command in '/home/maclab/Documents/ROS_WORKSPACES/WS_Master_Thesis/build/kuka_resources': CMAKE_PREFIX_PATH=/opt/ros/humble /usr/bin/cmake --build /home/maclab/Documents/ROS_WORKSPACES/WS_Master_Thesis/build/kuka_resources -- -j32 -l32
[0.170s] DEBUG:colcon.colcon_core.event_handler.log_command:Invoking command in '/home/maclab/Documents/ROS_WORKSPACES/WS_Master_Thesis/build/pointcloud_interactive_markers': CMAKE_PREFIX_PATH=/opt/ros/humble /usr/bin/cmake --build /home/maclab/Documents/ROS_WORKSPACES/WS_Master_Thesis/build/pointcloud_interactive_markers -- -j32 -l32
[0.171s] DEBUG:colcon.colcon_core.event_handler.log_command:Invoking command in '/home/maclab/Documents/ROS_WORKSPACES/WS_Master_Thesis/build/rsp_uc1': CMAKE_PREFIX_PATH=/opt/ros/humble /usr/bin/cmake --build /home/maclab/Documents/ROS_WORKSPACES/WS_Master_Thesis/build/rsp_uc1 -- -j32 -l32
[0.171s] DEBUG:colcon.colcon_core.event_handler.log_command:Invoking command in '/home/maclab/Documents/ROS_WORKSPACES/WS_Master_Thesis/build/uc1_robots_description': CMAKE_PREFIX_PATH=/opt/ros/humble /usr/bin/cmake --build /home/maclab/Documents/ROS_WORKSPACES/WS_Master_Thesis/build/uc1_robots_description -- -j32 -l32
[0.173s] DEBUG:colcon.colcon_core.event_handler.log_command:Invoking command in '/home/maclab/Documents/ROS_WORKSPACES/WS_Master_Thesis/build/ur_admittance_controller': CMAKE_PREFIX_PATH=/opt/ros/humble /usr/bin/cmake --build /home/maclab/Documents/ROS_WORKSPACES/WS_Master_Thesis/build/ur_admittance_controller -- -j32 -l32
[0.190s] DEBUG:colcon.colcon_core.event_handler.log_command:Invoked command in '/home/maclab/Documents/ROS_WORKSPACES/WS_Master_Thesis/build/kuka_resources' returned '0': CMAKE_PREFIX_PATH=/opt/ros/humble /usr/bin/cmake --build /home/maclab/Documents/ROS_WORKSPACES/WS_Master_Thesis/build/kuka_resources -- -j32 -l32
[0.196s] DEBUG:colcon.colcon_core.event_handler.log_command:Invoking command in '/home/maclab/Documents/ROS_WORKSPACES/WS_Master_Thesis/build/kuka_resources': CMAKE_PREFIX_PATH=/opt/ros/humble /usr/bin/cmake --install /home/maclab/Documents/ROS_WORKSPACES/WS_Master_Thesis/build/kuka_resources
[0.198s] DEBUG:colcon.colcon_core.event_handler.log_command:Invoked command in '/home/maclab/Documents/ROS_WORKSPACES/WS_Master_Thesis/build/kuka_150_3100_description' returned '0': CMAKE_PREFIX_PATH=/opt/ros/humble /usr/bin/cmake --build /home/maclab/Documents/ROS_WORKSPACES/WS_Master_Thesis/build/kuka_150_3100_description -- -j32 -l32
[0.200s] DEBUG:colcon.colcon_core.event_handler.log_command:Invoking command in '/home/maclab/Documents/ROS_WORKSPACES/WS_Master_Thesis/build/kuka_150_3100_description': CMAKE_PREFIX_PATH=/opt/ros/humble /usr/bin/cmake --install /home/maclab/Documents/ROS_WORKSPACES/WS_Master_Thesis/build/kuka_150_3100_description
[0.200s] DEBUG:colcon.colcon_core.event_handler.log_command:Invoked command in '/home/maclab/Documents/ROS_WORKSPACES/WS_Master_Thesis/build/uc1_robots_description' returned '0': CMAKE_PREFIX_PATH=/opt/ros/humble /usr/bin/cmake --build /home/maclab/Documents/ROS_WORKSPACES/WS_Master_Thesis/build/uc1_robots_description -- -j32 -l32
[0.202s] DEBUG:colcon.colcon_core.event_handler.log_command:Invoking command in '/home/maclab/Documents/ROS_WORKSPACES/WS_Master_Thesis/build/uc1_robots_description': CMAKE_PREFIX_PATH=/opt/ros/humble /usr/bin/cmake --install /home/maclab/Documents/ROS_WORKSPACES/WS_Master_Thesis/build/uc1_robots_description
[0.206s] Level 1:colcon.colcon_core.environment:create_environment_scripts_only(kuka_resources)
[0.210s] DEBUG:colcon.colcon_core.event_handler.log_command:Invoked command in '/home/maclab/Documents/ROS_WORKSPACES/WS_Master_Thesis/build/kuka_resources' returned '0': CMAKE_PREFIX_PATH=/opt/ros/humble /usr/bin/cmake --install /home/maclab/Documents/ROS_WORKSPACES/WS_Master_Thesis/build/kuka_resources
[0.218s] Level 1:colcon.colcon_core.environment:checking '/home/maclab/Documents/ROS_WORKSPACES/WS_Master_Thesis/install/kuka_resources' for CMake module files
[0.221s] Level 1:colcon.colcon_core.environment:checking '/home/maclab/Documents/ROS_WORKSPACES/WS_Master_Thesis/install/kuka_resources' for CMake config files
[0.222s] Level 1:colcon.colcon_core.shell:create_environment_hook('kuka_resources', 'cmake_prefix_path')
[0.223s] INFO:colcon.colcon_core.shell:Creating environment hook '/home/maclab/Documents/ROS_WORKSPACES/WS_Master_Thesis/install/kuka_resources/share/kuka_resources/hook/cmake_prefix_path.ps1'
[0.223s] INFO:colcon.colcon_core.shell:Creating environment descriptor '/home/maclab/Documents/ROS_WORKSPACES/WS_Master_Thesis/install/kuka_resources/share/kuka_resources/hook/cmake_prefix_path.dsv'
[0.223s] INFO:colcon.colcon_core.shell:Creating environment hook '/home/maclab/Documents/ROS_WORKSPACES/WS_Master_Thesis/install/kuka_resources/share/kuka_resources/hook/cmake_prefix_path.sh'
[0.224s] Level 1:colcon.colcon_core.environment:checking '/home/maclab/Documents/ROS_WORKSPACES/WS_Master_Thesis/install/kuka_resources/bin'
[0.224s] Level 1:colcon.colcon_core.environment:checking '/home/maclab/Documents/ROS_WORKSPACES/WS_Master_Thesis/install/kuka_resources/lib/pkgconfig/kuka_resources.pc'
[0.224s] Level 1:colcon.colcon_core.environment:checking '/home/maclab/Documents/ROS_WORKSPACES/WS_Master_Thesis/install/kuka_resources/lib/python3.10/site-packages'
[0.225s] Level 1:colcon.colcon_core.environment:checking '/home/maclab/Documents/ROS_WORKSPACES/WS_Master_Thesis/install/kuka_resources/bin'
[0.225s] INFO:colcon.colcon_core.shell:Creating package script '/home/maclab/Documents/ROS_WORKSPACES/WS_Master_Thesis/install/kuka_resources/share/kuka_resources/package.ps1'
[0.225s] INFO:colcon.colcon_core.shell:Creating package descriptor '/home/maclab/Documents/ROS_WORKSPACES/WS_Master_Thesis/install/kuka_resources/share/kuka_resources/package.dsv'
[0.226s] INFO:colcon.colcon_core.shell:Creating package script '/home/maclab/Documents/ROS_WORKSPACES/WS_Master_Thesis/install/kuka_resources/share/kuka_resources/package.sh'
[0.226s] INFO:colcon.colcon_core.shell:Creating package script '/home/maclab/Documents/ROS_WORKSPACES/WS_Master_Thesis/install/kuka_resources/share/kuka_resources/package.bash'
[0.227s] INFO:colcon.colcon_core.shell:Creating package script '/home/maclab/Documents/ROS_WORKSPACES/WS_Master_Thesis/install/kuka_resources/share/kuka_resources/package.zsh'
[0.227s] Level 1:colcon.colcon_core.environment:create_file_with_runtime_dependencies(/home/maclab/Documents/ROS_WORKSPACES/WS_Master_Thesis/install/kuka_resources/share/colcon-core/packages/kuka_resources)
[0.228s] Level 1:colcon.colcon_core.environment:create_environment_scripts_only(kuka_resources)
[0.228s] Level 1:colcon.colcon_core.environment:checking '/home/maclab/Documents/ROS_WORKSPACES/WS_Master_Thesis/install/kuka_resources' for CMake module files
[0.228s] Level 1:colcon.colcon_core.environment:checking '/home/maclab/Documents/ROS_WORKSPACES/WS_Master_Thesis/install/kuka_resources' for CMake config files
[0.228s] Level 1:colcon.colcon_core.shell:create_environment_hook('kuka_resources', 'cmake_prefix_path')
[0.228s] INFO:colcon.colcon_core.shell:Creating environment hook '/home/maclab/Documents/ROS_WORKSPACES/WS_Master_Thesis/install/kuka_resources/share/kuka_resources/hook/cmake_prefix_path.ps1'
[0.228s] INFO:colcon.colcon_core.shell:Creating environment descriptor '/home/maclab/Documents/ROS_WORKSPACES/WS_Master_Thesis/install/kuka_resources/share/kuka_resources/hook/cmake_prefix_path.dsv'
[0.228s] INFO:colcon.colcon_core.shell:Creating environment hook '/home/maclab/Documents/ROS_WORKSPACES/WS_Master_Thesis/install/kuka_resources/share/kuka_resources/hook/cmake_prefix_path.sh'
[0.229s] Level 1:colcon.colcon_core.environment:checking '/home/maclab/Documents/ROS_WORKSPACES/WS_Master_Thesis/install/kuka_resources/bin'
[0.229s] Level 1:colcon.colcon_core.environment:checking '/home/maclab/Documents/ROS_WORKSPACES/WS_Master_Thesis/install/kuka_resources/lib/pkgconfig/kuka_resources.pc'
[0.229s] Level 1:colcon.colcon_core.environment:checking '/home/maclab/Documents/ROS_WORKSPACES/WS_Master_Thesis/install/kuka_resources/lib/python3.10/site-packages'
[0.229s] Level 1:colcon.colcon_core.environment:checking '/home/maclab/Documents/ROS_WORKSPACES/WS_Master_Thesis/install/kuka_resources/bin'
[0.229s] INFO:colcon.colcon_core.shell:Creating package script '/home/maclab/Documents/ROS_WORKSPACES/WS_Master_Thesis/install/kuka_resources/share/kuka_resources/package.ps1'
[0.229s] INFO:colcon.colcon_core.shell:Creating package descriptor '/home/maclab/Documents/ROS_WORKSPACES/WS_Master_Thesis/install/kuka_resources/share/kuka_resources/package.dsv'
[0.230s] INFO:colcon.colcon_core.shell:Creating package script '/home/maclab/Documents/ROS_WORKSPACES/WS_Master_Thesis/install/kuka_resources/share/kuka_resources/package.sh'
[0.230s] INFO:colcon.colcon_core.shell:Creating package script '/home/maclab/Documents/ROS_WORKSPACES/WS_Master_Thesis/install/kuka_resources/share/kuka_resources/package.bash'
[0.230s] INFO:colcon.colcon_core.shell:Creating package script '/home/maclab/Documents/ROS_WORKSPACES/WS_Master_Thesis/install/kuka_resources/share/kuka_resources/package.zsh'
[0.230s] Level 1:colcon.colcon_core.environment:create_file_with_runtime_dependencies(/home/maclab/Documents/ROS_WORKSPACES/WS_Master_Thesis/install/kuka_resources/share/colcon-core/packages/kuka_resources)
[0.231s] Level 1:colcon.colcon_core.environment:create_environment_scripts_only(kuka_150_3100_description)
[0.231s] DEBUG:colcon.colcon_core.event_handler.log_command:Invoked command in '/home/maclab/Documents/ROS_WORKSPACES/WS_Master_Thesis/build/kuka_150_3100_description' returned '0': CMAKE_PREFIX_PATH=/opt/ros/humble /usr/bin/cmake --install /home/maclab/Documents/ROS_WORKSPACES/WS_Master_Thesis/build/kuka_150_3100_description
[0.232s] Level 1:colcon.colcon_core.environment:checking '/home/maclab/Documents/ROS_WORKSPACES/WS_Master_Thesis/install/kuka_150_3100_description' for CMake module files
[0.232s] Level 1:colcon.colcon_core.environment:checking '/home/maclab/Documents/ROS_WORKSPACES/WS_Master_Thesis/install/kuka_150_3100_description' for CMake config files
[0.232s] Level 1:colcon.colcon_core.shell:create_environment_hook('kuka_150_3100_description', 'cmake_prefix_path')
[0.232s] INFO:colcon.colcon_core.shell:Creating environment hook '/home/maclab/Documents/ROS_WORKSPACES/WS_Master_Thesis/install/kuka_150_3100_description/share/kuka_150_3100_description/hook/cmake_prefix_path.ps1'
[0.233s] INFO:colcon.colcon_core.shell:Creating environment descriptor '/home/maclab/Documents/ROS_WORKSPACES/WS_Master_Thesis/install/kuka_150_3100_description/share/kuka_150_3100_description/hook/cmake_prefix_path.dsv'
[0.233s] INFO:colcon.colcon_core.shell:Creating environment hook '/home/maclab/Documents/ROS_WORKSPACES/WS_Master_Thesis/install/kuka_150_3100_description/share/kuka_150_3100_description/hook/cmake_prefix_path.sh'
[0.233s] Level 1:colcon.colcon_core.environment:checking '/home/maclab/Documents/ROS_WORKSPACES/WS_Master_Thesis/install/kuka_150_3100_description/bin'
[0.233s] Level 1:colcon.colcon_core.environment:checking '/home/maclab/Documents/ROS_WORKSPACES/WS_Master_Thesis/install/kuka_150_3100_description/lib/pkgconfig/kuka_150_3100_description.pc'
[0.233s] Level 1:colcon.colcon_core.environment:checking '/home/maclab/Documents/ROS_WORKSPACES/WS_Master_Thesis/install/kuka_150_3100_description/lib/python3.10/site-packages'
[0.233s] Level 1:colcon.colcon_core.environment:checking '/home/maclab/Documents/ROS_WORKSPACES/WS_Master_Thesis/install/kuka_150_3100_description/bin'
[0.233s] INFO:colcon.colcon_core.shell:Creating package script '/home/maclab/Documents/ROS_WORKSPACES/WS_Master_Thesis/install/kuka_150_3100_description/share/kuka_150_3100_description/package.ps1'
[0.234s] INFO:colcon.colcon_core.shell:Creating package descriptor '/home/maclab/Documents/ROS_WORKSPACES/WS_Master_Thesis/install/kuka_150_3100_description/share/kuka_150_3100_description/package.dsv'
[0.234s] INFO:colcon.colcon_core.shell:Creating package script '/home/maclab/Documents/ROS_WORKSPACES/WS_Master_Thesis/install/kuka_150_3100_description/share/kuka_150_3100_description/package.sh'
[0.234s] INFO:colcon.colcon_core.shell:Creating package script '/home/maclab/Documents/ROS_WORKSPACES/WS_Master_Thesis/install/kuka_150_3100_description/share/kuka_150_3100_description/package.bash'
[0.234s] INFO:colcon.colcon_core.shell:Creating package script '/home/maclab/Documents/ROS_WORKSPACES/WS_Master_Thesis/install/kuka_150_3100_description/share/kuka_150_3100_description/package.zsh'
[0.234s] Level 1:colcon.colcon_core.environment:create_file_with_runtime_dependencies(/home/maclab/Documents/ROS_WORKSPACES/WS_Master_Thesis/install/kuka_150_3100_description/share/colcon-core/packages/kuka_150_3100_description)
[0.234s] Level 1:colcon.colcon_core.environment:create_environment_scripts_only(kuka_150_3100_description)
[0.234s] Level 1:colcon.colcon_core.environment:checking '/home/maclab/Documents/ROS_WORKSPACES/WS_Master_Thesis/install/kuka_150_3100_description' for CMake module files
[0.235s] Level 1:colcon.colcon_core.environment:checking '/home/maclab/Documents/ROS_WORKSPACES/WS_Master_Thesis/install/kuka_150_3100_description' for CMake config files
[0.235s] Level 1:colcon.colcon_core.shell:create_environment_hook('kuka_150_3100_description', 'cmake_prefix_path')
[0.235s] INFO:colcon.colcon_core.shell:Creating environment hook '/home/maclab/Documents/ROS_WORKSPACES/WS_Master_Thesis/install/kuka_150_3100_description/share/kuka_150_3100_description/hook/cmake_prefix_path.ps1'
[0.235s] INFO:colcon.colcon_core.shell:Creating environment descriptor '/home/maclab/Documents/ROS_WORKSPACES/WS_Master_Thesis/install/kuka_150_3100_description/share/kuka_150_3100_description/hook/cmake_prefix_path.dsv'
[0.235s] INFO:colcon.colcon_core.shell:Creating environment hook '/home/maclab/Documents/ROS_WORKSPACES/WS_Master_Thesis/install/kuka_150_3100_description/share/kuka_150_3100_description/hook/cmake_prefix_path.sh'
[0.235s] Level 1:colcon.colcon_core.environment:checking '/home/maclab/Documents/ROS_WORKSPACES/WS_Master_Thesis/install/kuka_150_3100_description/bin'
[0.235s] Level 1:colcon.colcon_core.environment:checking '/home/maclab/Documents/ROS_WORKSPACES/WS_Master_Thesis/install/kuka_150_3100_description/lib/pkgconfig/kuka_150_3100_description.pc'
[0.235s] Level 1:colcon.colcon_core.environment:checking '/home/maclab/Documents/ROS_WORKSPACES/WS_Master_Thesis/install/kuka_150_3100_description/lib/python3.10/site-packages'
[0.235s] Level 1:colcon.colcon_core.environment:checking '/home/maclab/Documents/ROS_WORKSPACES/WS_Master_Thesis/install/kuka_150_3100_description/bin'
[0.236s] INFO:colcon.colcon_core.shell:Creating package script '/home/maclab/Documents/ROS_WORKSPACES/WS_Master_Thesis/install/kuka_150_3100_description/share/kuka_150_3100_description/package.ps1'
[0.236s] INFO:colcon.colcon_core.shell:Creating package descriptor '/home/maclab/Documents/ROS_WORKSPACES/WS_Master_Thesis/install/kuka_150_3100_description/share/kuka_150_3100_description/package.dsv'
[0.236s] INFO:colcon.colcon_core.shell:Creating package script '/home/maclab/Documents/ROS_WORKSPACES/WS_Master_Thesis/install/kuka_150_3100_description/share/kuka_150_3100_description/package.sh'
[0.236s] INFO:colcon.colcon_core.shell:Creating package script '/home/maclab/Documents/ROS_WORKSPACES/WS_Master_Thesis/install/kuka_150_3100_description/share/kuka_150_3100_description/package.bash'
[0.236s] INFO:colcon.colcon_core.shell:Creating package script '/home/maclab/Documents/ROS_WORKSPACES/WS_Master_Thesis/install/kuka_150_3100_description/share/kuka_150_3100_description/package.zsh'
[0.236s] Level 1:colcon.colcon_core.environment:create_file_with_runtime_dependencies(/home/maclab/Documents/ROS_WORKSPACES/WS_Master_Thesis/install/kuka_150_3100_description/share/colcon-core/packages/kuka_150_3100_description)
[0.236s] Level 1:colcon.colcon_core.environment:create_environment_scripts_only(uc1_robots_description)
[0.237s] Level 1:colcon.colcon_core.environment:checking '/home/maclab/Documents/ROS_WORKSPACES/WS_Master_Thesis/install/uc1_robots_description' for CMake module files
[0.237s] DEBUG:colcon.colcon_core.event_handler.log_command:Invoked command in '/home/maclab/Documents/ROS_WORKSPACES/WS_Master_Thesis/build/uc1_robots_description' returned '0': CMAKE_PREFIX_PATH=/opt/ros/humble /usr/bin/cmake --install /home/maclab/Documents/ROS_WORKSPACES/WS_Master_Thesis/build/uc1_robots_description
[0.237s] Level 1:colcon.colcon_core.environment:checking '/home/maclab/Documents/ROS_WORKSPACES/WS_Master_Thesis/install/uc1_robots_description' for CMake config files
[0.237s] Level 1:colcon.colcon_core.shell:create_environment_hook('uc1_robots_description', 'cmake_prefix_path')
[0.237s] INFO:colcon.colcon_core.shell:Creating environment hook '/home/maclab/Documents/ROS_WORKSPACES/WS_Master_Thesis/install/uc1_robots_description/share/uc1_robots_description/hook/cmake_prefix_path.ps1'
[0.237s] INFO:colcon.colcon_core.shell:Creating environment descriptor '/home/maclab/Documents/ROS_WORKSPACES/WS_Master_Thesis/install/uc1_robots_description/share/uc1_robots_description/hook/cmake_prefix_path.dsv'
[0.238s] INFO:colcon.colcon_core.shell:Creating environment hook '/home/maclab/Documents/ROS_WORKSPACES/WS_Master_Thesis/install/uc1_robots_description/share/uc1_robots_description/hook/cmake_prefix_path.sh'
[0.238s] Level 1:colcon.colcon_core.environment:checking '/home/maclab/Documents/ROS_WORKSPACES/WS_Master_Thesis/install/uc1_robots_description/bin'
[0.238s] Level 1:colcon.colcon_core.environment:checking '/home/maclab/Documents/ROS_WORKSPACES/WS_Master_Thesis/install/uc1_robots_description/lib/pkgconfig/uc1_robots_description.pc'
[0.238s] Level 1:colcon.colcon_core.environment:checking '/home/maclab/Documents/ROS_WORKSPACES/WS_Master_Thesis/install/uc1_robots_description/lib/python3.10/site-packages'
[0.238s] Level 1:colcon.colcon_core.environment:checking '/home/maclab/Documents/ROS_WORKSPACES/WS_Master_Thesis/install/uc1_robots_description/bin'
[0.238s] INFO:colcon.colcon_core.shell:Creating package script '/home/maclab/Documents/ROS_WORKSPACES/WS_Master_Thesis/install/uc1_robots_description/share/uc1_robots_description/package.ps1'
[0.238s] INFO:colcon.colcon_core.shell:Creating package descriptor '/home/maclab/Documents/ROS_WORKSPACES/WS_Master_Thesis/install/uc1_robots_description/share/uc1_robots_description/package.dsv'
[0.239s] INFO:colcon.colcon_core.shell:Creating package script '/home/maclab/Documents/ROS_WORKSPACES/WS_Master_Thesis/install/uc1_robots_description/share/uc1_robots_description/package.sh'
[0.239s] INFO:colcon.colcon_core.shell:Creating package script '/home/maclab/Documents/ROS_WORKSPACES/WS_Master_Thesis/install/uc1_robots_description/share/uc1_robots_description/package.bash'
[0.239s] INFO:colcon.colcon_core.shell:Creating package script '/home/maclab/Documents/ROS_WORKSPACES/WS_Master_Thesis/install/uc1_robots_description/share/uc1_robots_description/package.zsh'
[0.239s] Level 1:colcon.colcon_core.environment:create_file_with_runtime_dependencies(/home/maclab/Documents/ROS_WORKSPACES/WS_Master_Thesis/install/uc1_robots_description/share/colcon-core/packages/uc1_robots_description)
[0.239s] Level 1:colcon.colcon_core.environment:create_environment_scripts_only(uc1_robots_description)
[0.239s] Level 1:colcon.colcon_core.environment:checking '/home/maclab/Documents/ROS_WORKSPACES/WS_Master_Thesis/install/uc1_robots_description' for CMake module files
[0.240s] Level 1:colcon.colcon_core.environment:checking '/home/maclab/Documents/ROS_WORKSPACES/WS_Master_Thesis/install/uc1_robots_description' for CMake config files
[0.240s] Level 1:colcon.colcon_core.shell:create_environment_hook('uc1_robots_description', 'cmake_prefix_path')
[0.240s] INFO:colcon.colcon_core.shell:Creating environment hook '/home/maclab/Documents/ROS_WORKSPACES/WS_Master_Thesis/install/uc1_robots_description/share/uc1_robots_description/hook/cmake_prefix_path.ps1'
[0.240s] INFO:colcon.colcon_core.shell:Creating environment descriptor '/home/maclab/Documents/ROS_WORKSPACES/WS_Master_Thesis/install/uc1_robots_description/share/uc1_robots_description/hook/cmake_prefix_path.dsv'
[0.240s] INFO:colcon.colcon_core.shell:Creating environment hook '/home/maclab/Documents/ROS_WORKSPACES/WS_Master_Thesis/install/uc1_robots_description/share/uc1_robots_description/hook/cmake_prefix_path.sh'
[0.240s] Level 1:colcon.colcon_core.environment:checking '/home/maclab/Documents/ROS_WORKSPACES/WS_Master_Thesis/install/uc1_robots_description/bin'
[0.240s] Level 1:colcon.colcon_core.environment:checking '/home/maclab/Documents/ROS_WORKSPACES/WS_Master_Thesis/install/uc1_robots_description/lib/pkgconfig/uc1_robots_description.pc'
[0.240s] Level 1:colcon.colcon_core.environment:checking '/home/maclab/Documents/ROS_WORKSPACES/WS_Master_Thesis/install/uc1_robots_description/lib/python3.10/site-packages'
[0.240s] Level 1:colcon.colcon_core.environment:checking '/home/maclab/Documents/ROS_WORKSPACES/WS_Master_Thesis/install/uc1_robots_description/bin'
[0.241s] INFO:colcon.colcon_core.shell:Creating package script '/home/maclab/Documents/ROS_WORKSPACES/WS_Master_Thesis/install/uc1_robots_description/share/uc1_robots_description/package.ps1'
[0.241s] INFO:colcon.colcon_core.shell:Creating package descriptor '/home/maclab/Documents/ROS_WORKSPACES/WS_Master_Thesis/install/uc1_robots_description/share/uc1_robots_description/package.dsv'
[0.241s] INFO:colcon.colcon_core.shell:Creating package script '/home/maclab/Documents/ROS_WORKSPACES/WS_Master_Thesis/install/uc1_robots_description/share/uc1_robots_description/package.sh'
[0.241s] INFO:colcon.colcon_core.shell:Creating package script '/home/maclab/Documents/ROS_WORKSPACES/WS_Master_Thesis/install/uc1_robots_description/share/uc1_robots_description/package.bash'
[0.241s] INFO:colcon.colcon_core.shell:Creating package script '/home/maclab/Documents/ROS_WORKSPACES/WS_Master_Thesis/install/uc1_robots_description/share/uc1_robots_description/package.zsh'
[0.241s] Level 1:colcon.colcon_core.environment:create_file_with_runtime_dependencies(/home/maclab/Documents/ROS_WORKSPACES/WS_Master_Thesis/install/uc1_robots_description/share/colcon-core/packages/uc1_robots_description)
[0.242s] DEBUG:colcon.colcon_core.event_handler.log_command:Invoked command in '/home/maclab/Documents/ROS_WORKSPACES/WS_Master_Thesis/build/keyboard_publisher_pkg' returned '0': CMAKE_PREFIX_PATH=/opt/ros/humble /usr/bin/cmake --build /home/maclab/Documents/ROS_WORKSPACES/WS_Master_Thesis/build/keyboard_publisher_pkg -- -j32 -l32
[0.242s] DEBUG:colcon.colcon_core.event_handler.log_command:Invoking command in '/home/maclab/Documents/ROS_WORKSPACES/WS_Master_Thesis/build/keyboard_publisher_pkg': CMAKE_PREFIX_PATH=/opt/ros/humble /usr/bin/cmake --install /home/maclab/Documents/ROS_WORKSPACES/WS_Master_Thesis/build/keyboard_publisher_pkg
[0.244s] DEBUG:colcon.colcon_core.event_handler.log_command:Invoked command in '/home/maclab/Documents/ROS_WORKSPACES/WS_Master_Thesis/build/environment_pointcloud_processing' returned '0': CMAKE_PREFIX_PATH=/opt/ros/humble /usr/bin/cmake --build /home/maclab/Documents/ROS_WORKSPACES/WS_Master_Thesis/build/environment_pointcloud_processing -- -j32 -l32
[0.247s] DEBUG:colcon.colcon_core.event_handler.log_command:Invoking command in '/home/maclab/Documents/ROS_WORKSPACES/WS_Master_Thesis/build/environment_pointcloud_processing': CMAKE_PREFIX_PATH=/opt/ros/humble /usr/bin/cmake --install /home/maclab/Documents/ROS_WORKSPACES/WS_Master_Thesis/build/environment_pointcloud_processing
[0.248s] DEBUG:colcon.colcon_core.event_handler.log_command:Invoked command in '/home/maclab/Documents/ROS_WORKSPACES/WS_Master_Thesis/build/ur_admittance_controller' returned '0': CMAKE_PREFIX_PATH=/opt/ros/humble /usr/bin/cmake --build /home/maclab/Documents/ROS_WORKSPACES/WS_Master_Thesis/build/ur_admittance_controller -- -j32 -l32
[0.248s] DEBUG:colcon.colcon_core.event_handler.log_command:Invoking command in '/home/maclab/Documents/ROS_WORKSPACES/WS_Master_Thesis/build/ur_admittance_controller': CMAKE_PREFIX_PATH=/opt/ros/humble /usr/bin/cmake --install /home/maclab/Documents/ROS_WORKSPACES/WS_Master_Thesis/build/ur_admittance_controller
[0.249s] DEBUG:colcon.colcon_core.event_handler.log_command:Invoked command in '/home/maclab/Documents/ROS_WORKSPACES/WS_Master_Thesis/build/rsp_uc1' returned '0': CMAKE_PREFIX_PATH=/opt/ros/humble /usr/bin/cmake --build /home/maclab/Documents/ROS_WORKSPACES/WS_Master_Thesis/build/rsp_uc1 -- -j32 -l32
[0.250s] DEBUG:colcon.colcon_core.event_handler.log_command:Invoking command in '/home/maclab/Documents/ROS_WORKSPACES/WS_Master_Thesis/build/rsp_uc1': CMAKE_PREFIX_PATH=/opt/ros/humble /usr/bin/cmake --install /home/maclab/Documents/ROS_WORKSPACES/WS_Master_Thesis/build/rsp_uc1
[0.254s] Level 1:colcon.colcon_core.environment:create_environment_scripts_only(environment_pointcloud_processing)
[0.254s] Level 1:colcon.colcon_core.environment:checking '/home/maclab/Documents/ROS_WORKSPACES/WS_Master_Thesis/install/environment_pointcloud_processing' for CMake module files
[0.255s] Level 1:colcon.colcon_core.environment:checking '/home/maclab/Documents/ROS_WORKSPACES/WS_Master_Thesis/install/environment_pointcloud_processing' for CMake config files
[0.255s] Level 1:colcon.colcon_core.shell:create_environment_hook('environment_pointcloud_processing', 'cmake_prefix_path')
[0.255s] INFO:colcon.colcon_core.shell:Creating environment hook '/home/maclab/Documents/ROS_WORKSPACES/WS_Master_Thesis/install/environment_pointcloud_processing/share/environment_pointcloud_processing/hook/cmake_prefix_path.ps1'
[0.256s] INFO:colcon.colcon_core.shell:Creating environment descriptor '/home/maclab/Documents/ROS_WORKSPACES/WS_Master_Thesis/install/environment_pointcloud_processing/share/environment_pointcloud_processing/hook/cmake_prefix_path.dsv'
[0.256s] DEBUG:colcon.colcon_core.event_handler.log_command:Invoked command in '/home/maclab/Documents/ROS_WORKSPACES/WS_Master_Thesis/build/environment_pointcloud_processing' returned '0': CMAKE_PREFIX_PATH=/opt/ros/humble /usr/bin/cmake --install /home/maclab/Documents/ROS_WORKSPACES/WS_Master_Thesis/build/environment_pointcloud_processing
[0.256s] INFO:colcon.colcon_core.shell:Creating environment hook '/home/maclab/Documents/ROS_WORKSPACES/WS_Master_Thesis/install/environment_pointcloud_processing/share/environment_pointcloud_processing/hook/cmake_prefix_path.sh'
[0.258s] Level 1:colcon.colcon_core.environment:checking '/home/maclab/Documents/ROS_WORKSPACES/WS_Master_Thesis/install/environment_pointcloud_processing/lib'
[0.259s] Level 1:colcon.colcon_core.environment:checking '/home/maclab/Documents/ROS_WORKSPACES/WS_Master_Thesis/install/environment_pointcloud_processing/bin'
[0.259s] Level 1:colcon.colcon_core.environment:checking '/home/maclab/Documents/ROS_WORKSPACES/WS_Master_Thesis/install/environment_pointcloud_processing/lib/pkgconfig/environment_pointcloud_processing.pc'
[0.259s] Level 1:colcon.colcon_core.environment:checking '/home/maclab/Documents/ROS_WORKSPACES/WS_Master_Thesis/install/environment_pointcloud_processing/lib/python3.10/site-packages'
[0.259s] Level 1:colcon.colcon_core.environment:checking '/home/maclab/Documents/ROS_WORKSPACES/WS_Master_Thesis/install/environment_pointcloud_processing/bin'
[0.259s] INFO:colcon.colcon_core.shell:Creating package script '/home/maclab/Documents/ROS_WORKSPACES/WS_Master_Thesis/install/environment_pointcloud_processing/share/environment_pointcloud_processing/package.ps1'
[0.260s] INFO:colcon.colcon_core.shell:Creating package descriptor '/home/maclab/Documents/ROS_WORKSPACES/WS_Master_Thesis/install/environment_pointcloud_processing/share/environment_pointcloud_processing/package.dsv'
[0.260s] INFO:colcon.colcon_core.shell:Creating package script '/home/maclab/Documents/ROS_WORKSPACES/WS_Master_Thesis/install/environment_pointcloud_processing/share/environment_pointcloud_processing/package.sh'
[0.260s] INFO:colcon.colcon_core.shell:Creating package script '/home/maclab/Documents/ROS_WORKSPACES/WS_Master_Thesis/install/environment_pointcloud_processing/share/environment_pointcloud_processing/package.bash'
[0.261s] INFO:colcon.colcon_core.shell:Creating package script '/home/maclab/Documents/ROS_WORKSPACES/WS_Master_Thesis/install/environment_pointcloud_processing/share/environment_pointcloud_processing/package.zsh'
[0.261s] Level 1:colcon.colcon_core.environment:create_file_with_runtime_dependencies(/home/maclab/Documents/ROS_WORKSPACES/WS_Master_Thesis/install/environment_pointcloud_processing/share/colcon-core/packages/environment_pointcloud_processing)
[0.261s] Level 1:colcon.colcon_core.environment:create_environment_scripts_only(environment_pointcloud_processing)
[0.261s] Level 1:colcon.colcon_core.environment:checking '/home/maclab/Documents/ROS_WORKSPACES/WS_Master_Thesis/install/environment_pointcloud_processing' for CMake module files
[0.262s] Level 1:colcon.colcon_core.environment:checking '/home/maclab/Documents/ROS_WORKSPACES/WS_Master_Thesis/install/environment_pointcloud_processing' for CMake config files
[0.262s] Level 1:colcon.colcon_core.shell:create_environment_hook('environment_pointcloud_processing', 'cmake_prefix_path')
[0.262s] INFO:colcon.colcon_core.shell:Creating environment hook '/home/maclab/Documents/ROS_WORKSPACES/WS_Master_Thesis/install/environment_pointcloud_processing/share/environment_pointcloud_processing/hook/cmake_prefix_path.ps1'
[0.262s] INFO:colcon.colcon_core.shell:Creating environment descriptor '/home/maclab/Documents/ROS_WORKSPACES/WS_Master_Thesis/install/environment_pointcloud_processing/share/environment_pointcloud_processing/hook/cmake_prefix_path.dsv'
[0.263s] INFO:colcon.colcon_core.shell:Creating environment hook '/home/maclab/Documents/ROS_WORKSPACES/WS_Master_Thesis/install/environment_pointcloud_processing/share/environment_pointcloud_processing/hook/cmake_prefix_path.sh'
[0.263s] Level 1:colcon.colcon_core.environment:checking '/home/maclab/Documents/ROS_WORKSPACES/WS_Master_Thesis/install/environment_pointcloud_processing/lib'
[0.263s] Level 1:colcon.colcon_core.environment:checking '/home/maclab/Documents/ROS_WORKSPACES/WS_Master_Thesis/install/environment_pointcloud_processing/bin'
[0.263s] Level 1:colcon.colcon_core.environment:checking '/home/maclab/Documents/ROS_WORKSPACES/WS_Master_Thesis/install/environment_pointcloud_processing/lib/pkgconfig/environment_pointcloud_processing.pc'
[0.263s] Level 1:colcon.colcon_core.environment:checking '/home/maclab/Documents/ROS_WORKSPACES/WS_Master_Thesis/install/environment_pointcloud_processing/lib/python3.10/site-packages'
[0.264s] Level 1:colcon.colcon_core.environment:checking '/home/maclab/Documents/ROS_WORKSPACES/WS_Master_Thesis/install/environment_pointcloud_processing/bin'
[0.264s] INFO:colcon.colcon_core.shell:Creating package script '/home/maclab/Documents/ROS_WORKSPACES/WS_Master_Thesis/install/environment_pointcloud_processing/share/environment_pointcloud_processing/package.ps1'
[0.264s] INFO:colcon.colcon_core.shell:Creating package descriptor '/home/maclab/Documents/ROS_WORKSPACES/WS_Master_Thesis/install/environment_pointcloud_processing/share/environment_pointcloud_processing/package.dsv'
[0.265s] INFO:colcon.colcon_core.shell:Creating package script '/home/maclab/Documents/ROS_WORKSPACES/WS_Master_Thesis/install/environment_pointcloud_processing/share/environment_pointcloud_processing/package.sh'
[0.265s] INFO:colcon.colcon_core.shell:Creating package script '/home/maclab/Documents/ROS_WORKSPACES/WS_Master_Thesis/install/environment_pointcloud_processing/share/environment_pointcloud_processing/package.bash'
[0.265s] INFO:colcon.colcon_core.shell:Creating package script '/home/maclab/Documents/ROS_WORKSPACES/WS_Master_Thesis/install/environment_pointcloud_processing/share/environment_pointcloud_processing/package.zsh'
[0.266s] Level 1:colcon.colcon_core.environment:create_file_with_runtime_dependencies(/home/maclab/Documents/ROS_WORKSPACES/WS_Master_Thesis/install/environment_pointcloud_processing/share/colcon-core/packages/environment_pointcloud_processing)
[0.266s] Level 1:colcon.colcon_core.environment:create_environment_scripts_only(keyboard_publisher_pkg)
[0.266s] Level 1:colcon.colcon_core.environment:checking '/home/maclab/Documents/ROS_WORKSPACES/WS_Master_Thesis/install/keyboard_publisher_pkg' for CMake module files
[0.266s] Level 1:colcon.colcon_core.environment:checking '/home/maclab/Documents/ROS_WORKSPACES/WS_Master_Thesis/install/keyboard_publisher_pkg' for CMake config files
[0.267s] Level 1:colcon.colcon_core.shell:create_environment_hook('keyboard_publisher_pkg', 'cmake_prefix_path')
[0.267s] INFO:colcon.colcon_core.shell:Creating environment hook '/home/maclab/Documents/ROS_WORKSPACES/WS_Master_Thesis/install/keyboard_publisher_pkg/share/keyboard_publisher_pkg/hook/cmake_prefix_path.ps1'
[0.267s] INFO:colcon.colcon_core.shell:Creating environment descriptor '/home/maclab/Documents/ROS_WORKSPACES/WS_Master_Thesis/install/keyboard_publisher_pkg/share/keyboard_publisher_pkg/hook/cmake_prefix_path.dsv'
[0.267s] DEBUG:colcon.colcon_core.event_handler.log_command:Invoked command in '/home/maclab/Documents/ROS_WORKSPACES/WS_Master_Thesis/build/keyboard_publisher_pkg' returned '0': CMAKE_PREFIX_PATH=/opt/ros/humble /usr/bin/cmake --install /home/maclab/Documents/ROS_WORKSPACES/WS_Master_Thesis/build/keyboard_publisher_pkg
[0.268s] INFO:colcon.colcon_core.shell:Creating environment hook '/home/maclab/Documents/ROS_WORKSPACES/WS_Master_Thesis/install/keyboard_publisher_pkg/share/keyboard_publisher_pkg/hook/cmake_prefix_path.sh'
[0.268s] Level 1:colcon.colcon_core.environment:checking '/home/maclab/Documents/ROS_WORKSPACES/WS_Master_Thesis/install/keyboard_publisher_pkg/lib'
[0.268s] Level 1:colcon.colcon_core.environment:checking '/home/maclab/Documents/ROS_WORKSPACES/WS_Master_Thesis/install/keyboard_publisher_pkg/bin'
[0.268s] Level 1:colcon.colcon_core.environment:checking '/home/maclab/Documents/ROS_WORKSPACES/WS_Master_Thesis/install/keyboard_publisher_pkg/lib/pkgconfig/keyboard_publisher_pkg.pc'
[0.269s] Level 1:colcon.colcon_core.environment:checking '/home/maclab/Documents/ROS_WORKSPACES/WS_Master_Thesis/install/keyboard_publisher_pkg/lib/python3.10/site-packages'
[0.269s] Level 1:colcon.colcon_core.environment:checking '/home/maclab/Documents/ROS_WORKSPACES/WS_Master_Thesis/install/keyboard_publisher_pkg/bin'
[0.269s] INFO:colcon.colcon_core.shell:Creating package script '/home/maclab/Documents/ROS_WORKSPACES/WS_Master_Thesis/install/keyboard_publisher_pkg/share/keyboard_publisher_pkg/package.ps1'
[0.269s] INFO:colcon.colcon_core.shell:Creating package descriptor '/home/maclab/Documents/ROS_WORKSPACES/WS_Master_Thesis/install/keyboard_publisher_pkg/share/keyboard_publisher_pkg/package.dsv'
[0.270s] INFO:colcon.colcon_core.shell:Creating package script '/home/maclab/Documents/ROS_WORKSPACES/WS_Master_Thesis/install/keyboard_publisher_pkg/share/keyboard_publisher_pkg/package.sh'
[0.270s] INFO:colcon.colcon_core.shell:Creating package script '/home/maclab/Documents/ROS_WORKSPACES/WS_Master_Thesis/install/keyboard_publisher_pkg/share/keyboard_publisher_pkg/package.bash'
[0.270s] INFO:colcon.colcon_core.shell:Creating package script '/home/maclab/Documents/ROS_WORKSPACES/WS_Master_Thesis/install/keyboard_publisher_pkg/share/keyboard_publisher_pkg/package.zsh'
[0.270s] Level 1:colcon.colcon_core.environment:create_file_with_runtime_dependencies(/home/maclab/Documents/ROS_WORKSPACES/WS_Master_Thesis/install/keyboard_publisher_pkg/share/colcon-core/packages/keyboard_publisher_pkg)
[0.271s] Level 1:colcon.colcon_core.environment:create_environment_scripts_only(keyboard_publisher_pkg)
[0.271s] Level 1:colcon.colcon_core.environment:checking '/home/maclab/Documents/ROS_WORKSPACES/WS_Master_Thesis/install/keyboard_publisher_pkg' for CMake module files
[0.271s] Level 1:colcon.colcon_core.environment:checking '/home/maclab/Documents/ROS_WORKSPACES/WS_Master_Thesis/install/keyboard_publisher_pkg' for CMake config files
[0.271s] Level 1:colcon.colcon_core.shell:create_environment_hook('keyboard_publisher_pkg', 'cmake_prefix_path')
[0.272s] INFO:colcon.colcon_core.shell:Creating environment hook '/home/maclab/Documents/ROS_WORKSPACES/WS_Master_Thesis/install/keyboard_publisher_pkg/share/keyboard_publisher_pkg/hook/cmake_prefix_path.ps1'
[0.272s] INFO:colcon.colcon_core.shell:Creating environment descriptor '/home/maclab/Documents/ROS_WORKSPACES/WS_Master_Thesis/install/keyboard_publisher_pkg/share/keyboard_publisher_pkg/hook/cmake_prefix_path.dsv'
[0.272s] INFO:colcon.colcon_core.shell:Creating environment hook '/home/maclab/Documents/ROS_WORKSPACES/WS_Master_Thesis/install/keyboard_publisher_pkg/share/keyboard_publisher_pkg/hook/cmake_prefix_path.sh'
[0.272s] Level 1:colcon.colcon_core.environment:checking '/home/maclab/Documents/ROS_WORKSPACES/WS_Master_Thesis/install/keyboard_publisher_pkg/lib'
[0.272s] Level 1:colcon.colcon_core.environment:checking '/home/maclab/Documents/ROS_WORKSPACES/WS_Master_Thesis/install/keyboard_publisher_pkg/bin'
[0.272s] Level 1:colcon.colcon_core.environment:checking '/home/maclab/Documents/ROS_WORKSPACES/WS_Master_Thesis/install/keyboard_publisher_pkg/lib/pkgconfig/keyboard_publisher_pkg.pc'
[0.273s] Level 1:colcon.colcon_core.environment:checking '/home/maclab/Documents/ROS_WORKSPACES/WS_Master_Thesis/install/keyboard_publisher_pkg/lib/python3.10/site-packages'
[0.273s] Level 1:colcon.colcon_core.environment:checking '/home/maclab/Documents/ROS_WORKSPACES/WS_Master_Thesis/install/keyboard_publisher_pkg/bin'
[0.273s] INFO:colcon.colcon_core.shell:Creating package script '/home/maclab/Documents/ROS_WORKSPACES/WS_Master_Thesis/install/keyboard_publisher_pkg/share/keyboard_publisher_pkg/package.ps1'
[0.273s] INFO:colcon.colcon_core.shell:Creating package descriptor '/home/maclab/Documents/ROS_WORKSPACES/WS_Master_Thesis/install/keyboard_publisher_pkg/share/keyboard_publisher_pkg/package.dsv'
[0.274s] INFO:colcon.colcon_core.shell:Creating package script '/home/maclab/Documents/ROS_WORKSPACES/WS_Master_Thesis/install/keyboard_publisher_pkg/share/keyboard_publisher_pkg/package.sh'
[0.274s] INFO:colcon.colcon_core.shell:Creating package script '/home/maclab/Documents/ROS_WORKSPACES/WS_Master_Thesis/install/keyboard_publisher_pkg/share/keyboard_publisher_pkg/package.bash'
[0.274s] INFO:colcon.colcon_core.shell:Creating package script '/home/maclab/Documents/ROS_WORKSPACES/WS_Master_Thesis/install/keyboard_publisher_pkg/share/keyboard_publisher_pkg/package.zsh'
[0.274s] Level 1:colcon.colcon_core.environment:create_file_with_runtime_dependencies(/home/maclab/Documents/ROS_WORKSPACES/WS_Master_Thesis/install/keyboard_publisher_pkg/share/colcon-core/packages/keyboard_publisher_pkg)
[0.274s] Level 1:colcon.colcon_core.environment:create_environment_scripts_only(ur_admittance_controller)
[0.274s] Level 1:colcon.colcon_core.environment:checking '/home/maclab/Documents/ROS_WORKSPACES/WS_Master_Thesis/install/ur_admittance_controller' for CMake module files
[0.275s] Level 1:colcon.colcon_core.environment:checking '/home/maclab/Documents/ROS_WORKSPACES/WS_Master_Thesis/install/ur_admittance_controller' for CMake config files
[0.275s] DEBUG:colcon.colcon_core.event_handler.log_command:Invoked command in '/home/maclab/Documents/ROS_WORKSPACES/WS_Master_Thesis/build/ur_admittance_controller' returned '0': CMAKE_PREFIX_PATH=/opt/ros/humble /usr/bin/cmake --install /home/maclab/Documents/ROS_WORKSPACES/WS_Master_Thesis/build/ur_admittance_controller
[0.275s] Level 1:colcon.colcon_core.shell:create_environment_hook('ur_admittance_controller', 'cmake_prefix_path')
[0.275s] INFO:colcon.colcon_core.shell:Creating environment hook '/home/maclab/Documents/ROS_WORKSPACES/WS_Master_Thesis/install/ur_admittance_controller/share/ur_admittance_controller/hook/cmake_prefix_path.ps1'
[0.275s] INFO:colcon.colcon_core.shell:Creating environment descriptor '/home/maclab/Documents/ROS_WORKSPACES/WS_Master_Thesis/install/ur_admittance_controller/share/ur_admittance_controller/hook/cmake_prefix_path.dsv'
[0.275s] INFO:colcon.colcon_core.shell:Creating environment hook '/home/maclab/Documents/ROS_WORKSPACES/WS_Master_Thesis/install/ur_admittance_controller/share/ur_admittance_controller/hook/cmake_prefix_path.sh'
[0.276s] Level 1:colcon.colcon_core.environment:checking '/home/maclab/Documents/ROS_WORKSPACES/WS_Master_Thesis/install/ur_admittance_controller/lib'
[0.276s] Level 1:colcon.colcon_core.environment:checking '/home/maclab/Documents/ROS_WORKSPACES/WS_Master_Thesis/install/ur_admittance_controller/bin'
[0.276s] Level 1:colcon.colcon_core.environment:checking '/home/maclab/Documents/ROS_WORKSPACES/WS_Master_Thesis/install/ur_admittance_controller/lib/pkgconfig/ur_admittance_controller.pc'
[0.276s] Level 1:colcon.colcon_core.environment:checking '/home/maclab/Documents/ROS_WORKSPACES/WS_Master_Thesis/install/ur_admittance_controller/lib/python3.10/site-packages'
[0.276s] Level 1:colcon.colcon_core.environment:checking '/home/maclab/Documents/ROS_WORKSPACES/WS_Master_Thesis/install/ur_admittance_controller/bin'
[0.276s] INFO:colcon.colcon_core.shell:Creating package script '/home/maclab/Documents/ROS_WORKSPACES/WS_Master_Thesis/install/ur_admittance_controller/share/ur_admittance_controller/package.ps1'
[0.276s] INFO:colcon.colcon_core.shell:Creating package descriptor '/home/maclab/Documents/ROS_WORKSPACES/WS_Master_Thesis/install/ur_admittance_controller/share/ur_admittance_controller/package.dsv'
[0.276s] INFO:colcon.colcon_core.shell:Creating package script '/home/maclab/Documents/ROS_WORKSPACES/WS_Master_Thesis/install/ur_admittance_controller/share/ur_admittance_controller/package.sh'
[0.276s] INFO:colcon.colcon_core.shell:Creating package script '/home/maclab/Documents/ROS_WORKSPACES/WS_Master_Thesis/install/ur_admittance_controller/share/ur_admittance_controller/package.bash'
[0.276s] INFO:colcon.colcon_core.shell:Creating package script '/home/maclab/Documents/ROS_WORKSPACES/WS_Master_Thesis/install/ur_admittance_controller/share/ur_admittance_controller/package.zsh'
[0.277s] Level 1:colcon.colcon_core.environment:create_file_with_runtime_dependencies(/home/maclab/Documents/ROS_WORKSPACES/WS_Master_Thesis/install/ur_admittance_controller/share/colcon-core/packages/ur_admittance_controller)
[0.277s] Level 1:colcon.colcon_core.environment:create_environment_scripts_only(ur_admittance_controller)
[0.277s] Level 1:colcon.colcon_core.environment:checking '/home/maclab/Documents/ROS_WORKSPACES/WS_Master_Thesis/install/ur_admittance_controller' for CMake module files
[0.277s] Level 1:colcon.colcon_core.environment:checking '/home/maclab/Documents/ROS_WORKSPACES/WS_Master_Thesis/install/ur_admittance_controller' for CMake config files
[0.277s] Level 1:colcon.colcon_core.shell:create_environment_hook('ur_admittance_controller', 'cmake_prefix_path')
[0.277s] INFO:colcon.colcon_core.shell:Creating environment hook '/home/maclab/Documents/ROS_WORKSPACES/WS_Master_Thesis/install/ur_admittance_controller/share/ur_admittance_controller/hook/cmake_prefix_path.ps1'
[0.277s] INFO:colcon.colcon_core.shell:Creating environment descriptor '/home/maclab/Documents/ROS_WORKSPACES/WS_Master_Thesis/install/ur_admittance_controller/share/ur_admittance_controller/hook/cmake_prefix_path.dsv'
[0.277s] INFO:colcon.colcon_core.shell:Creating environment hook '/home/maclab/Documents/ROS_WORKSPACES/WS_Master_Thesis/install/ur_admittance_controller/share/ur_admittance_controller/hook/cmake_prefix_path.sh'
[0.278s] Level 1:colcon.colcon_core.environment:checking '/home/maclab/Documents/ROS_WORKSPACES/WS_Master_Thesis/install/ur_admittance_controller/lib'
[0.278s] Level 1:colcon.colcon_core.environment:checking '/home/maclab/Documents/ROS_WORKSPACES/WS_Master_Thesis/install/ur_admittance_controller/bin'
[0.278s] Level 1:colcon.colcon_core.environment:checking '/home/maclab/Documents/ROS_WORKSPACES/WS_Master_Thesis/install/ur_admittance_controller/lib/pkgconfig/ur_admittance_controller.pc'
[0.278s] Level 1:colcon.colcon_core.environment:checking '/home/maclab/Documents/ROS_WORKSPACES/WS_Master_Thesis/install/ur_admittance_controller/lib/python3.10/site-packages'
[0.278s] Level 1:colcon.colcon_core.environment:checking '/home/maclab/Documents/ROS_WORKSPACES/WS_Master_Thesis/install/ur_admittance_controller/bin'
[0.278s] INFO:colcon.colcon_core.shell:Creating package script '/home/maclab/Documents/ROS_WORKSPACES/WS_Master_Thesis/install/ur_admittance_controller/share/ur_admittance_controller/package.ps1'
[0.278s] INFO:colcon.colcon_core.shell:Creating package descriptor '/home/maclab/Documents/ROS_WORKSPACES/WS_Master_Thesis/install/ur_admittance_controller/share/ur_admittance_controller/package.dsv'
[0.278s] INFO:colcon.colcon_core.shell:Creating package script '/home/maclab/Documents/ROS_WORKSPACES/WS_Master_Thesis/install/ur_admittance_controller/share/ur_admittance_controller/package.sh'
[0.278s] INFO:colcon.colcon_core.shell:Creating package script '/home/maclab/Documents/ROS_WORKSPACES/WS_Master_Thesis/install/ur_admittance_controller/share/ur_admittance_controller/package.bash'
[0.279s] INFO:colcon.colcon_core.shell:Creating package script '/home/maclab/Documents/ROS_WORKSPACES/WS_Master_Thesis/install/ur_admittance_controller/share/ur_admittance_controller/package.zsh'
[0.279s] Level 1:colcon.colcon_core.environment:create_file_with_runtime_dependencies(/home/maclab/Documents/ROS_WORKSPACES/WS_Master_Thesis/install/ur_admittance_controller/share/colcon-core/packages/ur_admittance_controller)
[0.279s] Level 1:colcon.colcon_core.environment:create_environment_scripts_only(rsp_uc1)
[0.279s] Level 1:colcon.colcon_core.environment:checking '/home/maclab/Documents/ROS_WORKSPACES/WS_Master_Thesis/install/rsp_uc1' for CMake module files
[0.280s] DEBUG:colcon.colcon_core.event_handler.log_command:Invoked command in '/home/maclab/Documents/ROS_WORKSPACES/WS_Master_Thesis/build/rsp_uc1' returned '0': CMAKE_PREFIX_PATH=/opt/ros/humble /usr/bin/cmake --install /home/maclab/Documents/ROS_WORKSPACES/WS_Master_Thesis/build/rsp_uc1
[0.280s] Level 1:colcon.colcon_core.environment:checking '/home/maclab/Documents/ROS_WORKSPACES/WS_Master_Thesis/install/rsp_uc1' for CMake config files
[0.280s] Level 1:colcon.colcon_core.shell:create_environment_hook('rsp_uc1', 'cmake_prefix_path')
[0.280s] INFO:colcon.colcon_core.shell:Creating environment hook '/home/maclab/Documents/ROS_WORKSPACES/WS_Master_Thesis/install/rsp_uc1/share/rsp_uc1/hook/cmake_prefix_path.ps1'
[0.280s] INFO:colcon.colcon_core.shell:Creating environment descriptor '/home/maclab/Documents/ROS_WORKSPACES/WS_Master_Thesis/install/rsp_uc1/share/rsp_uc1/hook/cmake_prefix_path.dsv'
[0.280s] INFO:colcon.colcon_core.shell:Creating environment hook '/home/maclab/Documents/ROS_WORKSPACES/WS_Master_Thesis/install/rsp_uc1/share/rsp_uc1/hook/cmake_prefix_path.sh'
[0.281s] Level 1:colcon.colcon_core.environment:checking '/home/maclab/Documents/ROS_WORKSPACES/WS_Master_Thesis/install/rsp_uc1/lib'
[0.281s] Level 1:colcon.colcon_core.shell:create_environment_hook('rsp_uc1', 'ld_library_path_lib')
[0.281s] INFO:colcon.colcon_core.shell:Creating environment hook '/home/maclab/Documents/ROS_WORKSPACES/WS_Master_Thesis/install/rsp_uc1/share/rsp_uc1/hook/ld_library_path_lib.ps1'
[0.281s] INFO:colcon.colcon_core.shell:Creating environment descriptor '/home/maclab/Documents/ROS_WORKSPACES/WS_Master_Thesis/install/rsp_uc1/share/rsp_uc1/hook/ld_library_path_lib.dsv'
[0.281s] INFO:colcon.colcon_core.shell:Creating environment hook '/home/maclab/Documents/ROS_WORKSPACES/WS_Master_Thesis/install/rsp_uc1/share/rsp_uc1/hook/ld_library_path_lib.sh'
[0.281s] Level 1:colcon.colcon_core.environment:checking '/home/maclab/Documents/ROS_WORKSPACES/WS_Master_Thesis/install/rsp_uc1/bin'
[0.281s] Level 1:colcon.colcon_core.environment:checking '/home/maclab/Documents/ROS_WORKSPACES/WS_Master_Thesis/install/rsp_uc1/lib/pkgconfig/rsp_uc1.pc'
[0.281s] Level 1:colcon.colcon_core.environment:checking '/home/maclab/Documents/ROS_WORKSPACES/WS_Master_Thesis/install/rsp_uc1/lib/python3.10/site-packages'
[0.281s] Level 1:colcon.colcon_core.environment:checking '/home/maclab/Documents/ROS_WORKSPACES/WS_Master_Thesis/install/rsp_uc1/bin'
[0.281s] INFO:colcon.colcon_core.shell:Creating package script '/home/maclab/Documents/ROS_WORKSPACES/WS_Master_Thesis/install/rsp_uc1/share/rsp_uc1/package.ps1'
[0.282s] INFO:colcon.colcon_core.shell:Creating package descriptor '/home/maclab/Documents/ROS_WORKSPACES/WS_Master_Thesis/install/rsp_uc1/share/rsp_uc1/package.dsv'
[0.282s] INFO:colcon.colcon_core.shell:Creating package script '/home/maclab/Documents/ROS_WORKSPACES/WS_Master_Thesis/install/rsp_uc1/share/rsp_uc1/package.sh'
[0.282s] INFO:colcon.colcon_core.shell:Creating package script '/home/maclab/Documents/ROS_WORKSPACES/WS_Master_Thesis/install/rsp_uc1/share/rsp_uc1/package.bash'
[0.282s] INFO:colcon.colcon_core.shell:Creating package script '/home/maclab/Documents/ROS_WORKSPACES/WS_Master_Thesis/install/rsp_uc1/share/rsp_uc1/package.zsh'
[0.282s] Level 1:colcon.colcon_core.environment:create_file_with_runtime_dependencies(/home/maclab/Documents/ROS_WORKSPACES/WS_Master_Thesis/install/rsp_uc1/share/colcon-core/packages/rsp_uc1)
[0.282s] Level 1:colcon.colcon_core.environment:create_environment_scripts_only(rsp_uc1)
[0.282s] Level 1:colcon.colcon_core.environment:checking '/home/maclab/Documents/ROS_WORKSPACES/WS_Master_Thesis/install/rsp_uc1' for CMake module files
[0.283s] Level 1:colcon.colcon_core.environment:checking '/home/maclab/Documents/ROS_WORKSPACES/WS_Master_Thesis/install/rsp_uc1' for CMake config files
[0.283s] Level 1:colcon.colcon_core.shell:create_environment_hook('rsp_uc1', 'cmake_prefix_path')
[0.283s] INFO:colcon.colcon_core.shell:Creating environment hook '/home/maclab/Documents/ROS_WORKSPACES/WS_Master_Thesis/install/rsp_uc1/share/rsp_uc1/hook/cmake_prefix_path.ps1'
[0.283s] INFO:colcon.colcon_core.shell:Creating environment descriptor '/home/maclab/Documents/ROS_WORKSPACES/WS_Master_Thesis/install/rsp_uc1/share/rsp_uc1/hook/cmake_prefix_path.dsv'
[0.283s] INFO:colcon.colcon_core.shell:Creating environment hook '/home/maclab/Documents/ROS_WORKSPACES/WS_Master_Thesis/install/rsp_uc1/share/rsp_uc1/hook/cmake_prefix_path.sh'
[0.283s] Level 1:colcon.colcon_core.environment:checking '/home/maclab/Documents/ROS_WORKSPACES/WS_Master_Thesis/install/rsp_uc1/lib'
[0.283s] Level 1:colcon.colcon_core.shell:create_environment_hook('rsp_uc1', 'ld_library_path_lib')
[0.283s] INFO:colcon.colcon_core.shell:Creating environment hook '/home/maclab/Documents/ROS_WORKSPACES/WS_Master_Thesis/install/rsp_uc1/share/rsp_uc1/hook/ld_library_path_lib.ps1'
[0.284s] INFO:colcon.colcon_core.shell:Creating environment descriptor '/home/maclab/Documents/ROS_WORKSPACES/WS_Master_Thesis/install/rsp_uc1/share/rsp_uc1/hook/ld_library_path_lib.dsv'
[0.284s] INFO:colcon.colcon_core.shell:Creating environment hook '/home/maclab/Documents/ROS_WORKSPACES/WS_Master_Thesis/install/rsp_uc1/share/rsp_uc1/hook/ld_library_path_lib.sh'
[0.284s] Level 1:colcon.colcon_core.environment:checking '/home/maclab/Documents/ROS_WORKSPACES/WS_Master_Thesis/install/rsp_uc1/bin'
[0.284s] Level 1:colcon.colcon_core.environment:checking '/home/maclab/Documents/ROS_WORKSPACES/WS_Master_Thesis/install/rsp_uc1/lib/pkgconfig/rsp_uc1.pc'
[0.284s] Level 1:colcon.colcon_core.environment:checking '/home/maclab/Documents/ROS_WORKSPACES/WS_Master_Thesis/install/rsp_uc1/lib/python3.10/site-packages'
[0.284s] Level 1:colcon.colcon_core.environment:checking '/home/maclab/Documents/ROS_WORKSPACES/WS_Master_Thesis/install/rsp_uc1/bin'
[0.284s] INFO:colcon.colcon_core.shell:Creating package script '/home/maclab/Documents/ROS_WORKSPACES/WS_Master_Thesis/install/rsp_uc1/share/rsp_uc1/package.ps1'
[0.284s] INFO:colcon.colcon_core.shell:Creating package descriptor '/home/maclab/Documents/ROS_WORKSPACES/WS_Master_Thesis/install/rsp_uc1/share/rsp_uc1/package.dsv'
[0.285s] INFO:colcon.colcon_core.shell:Creating package script '/home/maclab/Documents/ROS_WORKSPACES/WS_Master_Thesis/install/rsp_uc1/share/rsp_uc1/package.sh'
[0.285s] INFO:colcon.colcon_core.shell:Creating package script '/home/maclab/Documents/ROS_WORKSPACES/WS_Master_Thesis/install/rsp_uc1/share/rsp_uc1/package.bash'
[0.285s] INFO:colcon.colcon_core.shell:Creating package script '/home/maclab/Documents/ROS_WORKSPACES/WS_Master_Thesis/install/rsp_uc1/share/rsp_uc1/package.zsh'
[0.285s] Level 1:colcon.colcon_core.environment:create_file_with_runtime_dependencies(/home/maclab/Documents/ROS_WORKSPACES/WS_Master_Thesis/install/rsp_uc1/share/colcon-core/packages/rsp_uc1)
[0.341s] DEBUG:colcon.colcon_core.event_handler.log_command:Invoked command in '/home/maclab/Documents/ROS_WORKSPACES/WS_Master_Thesis/build/uc1_robot_perception' returned '0': CMAKE_PREFIX_PATH=/opt/ros/humble /usr/bin/cmake --build /home/maclab/Documents/ROS_WORKSPACES/WS_Master_Thesis/build/uc1_robot_perception -- -j32 -l32
[0.342s] DEBUG:colcon.colcon_core.event_handler.log_command:Invoking command in '/home/maclab/Documents/ROS_WORKSPACES/WS_Master_Thesis/build/uc1_robot_perception': CMAKE_PREFIX_PATH=/opt/ros/humble /usr/bin/cmake --install /home/maclab/Documents/ROS_WORKSPACES/WS_Master_Thesis/build/uc1_robot_perception
[0.357s] DEBUG:colcon.colcon_core.event_handler.log_command:Invoked command in '/home/maclab/Documents/ROS_WORKSPACES/WS_Master_Thesis/build/uc1_robot_controllers_interfaces' returned '0': CMAKE_PREFIX_PATH=/opt/ros/humble /usr/bin/cmake --build /home/maclab/Documents/ROS_WORKSPACES/WS_Master_Thesis/build/uc1_robot_controllers_interfaces -- -j32 -l32
[0.358s] DEBUG:colcon.colcon_core.event_handler.log_command:Invoking command in '/home/maclab/Documents/ROS_WORKSPACES/WS_Master_Thesis/build/uc1_robot_controllers_interfaces': CMAKE_PREFIX_PATH=/opt/ros/humble /usr/bin/cmake --install /home/maclab/Documents/ROS_WORKSPACES/WS_Master_Thesis/build/uc1_robot_controllers_interfaces
[0.370s] Level 1:colcon.colcon_core.environment:create_environment_scripts_only(uc1_robot_perception)
[0.371s] DEBUG:colcon.colcon_core.event_handler.log_command:Invoked command in '/home/maclab/Documents/ROS_WORKSPACES/WS_Master_Thesis/build/uc1_robot_perception' returned '0': CMAKE_PREFIX_PATH=/opt/ros/humble /usr/bin/cmake --install /home/maclab/Documents/ROS_WORKSPACES/WS_Master_Thesis/build/uc1_robot_perception
[0.371s] Level 1:colcon.colcon_core.environment:checking '/home/maclab/Documents/ROS_WORKSPACES/WS_Master_Thesis/install/uc1_robot_perception' for CMake module files
[0.371s] Level 1:colcon.colcon_core.environment:checking '/home/maclab/Documents/ROS_WORKSPACES/WS_Master_Thesis/install/uc1_robot_perception' for CMake config files
[0.371s] Level 1:colcon.colcon_core.shell:create_environment_hook('uc1_robot_perception', 'cmake_prefix_path')
[0.372s] INFO:colcon.colcon_core.shell:Creating environment hook '/home/maclab/Documents/ROS_WORKSPACES/WS_Master_Thesis/install/uc1_robot_perception/share/uc1_robot_perception/hook/cmake_prefix_path.ps1'
[0.372s] INFO:colcon.colcon_core.shell:Creating environment descriptor '/home/maclab/Documents/ROS_WORKSPACES/WS_Master_Thesis/install/uc1_robot_perception/share/uc1_robot_perception/hook/cmake_prefix_path.dsv'
[0.372s] INFO:colcon.colcon_core.shell:Creating environment hook '/home/maclab/Documents/ROS_WORKSPACES/WS_Master_Thesis/install/uc1_robot_perception/share/uc1_robot_perception/hook/cmake_prefix_path.sh'
[0.373s] Level 1:colcon.colcon_core.environment:checking '/home/maclab/Documents/ROS_WORKSPACES/WS_Master_Thesis/install/uc1_robot_perception/lib'
[0.373s] Level 1:colcon.colcon_core.shell:create_environment_hook('uc1_robot_perception', 'ld_library_path_lib')
[0.373s] INFO:colcon.colcon_core.shell:Creating environment hook '/home/maclab/Documents/ROS_WORKSPACES/WS_Master_Thesis/install/uc1_robot_perception/share/uc1_robot_perception/hook/ld_library_path_lib.ps1'
[0.373s] INFO:colcon.colcon_core.shell:Creating environment descriptor '/home/maclab/Documents/ROS_WORKSPACES/WS_Master_Thesis/install/uc1_robot_perception/share/uc1_robot_perception/hook/ld_library_path_lib.dsv'
[0.373s] INFO:colcon.colcon_core.shell:Creating environment hook '/home/maclab/Documents/ROS_WORKSPACES/WS_Master_Thesis/install/uc1_robot_perception/share/uc1_robot_perception/hook/ld_library_path_lib.sh'
[0.373s] Level 1:colcon.colcon_core.environment:checking '/home/maclab/Documents/ROS_WORKSPACES/WS_Master_Thesis/install/uc1_robot_perception/bin'
[0.374s] Level 1:colcon.colcon_core.environment:checking '/home/maclab/Documents/ROS_WORKSPACES/WS_Master_Thesis/install/uc1_robot_perception/lib/pkgconfig/uc1_robot_perception.pc'
[0.374s] Level 1:colcon.colcon_core.environment:checking '/home/maclab/Documents/ROS_WORKSPACES/WS_Master_Thesis/install/uc1_robot_perception/lib/python3.10/site-packages'
[0.374s] Level 1:colcon.colcon_core.environment:checking '/home/maclab/Documents/ROS_WORKSPACES/WS_Master_Thesis/install/uc1_robot_perception/bin'
[0.374s] INFO:colcon.colcon_core.shell:Creating package script '/home/maclab/Documents/ROS_WORKSPACES/WS_Master_Thesis/install/uc1_robot_perception/share/uc1_robot_perception/package.ps1'
[0.375s] INFO:colcon.colcon_core.shell:Creating package descriptor '/home/maclab/Documents/ROS_WORKSPACES/WS_Master_Thesis/install/uc1_robot_perception/share/uc1_robot_perception/package.dsv'
[0.375s] INFO:colcon.colcon_core.shell:Creating package script '/home/maclab/Documents/ROS_WORKSPACES/WS_Master_Thesis/install/uc1_robot_perception/share/uc1_robot_perception/package.sh'
[0.375s] INFO:colcon.colcon_core.shell:Creating package script '/home/maclab/Documents/ROS_WORKSPACES/WS_Master_Thesis/install/uc1_robot_perception/share/uc1_robot_perception/package.bash'
[0.375s] INFO:colcon.colcon_core.shell:Creating package script '/home/maclab/Documents/ROS_WORKSPACES/WS_Master_Thesis/install/uc1_robot_perception/share/uc1_robot_perception/package.zsh'
[0.375s] Level 1:colcon.colcon_core.environment:create_file_with_runtime_dependencies(/home/maclab/Documents/ROS_WORKSPACES/WS_Master_Thesis/install/uc1_robot_perception/share/colcon-core/packages/uc1_robot_perception)
[0.375s] Level 1:colcon.colcon_core.environment:create_environment_scripts_only(uc1_robot_perception)
[0.376s] Level 1:colcon.colcon_core.environment:checking '/home/maclab/Documents/ROS_WORKSPACES/WS_Master_Thesis/install/uc1_robot_perception' for CMake module files
[0.376s] Level 1:colcon.colcon_core.environment:checking '/home/maclab/Documents/ROS_WORKSPACES/WS_Master_Thesis/install/uc1_robot_perception' for CMake config files
[0.376s] Level 1:colcon.colcon_core.shell:create_environment_hook('uc1_robot_perception', 'cmake_prefix_path')
[0.376s] INFO:colcon.colcon_core.shell:Creating environment hook '/home/maclab/Documents/ROS_WORKSPACES/WS_Master_Thesis/install/uc1_robot_perception/share/uc1_robot_perception/hook/cmake_prefix_path.ps1'
[0.376s] INFO:colcon.colcon_core.shell:Creating environment descriptor '/home/maclab/Documents/ROS_WORKSPACES/WS_Master_Thesis/install/uc1_robot_perception/share/uc1_robot_perception/hook/cmake_prefix_path.dsv'
[0.376s] INFO:colcon.colcon_core.shell:Creating environment hook '/home/maclab/Documents/ROS_WORKSPACES/WS_Master_Thesis/install/uc1_robot_perception/share/uc1_robot_perception/hook/cmake_prefix_path.sh'
[0.377s] Level 1:colcon.colcon_core.environment:checking '/home/maclab/Documents/ROS_WORKSPACES/WS_Master_Thesis/install/uc1_robot_perception/lib'
[0.377s] Level 1:colcon.colcon_core.shell:create_environment_hook('uc1_robot_perception', 'ld_library_path_lib')
[0.377s] INFO:colcon.colcon_core.shell:Creating environment hook '/home/maclab/Documents/ROS_WORKSPACES/WS_Master_Thesis/install/uc1_robot_perception/share/uc1_robot_perception/hook/ld_library_path_lib.ps1'
[0.377s] INFO:colcon.colcon_core.shell:Creating environment descriptor '/home/maclab/Documents/ROS_WORKSPACES/WS_Master_Thesis/install/uc1_robot_perception/share/uc1_robot_perception/hook/ld_library_path_lib.dsv'
[0.377s] INFO:colcon.colcon_core.shell:Creating environment hook '/home/maclab/Documents/ROS_WORKSPACES/WS_Master_Thesis/install/uc1_robot_perception/share/uc1_robot_perception/hook/ld_library_path_lib.sh'
[0.377s] Level 1:colcon.colcon_core.environment:checking '/home/maclab/Documents/ROS_WORKSPACES/WS_Master_Thesis/install/uc1_robot_perception/bin'
[0.377s] Level 1:colcon.colcon_core.environment:checking '/home/maclab/Documents/ROS_WORKSPACES/WS_Master_Thesis/install/uc1_robot_perception/lib/pkgconfig/uc1_robot_perception.pc'
[0.377s] Level 1:colcon.colcon_core.environment:checking '/home/maclab/Documents/ROS_WORKSPACES/WS_Master_Thesis/install/uc1_robot_perception/lib/python3.10/site-packages'
[0.378s] Level 1:colcon.colcon_core.environment:checking '/home/maclab/Documents/ROS_WORKSPACES/WS_Master_Thesis/install/uc1_robot_perception/bin'
[0.378s] INFO:colcon.colcon_core.shell:Creating package script '/home/maclab/Documents/ROS_WORKSPACES/WS_Master_Thesis/install/uc1_robot_perception/share/uc1_robot_perception/package.ps1'
[0.378s] INFO:colcon.colcon_core.shell:Creating package descriptor '/home/maclab/Documents/ROS_WORKSPACES/WS_Master_Thesis/install/uc1_robot_perception/share/uc1_robot_perception/package.dsv'
[0.378s] INFO:colcon.colcon_core.shell:Creating package script '/home/maclab/Documents/ROS_WORKSPACES/WS_Master_Thesis/install/uc1_robot_perception/share/uc1_robot_perception/package.sh'
[0.379s] INFO:colcon.colcon_core.shell:Creating package script '/home/maclab/Documents/ROS_WORKSPACES/WS_Master_Thesis/install/uc1_robot_perception/share/uc1_robot_perception/package.bash'
[0.379s] INFO:colcon.colcon_core.shell:Creating package script '/home/maclab/Documents/ROS_WORKSPACES/WS_Master_Thesis/install/uc1_robot_perception/share/uc1_robot_perception/package.zsh'
[0.379s] Level 1:colcon.colcon_core.environment:create_file_with_runtime_dependencies(/home/maclab/Documents/ROS_WORKSPACES/WS_Master_Thesis/install/uc1_robot_perception/share/colcon-core/packages/uc1_robot_perception)
[0.387s] Level 1:colcon.colcon_core.environment:create_environment_scripts_only(uc1_robot_controllers_interfaces)
[0.387s] Level 1:colcon.colcon_core.environment:checking '/home/maclab/Documents/ROS_WORKSPACES/WS_Master_Thesis/install/uc1_robot_controllers_interfaces' for CMake module files
[0.387s] DEBUG:colcon.colcon_core.event_handler.log_command:Invoked command in '/home/maclab/Documents/ROS_WORKSPACES/WS_Master_Thesis/build/uc1_robot_controllers_interfaces' returned '0': CMAKE_PREFIX_PATH=/opt/ros/humble /usr/bin/cmake --install /home/maclab/Documents/ROS_WORKSPACES/WS_Master_Thesis/build/uc1_robot_controllers_interfaces
[0.387s] Level 1:colcon.colcon_core.environment:checking '/home/maclab/Documents/ROS_WORKSPACES/WS_Master_Thesis/install/uc1_robot_controllers_interfaces' for CMake config files
[0.387s] Level 1:colcon.colcon_core.shell:create_environment_hook('uc1_robot_controllers_interfaces', 'cmake_prefix_path')
[0.387s] INFO:colcon.colcon_core.shell:Creating environment hook '/home/maclab/Documents/ROS_WORKSPACES/WS_Master_Thesis/install/uc1_robot_controllers_interfaces/share/uc1_robot_controllers_interfaces/hook/cmake_prefix_path.ps1'
[0.388s] INFO:colcon.colcon_core.shell:Creating environment descriptor '/home/maclab/Documents/ROS_WORKSPACES/WS_Master_Thesis/install/uc1_robot_controllers_interfaces/share/uc1_robot_controllers_interfaces/hook/cmake_prefix_path.dsv'
[0.388s] INFO:colcon.colcon_core.shell:Creating environment hook '/home/maclab/Documents/ROS_WORKSPACES/WS_Master_Thesis/install/uc1_robot_controllers_interfaces/share/uc1_robot_controllers_interfaces/hook/cmake_prefix_path.sh'
[0.388s] Level 1:colcon.colcon_core.environment:checking '/home/maclab/Documents/ROS_WORKSPACES/WS_Master_Thesis/install/uc1_robot_controllers_interfaces/lib'
[0.388s] Level 1:colcon.colcon_core.shell:create_environment_hook('uc1_robot_controllers_interfaces', 'ld_library_path_lib')
[0.388s] INFO:colcon.colcon_core.shell:Creating environment hook '/home/maclab/Documents/ROS_WORKSPACES/WS_Master_Thesis/install/uc1_robot_controllers_interfaces/share/uc1_robot_controllers_interfaces/hook/ld_library_path_lib.ps1'
[0.388s] INFO:colcon.colcon_core.shell:Creating environment descriptor '/home/maclab/Documents/ROS_WORKSPACES/WS_Master_Thesis/install/uc1_robot_controllers_interfaces/share/uc1_robot_controllers_interfaces/hook/ld_library_path_lib.dsv'
[0.388s] INFO:colcon.colcon_core.shell:Creating environment hook '/home/maclab/Documents/ROS_WORKSPACES/WS_Master_Thesis/install/uc1_robot_controllers_interfaces/share/uc1_robot_controllers_interfaces/hook/ld_library_path_lib.sh'
[0.388s] Level 1:colcon.colcon_core.environment:checking '/home/maclab/Documents/ROS_WORKSPACES/WS_Master_Thesis/install/uc1_robot_controllers_interfaces/bin'
[0.388s] Level 1:colcon.colcon_core.environment:checking '/home/maclab/Documents/ROS_WORKSPACES/WS_Master_Thesis/install/uc1_robot_controllers_interfaces/lib/pkgconfig/uc1_robot_controllers_interfaces.pc'
[0.389s] Level 1:colcon.colcon_core.environment:checking '/home/maclab/Documents/ROS_WORKSPACES/WS_Master_Thesis/install/uc1_robot_controllers_interfaces/lib/python3.10/site-packages'
[0.389s] Level 1:colcon.colcon_core.environment:checking '/home/maclab/Documents/ROS_WORKSPACES/WS_Master_Thesis/install/uc1_robot_controllers_interfaces/bin'
[0.389s] INFO:colcon.colcon_core.shell:Creating package script '/home/maclab/Documents/ROS_WORKSPACES/WS_Master_Thesis/install/uc1_robot_controllers_interfaces/share/uc1_robot_controllers_interfaces/package.ps1'
[0.389s] INFO:colcon.colcon_core.shell:Creating package descriptor '/home/maclab/Documents/ROS_WORKSPACES/WS_Master_Thesis/install/uc1_robot_controllers_interfaces/share/uc1_robot_controllers_interfaces/package.dsv'
[0.389s] INFO:colcon.colcon_core.shell:Creating package script '/home/maclab/Documents/ROS_WORKSPACES/WS_Master_Thesis/install/uc1_robot_controllers_interfaces/share/uc1_robot_controllers_interfaces/package.sh'
[0.389s] INFO:colcon.colcon_core.shell:Creating package script '/home/maclab/Documents/ROS_WORKSPACES/WS_Master_Thesis/install/uc1_robot_controllers_interfaces/share/uc1_robot_controllers_interfaces/package.bash'
[0.389s] INFO:colcon.colcon_core.shell:Creating package script '/home/maclab/Documents/ROS_WORKSPACES/WS_Master_Thesis/install/uc1_robot_controllers_interfaces/share/uc1_robot_controllers_interfaces/package.zsh'
[0.389s] Level 1:colcon.colcon_core.environment:create_file_with_runtime_dependencies(/home/maclab/Documents/ROS_WORKSPACES/WS_Master_Thesis/install/uc1_robot_controllers_interfaces/share/colcon-core/packages/uc1_robot_controllers_interfaces)
[0.390s] Level 1:colcon.colcon_core.environment:create_environment_scripts_only(uc1_robot_controllers_interfaces)
[0.390s] Level 1:colcon.colcon_core.environment:checking '/home/maclab/Documents/ROS_WORKSPACES/WS_Master_Thesis/install/uc1_robot_controllers_interfaces' for CMake module files
[0.390s] Level 1:colcon.colcon_core.environment:checking '/home/maclab/Documents/ROS_WORKSPACES/WS_Master_Thesis/install/uc1_robot_controllers_interfaces' for CMake config files
[0.390s] Level 1:colcon.colcon_core.shell:create_environment_hook('uc1_robot_controllers_interfaces', 'cmake_prefix_path')
[0.390s] INFO:colcon.colcon_core.shell:Creating environment hook '/home/maclab/Documents/ROS_WORKSPACES/WS_Master_Thesis/install/uc1_robot_controllers_interfaces/share/uc1_robot_controllers_interfaces/hook/cmake_prefix_path.ps1'
[0.390s] INFO:colcon.colcon_core.shell:Creating environment descriptor '/home/maclab/Documents/ROS_WORKSPACES/WS_Master_Thesis/install/uc1_robot_controllers_interfaces/share/uc1_robot_controllers_interfaces/hook/cmake_prefix_path.dsv'
[0.390s] INFO:colcon.colcon_core.shell:Creating environment hook '/home/maclab/Documents/ROS_WORKSPACES/WS_Master_Thesis/install/uc1_robot_controllers_interfaces/share/uc1_robot_controllers_interfaces/hook/cmake_prefix_path.sh'
[0.391s] Level 1:colcon.colcon_core.environment:checking '/home/maclab/Documents/ROS_WORKSPACES/WS_Master_Thesis/install/uc1_robot_controllers_interfaces/lib'
[0.391s] Level 1:colcon.colcon_core.shell:create_environment_hook('uc1_robot_controllers_interfaces', 'ld_library_path_lib')
[0.391s] INFO:colcon.colcon_core.shell:Creating environment hook '/home/maclab/Documents/ROS_WORKSPACES/WS_Master_Thesis/install/uc1_robot_controllers_interfaces/share/uc1_robot_controllers_interfaces/hook/ld_library_path_lib.ps1'
[0.391s] INFO:colcon.colcon_core.shell:Creating environment descriptor '/home/maclab/Documents/ROS_WORKSPACES/WS_Master_Thesis/install/uc1_robot_controllers_interfaces/share/uc1_robot_controllers_interfaces/hook/ld_library_path_lib.dsv'
[0.391s] INFO:colcon.colcon_core.shell:Creating environment hook '/home/maclab/Documents/ROS_WORKSPACES/WS_Master_Thesis/install/uc1_robot_controllers_interfaces/share/uc1_robot_controllers_interfaces/hook/ld_library_path_lib.sh'
[0.391s] Level 1:colcon.colcon_core.environment:checking '/home/maclab/Documents/ROS_WORKSPACES/WS_Master_Thesis/install/uc1_robot_controllers_interfaces/bin'
[0.391s] Level 1:colcon.colcon_core.environment:checking '/home/maclab/Documents/ROS_WORKSPACES/WS_Master_Thesis/install/uc1_robot_controllers_interfaces/lib/pkgconfig/uc1_robot_controllers_interfaces.pc'
[0.391s] Level 1:colcon.colcon_core.environment:checking '/home/maclab/Documents/ROS_WORKSPACES/WS_Master_Thesis/install/uc1_robot_controllers_interfaces/lib/python3.10/site-packages'
[0.391s] Level 1:colcon.colcon_core.environment:checking '/home/maclab/Documents/ROS_WORKSPACES/WS_Master_Thesis/install/uc1_robot_controllers_interfaces/bin'
[0.391s] INFO:colcon.colcon_core.shell:Creating package script '/home/maclab/Documents/ROS_WORKSPACES/WS_Master_Thesis/install/uc1_robot_controllers_interfaces/share/uc1_robot_controllers_interfaces/package.ps1'
[0.392s] INFO:colcon.colcon_core.shell:Creating package descriptor '/home/maclab/Documents/ROS_WORKSPACES/WS_Master_Thesis/install/uc1_robot_controllers_interfaces/share/uc1_robot_controllers_interfaces/package.dsv'
[0.392s] INFO:colcon.colcon_core.shell:Creating package script '/home/maclab/Documents/ROS_WORKSPACES/WS_Master_Thesis/install/uc1_robot_controllers_interfaces/share/uc1_robot_controllers_interfaces/package.sh'
[0.392s] INFO:colcon.colcon_core.shell:Creating package script '/home/maclab/Documents/ROS_WORKSPACES/WS_Master_Thesis/install/uc1_robot_controllers_interfaces/share/uc1_robot_controllers_interfaces/package.bash'
[0.392s] INFO:colcon.colcon_core.shell:Creating package script '/home/maclab/Documents/ROS_WORKSPACES/WS_Master_Thesis/install/uc1_robot_controllers_interfaces/share/uc1_robot_controllers_interfaces/package.zsh'
[0.392s] Level 1:colcon.colcon_core.environment:create_file_with_runtime_dependencies(/home/maclab/Documents/ROS_WORKSPACES/WS_Master_Thesis/install/uc1_robot_controllers_interfaces/share/colcon-core/packages/uc1_robot_controllers_interfaces)
[0.392s] INFO:colcon.colcon_ros.task.ament_cmake.build:Building ROS package in '/home/maclab/Documents/ROS_WORKSPACES/WS_Master_Thesis/src/uc1_robot_controllers' with build type 'ament_cmake'
[0.392s] INFO:colcon.colcon_cmake.task.cmake.build:Building CMake package in '/home/maclab/Documents/ROS_WORKSPACES/WS_Master_Thesis/src/uc1_robot_controllers'
[0.393s] INFO:colcon.colcon_core.shell:Skip shell extension 'powershell' for command environment: Not usable outside of PowerShell
[0.393s] DEBUG:colcon.colcon_core.shell:Skip shell extension 'dsv' for command environment
[0.399s] DEBUG:colcon.colcon_core.event_handler.log_command:Invoking command in '/home/maclab/Documents/ROS_WORKSPACES/WS_Master_Thesis/build/uc1_robot_controllers': AMENT_PREFIX_PATH=/home/maclab/Documents/ROS_WORKSPACES/WS_Master_Thesis/install/uc1_robot_perception:/home/maclab/Documents/ROS_WORKSPACES/WS_Master_Thesis/install/uc1_robot_controllers_interfaces:${AMENT_PREFIX_PATH} CMAKE_PREFIX_PATH=/home/maclab/Documents/ROS_WORKSPACES/WS_Master_Thesis/install/uc1_robot_perception:/home/maclab/Documents/ROS_WORKSPACES/WS_Master_Thesis/install/uc1_robot_controllers_interfaces:/opt/ros/humble LD_LIBRARY_PATH=/home/maclab/Documents/ROS_WORKSPACES/WS_Master_Thesis/install/uc1_robot_perception/lib:/home/maclab/Documents/ROS_WORKSPACES/WS_Master_Thesis/install/uc1_robot_controllers_interfaces/lib:${LD_LIBRARY_PATH} PYTHONPATH=/home/maclab/Documents/ROS_WORKSPACES/WS_Master_Thesis/install/uc1_robot_perception/local/lib/python3.10/dist-packages:/home/maclab/Documents/ROS_WORKSPACES/WS_Master_Thesis/install/uc1_robot_controllers_interfaces/local/lib/python3.10/dist-packages:${PYTHONPATH} /usr/bin/cmake --build /home/maclab/Documents/ROS_WORKSPACES/WS_Master_Thesis/build/uc1_robot_controllers -- -j32 -l32
[2.516s] DEBUG:colcon.colcon_core.event_handler.log_command:Invoked command in '/home/maclab/Documents/ROS_WORKSPACES/WS_Master_Thesis/build/pointcloud_interactive_markers' returned '0': CMAKE_PREFIX_PATH=/opt/ros/humble /usr/bin/cmake --build /home/maclab/Documents/ROS_WORKSPACES/WS_Master_Thesis/build/pointcloud_interactive_markers -- -j32 -l32
[2.517s] DEBUG:colcon.colcon_core.event_handler.log_command:Invoking command in '/home/maclab/Documents/ROS_WORKSPACES/WS_Master_Thesis/build/pointcloud_interactive_markers': CMAKE_PREFIX_PATH=/opt/ros/humble /usr/bin/cmake --install /home/maclab/Documents/ROS_WORKSPACES/WS_Master_Thesis/build/pointcloud_interactive_markers
[2.524s] Level 1:colcon.colcon_core.environment:create_environment_scripts_only(pointcloud_interactive_markers)
[2.524s] Level 1:colcon.colcon_core.environment:checking '/home/maclab/Documents/ROS_WORKSPACES/WS_Master_Thesis/install/pointcloud_interactive_markers' for CMake module files
[2.525s] DEBUG:colcon.colcon_core.event_handler.log_command:Invoked command in '/home/maclab/Documents/ROS_WORKSPACES/WS_Master_Thesis/build/pointcloud_interactive_markers' returned '0': CMAKE_PREFIX_PATH=/opt/ros/humble /usr/bin/cmake --install /home/maclab/Documents/ROS_WORKSPACES/WS_Master_Thesis/build/pointcloud_interactive_markers
[2.525s] Level 1:colcon.colcon_core.environment:checking '/home/maclab/Documents/ROS_WORKSPACES/WS_Master_Thesis/install/pointcloud_interactive_markers' for CMake config files
[2.525s] Level 1:colcon.colcon_core.shell:create_environment_hook('pointcloud_interactive_markers', 'cmake_prefix_path')
[2.525s] INFO:colcon.colcon_core.shell:Creating environment hook '/home/maclab/Documents/ROS_WORKSPACES/WS_Master_Thesis/install/pointcloud_interactive_markers/share/pointcloud_interactive_markers/hook/cmake_prefix_path.ps1'
[2.525s] INFO:colcon.colcon_core.shell:Creating environment descriptor '/home/maclab/Documents/ROS_WORKSPACES/WS_Master_Thesis/install/pointcloud_interactive_markers/share/pointcloud_interactive_markers/hook/cmake_prefix_path.dsv'
[2.525s] INFO:colcon.colcon_core.shell:Creating environment hook '/home/maclab/Documents/ROS_WORKSPACES/WS_Master_Thesis/install/pointcloud_interactive_markers/share/pointcloud_interactive_markers/hook/cmake_prefix_path.sh'
[2.525s] Level 1:colcon.colcon_core.environment:checking '/home/maclab/Documents/ROS_WORKSPACES/WS_Master_Thesis/install/pointcloud_interactive_markers/lib'
[2.525s] Level 1:colcon.colcon_core.environment:checking '/home/maclab/Documents/ROS_WORKSPACES/WS_Master_Thesis/install/pointcloud_interactive_markers/bin'
[2.525s] Level 1:colcon.colcon_core.environment:checking '/home/maclab/Documents/ROS_WORKSPACES/WS_Master_Thesis/install/pointcloud_interactive_markers/lib/pkgconfig/pointcloud_interactive_markers.pc'
[2.526s] Level 1:colcon.colcon_core.environment:checking '/home/maclab/Documents/ROS_WORKSPACES/WS_Master_Thesis/install/pointcloud_interactive_markers/lib/python3.10/site-packages'
[2.526s] Level 1:colcon.colcon_core.environment:checking '/home/maclab/Documents/ROS_WORKSPACES/WS_Master_Thesis/install/pointcloud_interactive_markers/bin'
[2.526s] INFO:colcon.colcon_core.shell:Creating package script '/home/maclab/Documents/ROS_WORKSPACES/WS_Master_Thesis/install/pointcloud_interactive_markers/share/pointcloud_interactive_markers/package.ps1'
[2.526s] INFO:colcon.colcon_core.shell:Creating package descriptor '/home/maclab/Documents/ROS_WORKSPACES/WS_Master_Thesis/install/pointcloud_interactive_markers/share/pointcloud_interactive_markers/package.dsv'
[2.526s] INFO:colcon.colcon_core.shell:Creating package script '/home/maclab/Documents/ROS_WORKSPACES/WS_Master_Thesis/install/pointcloud_interactive_markers/share/pointcloud_interactive_markers/package.sh'
[2.526s] INFO:colcon.colcon_core.shell:Creating package script '/home/maclab/Documents/ROS_WORKSPACES/WS_Master_Thesis/install/pointcloud_interactive_markers/share/pointcloud_interactive_markers/package.bash'
[2.526s] INFO:colcon.colcon_core.shell:Creating package script '/home/maclab/Documents/ROS_WORKSPACES/WS_Master_Thesis/install/pointcloud_interactive_markers/share/pointcloud_interactive_markers/package.zsh'
[2.527s] Level 1:colcon.colcon_core.environment:create_file_with_runtime_dependencies(/home/maclab/Documents/ROS_WORKSPACES/WS_Master_Thesis/install/pointcloud_interactive_markers/share/colcon-core/packages/pointcloud_interactive_markers)
[2.527s] Level 1:colcon.colcon_core.environment:create_environment_scripts_only(pointcloud_interactive_markers)
[2.527s] Level 1:colcon.colcon_core.environment:checking '/home/maclab/Documents/ROS_WORKSPACES/WS_Master_Thesis/install/pointcloud_interactive_markers' for CMake module files
[2.527s] Level 1:colcon.colcon_core.environment:checking '/home/maclab/Documents/ROS_WORKSPACES/WS_Master_Thesis/install/pointcloud_interactive_markers' for CMake config files
[2.527s] Level 1:colcon.colcon_core.shell:create_environment_hook('pointcloud_interactive_markers', 'cmake_prefix_path')
[2.527s] INFO:colcon.colcon_core.shell:Creating environment hook '/home/maclab/Documents/ROS_WORKSPACES/WS_Master_Thesis/install/pointcloud_interactive_markers/share/pointcloud_interactive_markers/hook/cmake_prefix_path.ps1'
[2.527s] INFO:colcon.colcon_core.shell:Creating environment descriptor '/home/maclab/Documents/ROS_WORKSPACES/WS_Master_Thesis/install/pointcloud_interactive_markers/share/pointcloud_interactive_markers/hook/cmake_prefix_path.dsv'
[2.527s] INFO:colcon.colcon_core.shell:Creating environment hook '/home/maclab/Documents/ROS_WORKSPACES/WS_Master_Thesis/install/pointcloud_interactive_markers/share/pointcloud_interactive_markers/hook/cmake_prefix_path.sh'
[2.528s] Level 1:colcon.colcon_core.environment:checking '/home/maclab/Documents/ROS_WORKSPACES/WS_Master_Thesis/install/pointcloud_interactive_markers/lib'
[2.528s] Level 1:colcon.colcon_core.environment:checking '/home/maclab/Documents/ROS_WORKSPACES/WS_Master_Thesis/install/pointcloud_interactive_markers/bin'
[2.528s] Level 1:colcon.colcon_core.environment:checking '/home/maclab/Documents/ROS_WORKSPACES/WS_Master_Thesis/install/pointcloud_interactive_markers/lib/pkgconfig/pointcloud_interactive_markers.pc'
[2.528s] Level 1:colcon.colcon_core.environment:checking '/home/maclab/Documents/ROS_WORKSPACES/WS_Master_Thesis/install/pointcloud_interactive_markers/lib/python3.10/site-packages'
[2.528s] Level 1:colcon.colcon_core.environment:checking '/home/maclab/Documents/ROS_WORKSPACES/WS_Master_Thesis/install/pointcloud_interactive_markers/bin'
[2.528s] INFO:colcon.colcon_core.shell:Creating package script '/home/maclab/Documents/ROS_WORKSPACES/WS_Master_Thesis/install/pointcloud_interactive_markers/share/pointcloud_interactive_markers/package.ps1'
[2.528s] INFO:colcon.colcon_core.shell:Creating package descriptor '/home/maclab/Documents/ROS_WORKSPACES/WS_Master_Thesis/install/pointcloud_interactive_markers/share/pointcloud_interactive_markers/package.dsv'
[2.528s] INFO:colcon.colcon_core.shell:Creating package script '/home/maclab/Documents/ROS_WORKSPACES/WS_Master_Thesis/install/pointcloud_interactive_markers/share/pointcloud_interactive_markers/package.sh'
[2.529s] INFO:colcon.colcon_core.shell:Creating package script '/home/maclab/Documents/ROS_WORKSPACES/WS_Master_Thesis/install/pointcloud_interactive_markers/share/pointcloud_interactive_markers/package.bash'
[2.529s] INFO:colcon.colcon_core.shell:Creating package script '/home/maclab/Documents/ROS_WORKSPACES/WS_Master_Thesis/install/pointcloud_interactive_markers/share/pointcloud_interactive_markers/package.zsh'
[2.529s] Level 1:colcon.colcon_core.environment:create_file_with_runtime_dependencies(/home/maclab/Documents/ROS_WORKSPACES/WS_Master_Thesis/install/pointcloud_interactive_markers/share/colcon-core/packages/pointcloud_interactive_markers)
[9.765s] DEBUG:colcon.colcon_core.event_handler.log_command:Invoked command in '/home/maclab/Documents/ROS_WORKSPACES/WS_Master_Thesis/build/uc1_robot_controllers' returned '0': AMENT_PREFIX_PATH=/home/maclab/Documents/ROS_WORKSPACES/WS_Master_Thesis/install/uc1_robot_perception:/home/maclab/Documents/ROS_WORKSPACES/WS_Master_Thesis/install/uc1_robot_controllers_interfaces:${AMENT_PREFIX_PATH} CMAKE_PREFIX_PATH=/home/maclab/Documents/ROS_WORKSPACES/WS_Master_Thesis/install/uc1_robot_perception:/home/maclab/Documents/ROS_WORKSPACES/WS_Master_Thesis/install/uc1_robot_controllers_interfaces:/opt/ros/humble LD_LIBRARY_PATH=/home/maclab/Documents/ROS_WORKSPACES/WS_Master_Thesis/install/uc1_robot_perception/lib:/home/maclab/Documents/ROS_WORKSPACES/WS_Master_Thesis/install/uc1_robot_controllers_interfaces/lib:${LD_LIBRARY_PATH} PYTHONPATH=/home/maclab/Documents/ROS_WORKSPACES/WS_Master_Thesis/install/uc1_robot_perception/local/lib/python3.10/dist-packages:/home/maclab/Documents/ROS_WORKSPACES/WS_Master_Thesis/install/uc1_robot_controllers_interfaces/local/lib/python3.10/dist-packages:${PYTHONPATH} /usr/bin/cmake --build /home/maclab/Documents/ROS_WORKSPACES/WS_Master_Thesis/build/uc1_robot_controllers -- -j32 -l32
[9.765s] DEBUG:colcon.colcon_core.event_handler.log_command:Invoking command in '/home/maclab/Documents/ROS_WORKSPACES/WS_Master_Thesis/build/uc1_robot_controllers': AMENT_PREFIX_PATH=/home/maclab/Documents/ROS_WORKSPACES/WS_Master_Thesis/install/uc1_robot_perception:/home/maclab/Documents/ROS_WORKSPACES/WS_Master_Thesis/install/uc1_robot_controllers_interfaces:${AMENT_PREFIX_PATH} CMAKE_PREFIX_PATH=/home/maclab/Documents/ROS_WORKSPACES/WS_Master_Thesis/install/uc1_robot_perception:/home/maclab/Documents/ROS_WORKSPACES/WS_Master_Thesis/install/uc1_robot_controllers_interfaces:/opt/ros/humble LD_LIBRARY_PATH=/home/maclab/Documents/ROS_WORKSPACES/WS_Master_Thesis/install/uc1_robot_perception/lib:/home/maclab/Documents/ROS_WORKSPACES/WS_Master_Thesis/install/uc1_robot_controllers_interfaces/lib:${LD_LIBRARY_PATH} PYTHONPATH=/home/maclab/Documents/ROS_WORKSPACES/WS_Master_Thesis/install/uc1_robot_perception/local/lib/python3.10/dist-packages:/home/maclab/Documents/ROS_WORKSPACES/WS_Master_Thesis/install/uc1_robot_controllers_interfaces/local/lib/python3.10/dist-packages:${PYTHONPATH} /usr/bin/cmake --install /home/maclab/Documents/ROS_WORKSPACES/WS_Master_Thesis/build/uc1_robot_controllers
[9.783s] Level 1:colcon.colcon_core.environment:create_environment_scripts_only(uc1_robot_controllers)
[9.783s] Level 1:colcon.colcon_core.environment:checking '/home/maclab/Documents/ROS_WORKSPACES/WS_Master_Thesis/install/uc1_robot_controllers' for CMake module files
[9.783s] DEBUG:colcon.colcon_core.event_handler.log_command:Invoked command in '/home/maclab/Documents/ROS_WORKSPACES/WS_Master_Thesis/build/uc1_robot_controllers' returned '0': AMENT_PREFIX_PATH=/home/maclab/Documents/ROS_WORKSPACES/WS_Master_Thesis/install/uc1_robot_perception:/home/maclab/Documents/ROS_WORKSPACES/WS_Master_Thesis/install/uc1_robot_controllers_interfaces:${AMENT_PREFIX_PATH} CMAKE_PREFIX_PATH=/home/maclab/Documents/ROS_WORKSPACES/WS_Master_Thesis/install/uc1_robot_perception:/home/maclab/Documents/ROS_WORKSPACES/WS_Master_Thesis/install/uc1_robot_controllers_interfaces:/opt/ros/humble LD_LIBRARY_PATH=/home/maclab/Documents/ROS_WORKSPACES/WS_Master_Thesis/install/uc1_robot_perception/lib:/home/maclab/Documents/ROS_WORKSPACES/WS_Master_Thesis/install/uc1_robot_controllers_interfaces/lib:${LD_LIBRARY_PATH} PYTHONPATH=/home/maclab/Documents/ROS_WORKSPACES/WS_Master_Thesis/install/uc1_robot_perception/local/lib/python3.10/dist-packages:/home/maclab/Documents/ROS_WORKSPACES/WS_Master_Thesis/install/uc1_robot_controllers_interfaces/local/lib/python3.10/dist-packages:${PYTHONPATH} /usr/bin/cmake --install /home/maclab/Documents/ROS_WORKSPACES/WS_Master_Thesis/build/uc1_robot_controllers
[9.783s] Level 1:colcon.colcon_core.environment:checking '/home/maclab/Documents/ROS_WORKSPACES/WS_Master_Thesis/install/uc1_robot_controllers' for CMake config files
[9.784s] Level 1:colcon.colcon_core.shell:create_environment_hook('uc1_robot_controllers', 'cmake_prefix_path')
[9.784s] INFO:colcon.colcon_core.shell:Creating environment hook '/home/maclab/Documents/ROS_WORKSPACES/WS_Master_Thesis/install/uc1_robot_controllers/share/uc1_robot_controllers/hook/cmake_prefix_path.ps1'
[9.785s] INFO:colcon.colcon_core.shell:Creating environment descriptor '/home/maclab/Documents/ROS_WORKSPACES/WS_Master_Thesis/install/uc1_robot_controllers/share/uc1_robot_controllers/hook/cmake_prefix_path.dsv'
[9.785s] INFO:colcon.colcon_core.shell:Creating environment hook '/home/maclab/Documents/ROS_WORKSPACES/WS_Master_Thesis/install/uc1_robot_controllers/share/uc1_robot_controllers/hook/cmake_prefix_path.sh'
[9.785s] Level 1:colcon.colcon_core.environment:checking '/home/maclab/Documents/ROS_WORKSPACES/WS_Master_Thesis/install/uc1_robot_controllers/lib'
[9.785s] Level 1:colcon.colcon_core.environment:checking '/home/maclab/Documents/ROS_WORKSPACES/WS_Master_Thesis/install/uc1_robot_controllers/bin'
[9.785s] Level 1:colcon.colcon_core.environment:checking '/home/maclab/Documents/ROS_WORKSPACES/WS_Master_Thesis/install/uc1_robot_controllers/lib/pkgconfig/uc1_robot_controllers.pc'
[9.785s] Level 1:colcon.colcon_core.environment:checking '/home/maclab/Documents/ROS_WORKSPACES/WS_Master_Thesis/install/uc1_robot_controllers/lib/python3.10/site-packages'
[9.786s] Level 1:colcon.colcon_core.environment:checking '/home/maclab/Documents/ROS_WORKSPACES/WS_Master_Thesis/install/uc1_robot_controllers/bin'
[9.786s] INFO:colcon.colcon_core.shell:Creating package script '/home/maclab/Documents/ROS_WORKSPACES/WS_Master_Thesis/install/uc1_robot_controllers/share/uc1_robot_controllers/package.ps1'
[9.786s] INFO:colcon.colcon_core.shell:Creating package descriptor '/home/maclab/Documents/ROS_WORKSPACES/WS_Master_Thesis/install/uc1_robot_controllers/share/uc1_robot_controllers/package.dsv'
[9.786s] INFO:colcon.colcon_core.shell:Creating package script '/home/maclab/Documents/ROS_WORKSPACES/WS_Master_Thesis/install/uc1_robot_controllers/share/uc1_robot_controllers/package.sh'
[9.787s] INFO:colcon.colcon_core.shell:Creating package script '/home/maclab/Documents/ROS_WORKSPACES/WS_Master_Thesis/install/uc1_robot_controllers/share/uc1_robot_controllers/package.bash'
[9.787s] INFO:colcon.colcon_core.shell:Creating package script '/home/maclab/Documents/ROS_WORKSPACES/WS_Master_Thesis/install/uc1_robot_controllers/share/uc1_robot_controllers/package.zsh'
[9.787s] Level 1:colcon.colcon_core.environment:create_file_with_runtime_dependencies(/home/maclab/Documents/ROS_WORKSPACES/WS_Master_Thesis/install/uc1_robot_controllers/share/colcon-core/packages/uc1_robot_controllers)
[9.787s] Level 1:colcon.colcon_core.environment:create_environment_scripts_only(uc1_robot_controllers)
[9.788s] Level 1:colcon.colcon_core.environment:checking '/home/maclab/Documents/ROS_WORKSPACES/WS_Master_Thesis/install/uc1_robot_controllers' for CMake module files
[9.788s] Level 1:colcon.colcon_core.environment:checking '/home/maclab/Documents/ROS_WORKSPACES/WS_Master_Thesis/install/uc1_robot_controllers' for CMake config files
[9.788s] Level 1:colcon.colcon_core.shell:create_environment_hook('uc1_robot_controllers', 'cmake_prefix_path')
[9.788s] INFO:colcon.colcon_core.shell:Creating environment hook '/home/maclab/Documents/ROS_WORKSPACES/WS_Master_Thesis/install/uc1_robot_controllers/share/uc1_robot_controllers/hook/cmake_prefix_path.ps1'
[9.789s] INFO:colcon.colcon_core.shell:Creating environment descriptor '/home/maclab/Documents/ROS_WORKSPACES/WS_Master_Thesis/install/uc1_robot_controllers/share/uc1_robot_controllers/hook/cmake_prefix_path.dsv'
[9.789s] INFO:colcon.colcon_core.shell:Creating environment hook '/home/maclab/Documents/ROS_WORKSPACES/WS_Master_Thesis/install/uc1_robot_controllers/share/uc1_robot_controllers/hook/cmake_prefix_path.sh'
[9.789s] Level 1:colcon.colcon_core.environment:checking '/home/maclab/Documents/ROS_WORKSPACES/WS_Master_Thesis/install/uc1_robot_controllers/lib'
[9.789s] Level 1:colcon.colcon_core.environment:checking '/home/maclab/Documents/ROS_WORKSPACES/WS_Master_Thesis/install/uc1_robot_controllers/bin'
[9.789s] Level 1:colcon.colcon_core.environment:checking '/home/maclab/Documents/ROS_WORKSPACES/WS_Master_Thesis/install/uc1_robot_controllers/lib/pkgconfig/uc1_robot_controllers.pc'
[9.790s] Level 1:colcon.colcon_core.environment:checking '/home/maclab/Documents/ROS_WORKSPACES/WS_Master_Thesis/install/uc1_robot_controllers/lib/python3.10/site-packages'
[9.790s] Level 1:colcon.colcon_core.environment:checking '/home/maclab/Documents/ROS_WORKSPACES/WS_Master_Thesis/install/uc1_robot_controllers/bin'
[9.790s] INFO:colcon.colcon_core.shell:Creating package script '/home/maclab/Documents/ROS_WORKSPACES/WS_Master_Thesis/install/uc1_robot_controllers/share/uc1_robot_controllers/package.ps1'
[9.791s] INFO:colcon.colcon_core.shell:Creating package descriptor '/home/maclab/Documents/ROS_WORKSPACES/WS_Master_Thesis/install/uc1_robot_controllers/share/uc1_robot_controllers/package.dsv'
[9.791s] INFO:colcon.colcon_core.shell:Creating package script '/home/maclab/Documents/ROS_WORKSPACES/WS_Master_Thesis/install/uc1_robot_controllers/share/uc1_robot_controllers/package.sh'
[9.791s] INFO:colcon.colcon_core.shell:Creating package script '/home/maclab/Documents/ROS_WORKSPACES/WS_Master_Thesis/install/uc1_robot_controllers/share/uc1_robot_controllers/package.bash'
[9.791s] INFO:colcon.colcon_core.shell:Creating package script '/home/maclab/Documents/ROS_WORKSPACES/WS_Master_Thesis/install/uc1_robot_controllers/share/uc1_robot_controllers/package.zsh'
[9.792s] Level 1:colcon.colcon_core.environment:create_file_with_runtime_dependencies(/home/maclab/Documents/ROS_WORKSPACES/WS_Master_Thesis/install/uc1_robot_controllers/share/colcon-core/packages/uc1_robot_controllers)
[9.792s] DEBUG:colcon.colcon_parallel_executor.executor.parallel:closing loop
[9.792s] DEBUG:colcon.colcon_parallel_executor.executor.parallel:loop closed
[9.792s] DEBUG:colcon.colcon_parallel_executor.executor.parallel:run_until_complete finished with '0'
[9.792s] DEBUG:colcon.colcon_core.event_reactor:joining thread
[9.796s] INFO:colcon.colcon_core.plugin_system:Skipping extension 'colcon_notification.desktop_notification.terminal_notifier': Not used on non-Darwin systems
[9.796s] INFO:colcon.colcon_core.plugin_system:Skipping extension 'colcon_notification.desktop_notification.win32': Not used on non-Windows systems
[9.796s] INFO:colcon.colcon_notification.desktop_notification:Sending desktop notification using 'notify2'
[9.806s] DEBUG:colcon.colcon_core.event_reactor:joined thread
[9.806s] INFO:colcon.colcon_core.shell:Creating prefix script '/home/maclab/Documents/ROS_WORKSPACES/WS_Master_Thesis/install/local_setup.ps1'
[9.807s] INFO:colcon.colcon_core.shell:Creating prefix util module '/home/maclab/Documents/ROS_WORKSPACES/WS_Master_Thesis/install/_local_setup_util_ps1.py'
[9.808s] INFO:colcon.colcon_core.shell:Creating prefix chain script '/home/maclab/Documents/ROS_WORKSPACES/WS_Master_Thesis/install/setup.ps1'
[9.809s] INFO:colcon.colcon_core.shell:Creating prefix script '/home/maclab/Documents/ROS_WORKSPACES/WS_Master_Thesis/install/local_setup.sh'
[9.809s] INFO:colcon.colcon_core.shell:Creating prefix util module '/home/maclab/Documents/ROS_WORKSPACES/WS_Master_Thesis/install/_local_setup_util_sh.py'
[9.810s] INFO:colcon.colcon_core.shell:Creating prefix chain script '/home/maclab/Documents/ROS_WORKSPACES/WS_Master_Thesis/install/setup.sh'
[9.810s] INFO:colcon.colcon_core.shell:Creating prefix script '/home/maclab/Documents/ROS_WORKSPACES/WS_Master_Thesis/install/local_setup.bash'
[9.811s] INFO:colcon.colcon_core.shell:Creating prefix chain script '/home/maclab/Documents/ROS_WORKSPACES/WS_Master_Thesis/install/setup.bash'
[9.811s] INFO:colcon.colcon_core.shell:Creating prefix script '/home/maclab/Documents/ROS_WORKSPACES/WS_Master_Thesis/install/local_setup.zsh'
[9.812s] INFO:colcon.colcon_core.shell:Creating prefix chain script '/home/maclab/Documents/ROS_WORKSPACES/WS_Master_Thesis/install/setup.zsh'
