[0.047s] DEBUG:colcon:Command line arguments: ['/usr/bin/colcon', 'build']
[0.047s] DEBUG:colcon:Parsed command line arguments: Namespace(log_base=None, log_level=None, verb_name='build', build_base='build', install_base='install', merge_install=False, symlink_install=False, test_result_base=None, continue_on_error=False, executor='parallel', parallel_workers=32, event_handlers=None, ignore_user_meta=False, metas=['./colcon.meta'], base_paths=['.'], packages_ignore=None, packages_ignore_regex=None, paths=None, packages_up_to=None, packages_up_to_regex=None, packages_above=None, packages_above_and_dependencies=None, packages_above_depth=None, packages_select_by_dep=None, packages_skip_by_dep=None, packages_skip_up_to=None, packages_select_build_failed=False, packages_skip_build_finished=False, packages_select_test_failures=False, packages_skip_test_passed=False, packages_select=None, packages_skip=None, packages_select_regex=None, packages_skip_regex=None, packages_start=None, packages_end=None, allow_overriding=[], cmake_args=None, cmake_target=None, cmake_target_skip_unavailable=False, cmake_clean_cache=False, cmake_clean_first=False, cmake_force_configure=False, ament_cmake_args=None, catkin_cmake_args=None, catkin_skip_building_tests=False, mixin_files=None, mixin=None, verb_parser=<colcon_mixin.mixin.mixin_argument.MixinArgumentDecorator object at 0x7c8557e71ae0>, verb_extension=<colcon_core.verb.build.BuildVerb object at 0x7c8557e71450>, main=<bound method BuildVerb.main of <colcon_core.verb.build.BuildVerb object at 0x7c8557e71450>>, mixin_verb=('build',))
[0.110s] Level 1:colcon.colcon_core.package_discovery:discover_packages(colcon_meta) check parameters
[0.110s] Level 1:colcon.colcon_core.package_discovery:discover_packages(recursive) check parameters
[0.110s] Level 1:colcon.colcon_core.package_discovery:discover_packages(ignore) check parameters
[0.110s] Level 1:colcon.colcon_core.package_discovery:discover_packages(path) check parameters
[0.110s] Level 1:colcon.colcon_core.package_discovery:discover_packages(colcon_meta) discover
[0.110s] Level 1:colcon.colcon_core.package_discovery:discover_packages(recursive) discover
[0.110s] INFO:colcon.colcon_core.package_discovery:Crawling recursively for packages in '/home/maclab/Documents/ROS_WORKSPACES/WS_Master_Thesis'
[0.110s] Level 1:colcon.colcon_core.package_identification:_identify(.) by extensions ['ignore', 'ignore_ament_install']
[0.110s] Level 1:colcon.colcon_core.package_identification:_identify(.) by extension 'ignore'
[0.110s] Level 1:colcon.colcon_core.package_identification:_identify(.) by extension 'ignore_ament_install'
[0.110s] Level 1:colcon.colcon_core.package_identification:_identify(.) by extensions ['colcon_pkg']
[0.110s] Level 1:colcon.colcon_core.package_identification:_identify(.) by extension 'colcon_pkg'
[0.110s] Level 1:colcon.colcon_core.package_identification:_identify(.) by extensions ['colcon_meta']
[0.110s] Level 1:colcon.colcon_core.package_identification:_identify(.) by extension 'colcon_meta'
[0.110s] Level 1:colcon.colcon_core.package_identification:_identify(.) by extensions ['ros']
[0.110s] Level 1:colcon.colcon_core.package_identification:_identify(.) by extension 'ros'
[0.114s] Level 1:colcon.colcon_core.package_identification:_identify(.) by extensions ['cmake', 'python']
[0.114s] Level 1:colcon.colcon_core.package_identification:_identify(.) by extension 'cmake'
[0.114s] Level 1:colcon.colcon_core.package_identification:_identify(.) by extension 'python'
[0.115s] Level 1:colcon.colcon_core.package_identification:_identify(.) by extensions ['python_setup_py']
[0.115s] Level 1:colcon.colcon_core.package_identification:_identify(.) by extension 'python_setup_py'
[0.115s] Level 1:colcon.colcon_core.package_identification:_identify(build) by extensions ['ignore', 'ignore_ament_install']
[0.115s] Level 1:colcon.colcon_core.package_identification:_identify(build) by extension 'ignore'
[0.115s] Level 1:colcon.colcon_core.package_identification:_identify(build) ignored
[0.115s] Level 1:colcon.colcon_core.package_identification:_identify(install) by extensions ['ignore', 'ignore_ament_install']
[0.115s] Level 1:colcon.colcon_core.package_identification:_identify(install) by extension 'ignore'
[0.115s] Level 1:colcon.colcon_core.package_identification:_identify(install) ignored
[0.115s] Level 1:colcon.colcon_core.package_identification:_identify(log) by extensions ['ignore', 'ignore_ament_install']
[0.115s] Level 1:colcon.colcon_core.package_identification:_identify(log) by extension 'ignore'
[0.115s] Level 1:colcon.colcon_core.package_identification:_identify(log) ignored
[0.115s] Level 1:colcon.colcon_core.package_identification:_identify(src) by extensions ['ignore', 'ignore_ament_install']
[0.115s] Level 1:colcon.colcon_core.package_identification:_identify(src) by extension 'ignore'
[0.115s] Level 1:colcon.colcon_core.package_identification:_identify(src) by extension 'ignore_ament_install'
[0.115s] Level 1:colcon.colcon_core.package_identification:_identify(src) by extensions ['colcon_pkg']
[0.115s] Level 1:colcon.colcon_core.package_identification:_identify(src) by extension 'colcon_pkg'
[0.115s] Level 1:colcon.colcon_core.package_identification:_identify(src) by extensions ['colcon_meta']
[0.115s] Level 1:colcon.colcon_core.package_identification:_identify(src) by extension 'colcon_meta'
[0.115s] Level 1:colcon.colcon_core.package_identification:_identify(src) by extensions ['ros']
[0.115s] Level 1:colcon.colcon_core.package_identification:_identify(src) by extension 'ros'
[0.115s] Level 1:colcon.colcon_core.package_identification:_identify(src) by extensions ['cmake', 'python']
[0.115s] Level 1:colcon.colcon_core.package_identification:_identify(src) by extension 'cmake'
[0.115s] Level 1:colcon.colcon_core.package_identification:_identify(src) by extension 'python'
[0.115s] Level 1:colcon.colcon_core.package_identification:_identify(src) by extensions ['python_setup_py']
[0.115s] Level 1:colcon.colcon_core.package_identification:_identify(src) by extension 'python_setup_py'
[0.115s] Level 1:colcon.colcon_core.package_identification:_identify(src/environment_pointcloud_processing) by extensions ['ignore', 'ignore_ament_install']
[0.115s] Level 1:colcon.colcon_core.package_identification:_identify(src/environment_pointcloud_processing) by extension 'ignore'
[0.115s] Level 1:colcon.colcon_core.package_identification:_identify(src/environment_pointcloud_processing) by extension 'ignore_ament_install'
[0.115s] Level 1:colcon.colcon_core.package_identification:_identify(src/environment_pointcloud_processing) by extensions ['colcon_pkg']
[0.115s] Level 1:colcon.colcon_core.package_identification:_identify(src/environment_pointcloud_processing) by extension 'colcon_pkg'
[0.115s] Level 1:colcon.colcon_core.package_identification:_identify(src/environment_pointcloud_processing) by extensions ['colcon_meta']
[0.115s] Level 1:colcon.colcon_core.package_identification:_identify(src/environment_pointcloud_processing) by extension 'colcon_meta'
[0.115s] Level 1:colcon.colcon_core.package_identification:_identify(src/environment_pointcloud_processing) by extensions ['ros']
[0.115s] Level 1:colcon.colcon_core.package_identification:_identify(src/environment_pointcloud_processing) by extension 'ros'
[0.116s] DEBUG:colcon.colcon_core.package_identification:Package 'src/environment_pointcloud_processing' with type 'ros.ament_cmake' and name 'environment_pointcloud_processing'
[0.116s] Level 1:colcon.colcon_core.package_identification:_identify(src/keyboard_events_publisher) by extensions ['ignore', 'ignore_ament_install']
[0.117s] Level 1:colcon.colcon_core.package_identification:_identify(src/keyboard_events_publisher) by extension 'ignore'
[0.117s] Level 1:colcon.colcon_core.package_identification:_identify(src/keyboard_events_publisher) by extension 'ignore_ament_install'
[0.117s] Level 1:colcon.colcon_core.package_identification:_identify(src/keyboard_events_publisher) by extensions ['colcon_pkg']
[0.117s] Level 1:colcon.colcon_core.package_identification:_identify(src/keyboard_events_publisher) by extension 'colcon_pkg'
[0.117s] Level 1:colcon.colcon_core.package_identification:_identify(src/keyboard_events_publisher) by extensions ['colcon_meta']
[0.117s] Level 1:colcon.colcon_core.package_identification:_identify(src/keyboard_events_publisher) by extension 'colcon_meta'
[0.117s] Level 1:colcon.colcon_core.package_identification:_identify(src/keyboard_events_publisher) by extensions ['ros']
[0.117s] Level 1:colcon.colcon_core.package_identification:_identify(src/keyboard_events_publisher) by extension 'ros'
[0.117s] DEBUG:colcon.colcon_core.package_identification:Package 'src/keyboard_events_publisher' with type 'ros.ament_cmake' and name 'keyboard_publisher_pkg'
[0.117s] Level 1:colcon.colcon_core.package_identification:_identify(src/kuka_150_3100_description) by extensions ['ignore', 'ignore_ament_install']
[0.117s] Level 1:colcon.colcon_core.package_identification:_identify(src/kuka_150_3100_description) by extension 'ignore'
[0.117s] Level 1:colcon.colcon_core.package_identification:_identify(src/kuka_150_3100_description) by extension 'ignore_ament_install'
[0.117s] Level 1:colcon.colcon_core.package_identification:_identify(src/kuka_150_3100_description) by extensions ['colcon_pkg']
[0.117s] Level 1:colcon.colcon_core.package_identification:_identify(src/kuka_150_3100_description) by extension 'colcon_pkg'
[0.117s] Level 1:colcon.colcon_core.package_identification:_identify(src/kuka_150_3100_description) by extensions ['colcon_meta']
[0.117s] Level 1:colcon.colcon_core.package_identification:_identify(src/kuka_150_3100_description) by extension 'colcon_meta'
[0.117s] Level 1:colcon.colcon_core.package_identification:_identify(src/kuka_150_3100_description) by extensions ['ros']
[0.117s] Level 1:colcon.colcon_core.package_identification:_identify(src/kuka_150_3100_description) by extension 'ros'
[0.117s] DEBUG:colcon.colcon_core.package_identification:Package 'src/kuka_150_3100_description' with type 'ros.ament_cmake' and name 'kuka_150_3100_description'
[0.117s] Level 1:colcon.colcon_core.package_identification:_identify(src/kuka_resources) by extensions ['ignore', 'ignore_ament_install']
[0.117s] Level 1:colcon.colcon_core.package_identification:_identify(src/kuka_resources) by extension 'ignore'
[0.117s] Level 1:colcon.colcon_core.package_identification:_identify(src/kuka_resources) by extension 'ignore_ament_install'
[0.117s] Level 1:colcon.colcon_core.package_identification:_identify(src/kuka_resources) by extensions ['colcon_pkg']
[0.117s] Level 1:colcon.colcon_core.package_identification:_identify(src/kuka_resources) by extension 'colcon_pkg'
[0.117s] Level 1:colcon.colcon_core.package_identification:_identify(src/kuka_resources) by extensions ['colcon_meta']
[0.117s] Level 1:colcon.colcon_core.package_identification:_identify(src/kuka_resources) by extension 'colcon_meta'
[0.117s] Level 1:colcon.colcon_core.package_identification:_identify(src/kuka_resources) by extensions ['ros']
[0.117s] Level 1:colcon.colcon_core.package_identification:_identify(src/kuka_resources) by extension 'ros'
[0.118s] DEBUG:colcon.colcon_core.package_identification:Package 'src/kuka_resources' with type 'ros.ament_cmake' and name 'kuka_resources'
[0.118s] Level 1:colcon.colcon_core.package_identification:_identify(src/pointcloud_interactive_markers) by extensions ['ignore', 'ignore_ament_install']
[0.118s] Level 1:colcon.colcon_core.package_identification:_identify(src/pointcloud_interactive_markers) by extension 'ignore'
[0.118s] Level 1:colcon.colcon_core.package_identification:_identify(src/pointcloud_interactive_markers) by extension 'ignore_ament_install'
[0.118s] Level 1:colcon.colcon_core.package_identification:_identify(src/pointcloud_interactive_markers) by extensions ['colcon_pkg']
[0.118s] Level 1:colcon.colcon_core.package_identification:_identify(src/pointcloud_interactive_markers) by extension 'colcon_pkg'
[0.118s] Level 1:colcon.colcon_core.package_identification:_identify(src/pointcloud_interactive_markers) by extensions ['colcon_meta']
[0.118s] Level 1:colcon.colcon_core.package_identification:_identify(src/pointcloud_interactive_markers) by extension 'colcon_meta'
[0.118s] Level 1:colcon.colcon_core.package_identification:_identify(src/pointcloud_interactive_markers) by extensions ['ros']
[0.118s] Level 1:colcon.colcon_core.package_identification:_identify(src/pointcloud_interactive_markers) by extension 'ros'
[0.118s] DEBUG:colcon.colcon_core.package_identification:Package 'src/pointcloud_interactive_markers' with type 'ros.ament_cmake' and name 'pointcloud_interactive_markers'
[0.118s] Level 1:colcon.colcon_core.package_identification:_identify(src/rsp_uc1) by extensions ['ignore', 'ignore_ament_install']
[0.118s] Level 1:colcon.colcon_core.package_identification:_identify(src/rsp_uc1) by extension 'ignore'
[0.118s] Level 1:colcon.colcon_core.package_identification:_identify(src/rsp_uc1) by extension 'ignore_ament_install'
[0.118s] Level 1:colcon.colcon_core.package_identification:_identify(src/rsp_uc1) by extensions ['colcon_pkg']
[0.118s] Level 1:colcon.colcon_core.package_identification:_identify(src/rsp_uc1) by extension 'colcon_pkg'
[0.118s] Level 1:colcon.colcon_core.package_identification:_identify(src/rsp_uc1) by extensions ['colcon_meta']
[0.118s] Level 1:colcon.colcon_core.package_identification:_identify(src/rsp_uc1) by extension 'colcon_meta'
[0.118s] Level 1:colcon.colcon_core.package_identification:_identify(src/rsp_uc1) by extensions ['ros']
[0.118s] Level 1:colcon.colcon_core.package_identification:_identify(src/rsp_uc1) by extension 'ros'
[0.119s] DEBUG:colcon.colcon_core.package_identification:Package 'src/rsp_uc1' with type 'ros.ament_cmake' and name 'rsp_uc1'
[0.119s] Level 1:colcon.colcon_core.package_identification:_identify(src/uc1_robot_controllers) by extensions ['ignore', 'ignore_ament_install']
[0.119s] Level 1:colcon.colcon_core.package_identification:_identify(src/uc1_robot_controllers) by extension 'ignore'
[0.119s] Level 1:colcon.colcon_core.package_identification:_identify(src/uc1_robot_controllers) by extension 'ignore_ament_install'
[0.119s] Level 1:colcon.colcon_core.package_identification:_identify(src/uc1_robot_controllers) by extensions ['colcon_pkg']
[0.119s] Level 1:colcon.colcon_core.package_identification:_identify(src/uc1_robot_controllers) by extension 'colcon_pkg'
[0.119s] Level 1:colcon.colcon_core.package_identification:_identify(src/uc1_robot_controllers) by extensions ['colcon_meta']
[0.119s] Level 1:colcon.colcon_core.package_identification:_identify(src/uc1_robot_controllers) by extension 'colcon_meta'
[0.119s] Level 1:colcon.colcon_core.package_identification:_identify(src/uc1_robot_controllers) by extensions ['ros']
[0.119s] Level 1:colcon.colcon_core.package_identification:_identify(src/uc1_robot_controllers) by extension 'ros'
[0.120s] DEBUG:colcon.colcon_core.package_identification:Package 'src/uc1_robot_controllers' with type 'ros.ament_cmake' and name 'uc1_robot_controllers'
[0.120s] Level 1:colcon.colcon_core.package_identification:_identify(src/uc1_robot_controllers_interfaces) by extensions ['ignore', 'ignore_ament_install']
[0.120s] Level 1:colcon.colcon_core.package_identification:_identify(src/uc1_robot_controllers_interfaces) by extension 'ignore'
[0.120s] Level 1:colcon.colcon_core.package_identification:_identify(src/uc1_robot_controllers_interfaces) by extension 'ignore_ament_install'
[0.120s] Level 1:colcon.colcon_core.package_identification:_identify(src/uc1_robot_controllers_interfaces) by extensions ['colcon_pkg']
[0.120s] Level 1:colcon.colcon_core.package_identification:_identify(src/uc1_robot_controllers_interfaces) by extension 'colcon_pkg'
[0.120s] Level 1:colcon.colcon_core.package_identification:_identify(src/uc1_robot_controllers_interfaces) by extensions ['colcon_meta']
[0.120s] Level 1:colcon.colcon_core.package_identification:_identify(src/uc1_robot_controllers_interfaces) by extension 'colcon_meta'
[0.120s] Level 1:colcon.colcon_core.package_identification:_identify(src/uc1_robot_controllers_interfaces) by extensions ['ros']
[0.120s] Level 1:colcon.colcon_core.package_identification:_identify(src/uc1_robot_controllers_interfaces) by extension 'ros'
[0.120s] DEBUG:colcon.colcon_core.package_identification:Package 'src/uc1_robot_controllers_interfaces' with type 'ros.ament_cmake' and name 'uc1_robot_controllers_interfaces'
[0.120s] Level 1:colcon.colcon_core.package_identification:_identify(src/uc1_robot_perception) by extensions ['ignore', 'ignore_ament_install']
[0.120s] Level 1:colcon.colcon_core.package_identification:_identify(src/uc1_robot_perception) by extension 'ignore'
[0.120s] Level 1:colcon.colcon_core.package_identification:_identify(src/uc1_robot_perception) by extension 'ignore_ament_install'
[0.120s] Level 1:colcon.colcon_core.package_identification:_identify(src/uc1_robot_perception) by extensions ['colcon_pkg']
[0.120s] Level 1:colcon.colcon_core.package_identification:_identify(src/uc1_robot_perception) by extension 'colcon_pkg'
[0.120s] Level 1:colcon.colcon_core.package_identification:_identify(src/uc1_robot_perception) by extensions ['colcon_meta']
[0.120s] Level 1:colcon.colcon_core.package_identification:_identify(src/uc1_robot_perception) by extension 'colcon_meta'
[0.120s] Level 1:colcon.colcon_core.package_identification:_identify(src/uc1_robot_perception) by extensions ['ros']
[0.120s] Level 1:colcon.colcon_core.package_identification:_identify(src/uc1_robot_perception) by extension 'ros'
[0.121s] DEBUG:colcon.colcon_core.package_identification:Package 'src/uc1_robot_perception' with type 'ros.ament_cmake' and name 'uc1_robot_perception'
[0.121s] Level 1:colcon.colcon_core.package_identification:_identify(src/uc1_robots_description) by extensions ['ignore', 'ignore_ament_install']
[0.121s] Level 1:colcon.colcon_core.package_identification:_identify(src/uc1_robots_description) by extension 'ignore'
[0.121s] Level 1:colcon.colcon_core.package_identification:_identify(src/uc1_robots_description) by extension 'ignore_ament_install'
[0.121s] Level 1:colcon.colcon_core.package_identification:_identify(src/uc1_robots_description) by extensions ['colcon_pkg']
[0.121s] Level 1:colcon.colcon_core.package_identification:_identify(src/uc1_robots_description) by extension 'colcon_pkg'
[0.121s] Level 1:colcon.colcon_core.package_identification:_identify(src/uc1_robots_description) by extensions ['colcon_meta']
[0.121s] Level 1:colcon.colcon_core.package_identification:_identify(src/uc1_robots_description) by extension 'colcon_meta'
[0.121s] Level 1:colcon.colcon_core.package_identification:_identify(src/uc1_robots_description) by extensions ['ros']
[0.121s] Level 1:colcon.colcon_core.package_identification:_identify(src/uc1_robots_description) by extension 'ros'
[0.121s] DEBUG:colcon.colcon_core.package_identification:Package 'src/uc1_robots_description' with type 'ros.ament_cmake' and name 'uc1_robots_description'
[0.121s] Level 1:colcon.colcon_core.package_identification:_identify(src/ur_admittance_controller) by extensions ['ignore', 'ignore_ament_install']
[0.121s] Level 1:colcon.colcon_core.package_identification:_identify(src/ur_admittance_controller) by extension 'ignore'
[0.121s] Level 1:colcon.colcon_core.package_identification:_identify(src/ur_admittance_controller) by extension 'ignore_ament_install'
[0.121s] Level 1:colcon.colcon_core.package_identification:_identify(src/ur_admittance_controller) by extensions ['colcon_pkg']
[0.121s] Level 1:colcon.colcon_core.package_identification:_identify(src/ur_admittance_controller) by extension 'colcon_pkg'
[0.121s] Level 1:colcon.colcon_core.package_identification:_identify(src/ur_admittance_controller) by extensions ['colcon_meta']
[0.121s] Level 1:colcon.colcon_core.package_identification:_identify(src/ur_admittance_controller) by extension 'colcon_meta'
[0.121s] Level 1:colcon.colcon_core.package_identification:_identify(src/ur_admittance_controller) by extensions ['ros']
[0.121s] Level 1:colcon.colcon_core.package_identification:_identify(src/ur_admittance_controller) by extension 'ros'
[0.122s] DEBUG:colcon.colcon_core.package_identification:Package 'src/ur_admittance_controller' with type 'ros.ament_cmake' and name 'ur_admittance_controller'
[0.122s] Level 1:colcon.colcon_core.package_discovery:discover_packages(recursive) using defaults
[0.122s] Level 1:colcon.colcon_core.package_discovery:discover_packages(ignore) discover
[0.122s] Level 1:colcon.colcon_core.package_discovery:discover_packages(ignore) using defaults
[0.122s] Level 1:colcon.colcon_core.package_discovery:discover_packages(path) discover
[0.122s] Level 1:colcon.colcon_core.package_discovery:discover_packages(path) using defaults
[0.134s] Level 1:colcon.colcon_core.package_discovery:discover_packages(prefix_path) check parameters
[0.134s] Level 1:colcon.colcon_core.package_discovery:discover_packages(prefix_path) discover
[0.135s] DEBUG:colcon.colcon_installed_package_information.package_discovery:Found 311 installed packages in /opt/ros/humble
[0.136s] Level 1:colcon.colcon_core.package_discovery:discover_packages(prefix_path) using defaults
[0.151s] Level 5:colcon.colcon_core.verb:set package 'environment_pointcloud_processing' build argument 'cmake_args' from command line to 'None'
[0.151s] Level 5:colcon.colcon_core.verb:set package 'environment_pointcloud_processing' build argument 'cmake_target' from command line to 'None'
[0.151s] Level 5:colcon.colcon_core.verb:set package 'environment_pointcloud_processing' build argument 'cmake_target_skip_unavailable' from command line to 'False'
[0.151s] Level 5:colcon.colcon_core.verb:set package 'environment_pointcloud_processing' build argument 'cmake_clean_cache' from command line to 'False'
[0.151s] Level 5:colcon.colcon_core.verb:set package 'environment_pointcloud_processing' build argument 'cmake_clean_first' from command line to 'False'
[0.151s] Level 5:colcon.colcon_core.verb:set package 'environment_pointcloud_processing' build argument 'cmake_force_configure' from command line to 'False'
[0.151s] Level 5:colcon.colcon_core.verb:set package 'environment_pointcloud_processing' build argument 'ament_cmake_args' from command line to 'None'
[0.151s] Level 5:colcon.colcon_core.verb:set package 'environment_pointcloud_processing' build argument 'catkin_cmake_args' from command line to 'None'
[0.151s] Level 5:colcon.colcon_core.verb:set package 'environment_pointcloud_processing' build argument 'catkin_skip_building_tests' from command line to 'False'
[0.151s] DEBUG:colcon.colcon_core.verb:Building package 'environment_pointcloud_processing' with the following arguments: {'ament_cmake_args': None, 'build_base': '/home/maclab/Documents/ROS_WORKSPACES/WS_Master_Thesis/build/environment_pointcloud_processing', 'catkin_cmake_args': None, 'catkin_skip_building_tests': False, 'cmake_args': None, 'cmake_clean_cache': False, 'cmake_clean_first': False, 'cmake_force_configure': False, 'cmake_target': None, 'cmake_target_skip_unavailable': False, 'install_base': '/home/maclab/Documents/ROS_WORKSPACES/WS_Master_Thesis/install/environment_pointcloud_processing', 'merge_install': False, 'path': '/home/maclab/Documents/ROS_WORKSPACES/WS_Master_Thesis/src/environment_pointcloud_processing', 'symlink_install': False, 'test_result_base': None}
[0.151s] Level 5:colcon.colcon_core.verb:set package 'keyboard_publisher_pkg' build argument 'cmake_args' from command line to 'None'
[0.151s] Level 5:colcon.colcon_core.verb:set package 'keyboard_publisher_pkg' build argument 'cmake_target' from command line to 'None'
[0.151s] Level 5:colcon.colcon_core.verb:set package 'keyboard_publisher_pkg' build argument 'cmake_target_skip_unavailable' from command line to 'False'
[0.151s] Level 5:colcon.colcon_core.verb:set package 'keyboard_publisher_pkg' build argument 'cmake_clean_cache' from command line to 'False'
[0.151s] Level 5:colcon.colcon_core.verb:set package 'keyboard_publisher_pkg' build argument 'cmake_clean_first' from command line to 'False'
[0.151s] Level 5:colcon.colcon_core.verb:set package 'keyboard_publisher_pkg' build argument 'cmake_force_configure' from command line to 'False'
[0.151s] Level 5:colcon.colcon_core.verb:set package 'keyboard_publisher_pkg' build argument 'ament_cmake_args' from command line to 'None'
[0.151s] Level 5:colcon.colcon_core.verb:set package 'keyboard_publisher_pkg' build argument 'catkin_cmake_args' from command line to 'None'
[0.151s] Level 5:colcon.colcon_core.verb:set package 'keyboard_publisher_pkg' build argument 'catkin_skip_building_tests' from command line to 'False'
[0.152s] DEBUG:colcon.colcon_core.verb:Building package 'keyboard_publisher_pkg' with the following arguments: {'ament_cmake_args': None, 'build_base': '/home/maclab/Documents/ROS_WORKSPACES/WS_Master_Thesis/build/keyboard_publisher_pkg', 'catkin_cmake_args': None, 'catkin_skip_building_tests': False, 'cmake_args': None, 'cmake_clean_cache': False, 'cmake_clean_first': False, 'cmake_force_configure': False, 'cmake_target': None, 'cmake_target_skip_unavailable': False, 'install_base': '/home/maclab/Documents/ROS_WORKSPACES/WS_Master_Thesis/install/keyboard_publisher_pkg', 'merge_install': False, 'path': '/home/maclab/Documents/ROS_WORKSPACES/WS_Master_Thesis/src/keyboard_events_publisher', 'symlink_install': False, 'test_result_base': None}
[0.152s] Level 5:colcon.colcon_core.verb:set package 'kuka_150_3100_description' build argument 'cmake_args' from command line to 'None'
[0.152s] Level 5:colcon.colcon_core.verb:set package 'kuka_150_3100_description' build argument 'cmake_target' from command line to 'None'
[0.152s] Level 5:colcon.colcon_core.verb:set package 'kuka_150_3100_description' build argument 'cmake_target_skip_unavailable' from command line to 'False'
[0.152s] Level 5:colcon.colcon_core.verb:set package 'kuka_150_3100_description' build argument 'cmake_clean_cache' from command line to 'False'
[0.152s] Level 5:colcon.colcon_core.verb:set package 'kuka_150_3100_description' build argument 'cmake_clean_first' from command line to 'False'
[0.152s] Level 5:colcon.colcon_core.verb:set package 'kuka_150_3100_description' build argument 'cmake_force_configure' from command line to 'False'
[0.152s] Level 5:colcon.colcon_core.verb:set package 'kuka_150_3100_description' build argument 'ament_cmake_args' from command line to 'None'
[0.152s] Level 5:colcon.colcon_core.verb:set package 'kuka_150_3100_description' build argument 'catkin_cmake_args' from command line to 'None'
[0.152s] Level 5:colcon.colcon_core.verb:set package 'kuka_150_3100_description' build argument 'catkin_skip_building_tests' from command line to 'False'
[0.152s] DEBUG:colcon.colcon_core.verb:Building package 'kuka_150_3100_description' with the following arguments: {'ament_cmake_args': None, 'build_base': '/home/maclab/Documents/ROS_WORKSPACES/WS_Master_Thesis/build/kuka_150_3100_description', 'catkin_cmake_args': None, 'catkin_skip_building_tests': False, 'cmake_args': None, 'cmake_clean_cache': False, 'cmake_clean_first': False, 'cmake_force_configure': False, 'cmake_target': None, 'cmake_target_skip_unavailable': False, 'install_base': '/home/maclab/Documents/ROS_WORKSPACES/WS_Master_Thesis/install/kuka_150_3100_description', 'merge_install': False, 'path': '/home/maclab/Documents/ROS_WORKSPACES/WS_Master_Thesis/src/kuka_150_3100_description', 'symlink_install': False, 'test_result_base': None}
[0.152s] Level 5:colcon.colcon_core.verb:set package 'kuka_resources' build argument 'cmake_args' from command line to 'None'
[0.152s] Level 5:colcon.colcon_core.verb:set package 'kuka_resources' build argument 'cmake_target' from command line to 'None'
[0.152s] Level 5:colcon.colcon_core.verb:set package 'kuka_resources' build argument 'cmake_target_skip_unavailable' from command line to 'False'
[0.152s] Level 5:colcon.colcon_core.verb:set package 'kuka_resources' build argument 'cmake_clean_cache' from command line to 'False'
[0.152s] Level 5:colcon.colcon_core.verb:set package 'kuka_resources' build argument 'cmake_clean_first' from command line to 'False'
[0.152s] Level 5:colcon.colcon_core.verb:set package 'kuka_resources' build argument 'cmake_force_configure' from command line to 'False'
[0.152s] Level 5:colcon.colcon_core.verb:set package 'kuka_resources' build argument 'ament_cmake_args' from command line to 'None'
[0.152s] Level 5:colcon.colcon_core.verb:set package 'kuka_resources' build argument 'catkin_cmake_args' from command line to 'None'
[0.152s] Level 5:colcon.colcon_core.verb:set package 'kuka_resources' build argument 'catkin_skip_building_tests' from command line to 'False'
[0.152s] DEBUG:colcon.colcon_core.verb:Building package 'kuka_resources' with the following arguments: {'ament_cmake_args': None, 'build_base': '/home/maclab/Documents/ROS_WORKSPACES/WS_Master_Thesis/build/kuka_resources', 'catkin_cmake_args': None, 'catkin_skip_building_tests': False, 'cmake_args': None, 'cmake_clean_cache': False, 'cmake_clean_first': False, 'cmake_force_configure': False, 'cmake_target': None, 'cmake_target_skip_unavailable': False, 'install_base': '/home/maclab/Documents/ROS_WORKSPACES/WS_Master_Thesis/install/kuka_resources', 'merge_install': False, 'path': '/home/maclab/Documents/ROS_WORKSPACES/WS_Master_Thesis/src/kuka_resources', 'symlink_install': False, 'test_result_base': None}
[0.152s] Level 5:colcon.colcon_core.verb:set package 'pointcloud_interactive_markers' build argument 'cmake_args' from command line to 'None'
[0.152s] Level 5:colcon.colcon_core.verb:set package 'pointcloud_interactive_markers' build argument 'cmake_target' from command line to 'None'
[0.152s] Level 5:colcon.colcon_core.verb:set package 'pointcloud_interactive_markers' build argument 'cmake_target_skip_unavailable' from command line to 'False'
[0.152s] Level 5:colcon.colcon_core.verb:set package 'pointcloud_interactive_markers' build argument 'cmake_clean_cache' from command line to 'False'
[0.152s] Level 5:colcon.colcon_core.verb:set package 'pointcloud_interactive_markers' build argument 'cmake_clean_first' from command line to 'False'
[0.152s] Level 5:colcon.colcon_core.verb:set package 'pointcloud_interactive_markers' build argument 'cmake_force_configure' from command line to 'False'
[0.152s] Level 5:colcon.colcon_core.verb:set package 'pointcloud_interactive_markers' build argument 'ament_cmake_args' from command line to 'None'
[0.152s] Level 5:colcon.colcon_core.verb:set package 'pointcloud_interactive_markers' build argument 'catkin_cmake_args' from command line to 'None'
[0.152s] Level 5:colcon.colcon_core.verb:set package 'pointcloud_interactive_markers' build argument 'catkin_skip_building_tests' from command line to 'False'
[0.152s] DEBUG:colcon.colcon_core.verb:Building package 'pointcloud_interactive_markers' with the following arguments: {'ament_cmake_args': None, 'build_base': '/home/maclab/Documents/ROS_WORKSPACES/WS_Master_Thesis/build/pointcloud_interactive_markers', 'catkin_cmake_args': None, 'catkin_skip_building_tests': False, 'cmake_args': None, 'cmake_clean_cache': False, 'cmake_clean_first': False, 'cmake_force_configure': False, 'cmake_target': None, 'cmake_target_skip_unavailable': False, 'install_base': '/home/maclab/Documents/ROS_WORKSPACES/WS_Master_Thesis/install/pointcloud_interactive_markers', 'merge_install': False, 'path': '/home/maclab/Documents/ROS_WORKSPACES/WS_Master_Thesis/src/pointcloud_interactive_markers', 'symlink_install': False, 'test_result_base': None}
[0.152s] Level 5:colcon.colcon_core.verb:set package 'rsp_uc1' build argument 'cmake_args' from command line to 'None'
[0.152s] Level 5:colcon.colcon_core.verb:set package 'rsp_uc1' build argument 'cmake_target' from command line to 'None'
[0.152s] Level 5:colcon.colcon_core.verb:set package 'rsp_uc1' build argument 'cmake_target_skip_unavailable' from command line to 'False'
[0.152s] Level 5:colcon.colcon_core.verb:set package 'rsp_uc1' build argument 'cmake_clean_cache' from command line to 'False'
[0.152s] Level 5:colcon.colcon_core.verb:set package 'rsp_uc1' build argument 'cmake_clean_first' from command line to 'False'
[0.152s] Level 5:colcon.colcon_core.verb:set package 'rsp_uc1' build argument 'cmake_force_configure' from command line to 'False'
[0.152s] Level 5:colcon.colcon_core.verb:set package 'rsp_uc1' build argument 'ament_cmake_args' from command line to 'None'
[0.152s] Level 5:colcon.colcon_core.verb:set package 'rsp_uc1' build argument 'catkin_cmake_args' from command line to 'None'
[0.152s] Level 5:colcon.colcon_core.verb:set package 'rsp_uc1' build argument 'catkin_skip_building_tests' from command line to 'False'
[0.152s] DEBUG:colcon.colcon_core.verb:Building package 'rsp_uc1' with the following arguments: {'ament_cmake_args': None, 'build_base': '/home/maclab/Documents/ROS_WORKSPACES/WS_Master_Thesis/build/rsp_uc1', 'catkin_cmake_args': None, 'catkin_skip_building_tests': False, 'cmake_args': None, 'cmake_clean_cache': False, 'cmake_clean_first': False, 'cmake_force_configure': False, 'cmake_target': None, 'cmake_target_skip_unavailable': False, 'install_base': '/home/maclab/Documents/ROS_WORKSPACES/WS_Master_Thesis/install/rsp_uc1', 'merge_install': False, 'path': '/home/maclab/Documents/ROS_WORKSPACES/WS_Master_Thesis/src/rsp_uc1', 'symlink_install': False, 'test_result_base': None}
[0.152s] Level 5:colcon.colcon_core.verb:set package 'uc1_robot_controllers_interfaces' build argument 'cmake_args' from command line to 'None'
[0.152s] Level 5:colcon.colcon_core.verb:set package 'uc1_robot_controllers_interfaces' build argument 'cmake_target' from command line to 'None'
[0.152s] Level 5:colcon.colcon_core.verb:set package 'uc1_robot_controllers_interfaces' build argument 'cmake_target_skip_unavailable' from command line to 'False'
[0.152s] Level 5:colcon.colcon_core.verb:set package 'uc1_robot_controllers_interfaces' build argument 'cmake_clean_cache' from command line to 'False'
[0.152s] Level 5:colcon.colcon_core.verb:set package 'uc1_robot_controllers_interfaces' build argument 'cmake_clean_first' from command line to 'False'
[0.152s] Level 5:colcon.colcon_core.verb:set package 'uc1_robot_controllers_interfaces' build argument 'cmake_force_configure' from command line to 'False'
[0.152s] Level 5:colcon.colcon_core.verb:set package 'uc1_robot_controllers_interfaces' build argument 'ament_cmake_args' from command line to 'None'
[0.153s] Level 5:colcon.colcon_core.verb:set package 'uc1_robot_controllers_interfaces' build argument 'catkin_cmake_args' from command line to 'None'
[0.153s] Level 5:colcon.colcon_core.verb:set package 'uc1_robot_controllers_interfaces' build argument 'catkin_skip_building_tests' from command line to 'False'
[0.153s] DEBUG:colcon.colcon_core.verb:Building package 'uc1_robot_controllers_interfaces' with the following arguments: {'ament_cmake_args': None, 'build_base': '/home/maclab/Documents/ROS_WORKSPACES/WS_Master_Thesis/build/uc1_robot_controllers_interfaces', 'catkin_cmake_args': None, 'catkin_skip_building_tests': False, 'cmake_args': None, 'cmake_clean_cache': False, 'cmake_clean_first': False, 'cmake_force_configure': False, 'cmake_target': None, 'cmake_target_skip_unavailable': False, 'install_base': '/home/maclab/Documents/ROS_WORKSPACES/WS_Master_Thesis/install/uc1_robot_controllers_interfaces', 'merge_install': False, 'path': '/home/maclab/Documents/ROS_WORKSPACES/WS_Master_Thesis/src/uc1_robot_controllers_interfaces', 'symlink_install': False, 'test_result_base': None}
[0.153s] Level 5:colcon.colcon_core.verb:set package 'uc1_robot_perception' build argument 'cmake_args' from command line to 'None'
[0.153s] Level 5:colcon.colcon_core.verb:set package 'uc1_robot_perception' build argument 'cmake_target' from command line to 'None'
[0.153s] Level 5:colcon.colcon_core.verb:set package 'uc1_robot_perception' build argument 'cmake_target_skip_unavailable' from command line to 'False'
[0.153s] Level 5:colcon.colcon_core.verb:set package 'uc1_robot_perception' build argument 'cmake_clean_cache' from command line to 'False'
[0.153s] Level 5:colcon.colcon_core.verb:set package 'uc1_robot_perception' build argument 'cmake_clean_first' from command line to 'False'
[0.153s] Level 5:colcon.colcon_core.verb:set package 'uc1_robot_perception' build argument 'cmake_force_configure' from command line to 'False'
[0.153s] Level 5:colcon.colcon_core.verb:set package 'uc1_robot_perception' build argument 'ament_cmake_args' from command line to 'None'
[0.153s] Level 5:colcon.colcon_core.verb:set package 'uc1_robot_perception' build argument 'catkin_cmake_args' from command line to 'None'
[0.153s] Level 5:colcon.colcon_core.verb:set package 'uc1_robot_perception' build argument 'catkin_skip_building_tests' from command line to 'False'
[0.153s] DEBUG:colcon.colcon_core.verb:Building package 'uc1_robot_perception' with the following arguments: {'ament_cmake_args': None, 'build_base': '/home/maclab/Documents/ROS_WORKSPACES/WS_Master_Thesis/build/uc1_robot_perception', 'catkin_cmake_args': None, 'catkin_skip_building_tests': False, 'cmake_args': None, 'cmake_clean_cache': False, 'cmake_clean_first': False, 'cmake_force_configure': False, 'cmake_target': None, 'cmake_target_skip_unavailable': False, 'install_base': '/home/maclab/Documents/ROS_WORKSPACES/WS_Master_Thesis/install/uc1_robot_perception', 'merge_install': False, 'path': '/home/maclab/Documents/ROS_WORKSPACES/WS_Master_Thesis/src/uc1_robot_perception', 'symlink_install': False, 'test_result_base': None}
[0.153s] Level 5:colcon.colcon_core.verb:set package 'uc1_robots_description' build argument 'cmake_args' from command line to 'None'
[0.153s] Level 5:colcon.colcon_core.verb:set package 'uc1_robots_description' build argument 'cmake_target' from command line to 'None'
[0.153s] Level 5:colcon.colcon_core.verb:set package 'uc1_robots_description' build argument 'cmake_target_skip_unavailable' from command line to 'False'
[0.153s] Level 5:colcon.colcon_core.verb:set package 'uc1_robots_description' build argument 'cmake_clean_cache' from command line to 'False'
[0.153s] Level 5:colcon.colcon_core.verb:set package 'uc1_robots_description' build argument 'cmake_clean_first' from command line to 'False'
[0.153s] Level 5:colcon.colcon_core.verb:set package 'uc1_robots_description' build argument 'cmake_force_configure' from command line to 'False'
[0.153s] Level 5:colcon.colcon_core.verb:set package 'uc1_robots_description' build argument 'ament_cmake_args' from command line to 'None'
[0.153s] Level 5:colcon.colcon_core.verb:set package 'uc1_robots_description' build argument 'catkin_cmake_args' from command line to 'None'
[0.153s] Level 5:colcon.colcon_core.verb:set package 'uc1_robots_description' build argument 'catkin_skip_building_tests' from command line to 'False'
[0.153s] DEBUG:colcon.colcon_core.verb:Building package 'uc1_robots_description' with the following arguments: {'ament_cmake_args': None, 'build_base': '/home/maclab/Documents/ROS_WORKSPACES/WS_Master_Thesis/build/uc1_robots_description', 'catkin_cmake_args': None, 'catkin_skip_building_tests': False, 'cmake_args': None, 'cmake_clean_cache': False, 'cmake_clean_first': False, 'cmake_force_configure': False, 'cmake_target': None, 'cmake_target_skip_unavailable': False, 'install_base': '/home/maclab/Documents/ROS_WORKSPACES/WS_Master_Thesis/install/uc1_robots_description', 'merge_install': False, 'path': '/home/maclab/Documents/ROS_WORKSPACES/WS_Master_Thesis/src/uc1_robots_description', 'symlink_install': False, 'test_result_base': None}
[0.153s] Level 5:colcon.colcon_core.verb:set package 'ur_admittance_controller' build argument 'cmake_args' from command line to 'None'
[0.153s] Level 5:colcon.colcon_core.verb:set package 'ur_admittance_controller' build argument 'cmake_target' from command line to 'None'
[0.153s] Level 5:colcon.colcon_core.verb:set package 'ur_admittance_controller' build argument 'cmake_target_skip_unavailable' from command line to 'False'
[0.153s] Level 5:colcon.colcon_core.verb:set package 'ur_admittance_controller' build argument 'cmake_clean_cache' from command line to 'False'
[0.153s] Level 5:colcon.colcon_core.verb:set package 'ur_admittance_controller' build argument 'cmake_clean_first' from command line to 'False'
[0.153s] Level 5:colcon.colcon_core.verb:set package 'ur_admittance_controller' build argument 'cmake_force_configure' from command line to 'False'
[0.153s] Level 5:colcon.colcon_core.verb:set package 'ur_admittance_controller' build argument 'ament_cmake_args' from command line to 'None'
[0.153s] Level 5:colcon.colcon_core.verb:set package 'ur_admittance_controller' build argument 'catkin_cmake_args' from command line to 'None'
[0.153s] Level 5:colcon.colcon_core.verb:set package 'ur_admittance_controller' build argument 'catkin_skip_building_tests' from command line to 'False'
[0.153s] DEBUG:colcon.colcon_core.verb:Building package 'ur_admittance_controller' with the following arguments: {'ament_cmake_args': None, 'build_base': '/home/maclab/Documents/ROS_WORKSPACES/WS_Master_Thesis/build/ur_admittance_controller', 'catkin_cmake_args': None, 'catkin_skip_building_tests': False, 'cmake_args': None, 'cmake_clean_cache': False, 'cmake_clean_first': False, 'cmake_force_configure': False, 'cmake_target': None, 'cmake_target_skip_unavailable': False, 'install_base': '/home/maclab/Documents/ROS_WORKSPACES/WS_Master_Thesis/install/ur_admittance_controller', 'merge_install': False, 'path': '/home/maclab/Documents/ROS_WORKSPACES/WS_Master_Thesis/src/ur_admittance_controller', 'symlink_install': False, 'test_result_base': None}
[0.153s] Level 5:colcon.colcon_core.verb:set package 'uc1_robot_controllers' build argument 'cmake_args' from command line to 'None'
[0.153s] Level 5:colcon.colcon_core.verb:set package 'uc1_robot_controllers' build argument 'cmake_target' from command line to 'None'
[0.153s] Level 5:colcon.colcon_core.verb:set package 'uc1_robot_controllers' build argument 'cmake_target_skip_unavailable' from command line to 'False'
[0.153s] Level 5:colcon.colcon_core.verb:set package 'uc1_robot_controllers' build argument 'cmake_clean_cache' from command line to 'False'
[0.153s] Level 5:colcon.colcon_core.verb:set package 'uc1_robot_controllers' build argument 'cmake_clean_first' from command line to 'False'
[0.153s] Level 5:colcon.colcon_core.verb:set package 'uc1_robot_controllers' build argument 'cmake_force_configure' from command line to 'False'
[0.153s] Level 5:colcon.colcon_core.verb:set package 'uc1_robot_controllers' build argument 'ament_cmake_args' from command line to 'None'
[0.153s] Level 5:colcon.colcon_core.verb:set package 'uc1_robot_controllers' build argument 'catkin_cmake_args' from command line to 'None'
[0.153s] Level 5:colcon.colcon_core.verb:set package 'uc1_robot_controllers' build argument 'catkin_skip_building_tests' from command line to 'False'
[0.153s] DEBUG:colcon.colcon_core.verb:Building package 'uc1_robot_controllers' with the following arguments: {'ament_cmake_args': None, 'build_base': '/home/maclab/Documents/ROS_WORKSPACES/WS_Master_Thesis/build/uc1_robot_controllers', 'catkin_cmake_args': None, 'catkin_skip_building_tests': False, 'cmake_args': None, 'cmake_clean_cache': False, 'cmake_clean_first': False, 'cmake_force_configure': False, 'cmake_target': None, 'cmake_target_skip_unavailable': False, 'install_base': '/home/maclab/Documents/ROS_WORKSPACES/WS_Master_Thesis/install/uc1_robot_controllers', 'merge_install': False, 'path': '/home/maclab/Documents/ROS_WORKSPACES/WS_Master_Thesis/src/uc1_robot_controllers', 'symlink_install': False, 'test_result_base': None}
[0.153s] INFO:colcon.colcon_core.executor:Executing jobs using 'parallel' executor
[0.154s] DEBUG:colcon.colcon_parallel_executor.executor.parallel:run_until_complete
[0.154s] INFO:colcon.colcon_ros.task.ament_cmake.build:Building ROS package in '/home/maclab/Documents/ROS_WORKSPACES/WS_Master_Thesis/src/uc1_robot_controllers_interfaces' with build type 'ament_cmake'
[0.154s] INFO:colcon.colcon_cmake.task.cmake.build:Building CMake package in '/home/maclab/Documents/ROS_WORKSPACES/WS_Master_Thesis/src/uc1_robot_controllers_interfaces'
[0.155s] INFO:colcon.colcon_core.plugin_system:Skipping extension 'colcon_core.shell.bat': Not used on non-Windows systems
[0.155s] INFO:colcon.colcon_core.shell:Skip shell extension 'powershell' for command environment: Not usable outside of PowerShell
[0.155s] DEBUG:colcon.colcon_core.shell:Skip shell extension 'dsv' for command environment
[0.156s] INFO:colcon.colcon_ros.task.ament_cmake.build:Building ROS package in '/home/maclab/Documents/ROS_WORKSPACES/WS_Master_Thesis/src/uc1_robot_perception' with build type 'ament_cmake'
[0.156s] INFO:colcon.colcon_cmake.task.cmake.build:Building CMake package in '/home/maclab/Documents/ROS_WORKSPACES/WS_Master_Thesis/src/uc1_robot_perception'
[0.157s] INFO:colcon.colcon_core.shell:Skip shell extension 'powershell' for command environment: Not usable outside of PowerShell
[0.157s] DEBUG:colcon.colcon_core.shell:Skip shell extension 'dsv' for command environment
[0.158s] INFO:colcon.colcon_ros.task.ament_cmake.build:Building ROS package in '/home/maclab/Documents/ROS_WORKSPACES/WS_Master_Thesis/src/environment_pointcloud_processing' with build type 'ament_cmake'
[0.158s] INFO:colcon.colcon_cmake.task.cmake.build:Building CMake package in '/home/maclab/Documents/ROS_WORKSPACES/WS_Master_Thesis/src/environment_pointcloud_processing'
[0.158s] INFO:colcon.colcon_core.shell:Skip shell extension 'powershell' for command environment: Not usable outside of PowerShell
[0.158s] DEBUG:colcon.colcon_core.shell:Skip shell extension 'dsv' for command environment
[0.159s] INFO:colcon.colcon_ros.task.ament_cmake.build:Building ROS package in '/home/maclab/Documents/ROS_WORKSPACES/WS_Master_Thesis/src/keyboard_events_publisher' with build type 'ament_cmake'
[0.159s] INFO:colcon.colcon_cmake.task.cmake.build:Building CMake package in '/home/maclab/Documents/ROS_WORKSPACES/WS_Master_Thesis/src/keyboard_events_publisher'
[0.159s] INFO:colcon.colcon_core.shell:Skip shell extension 'powershell' for command environment: Not usable outside of PowerShell
[0.159s] DEBUG:colcon.colcon_core.shell:Skip shell extension 'dsv' for command environment
[0.160s] INFO:colcon.colcon_ros.task.ament_cmake.build:Building ROS package in '/home/maclab/Documents/ROS_WORKSPACES/WS_Master_Thesis/src/kuka_150_3100_description' with build type 'ament_cmake'
[0.160s] INFO:colcon.colcon_cmake.task.cmake.build:Building CMake package in '/home/maclab/Documents/ROS_WORKSPACES/WS_Master_Thesis/src/kuka_150_3100_description'
[0.160s] INFO:colcon.colcon_core.shell:Skip shell extension 'powershell' for command environment: Not usable outside of PowerShell
[0.160s] DEBUG:colcon.colcon_core.shell:Skip shell extension 'dsv' for command environment
[0.161s] INFO:colcon.colcon_ros.task.ament_cmake.build:Building ROS package in '/home/maclab/Documents/ROS_WORKSPACES/WS_Master_Thesis/src/kuka_resources' with build type 'ament_cmake'
[0.161s] INFO:colcon.colcon_cmake.task.cmake.build:Building CMake package in '/home/maclab/Documents/ROS_WORKSPACES/WS_Master_Thesis/src/kuka_resources'
[0.161s] INFO:colcon.colcon_core.shell:Skip shell extension 'powershell' for command environment: Not usable outside of PowerShell
[0.161s] DEBUG:colcon.colcon_core.shell:Skip shell extension 'dsv' for command environment
[0.162s] INFO:colcon.colcon_ros.task.ament_cmake.build:Building ROS package in '/home/maclab/Documents/ROS_WORKSPACES/WS_Master_Thesis/src/pointcloud_interactive_markers' with build type 'ament_cmake'
[0.162s] INFO:colcon.colcon_cmake.task.cmake.build:Building CMake package in '/home/maclab/Documents/ROS_WORKSPACES/WS_Master_Thesis/src/pointcloud_interactive_markers'
[0.162s] INFO:colcon.colcon_core.shell:Skip shell extension 'powershell' for command environment: Not usable outside of PowerShell
[0.162s] DEBUG:colcon.colcon_core.shell:Skip shell extension 'dsv' for command environment
[0.163s] INFO:colcon.colcon_ros.task.ament_cmake.build:Building ROS package in '/home/maclab/Documents/ROS_WORKSPACES/WS_Master_Thesis/src/rsp_uc1' with build type 'ament_cmake'
[0.163s] INFO:colcon.colcon_cmake.task.cmake.build:Building CMake package in '/home/maclab/Documents/ROS_WORKSPACES/WS_Master_Thesis/src/rsp_uc1'
[0.163s] INFO:colcon.colcon_core.shell:Skip shell extension 'powershell' for command environment: Not usable outside of PowerShell
[0.163s] DEBUG:colcon.colcon_core.shell:Skip shell extension 'dsv' for command environment
[0.164s] INFO:colcon.colcon_ros.task.ament_cmake.build:Building ROS package in '/home/maclab/Documents/ROS_WORKSPACES/WS_Master_Thesis/src/uc1_robots_description' with build type 'ament_cmake'
[0.164s] INFO:colcon.colcon_cmake.task.cmake.build:Building CMake package in '/home/maclab/Documents/ROS_WORKSPACES/WS_Master_Thesis/src/uc1_robots_description'
[0.165s] INFO:colcon.colcon_core.shell:Skip shell extension 'powershell' for command environment: Not usable outside of PowerShell
[0.165s] DEBUG:colcon.colcon_core.shell:Skip shell extension 'dsv' for command environment
[0.166s] INFO:colcon.colcon_ros.task.ament_cmake.build:Building ROS package in '/home/maclab/Documents/ROS_WORKSPACES/WS_Master_Thesis/src/ur_admittance_controller' with build type 'ament_cmake'
[0.166s] INFO:colcon.colcon_cmake.task.cmake.build:Building CMake package in '/home/maclab/Documents/ROS_WORKSPACES/WS_Master_Thesis/src/ur_admittance_controller'
[0.166s] INFO:colcon.colcon_core.shell:Skip shell extension 'powershell' for command environment: Not usable outside of PowerShell
[0.166s] DEBUG:colcon.colcon_core.shell:Skip shell extension 'dsv' for command environment
[0.174s] DEBUG:colcon.colcon_core.event_handler.log_command:Invoking command in '/home/maclab/Documents/ROS_WORKSPACES/WS_Master_Thesis/build/uc1_robot_controllers_interfaces': CMAKE_PREFIX_PATH=/opt/ros/humble /usr/bin/cmake /home/maclab/Documents/ROS_WORKSPACES/WS_Master_Thesis/src/uc1_robot_controllers_interfaces -DCMAKE_INSTALL_PREFIX=/home/maclab/Documents/ROS_WORKSPACES/WS_Master_Thesis/install/uc1_robot_controllers_interfaces
[0.174s] DEBUG:colcon.colcon_core.event_handler.log_command:Invoking command in '/home/maclab/Documents/ROS_WORKSPACES/WS_Master_Thesis/build/uc1_robot_perception': CMAKE_PREFIX_PATH=/opt/ros/humble /usr/bin/cmake /home/maclab/Documents/ROS_WORKSPACES/WS_Master_Thesis/src/uc1_robot_perception -DCMAKE_INSTALL_PREFIX=/home/maclab/Documents/ROS_WORKSPACES/WS_Master_Thesis/install/uc1_robot_perception
[0.175s] DEBUG:colcon.colcon_core.event_handler.log_command:Invoking command in '/home/maclab/Documents/ROS_WORKSPACES/WS_Master_Thesis/build/environment_pointcloud_processing': CMAKE_PREFIX_PATH=/opt/ros/humble /usr/bin/cmake /home/maclab/Documents/ROS_WORKSPACES/WS_Master_Thesis/src/environment_pointcloud_processing -DCMAKE_INSTALL_PREFIX=/home/maclab/Documents/ROS_WORKSPACES/WS_Master_Thesis/install/environment_pointcloud_processing
[0.176s] DEBUG:colcon.colcon_core.event_handler.log_command:Invoking command in '/home/maclab/Documents/ROS_WORKSPACES/WS_Master_Thesis/build/keyboard_publisher_pkg': CMAKE_PREFIX_PATH=/opt/ros/humble /usr/bin/cmake /home/maclab/Documents/ROS_WORKSPACES/WS_Master_Thesis/src/keyboard_events_publisher -DCMAKE_INSTALL_PREFIX=/home/maclab/Documents/ROS_WORKSPACES/WS_Master_Thesis/install/keyboard_publisher_pkg
[0.177s] DEBUG:colcon.colcon_core.event_handler.log_command:Invoking command in '/home/maclab/Documents/ROS_WORKSPACES/WS_Master_Thesis/build/kuka_150_3100_description': CMAKE_PREFIX_PATH=/opt/ros/humble /usr/bin/cmake /home/maclab/Documents/ROS_WORKSPACES/WS_Master_Thesis/src/kuka_150_3100_description -DCMAKE_INSTALL_PREFIX=/home/maclab/Documents/ROS_WORKSPACES/WS_Master_Thesis/install/kuka_150_3100_description
[0.178s] DEBUG:colcon.colcon_core.event_handler.log_command:Invoking command in '/home/maclab/Documents/ROS_WORKSPACES/WS_Master_Thesis/build/kuka_resources': CMAKE_PREFIX_PATH=/opt/ros/humble /usr/bin/cmake /home/maclab/Documents/ROS_WORKSPACES/WS_Master_Thesis/src/kuka_resources -DCMAKE_INSTALL_PREFIX=/home/maclab/Documents/ROS_WORKSPACES/WS_Master_Thesis/install/kuka_resources
[0.179s] DEBUG:colcon.colcon_core.event_handler.log_command:Invoking command in '/home/maclab/Documents/ROS_WORKSPACES/WS_Master_Thesis/build/pointcloud_interactive_markers': CMAKE_PREFIX_PATH=/opt/ros/humble /usr/bin/cmake /home/maclab/Documents/ROS_WORKSPACES/WS_Master_Thesis/src/pointcloud_interactive_markers -DCMAKE_INSTALL_PREFIX=/home/maclab/Documents/ROS_WORKSPACES/WS_Master_Thesis/install/pointcloud_interactive_markers
[0.180s] DEBUG:colcon.colcon_core.event_handler.log_command:Invoking command in '/home/maclab/Documents/ROS_WORKSPACES/WS_Master_Thesis/build/rsp_uc1': CMAKE_PREFIX_PATH=/opt/ros/humble /usr/bin/cmake /home/maclab/Documents/ROS_WORKSPACES/WS_Master_Thesis/src/rsp_uc1 -DCMAKE_INSTALL_PREFIX=/home/maclab/Documents/ROS_WORKSPACES/WS_Master_Thesis/install/rsp_uc1
[0.181s] DEBUG:colcon.colcon_core.event_handler.log_command:Invoking command in '/home/maclab/Documents/ROS_WORKSPACES/WS_Master_Thesis/build/uc1_robots_description': CMAKE_PREFIX_PATH=/opt/ros/humble /usr/bin/cmake /home/maclab/Documents/ROS_WORKSPACES/WS_Master_Thesis/src/uc1_robots_description -DCMAKE_INSTALL_PREFIX=/home/maclab/Documents/ROS_WORKSPACES/WS_Master_Thesis/install/uc1_robots_description
[0.183s] DEBUG:colcon.colcon_core.event_handler.log_command:Invoking command in '/home/maclab/Documents/ROS_WORKSPACES/WS_Master_Thesis/build/ur_admittance_controller': CMAKE_PREFIX_PATH=/opt/ros/humble /usr/bin/cmake /home/maclab/Documents/ROS_WORKSPACES/WS_Master_Thesis/src/ur_admittance_controller -DCMAKE_INSTALL_PREFIX=/home/maclab/Documents/ROS_WORKSPACES/WS_Master_Thesis/install/ur_admittance_controller
[0.515s] DEBUG:colcon.colcon_core.event_handler.log_command:Invoked command in '/home/maclab/Documents/ROS_WORKSPACES/WS_Master_Thesis/build/uc1_robots_description' returned '0': CMAKE_PREFIX_PATH=/opt/ros/humble /usr/bin/cmake /home/maclab/Documents/ROS_WORKSPACES/WS_Master_Thesis/src/uc1_robots_description -DCMAKE_INSTALL_PREFIX=/home/maclab/Documents/ROS_WORKSPACES/WS_Master_Thesis/install/uc1_robots_description
[0.517s] DEBUG:colcon.colcon_core.event_handler.log_command:Invoking command in '/home/maclab/Documents/ROS_WORKSPACES/WS_Master_Thesis/build/uc1_robots_description': CMAKE_PREFIX_PATH=/opt/ros/humble /usr/bin/cmake --build /home/maclab/Documents/ROS_WORKSPACES/WS_Master_Thesis/build/uc1_robots_description -- -j32 -l32
[0.518s] DEBUG:colcon.colcon_core.event_handler.log_command:Invoked command in '/home/maclab/Documents/ROS_WORKSPACES/WS_Master_Thesis/build/kuka_150_3100_description' returned '0': CMAKE_PREFIX_PATH=/opt/ros/humble /usr/bin/cmake /home/maclab/Documents/ROS_WORKSPACES/WS_Master_Thesis/src/kuka_150_3100_description -DCMAKE_INSTALL_PREFIX=/home/maclab/Documents/ROS_WORKSPACES/WS_Master_Thesis/install/kuka_150_3100_description
[0.519s] DEBUG:colcon.colcon_core.event_handler.log_command:Invoking command in '/home/maclab/Documents/ROS_WORKSPACES/WS_Master_Thesis/build/kuka_150_3100_description': CMAKE_PREFIX_PATH=/opt/ros/humble /usr/bin/cmake --build /home/maclab/Documents/ROS_WORKSPACES/WS_Master_Thesis/build/kuka_150_3100_description -- -j32 -l32
[0.532s] DEBUG:colcon.colcon_core.event_handler.log_command:Invoked command in '/home/maclab/Documents/ROS_WORKSPACES/WS_Master_Thesis/build/kuka_resources' returned '0': CMAKE_PREFIX_PATH=/opt/ros/humble /usr/bin/cmake /home/maclab/Documents/ROS_WORKSPACES/WS_Master_Thesis/src/kuka_resources -DCMAKE_INSTALL_PREFIX=/home/maclab/Documents/ROS_WORKSPACES/WS_Master_Thesis/install/kuka_resources
[0.533s] DEBUG:colcon.colcon_core.event_handler.log_command:Invoking command in '/home/maclab/Documents/ROS_WORKSPACES/WS_Master_Thesis/build/kuka_resources': CMAKE_PREFIX_PATH=/opt/ros/humble /usr/bin/cmake --build /home/maclab/Documents/ROS_WORKSPACES/WS_Master_Thesis/build/kuka_resources -- -j32 -l32
[0.537s] DEBUG:colcon.colcon_core.event_handler.log_command:Invoked command in '/home/maclab/Documents/ROS_WORKSPACES/WS_Master_Thesis/build/uc1_robots_description' returned '0': CMAKE_PREFIX_PATH=/opt/ros/humble /usr/bin/cmake --build /home/maclab/Documents/ROS_WORKSPACES/WS_Master_Thesis/build/uc1_robots_description -- -j32 -l32
[0.543s] DEBUG:colcon.colcon_core.event_handler.log_command:Invoking command in '/home/maclab/Documents/ROS_WORKSPACES/WS_Master_Thesis/build/uc1_robots_description': CMAKE_PREFIX_PATH=/opt/ros/humble /usr/bin/cmake --install /home/maclab/Documents/ROS_WORKSPACES/WS_Master_Thesis/build/uc1_robots_description
[0.548s] DEBUG:colcon.colcon_core.event_handler.log_command:Invoked command in '/home/maclab/Documents/ROS_WORKSPACES/WS_Master_Thesis/build/kuka_150_3100_description' returned '0': CMAKE_PREFIX_PATH=/opt/ros/humble /usr/bin/cmake --build /home/maclab/Documents/ROS_WORKSPACES/WS_Master_Thesis/build/kuka_150_3100_description -- -j32 -l32
[0.549s] DEBUG:colcon.colcon_core.event_handler.log_command:Invoking command in '/home/maclab/Documents/ROS_WORKSPACES/WS_Master_Thesis/build/kuka_150_3100_description': CMAKE_PREFIX_PATH=/opt/ros/humble /usr/bin/cmake --install /home/maclab/Documents/ROS_WORKSPACES/WS_Master_Thesis/build/kuka_150_3100_description
[0.553s] DEBUG:colcon.colcon_core.event_handler.log_command:Invoked command in '/home/maclab/Documents/ROS_WORKSPACES/WS_Master_Thesis/build/kuka_resources' returned '0': CMAKE_PREFIX_PATH=/opt/ros/humble /usr/bin/cmake --build /home/maclab/Documents/ROS_WORKSPACES/WS_Master_Thesis/build/kuka_resources -- -j32 -l32
[0.554s] DEBUG:colcon.colcon_core.event_handler.log_command:Invoking command in '/home/maclab/Documents/ROS_WORKSPACES/WS_Master_Thesis/build/kuka_resources': CMAKE_PREFIX_PATH=/opt/ros/humble /usr/bin/cmake --install /home/maclab/Documents/ROS_WORKSPACES/WS_Master_Thesis/build/kuka_resources
[0.559s] Level 1:colcon.colcon_core.environment:create_environment_scripts_only(kuka_resources)
[0.559s] DEBUG:colcon.colcon_core.event_handler.log_command:Invoked command in '/home/maclab/Documents/ROS_WORKSPACES/WS_Master_Thesis/build/kuka_resources' returned '0': CMAKE_PREFIX_PATH=/opt/ros/humble /usr/bin/cmake --install /home/maclab/Documents/ROS_WORKSPACES/WS_Master_Thesis/build/kuka_resources
[0.562s] Level 1:colcon.colcon_core.environment:checking '/home/maclab/Documents/ROS_WORKSPACES/WS_Master_Thesis/install/kuka_resources' for CMake module files
[0.562s] Level 1:colcon.colcon_core.environment:checking '/home/maclab/Documents/ROS_WORKSPACES/WS_Master_Thesis/install/kuka_resources' for CMake config files
[0.563s] Level 1:colcon.colcon_core.shell:create_environment_hook('kuka_resources', 'cmake_prefix_path')
[0.563s] INFO:colcon.colcon_core.shell:Creating environment hook '/home/maclab/Documents/ROS_WORKSPACES/WS_Master_Thesis/install/kuka_resources/share/kuka_resources/hook/cmake_prefix_path.ps1'
[0.563s] INFO:colcon.colcon_core.shell:Creating environment descriptor '/home/maclab/Documents/ROS_WORKSPACES/WS_Master_Thesis/install/kuka_resources/share/kuka_resources/hook/cmake_prefix_path.dsv'
[0.563s] INFO:colcon.colcon_core.shell:Creating environment hook '/home/maclab/Documents/ROS_WORKSPACES/WS_Master_Thesis/install/kuka_resources/share/kuka_resources/hook/cmake_prefix_path.sh'
[0.564s] Level 1:colcon.colcon_core.environment:checking '/home/maclab/Documents/ROS_WORKSPACES/WS_Master_Thesis/install/kuka_resources/bin'
[0.564s] Level 1:colcon.colcon_core.environment:checking '/home/maclab/Documents/ROS_WORKSPACES/WS_Master_Thesis/install/kuka_resources/lib/pkgconfig/kuka_resources.pc'
[0.564s] Level 1:colcon.colcon_core.environment:checking '/home/maclab/Documents/ROS_WORKSPACES/WS_Master_Thesis/install/kuka_resources/lib/python3.10/site-packages'
[0.564s] Level 1:colcon.colcon_core.environment:checking '/home/maclab/Documents/ROS_WORKSPACES/WS_Master_Thesis/install/kuka_resources/bin'
[0.564s] INFO:colcon.colcon_core.shell:Creating package script '/home/maclab/Documents/ROS_WORKSPACES/WS_Master_Thesis/install/kuka_resources/share/kuka_resources/package.ps1'
[0.565s] INFO:colcon.colcon_core.shell:Creating package descriptor '/home/maclab/Documents/ROS_WORKSPACES/WS_Master_Thesis/install/kuka_resources/share/kuka_resources/package.dsv'
[0.565s] INFO:colcon.colcon_core.shell:Creating package script '/home/maclab/Documents/ROS_WORKSPACES/WS_Master_Thesis/install/kuka_resources/share/kuka_resources/package.sh'
[0.565s] INFO:colcon.colcon_core.shell:Creating package script '/home/maclab/Documents/ROS_WORKSPACES/WS_Master_Thesis/install/kuka_resources/share/kuka_resources/package.bash'
[0.566s] INFO:colcon.colcon_core.shell:Creating package script '/home/maclab/Documents/ROS_WORKSPACES/WS_Master_Thesis/install/kuka_resources/share/kuka_resources/package.zsh'
[0.566s] Level 1:colcon.colcon_core.environment:create_file_with_runtime_dependencies(/home/maclab/Documents/ROS_WORKSPACES/WS_Master_Thesis/install/kuka_resources/share/colcon-core/packages/kuka_resources)
[0.566s] Level 1:colcon.colcon_core.environment:create_environment_scripts_only(kuka_resources)
[0.566s] Level 1:colcon.colcon_core.environment:checking '/home/maclab/Documents/ROS_WORKSPACES/WS_Master_Thesis/install/kuka_resources' for CMake module files
[0.567s] Level 1:colcon.colcon_core.environment:checking '/home/maclab/Documents/ROS_WORKSPACES/WS_Master_Thesis/install/kuka_resources' for CMake config files
[0.567s] Level 1:colcon.colcon_core.shell:create_environment_hook('kuka_resources', 'cmake_prefix_path')
[0.567s] INFO:colcon.colcon_core.shell:Creating environment hook '/home/maclab/Documents/ROS_WORKSPACES/WS_Master_Thesis/install/kuka_resources/share/kuka_resources/hook/cmake_prefix_path.ps1'
[0.567s] INFO:colcon.colcon_core.shell:Creating environment descriptor '/home/maclab/Documents/ROS_WORKSPACES/WS_Master_Thesis/install/kuka_resources/share/kuka_resources/hook/cmake_prefix_path.dsv'
[0.567s] INFO:colcon.colcon_core.shell:Creating environment hook '/home/maclab/Documents/ROS_WORKSPACES/WS_Master_Thesis/install/kuka_resources/share/kuka_resources/hook/cmake_prefix_path.sh'
[0.567s] Level 1:colcon.colcon_core.environment:checking '/home/maclab/Documents/ROS_WORKSPACES/WS_Master_Thesis/install/kuka_resources/bin'
[0.567s] Level 1:colcon.colcon_core.environment:checking '/home/maclab/Documents/ROS_WORKSPACES/WS_Master_Thesis/install/kuka_resources/lib/pkgconfig/kuka_resources.pc'
[0.567s] Level 1:colcon.colcon_core.environment:checking '/home/maclab/Documents/ROS_WORKSPACES/WS_Master_Thesis/install/kuka_resources/lib/python3.10/site-packages'
[0.568s] Level 1:colcon.colcon_core.environment:checking '/home/maclab/Documents/ROS_WORKSPACES/WS_Master_Thesis/install/kuka_resources/bin'
[0.568s] INFO:colcon.colcon_core.shell:Creating package script '/home/maclab/Documents/ROS_WORKSPACES/WS_Master_Thesis/install/kuka_resources/share/kuka_resources/package.ps1'
[0.568s] INFO:colcon.colcon_core.shell:Creating package descriptor '/home/maclab/Documents/ROS_WORKSPACES/WS_Master_Thesis/install/kuka_resources/share/kuka_resources/package.dsv'
[0.568s] INFO:colcon.colcon_core.shell:Creating package script '/home/maclab/Documents/ROS_WORKSPACES/WS_Master_Thesis/install/kuka_resources/share/kuka_resources/package.sh'
[0.569s] INFO:colcon.colcon_core.shell:Creating package script '/home/maclab/Documents/ROS_WORKSPACES/WS_Master_Thesis/install/kuka_resources/share/kuka_resources/package.bash'
[0.569s] INFO:colcon.colcon_core.shell:Creating package script '/home/maclab/Documents/ROS_WORKSPACES/WS_Master_Thesis/install/kuka_resources/share/kuka_resources/package.zsh'
[0.570s] Level 1:colcon.colcon_core.environment:create_file_with_runtime_dependencies(/home/maclab/Documents/ROS_WORKSPACES/WS_Master_Thesis/install/kuka_resources/share/colcon-core/packages/kuka_resources)
[0.570s] Level 1:colcon.colcon_core.environment:create_environment_scripts_only(kuka_150_3100_description)
[0.570s] Level 1:colcon.colcon_core.environment:checking '/home/maclab/Documents/ROS_WORKSPACES/WS_Master_Thesis/install/kuka_150_3100_description' for CMake module files
[0.571s] DEBUG:colcon.colcon_core.event_handler.log_command:Invoked command in '/home/maclab/Documents/ROS_WORKSPACES/WS_Master_Thesis/build/kuka_150_3100_description' returned '0': CMAKE_PREFIX_PATH=/opt/ros/humble /usr/bin/cmake --install /home/maclab/Documents/ROS_WORKSPACES/WS_Master_Thesis/build/kuka_150_3100_description
[0.571s] Level 1:colcon.colcon_core.environment:checking '/home/maclab/Documents/ROS_WORKSPACES/WS_Master_Thesis/install/kuka_150_3100_description' for CMake config files
[0.571s] Level 1:colcon.colcon_core.shell:create_environment_hook('kuka_150_3100_description', 'cmake_prefix_path')
[0.571s] INFO:colcon.colcon_core.shell:Creating environment hook '/home/maclab/Documents/ROS_WORKSPACES/WS_Master_Thesis/install/kuka_150_3100_description/share/kuka_150_3100_description/hook/cmake_prefix_path.ps1'
[0.571s] INFO:colcon.colcon_core.shell:Creating environment descriptor '/home/maclab/Documents/ROS_WORKSPACES/WS_Master_Thesis/install/kuka_150_3100_description/share/kuka_150_3100_description/hook/cmake_prefix_path.dsv'
[0.571s] INFO:colcon.colcon_core.shell:Creating environment hook '/home/maclab/Documents/ROS_WORKSPACES/WS_Master_Thesis/install/kuka_150_3100_description/share/kuka_150_3100_description/hook/cmake_prefix_path.sh'
[0.571s] Level 1:colcon.colcon_core.environment:checking '/home/maclab/Documents/ROS_WORKSPACES/WS_Master_Thesis/install/kuka_150_3100_description/bin'
[0.571s] Level 1:colcon.colcon_core.environment:checking '/home/maclab/Documents/ROS_WORKSPACES/WS_Master_Thesis/install/kuka_150_3100_description/lib/pkgconfig/kuka_150_3100_description.pc'
[0.572s] Level 1:colcon.colcon_core.environment:checking '/home/maclab/Documents/ROS_WORKSPACES/WS_Master_Thesis/install/kuka_150_3100_description/lib/python3.10/site-packages'
[0.572s] Level 1:colcon.colcon_core.environment:checking '/home/maclab/Documents/ROS_WORKSPACES/WS_Master_Thesis/install/kuka_150_3100_description/bin'
[0.572s] INFO:colcon.colcon_core.shell:Creating package script '/home/maclab/Documents/ROS_WORKSPACES/WS_Master_Thesis/install/kuka_150_3100_description/share/kuka_150_3100_description/package.ps1'
[0.572s] INFO:colcon.colcon_core.shell:Creating package descriptor '/home/maclab/Documents/ROS_WORKSPACES/WS_Master_Thesis/install/kuka_150_3100_description/share/kuka_150_3100_description/package.dsv'
[0.572s] INFO:colcon.colcon_core.shell:Creating package script '/home/maclab/Documents/ROS_WORKSPACES/WS_Master_Thesis/install/kuka_150_3100_description/share/kuka_150_3100_description/package.sh'
[0.572s] INFO:colcon.colcon_core.shell:Creating package script '/home/maclab/Documents/ROS_WORKSPACES/WS_Master_Thesis/install/kuka_150_3100_description/share/kuka_150_3100_description/package.bash'
[0.573s] INFO:colcon.colcon_core.shell:Creating package script '/home/maclab/Documents/ROS_WORKSPACES/WS_Master_Thesis/install/kuka_150_3100_description/share/kuka_150_3100_description/package.zsh'
[0.573s] Level 1:colcon.colcon_core.environment:create_file_with_runtime_dependencies(/home/maclab/Documents/ROS_WORKSPACES/WS_Master_Thesis/install/kuka_150_3100_description/share/colcon-core/packages/kuka_150_3100_description)
[0.573s] Level 1:colcon.colcon_core.environment:create_environment_scripts_only(kuka_150_3100_description)
[0.573s] Level 1:colcon.colcon_core.environment:checking '/home/maclab/Documents/ROS_WORKSPACES/WS_Master_Thesis/install/kuka_150_3100_description' for CMake module files
[0.573s] Level 1:colcon.colcon_core.environment:checking '/home/maclab/Documents/ROS_WORKSPACES/WS_Master_Thesis/install/kuka_150_3100_description' for CMake config files
[0.573s] Level 1:colcon.colcon_core.shell:create_environment_hook('kuka_150_3100_description', 'cmake_prefix_path')
[0.573s] INFO:colcon.colcon_core.shell:Creating environment hook '/home/maclab/Documents/ROS_WORKSPACES/WS_Master_Thesis/install/kuka_150_3100_description/share/kuka_150_3100_description/hook/cmake_prefix_path.ps1'
[0.574s] INFO:colcon.colcon_core.shell:Creating environment descriptor '/home/maclab/Documents/ROS_WORKSPACES/WS_Master_Thesis/install/kuka_150_3100_description/share/kuka_150_3100_description/hook/cmake_prefix_path.dsv'
[0.574s] INFO:colcon.colcon_core.shell:Creating environment hook '/home/maclab/Documents/ROS_WORKSPACES/WS_Master_Thesis/install/kuka_150_3100_description/share/kuka_150_3100_description/hook/cmake_prefix_path.sh'
[0.574s] Level 1:colcon.colcon_core.environment:checking '/home/maclab/Documents/ROS_WORKSPACES/WS_Master_Thesis/install/kuka_150_3100_description/bin'
[0.574s] Level 1:colcon.colcon_core.environment:checking '/home/maclab/Documents/ROS_WORKSPACES/WS_Master_Thesis/install/kuka_150_3100_description/lib/pkgconfig/kuka_150_3100_description.pc'
[0.574s] Level 1:colcon.colcon_core.environment:checking '/home/maclab/Documents/ROS_WORKSPACES/WS_Master_Thesis/install/kuka_150_3100_description/lib/python3.10/site-packages'
[0.574s] Level 1:colcon.colcon_core.environment:checking '/home/maclab/Documents/ROS_WORKSPACES/WS_Master_Thesis/install/kuka_150_3100_description/bin'
[0.574s] INFO:colcon.colcon_core.shell:Creating package script '/home/maclab/Documents/ROS_WORKSPACES/WS_Master_Thesis/install/kuka_150_3100_description/share/kuka_150_3100_description/package.ps1'
[0.575s] INFO:colcon.colcon_core.shell:Creating package descriptor '/home/maclab/Documents/ROS_WORKSPACES/WS_Master_Thesis/install/kuka_150_3100_description/share/kuka_150_3100_description/package.dsv'
[0.575s] INFO:colcon.colcon_core.shell:Creating package script '/home/maclab/Documents/ROS_WORKSPACES/WS_Master_Thesis/install/kuka_150_3100_description/share/kuka_150_3100_description/package.sh'
[0.575s] INFO:colcon.colcon_core.shell:Creating package script '/home/maclab/Documents/ROS_WORKSPACES/WS_Master_Thesis/install/kuka_150_3100_description/share/kuka_150_3100_description/package.bash'
[0.575s] INFO:colcon.colcon_core.shell:Creating package script '/home/maclab/Documents/ROS_WORKSPACES/WS_Master_Thesis/install/kuka_150_3100_description/share/kuka_150_3100_description/package.zsh'
[0.575s] Level 1:colcon.colcon_core.environment:create_file_with_runtime_dependencies(/home/maclab/Documents/ROS_WORKSPACES/WS_Master_Thesis/install/kuka_150_3100_description/share/colcon-core/packages/kuka_150_3100_description)
[0.591s] Level 1:colcon.colcon_core.environment:create_environment_scripts_only(uc1_robots_description)
[0.591s] DEBUG:colcon.colcon_core.event_handler.log_command:Invoked command in '/home/maclab/Documents/ROS_WORKSPACES/WS_Master_Thesis/build/uc1_robots_description' returned '0': CMAKE_PREFIX_PATH=/opt/ros/humble /usr/bin/cmake --install /home/maclab/Documents/ROS_WORKSPACES/WS_Master_Thesis/build/uc1_robots_description
[0.591s] Level 1:colcon.colcon_core.environment:checking '/home/maclab/Documents/ROS_WORKSPACES/WS_Master_Thesis/install/uc1_robots_description' for CMake module files
[0.592s] Level 1:colcon.colcon_core.environment:checking '/home/maclab/Documents/ROS_WORKSPACES/WS_Master_Thesis/install/uc1_robots_description' for CMake config files
[0.592s] Level 1:colcon.colcon_core.shell:create_environment_hook('uc1_robots_description', 'cmake_prefix_path')
[0.592s] INFO:colcon.colcon_core.shell:Creating environment hook '/home/maclab/Documents/ROS_WORKSPACES/WS_Master_Thesis/install/uc1_robots_description/share/uc1_robots_description/hook/cmake_prefix_path.ps1'
[0.592s] INFO:colcon.colcon_core.shell:Creating environment descriptor '/home/maclab/Documents/ROS_WORKSPACES/WS_Master_Thesis/install/uc1_robots_description/share/uc1_robots_description/hook/cmake_prefix_path.dsv'
[0.592s] INFO:colcon.colcon_core.shell:Creating environment hook '/home/maclab/Documents/ROS_WORKSPACES/WS_Master_Thesis/install/uc1_robots_description/share/uc1_robots_description/hook/cmake_prefix_path.sh'
[0.593s] Level 1:colcon.colcon_core.environment:checking '/home/maclab/Documents/ROS_WORKSPACES/WS_Master_Thesis/install/uc1_robots_description/bin'
[0.593s] Level 1:colcon.colcon_core.environment:checking '/home/maclab/Documents/ROS_WORKSPACES/WS_Master_Thesis/install/uc1_robots_description/lib/pkgconfig/uc1_robots_description.pc'
[0.593s] Level 1:colcon.colcon_core.environment:checking '/home/maclab/Documents/ROS_WORKSPACES/WS_Master_Thesis/install/uc1_robots_description/lib/python3.10/site-packages'
[0.593s] Level 1:colcon.colcon_core.environment:checking '/home/maclab/Documents/ROS_WORKSPACES/WS_Master_Thesis/install/uc1_robots_description/bin'
[0.593s] INFO:colcon.colcon_core.shell:Creating package script '/home/maclab/Documents/ROS_WORKSPACES/WS_Master_Thesis/install/uc1_robots_description/share/uc1_robots_description/package.ps1'
[0.594s] INFO:colcon.colcon_core.shell:Creating package descriptor '/home/maclab/Documents/ROS_WORKSPACES/WS_Master_Thesis/install/uc1_robots_description/share/uc1_robots_description/package.dsv'
[0.594s] INFO:colcon.colcon_core.shell:Creating package script '/home/maclab/Documents/ROS_WORKSPACES/WS_Master_Thesis/install/uc1_robots_description/share/uc1_robots_description/package.sh'
[0.594s] INFO:colcon.colcon_core.shell:Creating package script '/home/maclab/Documents/ROS_WORKSPACES/WS_Master_Thesis/install/uc1_robots_description/share/uc1_robots_description/package.bash'
[0.595s] INFO:colcon.colcon_core.shell:Creating package script '/home/maclab/Documents/ROS_WORKSPACES/WS_Master_Thesis/install/uc1_robots_description/share/uc1_robots_description/package.zsh'
[0.595s] Level 1:colcon.colcon_core.environment:create_file_with_runtime_dependencies(/home/maclab/Documents/ROS_WORKSPACES/WS_Master_Thesis/install/uc1_robots_description/share/colcon-core/packages/uc1_robots_description)
[0.595s] Level 1:colcon.colcon_core.environment:create_environment_scripts_only(uc1_robots_description)
[0.596s] Level 1:colcon.colcon_core.environment:checking '/home/maclab/Documents/ROS_WORKSPACES/WS_Master_Thesis/install/uc1_robots_description' for CMake module files
[0.596s] Level 1:colcon.colcon_core.environment:checking '/home/maclab/Documents/ROS_WORKSPACES/WS_Master_Thesis/install/uc1_robots_description' for CMake config files
[0.596s] Level 1:colcon.colcon_core.shell:create_environment_hook('uc1_robots_description', 'cmake_prefix_path')
[0.596s] INFO:colcon.colcon_core.shell:Creating environment hook '/home/maclab/Documents/ROS_WORKSPACES/WS_Master_Thesis/install/uc1_robots_description/share/uc1_robots_description/hook/cmake_prefix_path.ps1'
[0.596s] INFO:colcon.colcon_core.shell:Creating environment descriptor '/home/maclab/Documents/ROS_WORKSPACES/WS_Master_Thesis/install/uc1_robots_description/share/uc1_robots_description/hook/cmake_prefix_path.dsv'
[0.597s] INFO:colcon.colcon_core.shell:Creating environment hook '/home/maclab/Documents/ROS_WORKSPACES/WS_Master_Thesis/install/uc1_robots_description/share/uc1_robots_description/hook/cmake_prefix_path.sh'
[0.597s] Level 1:colcon.colcon_core.environment:checking '/home/maclab/Documents/ROS_WORKSPACES/WS_Master_Thesis/install/uc1_robots_description/bin'
[0.597s] Level 1:colcon.colcon_core.environment:checking '/home/maclab/Documents/ROS_WORKSPACES/WS_Master_Thesis/install/uc1_robots_description/lib/pkgconfig/uc1_robots_description.pc'
[0.597s] Level 1:colcon.colcon_core.environment:checking '/home/maclab/Documents/ROS_WORKSPACES/WS_Master_Thesis/install/uc1_robots_description/lib/python3.10/site-packages'
[0.597s] Level 1:colcon.colcon_core.environment:checking '/home/maclab/Documents/ROS_WORKSPACES/WS_Master_Thesis/install/uc1_robots_description/bin'
[0.598s] INFO:colcon.colcon_core.shell:Creating package script '/home/maclab/Documents/ROS_WORKSPACES/WS_Master_Thesis/install/uc1_robots_description/share/uc1_robots_description/package.ps1'
[0.598s] INFO:colcon.colcon_core.shell:Creating package descriptor '/home/maclab/Documents/ROS_WORKSPACES/WS_Master_Thesis/install/uc1_robots_description/share/uc1_robots_description/package.dsv'
[0.598s] INFO:colcon.colcon_core.shell:Creating package script '/home/maclab/Documents/ROS_WORKSPACES/WS_Master_Thesis/install/uc1_robots_description/share/uc1_robots_description/package.sh'
[0.599s] INFO:colcon.colcon_core.shell:Creating package script '/home/maclab/Documents/ROS_WORKSPACES/WS_Master_Thesis/install/uc1_robots_description/share/uc1_robots_description/package.bash'
[0.599s] INFO:colcon.colcon_core.shell:Creating package script '/home/maclab/Documents/ROS_WORKSPACES/WS_Master_Thesis/install/uc1_robots_description/share/uc1_robots_description/package.zsh'
[0.599s] Level 1:colcon.colcon_core.environment:create_file_with_runtime_dependencies(/home/maclab/Documents/ROS_WORKSPACES/WS_Master_Thesis/install/uc1_robots_description/share/colcon-core/packages/uc1_robots_description)
[0.793s] DEBUG:colcon.colcon_core.event_handler.log_command:Invoked command in '/home/maclab/Documents/ROS_WORKSPACES/WS_Master_Thesis/build/keyboard_publisher_pkg' returned '0': CMAKE_PREFIX_PATH=/opt/ros/humble /usr/bin/cmake /home/maclab/Documents/ROS_WORKSPACES/WS_Master_Thesis/src/keyboard_events_publisher -DCMAKE_INSTALL_PREFIX=/home/maclab/Documents/ROS_WORKSPACES/WS_Master_Thesis/install/keyboard_publisher_pkg
[0.794s] DEBUG:colcon.colcon_core.event_handler.log_command:Invoking command in '/home/maclab/Documents/ROS_WORKSPACES/WS_Master_Thesis/build/keyboard_publisher_pkg': CMAKE_PREFIX_PATH=/opt/ros/humble /usr/bin/cmake --build /home/maclab/Documents/ROS_WORKSPACES/WS_Master_Thesis/build/keyboard_publisher_pkg -- -j32 -l32
[0.937s] DEBUG:colcon.colcon_core.event_handler.log_command:Invoked command in '/home/maclab/Documents/ROS_WORKSPACES/WS_Master_Thesis/build/rsp_uc1' returned '0': CMAKE_PREFIX_PATH=/opt/ros/humble /usr/bin/cmake /home/maclab/Documents/ROS_WORKSPACES/WS_Master_Thesis/src/rsp_uc1 -DCMAKE_INSTALL_PREFIX=/home/maclab/Documents/ROS_WORKSPACES/WS_Master_Thesis/install/rsp_uc1
[0.938s] DEBUG:colcon.colcon_core.event_handler.log_command:Invoking command in '/home/maclab/Documents/ROS_WORKSPACES/WS_Master_Thesis/build/rsp_uc1': CMAKE_PREFIX_PATH=/opt/ros/humble /usr/bin/cmake --build /home/maclab/Documents/ROS_WORKSPACES/WS_Master_Thesis/build/rsp_uc1 -- -j32 -l32
[1.457s] DEBUG:colcon.colcon_core.event_handler.log_command:Invoked command in '/home/maclab/Documents/ROS_WORKSPACES/WS_Master_Thesis/build/uc1_robot_controllers_interfaces' returned '0': CMAKE_PREFIX_PATH=/opt/ros/humble /usr/bin/cmake /home/maclab/Documents/ROS_WORKSPACES/WS_Master_Thesis/src/uc1_robot_controllers_interfaces -DCMAKE_INSTALL_PREFIX=/home/maclab/Documents/ROS_WORKSPACES/WS_Master_Thesis/install/uc1_robot_controllers_interfaces
[1.458s] DEBUG:colcon.colcon_core.event_handler.log_command:Invoking command in '/home/maclab/Documents/ROS_WORKSPACES/WS_Master_Thesis/build/uc1_robot_controllers_interfaces': CMAKE_PREFIX_PATH=/opt/ros/humble /usr/bin/cmake --build /home/maclab/Documents/ROS_WORKSPACES/WS_Master_Thesis/build/uc1_robot_controllers_interfaces -- -j32 -l32
[2.074s] DEBUG:colcon.colcon_core.event_handler.log_command:Invoked command in '/home/maclab/Documents/ROS_WORKSPACES/WS_Master_Thesis/build/ur_admittance_controller' returned '0': CMAKE_PREFIX_PATH=/opt/ros/humble /usr/bin/cmake /home/maclab/Documents/ROS_WORKSPACES/WS_Master_Thesis/src/ur_admittance_controller -DCMAKE_INSTALL_PREFIX=/home/maclab/Documents/ROS_WORKSPACES/WS_Master_Thesis/install/ur_admittance_controller
[2.076s] DEBUG:colcon.colcon_core.event_handler.log_command:Invoking command in '/home/maclab/Documents/ROS_WORKSPACES/WS_Master_Thesis/build/ur_admittance_controller': CMAKE_PREFIX_PATH=/opt/ros/humble /usr/bin/cmake --build /home/maclab/Documents/ROS_WORKSPACES/WS_Master_Thesis/build/ur_admittance_controller -- -j32 -l32
[2.100s] DEBUG:colcon.colcon_core.event_handler.log_command:Invoked command in '/home/maclab/Documents/ROS_WORKSPACES/WS_Master_Thesis/build/environment_pointcloud_processing' returned '0': CMAKE_PREFIX_PATH=/opt/ros/humble /usr/bin/cmake /home/maclab/Documents/ROS_WORKSPACES/WS_Master_Thesis/src/environment_pointcloud_processing -DCMAKE_INSTALL_PREFIX=/home/maclab/Documents/ROS_WORKSPACES/WS_Master_Thesis/install/environment_pointcloud_processing
[2.101s] DEBUG:colcon.colcon_core.event_handler.log_command:Invoking command in '/home/maclab/Documents/ROS_WORKSPACES/WS_Master_Thesis/build/environment_pointcloud_processing': CMAKE_PREFIX_PATH=/opt/ros/humble /usr/bin/cmake --build /home/maclab/Documents/ROS_WORKSPACES/WS_Master_Thesis/build/environment_pointcloud_processing -- -j32 -l32
[2.125s] DEBUG:colcon.colcon_core.event_handler.log_command:Invoked command in '/home/maclab/Documents/ROS_WORKSPACES/WS_Master_Thesis/build/pointcloud_interactive_markers' returned '0': CMAKE_PREFIX_PATH=/opt/ros/humble /usr/bin/cmake /home/maclab/Documents/ROS_WORKSPACES/WS_Master_Thesis/src/pointcloud_interactive_markers -DCMAKE_INSTALL_PREFIX=/home/maclab/Documents/ROS_WORKSPACES/WS_Master_Thesis/install/pointcloud_interactive_markers
[2.126s] DEBUG:colcon.colcon_core.event_handler.log_command:Invoking command in '/home/maclab/Documents/ROS_WORKSPACES/WS_Master_Thesis/build/pointcloud_interactive_markers': CMAKE_PREFIX_PATH=/opt/ros/humble /usr/bin/cmake --build /home/maclab/Documents/ROS_WORKSPACES/WS_Master_Thesis/build/pointcloud_interactive_markers -- -j32 -l32
[3.168s] DEBUG:colcon.colcon_core.event_handler.log_command:Invoked command in '/home/maclab/Documents/ROS_WORKSPACES/WS_Master_Thesis/build/uc1_robot_perception' returned '0': CMAKE_PREFIX_PATH=/opt/ros/humble /usr/bin/cmake /home/maclab/Documents/ROS_WORKSPACES/WS_Master_Thesis/src/uc1_robot_perception -DCMAKE_INSTALL_PREFIX=/home/maclab/Documents/ROS_WORKSPACES/WS_Master_Thesis/install/uc1_robot_perception
[3.169s] DEBUG:colcon.colcon_core.event_handler.log_command:Invoking command in '/home/maclab/Documents/ROS_WORKSPACES/WS_Master_Thesis/build/uc1_robot_perception': CMAKE_PREFIX_PATH=/opt/ros/humble /usr/bin/cmake --build /home/maclab/Documents/ROS_WORKSPACES/WS_Master_Thesis/build/uc1_robot_perception -- -j32 -l32
[4.143s] DEBUG:colcon.colcon_core.event_handler.log_command:Invoked command in '/home/maclab/Documents/ROS_WORKSPACES/WS_Master_Thesis/build/keyboard_publisher_pkg' returned '0': CMAKE_PREFIX_PATH=/opt/ros/humble /usr/bin/cmake --build /home/maclab/Documents/ROS_WORKSPACES/WS_Master_Thesis/build/keyboard_publisher_pkg -- -j32 -l32
[4.145s] DEBUG:colcon.colcon_core.event_handler.log_command:Invoking command in '/home/maclab/Documents/ROS_WORKSPACES/WS_Master_Thesis/build/keyboard_publisher_pkg': CMAKE_PREFIX_PATH=/opt/ros/humble /usr/bin/cmake --install /home/maclab/Documents/ROS_WORKSPACES/WS_Master_Thesis/build/keyboard_publisher_pkg
[4.153s] Level 1:colcon.colcon_core.environment:create_environment_scripts_only(keyboard_publisher_pkg)
[4.154s] Level 1:colcon.colcon_core.environment:checking '/home/maclab/Documents/ROS_WORKSPACES/WS_Master_Thesis/install/keyboard_publisher_pkg' for CMake module files
[4.154s] DEBUG:colcon.colcon_core.event_handler.log_command:Invoked command in '/home/maclab/Documents/ROS_WORKSPACES/WS_Master_Thesis/build/keyboard_publisher_pkg' returned '0': CMAKE_PREFIX_PATH=/opt/ros/humble /usr/bin/cmake --install /home/maclab/Documents/ROS_WORKSPACES/WS_Master_Thesis/build/keyboard_publisher_pkg
[4.155s] Level 1:colcon.colcon_core.environment:checking '/home/maclab/Documents/ROS_WORKSPACES/WS_Master_Thesis/install/keyboard_publisher_pkg' for CMake config files
[4.155s] Level 1:colcon.colcon_core.shell:create_environment_hook('keyboard_publisher_pkg', 'cmake_prefix_path')
[4.155s] INFO:colcon.colcon_core.shell:Creating environment hook '/home/maclab/Documents/ROS_WORKSPACES/WS_Master_Thesis/install/keyboard_publisher_pkg/share/keyboard_publisher_pkg/hook/cmake_prefix_path.ps1'
[4.155s] INFO:colcon.colcon_core.shell:Creating environment descriptor '/home/maclab/Documents/ROS_WORKSPACES/WS_Master_Thesis/install/keyboard_publisher_pkg/share/keyboard_publisher_pkg/hook/cmake_prefix_path.dsv'
[4.156s] INFO:colcon.colcon_core.shell:Creating environment hook '/home/maclab/Documents/ROS_WORKSPACES/WS_Master_Thesis/install/keyboard_publisher_pkg/share/keyboard_publisher_pkg/hook/cmake_prefix_path.sh'
[4.156s] Level 1:colcon.colcon_core.environment:checking '/home/maclab/Documents/ROS_WORKSPACES/WS_Master_Thesis/install/keyboard_publisher_pkg/lib'
[4.156s] Level 1:colcon.colcon_core.environment:checking '/home/maclab/Documents/ROS_WORKSPACES/WS_Master_Thesis/install/keyboard_publisher_pkg/bin'
[4.156s] Level 1:colcon.colcon_core.environment:checking '/home/maclab/Documents/ROS_WORKSPACES/WS_Master_Thesis/install/keyboard_publisher_pkg/lib/pkgconfig/keyboard_publisher_pkg.pc'
[4.157s] Level 1:colcon.colcon_core.environment:checking '/home/maclab/Documents/ROS_WORKSPACES/WS_Master_Thesis/install/keyboard_publisher_pkg/lib/python3.10/site-packages'
[4.157s] Level 1:colcon.colcon_core.environment:checking '/home/maclab/Documents/ROS_WORKSPACES/WS_Master_Thesis/install/keyboard_publisher_pkg/bin'
[4.157s] INFO:colcon.colcon_core.shell:Creating package script '/home/maclab/Documents/ROS_WORKSPACES/WS_Master_Thesis/install/keyboard_publisher_pkg/share/keyboard_publisher_pkg/package.ps1'
[4.158s] INFO:colcon.colcon_core.shell:Creating package descriptor '/home/maclab/Documents/ROS_WORKSPACES/WS_Master_Thesis/install/keyboard_publisher_pkg/share/keyboard_publisher_pkg/package.dsv'
[4.158s] INFO:colcon.colcon_core.shell:Creating package script '/home/maclab/Documents/ROS_WORKSPACES/WS_Master_Thesis/install/keyboard_publisher_pkg/share/keyboard_publisher_pkg/package.sh'
[4.158s] INFO:colcon.colcon_core.shell:Creating package script '/home/maclab/Documents/ROS_WORKSPACES/WS_Master_Thesis/install/keyboard_publisher_pkg/share/keyboard_publisher_pkg/package.bash'
[4.159s] INFO:colcon.colcon_core.shell:Creating package script '/home/maclab/Documents/ROS_WORKSPACES/WS_Master_Thesis/install/keyboard_publisher_pkg/share/keyboard_publisher_pkg/package.zsh'
[4.159s] Level 1:colcon.colcon_core.environment:create_file_with_runtime_dependencies(/home/maclab/Documents/ROS_WORKSPACES/WS_Master_Thesis/install/keyboard_publisher_pkg/share/colcon-core/packages/keyboard_publisher_pkg)
[4.159s] Level 1:colcon.colcon_core.environment:create_environment_scripts_only(keyboard_publisher_pkg)
[4.160s] Level 1:colcon.colcon_core.environment:checking '/home/maclab/Documents/ROS_WORKSPACES/WS_Master_Thesis/install/keyboard_publisher_pkg' for CMake module files
[4.160s] Level 1:colcon.colcon_core.environment:checking '/home/maclab/Documents/ROS_WORKSPACES/WS_Master_Thesis/install/keyboard_publisher_pkg' for CMake config files
[4.160s] Level 1:colcon.colcon_core.shell:create_environment_hook('keyboard_publisher_pkg', 'cmake_prefix_path')
[4.160s] INFO:colcon.colcon_core.shell:Creating environment hook '/home/maclab/Documents/ROS_WORKSPACES/WS_Master_Thesis/install/keyboard_publisher_pkg/share/keyboard_publisher_pkg/hook/cmake_prefix_path.ps1'
[4.161s] INFO:colcon.colcon_core.shell:Creating environment descriptor '/home/maclab/Documents/ROS_WORKSPACES/WS_Master_Thesis/install/keyboard_publisher_pkg/share/keyboard_publisher_pkg/hook/cmake_prefix_path.dsv'
[4.161s] INFO:colcon.colcon_core.shell:Creating environment hook '/home/maclab/Documents/ROS_WORKSPACES/WS_Master_Thesis/install/keyboard_publisher_pkg/share/keyboard_publisher_pkg/hook/cmake_prefix_path.sh'
[4.161s] Level 1:colcon.colcon_core.environment:checking '/home/maclab/Documents/ROS_WORKSPACES/WS_Master_Thesis/install/keyboard_publisher_pkg/lib'
[4.161s] Level 1:colcon.colcon_core.environment:checking '/home/maclab/Documents/ROS_WORKSPACES/WS_Master_Thesis/install/keyboard_publisher_pkg/bin'
[4.161s] Level 1:colcon.colcon_core.environment:checking '/home/maclab/Documents/ROS_WORKSPACES/WS_Master_Thesis/install/keyboard_publisher_pkg/lib/pkgconfig/keyboard_publisher_pkg.pc'
[4.162s] Level 1:colcon.colcon_core.environment:checking '/home/maclab/Documents/ROS_WORKSPACES/WS_Master_Thesis/install/keyboard_publisher_pkg/lib/python3.10/site-packages'
[4.163s] Level 1:colcon.colcon_core.environment:checking '/home/maclab/Documents/ROS_WORKSPACES/WS_Master_Thesis/install/keyboard_publisher_pkg/bin'
[4.163s] INFO:colcon.colcon_core.shell:Creating package script '/home/maclab/Documents/ROS_WORKSPACES/WS_Master_Thesis/install/keyboard_publisher_pkg/share/keyboard_publisher_pkg/package.ps1'
[4.164s] INFO:colcon.colcon_core.shell:Creating package descriptor '/home/maclab/Documents/ROS_WORKSPACES/WS_Master_Thesis/install/keyboard_publisher_pkg/share/keyboard_publisher_pkg/package.dsv'
[4.164s] INFO:colcon.colcon_core.shell:Creating package script '/home/maclab/Documents/ROS_WORKSPACES/WS_Master_Thesis/install/keyboard_publisher_pkg/share/keyboard_publisher_pkg/package.sh'
[4.164s] INFO:colcon.colcon_core.shell:Creating package script '/home/maclab/Documents/ROS_WORKSPACES/WS_Master_Thesis/install/keyboard_publisher_pkg/share/keyboard_publisher_pkg/package.bash'
[4.165s] INFO:colcon.colcon_core.shell:Creating package script '/home/maclab/Documents/ROS_WORKSPACES/WS_Master_Thesis/install/keyboard_publisher_pkg/share/keyboard_publisher_pkg/package.zsh'
[4.165s] Level 1:colcon.colcon_core.environment:create_file_with_runtime_dependencies(/home/maclab/Documents/ROS_WORKSPACES/WS_Master_Thesis/install/keyboard_publisher_pkg/share/colcon-core/packages/keyboard_publisher_pkg)
[11.091s] DEBUG:colcon.colcon_core.event_handler.log_command:Invoked command in '/home/maclab/Documents/ROS_WORKSPACES/WS_Master_Thesis/build/environment_pointcloud_processing' returned '0': CMAKE_PREFIX_PATH=/opt/ros/humble /usr/bin/cmake --build /home/maclab/Documents/ROS_WORKSPACES/WS_Master_Thesis/build/environment_pointcloud_processing -- -j32 -l32
[11.092s] DEBUG:colcon.colcon_core.event_handler.log_command:Invoking command in '/home/maclab/Documents/ROS_WORKSPACES/WS_Master_Thesis/build/environment_pointcloud_processing': CMAKE_PREFIX_PATH=/opt/ros/humble /usr/bin/cmake --install /home/maclab/Documents/ROS_WORKSPACES/WS_Master_Thesis/build/environment_pointcloud_processing
[11.101s] Level 1:colcon.colcon_core.environment:create_environment_scripts_only(environment_pointcloud_processing)
[11.102s] Level 1:colcon.colcon_core.environment:checking '/home/maclab/Documents/ROS_WORKSPACES/WS_Master_Thesis/install/environment_pointcloud_processing' for CMake module files
[11.102s] DEBUG:colcon.colcon_core.event_handler.log_command:Invoked command in '/home/maclab/Documents/ROS_WORKSPACES/WS_Master_Thesis/build/environment_pointcloud_processing' returned '0': CMAKE_PREFIX_PATH=/opt/ros/humble /usr/bin/cmake --install /home/maclab/Documents/ROS_WORKSPACES/WS_Master_Thesis/build/environment_pointcloud_processing
[11.102s] Level 1:colcon.colcon_core.environment:checking '/home/maclab/Documents/ROS_WORKSPACES/WS_Master_Thesis/install/environment_pointcloud_processing' for CMake config files
[11.102s] Level 1:colcon.colcon_core.shell:create_environment_hook('environment_pointcloud_processing', 'cmake_prefix_path')
[11.102s] INFO:colcon.colcon_core.shell:Creating environment hook '/home/maclab/Documents/ROS_WORKSPACES/WS_Master_Thesis/install/environment_pointcloud_processing/share/environment_pointcloud_processing/hook/cmake_prefix_path.ps1'
[11.103s] INFO:colcon.colcon_core.shell:Creating environment descriptor '/home/maclab/Documents/ROS_WORKSPACES/WS_Master_Thesis/install/environment_pointcloud_processing/share/environment_pointcloud_processing/hook/cmake_prefix_path.dsv'
[11.103s] INFO:colcon.colcon_core.shell:Creating environment hook '/home/maclab/Documents/ROS_WORKSPACES/WS_Master_Thesis/install/environment_pointcloud_processing/share/environment_pointcloud_processing/hook/cmake_prefix_path.sh'
[11.103s] Level 1:colcon.colcon_core.environment:checking '/home/maclab/Documents/ROS_WORKSPACES/WS_Master_Thesis/install/environment_pointcloud_processing/lib'
[11.103s] Level 1:colcon.colcon_core.environment:checking '/home/maclab/Documents/ROS_WORKSPACES/WS_Master_Thesis/install/environment_pointcloud_processing/bin'
[11.103s] Level 1:colcon.colcon_core.environment:checking '/home/maclab/Documents/ROS_WORKSPACES/WS_Master_Thesis/install/environment_pointcloud_processing/lib/pkgconfig/environment_pointcloud_processing.pc'
[11.104s] Level 1:colcon.colcon_core.environment:checking '/home/maclab/Documents/ROS_WORKSPACES/WS_Master_Thesis/install/environment_pointcloud_processing/lib/python3.10/site-packages'
[11.104s] Level 1:colcon.colcon_core.environment:checking '/home/maclab/Documents/ROS_WORKSPACES/WS_Master_Thesis/install/environment_pointcloud_processing/bin'
[11.104s] INFO:colcon.colcon_core.shell:Creating package script '/home/maclab/Documents/ROS_WORKSPACES/WS_Master_Thesis/install/environment_pointcloud_processing/share/environment_pointcloud_processing/package.ps1'
[11.104s] INFO:colcon.colcon_core.shell:Creating package descriptor '/home/maclab/Documents/ROS_WORKSPACES/WS_Master_Thesis/install/environment_pointcloud_processing/share/environment_pointcloud_processing/package.dsv'
[11.105s] INFO:colcon.colcon_core.shell:Creating package script '/home/maclab/Documents/ROS_WORKSPACES/WS_Master_Thesis/install/environment_pointcloud_processing/share/environment_pointcloud_processing/package.sh'
[11.105s] INFO:colcon.colcon_core.shell:Creating package script '/home/maclab/Documents/ROS_WORKSPACES/WS_Master_Thesis/install/environment_pointcloud_processing/share/environment_pointcloud_processing/package.bash'
[11.105s] INFO:colcon.colcon_core.shell:Creating package script '/home/maclab/Documents/ROS_WORKSPACES/WS_Master_Thesis/install/environment_pointcloud_processing/share/environment_pointcloud_processing/package.zsh'
[11.105s] Level 1:colcon.colcon_core.environment:create_file_with_runtime_dependencies(/home/maclab/Documents/ROS_WORKSPACES/WS_Master_Thesis/install/environment_pointcloud_processing/share/colcon-core/packages/environment_pointcloud_processing)
[11.106s] Level 1:colcon.colcon_core.environment:create_environment_scripts_only(environment_pointcloud_processing)
[11.106s] Level 1:colcon.colcon_core.environment:checking '/home/maclab/Documents/ROS_WORKSPACES/WS_Master_Thesis/install/environment_pointcloud_processing' for CMake module files
[11.106s] Level 1:colcon.colcon_core.environment:checking '/home/maclab/Documents/ROS_WORKSPACES/WS_Master_Thesis/install/environment_pointcloud_processing' for CMake config files
[11.106s] Level 1:colcon.colcon_core.shell:create_environment_hook('environment_pointcloud_processing', 'cmake_prefix_path')
[11.107s] INFO:colcon.colcon_core.shell:Creating environment hook '/home/maclab/Documents/ROS_WORKSPACES/WS_Master_Thesis/install/environment_pointcloud_processing/share/environment_pointcloud_processing/hook/cmake_prefix_path.ps1'
[11.107s] INFO:colcon.colcon_core.shell:Creating environment descriptor '/home/maclab/Documents/ROS_WORKSPACES/WS_Master_Thesis/install/environment_pointcloud_processing/share/environment_pointcloud_processing/hook/cmake_prefix_path.dsv'
[11.107s] INFO:colcon.colcon_core.shell:Creating environment hook '/home/maclab/Documents/ROS_WORKSPACES/WS_Master_Thesis/install/environment_pointcloud_processing/share/environment_pointcloud_processing/hook/cmake_prefix_path.sh'
[11.107s] Level 1:colcon.colcon_core.environment:checking '/home/maclab/Documents/ROS_WORKSPACES/WS_Master_Thesis/install/environment_pointcloud_processing/lib'
[11.107s] Level 1:colcon.colcon_core.environment:checking '/home/maclab/Documents/ROS_WORKSPACES/WS_Master_Thesis/install/environment_pointcloud_processing/bin'
[11.108s] Level 1:colcon.colcon_core.environment:checking '/home/maclab/Documents/ROS_WORKSPACES/WS_Master_Thesis/install/environment_pointcloud_processing/lib/pkgconfig/environment_pointcloud_processing.pc'
[11.108s] Level 1:colcon.colcon_core.environment:checking '/home/maclab/Documents/ROS_WORKSPACES/WS_Master_Thesis/install/environment_pointcloud_processing/lib/python3.10/site-packages'
[11.108s] Level 1:colcon.colcon_core.environment:checking '/home/maclab/Documents/ROS_WORKSPACES/WS_Master_Thesis/install/environment_pointcloud_processing/bin'
[11.108s] INFO:colcon.colcon_core.shell:Creating package script '/home/maclab/Documents/ROS_WORKSPACES/WS_Master_Thesis/install/environment_pointcloud_processing/share/environment_pointcloud_processing/package.ps1'
[11.108s] INFO:colcon.colcon_core.shell:Creating package descriptor '/home/maclab/Documents/ROS_WORKSPACES/WS_Master_Thesis/install/environment_pointcloud_processing/share/environment_pointcloud_processing/package.dsv'
[11.109s] INFO:colcon.colcon_core.shell:Creating package script '/home/maclab/Documents/ROS_WORKSPACES/WS_Master_Thesis/install/environment_pointcloud_processing/share/environment_pointcloud_processing/package.sh'
[11.109s] INFO:colcon.colcon_core.shell:Creating package script '/home/maclab/Documents/ROS_WORKSPACES/WS_Master_Thesis/install/environment_pointcloud_processing/share/environment_pointcloud_processing/package.bash'
[11.109s] INFO:colcon.colcon_core.shell:Creating package script '/home/maclab/Documents/ROS_WORKSPACES/WS_Master_Thesis/install/environment_pointcloud_processing/share/environment_pointcloud_processing/package.zsh'
[11.110s] Level 1:colcon.colcon_core.environment:create_file_with_runtime_dependencies(/home/maclab/Documents/ROS_WORKSPACES/WS_Master_Thesis/install/environment_pointcloud_processing/share/colcon-core/packages/environment_pointcloud_processing)
[11.154s] DEBUG:colcon.colcon_core.event_handler.log_command:Invoked command in '/home/maclab/Documents/ROS_WORKSPACES/WS_Master_Thesis/build/uc1_robot_controllers_interfaces' returned '0': CMAKE_PREFIX_PATH=/opt/ros/humble /usr/bin/cmake --build /home/maclab/Documents/ROS_WORKSPACES/WS_Master_Thesis/build/uc1_robot_controllers_interfaces -- -j32 -l32
[11.155s] DEBUG:colcon.colcon_core.event_handler.log_command:Invoking command in '/home/maclab/Documents/ROS_WORKSPACES/WS_Master_Thesis/build/uc1_robot_controllers_interfaces': CMAKE_PREFIX_PATH=/opt/ros/humble /usr/bin/cmake --install /home/maclab/Documents/ROS_WORKSPACES/WS_Master_Thesis/build/uc1_robot_controllers_interfaces
[11.178s] DEBUG:colcon.colcon_core.event_handler.log_command:Invoked command in '/home/maclab/Documents/ROS_WORKSPACES/WS_Master_Thesis/build/pointcloud_interactive_markers' returned '0': CMAKE_PREFIX_PATH=/opt/ros/humble /usr/bin/cmake --build /home/maclab/Documents/ROS_WORKSPACES/WS_Master_Thesis/build/pointcloud_interactive_markers -- -j32 -l32
[11.179s] DEBUG:colcon.colcon_core.event_handler.log_command:Invoking command in '/home/maclab/Documents/ROS_WORKSPACES/WS_Master_Thesis/build/pointcloud_interactive_markers': CMAKE_PREFIX_PATH=/opt/ros/humble /usr/bin/cmake --install /home/maclab/Documents/ROS_WORKSPACES/WS_Master_Thesis/build/pointcloud_interactive_markers
[11.188s] Level 1:colcon.colcon_core.environment:create_environment_scripts_only(pointcloud_interactive_markers)
[11.188s] Level 1:colcon.colcon_core.environment:checking '/home/maclab/Documents/ROS_WORKSPACES/WS_Master_Thesis/install/pointcloud_interactive_markers' for CMake module files
[11.188s] DEBUG:colcon.colcon_core.event_handler.log_command:Invoked command in '/home/maclab/Documents/ROS_WORKSPACES/WS_Master_Thesis/build/pointcloud_interactive_markers' returned '0': CMAKE_PREFIX_PATH=/opt/ros/humble /usr/bin/cmake --install /home/maclab/Documents/ROS_WORKSPACES/WS_Master_Thesis/build/pointcloud_interactive_markers
[11.188s] Level 1:colcon.colcon_core.environment:checking '/home/maclab/Documents/ROS_WORKSPACES/WS_Master_Thesis/install/pointcloud_interactive_markers' for CMake config files
[11.188s] Level 1:colcon.colcon_core.shell:create_environment_hook('pointcloud_interactive_markers', 'cmake_prefix_path')
[11.188s] INFO:colcon.colcon_core.shell:Creating environment hook '/home/maclab/Documents/ROS_WORKSPACES/WS_Master_Thesis/install/pointcloud_interactive_markers/share/pointcloud_interactive_markers/hook/cmake_prefix_path.ps1'
[11.189s] INFO:colcon.colcon_core.shell:Creating environment descriptor '/home/maclab/Documents/ROS_WORKSPACES/WS_Master_Thesis/install/pointcloud_interactive_markers/share/pointcloud_interactive_markers/hook/cmake_prefix_path.dsv'
[11.189s] INFO:colcon.colcon_core.shell:Creating environment hook '/home/maclab/Documents/ROS_WORKSPACES/WS_Master_Thesis/install/pointcloud_interactive_markers/share/pointcloud_interactive_markers/hook/cmake_prefix_path.sh'
[11.189s] Level 1:colcon.colcon_core.environment:checking '/home/maclab/Documents/ROS_WORKSPACES/WS_Master_Thesis/install/pointcloud_interactive_markers/lib'
[11.189s] Level 1:colcon.colcon_core.environment:checking '/home/maclab/Documents/ROS_WORKSPACES/WS_Master_Thesis/install/pointcloud_interactive_markers/bin'
[11.189s] Level 1:colcon.colcon_core.environment:checking '/home/maclab/Documents/ROS_WORKSPACES/WS_Master_Thesis/install/pointcloud_interactive_markers/lib/pkgconfig/pointcloud_interactive_markers.pc'
[11.189s] Level 1:colcon.colcon_core.environment:checking '/home/maclab/Documents/ROS_WORKSPACES/WS_Master_Thesis/install/pointcloud_interactive_markers/lib/python3.10/site-packages'
[11.189s] Level 1:colcon.colcon_core.environment:checking '/home/maclab/Documents/ROS_WORKSPACES/WS_Master_Thesis/install/pointcloud_interactive_markers/bin'
[11.189s] INFO:colcon.colcon_core.shell:Creating package script '/home/maclab/Documents/ROS_WORKSPACES/WS_Master_Thesis/install/pointcloud_interactive_markers/share/pointcloud_interactive_markers/package.ps1'
[11.190s] INFO:colcon.colcon_core.shell:Creating package descriptor '/home/maclab/Documents/ROS_WORKSPACES/WS_Master_Thesis/install/pointcloud_interactive_markers/share/pointcloud_interactive_markers/package.dsv'
[11.190s] INFO:colcon.colcon_core.shell:Creating package script '/home/maclab/Documents/ROS_WORKSPACES/WS_Master_Thesis/install/pointcloud_interactive_markers/share/pointcloud_interactive_markers/package.sh'
[11.190s] INFO:colcon.colcon_core.shell:Creating package script '/home/maclab/Documents/ROS_WORKSPACES/WS_Master_Thesis/install/pointcloud_interactive_markers/share/pointcloud_interactive_markers/package.bash'
[11.190s] INFO:colcon.colcon_core.shell:Creating package script '/home/maclab/Documents/ROS_WORKSPACES/WS_Master_Thesis/install/pointcloud_interactive_markers/share/pointcloud_interactive_markers/package.zsh'
[11.190s] Level 1:colcon.colcon_core.environment:create_file_with_runtime_dependencies(/home/maclab/Documents/ROS_WORKSPACES/WS_Master_Thesis/install/pointcloud_interactive_markers/share/colcon-core/packages/pointcloud_interactive_markers)
[11.190s] Level 1:colcon.colcon_core.environment:create_environment_scripts_only(pointcloud_interactive_markers)
[11.190s] Level 1:colcon.colcon_core.environment:checking '/home/maclab/Documents/ROS_WORKSPACES/WS_Master_Thesis/install/pointcloud_interactive_markers' for CMake module files
[11.191s] Level 1:colcon.colcon_core.environment:checking '/home/maclab/Documents/ROS_WORKSPACES/WS_Master_Thesis/install/pointcloud_interactive_markers' for CMake config files
[11.191s] Level 1:colcon.colcon_core.shell:create_environment_hook('pointcloud_interactive_markers', 'cmake_prefix_path')
[11.191s] INFO:colcon.colcon_core.shell:Creating environment hook '/home/maclab/Documents/ROS_WORKSPACES/WS_Master_Thesis/install/pointcloud_interactive_markers/share/pointcloud_interactive_markers/hook/cmake_prefix_path.ps1'
[11.191s] INFO:colcon.colcon_core.shell:Creating environment descriptor '/home/maclab/Documents/ROS_WORKSPACES/WS_Master_Thesis/install/pointcloud_interactive_markers/share/pointcloud_interactive_markers/hook/cmake_prefix_path.dsv'
[11.191s] INFO:colcon.colcon_core.shell:Creating environment hook '/home/maclab/Documents/ROS_WORKSPACES/WS_Master_Thesis/install/pointcloud_interactive_markers/share/pointcloud_interactive_markers/hook/cmake_prefix_path.sh'
[11.191s] Level 1:colcon.colcon_core.environment:checking '/home/maclab/Documents/ROS_WORKSPACES/WS_Master_Thesis/install/pointcloud_interactive_markers/lib'
[11.191s] Level 1:colcon.colcon_core.environment:checking '/home/maclab/Documents/ROS_WORKSPACES/WS_Master_Thesis/install/pointcloud_interactive_markers/bin'
[11.191s] Level 1:colcon.colcon_core.environment:checking '/home/maclab/Documents/ROS_WORKSPACES/WS_Master_Thesis/install/pointcloud_interactive_markers/lib/pkgconfig/pointcloud_interactive_markers.pc'
[11.191s] Level 1:colcon.colcon_core.environment:checking '/home/maclab/Documents/ROS_WORKSPACES/WS_Master_Thesis/install/pointcloud_interactive_markers/lib/python3.10/site-packages'
[11.192s] Level 1:colcon.colcon_core.environment:checking '/home/maclab/Documents/ROS_WORKSPACES/WS_Master_Thesis/install/pointcloud_interactive_markers/bin'
[11.192s] INFO:colcon.colcon_core.shell:Creating package script '/home/maclab/Documents/ROS_WORKSPACES/WS_Master_Thesis/install/pointcloud_interactive_markers/share/pointcloud_interactive_markers/package.ps1'
[11.192s] INFO:colcon.colcon_core.shell:Creating package descriptor '/home/maclab/Documents/ROS_WORKSPACES/WS_Master_Thesis/install/pointcloud_interactive_markers/share/pointcloud_interactive_markers/package.dsv'
[11.192s] INFO:colcon.colcon_core.shell:Creating package script '/home/maclab/Documents/ROS_WORKSPACES/WS_Master_Thesis/install/pointcloud_interactive_markers/share/pointcloud_interactive_markers/package.sh'
[11.192s] INFO:colcon.colcon_core.shell:Creating package script '/home/maclab/Documents/ROS_WORKSPACES/WS_Master_Thesis/install/pointcloud_interactive_markers/share/pointcloud_interactive_markers/package.bash'
[11.192s] INFO:colcon.colcon_core.shell:Creating package script '/home/maclab/Documents/ROS_WORKSPACES/WS_Master_Thesis/install/pointcloud_interactive_markers/share/pointcloud_interactive_markers/package.zsh'
[11.192s] Level 1:colcon.colcon_core.environment:create_file_with_runtime_dependencies(/home/maclab/Documents/ROS_WORKSPACES/WS_Master_Thesis/install/pointcloud_interactive_markers/share/colcon-core/packages/pointcloud_interactive_markers)
[11.199s] Level 1:colcon.colcon_core.environment:create_environment_scripts_only(uc1_robot_controllers_interfaces)
[11.199s] Level 1:colcon.colcon_core.environment:checking '/home/maclab/Documents/ROS_WORKSPACES/WS_Master_Thesis/install/uc1_robot_controllers_interfaces' for CMake module files
[11.200s] DEBUG:colcon.colcon_core.event_handler.log_command:Invoked command in '/home/maclab/Documents/ROS_WORKSPACES/WS_Master_Thesis/build/uc1_robot_controllers_interfaces' returned '0': CMAKE_PREFIX_PATH=/opt/ros/humble /usr/bin/cmake --install /home/maclab/Documents/ROS_WORKSPACES/WS_Master_Thesis/build/uc1_robot_controllers_interfaces
[11.200s] Level 1:colcon.colcon_core.environment:checking '/home/maclab/Documents/ROS_WORKSPACES/WS_Master_Thesis/install/uc1_robot_controllers_interfaces' for CMake config files
[11.200s] Level 1:colcon.colcon_core.shell:create_environment_hook('uc1_robot_controllers_interfaces', 'cmake_prefix_path')
[11.200s] INFO:colcon.colcon_core.shell:Creating environment hook '/home/maclab/Documents/ROS_WORKSPACES/WS_Master_Thesis/install/uc1_robot_controllers_interfaces/share/uc1_robot_controllers_interfaces/hook/cmake_prefix_path.ps1'
[11.200s] INFO:colcon.colcon_core.shell:Creating environment descriptor '/home/maclab/Documents/ROS_WORKSPACES/WS_Master_Thesis/install/uc1_robot_controllers_interfaces/share/uc1_robot_controllers_interfaces/hook/cmake_prefix_path.dsv'
[11.200s] INFO:colcon.colcon_core.shell:Creating environment hook '/home/maclab/Documents/ROS_WORKSPACES/WS_Master_Thesis/install/uc1_robot_controllers_interfaces/share/uc1_robot_controllers_interfaces/hook/cmake_prefix_path.sh'
[11.201s] Level 1:colcon.colcon_core.environment:checking '/home/maclab/Documents/ROS_WORKSPACES/WS_Master_Thesis/install/uc1_robot_controllers_interfaces/lib'
[11.201s] Level 1:colcon.colcon_core.shell:create_environment_hook('uc1_robot_controllers_interfaces', 'ld_library_path_lib')
[11.201s] INFO:colcon.colcon_core.shell:Creating environment hook '/home/maclab/Documents/ROS_WORKSPACES/WS_Master_Thesis/install/uc1_robot_controllers_interfaces/share/uc1_robot_controllers_interfaces/hook/ld_library_path_lib.ps1'
[11.201s] INFO:colcon.colcon_core.shell:Creating environment descriptor '/home/maclab/Documents/ROS_WORKSPACES/WS_Master_Thesis/install/uc1_robot_controllers_interfaces/share/uc1_robot_controllers_interfaces/hook/ld_library_path_lib.dsv'
[11.201s] INFO:colcon.colcon_core.shell:Creating environment hook '/home/maclab/Documents/ROS_WORKSPACES/WS_Master_Thesis/install/uc1_robot_controllers_interfaces/share/uc1_robot_controllers_interfaces/hook/ld_library_path_lib.sh'
[11.201s] Level 1:colcon.colcon_core.environment:checking '/home/maclab/Documents/ROS_WORKSPACES/WS_Master_Thesis/install/uc1_robot_controllers_interfaces/bin'
[11.201s] Level 1:colcon.colcon_core.environment:checking '/home/maclab/Documents/ROS_WORKSPACES/WS_Master_Thesis/install/uc1_robot_controllers_interfaces/lib/pkgconfig/uc1_robot_controllers_interfaces.pc'
[11.201s] Level 1:colcon.colcon_core.environment:checking '/home/maclab/Documents/ROS_WORKSPACES/WS_Master_Thesis/install/uc1_robot_controllers_interfaces/lib/python3.10/site-packages'
[11.201s] Level 1:colcon.colcon_core.environment:checking '/home/maclab/Documents/ROS_WORKSPACES/WS_Master_Thesis/install/uc1_robot_controllers_interfaces/bin'
[11.201s] INFO:colcon.colcon_core.shell:Creating package script '/home/maclab/Documents/ROS_WORKSPACES/WS_Master_Thesis/install/uc1_robot_controllers_interfaces/share/uc1_robot_controllers_interfaces/package.ps1'
[11.202s] INFO:colcon.colcon_core.shell:Creating package descriptor '/home/maclab/Documents/ROS_WORKSPACES/WS_Master_Thesis/install/uc1_robot_controllers_interfaces/share/uc1_robot_controllers_interfaces/package.dsv'
[11.202s] INFO:colcon.colcon_core.shell:Creating package script '/home/maclab/Documents/ROS_WORKSPACES/WS_Master_Thesis/install/uc1_robot_controllers_interfaces/share/uc1_robot_controllers_interfaces/package.sh'
[11.202s] INFO:colcon.colcon_core.shell:Creating package script '/home/maclab/Documents/ROS_WORKSPACES/WS_Master_Thesis/install/uc1_robot_controllers_interfaces/share/uc1_robot_controllers_interfaces/package.bash'
[11.202s] INFO:colcon.colcon_core.shell:Creating package script '/home/maclab/Documents/ROS_WORKSPACES/WS_Master_Thesis/install/uc1_robot_controllers_interfaces/share/uc1_robot_controllers_interfaces/package.zsh'
[11.202s] Level 1:colcon.colcon_core.environment:create_file_with_runtime_dependencies(/home/maclab/Documents/ROS_WORKSPACES/WS_Master_Thesis/install/uc1_robot_controllers_interfaces/share/colcon-core/packages/uc1_robot_controllers_interfaces)
[11.202s] Level 1:colcon.colcon_core.environment:create_environment_scripts_only(uc1_robot_controllers_interfaces)
[11.203s] Level 1:colcon.colcon_core.environment:checking '/home/maclab/Documents/ROS_WORKSPACES/WS_Master_Thesis/install/uc1_robot_controllers_interfaces' for CMake module files
[11.203s] Level 1:colcon.colcon_core.environment:checking '/home/maclab/Documents/ROS_WORKSPACES/WS_Master_Thesis/install/uc1_robot_controllers_interfaces' for CMake config files
[11.203s] Level 1:colcon.colcon_core.shell:create_environment_hook('uc1_robot_controllers_interfaces', 'cmake_prefix_path')
[11.203s] INFO:colcon.colcon_core.shell:Creating environment hook '/home/maclab/Documents/ROS_WORKSPACES/WS_Master_Thesis/install/uc1_robot_controllers_interfaces/share/uc1_robot_controllers_interfaces/hook/cmake_prefix_path.ps1'
[11.203s] INFO:colcon.colcon_core.shell:Creating environment descriptor '/home/maclab/Documents/ROS_WORKSPACES/WS_Master_Thesis/install/uc1_robot_controllers_interfaces/share/uc1_robot_controllers_interfaces/hook/cmake_prefix_path.dsv'
[11.203s] INFO:colcon.colcon_core.shell:Creating environment hook '/home/maclab/Documents/ROS_WORKSPACES/WS_Master_Thesis/install/uc1_robot_controllers_interfaces/share/uc1_robot_controllers_interfaces/hook/cmake_prefix_path.sh'
[11.203s] Level 1:colcon.colcon_core.environment:checking '/home/maclab/Documents/ROS_WORKSPACES/WS_Master_Thesis/install/uc1_robot_controllers_interfaces/lib'
[11.203s] Level 1:colcon.colcon_core.shell:create_environment_hook('uc1_robot_controllers_interfaces', 'ld_library_path_lib')
[11.203s] INFO:colcon.colcon_core.shell:Creating environment hook '/home/maclab/Documents/ROS_WORKSPACES/WS_Master_Thesis/install/uc1_robot_controllers_interfaces/share/uc1_robot_controllers_interfaces/hook/ld_library_path_lib.ps1'
[11.204s] INFO:colcon.colcon_core.shell:Creating environment descriptor '/home/maclab/Documents/ROS_WORKSPACES/WS_Master_Thesis/install/uc1_robot_controllers_interfaces/share/uc1_robot_controllers_interfaces/hook/ld_library_path_lib.dsv'
[11.204s] INFO:colcon.colcon_core.shell:Creating environment hook '/home/maclab/Documents/ROS_WORKSPACES/WS_Master_Thesis/install/uc1_robot_controllers_interfaces/share/uc1_robot_controllers_interfaces/hook/ld_library_path_lib.sh'
[11.204s] Level 1:colcon.colcon_core.environment:checking '/home/maclab/Documents/ROS_WORKSPACES/WS_Master_Thesis/install/uc1_robot_controllers_interfaces/bin'
[11.204s] Level 1:colcon.colcon_core.environment:checking '/home/maclab/Documents/ROS_WORKSPACES/WS_Master_Thesis/install/uc1_robot_controllers_interfaces/lib/pkgconfig/uc1_robot_controllers_interfaces.pc'
[11.204s] Level 1:colcon.colcon_core.environment:checking '/home/maclab/Documents/ROS_WORKSPACES/WS_Master_Thesis/install/uc1_robot_controllers_interfaces/lib/python3.10/site-packages'
[11.204s] Level 1:colcon.colcon_core.environment:checking '/home/maclab/Documents/ROS_WORKSPACES/WS_Master_Thesis/install/uc1_robot_controllers_interfaces/bin'
[11.204s] INFO:colcon.colcon_core.shell:Creating package script '/home/maclab/Documents/ROS_WORKSPACES/WS_Master_Thesis/install/uc1_robot_controllers_interfaces/share/uc1_robot_controllers_interfaces/package.ps1'
[11.204s] INFO:colcon.colcon_core.shell:Creating package descriptor '/home/maclab/Documents/ROS_WORKSPACES/WS_Master_Thesis/install/uc1_robot_controllers_interfaces/share/uc1_robot_controllers_interfaces/package.dsv'
[11.205s] INFO:colcon.colcon_core.shell:Creating package script '/home/maclab/Documents/ROS_WORKSPACES/WS_Master_Thesis/install/uc1_robot_controllers_interfaces/share/uc1_robot_controllers_interfaces/package.sh'
[11.205s] INFO:colcon.colcon_core.shell:Creating package script '/home/maclab/Documents/ROS_WORKSPACES/WS_Master_Thesis/install/uc1_robot_controllers_interfaces/share/uc1_robot_controllers_interfaces/package.bash'
[11.205s] INFO:colcon.colcon_core.shell:Creating package script '/home/maclab/Documents/ROS_WORKSPACES/WS_Master_Thesis/install/uc1_robot_controllers_interfaces/share/uc1_robot_controllers_interfaces/package.zsh'
[11.205s] Level 1:colcon.colcon_core.environment:create_file_with_runtime_dependencies(/home/maclab/Documents/ROS_WORKSPACES/WS_Master_Thesis/install/uc1_robot_controllers_interfaces/share/colcon-core/packages/uc1_robot_controllers_interfaces)
[11.266s] DEBUG:colcon.colcon_core.event_handler.log_command:Invoked command in '/home/maclab/Documents/ROS_WORKSPACES/WS_Master_Thesis/build/rsp_uc1' returned '0': CMAKE_PREFIX_PATH=/opt/ros/humble /usr/bin/cmake --build /home/maclab/Documents/ROS_WORKSPACES/WS_Master_Thesis/build/rsp_uc1 -- -j32 -l32
[11.266s] DEBUG:colcon.colcon_core.event_handler.log_command:Invoking command in '/home/maclab/Documents/ROS_WORKSPACES/WS_Master_Thesis/build/rsp_uc1': CMAKE_PREFIX_PATH=/opt/ros/humble /usr/bin/cmake --install /home/maclab/Documents/ROS_WORKSPACES/WS_Master_Thesis/build/rsp_uc1
[11.277s] Level 1:colcon.colcon_core.environment:create_environment_scripts_only(rsp_uc1)
[11.278s] Level 1:colcon.colcon_core.environment:checking '/home/maclab/Documents/ROS_WORKSPACES/WS_Master_Thesis/install/rsp_uc1' for CMake module files
[11.278s] DEBUG:colcon.colcon_core.event_handler.log_command:Invoked command in '/home/maclab/Documents/ROS_WORKSPACES/WS_Master_Thesis/build/rsp_uc1' returned '0': CMAKE_PREFIX_PATH=/opt/ros/humble /usr/bin/cmake --install /home/maclab/Documents/ROS_WORKSPACES/WS_Master_Thesis/build/rsp_uc1
[11.278s] Level 1:colcon.colcon_core.environment:checking '/home/maclab/Documents/ROS_WORKSPACES/WS_Master_Thesis/install/rsp_uc1' for CMake config files
[11.278s] Level 1:colcon.colcon_core.shell:create_environment_hook('rsp_uc1', 'cmake_prefix_path')
[11.278s] INFO:colcon.colcon_core.shell:Creating environment hook '/home/maclab/Documents/ROS_WORKSPACES/WS_Master_Thesis/install/rsp_uc1/share/rsp_uc1/hook/cmake_prefix_path.ps1'
[11.278s] INFO:colcon.colcon_core.shell:Creating environment descriptor '/home/maclab/Documents/ROS_WORKSPACES/WS_Master_Thesis/install/rsp_uc1/share/rsp_uc1/hook/cmake_prefix_path.dsv'
[11.278s] INFO:colcon.colcon_core.shell:Creating environment hook '/home/maclab/Documents/ROS_WORKSPACES/WS_Master_Thesis/install/rsp_uc1/share/rsp_uc1/hook/cmake_prefix_path.sh'
[11.278s] Level 1:colcon.colcon_core.environment:checking '/home/maclab/Documents/ROS_WORKSPACES/WS_Master_Thesis/install/rsp_uc1/lib'
[11.279s] Level 1:colcon.colcon_core.shell:create_environment_hook('rsp_uc1', 'ld_library_path_lib')
[11.279s] INFO:colcon.colcon_core.shell:Creating environment hook '/home/maclab/Documents/ROS_WORKSPACES/WS_Master_Thesis/install/rsp_uc1/share/rsp_uc1/hook/ld_library_path_lib.ps1'
[11.279s] INFO:colcon.colcon_core.shell:Creating environment descriptor '/home/maclab/Documents/ROS_WORKSPACES/WS_Master_Thesis/install/rsp_uc1/share/rsp_uc1/hook/ld_library_path_lib.dsv'
[11.279s] INFO:colcon.colcon_core.shell:Creating environment hook '/home/maclab/Documents/ROS_WORKSPACES/WS_Master_Thesis/install/rsp_uc1/share/rsp_uc1/hook/ld_library_path_lib.sh'
[11.279s] Level 1:colcon.colcon_core.environment:checking '/home/maclab/Documents/ROS_WORKSPACES/WS_Master_Thesis/install/rsp_uc1/bin'
[11.279s] Level 1:colcon.colcon_core.environment:checking '/home/maclab/Documents/ROS_WORKSPACES/WS_Master_Thesis/install/rsp_uc1/lib/pkgconfig/rsp_uc1.pc'
[11.279s] Level 1:colcon.colcon_core.environment:checking '/home/maclab/Documents/ROS_WORKSPACES/WS_Master_Thesis/install/rsp_uc1/lib/python3.10/site-packages'
[11.279s] Level 1:colcon.colcon_core.environment:checking '/home/maclab/Documents/ROS_WORKSPACES/WS_Master_Thesis/install/rsp_uc1/bin'
[11.279s] INFO:colcon.colcon_core.shell:Creating package script '/home/maclab/Documents/ROS_WORKSPACES/WS_Master_Thesis/install/rsp_uc1/share/rsp_uc1/package.ps1'
[11.280s] INFO:colcon.colcon_core.shell:Creating package descriptor '/home/maclab/Documents/ROS_WORKSPACES/WS_Master_Thesis/install/rsp_uc1/share/rsp_uc1/package.dsv'
[11.280s] INFO:colcon.colcon_core.shell:Creating package script '/home/maclab/Documents/ROS_WORKSPACES/WS_Master_Thesis/install/rsp_uc1/share/rsp_uc1/package.sh'
[11.280s] INFO:colcon.colcon_core.shell:Creating package script '/home/maclab/Documents/ROS_WORKSPACES/WS_Master_Thesis/install/rsp_uc1/share/rsp_uc1/package.bash'
[11.280s] INFO:colcon.colcon_core.shell:Creating package script '/home/maclab/Documents/ROS_WORKSPACES/WS_Master_Thesis/install/rsp_uc1/share/rsp_uc1/package.zsh'
[11.280s] Level 1:colcon.colcon_core.environment:create_file_with_runtime_dependencies(/home/maclab/Documents/ROS_WORKSPACES/WS_Master_Thesis/install/rsp_uc1/share/colcon-core/packages/rsp_uc1)
[11.280s] Level 1:colcon.colcon_core.environment:create_environment_scripts_only(rsp_uc1)
[11.280s] Level 1:colcon.colcon_core.environment:checking '/home/maclab/Documents/ROS_WORKSPACES/WS_Master_Thesis/install/rsp_uc1' for CMake module files
[11.281s] Level 1:colcon.colcon_core.environment:checking '/home/maclab/Documents/ROS_WORKSPACES/WS_Master_Thesis/install/rsp_uc1' for CMake config files
[11.281s] Level 1:colcon.colcon_core.shell:create_environment_hook('rsp_uc1', 'cmake_prefix_path')
[11.281s] INFO:colcon.colcon_core.shell:Creating environment hook '/home/maclab/Documents/ROS_WORKSPACES/WS_Master_Thesis/install/rsp_uc1/share/rsp_uc1/hook/cmake_prefix_path.ps1'
[11.281s] INFO:colcon.colcon_core.shell:Creating environment descriptor '/home/maclab/Documents/ROS_WORKSPACES/WS_Master_Thesis/install/rsp_uc1/share/rsp_uc1/hook/cmake_prefix_path.dsv'
[11.281s] INFO:colcon.colcon_core.shell:Creating environment hook '/home/maclab/Documents/ROS_WORKSPACES/WS_Master_Thesis/install/rsp_uc1/share/rsp_uc1/hook/cmake_prefix_path.sh'
[11.281s] Level 1:colcon.colcon_core.environment:checking '/home/maclab/Documents/ROS_WORKSPACES/WS_Master_Thesis/install/rsp_uc1/lib'
[11.281s] Level 1:colcon.colcon_core.shell:create_environment_hook('rsp_uc1', 'ld_library_path_lib')
[11.281s] INFO:colcon.colcon_core.shell:Creating environment hook '/home/maclab/Documents/ROS_WORKSPACES/WS_Master_Thesis/install/rsp_uc1/share/rsp_uc1/hook/ld_library_path_lib.ps1'
[11.281s] INFO:colcon.colcon_core.shell:Creating environment descriptor '/home/maclab/Documents/ROS_WORKSPACES/WS_Master_Thesis/install/rsp_uc1/share/rsp_uc1/hook/ld_library_path_lib.dsv'
[11.281s] INFO:colcon.colcon_core.shell:Creating environment hook '/home/maclab/Documents/ROS_WORKSPACES/WS_Master_Thesis/install/rsp_uc1/share/rsp_uc1/hook/ld_library_path_lib.sh'
[11.282s] Level 1:colcon.colcon_core.environment:checking '/home/maclab/Documents/ROS_WORKSPACES/WS_Master_Thesis/install/rsp_uc1/bin'
[11.282s] Level 1:colcon.colcon_core.environment:checking '/home/maclab/Documents/ROS_WORKSPACES/WS_Master_Thesis/install/rsp_uc1/lib/pkgconfig/rsp_uc1.pc'
[11.282s] Level 1:colcon.colcon_core.environment:checking '/home/maclab/Documents/ROS_WORKSPACES/WS_Master_Thesis/install/rsp_uc1/lib/python3.10/site-packages'
[11.282s] Level 1:colcon.colcon_core.environment:checking '/home/maclab/Documents/ROS_WORKSPACES/WS_Master_Thesis/install/rsp_uc1/bin'
[11.282s] INFO:colcon.colcon_core.shell:Creating package script '/home/maclab/Documents/ROS_WORKSPACES/WS_Master_Thesis/install/rsp_uc1/share/rsp_uc1/package.ps1'
[11.282s] INFO:colcon.colcon_core.shell:Creating package descriptor '/home/maclab/Documents/ROS_WORKSPACES/WS_Master_Thesis/install/rsp_uc1/share/rsp_uc1/package.dsv'
[11.282s] INFO:colcon.colcon_core.shell:Creating package script '/home/maclab/Documents/ROS_WORKSPACES/WS_Master_Thesis/install/rsp_uc1/share/rsp_uc1/package.sh'
[11.283s] INFO:colcon.colcon_core.shell:Creating package script '/home/maclab/Documents/ROS_WORKSPACES/WS_Master_Thesis/install/rsp_uc1/share/rsp_uc1/package.bash'
[11.283s] INFO:colcon.colcon_core.shell:Creating package script '/home/maclab/Documents/ROS_WORKSPACES/WS_Master_Thesis/install/rsp_uc1/share/rsp_uc1/package.zsh'
[11.283s] Level 1:colcon.colcon_core.environment:create_file_with_runtime_dependencies(/home/maclab/Documents/ROS_WORKSPACES/WS_Master_Thesis/install/rsp_uc1/share/colcon-core/packages/rsp_uc1)
[14.347s] DEBUG:colcon.colcon_core.event_handler.log_command:Invoked command in '/home/maclab/Documents/ROS_WORKSPACES/WS_Master_Thesis/build/ur_admittance_controller' returned '0': CMAKE_PREFIX_PATH=/opt/ros/humble /usr/bin/cmake --build /home/maclab/Documents/ROS_WORKSPACES/WS_Master_Thesis/build/ur_admittance_controller -- -j32 -l32
[14.348s] DEBUG:colcon.colcon_core.event_handler.log_command:Invoking command in '/home/maclab/Documents/ROS_WORKSPACES/WS_Master_Thesis/build/ur_admittance_controller': CMAKE_PREFIX_PATH=/opt/ros/humble /usr/bin/cmake --install /home/maclab/Documents/ROS_WORKSPACES/WS_Master_Thesis/build/ur_admittance_controller
[14.363s] Level 1:colcon.colcon_core.environment:create_environment_scripts_only(ur_admittance_controller)
[14.363s] Level 1:colcon.colcon_core.environment:checking '/home/maclab/Documents/ROS_WORKSPACES/WS_Master_Thesis/install/ur_admittance_controller' for CMake module files
[14.363s] DEBUG:colcon.colcon_core.event_handler.log_command:Invoked command in '/home/maclab/Documents/ROS_WORKSPACES/WS_Master_Thesis/build/ur_admittance_controller' returned '0': CMAKE_PREFIX_PATH=/opt/ros/humble /usr/bin/cmake --install /home/maclab/Documents/ROS_WORKSPACES/WS_Master_Thesis/build/ur_admittance_controller
[14.364s] Level 1:colcon.colcon_core.environment:checking '/home/maclab/Documents/ROS_WORKSPACES/WS_Master_Thesis/install/ur_admittance_controller' for CMake config files
[14.364s] Level 1:colcon.colcon_core.shell:create_environment_hook('ur_admittance_controller', 'cmake_prefix_path')
[14.364s] INFO:colcon.colcon_core.shell:Creating environment hook '/home/maclab/Documents/ROS_WORKSPACES/WS_Master_Thesis/install/ur_admittance_controller/share/ur_admittance_controller/hook/cmake_prefix_path.ps1'
[14.364s] INFO:colcon.colcon_core.shell:Creating environment descriptor '/home/maclab/Documents/ROS_WORKSPACES/WS_Master_Thesis/install/ur_admittance_controller/share/ur_admittance_controller/hook/cmake_prefix_path.dsv'
[14.364s] INFO:colcon.colcon_core.shell:Creating environment hook '/home/maclab/Documents/ROS_WORKSPACES/WS_Master_Thesis/install/ur_admittance_controller/share/ur_admittance_controller/hook/cmake_prefix_path.sh'
[14.365s] Level 1:colcon.colcon_core.environment:checking '/home/maclab/Documents/ROS_WORKSPACES/WS_Master_Thesis/install/ur_admittance_controller/lib'
[14.365s] Level 1:colcon.colcon_core.environment:checking '/home/maclab/Documents/ROS_WORKSPACES/WS_Master_Thesis/install/ur_admittance_controller/bin'
[14.365s] Level 1:colcon.colcon_core.environment:checking '/home/maclab/Documents/ROS_WORKSPACES/WS_Master_Thesis/install/ur_admittance_controller/lib/pkgconfig/ur_admittance_controller.pc'
[14.365s] Level 1:colcon.colcon_core.environment:checking '/home/maclab/Documents/ROS_WORKSPACES/WS_Master_Thesis/install/ur_admittance_controller/lib/python3.10/site-packages'
[14.365s] Level 1:colcon.colcon_core.environment:checking '/home/maclab/Documents/ROS_WORKSPACES/WS_Master_Thesis/install/ur_admittance_controller/bin'
[14.366s] INFO:colcon.colcon_core.shell:Creating package script '/home/maclab/Documents/ROS_WORKSPACES/WS_Master_Thesis/install/ur_admittance_controller/share/ur_admittance_controller/package.ps1'
[14.366s] INFO:colcon.colcon_core.shell:Creating package descriptor '/home/maclab/Documents/ROS_WORKSPACES/WS_Master_Thesis/install/ur_admittance_controller/share/ur_admittance_controller/package.dsv'
[14.366s] INFO:colcon.colcon_core.shell:Creating package script '/home/maclab/Documents/ROS_WORKSPACES/WS_Master_Thesis/install/ur_admittance_controller/share/ur_admittance_controller/package.sh'
[14.366s] INFO:colcon.colcon_core.shell:Creating package script '/home/maclab/Documents/ROS_WORKSPACES/WS_Master_Thesis/install/ur_admittance_controller/share/ur_admittance_controller/package.bash'
[14.366s] INFO:colcon.colcon_core.shell:Creating package script '/home/maclab/Documents/ROS_WORKSPACES/WS_Master_Thesis/install/ur_admittance_controller/share/ur_admittance_controller/package.zsh'
[14.366s] Level 1:colcon.colcon_core.environment:create_file_with_runtime_dependencies(/home/maclab/Documents/ROS_WORKSPACES/WS_Master_Thesis/install/ur_admittance_controller/share/colcon-core/packages/ur_admittance_controller)
[14.366s] Level 1:colcon.colcon_core.environment:create_environment_scripts_only(ur_admittance_controller)
[14.367s] Level 1:colcon.colcon_core.environment:checking '/home/maclab/Documents/ROS_WORKSPACES/WS_Master_Thesis/install/ur_admittance_controller' for CMake module files
[14.367s] Level 1:colcon.colcon_core.environment:checking '/home/maclab/Documents/ROS_WORKSPACES/WS_Master_Thesis/install/ur_admittance_controller' for CMake config files
[14.367s] Level 1:colcon.colcon_core.shell:create_environment_hook('ur_admittance_controller', 'cmake_prefix_path')
[14.367s] INFO:colcon.colcon_core.shell:Creating environment hook '/home/maclab/Documents/ROS_WORKSPACES/WS_Master_Thesis/install/ur_admittance_controller/share/ur_admittance_controller/hook/cmake_prefix_path.ps1'
[14.367s] INFO:colcon.colcon_core.shell:Creating environment descriptor '/home/maclab/Documents/ROS_WORKSPACES/WS_Master_Thesis/install/ur_admittance_controller/share/ur_admittance_controller/hook/cmake_prefix_path.dsv'
[14.367s] INFO:colcon.colcon_core.shell:Creating environment hook '/home/maclab/Documents/ROS_WORKSPACES/WS_Master_Thesis/install/ur_admittance_controller/share/ur_admittance_controller/hook/cmake_prefix_path.sh'
[14.367s] Level 1:colcon.colcon_core.environment:checking '/home/maclab/Documents/ROS_WORKSPACES/WS_Master_Thesis/install/ur_admittance_controller/lib'
[14.367s] Level 1:colcon.colcon_core.environment:checking '/home/maclab/Documents/ROS_WORKSPACES/WS_Master_Thesis/install/ur_admittance_controller/bin'
[14.367s] Level 1:colcon.colcon_core.environment:checking '/home/maclab/Documents/ROS_WORKSPACES/WS_Master_Thesis/install/ur_admittance_controller/lib/pkgconfig/ur_admittance_controller.pc'
[14.367s] Level 1:colcon.colcon_core.environment:checking '/home/maclab/Documents/ROS_WORKSPACES/WS_Master_Thesis/install/ur_admittance_controller/lib/python3.10/site-packages'
[14.368s] Level 1:colcon.colcon_core.environment:checking '/home/maclab/Documents/ROS_WORKSPACES/WS_Master_Thesis/install/ur_admittance_controller/bin'
[14.368s] INFO:colcon.colcon_core.shell:Creating package script '/home/maclab/Documents/ROS_WORKSPACES/WS_Master_Thesis/install/ur_admittance_controller/share/ur_admittance_controller/package.ps1'
[14.368s] INFO:colcon.colcon_core.shell:Creating package descriptor '/home/maclab/Documents/ROS_WORKSPACES/WS_Master_Thesis/install/ur_admittance_controller/share/ur_admittance_controller/package.dsv'
[14.368s] INFO:colcon.colcon_core.shell:Creating package script '/home/maclab/Documents/ROS_WORKSPACES/WS_Master_Thesis/install/ur_admittance_controller/share/ur_admittance_controller/package.sh'
[14.369s] INFO:colcon.colcon_core.shell:Creating package script '/home/maclab/Documents/ROS_WORKSPACES/WS_Master_Thesis/install/ur_admittance_controller/share/ur_admittance_controller/package.bash'
[14.369s] INFO:colcon.colcon_core.shell:Creating package script '/home/maclab/Documents/ROS_WORKSPACES/WS_Master_Thesis/install/ur_admittance_controller/share/ur_admittance_controller/package.zsh'
[14.369s] Level 1:colcon.colcon_core.environment:create_file_with_runtime_dependencies(/home/maclab/Documents/ROS_WORKSPACES/WS_Master_Thesis/install/ur_admittance_controller/share/colcon-core/packages/ur_admittance_controller)
[14.391s] DEBUG:colcon.colcon_core.event_handler.log_command:Invoked command in '/home/maclab/Documents/ROS_WORKSPACES/WS_Master_Thesis/build/uc1_robot_perception' returned '0': CMAKE_PREFIX_PATH=/opt/ros/humble /usr/bin/cmake --build /home/maclab/Documents/ROS_WORKSPACES/WS_Master_Thesis/build/uc1_robot_perception -- -j32 -l32
[14.392s] DEBUG:colcon.colcon_core.event_handler.log_command:Invoking command in '/home/maclab/Documents/ROS_WORKSPACES/WS_Master_Thesis/build/uc1_robot_perception': CMAKE_PREFIX_PATH=/opt/ros/humble /usr/bin/cmake --install /home/maclab/Documents/ROS_WORKSPACES/WS_Master_Thesis/build/uc1_robot_perception
[14.461s] Level 1:colcon.colcon_core.environment:create_environment_scripts_only(uc1_robot_perception)
[14.461s] DEBUG:colcon.colcon_core.event_handler.log_command:Invoked command in '/home/maclab/Documents/ROS_WORKSPACES/WS_Master_Thesis/build/uc1_robot_perception' returned '0': CMAKE_PREFIX_PATH=/opt/ros/humble /usr/bin/cmake --install /home/maclab/Documents/ROS_WORKSPACES/WS_Master_Thesis/build/uc1_robot_perception
[14.461s] Level 1:colcon.colcon_core.environment:checking '/home/maclab/Documents/ROS_WORKSPACES/WS_Master_Thesis/install/uc1_robot_perception' for CMake module files
[14.461s] Level 1:colcon.colcon_core.environment:checking '/home/maclab/Documents/ROS_WORKSPACES/WS_Master_Thesis/install/uc1_robot_perception' for CMake config files
[14.461s] Level 1:colcon.colcon_core.shell:create_environment_hook('uc1_robot_perception', 'cmake_prefix_path')
[14.461s] INFO:colcon.colcon_core.shell:Creating environment hook '/home/maclab/Documents/ROS_WORKSPACES/WS_Master_Thesis/install/uc1_robot_perception/share/uc1_robot_perception/hook/cmake_prefix_path.ps1'
[14.461s] INFO:colcon.colcon_core.shell:Creating environment descriptor '/home/maclab/Documents/ROS_WORKSPACES/WS_Master_Thesis/install/uc1_robot_perception/share/uc1_robot_perception/hook/cmake_prefix_path.dsv'
[14.462s] INFO:colcon.colcon_core.shell:Creating environment hook '/home/maclab/Documents/ROS_WORKSPACES/WS_Master_Thesis/install/uc1_robot_perception/share/uc1_robot_perception/hook/cmake_prefix_path.sh'
[14.462s] Level 1:colcon.colcon_core.environment:checking '/home/maclab/Documents/ROS_WORKSPACES/WS_Master_Thesis/install/uc1_robot_perception/lib'
[14.462s] Level 1:colcon.colcon_core.shell:create_environment_hook('uc1_robot_perception', 'ld_library_path_lib')
[14.462s] INFO:colcon.colcon_core.shell:Creating environment hook '/home/maclab/Documents/ROS_WORKSPACES/WS_Master_Thesis/install/uc1_robot_perception/share/uc1_robot_perception/hook/ld_library_path_lib.ps1'
[14.462s] INFO:colcon.colcon_core.shell:Creating environment descriptor '/home/maclab/Documents/ROS_WORKSPACES/WS_Master_Thesis/install/uc1_robot_perception/share/uc1_robot_perception/hook/ld_library_path_lib.dsv'
[14.462s] INFO:colcon.colcon_core.shell:Creating environment hook '/home/maclab/Documents/ROS_WORKSPACES/WS_Master_Thesis/install/uc1_robot_perception/share/uc1_robot_perception/hook/ld_library_path_lib.sh'
[14.462s] Level 1:colcon.colcon_core.environment:checking '/home/maclab/Documents/ROS_WORKSPACES/WS_Master_Thesis/install/uc1_robot_perception/bin'
[14.462s] Level 1:colcon.colcon_core.environment:checking '/home/maclab/Documents/ROS_WORKSPACES/WS_Master_Thesis/install/uc1_robot_perception/lib/pkgconfig/uc1_robot_perception.pc'
[14.462s] Level 1:colcon.colcon_core.environment:checking '/home/maclab/Documents/ROS_WORKSPACES/WS_Master_Thesis/install/uc1_robot_perception/lib/python3.10/site-packages'
[14.463s] Level 1:colcon.colcon_core.environment:checking '/home/maclab/Documents/ROS_WORKSPACES/WS_Master_Thesis/install/uc1_robot_perception/bin'
[14.463s] INFO:colcon.colcon_core.shell:Creating package script '/home/maclab/Documents/ROS_WORKSPACES/WS_Master_Thesis/install/uc1_robot_perception/share/uc1_robot_perception/package.ps1'
[14.463s] INFO:colcon.colcon_core.shell:Creating package descriptor '/home/maclab/Documents/ROS_WORKSPACES/WS_Master_Thesis/install/uc1_robot_perception/share/uc1_robot_perception/package.dsv'
[14.463s] INFO:colcon.colcon_core.shell:Creating package script '/home/maclab/Documents/ROS_WORKSPACES/WS_Master_Thesis/install/uc1_robot_perception/share/uc1_robot_perception/package.sh'
[14.463s] INFO:colcon.colcon_core.shell:Creating package script '/home/maclab/Documents/ROS_WORKSPACES/WS_Master_Thesis/install/uc1_robot_perception/share/uc1_robot_perception/package.bash'
[14.463s] INFO:colcon.colcon_core.shell:Creating package script '/home/maclab/Documents/ROS_WORKSPACES/WS_Master_Thesis/install/uc1_robot_perception/share/uc1_robot_perception/package.zsh'
[14.463s] Level 1:colcon.colcon_core.environment:create_file_with_runtime_dependencies(/home/maclab/Documents/ROS_WORKSPACES/WS_Master_Thesis/install/uc1_robot_perception/share/colcon-core/packages/uc1_robot_perception)
[14.464s] Level 1:colcon.colcon_core.environment:create_environment_scripts_only(uc1_robot_perception)
[14.464s] Level 1:colcon.colcon_core.environment:checking '/home/maclab/Documents/ROS_WORKSPACES/WS_Master_Thesis/install/uc1_robot_perception' for CMake module files
[14.464s] Level 1:colcon.colcon_core.environment:checking '/home/maclab/Documents/ROS_WORKSPACES/WS_Master_Thesis/install/uc1_robot_perception' for CMake config files
[14.464s] Level 1:colcon.colcon_core.shell:create_environment_hook('uc1_robot_perception', 'cmake_prefix_path')
[14.464s] INFO:colcon.colcon_core.shell:Creating environment hook '/home/maclab/Documents/ROS_WORKSPACES/WS_Master_Thesis/install/uc1_robot_perception/share/uc1_robot_perception/hook/cmake_prefix_path.ps1'
[14.464s] INFO:colcon.colcon_core.shell:Creating environment descriptor '/home/maclab/Documents/ROS_WORKSPACES/WS_Master_Thesis/install/uc1_robot_perception/share/uc1_robot_perception/hook/cmake_prefix_path.dsv'
[14.464s] INFO:colcon.colcon_core.shell:Creating environment hook '/home/maclab/Documents/ROS_WORKSPACES/WS_Master_Thesis/install/uc1_robot_perception/share/uc1_robot_perception/hook/cmake_prefix_path.sh'
[14.464s] Level 1:colcon.colcon_core.environment:checking '/home/maclab/Documents/ROS_WORKSPACES/WS_Master_Thesis/install/uc1_robot_perception/lib'
[14.464s] Level 1:colcon.colcon_core.shell:create_environment_hook('uc1_robot_perception', 'ld_library_path_lib')
[14.465s] INFO:colcon.colcon_core.shell:Creating environment hook '/home/maclab/Documents/ROS_WORKSPACES/WS_Master_Thesis/install/uc1_robot_perception/share/uc1_robot_perception/hook/ld_library_path_lib.ps1'
[14.465s] INFO:colcon.colcon_core.shell:Creating environment descriptor '/home/maclab/Documents/ROS_WORKSPACES/WS_Master_Thesis/install/uc1_robot_perception/share/uc1_robot_perception/hook/ld_library_path_lib.dsv'
[14.465s] INFO:colcon.colcon_core.shell:Creating environment hook '/home/maclab/Documents/ROS_WORKSPACES/WS_Master_Thesis/install/uc1_robot_perception/share/uc1_robot_perception/hook/ld_library_path_lib.sh'
[14.465s] Level 1:colcon.colcon_core.environment:checking '/home/maclab/Documents/ROS_WORKSPACES/WS_Master_Thesis/install/uc1_robot_perception/bin'
[14.465s] Level 1:colcon.colcon_core.environment:checking '/home/maclab/Documents/ROS_WORKSPACES/WS_Master_Thesis/install/uc1_robot_perception/lib/pkgconfig/uc1_robot_perception.pc'
[14.465s] Level 1:colcon.colcon_core.environment:checking '/home/maclab/Documents/ROS_WORKSPACES/WS_Master_Thesis/install/uc1_robot_perception/lib/python3.10/site-packages'
[14.465s] Level 1:colcon.colcon_core.environment:checking '/home/maclab/Documents/ROS_WORKSPACES/WS_Master_Thesis/install/uc1_robot_perception/bin'
[14.465s] INFO:colcon.colcon_core.shell:Creating package script '/home/maclab/Documents/ROS_WORKSPACES/WS_Master_Thesis/install/uc1_robot_perception/share/uc1_robot_perception/package.ps1'
[14.466s] INFO:colcon.colcon_core.shell:Creating package descriptor '/home/maclab/Documents/ROS_WORKSPACES/WS_Master_Thesis/install/uc1_robot_perception/share/uc1_robot_perception/package.dsv'
[14.466s] INFO:colcon.colcon_core.shell:Creating package script '/home/maclab/Documents/ROS_WORKSPACES/WS_Master_Thesis/install/uc1_robot_perception/share/uc1_robot_perception/package.sh'
[14.466s] INFO:colcon.colcon_core.shell:Creating package script '/home/maclab/Documents/ROS_WORKSPACES/WS_Master_Thesis/install/uc1_robot_perception/share/uc1_robot_perception/package.bash'
[14.466s] INFO:colcon.colcon_core.shell:Creating package script '/home/maclab/Documents/ROS_WORKSPACES/WS_Master_Thesis/install/uc1_robot_perception/share/uc1_robot_perception/package.zsh'
[14.466s] Level 1:colcon.colcon_core.environment:create_file_with_runtime_dependencies(/home/maclab/Documents/ROS_WORKSPACES/WS_Master_Thesis/install/uc1_robot_perception/share/colcon-core/packages/uc1_robot_perception)
[14.466s] INFO:colcon.colcon_ros.task.ament_cmake.build:Building ROS package in '/home/maclab/Documents/ROS_WORKSPACES/WS_Master_Thesis/src/uc1_robot_controllers' with build type 'ament_cmake'
[14.466s] INFO:colcon.colcon_cmake.task.cmake.build:Building CMake package in '/home/maclab/Documents/ROS_WORKSPACES/WS_Master_Thesis/src/uc1_robot_controllers'
[14.467s] INFO:colcon.colcon_core.shell:Skip shell extension 'powershell' for command environment: Not usable outside of PowerShell
[14.467s] DEBUG:colcon.colcon_core.shell:Skip shell extension 'dsv' for command environment
[14.478s] DEBUG:colcon.colcon_core.event_handler.log_command:Invoking command in '/home/maclab/Documents/ROS_WORKSPACES/WS_Master_Thesis/build/uc1_robot_controllers': AMENT_PREFIX_PATH=/home/maclab/Documents/ROS_WORKSPACES/WS_Master_Thesis/install/uc1_robot_perception:/home/maclab/Documents/ROS_WORKSPACES/WS_Master_Thesis/install/uc1_robot_controllers_interfaces:${AMENT_PREFIX_PATH} CMAKE_PREFIX_PATH=/home/maclab/Documents/ROS_WORKSPACES/WS_Master_Thesis/install/uc1_robot_perception:/home/maclab/Documents/ROS_WORKSPACES/WS_Master_Thesis/install/uc1_robot_controllers_interfaces:/opt/ros/humble LD_LIBRARY_PATH=/home/maclab/Documents/ROS_WORKSPACES/WS_Master_Thesis/install/uc1_robot_perception/lib:/home/maclab/Documents/ROS_WORKSPACES/WS_Master_Thesis/install/uc1_robot_controllers_interfaces/lib:${LD_LIBRARY_PATH} PYTHONPATH=/home/maclab/Documents/ROS_WORKSPACES/WS_Master_Thesis/install/uc1_robot_perception/local/lib/python3.10/dist-packages:/home/maclab/Documents/ROS_WORKSPACES/WS_Master_Thesis/install/uc1_robot_controllers_interfaces/local/lib/python3.10/dist-packages:${PYTHONPATH} /usr/bin/cmake /home/maclab/Documents/ROS_WORKSPACES/WS_Master_Thesis/src/uc1_robot_controllers -DCMAKE_INSTALL_PREFIX=/home/maclab/Documents/ROS_WORKSPACES/WS_Master_Thesis/install/uc1_robot_controllers
[17.792s] DEBUG:colcon.colcon_core.event_handler.log_command:Invoked command in '/home/maclab/Documents/ROS_WORKSPACES/WS_Master_Thesis/build/uc1_robot_controllers' returned '0': AMENT_PREFIX_PATH=/home/maclab/Documents/ROS_WORKSPACES/WS_Master_Thesis/install/uc1_robot_perception:/home/maclab/Documents/ROS_WORKSPACES/WS_Master_Thesis/install/uc1_robot_controllers_interfaces:${AMENT_PREFIX_PATH} CMAKE_PREFIX_PATH=/home/maclab/Documents/ROS_WORKSPACES/WS_Master_Thesis/install/uc1_robot_perception:/home/maclab/Documents/ROS_WORKSPACES/WS_Master_Thesis/install/uc1_robot_controllers_interfaces:/opt/ros/humble LD_LIBRARY_PATH=/home/maclab/Documents/ROS_WORKSPACES/WS_Master_Thesis/install/uc1_robot_perception/lib:/home/maclab/Documents/ROS_WORKSPACES/WS_Master_Thesis/install/uc1_robot_controllers_interfaces/lib:${LD_LIBRARY_PATH} PYTHONPATH=/home/maclab/Documents/ROS_WORKSPACES/WS_Master_Thesis/install/uc1_robot_perception/local/lib/python3.10/dist-packages:/home/maclab/Documents/ROS_WORKSPACES/WS_Master_Thesis/install/uc1_robot_controllers_interfaces/local/lib/python3.10/dist-packages:${PYTHONPATH} /usr/bin/cmake /home/maclab/Documents/ROS_WORKSPACES/WS_Master_Thesis/src/uc1_robot_controllers -DCMAKE_INSTALL_PREFIX=/home/maclab/Documents/ROS_WORKSPACES/WS_Master_Thesis/install/uc1_robot_controllers
[17.793s] DEBUG:colcon.colcon_core.event_handler.log_command:Invoking command in '/home/maclab/Documents/ROS_WORKSPACES/WS_Master_Thesis/build/uc1_robot_controllers': AMENT_PREFIX_PATH=/home/maclab/Documents/ROS_WORKSPACES/WS_Master_Thesis/install/uc1_robot_perception:/home/maclab/Documents/ROS_WORKSPACES/WS_Master_Thesis/install/uc1_robot_controllers_interfaces:${AMENT_PREFIX_PATH} CMAKE_PREFIX_PATH=/home/maclab/Documents/ROS_WORKSPACES/WS_Master_Thesis/install/uc1_robot_perception:/home/maclab/Documents/ROS_WORKSPACES/WS_Master_Thesis/install/uc1_robot_controllers_interfaces:/opt/ros/humble LD_LIBRARY_PATH=/home/maclab/Documents/ROS_WORKSPACES/WS_Master_Thesis/install/uc1_robot_perception/lib:/home/maclab/Documents/ROS_WORKSPACES/WS_Master_Thesis/install/uc1_robot_controllers_interfaces/lib:${LD_LIBRARY_PATH} PYTHONPATH=/home/maclab/Documents/ROS_WORKSPACES/WS_Master_Thesis/install/uc1_robot_perception/local/lib/python3.10/dist-packages:/home/maclab/Documents/ROS_WORKSPACES/WS_Master_Thesis/install/uc1_robot_controllers_interfaces/local/lib/python3.10/dist-packages:${PYTHONPATH} /usr/bin/cmake --build /home/maclab/Documents/ROS_WORKSPACES/WS_Master_Thesis/build/uc1_robot_controllers -- -j32 -l32
[35.032s] DEBUG:colcon.colcon_core.event_handler.log_command:Invoked command in '/home/maclab/Documents/ROS_WORKSPACES/WS_Master_Thesis/build/uc1_robot_controllers' returned '0': AMENT_PREFIX_PATH=/home/maclab/Documents/ROS_WORKSPACES/WS_Master_Thesis/install/uc1_robot_perception:/home/maclab/Documents/ROS_WORKSPACES/WS_Master_Thesis/install/uc1_robot_controllers_interfaces:${AMENT_PREFIX_PATH} CMAKE_PREFIX_PATH=/home/maclab/Documents/ROS_WORKSPACES/WS_Master_Thesis/install/uc1_robot_perception:/home/maclab/Documents/ROS_WORKSPACES/WS_Master_Thesis/install/uc1_robot_controllers_interfaces:/opt/ros/humble LD_LIBRARY_PATH=/home/maclab/Documents/ROS_WORKSPACES/WS_Master_Thesis/install/uc1_robot_perception/lib:/home/maclab/Documents/ROS_WORKSPACES/WS_Master_Thesis/install/uc1_robot_controllers_interfaces/lib:${LD_LIBRARY_PATH} PYTHONPATH=/home/maclab/Documents/ROS_WORKSPACES/WS_Master_Thesis/install/uc1_robot_perception/local/lib/python3.10/dist-packages:/home/maclab/Documents/ROS_WORKSPACES/WS_Master_Thesis/install/uc1_robot_controllers_interfaces/local/lib/python3.10/dist-packages:${PYTHONPATH} /usr/bin/cmake --build /home/maclab/Documents/ROS_WORKSPACES/WS_Master_Thesis/build/uc1_robot_controllers -- -j32 -l32
[35.033s] DEBUG:colcon.colcon_core.event_handler.log_command:Invoking command in '/home/maclab/Documents/ROS_WORKSPACES/WS_Master_Thesis/build/uc1_robot_controllers': AMENT_PREFIX_PATH=/home/maclab/Documents/ROS_WORKSPACES/WS_Master_Thesis/install/uc1_robot_perception:/home/maclab/Documents/ROS_WORKSPACES/WS_Master_Thesis/install/uc1_robot_controllers_interfaces:${AMENT_PREFIX_PATH} CMAKE_PREFIX_PATH=/home/maclab/Documents/ROS_WORKSPACES/WS_Master_Thesis/install/uc1_robot_perception:/home/maclab/Documents/ROS_WORKSPACES/WS_Master_Thesis/install/uc1_robot_controllers_interfaces:/opt/ros/humble LD_LIBRARY_PATH=/home/maclab/Documents/ROS_WORKSPACES/WS_Master_Thesis/install/uc1_robot_perception/lib:/home/maclab/Documents/ROS_WORKSPACES/WS_Master_Thesis/install/uc1_robot_controllers_interfaces/lib:${LD_LIBRARY_PATH} PYTHONPATH=/home/maclab/Documents/ROS_WORKSPACES/WS_Master_Thesis/install/uc1_robot_perception/local/lib/python3.10/dist-packages:/home/maclab/Documents/ROS_WORKSPACES/WS_Master_Thesis/install/uc1_robot_controllers_interfaces/local/lib/python3.10/dist-packages:${PYTHONPATH} /usr/bin/cmake --install /home/maclab/Documents/ROS_WORKSPACES/WS_Master_Thesis/build/uc1_robot_controllers
[35.065s] Level 1:colcon.colcon_core.environment:create_environment_scripts_only(uc1_robot_controllers)
[35.065s] DEBUG:colcon.colcon_core.event_handler.log_command:Invoked command in '/home/maclab/Documents/ROS_WORKSPACES/WS_Master_Thesis/build/uc1_robot_controllers' returned '0': AMENT_PREFIX_PATH=/home/maclab/Documents/ROS_WORKSPACES/WS_Master_Thesis/install/uc1_robot_perception:/home/maclab/Documents/ROS_WORKSPACES/WS_Master_Thesis/install/uc1_robot_controllers_interfaces:${AMENT_PREFIX_PATH} CMAKE_PREFIX_PATH=/home/maclab/Documents/ROS_WORKSPACES/WS_Master_Thesis/install/uc1_robot_perception:/home/maclab/Documents/ROS_WORKSPACES/WS_Master_Thesis/install/uc1_robot_controllers_interfaces:/opt/ros/humble LD_LIBRARY_PATH=/home/maclab/Documents/ROS_WORKSPACES/WS_Master_Thesis/install/uc1_robot_perception/lib:/home/maclab/Documents/ROS_WORKSPACES/WS_Master_Thesis/install/uc1_robot_controllers_interfaces/lib:${LD_LIBRARY_PATH} PYTHONPATH=/home/maclab/Documents/ROS_WORKSPACES/WS_Master_Thesis/install/uc1_robot_perception/local/lib/python3.10/dist-packages:/home/maclab/Documents/ROS_WORKSPACES/WS_Master_Thesis/install/uc1_robot_controllers_interfaces/local/lib/python3.10/dist-packages:${PYTHONPATH} /usr/bin/cmake --install /home/maclab/Documents/ROS_WORKSPACES/WS_Master_Thesis/build/uc1_robot_controllers
[35.065s] Level 1:colcon.colcon_core.environment:checking '/home/maclab/Documents/ROS_WORKSPACES/WS_Master_Thesis/install/uc1_robot_controllers' for CMake module files
[35.066s] Level 1:colcon.colcon_core.environment:checking '/home/maclab/Documents/ROS_WORKSPACES/WS_Master_Thesis/install/uc1_robot_controllers' for CMake config files
[35.066s] Level 1:colcon.colcon_core.shell:create_environment_hook('uc1_robot_controllers', 'cmake_prefix_path')
[35.066s] INFO:colcon.colcon_core.shell:Creating environment hook '/home/maclab/Documents/ROS_WORKSPACES/WS_Master_Thesis/install/uc1_robot_controllers/share/uc1_robot_controllers/hook/cmake_prefix_path.ps1'
[35.066s] INFO:colcon.colcon_core.shell:Creating environment descriptor '/home/maclab/Documents/ROS_WORKSPACES/WS_Master_Thesis/install/uc1_robot_controllers/share/uc1_robot_controllers/hook/cmake_prefix_path.dsv'
[35.066s] INFO:colcon.colcon_core.shell:Creating environment hook '/home/maclab/Documents/ROS_WORKSPACES/WS_Master_Thesis/install/uc1_robot_controllers/share/uc1_robot_controllers/hook/cmake_prefix_path.sh'
[35.067s] Level 1:colcon.colcon_core.environment:checking '/home/maclab/Documents/ROS_WORKSPACES/WS_Master_Thesis/install/uc1_robot_controllers/lib'
[35.067s] Level 1:colcon.colcon_core.environment:checking '/home/maclab/Documents/ROS_WORKSPACES/WS_Master_Thesis/install/uc1_robot_controllers/bin'
[35.067s] Level 1:colcon.colcon_core.environment:checking '/home/maclab/Documents/ROS_WORKSPACES/WS_Master_Thesis/install/uc1_robot_controllers/lib/pkgconfig/uc1_robot_controllers.pc'
[35.067s] Level 1:colcon.colcon_core.environment:checking '/home/maclab/Documents/ROS_WORKSPACES/WS_Master_Thesis/install/uc1_robot_controllers/lib/python3.10/site-packages'
[35.067s] Level 1:colcon.colcon_core.environment:checking '/home/maclab/Documents/ROS_WORKSPACES/WS_Master_Thesis/install/uc1_robot_controllers/bin'
[35.067s] INFO:colcon.colcon_core.shell:Creating package script '/home/maclab/Documents/ROS_WORKSPACES/WS_Master_Thesis/install/uc1_robot_controllers/share/uc1_robot_controllers/package.ps1'
[35.067s] INFO:colcon.colcon_core.shell:Creating package descriptor '/home/maclab/Documents/ROS_WORKSPACES/WS_Master_Thesis/install/uc1_robot_controllers/share/uc1_robot_controllers/package.dsv'
[35.067s] INFO:colcon.colcon_core.shell:Creating package script '/home/maclab/Documents/ROS_WORKSPACES/WS_Master_Thesis/install/uc1_robot_controllers/share/uc1_robot_controllers/package.sh'
[35.068s] INFO:colcon.colcon_core.shell:Creating package script '/home/maclab/Documents/ROS_WORKSPACES/WS_Master_Thesis/install/uc1_robot_controllers/share/uc1_robot_controllers/package.bash'
[35.068s] INFO:colcon.colcon_core.shell:Creating package script '/home/maclab/Documents/ROS_WORKSPACES/WS_Master_Thesis/install/uc1_robot_controllers/share/uc1_robot_controllers/package.zsh'
[35.068s] Level 1:colcon.colcon_core.environment:create_file_with_runtime_dependencies(/home/maclab/Documents/ROS_WORKSPACES/WS_Master_Thesis/install/uc1_robot_controllers/share/colcon-core/packages/uc1_robot_controllers)
[35.068s] Level 1:colcon.colcon_core.environment:create_environment_scripts_only(uc1_robot_controllers)
[35.068s] Level 1:colcon.colcon_core.environment:checking '/home/maclab/Documents/ROS_WORKSPACES/WS_Master_Thesis/install/uc1_robot_controllers' for CMake module files
[35.068s] Level 1:colcon.colcon_core.environment:checking '/home/maclab/Documents/ROS_WORKSPACES/WS_Master_Thesis/install/uc1_robot_controllers' for CMake config files
[35.068s] Level 1:colcon.colcon_core.shell:create_environment_hook('uc1_robot_controllers', 'cmake_prefix_path')
[35.069s] INFO:colcon.colcon_core.shell:Creating environment hook '/home/maclab/Documents/ROS_WORKSPACES/WS_Master_Thesis/install/uc1_robot_controllers/share/uc1_robot_controllers/hook/cmake_prefix_path.ps1'
[35.069s] INFO:colcon.colcon_core.shell:Creating environment descriptor '/home/maclab/Documents/ROS_WORKSPACES/WS_Master_Thesis/install/uc1_robot_controllers/share/uc1_robot_controllers/hook/cmake_prefix_path.dsv'
[35.069s] INFO:colcon.colcon_core.shell:Creating environment hook '/home/maclab/Documents/ROS_WORKSPACES/WS_Master_Thesis/install/uc1_robot_controllers/share/uc1_robot_controllers/hook/cmake_prefix_path.sh'
[35.069s] Level 1:colcon.colcon_core.environment:checking '/home/maclab/Documents/ROS_WORKSPACES/WS_Master_Thesis/install/uc1_robot_controllers/lib'
[35.069s] Level 1:colcon.colcon_core.environment:checking '/home/maclab/Documents/ROS_WORKSPACES/WS_Master_Thesis/install/uc1_robot_controllers/bin'
[35.069s] Level 1:colcon.colcon_core.environment:checking '/home/maclab/Documents/ROS_WORKSPACES/WS_Master_Thesis/install/uc1_robot_controllers/lib/pkgconfig/uc1_robot_controllers.pc'
[35.069s] Level 1:colcon.colcon_core.environment:checking '/home/maclab/Documents/ROS_WORKSPACES/WS_Master_Thesis/install/uc1_robot_controllers/lib/python3.10/site-packages'
[35.070s] Level 1:colcon.colcon_core.environment:checking '/home/maclab/Documents/ROS_WORKSPACES/WS_Master_Thesis/install/uc1_robot_controllers/bin'
[35.070s] INFO:colcon.colcon_core.shell:Creating package script '/home/maclab/Documents/ROS_WORKSPACES/WS_Master_Thesis/install/uc1_robot_controllers/share/uc1_robot_controllers/package.ps1'
[35.071s] INFO:colcon.colcon_core.shell:Creating package descriptor '/home/maclab/Documents/ROS_WORKSPACES/WS_Master_Thesis/install/uc1_robot_controllers/share/uc1_robot_controllers/package.dsv'
[35.071s] INFO:colcon.colcon_core.shell:Creating package script '/home/maclab/Documents/ROS_WORKSPACES/WS_Master_Thesis/install/uc1_robot_controllers/share/uc1_robot_controllers/package.sh'
[35.071s] INFO:colcon.colcon_core.shell:Creating package script '/home/maclab/Documents/ROS_WORKSPACES/WS_Master_Thesis/install/uc1_robot_controllers/share/uc1_robot_controllers/package.bash'
[35.072s] INFO:colcon.colcon_core.shell:Creating package script '/home/maclab/Documents/ROS_WORKSPACES/WS_Master_Thesis/install/uc1_robot_controllers/share/uc1_robot_controllers/package.zsh'
[35.072s] Level 1:colcon.colcon_core.environment:create_file_with_runtime_dependencies(/home/maclab/Documents/ROS_WORKSPACES/WS_Master_Thesis/install/uc1_robot_controllers/share/colcon-core/packages/uc1_robot_controllers)
[35.072s] DEBUG:colcon.colcon_parallel_executor.executor.parallel:closing loop
[35.073s] DEBUG:colcon.colcon_parallel_executor.executor.parallel:loop closed
[35.073s] DEBUG:colcon.colcon_parallel_executor.executor.parallel:run_until_complete finished with '0'
[35.073s] DEBUG:colcon.colcon_core.event_reactor:joining thread
[35.077s] INFO:colcon.colcon_core.plugin_system:Skipping extension 'colcon_notification.desktop_notification.terminal_notifier': Not used on non-Darwin systems
[35.077s] INFO:colcon.colcon_core.plugin_system:Skipping extension 'colcon_notification.desktop_notification.win32': Not used on non-Windows systems
[35.077s] INFO:colcon.colcon_notification.desktop_notification:Sending desktop notification using 'notify2'
[35.082s] DEBUG:colcon.colcon_core.event_reactor:joined thread
[35.082s] INFO:colcon.colcon_core.shell:Creating prefix script '/home/maclab/Documents/ROS_WORKSPACES/WS_Master_Thesis/install/local_setup.ps1'
[35.083s] INFO:colcon.colcon_core.shell:Creating prefix util module '/home/maclab/Documents/ROS_WORKSPACES/WS_Master_Thesis/install/_local_setup_util_ps1.py'
[35.083s] INFO:colcon.colcon_core.shell:Creating prefix chain script '/home/maclab/Documents/ROS_WORKSPACES/WS_Master_Thesis/install/setup.ps1'
[35.084s] INFO:colcon.colcon_core.shell:Creating prefix script '/home/maclab/Documents/ROS_WORKSPACES/WS_Master_Thesis/install/local_setup.sh'
[35.084s] INFO:colcon.colcon_core.shell:Creating prefix util module '/home/maclab/Documents/ROS_WORKSPACES/WS_Master_Thesis/install/_local_setup_util_sh.py'
[35.084s] INFO:colcon.colcon_core.shell:Creating prefix chain script '/home/maclab/Documents/ROS_WORKSPACES/WS_Master_Thesis/install/setup.sh'
[35.084s] INFO:colcon.colcon_core.shell:Creating prefix script '/home/maclab/Documents/ROS_WORKSPACES/WS_Master_Thesis/install/local_setup.bash'
[35.084s] INFO:colcon.colcon_core.shell:Creating prefix chain script '/home/maclab/Documents/ROS_WORKSPACES/WS_Master_Thesis/install/setup.bash'
[35.085s] INFO:colcon.colcon_core.shell:Creating prefix script '/home/maclab/Documents/ROS_WORKSPACES/WS_Master_Thesis/install/local_setup.zsh'
[35.085s] INFO:colcon.colcon_core.shell:Creating prefix chain script '/home/maclab/Documents/ROS_WORKSPACES/WS_Master_Thesis/install/setup.zsh'
