[0.004s] Invoking command in '/home/maclab/Documents/ROS_WORKSPACES/WS_Master_Thesis/build/uc1_robot_controllers_interfaces': CMAKE_PREFIX_PATH=/opt/ros/humble /usr/bin/cmake /home/maclab/Documents/ROS_WORKSPACES/WS_Master_Thesis/src/uc1_robot_controllers_interfaces -DCMAKE_BUILD_TYPE=Release -DCMAKE_INSTALL_PREFIX=/home/maclab/Documents/ROS_WORKSPACES/WS_Master_Thesis/install/uc1_robot_controllers_interfaces
[0.013s] -- Found ament_cmake: 1.3.12 (/opt/ros/humble/share/ament_cmake/cmake)
[0.098s] -- Found rclcpp: 16.0.15 (/opt/ros/humble/share/rclcpp/cmake)
[0.110s] -- Found rosidl_generator_c: 3.1.7 (/opt/ros/humble/share/rosidl_generator_c/cmake)
[0.111s] -- Found rosidl_adapter: 3.1.7 (/opt/ros/humble/share/rosidl_adapter/cmake)
[0.113s] -- Found rosidl_generator_cpp: 3.1.7 (/opt/ros/humble/share/rosidl_generator_cpp/cmake)
[0.118s] -- Using all available rosidl_typesupport_c: rosidl_typesupport_fastrtps_c;rosidl_typesupport_introspection_c
[0.126s] -- Using all available rosidl_typesupport_cpp: rosidl_typesupport_fastrtps_cpp;rosidl_typesupport_introspection_cpp
[0.140s] -- Found rmw_implementation_cmake: 6.1.2 (/opt/ros/humble/share/rmw_implementation_cmake/cmake)
[0.140s] -- Found rmw_fastrtps_cpp: 6.2.9 (/opt/ros/humble/share/rmw_fastrtps_cpp/cmake)
[0.200s] -- Using RMW implementation 'rmw_fastrtps_cpp' as default
[0.221s] -- Found geometry_msgs: 4.9.0 (/opt/ros/humble/share/geometry_msgs/cmake)
[0.226s] -- Found rosidl_default_generators: 1.2.0 (/opt/ros/humble/share/rosidl_default_generators/cmake)
[0.424s] -- Found ament_cmake_ros: 0.10.0 (/opt/ros/humble/share/ament_cmake_ros/cmake)
[0.683s] -- Using all available rosidl_typesupport_c: rosidl_typesupport_fastrtps_c;rosidl_typesupport_introspection_c
[0.803s] -- Using all available rosidl_typesupport_cpp: rosidl_typesupport_fastrtps_cpp;rosidl_typesupport_introspection_cpp
[0.835s] -- Found python_cmake_module: 0.10.0 (/opt/ros/humble/share/python_cmake_module/cmake)
[0.862s] -- Using PYTHON_EXECUTABLE: /usr/bin/python3
[0.863s] -- Using PYTHON_INCLUDE_DIRS: /usr/include/python3.10
[0.863s] -- Using PYTHON_LIBRARIES: /usr/lib/x86_64-linux-gnu/libpython3.10.so
[0.908s] -- Found ament_lint_auto: 0.12.14 (/opt/ros/humble/share/ament_lint_auto/cmake)
[0.912s] -- Added test 'cppcheck' to perform static code analysis on C / C++ code
[0.912s] -- Configured cppcheck include dirs: $<BUILD_INTERFACE:/home/maclab/Documents/ROS_WORKSPACES/WS_Master_Thesis/src/uc1_robot_controllers_interfaces/include/uc1_robot_controllers_interfaces>
[0.912s] -- Configured cppcheck exclude dirs and/or files: 
[0.912s] -- Added test 'lint_cmake' to check CMake code style
[0.913s] -- Added test 'uncrustify' to check C / C++ code style
[0.913s] -- Configured uncrustify additional arguments: 
[0.913s] -- Added test 'xmllint' to check XML markup files
[0.913s] -- Configuring done
[0.932s] -- Generating done
[0.938s] -- Build files have been written to: /home/maclab/Documents/ROS_WORKSPACES/WS_Master_Thesis/build/uc1_robot_controllers_interfaces
[0.943s] Invoked command in '/home/maclab/Documents/ROS_WORKSPACES/WS_Master_Thesis/build/uc1_robot_controllers_interfaces' returned '0': CMAKE_PREFIX_PATH=/opt/ros/humble /usr/bin/cmake /home/maclab/Documents/ROS_WORKSPACES/WS_Master_Thesis/src/uc1_robot_controllers_interfaces -DCMAKE_BUILD_TYPE=Release -DCMAKE_INSTALL_PREFIX=/home/maclab/Documents/ROS_WORKSPACES/WS_Master_Thesis/install/uc1_robot_controllers_interfaces
[0.944s] Invoking command in '/home/maclab/Documents/ROS_WORKSPACES/WS_Master_Thesis/build/uc1_robot_controllers_interfaces': CMAKE_PREFIX_PATH=/opt/ros/humble /usr/bin/cmake --build /home/maclab/Documents/ROS_WORKSPACES/WS_Master_Thesis/build/uc1_robot_controllers_interfaces -- -j32 -l32
[0.955s] /usr/bin/cmake -S/home/maclab/Documents/ROS_WORKSPACES/WS_Master_Thesis/src/uc1_robot_controllers_interfaces -B/home/maclab/Documents/ROS_WORKSPACES/WS_Master_Thesis/build/uc1_robot_controllers_interfaces --check-build-system CMakeFiles/Makefile.cmake 0
[0.962s] /usr/bin/cmake -E cmake_progress_start /home/maclab/Documents/ROS_WORKSPACES/WS_Master_Thesis/build/uc1_robot_controllers_interfaces/CMakeFiles /home/maclab/Documents/ROS_WORKSPACES/WS_Master_Thesis/build/uc1_robot_controllers_interfaces//CMakeFiles/progress.marks
[0.966s] /usr/bin/gmake  -f CMakeFiles/Makefile2 all
[0.967s] gmake[1]: Entering directory '/home/maclab/Documents/ROS_WORKSPACES/WS_Master_Thesis/build/uc1_robot_controllers_interfaces'
[0.967s] /usr/bin/gmake  -f CMakeFiles/uc1_robot_controllers_interfaces__cpp.dir/build.make CMakeFiles/uc1_robot_controllers_interfaces__cpp.dir/depend
[0.968s] /usr/bin/gmake  -f CMakeFiles/uc1_robot_controllers_interfaces__rosidl_generator_c.dir/build.make CMakeFiles/uc1_robot_controllers_interfaces__rosidl_generator_c.dir/depend
[0.968s] /usr/bin/gmake  -f CMakeFiles/ament_cmake_python_copy_uc1_robot_controllers_interfaces.dir/build.make CMakeFiles/ament_cmake_python_copy_uc1_robot_controllers_interfaces.dir/depend
[0.968s] /usr/bin/gmake  -f CMakeFiles/TPComputation.dir/build.make CMakeFiles/TPComputation.dir/depend
[0.969s] gmake[2]: Entering directory '/home/maclab/Documents/ROS_WORKSPACES/WS_Master_Thesis/build/uc1_robot_controllers_interfaces'
[0.969s] cd /home/maclab/Documents/ROS_WORKSPACES/WS_Master_Thesis/build/uc1_robot_controllers_interfaces && /usr/bin/cmake -E cmake_depends "Unix Makefiles" /home/maclab/Documents/ROS_WORKSPACES/WS_Master_Thesis/src/uc1_robot_controllers_interfaces /home/maclab/Documents/ROS_WORKSPACES/WS_Master_Thesis/src/uc1_robot_controllers_interfaces /home/maclab/Documents/ROS_WORKSPACES/WS_Master_Thesis/build/uc1_robot_controllers_interfaces /home/maclab/Documents/ROS_WORKSPACES/WS_Master_Thesis/build/uc1_robot_controllers_interfaces /home/maclab/Documents/ROS_WORKSPACES/WS_Master_Thesis/build/uc1_robot_controllers_interfaces/CMakeFiles/uc1_robot_controllers_interfaces__cpp.dir/DependInfo.cmake --color=
[0.969s] gmake[2]: Entering directory '/home/maclab/Documents/ROS_WORKSPACES/WS_Master_Thesis/build/uc1_robot_controllers_interfaces'
[0.969s] cd /home/maclab/Documents/ROS_WORKSPACES/WS_Master_Thesis/build/uc1_robot_controllers_interfaces && /usr/bin/cmake -E cmake_depends "Unix Makefiles" /home/maclab/Documents/ROS_WORKSPACES/WS_Master_Thesis/src/uc1_robot_controllers_interfaces /home/maclab/Documents/ROS_WORKSPACES/WS_Master_Thesis/src/uc1_robot_controllers_interfaces /home/maclab/Documents/ROS_WORKSPACES/WS_Master_Thesis/build/uc1_robot_controllers_interfaces /home/maclab/Documents/ROS_WORKSPACES/WS_Master_Thesis/build/uc1_robot_controllers_interfaces /home/maclab/Documents/ROS_WORKSPACES/WS_Master_Thesis/build/uc1_robot_controllers_interfaces/CMakeFiles/ament_cmake_python_copy_uc1_robot_controllers_interfaces.dir/DependInfo.cmake --color=
[0.969s] gmake[2]: Entering directory '/home/maclab/Documents/ROS_WORKSPACES/WS_Master_Thesis/build/uc1_robot_controllers_interfaces'
[0.969s] cd /home/maclab/Documents/ROS_WORKSPACES/WS_Master_Thesis/build/uc1_robot_controllers_interfaces && /usr/bin/cmake -E cmake_depends "Unix Makefiles" /home/maclab/Documents/ROS_WORKSPACES/WS_Master_Thesis/src/uc1_robot_controllers_interfaces /home/maclab/Documents/ROS_WORKSPACES/WS_Master_Thesis/src/uc1_robot_controllers_interfaces /home/maclab/Documents/ROS_WORKSPACES/WS_Master_Thesis/build/uc1_robot_controllers_interfaces /home/maclab/Documents/ROS_WORKSPACES/WS_Master_Thesis/build/uc1_robot_controllers_interfaces /home/maclab/Documents/ROS_WORKSPACES/WS_Master_Thesis/build/uc1_robot_controllers_interfaces/CMakeFiles/TPComputation.dir/DependInfo.cmake --color=
[0.970s] gmake[2]: Entering directory '/home/maclab/Documents/ROS_WORKSPACES/WS_Master_Thesis/build/uc1_robot_controllers_interfaces'
[0.970s] cd /home/maclab/Documents/ROS_WORKSPACES/WS_Master_Thesis/build/uc1_robot_controllers_interfaces && /usr/bin/cmake -E cmake_depends "Unix Makefiles" /home/maclab/Documents/ROS_WORKSPACES/WS_Master_Thesis/src/uc1_robot_controllers_interfaces /home/maclab/Documents/ROS_WORKSPACES/WS_Master_Thesis/src/uc1_robot_controllers_interfaces /home/maclab/Documents/ROS_WORKSPACES/WS_Master_Thesis/build/uc1_robot_controllers_interfaces /home/maclab/Documents/ROS_WORKSPACES/WS_Master_Thesis/build/uc1_robot_controllers_interfaces /home/maclab/Documents/ROS_WORKSPACES/WS_Master_Thesis/build/uc1_robot_controllers_interfaces/CMakeFiles/uc1_robot_controllers_interfaces__rosidl_generator_c.dir/DependInfo.cmake --color=
[0.977s] Dependencies file "CMakeFiles/TPComputation.dir/src/TPComputation.cpp.o.d" is newer than depends file "/home/maclab/Documents/ROS_WORKSPACES/WS_Master_Thesis/build/uc1_robot_controllers_interfaces/CMakeFiles/TPComputation.dir/compiler_depend.internal".
[0.978s] [35m[1mConsolidate compiler generated dependencies of target TPComputation[0m
[0.978s] gmake[2]: Leaving directory '/home/maclab/Documents/ROS_WORKSPACES/WS_Master_Thesis/build/uc1_robot_controllers_interfaces'
[0.978s] /usr/bin/gmake  -f CMakeFiles/ament_cmake_python_copy_uc1_robot_controllers_interfaces.dir/build.make CMakeFiles/ament_cmake_python_copy_uc1_robot_controllers_interfaces.dir/build
[0.979s] Dependencies file "CMakeFiles/uc1_robot_controllers_interfaces__rosidl_generator_c.dir/rosidl_generator_c/uc1_robot_controllers_interfaces/action/detail/move_robot__functions.c.o.d" is newer than depends file "/home/maclab/Documents/ROS_WORKSPACES/WS_Master_Thesis/build/uc1_robot_controllers_interfaces/CMakeFiles/uc1_robot_controllers_interfaces__rosidl_generator_c.dir/compiler_depend.internal".
[0.979s] gmake[2]: Leaving directory '/home/maclab/Documents/ROS_WORKSPACES/WS_Master_Thesis/build/uc1_robot_controllers_interfaces'
[0.979s] gmake[2]: Entering directory '/home/maclab/Documents/ROS_WORKSPACES/WS_Master_Thesis/build/uc1_robot_controllers_interfaces'
[0.979s] /usr/bin/cmake -E copy_directory /home/maclab/Documents/ROS_WORKSPACES/WS_Master_Thesis/build/uc1_robot_controllers_interfaces/rosidl_generator_py/uc1_robot_controllers_interfaces /home/maclab/Documents/ROS_WORKSPACES/WS_Master_Thesis/build/uc1_robot_controllers_interfaces/ament_cmake_python/uc1_robot_controllers_interfaces/uc1_robot_controllers_interfaces
[0.979s] /usr/bin/gmake  -f CMakeFiles/TPComputation.dir/build.make CMakeFiles/TPComputation.dir/build
[0.979s] Dependencies file "CMakeFiles/uc1_robot_controllers_interfaces__rosidl_generator_c.dir/rosidl_generator_c/uc1_robot_controllers_interfaces/action/detail/move_robot_tp__functions.c.o.d" is newer than depends file "/home/maclab/Documents/ROS_WORKSPACES/WS_Master_Thesis/build/uc1_robot_controllers_interfaces/CMakeFiles/uc1_robot_controllers_interfaces__rosidl_generator_c.dir/compiler_depend.internal".
[0.979s] gmake[2]: Leaving directory '/home/maclab/Documents/ROS_WORKSPACES/WS_Master_Thesis/build/uc1_robot_controllers_interfaces'
[0.979s] Dependencies file "CMakeFiles/uc1_robot_controllers_interfaces__rosidl_generator_c.dir/rosidl_generator_c/uc1_robot_controllers_interfaces/msg/detail/move_robot_goal__functions.c.o.d" is newer than depends file "/home/maclab/Documents/ROS_WORKSPACES/WS_Master_Thesis/build/uc1_robot_controllers_interfaces/CMakeFiles/uc1_robot_controllers_interfaces__rosidl_generator_c.dir/compiler_depend.internal".
[0.979s] Dependencies file "CMakeFiles/uc1_robot_controllers_interfaces__rosidl_generator_c.dir/rosidl_generator_c/uc1_robot_controllers_interfaces/msg/detail/move_robot_orient__functions.c.o.d" is newer than depends file "/home/maclab/Documents/ROS_WORKSPACES/WS_Master_Thesis/build/uc1_robot_controllers_interfaces/CMakeFiles/uc1_robot_controllers_interfaces__rosidl_generator_c.dir/compiler_depend.internal".
[0.979s] /usr/bin/gmake  -f CMakeFiles/uc1_robot_controllers_interfaces__cpp.dir/build.make CMakeFiles/uc1_robot_controllers_interfaces__cpp.dir/build
[0.979s] Dependencies file "CMakeFiles/uc1_robot_controllers_interfaces__rosidl_generator_c.dir/rosidl_generator_c/uc1_robot_controllers_interfaces/msg/detail/move_robot_point__functions.c.o.d" is newer than depends file "/home/maclab/Documents/ROS_WORKSPACES/WS_Master_Thesis/build/uc1_robot_controllers_interfaces/CMakeFiles/uc1_robot_controllers_interfaces__rosidl_generator_c.dir/compiler_depend.internal".
[0.979s] [35m[1mConsolidate compiler generated dependencies of target uc1_robot_controllers_interfaces__rosidl_generator_c[0m
[0.980s] gmake[2]: Entering directory '/home/maclab/Documents/ROS_WORKSPACES/WS_Master_Thesis/build/uc1_robot_controllers_interfaces'
[0.980s] gmake[2]: Nothing to be done for 'CMakeFiles/uc1_robot_controllers_interfaces__cpp.dir/build'.
[0.980s] gmake[2]: Leaving directory '/home/maclab/Documents/ROS_WORKSPACES/WS_Master_Thesis/build/uc1_robot_controllers_interfaces'
[0.980s] gmake[2]: Leaving directory '/home/maclab/Documents/ROS_WORKSPACES/WS_Master_Thesis/build/uc1_robot_controllers_interfaces'
[0.980s] /usr/bin/gmake  -f CMakeFiles/uc1_robot_controllers_interfaces__rosidl_generator_c.dir/build.make CMakeFiles/uc1_robot_controllers_interfaces__rosidl_generator_c.dir/build
[0.981s] gmake[2]: Entering directory '/home/maclab/Documents/ROS_WORKSPACES/WS_Master_Thesis/build/uc1_robot_controllers_interfaces'
[0.982s] gmake[2]: Entering directory '/home/maclab/Documents/ROS_WORKSPACES/WS_Master_Thesis/build/uc1_robot_controllers_interfaces'
[0.982s] gmake[2]: Leaving directory '/home/maclab/Documents/ROS_WORKSPACES/WS_Master_Thesis/build/uc1_robot_controllers_interfaces'
[0.987s] [  1%] Built target uc1_robot_controllers_interfaces__cpp
[0.988s] /usr/bin/gmake  -f CMakeFiles/uc1_robot_controllers_interfaces__rosidl_typesupport_cpp.dir/build.make CMakeFiles/uc1_robot_controllers_interfaces__rosidl_typesupport_cpp.dir/depend
[0.988s] /usr/bin/gmake  -f CMakeFiles/uc1_robot_controllers_interfaces__rosidl_typesupport_fastrtps_cpp.dir/build.make CMakeFiles/uc1_robot_controllers_interfaces__rosidl_typesupport_fastrtps_cpp.dir/depend
[0.988s] [  3%] [32mBuilding CXX object CMakeFiles/TPComputation.dir/src/TPComputation.cpp.o[0m
[0.989s] /usr/bin/gmake  -f CMakeFiles/uc1_robot_controllers_interfaces__rosidl_typesupport_introspection_cpp.dir/build.make CMakeFiles/uc1_robot_controllers_interfaces__rosidl_typesupport_introspection_cpp.dir/depend
[0.989s] [  4%] [32mBuilding C object CMakeFiles/uc1_robot_controllers_interfaces__rosidl_generator_c.dir/rosidl_generator_c/uc1_robot_controllers_interfaces/action/detail/move_robot_tp__functions.c.o[0m
[0.989s] [  6%] [32mBuilding C object CMakeFiles/uc1_robot_controllers_interfaces__rosidl_generator_c.dir/rosidl_generator_c/uc1_robot_controllers_interfaces/msg/detail/move_robot_goal__functions.c.o[0m
[0.989s] [  7%] [32mBuilding C object CMakeFiles/uc1_robot_controllers_interfaces__rosidl_generator_c.dir/rosidl_generator_c/uc1_robot_controllers_interfaces/msg/detail/move_robot_orient__functions.c.o[0m
[0.989s] /usr/bin/c++ -DROS_PACKAGE_NAME=\"uc1_robot_controllers_interfaces\" -DTPComputation_EXPORTS -I/home/maclab/Documents/ROS_WORKSPACES/WS_Master_Thesis/src/uc1_robot_controllers_interfaces/include/uc1_robot_controllers_interfaces -isystem /usr/include/eigen3 -O3 -DNDEBUG -fPIC -Wall -Wextra -Wpedantic -MD -MT CMakeFiles/TPComputation.dir/src/TPComputation.cpp.o -MF CMakeFiles/TPComputation.dir/src/TPComputation.cpp.o.d -o CMakeFiles/TPComputation.dir/src/TPComputation.cpp.o -c /home/maclab/Documents/ROS_WORKSPACES/WS_Master_Thesis/src/uc1_robot_controllers_interfaces/src/TPComputation.cpp
[0.990s] /usr/bin/cc -DRCUTILS_ENABLE_FAULT_INJECTION -DROSIDL_GENERATOR_C_BUILDING_DLL_uc1_robot_controllers_interfaces -DROS_PACKAGE_NAME=\"uc1_robot_controllers_interfaces\" -I/home/maclab/Documents/ROS_WORKSPACES/WS_Master_Thesis/build/uc1_robot_controllers_interfaces/rosidl_generator_c -isystem /opt/ros/humble/include/geometry_msgs -isystem /opt/ros/humble/include/std_msgs -isystem /opt/ros/humble/include/builtin_interfaces -isystem /opt/ros/humble/include/rosidl_runtime_c -isystem /opt/ros/humble/include/rcutils -isystem /opt/ros/humble/include/rosidl_typesupport_interface -isystem /opt/ros/humble/include/action_msgs -isystem /opt/ros/humble/include/unique_identifier_msgs -O3 -DNDEBUG -fPIC -Wall -std=gnu11 -MD -MT CMakeFiles/uc1_robot_controllers_interfaces__rosidl_generator_c.dir/rosidl_generator_c/uc1_robot_controllers_interfaces/action/detail/move_robot_tp__functions.c.o -MF CMakeFiles/uc1_robot_controllers_interfaces__rosidl_generator_c.dir/rosidl_generator_c/uc1_robot_controllers_interfaces/action/detail/move_robot_tp__functions.c.o.d -o CMakeFiles/uc1_robot_controllers_interfaces__rosidl_generator_c.dir/rosidl_generator_c/uc1_robot_controllers_interfaces/action/detail/move_robot_tp__functions.c.o -c /home/maclab/Documents/ROS_WORKSPACES/WS_Master_Thesis/build/uc1_robot_controllers_interfaces/rosidl_generator_c/uc1_robot_controllers_interfaces/action/detail/move_robot_tp__functions.c
[0.990s] /usr/bin/cc -DRCUTILS_ENABLE_FAULT_INJECTION -DROSIDL_GENERATOR_C_BUILDING_DLL_uc1_robot_controllers_interfaces -DROS_PACKAGE_NAME=\"uc1_robot_controllers_interfaces\" -I/home/maclab/Documents/ROS_WORKSPACES/WS_Master_Thesis/build/uc1_robot_controllers_interfaces/rosidl_generator_c -isystem /opt/ros/humble/include/geometry_msgs -isystem /opt/ros/humble/include/std_msgs -isystem /opt/ros/humble/include/builtin_interfaces -isystem /opt/ros/humble/include/rosidl_runtime_c -isystem /opt/ros/humble/include/rcutils -isystem /opt/ros/humble/include/rosidl_typesupport_interface -isystem /opt/ros/humble/include/action_msgs -isystem /opt/ros/humble/include/unique_identifier_msgs -O3 -DNDEBUG -fPIC -Wall -std=gnu11 -MD -MT CMakeFiles/uc1_robot_controllers_interfaces__rosidl_generator_c.dir/rosidl_generator_c/uc1_robot_controllers_interfaces/msg/detail/move_robot_goal__functions.c.o -MF CMakeFiles/uc1_robot_controllers_interfaces__rosidl_generator_c.dir/rosidl_generator_c/uc1_robot_controllers_interfaces/msg/detail/move_robot_goal__functions.c.o.d -o CMakeFiles/uc1_robot_controllers_interfaces__rosidl_generator_c.dir/rosidl_generator_c/uc1_robot_controllers_interfaces/msg/detail/move_robot_goal__functions.c.o -c /home/maclab/Documents/ROS_WORKSPACES/WS_Master_Thesis/build/uc1_robot_controllers_interfaces/rosidl_generator_c/uc1_robot_controllers_interfaces/msg/detail/move_robot_goal__functions.c
[0.990s] /usr/bin/cc -DRCUTILS_ENABLE_FAULT_INJECTION -DROSIDL_GENERATOR_C_BUILDING_DLL_uc1_robot_controllers_interfaces -DROS_PACKAGE_NAME=\"uc1_robot_controllers_interfaces\" -I/home/maclab/Documents/ROS_WORKSPACES/WS_Master_Thesis/build/uc1_robot_controllers_interfaces/rosidl_generator_c -isystem /opt/ros/humble/include/geometry_msgs -isystem /opt/ros/humble/include/std_msgs -isystem /opt/ros/humble/include/builtin_interfaces -isystem /opt/ros/humble/include/rosidl_runtime_c -isystem /opt/ros/humble/include/rcutils -isystem /opt/ros/humble/include/rosidl_typesupport_interface -isystem /opt/ros/humble/include/action_msgs -isystem /opt/ros/humble/include/unique_identifier_msgs -O3 -DNDEBUG -fPIC -Wall -std=gnu11 -MD -MT CMakeFiles/uc1_robot_controllers_interfaces__rosidl_generator_c.dir/rosidl_generator_c/uc1_robot_controllers_interfaces/msg/detail/move_robot_orient__functions.c.o -MF CMakeFiles/uc1_robot_controllers_interfaces__rosidl_generator_c.dir/rosidl_generator_c/uc1_robot_controllers_interfaces/msg/detail/move_robot_orient__functions.c.o.d -o CMakeFiles/uc1_robot_controllers_interfaces__rosidl_generator_c.dir/rosidl_generator_c/uc1_robot_controllers_interfaces/msg/detail/move_robot_orient__functions.c.o -c /home/maclab/Documents/ROS_WORKSPACES/WS_Master_Thesis/build/uc1_robot_controllers_interfaces/rosidl_generator_c/uc1_robot_controllers_interfaces/msg/detail/move_robot_orient__functions.c
[0.990s] gmake[2]: Entering directory '/home/maclab/Documents/ROS_WORKSPACES/WS_Master_Thesis/build/uc1_robot_controllers_interfaces'
[0.990s] cd /home/maclab/Documents/ROS_WORKSPACES/WS_Master_Thesis/build/uc1_robot_controllers_interfaces && /usr/bin/cmake -E cmake_depends "Unix Makefiles" /home/maclab/Documents/ROS_WORKSPACES/WS_Master_Thesis/src/uc1_robot_controllers_interfaces /home/maclab/Documents/ROS_WORKSPACES/WS_Master_Thesis/src/uc1_robot_controllers_interfaces /home/maclab/Documents/ROS_WORKSPACES/WS_Master_Thesis/build/uc1_robot_controllers_interfaces /home/maclab/Documents/ROS_WORKSPACES/WS_Master_Thesis/build/uc1_robot_controllers_interfaces /home/maclab/Documents/ROS_WORKSPACES/WS_Master_Thesis/build/uc1_robot_controllers_interfaces/CMakeFiles/uc1_robot_controllers_interfaces__rosidl_typesupport_cpp.dir/DependInfo.cmake --color=
[0.991s] [  9%] [32mBuilding C object CMakeFiles/uc1_robot_controllers_interfaces__rosidl_generator_c.dir/rosidl_generator_c/uc1_robot_controllers_interfaces/action/detail/move_robot__functions.c.o[0m
[0.991s] gmake[2]: Entering directory '/home/maclab/Documents/ROS_WORKSPACES/WS_Master_Thesis/build/uc1_robot_controllers_interfaces'
[0.991s] cd /home/maclab/Documents/ROS_WORKSPACES/WS_Master_Thesis/build/uc1_robot_controllers_interfaces && /usr/bin/cmake -E cmake_depends "Unix Makefiles" /home/maclab/Documents/ROS_WORKSPACES/WS_Master_Thesis/src/uc1_robot_controllers_interfaces /home/maclab/Documents/ROS_WORKSPACES/WS_Master_Thesis/src/uc1_robot_controllers_interfaces /home/maclab/Documents/ROS_WORKSPACES/WS_Master_Thesis/build/uc1_robot_controllers_interfaces /home/maclab/Documents/ROS_WORKSPACES/WS_Master_Thesis/build/uc1_robot_controllers_interfaces /home/maclab/Documents/ROS_WORKSPACES/WS_Master_Thesis/build/uc1_robot_controllers_interfaces/CMakeFiles/uc1_robot_controllers_interfaces__rosidl_typesupport_fastrtps_cpp.dir/DependInfo.cmake --color=
[0.991s] gmake[2]: Entering directory '/home/maclab/Documents/ROS_WORKSPACES/WS_Master_Thesis/build/uc1_robot_controllers_interfaces'
[0.991s] cd /home/maclab/Documents/ROS_WORKSPACES/WS_Master_Thesis/build/uc1_robot_controllers_interfaces && /usr/bin/cmake -E cmake_depends "Unix Makefiles" /home/maclab/Documents/ROS_WORKSPACES/WS_Master_Thesis/src/uc1_robot_controllers_interfaces /home/maclab/Documents/ROS_WORKSPACES/WS_Master_Thesis/src/uc1_robot_controllers_interfaces /home/maclab/Documents/ROS_WORKSPACES/WS_Master_Thesis/build/uc1_robot_controllers_interfaces /home/maclab/Documents/ROS_WORKSPACES/WS_Master_Thesis/build/uc1_robot_controllers_interfaces /home/maclab/Documents/ROS_WORKSPACES/WS_Master_Thesis/build/uc1_robot_controllers_interfaces/CMakeFiles/uc1_robot_controllers_interfaces__rosidl_typesupport_introspection_cpp.dir/DependInfo.cmake --color=
[0.991s] [ 10%] [32mBuilding C object CMakeFiles/uc1_robot_controllers_interfaces__rosidl_generator_c.dir/rosidl_generator_c/uc1_robot_controllers_interfaces/msg/detail/move_robot_point__functions.c.o[0m
[0.991s] /usr/bin/cc -DRCUTILS_ENABLE_FAULT_INJECTION -DROSIDL_GENERATOR_C_BUILDING_DLL_uc1_robot_controllers_interfaces -DROS_PACKAGE_NAME=\"uc1_robot_controllers_interfaces\" -I/home/maclab/Documents/ROS_WORKSPACES/WS_Master_Thesis/build/uc1_robot_controllers_interfaces/rosidl_generator_c -isystem /opt/ros/humble/include/geometry_msgs -isystem /opt/ros/humble/include/std_msgs -isystem /opt/ros/humble/include/builtin_interfaces -isystem /opt/ros/humble/include/rosidl_runtime_c -isystem /opt/ros/humble/include/rcutils -isystem /opt/ros/humble/include/rosidl_typesupport_interface -isystem /opt/ros/humble/include/action_msgs -isystem /opt/ros/humble/include/unique_identifier_msgs -O3 -DNDEBUG -fPIC -Wall -std=gnu11 -MD -MT CMakeFiles/uc1_robot_controllers_interfaces__rosidl_generator_c.dir/rosidl_generator_c/uc1_robot_controllers_interfaces/action/detail/move_robot__functions.c.o -MF CMakeFiles/uc1_robot_controllers_interfaces__rosidl_generator_c.dir/rosidl_generator_c/uc1_robot_controllers_interfaces/action/detail/move_robot__functions.c.o.d -o CMakeFiles/uc1_robot_controllers_interfaces__rosidl_generator_c.dir/rosidl_generator_c/uc1_robot_controllers_interfaces/action/detail/move_robot__functions.c.o -c /home/maclab/Documents/ROS_WORKSPACES/WS_Master_Thesis/build/uc1_robot_controllers_interfaces/rosidl_generator_c/uc1_robot_controllers_interfaces/action/detail/move_robot__functions.c
[0.992s] [ 10%] Built target ament_cmake_python_copy_uc1_robot_controllers_interfaces
[0.992s] /usr/bin/cc -DRCUTILS_ENABLE_FAULT_INJECTION -DROSIDL_GENERATOR_C_BUILDING_DLL_uc1_robot_controllers_interfaces -DROS_PACKAGE_NAME=\"uc1_robot_controllers_interfaces\" -I/home/maclab/Documents/ROS_WORKSPACES/WS_Master_Thesis/build/uc1_robot_controllers_interfaces/rosidl_generator_c -isystem /opt/ros/humble/include/geometry_msgs -isystem /opt/ros/humble/include/std_msgs -isystem /opt/ros/humble/include/builtin_interfaces -isystem /opt/ros/humble/include/rosidl_runtime_c -isystem /opt/ros/humble/include/rcutils -isystem /opt/ros/humble/include/rosidl_typesupport_interface -isystem /opt/ros/humble/include/action_msgs -isystem /opt/ros/humble/include/unique_identifier_msgs -O3 -DNDEBUG -fPIC -Wall -std=gnu11 -MD -MT CMakeFiles/uc1_robot_controllers_interfaces__rosidl_generator_c.dir/rosidl_generator_c/uc1_robot_controllers_interfaces/msg/detail/move_robot_point__functions.c.o -MF CMakeFiles/uc1_robot_controllers_interfaces__rosidl_generator_c.dir/rosidl_generator_c/uc1_robot_controllers_interfaces/msg/detail/move_robot_point__functions.c.o.d -o CMakeFiles/uc1_robot_controllers_interfaces__rosidl_generator_c.dir/rosidl_generator_c/uc1_robot_controllers_interfaces/msg/detail/move_robot_point__functions.c.o -c /home/maclab/Documents/ROS_WORKSPACES/WS_Master_Thesis/build/uc1_robot_controllers_interfaces/rosidl_generator_c/uc1_robot_controllers_interfaces/msg/detail/move_robot_point__functions.c
[0.992s] /usr/bin/gmake  -f CMakeFiles/ament_cmake_python_build_uc1_robot_controllers_interfaces_egg.dir/build.make CMakeFiles/ament_cmake_python_build_uc1_robot_controllers_interfaces_egg.dir/depend
[0.993s] gmake[2]: Entering directory '/home/maclab/Documents/ROS_WORKSPACES/WS_Master_Thesis/build/uc1_robot_controllers_interfaces'
[0.993s] cd /home/maclab/Documents/ROS_WORKSPACES/WS_Master_Thesis/build/uc1_robot_controllers_interfaces && /usr/bin/cmake -E cmake_depends "Unix Makefiles" /home/maclab/Documents/ROS_WORKSPACES/WS_Master_Thesis/src/uc1_robot_controllers_interfaces /home/maclab/Documents/ROS_WORKSPACES/WS_Master_Thesis/src/uc1_robot_controllers_interfaces /home/maclab/Documents/ROS_WORKSPACES/WS_Master_Thesis/build/uc1_robot_controllers_interfaces /home/maclab/Documents/ROS_WORKSPACES/WS_Master_Thesis/build/uc1_robot_controllers_interfaces /home/maclab/Documents/ROS_WORKSPACES/WS_Master_Thesis/build/uc1_robot_controllers_interfaces/CMakeFiles/ament_cmake_python_build_uc1_robot_controllers_interfaces_egg.dir/DependInfo.cmake --color=
[0.995s] Dependencies file "CMakeFiles/uc1_robot_controllers_interfaces__rosidl_typesupport_cpp.dir/rosidl_typesupport_cpp/uc1_robot_controllers_interfaces/action/move_robot__type_support.cpp.o.d" is newer than depends file "/home/maclab/Documents/ROS_WORKSPACES/WS_Master_Thesis/build/uc1_robot_controllers_interfaces/CMakeFiles/uc1_robot_controllers_interfaces__rosidl_typesupport_cpp.dir/compiler_depend.internal".
[0.995s] Dependencies file "CMakeFiles/uc1_robot_controllers_interfaces__rosidl_typesupport_fastrtps_cpp.dir/rosidl_typesupport_fastrtps_cpp/uc1_robot_controllers_interfaces/action/detail/dds_fastrtps/move_robot__type_support.cpp.o.d" is newer than depends file "/home/maclab/Documents/ROS_WORKSPACES/WS_Master_Thesis/build/uc1_robot_controllers_interfaces/CMakeFiles/uc1_robot_controllers_interfaces__rosidl_typesupport_fastrtps_cpp.dir/compiler_depend.internal".
[0.995s] Dependencies file "CMakeFiles/uc1_robot_controllers_interfaces__rosidl_typesupport_cpp.dir/rosidl_typesupport_cpp/uc1_robot_controllers_interfaces/action/move_robot_tp__type_support.cpp.o.d" is newer than depends file "/home/maclab/Documents/ROS_WORKSPACES/WS_Master_Thesis/build/uc1_robot_controllers_interfaces/CMakeFiles/uc1_robot_controllers_interfaces__rosidl_typesupport_cpp.dir/compiler_depend.internal".
[0.995s] Dependencies file "CMakeFiles/uc1_robot_controllers_interfaces__rosidl_typesupport_fastrtps_cpp.dir/rosidl_typesupport_fastrtps_cpp/uc1_robot_controllers_interfaces/action/detail/dds_fastrtps/move_robot_tp__type_support.cpp.o.d" is newer than depends file "/home/maclab/Documents/ROS_WORKSPACES/WS_Master_Thesis/build/uc1_robot_controllers_interfaces/CMakeFiles/uc1_robot_controllers_interfaces__rosidl_typesupport_fastrtps_cpp.dir/compiler_depend.internal".
[0.995s] Dependencies file "CMakeFiles/uc1_robot_controllers_interfaces__rosidl_typesupport_cpp.dir/rosidl_typesupport_cpp/uc1_robot_controllers_interfaces/msg/move_robot_goal__type_support.cpp.o.d" is newer than depends file "/home/maclab/Documents/ROS_WORKSPACES/WS_Master_Thesis/build/uc1_robot_controllers_interfaces/CMakeFiles/uc1_robot_controllers_interfaces__rosidl_typesupport_cpp.dir/compiler_depend.internal".
[0.996s] Dependencies file "CMakeFiles/uc1_robot_controllers_interfaces__rosidl_typesupport_cpp.dir/rosidl_typesupport_cpp/uc1_robot_controllers_interfaces/msg/move_robot_orient__type_support.cpp.o.d" is newer than depends file "/home/maclab/Documents/ROS_WORKSPACES/WS_Master_Thesis/build/uc1_robot_controllers_interfaces/CMakeFiles/uc1_robot_controllers_interfaces__rosidl_typesupport_cpp.dir/compiler_depend.internal".
[0.996s] Dependencies file "CMakeFiles/uc1_robot_controllers_interfaces__rosidl_typesupport_fastrtps_cpp.dir/rosidl_typesupport_fastrtps_cpp/uc1_robot_controllers_interfaces/msg/detail/dds_fastrtps/move_robot_goal__type_support.cpp.o.d" is newer than depends file "/home/maclab/Documents/ROS_WORKSPACES/WS_Master_Thesis/build/uc1_robot_controllers_interfaces/CMakeFiles/uc1_robot_controllers_interfaces__rosidl_typesupport_fastrtps_cpp.dir/compiler_depend.internal".
[0.996s] Dependencies file "CMakeFiles/uc1_robot_controllers_interfaces__rosidl_typesupport_cpp.dir/rosidl_typesupport_cpp/uc1_robot_controllers_interfaces/msg/move_robot_point__type_support.cpp.o.d" is newer than depends file "/home/maclab/Documents/ROS_WORKSPACES/WS_Master_Thesis/build/uc1_robot_controllers_interfaces/CMakeFiles/uc1_robot_controllers_interfaces__rosidl_typesupport_cpp.dir/compiler_depend.internal".
[0.996s] Dependencies file "CMakeFiles/uc1_robot_controllers_interfaces__rosidl_typesupport_fastrtps_cpp.dir/rosidl_typesupport_fastrtps_cpp/uc1_robot_controllers_interfaces/msg/detail/dds_fastrtps/move_robot_orient__type_support.cpp.o.d" is newer than depends file "/home/maclab/Documents/ROS_WORKSPACES/WS_Master_Thesis/build/uc1_robot_controllers_interfaces/CMakeFiles/uc1_robot_controllers_interfaces__rosidl_typesupport_fastrtps_cpp.dir/compiler_depend.internal".
[0.996s] [35m[1mConsolidate compiler generated dependencies of target uc1_robot_controllers_interfaces__rosidl_typesupport_cpp[0m
[0.996s] Dependencies file "CMakeFiles/uc1_robot_controllers_interfaces__rosidl_typesupport_fastrtps_cpp.dir/rosidl_typesupport_fastrtps_cpp/uc1_robot_controllers_interfaces/msg/detail/dds_fastrtps/move_robot_point__type_support.cpp.o.d" is newer than depends file "/home/maclab/Documents/ROS_WORKSPACES/WS_Master_Thesis/build/uc1_robot_controllers_interfaces/CMakeFiles/uc1_robot_controllers_interfaces__rosidl_typesupport_fastrtps_cpp.dir/compiler_depend.internal".
[0.996s] [35m[1mConsolidate compiler generated dependencies of target uc1_robot_controllers_interfaces__rosidl_typesupport_fastrtps_cpp[0m
[0.997s] gmake[2]: Leaving directory '/home/maclab/Documents/ROS_WORKSPACES/WS_Master_Thesis/build/uc1_robot_controllers_interfaces'
[0.997s] Dependencies file "CMakeFiles/uc1_robot_controllers_interfaces__rosidl_typesupport_introspection_cpp.dir/rosidl_typesupport_introspection_cpp/uc1_robot_controllers_interfaces/action/detail/move_robot__type_support.cpp.o.d" is newer than depends file "/home/maclab/Documents/ROS_WORKSPACES/WS_Master_Thesis/build/uc1_robot_controllers_interfaces/CMakeFiles/uc1_robot_controllers_interfaces__rosidl_typesupport_introspection_cpp.dir/compiler_depend.internal".
[0.997s] /usr/bin/gmake  -f CMakeFiles/uc1_robot_controllers_interfaces__rosidl_typesupport_cpp.dir/build.make CMakeFiles/uc1_robot_controllers_interfaces__rosidl_typesupport_cpp.dir/build
[0.997s] Dependencies file "CMakeFiles/uc1_robot_controllers_interfaces__rosidl_typesupport_introspection_cpp.dir/rosidl_typesupport_introspection_cpp/uc1_robot_controllers_interfaces/action/detail/move_robot_tp__type_support.cpp.o.d" is newer than depends file "/home/maclab/Documents/ROS_WORKSPACES/WS_Master_Thesis/build/uc1_robot_controllers_interfaces/CMakeFiles/uc1_robot_controllers_interfaces__rosidl_typesupport_introspection_cpp.dir/compiler_depend.internal".
[0.998s] gmake[2]: Leaving directory '/home/maclab/Documents/ROS_WORKSPACES/WS_Master_Thesis/build/uc1_robot_controllers_interfaces'
[0.998s] Dependencies file "CMakeFiles/uc1_robot_controllers_interfaces__rosidl_typesupport_introspection_cpp.dir/rosidl_typesupport_introspection_cpp/uc1_robot_controllers_interfaces/msg/detail/move_robot_goal__type_support.cpp.o.d" is newer than depends file "/home/maclab/Documents/ROS_WORKSPACES/WS_Master_Thesis/build/uc1_robot_controllers_interfaces/CMakeFiles/uc1_robot_controllers_interfaces__rosidl_typesupport_introspection_cpp.dir/compiler_depend.internal".
[0.998s] /usr/bin/gmake  -f CMakeFiles/uc1_robot_controllers_interfaces__rosidl_typesupport_fastrtps_cpp.dir/build.make CMakeFiles/uc1_robot_controllers_interfaces__rosidl_typesupport_fastrtps_cpp.dir/build
[0.998s] Dependencies file "CMakeFiles/uc1_robot_controllers_interfaces__rosidl_typesupport_introspection_cpp.dir/rosidl_typesupport_introspection_cpp/uc1_robot_controllers_interfaces/msg/detail/move_robot_orient__type_support.cpp.o.d" is newer than depends file "/home/maclab/Documents/ROS_WORKSPACES/WS_Master_Thesis/build/uc1_robot_controllers_interfaces/CMakeFiles/uc1_robot_controllers_interfaces__rosidl_typesupport_introspection_cpp.dir/compiler_depend.internal".
[0.998s] Dependencies file "CMakeFiles/uc1_robot_controllers_interfaces__rosidl_typesupport_introspection_cpp.dir/rosidl_typesupport_introspection_cpp/uc1_robot_controllers_interfaces/msg/detail/move_robot_point__type_support.cpp.o.d" is newer than depends file "/home/maclab/Documents/ROS_WORKSPACES/WS_Master_Thesis/build/uc1_robot_controllers_interfaces/CMakeFiles/uc1_robot_controllers_interfaces__rosidl_typesupport_introspection_cpp.dir/compiler_depend.internal".
[0.998s] [35m[1mConsolidate compiler generated dependencies of target uc1_robot_controllers_interfaces__rosidl_typesupport_introspection_cpp[0m
[0.999s] gmake[2]: Entering directory '/home/maclab/Documents/ROS_WORKSPACES/WS_Master_Thesis/build/uc1_robot_controllers_interfaces'
[0.999s] gmake[2]: Leaving directory '/home/maclab/Documents/ROS_WORKSPACES/WS_Master_Thesis/build/uc1_robot_controllers_interfaces'
[0.999s] /usr/bin/gmake  -f CMakeFiles/ament_cmake_python_build_uc1_robot_controllers_interfaces_egg.dir/build.make CMakeFiles/ament_cmake_python_build_uc1_robot_controllers_interfaces_egg.dir/build
[0.999s] gmake[2]: Leaving directory '/home/maclab/Documents/ROS_WORKSPACES/WS_Master_Thesis/build/uc1_robot_controllers_interfaces'
[0.999s] /usr/bin/gmake  -f CMakeFiles/uc1_robot_controllers_interfaces__rosidl_typesupport_introspection_cpp.dir/build.make CMakeFiles/uc1_robot_controllers_interfaces__rosidl_typesupport_introspection_cpp.dir/build
[1.000s] gmake[2]: Entering directory '/home/maclab/Documents/ROS_WORKSPACES/WS_Master_Thesis/build/uc1_robot_controllers_interfaces'
[1.000s] cd /home/maclab/Documents/ROS_WORKSPACES/WS_Master_Thesis/build/uc1_robot_controllers_interfaces/ament_cmake_python/uc1_robot_controllers_interfaces && /usr/bin/python3 setup.py egg_info
[1.000s] gmake[2]: Entering directory '/home/maclab/Documents/ROS_WORKSPACES/WS_Master_Thesis/build/uc1_robot_controllers_interfaces'
[1.003s] gmake[2]: Entering directory '/home/maclab/Documents/ROS_WORKSPACES/WS_Master_Thesis/build/uc1_robot_controllers_interfaces'
[1.005s] [ 13%] [32mBuilding CXX object CMakeFiles/uc1_robot_controllers_interfaces__rosidl_typesupport_fastrtps_cpp.dir/rosidl_typesupport_fastrtps_cpp/uc1_robot_controllers_interfaces/action/detail/dds_fastrtps/move_robot_tp__type_support.cpp.o[0m
[1.005s] [ 13%] [32mBuilding CXX object CMakeFiles/uc1_robot_controllers_interfaces__rosidl_typesupport_cpp.dir/rosidl_typesupport_cpp/uc1_robot_controllers_interfaces/msg/move_robot_orient__type_support.cpp.o[0m
[1.005s] /usr/bin/c++ -DRCUTILS_ENABLE_FAULT_INJECTION -DROSIDL_TYPESUPPORT_CPP_BUILDING_DLL -DROS_PACKAGE_NAME=\"uc1_robot_controllers_interfaces\" -I/home/maclab/Documents/ROS_WORKSPACES/WS_Master_Thesis/build/uc1_robot_controllers_interfaces/rosidl_generator_cpp -isystem /opt/ros/humble/include/geometry_msgs -isystem /opt/ros/humble/include/std_msgs -isystem /opt/ros/humble/include/builtin_interfaces -isystem /opt/ros/humble/include/rosidl_runtime_cpp -isystem /opt/ros/humble/include/rosidl_runtime_c -isystem /opt/ros/humble/include/rcutils -isystem /opt/ros/humble/include/rosidl_typesupport_interface -isystem /opt/ros/humble/include/action_msgs -isystem /opt/ros/humble/include/unique_identifier_msgs -isystem /opt/ros/humble/include/rosidl_typesupport_cpp -isystem /opt/ros/humble/include/rosidl_typesupport_c -O3 -DNDEBUG -fPIC -Wall -Wextra -Wpedantic -std=gnu++14 -MD -MT CMakeFiles/uc1_robot_controllers_interfaces__rosidl_typesupport_cpp.dir/rosidl_typesupport_cpp/uc1_robot_controllers_interfaces/msg/move_robot_orient__type_support.cpp.o -MF CMakeFiles/uc1_robot_controllers_interfaces__rosidl_typesupport_cpp.dir/rosidl_typesupport_cpp/uc1_robot_controllers_interfaces/msg/move_robot_orient__type_support.cpp.o.d -o CMakeFiles/uc1_robot_controllers_interfaces__rosidl_typesupport_cpp.dir/rosidl_typesupport_cpp/uc1_robot_controllers_interfaces/msg/move_robot_orient__type_support.cpp.o -c /home/maclab/Documents/ROS_WORKSPACES/WS_Master_Thesis/build/uc1_robot_controllers_interfaces/rosidl_typesupport_cpp/uc1_robot_controllers_interfaces/msg/move_robot_orient__type_support.cpp
[1.006s] /usr/bin/c++ -DRCUTILS_ENABLE_FAULT_INJECTION -DROSIDL_TYPESUPPORT_FASTRTPS_CPP_BUILDING_DLL_uc1_robot_controllers_interfaces -DROS_PACKAGE_NAME=\"uc1_robot_controllers_interfaces\" -I/home/maclab/Documents/ROS_WORKSPACES/WS_Master_Thesis/build/uc1_robot_controllers_interfaces/rosidl_typesupport_fastrtps_cpp -I/home/maclab/Documents/ROS_WORKSPACES/WS_Master_Thesis/build/uc1_robot_controllers_interfaces/rosidl_generator_cpp -isystem /opt/ros/humble/include/fastcdr -isystem /opt/ros/humble/include/rmw -isystem /opt/ros/humble/include/rcutils -isystem /opt/ros/humble/include/rosidl_runtime_c -isystem /opt/ros/humble/include/rosidl_typesupport_interface -isystem /opt/ros/humble/include/rosidl_runtime_cpp -isystem /opt/ros/humble/include/rosidl_typesupport_fastrtps_cpp -isystem /opt/ros/humble/include/geometry_msgs -isystem /opt/ros/humble/include/std_msgs -isystem /opt/ros/humble/include/builtin_interfaces -isystem /opt/ros/humble/include/action_msgs -isystem /opt/ros/humble/include/unique_identifier_msgs -O3 -DNDEBUG -fPIC -Wall -Wextra -Wpedantic -Wredundant-decls -std=gnu++14 -MD -MT CMakeFiles/uc1_robot_controllers_interfaces__rosidl_typesupport_fastrtps_cpp.dir/rosidl_typesupport_fastrtps_cpp/uc1_robot_controllers_interfaces/action/detail/dds_fastrtps/move_robot_tp__type_support.cpp.o -MF CMakeFiles/uc1_robot_controllers_interfaces__rosidl_typesupport_fastrtps_cpp.dir/rosidl_typesupport_fastrtps_cpp/uc1_robot_controllers_interfaces/action/detail/dds_fastrtps/move_robot_tp__type_support.cpp.o.d -o CMakeFiles/uc1_robot_controllers_interfaces__rosidl_typesupport_fastrtps_cpp.dir/rosidl_typesupport_fastrtps_cpp/uc1_robot_controllers_interfaces/action/detail/dds_fastrtps/move_robot_tp__type_support.cpp.o -c /home/maclab/Documents/ROS_WORKSPACES/WS_Master_Thesis/build/uc1_robot_controllers_interfaces/rosidl_typesupport_fastrtps_cpp/uc1_robot_controllers_interfaces/action/detail/dds_fastrtps/move_robot_tp__type_support.cpp
[1.006s] [ 15%] [32mBuilding CXX object CMakeFiles/uc1_robot_controllers_interfaces__rosidl_typesupport_cpp.dir/rosidl_typesupport_cpp/uc1_robot_controllers_interfaces/msg/move_robot_goal__type_support.cpp.o[0m
[1.007s] [ 16%] [32mBuilding CXX object CMakeFiles/uc1_robot_controllers_interfaces__rosidl_typesupport_cpp.dir/rosidl_typesupport_cpp/uc1_robot_controllers_interfaces/msg/move_robot_point__type_support.cpp.o[0m
[1.007s] [ 18%] [32mBuilding CXX object CMakeFiles/uc1_robot_controllers_interfaces__rosidl_typesupport_cpp.dir/rosidl_typesupport_cpp/uc1_robot_controllers_interfaces/action/move_robot__type_support.cpp.o[0m
[1.007s] [ 20%] [32mBuilding CXX object CMakeFiles/uc1_robot_controllers_interfaces__rosidl_typesupport_cpp.dir/rosidl_typesupport_cpp/uc1_robot_controllers_interfaces/action/move_robot_tp__type_support.cpp.o[0m
[1.007s] /usr/bin/c++ -DRCUTILS_ENABLE_FAULT_INJECTION -DROSIDL_TYPESUPPORT_CPP_BUILDING_DLL -DROS_PACKAGE_NAME=\"uc1_robot_controllers_interfaces\" -I/home/maclab/Documents/ROS_WORKSPACES/WS_Master_Thesis/build/uc1_robot_controllers_interfaces/rosidl_generator_cpp -isystem /opt/ros/humble/include/geometry_msgs -isystem /opt/ros/humble/include/std_msgs -isystem /opt/ros/humble/include/builtin_interfaces -isystem /opt/ros/humble/include/rosidl_runtime_cpp -isystem /opt/ros/humble/include/rosidl_runtime_c -isystem /opt/ros/humble/include/rcutils -isystem /opt/ros/humble/include/rosidl_typesupport_interface -isystem /opt/ros/humble/include/action_msgs -isystem /opt/ros/humble/include/unique_identifier_msgs -isystem /opt/ros/humble/include/rosidl_typesupport_cpp -isystem /opt/ros/humble/include/rosidl_typesupport_c -O3 -DNDEBUG -fPIC -Wall -Wextra -Wpedantic -std=gnu++14 -MD -MT CMakeFiles/uc1_robot_controllers_interfaces__rosidl_typesupport_cpp.dir/rosidl_typesupport_cpp/uc1_robot_controllers_interfaces/msg/move_robot_goal__type_support.cpp.o -MF CMakeFiles/uc1_robot_controllers_interfaces__rosidl_typesupport_cpp.dir/rosidl_typesupport_cpp/uc1_robot_controllers_interfaces/msg/move_robot_goal__type_support.cpp.o.d -o CMakeFiles/uc1_robot_controllers_interfaces__rosidl_typesupport_cpp.dir/rosidl_typesupport_cpp/uc1_robot_controllers_interfaces/msg/move_robot_goal__type_support.cpp.o -c /home/maclab/Documents/ROS_WORKSPACES/WS_Master_Thesis/build/uc1_robot_controllers_interfaces/rosidl_typesupport_cpp/uc1_robot_controllers_interfaces/msg/move_robot_goal__type_support.cpp
[1.007s] /usr/bin/c++ -DRCUTILS_ENABLE_FAULT_INJECTION -DROSIDL_TYPESUPPORT_CPP_BUILDING_DLL -DROS_PACKAGE_NAME=\"uc1_robot_controllers_interfaces\" -I/home/maclab/Documents/ROS_WORKSPACES/WS_Master_Thesis/build/uc1_robot_controllers_interfaces/rosidl_generator_cpp -isystem /opt/ros/humble/include/geometry_msgs -isystem /opt/ros/humble/include/std_msgs -isystem /opt/ros/humble/include/builtin_interfaces -isystem /opt/ros/humble/include/rosidl_runtime_cpp -isystem /opt/ros/humble/include/rosidl_runtime_c -isystem /opt/ros/humble/include/rcutils -isystem /opt/ros/humble/include/rosidl_typesupport_interface -isystem /opt/ros/humble/include/action_msgs -isystem /opt/ros/humble/include/unique_identifier_msgs -isystem /opt/ros/humble/include/rosidl_typesupport_cpp -isystem /opt/ros/humble/include/rosidl_typesupport_c -O3 -DNDEBUG -fPIC -Wall -Wextra -Wpedantic -std=gnu++14 -MD -MT CMakeFiles/uc1_robot_controllers_interfaces__rosidl_typesupport_cpp.dir/rosidl_typesupport_cpp/uc1_robot_controllers_interfaces/msg/move_robot_point__type_support.cpp.o -MF CMakeFiles/uc1_robot_controllers_interfaces__rosidl_typesupport_cpp.dir/rosidl_typesupport_cpp/uc1_robot_controllers_interfaces/msg/move_robot_point__type_support.cpp.o.d -o CMakeFiles/uc1_robot_controllers_interfaces__rosidl_typesupport_cpp.dir/rosidl_typesupport_cpp/uc1_robot_controllers_interfaces/msg/move_robot_point__type_support.cpp.o -c /home/maclab/Documents/ROS_WORKSPACES/WS_Master_Thesis/build/uc1_robot_controllers_interfaces/rosidl_typesupport_cpp/uc1_robot_controllers_interfaces/msg/move_robot_point__type_support.cpp
[1.008s] [ 21%] [32mBuilding CXX object CMakeFiles/uc1_robot_controllers_interfaces__rosidl_typesupport_fastrtps_cpp.dir/rosidl_typesupport_fastrtps_cpp/uc1_robot_controllers_interfaces/action/detail/dds_fastrtps/move_robot__type_support.cpp.o[0m
[1.008s] /usr/bin/c++ -DRCUTILS_ENABLE_FAULT_INJECTION -DROSIDL_TYPESUPPORT_CPP_BUILDING_DLL -DROS_PACKAGE_NAME=\"uc1_robot_controllers_interfaces\" -I/home/maclab/Documents/ROS_WORKSPACES/WS_Master_Thesis/build/uc1_robot_controllers_interfaces/rosidl_generator_cpp -isystem /opt/ros/humble/include/geometry_msgs -isystem /opt/ros/humble/include/std_msgs -isystem /opt/ros/humble/include/builtin_interfaces -isystem /opt/ros/humble/include/rosidl_runtime_cpp -isystem /opt/ros/humble/include/rosidl_runtime_c -isystem /opt/ros/humble/include/rcutils -isystem /opt/ros/humble/include/rosidl_typesupport_interface -isystem /opt/ros/humble/include/action_msgs -isystem /opt/ros/humble/include/unique_identifier_msgs -isystem /opt/ros/humble/include/rosidl_typesupport_cpp -isystem /opt/ros/humble/include/rosidl_typesupport_c -O3 -DNDEBUG -fPIC -Wall -Wextra -Wpedantic -std=gnu++14 -MD -MT CMakeFiles/uc1_robot_controllers_interfaces__rosidl_typesupport_cpp.dir/rosidl_typesupport_cpp/uc1_robot_controllers_interfaces/action/move_robot__type_support.cpp.o -MF CMakeFiles/uc1_robot_controllers_interfaces__rosidl_typesupport_cpp.dir/rosidl_typesupport_cpp/uc1_robot_controllers_interfaces/action/move_robot__type_support.cpp.o.d -o CMakeFiles/uc1_robot_controllers_interfaces__rosidl_typesupport_cpp.dir/rosidl_typesupport_cpp/uc1_robot_controllers_interfaces/action/move_robot__type_support.cpp.o -c /home/maclab/Documents/ROS_WORKSPACES/WS_Master_Thesis/build/uc1_robot_controllers_interfaces/rosidl_typesupport_cpp/uc1_robot_controllers_interfaces/action/move_robot__type_support.cpp
[1.008s] [ 23%] [32mBuilding CXX object CMakeFiles/uc1_robot_controllers_interfaces__rosidl_typesupport_fastrtps_cpp.dir/rosidl_typesupport_fastrtps_cpp/uc1_robot_controllers_interfaces/msg/detail/dds_fastrtps/move_robot_point__type_support.cpp.o[0m
[1.008s] /usr/bin/c++ -DRCUTILS_ENABLE_FAULT_INJECTION -DROSIDL_TYPESUPPORT_CPP_BUILDING_DLL -DROS_PACKAGE_NAME=\"uc1_robot_controllers_interfaces\" -I/home/maclab/Documents/ROS_WORKSPACES/WS_Master_Thesis/build/uc1_robot_controllers_interfaces/rosidl_generator_cpp -isystem /opt/ros/humble/include/geometry_msgs -isystem /opt/ros/humble/include/std_msgs -isystem /opt/ros/humble/include/builtin_interfaces -isystem /opt/ros/humble/include/rosidl_runtime_cpp -isystem /opt/ros/humble/include/rosidl_runtime_c -isystem /opt/ros/humble/include/rcutils -isystem /opt/ros/humble/include/rosidl_typesupport_interface -isystem /opt/ros/humble/include/action_msgs -isystem /opt/ros/humble/include/unique_identifier_msgs -isystem /opt/ros/humble/include/rosidl_typesupport_cpp -isystem /opt/ros/humble/include/rosidl_typesupport_c -O3 -DNDEBUG -fPIC -Wall -Wextra -Wpedantic -std=gnu++14 -MD -MT CMakeFiles/uc1_robot_controllers_interfaces__rosidl_typesupport_cpp.dir/rosidl_typesupport_cpp/uc1_robot_controllers_interfaces/action/move_robot_tp__type_support.cpp.o -MF CMakeFiles/uc1_robot_controllers_interfaces__rosidl_typesupport_cpp.dir/rosidl_typesupport_cpp/uc1_robot_controllers_interfaces/action/move_robot_tp__type_support.cpp.o.d -o CMakeFiles/uc1_robot_controllers_interfaces__rosidl_typesupport_cpp.dir/rosidl_typesupport_cpp/uc1_robot_controllers_interfaces/action/move_robot_tp__type_support.cpp.o -c /home/maclab/Documents/ROS_WORKSPACES/WS_Master_Thesis/build/uc1_robot_controllers_interfaces/rosidl_typesupport_cpp/uc1_robot_controllers_interfaces/action/move_robot_tp__type_support.cpp
[1.008s] [ 24%] [32mBuilding CXX object CMakeFiles/uc1_robot_controllers_interfaces__rosidl_typesupport_fastrtps_cpp.dir/rosidl_typesupport_fastrtps_cpp/uc1_robot_controllers_interfaces/msg/detail/dds_fastrtps/move_robot_orient__type_support.cpp.o[0m
[1.009s] /usr/bin/c++ -DRCUTILS_ENABLE_FAULT_INJECTION -DROSIDL_TYPESUPPORT_FASTRTPS_CPP_BUILDING_DLL_uc1_robot_controllers_interfaces -DROS_PACKAGE_NAME=\"uc1_robot_controllers_interfaces\" -I/home/maclab/Documents/ROS_WORKSPACES/WS_Master_Thesis/build/uc1_robot_controllers_interfaces/rosidl_typesupport_fastrtps_cpp -I/home/maclab/Documents/ROS_WORKSPACES/WS_Master_Thesis/build/uc1_robot_controllers_interfaces/rosidl_generator_cpp -isystem /opt/ros/humble/include/fastcdr -isystem /opt/ros/humble/include/rmw -isystem /opt/ros/humble/include/rcutils -isystem /opt/ros/humble/include/rosidl_runtime_c -isystem /opt/ros/humble/include/rosidl_typesupport_interface -isystem /opt/ros/humble/include/rosidl_runtime_cpp -isystem /opt/ros/humble/include/rosidl_typesupport_fastrtps_cpp -isystem /opt/ros/humble/include/geometry_msgs -isystem /opt/ros/humble/include/std_msgs -isystem /opt/ros/humble/include/builtin_interfaces -isystem /opt/ros/humble/include/action_msgs -isystem /opt/ros/humble/include/unique_identifier_msgs -O3 -DNDEBUG -fPIC -Wall -Wextra -Wpedantic -Wredundant-decls -std=gnu++14 -MD -MT CMakeFiles/uc1_robot_controllers_interfaces__rosidl_typesupport_fastrtps_cpp.dir/rosidl_typesupport_fastrtps_cpp/uc1_robot_controllers_interfaces/action/detail/dds_fastrtps/move_robot__type_support.cpp.o -MF CMakeFiles/uc1_robot_controllers_interfaces__rosidl_typesupport_fastrtps_cpp.dir/rosidl_typesupport_fastrtps_cpp/uc1_robot_controllers_interfaces/action/detail/dds_fastrtps/move_robot__type_support.cpp.o.d -o CMakeFiles/uc1_robot_controllers_interfaces__rosidl_typesupport_fastrtps_cpp.dir/rosidl_typesupport_fastrtps_cpp/uc1_robot_controllers_interfaces/action/detail/dds_fastrtps/move_robot__type_support.cpp.o -c /home/maclab/Documents/ROS_WORKSPACES/WS_Master_Thesis/build/uc1_robot_controllers_interfaces/rosidl_typesupport_fastrtps_cpp/uc1_robot_controllers_interfaces/action/detail/dds_fastrtps/move_robot__type_support.cpp
[1.009s] [ 26%] [32mBuilding CXX object CMakeFiles/uc1_robot_controllers_interfaces__rosidl_typesupport_fastrtps_cpp.dir/rosidl_typesupport_fastrtps_cpp/uc1_robot_controllers_interfaces/msg/detail/dds_fastrtps/move_robot_goal__type_support.cpp.o[0m
[1.009s] /usr/bin/c++ -DRCUTILS_ENABLE_FAULT_INJECTION -DROSIDL_TYPESUPPORT_FASTRTPS_CPP_BUILDING_DLL_uc1_robot_controllers_interfaces -DROS_PACKAGE_NAME=\"uc1_robot_controllers_interfaces\" -I/home/maclab/Documents/ROS_WORKSPACES/WS_Master_Thesis/build/uc1_robot_controllers_interfaces/rosidl_typesupport_fastrtps_cpp -I/home/maclab/Documents/ROS_WORKSPACES/WS_Master_Thesis/build/uc1_robot_controllers_interfaces/rosidl_generator_cpp -isystem /opt/ros/humble/include/fastcdr -isystem /opt/ros/humble/include/rmw -isystem /opt/ros/humble/include/rcutils -isystem /opt/ros/humble/include/rosidl_runtime_c -isystem /opt/ros/humble/include/rosidl_typesupport_interface -isystem /opt/ros/humble/include/rosidl_runtime_cpp -isystem /opt/ros/humble/include/rosidl_typesupport_fastrtps_cpp -isystem /opt/ros/humble/include/geometry_msgs -isystem /opt/ros/humble/include/std_msgs -isystem /opt/ros/humble/include/builtin_interfaces -isystem /opt/ros/humble/include/action_msgs -isystem /opt/ros/humble/include/unique_identifier_msgs -O3 -DNDEBUG -fPIC -Wall -Wextra -Wpedantic -Wredundant-decls -std=gnu++14 -MD -MT CMakeFiles/uc1_robot_controllers_interfaces__rosidl_typesupport_fastrtps_cpp.dir/rosidl_typesupport_fastrtps_cpp/uc1_robot_controllers_interfaces/msg/detail/dds_fastrtps/move_robot_point__type_support.cpp.o -MF CMakeFiles/uc1_robot_controllers_interfaces__rosidl_typesupport_fastrtps_cpp.dir/rosidl_typesupport_fastrtps_cpp/uc1_robot_controllers_interfaces/msg/detail/dds_fastrtps/move_robot_point__type_support.cpp.o.d -o CMakeFiles/uc1_robot_controllers_interfaces__rosidl_typesupport_fastrtps_cpp.dir/rosidl_typesupport_fastrtps_cpp/uc1_robot_controllers_interfaces/msg/detail/dds_fastrtps/move_robot_point__type_support.cpp.o -c /home/maclab/Documents/ROS_WORKSPACES/WS_Master_Thesis/build/uc1_robot_controllers_interfaces/rosidl_typesupport_fastrtps_cpp/uc1_robot_controllers_interfaces/msg/detail/dds_fastrtps/move_robot_point__type_support.cpp
[1.009s] /usr/bin/c++ -DRCUTILS_ENABLE_FAULT_INJECTION -DROSIDL_TYPESUPPORT_FASTRTPS_CPP_BUILDING_DLL_uc1_robot_controllers_interfaces -DROS_PACKAGE_NAME=\"uc1_robot_controllers_interfaces\" -I/home/maclab/Documents/ROS_WORKSPACES/WS_Master_Thesis/build/uc1_robot_controllers_interfaces/rosidl_typesupport_fastrtps_cpp -I/home/maclab/Documents/ROS_WORKSPACES/WS_Master_Thesis/build/uc1_robot_controllers_interfaces/rosidl_generator_cpp -isystem /opt/ros/humble/include/fastcdr -isystem /opt/ros/humble/include/rmw -isystem /opt/ros/humble/include/rcutils -isystem /opt/ros/humble/include/rosidl_runtime_c -isystem /opt/ros/humble/include/rosidl_typesupport_interface -isystem /opt/ros/humble/include/rosidl_runtime_cpp -isystem /opt/ros/humble/include/rosidl_typesupport_fastrtps_cpp -isystem /opt/ros/humble/include/geometry_msgs -isystem /opt/ros/humble/include/std_msgs -isystem /opt/ros/humble/include/builtin_interfaces -isystem /opt/ros/humble/include/action_msgs -isystem /opt/ros/humble/include/unique_identifier_msgs -O3 -DNDEBUG -fPIC -Wall -Wextra -Wpedantic -Wredundant-decls -std=gnu++14 -MD -MT CMakeFiles/uc1_robot_controllers_interfaces__rosidl_typesupport_fastrtps_cpp.dir/rosidl_typesupport_fastrtps_cpp/uc1_robot_controllers_interfaces/msg/detail/dds_fastrtps/move_robot_orient__type_support.cpp.o -MF CMakeFiles/uc1_robot_controllers_interfaces__rosidl_typesupport_fastrtps_cpp.dir/rosidl_typesupport_fastrtps_cpp/uc1_robot_controllers_interfaces/msg/detail/dds_fastrtps/move_robot_orient__type_support.cpp.o.d -o CMakeFiles/uc1_robot_controllers_interfaces__rosidl_typesupport_fastrtps_cpp.dir/rosidl_typesupport_fastrtps_cpp/uc1_robot_controllers_interfaces/msg/detail/dds_fastrtps/move_robot_orient__type_support.cpp.o -c /home/maclab/Documents/ROS_WORKSPACES/WS_Master_Thesis/build/uc1_robot_controllers_interfaces/rosidl_typesupport_fastrtps_cpp/uc1_robot_controllers_interfaces/msg/detail/dds_fastrtps/move_robot_orient__type_support.cpp
[1.010s] [ 27%] [32mBuilding CXX object CMakeFiles/uc1_robot_controllers_interfaces__rosidl_typesupport_introspection_cpp.dir/rosidl_typesupport_introspection_cpp/uc1_robot_controllers_interfaces/msg/detail/move_robot_orient__type_support.cpp.o[0m
[1.010s] /usr/bin/c++ -DRCUTILS_ENABLE_FAULT_INJECTION -DROSIDL_TYPESUPPORT_FASTRTPS_CPP_BUILDING_DLL_uc1_robot_controllers_interfaces -DROS_PACKAGE_NAME=\"uc1_robot_controllers_interfaces\" -I/home/maclab/Documents/ROS_WORKSPACES/WS_Master_Thesis/build/uc1_robot_controllers_interfaces/rosidl_typesupport_fastrtps_cpp -I/home/maclab/Documents/ROS_WORKSPACES/WS_Master_Thesis/build/uc1_robot_controllers_interfaces/rosidl_generator_cpp -isystem /opt/ros/humble/include/fastcdr -isystem /opt/ros/humble/include/rmw -isystem /opt/ros/humble/include/rcutils -isystem /opt/ros/humble/include/rosidl_runtime_c -isystem /opt/ros/humble/include/rosidl_typesupport_interface -isystem /opt/ros/humble/include/rosidl_runtime_cpp -isystem /opt/ros/humble/include/rosidl_typesupport_fastrtps_cpp -isystem /opt/ros/humble/include/geometry_msgs -isystem /opt/ros/humble/include/std_msgs -isystem /opt/ros/humble/include/builtin_interfaces -isystem /opt/ros/humble/include/action_msgs -isystem /opt/ros/humble/include/unique_identifier_msgs -O3 -DNDEBUG -fPIC -Wall -Wextra -Wpedantic -Wredundant-decls -std=gnu++14 -MD -MT CMakeFiles/uc1_robot_controllers_interfaces__rosidl_typesupport_fastrtps_cpp.dir/rosidl_typesupport_fastrtps_cpp/uc1_robot_controllers_interfaces/msg/detail/dds_fastrtps/move_robot_goal__type_support.cpp.o -MF CMakeFiles/uc1_robot_controllers_interfaces__rosidl_typesupport_fastrtps_cpp.dir/rosidl_typesupport_fastrtps_cpp/uc1_robot_controllers_interfaces/msg/detail/dds_fastrtps/move_robot_goal__type_support.cpp.o.d -o CMakeFiles/uc1_robot_controllers_interfaces__rosidl_typesupport_fastrtps_cpp.dir/rosidl_typesupport_fastrtps_cpp/uc1_robot_controllers_interfaces/msg/detail/dds_fastrtps/move_robot_goal__type_support.cpp.o -c /home/maclab/Documents/ROS_WORKSPACES/WS_Master_Thesis/build/uc1_robot_controllers_interfaces/rosidl_typesupport_fastrtps_cpp/uc1_robot_controllers_interfaces/msg/detail/dds_fastrtps/move_robot_goal__type_support.cpp
[1.010s] [ 29%] [32mBuilding CXX object CMakeFiles/uc1_robot_controllers_interfaces__rosidl_typesupport_introspection_cpp.dir/rosidl_typesupport_introspection_cpp/uc1_robot_controllers_interfaces/msg/detail/move_robot_goal__type_support.cpp.o[0m
[1.011s] /usr/bin/c++ -DRCUTILS_ENABLE_FAULT_INJECTION -DROSIDL_TYPESUPPORT_INTROSPECTION_CPP_BUILDING_DLL -DROS_PACKAGE_NAME=\"uc1_robot_controllers_interfaces\" -I/home/maclab/Documents/ROS_WORKSPACES/WS_Master_Thesis/build/uc1_robot_controllers_interfaces/rosidl_typesupport_introspection_cpp -I/home/maclab/Documents/ROS_WORKSPACES/WS_Master_Thesis/build/uc1_robot_controllers_interfaces/rosidl_generator_cpp -isystem /opt/ros/humble/include/geometry_msgs -isystem /opt/ros/humble/include/std_msgs -isystem /opt/ros/humble/include/builtin_interfaces -isystem /opt/ros/humble/include/rosidl_runtime_cpp -isystem /opt/ros/humble/include/rosidl_runtime_c -isystem /opt/ros/humble/include/rcutils -isystem /opt/ros/humble/include/rosidl_typesupport_interface -isystem /opt/ros/humble/include/action_msgs -isystem /opt/ros/humble/include/unique_identifier_msgs -isystem /opt/ros/humble/include/rosidl_typesupport_introspection_cpp -isystem /opt/ros/humble/include/rosidl_typesupport_introspection_c -O3 -DNDEBUG -fPIC -Wall -Wextra -Wpedantic -MD -MT CMakeFiles/uc1_robot_controllers_interfaces__rosidl_typesupport_introspection_cpp.dir/rosidl_typesupport_introspection_cpp/uc1_robot_controllers_interfaces/msg/detail/move_robot_orient__type_support.cpp.o -MF CMakeFiles/uc1_robot_controllers_interfaces__rosidl_typesupport_introspection_cpp.dir/rosidl_typesupport_introspection_cpp/uc1_robot_controllers_interfaces/msg/detail/move_robot_orient__type_support.cpp.o.d -o CMakeFiles/uc1_robot_controllers_interfaces__rosidl_typesupport_introspection_cpp.dir/rosidl_typesupport_introspection_cpp/uc1_robot_controllers_interfaces/msg/detail/move_robot_orient__type_support.cpp.o -c /home/maclab/Documents/ROS_WORKSPACES/WS_Master_Thesis/build/uc1_robot_controllers_interfaces/rosidl_typesupport_introspection_cpp/uc1_robot_controllers_interfaces/msg/detail/move_robot_orient__type_support.cpp
[1.011s] /usr/bin/c++ -DRCUTILS_ENABLE_FAULT_INJECTION -DROSIDL_TYPESUPPORT_INTROSPECTION_CPP_BUILDING_DLL -DROS_PACKAGE_NAME=\"uc1_robot_controllers_interfaces\" -I/home/maclab/Documents/ROS_WORKSPACES/WS_Master_Thesis/build/uc1_robot_controllers_interfaces/rosidl_typesupport_introspection_cpp -I/home/maclab/Documents/ROS_WORKSPACES/WS_Master_Thesis/build/uc1_robot_controllers_interfaces/rosidl_generator_cpp -isystem /opt/ros/humble/include/geometry_msgs -isystem /opt/ros/humble/include/std_msgs -isystem /opt/ros/humble/include/builtin_interfaces -isystem /opt/ros/humble/include/rosidl_runtime_cpp -isystem /opt/ros/humble/include/rosidl_runtime_c -isystem /opt/ros/humble/include/rcutils -isystem /opt/ros/humble/include/rosidl_typesupport_interface -isystem /opt/ros/humble/include/action_msgs -isystem /opt/ros/humble/include/unique_identifier_msgs -isystem /opt/ros/humble/include/rosidl_typesupport_introspection_cpp -isystem /opt/ros/humble/include/rosidl_typesupport_introspection_c -O3 -DNDEBUG -fPIC -Wall -Wextra -Wpedantic -MD -MT CMakeFiles/uc1_robot_controllers_interfaces__rosidl_typesupport_introspection_cpp.dir/rosidl_typesupport_introspection_cpp/uc1_robot_controllers_interfaces/msg/detail/move_robot_goal__type_support.cpp.o -MF CMakeFiles/uc1_robot_controllers_interfaces__rosidl_typesupport_introspection_cpp.dir/rosidl_typesupport_introspection_cpp/uc1_robot_controllers_interfaces/msg/detail/move_robot_goal__type_support.cpp.o.d -o CMakeFiles/uc1_robot_controllers_interfaces__rosidl_typesupport_introspection_cpp.dir/rosidl_typesupport_introspection_cpp/uc1_robot_controllers_interfaces/msg/detail/move_robot_goal__type_support.cpp.o -c /home/maclab/Documents/ROS_WORKSPACES/WS_Master_Thesis/build/uc1_robot_controllers_interfaces/rosidl_typesupport_introspection_cpp/uc1_robot_controllers_interfaces/msg/detail/move_robot_goal__type_support.cpp
[1.012s] [ 30%] [32mBuilding CXX object CMakeFiles/uc1_robot_controllers_interfaces__rosidl_typesupport_introspection_cpp.dir/rosidl_typesupport_introspection_cpp/uc1_robot_controllers_interfaces/action/detail/move_robot__type_support.cpp.o[0m
[1.012s] [ 32%] [32mBuilding CXX object CMakeFiles/uc1_robot_controllers_interfaces__rosidl_typesupport_introspection_cpp.dir/rosidl_typesupport_introspection_cpp/uc1_robot_controllers_interfaces/action/detail/move_robot_tp__type_support.cpp.o[0m
[1.013s] [ 33%] [32mBuilding CXX object CMakeFiles/uc1_robot_controllers_interfaces__rosidl_typesupport_introspection_cpp.dir/rosidl_typesupport_introspection_cpp/uc1_robot_controllers_interfaces/msg/detail/move_robot_point__type_support.cpp.o[0m
[1.013s] /usr/bin/c++ -DRCUTILS_ENABLE_FAULT_INJECTION -DROSIDL_TYPESUPPORT_INTROSPECTION_CPP_BUILDING_DLL -DROS_PACKAGE_NAME=\"uc1_robot_controllers_interfaces\" -I/home/maclab/Documents/ROS_WORKSPACES/WS_Master_Thesis/build/uc1_robot_controllers_interfaces/rosidl_typesupport_introspection_cpp -I/home/maclab/Documents/ROS_WORKSPACES/WS_Master_Thesis/build/uc1_robot_controllers_interfaces/rosidl_generator_cpp -isystem /opt/ros/humble/include/geometry_msgs -isystem /opt/ros/humble/include/std_msgs -isystem /opt/ros/humble/include/builtin_interfaces -isystem /opt/ros/humble/include/rosidl_runtime_cpp -isystem /opt/ros/humble/include/rosidl_runtime_c -isystem /opt/ros/humble/include/rcutils -isystem /opt/ros/humble/include/rosidl_typesupport_interface -isystem /opt/ros/humble/include/action_msgs -isystem /opt/ros/humble/include/unique_identifier_msgs -isystem /opt/ros/humble/include/rosidl_typesupport_introspection_cpp -isystem /opt/ros/humble/include/rosidl_typesupport_introspection_c -O3 -DNDEBUG -fPIC -Wall -Wextra -Wpedantic -MD -MT CMakeFiles/uc1_robot_controllers_interfaces__rosidl_typesupport_introspection_cpp.dir/rosidl_typesupport_introspection_cpp/uc1_robot_controllers_interfaces/action/detail/move_robot__type_support.cpp.o -MF CMakeFiles/uc1_robot_controllers_interfaces__rosidl_typesupport_introspection_cpp.dir/rosidl_typesupport_introspection_cpp/uc1_robot_controllers_interfaces/action/detail/move_robot__type_support.cpp.o.d -o CMakeFiles/uc1_robot_controllers_interfaces__rosidl_typesupport_introspection_cpp.dir/rosidl_typesupport_introspection_cpp/uc1_robot_controllers_interfaces/action/detail/move_robot__type_support.cpp.o -c /home/maclab/Documents/ROS_WORKSPACES/WS_Master_Thesis/build/uc1_robot_controllers_interfaces/rosidl_typesupport_introspection_cpp/uc1_robot_controllers_interfaces/action/detail/move_robot__type_support.cpp
[1.014s] /usr/bin/c++ -DRCUTILS_ENABLE_FAULT_INJECTION -DROSIDL_TYPESUPPORT_INTROSPECTION_CPP_BUILDING_DLL -DROS_PACKAGE_NAME=\"uc1_robot_controllers_interfaces\" -I/home/maclab/Documents/ROS_WORKSPACES/WS_Master_Thesis/build/uc1_robot_controllers_interfaces/rosidl_typesupport_introspection_cpp -I/home/maclab/Documents/ROS_WORKSPACES/WS_Master_Thesis/build/uc1_robot_controllers_interfaces/rosidl_generator_cpp -isystem /opt/ros/humble/include/geometry_msgs -isystem /opt/ros/humble/include/std_msgs -isystem /opt/ros/humble/include/builtin_interfaces -isystem /opt/ros/humble/include/rosidl_runtime_cpp -isystem /opt/ros/humble/include/rosidl_runtime_c -isystem /opt/ros/humble/include/rcutils -isystem /opt/ros/humble/include/rosidl_typesupport_interface -isystem /opt/ros/humble/include/action_msgs -isystem /opt/ros/humble/include/unique_identifier_msgs -isystem /opt/ros/humble/include/rosidl_typesupport_introspection_cpp -isystem /opt/ros/humble/include/rosidl_typesupport_introspection_c -O3 -DNDEBUG -fPIC -Wall -Wextra -Wpedantic -MD -MT CMakeFiles/uc1_robot_controllers_interfaces__rosidl_typesupport_introspection_cpp.dir/rosidl_typesupport_introspection_cpp/uc1_robot_controllers_interfaces/action/detail/move_robot_tp__type_support.cpp.o -MF CMakeFiles/uc1_robot_controllers_interfaces__rosidl_typesupport_introspection_cpp.dir/rosidl_typesupport_introspection_cpp/uc1_robot_controllers_interfaces/action/detail/move_robot_tp__type_support.cpp.o.d -o CMakeFiles/uc1_robot_controllers_interfaces__rosidl_typesupport_introspection_cpp.dir/rosidl_typesupport_introspection_cpp/uc1_robot_controllers_interfaces/action/detail/move_robot_tp__type_support.cpp.o -c /home/maclab/Documents/ROS_WORKSPACES/WS_Master_Thesis/build/uc1_robot_controllers_interfaces/rosidl_typesupport_introspection_cpp/uc1_robot_controllers_interfaces/action/detail/move_robot_tp__type_support.cpp
[1.014s] /usr/bin/c++ -DRCUTILS_ENABLE_FAULT_INJECTION -DROSIDL_TYPESUPPORT_INTROSPECTION_CPP_BUILDING_DLL -DROS_PACKAGE_NAME=\"uc1_robot_controllers_interfaces\" -I/home/maclab/Documents/ROS_WORKSPACES/WS_Master_Thesis/build/uc1_robot_controllers_interfaces/rosidl_typesupport_introspection_cpp -I/home/maclab/Documents/ROS_WORKSPACES/WS_Master_Thesis/build/uc1_robot_controllers_interfaces/rosidl_generator_cpp -isystem /opt/ros/humble/include/geometry_msgs -isystem /opt/ros/humble/include/std_msgs -isystem /opt/ros/humble/include/builtin_interfaces -isystem /opt/ros/humble/include/rosidl_runtime_cpp -isystem /opt/ros/humble/include/rosidl_runtime_c -isystem /opt/ros/humble/include/rcutils -isystem /opt/ros/humble/include/rosidl_typesupport_interface -isystem /opt/ros/humble/include/action_msgs -isystem /opt/ros/humble/include/unique_identifier_msgs -isystem /opt/ros/humble/include/rosidl_typesupport_introspection_cpp -isystem /opt/ros/humble/include/rosidl_typesupport_introspection_c -O3 -DNDEBUG -fPIC -Wall -Wextra -Wpedantic -MD -MT CMakeFiles/uc1_robot_controllers_interfaces__rosidl_typesupport_introspection_cpp.dir/rosidl_typesupport_introspection_cpp/uc1_robot_controllers_interfaces/msg/detail/move_robot_point__type_support.cpp.o -MF CMakeFiles/uc1_robot_controllers_interfaces__rosidl_typesupport_introspection_cpp.dir/rosidl_typesupport_introspection_cpp/uc1_robot_controllers_interfaces/msg/detail/move_robot_point__type_support.cpp.o.d -o CMakeFiles/uc1_robot_controllers_interfaces__rosidl_typesupport_introspection_cpp.dir/rosidl_typesupport_introspection_cpp/uc1_robot_controllers_interfaces/msg/detail/move_robot_point__type_support.cpp.o -c /home/maclab/Documents/ROS_WORKSPACES/WS_Master_Thesis/build/uc1_robot_controllers_interfaces/rosidl_typesupport_introspection_cpp/uc1_robot_controllers_interfaces/msg/detail/move_robot_point__type_support.cpp
[1.188s] running egg_info
[1.188s] writing uc1_robot_controllers_interfaces.egg-info/PKG-INFO
[1.188s] writing dependency_links to uc1_robot_controllers_interfaces.egg-info/dependency_links.txt
[1.188s] writing top-level names to uc1_robot_controllers_interfaces.egg-info/top_level.txt
[1.190s] reading manifest file 'uc1_robot_controllers_interfaces.egg-info/SOURCES.txt'
[1.191s] writing manifest file 'uc1_robot_controllers_interfaces.egg-info/SOURCES.txt'
[1.207s] gmake[2]: Leaving directory '/home/maclab/Documents/ROS_WORKSPACES/WS_Master_Thesis/build/uc1_robot_controllers_interfaces'
[1.213s] [ 33%] Built target ament_cmake_python_build_uc1_robot_controllers_interfaces_egg
[1.310s] [ 35%] [32m[1mLinking CXX shared library libuc1_robot_controllers_interfaces__rosidl_typesupport_cpp.so[0m
[1.310s] /usr/bin/cmake -E cmake_link_script CMakeFiles/uc1_robot_controllers_interfaces__rosidl_typesupport_cpp.dir/link.txt --verbose=1
[1.315s] /usr/bin/c++ -fPIC -O3 -DNDEBUG -shared -Wl,-soname,libuc1_robot_controllers_interfaces__rosidl_typesupport_cpp.so -o libuc1_robot_controllers_interfaces__rosidl_typesupport_cpp.so CMakeFiles/uc1_robot_controllers_interfaces__rosidl_typesupport_cpp.dir/rosidl_typesupport_cpp/uc1_robot_controllers_interfaces/action/move_robot__type_support.cpp.o CMakeFiles/uc1_robot_controllers_interfaces__rosidl_typesupport_cpp.dir/rosidl_typesupport_cpp/uc1_robot_controllers_interfaces/action/move_robot_tp__type_support.cpp.o CMakeFiles/uc1_robot_controllers_interfaces__rosidl_typesupport_cpp.dir/rosidl_typesupport_cpp/uc1_robot_controllers_interfaces/msg/move_robot_point__type_support.cpp.o CMakeFiles/uc1_robot_controllers_interfaces__rosidl_typesupport_cpp.dir/rosidl_typesupport_cpp/uc1_robot_controllers_interfaces/msg/move_robot_orient__type_support.cpp.o CMakeFiles/uc1_robot_controllers_interfaces__rosidl_typesupport_cpp.dir/rosidl_typesupport_cpp/uc1_robot_controllers_interfaces/msg/move_robot_goal__type_support.cpp.o  -Wl,-rpath,/opt/ros/humble/lib: /opt/ros/humble/lib/libgeometry_msgs__rosidl_typesupport_cpp.so /opt/ros/humble/lib/libstd_msgs__rosidl_typesupport_cpp.so /opt/ros/humble/lib/libaction_msgs__rosidl_typesupport_cpp.so /opt/ros/humble/lib/libunique_identifier_msgs__rosidl_typesupport_cpp.so /opt/ros/humble/lib/libbuiltin_interfaces__rosidl_typesupport_cpp.so /opt/ros/humble/lib/librosidl_typesupport_cpp.so /opt/ros/humble/lib/librosidl_typesupport_c.so /opt/ros/humble/lib/librosidl_runtime_c.so /opt/ros/humble/lib/librcutils.so -ldl -Wl,-rpath-link,/opt/ros/humble/lib 
[1.327s] gmake[2]: Leaving directory '/home/maclab/Documents/ROS_WORKSPACES/WS_Master_Thesis/build/uc1_robot_controllers_interfaces'
[1.331s] [ 36%] Built target uc1_robot_controllers_interfaces__rosidl_typesupport_cpp
[1.346s] [ 38%] [32m[1mLinking C shared library libuc1_robot_controllers_interfaces__rosidl_generator_c.so[0m
[1.347s] /usr/bin/cmake -E cmake_link_script CMakeFiles/uc1_robot_controllers_interfaces__rosidl_generator_c.dir/link.txt --verbose=1
[1.351s] /usr/bin/cc -fPIC -O3 -DNDEBUG -shared -Wl,-soname,libuc1_robot_controllers_interfaces__rosidl_generator_c.so -o libuc1_robot_controllers_interfaces__rosidl_generator_c.so CMakeFiles/uc1_robot_controllers_interfaces__rosidl_generator_c.dir/rosidl_generator_c/uc1_robot_controllers_interfaces/action/detail/move_robot__functions.c.o CMakeFiles/uc1_robot_controllers_interfaces__rosidl_generator_c.dir/rosidl_generator_c/uc1_robot_controllers_interfaces/action/detail/move_robot_tp__functions.c.o CMakeFiles/uc1_robot_controllers_interfaces__rosidl_generator_c.dir/rosidl_generator_c/uc1_robot_controllers_interfaces/msg/detail/move_robot_point__functions.c.o CMakeFiles/uc1_robot_controllers_interfaces__rosidl_generator_c.dir/rosidl_generator_c/uc1_robot_controllers_interfaces/msg/detail/move_robot_orient__functions.c.o CMakeFiles/uc1_robot_controllers_interfaces__rosidl_generator_c.dir/rosidl_generator_c/uc1_robot_controllers_interfaces/msg/detail/move_robot_goal__functions.c.o  -Wl,-rpath,/opt/ros/humble/lib: /opt/ros/humble/lib/libgeometry_msgs__rosidl_generator_c.so /opt/ros/humble/lib/libstd_msgs__rosidl_generator_c.so /opt/ros/humble/lib/libaction_msgs__rosidl_generator_c.so /opt/ros/humble/lib/libunique_identifier_msgs__rosidl_generator_c.so /opt/ros/humble/lib/libbuiltin_interfaces__rosidl_generator_c.so /opt/ros/humble/lib/librosidl_runtime_c.so /opt/ros/humble/lib/librcutils.so -ldl 
[1.363s] gmake[2]: Leaving directory '/home/maclab/Documents/ROS_WORKSPACES/WS_Master_Thesis/build/uc1_robot_controllers_interfaces'
[1.368s] [ 40%] Built target uc1_robot_controllers_interfaces__rosidl_generator_c
[1.369s] /usr/bin/gmake  -f CMakeFiles/uc1_robot_controllers_interfaces__rosidl_typesupport_fastrtps_c.dir/build.make CMakeFiles/uc1_robot_controllers_interfaces__rosidl_typesupport_fastrtps_c.dir/depend
[1.369s] /usr/bin/gmake  -f CMakeFiles/uc1_robot_controllers_interfaces__rosidl_typesupport_introspection_c.dir/build.make CMakeFiles/uc1_robot_controllers_interfaces__rosidl_typesupport_introspection_c.dir/depend
[1.369s] /usr/bin/gmake  -f CMakeFiles/uc1_robot_controllers_interfaces__rosidl_typesupport_c.dir/build.make CMakeFiles/uc1_robot_controllers_interfaces__rosidl_typesupport_c.dir/depend
[1.370s] gmake[2]: Entering directory '/home/maclab/Documents/ROS_WORKSPACES/WS_Master_Thesis/build/uc1_robot_controllers_interfaces'
[1.370s] cd /home/maclab/Documents/ROS_WORKSPACES/WS_Master_Thesis/build/uc1_robot_controllers_interfaces && /usr/bin/cmake -E cmake_depends "Unix Makefiles" /home/maclab/Documents/ROS_WORKSPACES/WS_Master_Thesis/src/uc1_robot_controllers_interfaces /home/maclab/Documents/ROS_WORKSPACES/WS_Master_Thesis/src/uc1_robot_controllers_interfaces /home/maclab/Documents/ROS_WORKSPACES/WS_Master_Thesis/build/uc1_robot_controllers_interfaces /home/maclab/Documents/ROS_WORKSPACES/WS_Master_Thesis/build/uc1_robot_controllers_interfaces /home/maclab/Documents/ROS_WORKSPACES/WS_Master_Thesis/build/uc1_robot_controllers_interfaces/CMakeFiles/uc1_robot_controllers_interfaces__rosidl_typesupport_fastrtps_c.dir/DependInfo.cmake --color=
[1.370s] gmake[2]: Entering directory '/home/maclab/Documents/ROS_WORKSPACES/WS_Master_Thesis/build/uc1_robot_controllers_interfaces'
[1.370s] cd /home/maclab/Documents/ROS_WORKSPACES/WS_Master_Thesis/build/uc1_robot_controllers_interfaces && /usr/bin/cmake -E cmake_depends "Unix Makefiles" /home/maclab/Documents/ROS_WORKSPACES/WS_Master_Thesis/src/uc1_robot_controllers_interfaces /home/maclab/Documents/ROS_WORKSPACES/WS_Master_Thesis/src/uc1_robot_controllers_interfaces /home/maclab/Documents/ROS_WORKSPACES/WS_Master_Thesis/build/uc1_robot_controllers_interfaces /home/maclab/Documents/ROS_WORKSPACES/WS_Master_Thesis/build/uc1_robot_controllers_interfaces /home/maclab/Documents/ROS_WORKSPACES/WS_Master_Thesis/build/uc1_robot_controllers_interfaces/CMakeFiles/uc1_robot_controllers_interfaces__rosidl_typesupport_introspection_c.dir/DependInfo.cmake --color=
[1.370s] gmake[2]: Entering directory '/home/maclab/Documents/ROS_WORKSPACES/WS_Master_Thesis/build/uc1_robot_controllers_interfaces'
[1.370s] cd /home/maclab/Documents/ROS_WORKSPACES/WS_Master_Thesis/build/uc1_robot_controllers_interfaces && /usr/bin/cmake -E cmake_depends "Unix Makefiles" /home/maclab/Documents/ROS_WORKSPACES/WS_Master_Thesis/src/uc1_robot_controllers_interfaces /home/maclab/Documents/ROS_WORKSPACES/WS_Master_Thesis/src/uc1_robot_controllers_interfaces /home/maclab/Documents/ROS_WORKSPACES/WS_Master_Thesis/build/uc1_robot_controllers_interfaces /home/maclab/Documents/ROS_WORKSPACES/WS_Master_Thesis/build/uc1_robot_controllers_interfaces /home/maclab/Documents/ROS_WORKSPACES/WS_Master_Thesis/build/uc1_robot_controllers_interfaces/CMakeFiles/uc1_robot_controllers_interfaces__rosidl_typesupport_c.dir/DependInfo.cmake --color=
[1.375s] Dependencies file "CMakeFiles/uc1_robot_controllers_interfaces__rosidl_typesupport_fastrtps_c.dir/rosidl_typesupport_fastrtps_c/uc1_robot_controllers_interfaces/action/detail/move_robot__type_support_c.cpp.o.d" is newer than depends file "/home/maclab/Documents/ROS_WORKSPACES/WS_Master_Thesis/build/uc1_robot_controllers_interfaces/CMakeFiles/uc1_robot_controllers_interfaces__rosidl_typesupport_fastrtps_c.dir/compiler_depend.internal".
[1.375s] Dependencies file "CMakeFiles/uc1_robot_controllers_interfaces__rosidl_typesupport_fastrtps_c.dir/rosidl_typesupport_fastrtps_c/uc1_robot_controllers_interfaces/action/detail/move_robot_tp__type_support_c.cpp.o.d" is newer than depends file "/home/maclab/Documents/ROS_WORKSPACES/WS_Master_Thesis/build/uc1_robot_controllers_interfaces/CMakeFiles/uc1_robot_controllers_interfaces__rosidl_typesupport_fastrtps_c.dir/compiler_depend.internal".
[1.375s] Dependencies file "CMakeFiles/uc1_robot_controllers_interfaces__rosidl_typesupport_fastrtps_c.dir/rosidl_typesupport_fastrtps_c/uc1_robot_controllers_interfaces/msg/detail/move_robot_goal__type_support_c.cpp.o.d" is newer than depends file "/home/maclab/Documents/ROS_WORKSPACES/WS_Master_Thesis/build/uc1_robot_controllers_interfaces/CMakeFiles/uc1_robot_controllers_interfaces__rosidl_typesupport_fastrtps_c.dir/compiler_depend.internal".
[1.375s] Dependencies file "CMakeFiles/uc1_robot_controllers_interfaces__rosidl_typesupport_c.dir/rosidl_typesupport_c/uc1_robot_controllers_interfaces/action/move_robot__type_support.cpp.o.d" is newer than depends file "/home/maclab/Documents/ROS_WORKSPACES/WS_Master_Thesis/build/uc1_robot_controllers_interfaces/CMakeFiles/uc1_robot_controllers_interfaces__rosidl_typesupport_c.dir/compiler_depend.internal".
[1.375s] Dependencies file "CMakeFiles/uc1_robot_controllers_interfaces__rosidl_typesupport_fastrtps_c.dir/rosidl_typesupport_fastrtps_c/uc1_robot_controllers_interfaces/msg/detail/move_robot_orient__type_support_c.cpp.o.d" is newer than depends file "/home/maclab/Documents/ROS_WORKSPACES/WS_Master_Thesis/build/uc1_robot_controllers_interfaces/CMakeFiles/uc1_robot_controllers_interfaces__rosidl_typesupport_fastrtps_c.dir/compiler_depend.internal".
[1.375s] Dependencies file "CMakeFiles/uc1_robot_controllers_interfaces__rosidl_typesupport_introspection_c.dir/rosidl_typesupport_introspection_c/uc1_robot_controllers_interfaces/action/detail/move_robot__type_support.c.o.d" is newer than depends file "/home/maclab/Documents/ROS_WORKSPACES/WS_Master_Thesis/build/uc1_robot_controllers_interfaces/CMakeFiles/uc1_robot_controllers_interfaces__rosidl_typesupport_introspection_c.dir/compiler_depend.internal".
[1.375s] Dependencies file "CMakeFiles/uc1_robot_controllers_interfaces__rosidl_typesupport_c.dir/rosidl_typesupport_c/uc1_robot_controllers_interfaces/action/move_robot_tp__type_support.cpp.o.d" is newer than depends file "/home/maclab/Documents/ROS_WORKSPACES/WS_Master_Thesis/build/uc1_robot_controllers_interfaces/CMakeFiles/uc1_robot_controllers_interfaces__rosidl_typesupport_c.dir/compiler_depend.internal".
[1.375s] Dependencies file "CMakeFiles/uc1_robot_controllers_interfaces__rosidl_typesupport_fastrtps_c.dir/rosidl_typesupport_fastrtps_c/uc1_robot_controllers_interfaces/msg/detail/move_robot_point__type_support_c.cpp.o.d" is newer than depends file "/home/maclab/Documents/ROS_WORKSPACES/WS_Master_Thesis/build/uc1_robot_controllers_interfaces/CMakeFiles/uc1_robot_controllers_interfaces__rosidl_typesupport_fastrtps_c.dir/compiler_depend.internal".
[1.376s] Dependencies file "CMakeFiles/uc1_robot_controllers_interfaces__rosidl_typesupport_introspection_c.dir/rosidl_typesupport_introspection_c/uc1_robot_controllers_interfaces/action/detail/move_robot_tp__type_support.c.o.d" is newer than depends file "/home/maclab/Documents/ROS_WORKSPACES/WS_Master_Thesis/build/uc1_robot_controllers_interfaces/CMakeFiles/uc1_robot_controllers_interfaces__rosidl_typesupport_introspection_c.dir/compiler_depend.internal".
[1.376s] Dependencies file "CMakeFiles/uc1_robot_controllers_interfaces__rosidl_typesupport_c.dir/rosidl_typesupport_c/uc1_robot_controllers_interfaces/msg/move_robot_goal__type_support.cpp.o.d" is newer than depends file "/home/maclab/Documents/ROS_WORKSPACES/WS_Master_Thesis/build/uc1_robot_controllers_interfaces/CMakeFiles/uc1_robot_controllers_interfaces__rosidl_typesupport_c.dir/compiler_depend.internal".
[1.376s] [35m[1mConsolidate compiler generated dependencies of target uc1_robot_controllers_interfaces__rosidl_typesupport_fastrtps_c[0m
[1.376s] Dependencies file "CMakeFiles/uc1_robot_controllers_interfaces__rosidl_typesupport_c.dir/rosidl_typesupport_c/uc1_robot_controllers_interfaces/msg/move_robot_orient__type_support.cpp.o.d" is newer than depends file "/home/maclab/Documents/ROS_WORKSPACES/WS_Master_Thesis/build/uc1_robot_controllers_interfaces/CMakeFiles/uc1_robot_controllers_interfaces__rosidl_typesupport_c.dir/compiler_depend.internal".
[1.376s] Dependencies file "CMakeFiles/uc1_robot_controllers_interfaces__rosidl_typesupport_introspection_c.dir/rosidl_typesupport_introspection_c/uc1_robot_controllers_interfaces/msg/detail/move_robot_goal__type_support.c.o.d" is newer than depends file "/home/maclab/Documents/ROS_WORKSPACES/WS_Master_Thesis/build/uc1_robot_controllers_interfaces/CMakeFiles/uc1_robot_controllers_interfaces__rosidl_typesupport_introspection_c.dir/compiler_depend.internal".
[1.376s] Dependencies file "CMakeFiles/uc1_robot_controllers_interfaces__rosidl_typesupport_c.dir/rosidl_typesupport_c/uc1_robot_controllers_interfaces/msg/move_robot_point__type_support.cpp.o.d" is newer than depends file "/home/maclab/Documents/ROS_WORKSPACES/WS_Master_Thesis/build/uc1_robot_controllers_interfaces/CMakeFiles/uc1_robot_controllers_interfaces__rosidl_typesupport_c.dir/compiler_depend.internal".
[1.376s] [35m[1mConsolidate compiler generated dependencies of target uc1_robot_controllers_interfaces__rosidl_typesupport_c[0m
[1.376s] Dependencies file "CMakeFiles/uc1_robot_controllers_interfaces__rosidl_typesupport_introspection_c.dir/rosidl_typesupport_introspection_c/uc1_robot_controllers_interfaces/msg/detail/move_robot_orient__type_support.c.o.d" is newer than depends file "/home/maclab/Documents/ROS_WORKSPACES/WS_Master_Thesis/build/uc1_robot_controllers_interfaces/CMakeFiles/uc1_robot_controllers_interfaces__rosidl_typesupport_introspection_c.dir/compiler_depend.internal".
[1.376s] Dependencies file "CMakeFiles/uc1_robot_controllers_interfaces__rosidl_typesupport_introspection_c.dir/rosidl_typesupport_introspection_c/uc1_robot_controllers_interfaces/msg/detail/move_robot_point__type_support.c.o.d" is newer than depends file "/home/maclab/Documents/ROS_WORKSPACES/WS_Master_Thesis/build/uc1_robot_controllers_interfaces/CMakeFiles/uc1_robot_controllers_interfaces__rosidl_typesupport_introspection_c.dir/compiler_depend.internal".
[1.376s] [35m[1mConsolidate compiler generated dependencies of target uc1_robot_controllers_interfaces__rosidl_typesupport_introspection_c[0m
[1.376s] gmake[2]: Leaving directory '/home/maclab/Documents/ROS_WORKSPACES/WS_Master_Thesis/build/uc1_robot_controllers_interfaces'
[1.376s] /usr/bin/gmake  -f CMakeFiles/uc1_robot_controllers_interfaces__rosidl_typesupport_introspection_c.dir/build.make CMakeFiles/uc1_robot_controllers_interfaces__rosidl_typesupport_introspection_c.dir/build
[1.376s] gmake[2]: Leaving directory '/home/maclab/Documents/ROS_WORKSPACES/WS_Master_Thesis/build/uc1_robot_controllers_interfaces'
[1.377s] /usr/bin/gmake  -f CMakeFiles/uc1_robot_controllers_interfaces__rosidl_typesupport_c.dir/build.make CMakeFiles/uc1_robot_controllers_interfaces__rosidl_typesupport_c.dir/build
[1.377s] gmake[2]: Leaving directory '/home/maclab/Documents/ROS_WORKSPACES/WS_Master_Thesis/build/uc1_robot_controllers_interfaces'
[1.377s] /usr/bin/gmake  -f CMakeFiles/uc1_robot_controllers_interfaces__rosidl_typesupport_fastrtps_c.dir/build.make CMakeFiles/uc1_robot_controllers_interfaces__rosidl_typesupport_fastrtps_c.dir/build
[1.378s] [ 41%] [32m[1mLinking CXX shared library libuc1_robot_controllers_interfaces__rosidl_typesupport_introspection_cpp.so[0m
[1.378s] gmake[2]: Entering directory '/home/maclab/Documents/ROS_WORKSPACES/WS_Master_Thesis/build/uc1_robot_controllers_interfaces'
[1.378s] gmake[2]: Entering directory '/home/maclab/Documents/ROS_WORKSPACES/WS_Master_Thesis/build/uc1_robot_controllers_interfaces'
[1.378s] /usr/bin/cmake -E cmake_link_script CMakeFiles/uc1_robot_controllers_interfaces__rosidl_typesupport_introspection_cpp.dir/link.txt --verbose=1
[1.380s] gmake[2]: Entering directory '/home/maclab/Documents/ROS_WORKSPACES/WS_Master_Thesis/build/uc1_robot_controllers_interfaces'
[1.382s] [ 43%] [32mBuilding C object CMakeFiles/uc1_robot_controllers_interfaces__rosidl_typesupport_introspection_c.dir/rosidl_typesupport_introspection_c/uc1_robot_controllers_interfaces/action/detail/move_robot_tp__type_support.c.o[0m
[1.382s] [ 44%] [32mBuilding CXX object CMakeFiles/uc1_robot_controllers_interfaces__rosidl_typesupport_c.dir/rosidl_typesupport_c/uc1_robot_controllers_interfaces/msg/move_robot_orient__type_support.cpp.o[0m
[1.382s] [ 46%] [32mBuilding C object CMakeFiles/uc1_robot_controllers_interfaces__rosidl_typesupport_introspection_c.dir/rosidl_typesupport_introspection_c/uc1_robot_controllers_interfaces/msg/detail/move_robot_orient__type_support.c.o[0m
[1.382s] [ 47%] [32mBuilding C object CMakeFiles/uc1_robot_controllers_interfaces__rosidl_typesupport_introspection_c.dir/rosidl_typesupport_introspection_c/uc1_robot_controllers_interfaces/msg/detail/move_robot_goal__type_support.c.o[0m
[1.382s] /usr/bin/cc -DRCUTILS_ENABLE_FAULT_INJECTION -DROSIDL_TYPESUPPORT_INTROSPECTION_C_BUILDING_DLL_uc1_robot_controllers_interfaces -DROS_PACKAGE_NAME=\"uc1_robot_controllers_interfaces\" -I/home/maclab/Documents/ROS_WORKSPACES/WS_Master_Thesis/build/uc1_robot_controllers_interfaces/rosidl_typesupport_introspection_c -I/home/maclab/Documents/ROS_WORKSPACES/WS_Master_Thesis/build/uc1_robot_controllers_interfaces/rosidl_generator_c -isystem /opt/ros/humble/include/geometry_msgs -isystem /opt/ros/humble/include/std_msgs -isystem /opt/ros/humble/include/builtin_interfaces -isystem /opt/ros/humble/include/rosidl_runtime_c -isystem /opt/ros/humble/include/rcutils -isystem /opt/ros/humble/include/rosidl_typesupport_interface -isystem /opt/ros/humble/include/action_msgs -isystem /opt/ros/humble/include/unique_identifier_msgs -isystem /opt/ros/humble/include/rosidl_typesupport_introspection_c -O3 -DNDEBUG -fPIC -Wall -std=gnu11 -MD -MT CMakeFiles/uc1_robot_controllers_interfaces__rosidl_typesupport_introspection_c.dir/rosidl_typesupport_introspection_c/uc1_robot_controllers_interfaces/action/detail/move_robot_tp__type_support.c.o -MF CMakeFiles/uc1_robot_controllers_interfaces__rosidl_typesupport_introspection_c.dir/rosidl_typesupport_introspection_c/uc1_robot_controllers_interfaces/action/detail/move_robot_tp__type_support.c.o.d -o CMakeFiles/uc1_robot_controllers_interfaces__rosidl_typesupport_introspection_c.dir/rosidl_typesupport_introspection_c/uc1_robot_controllers_interfaces/action/detail/move_robot_tp__type_support.c.o -c /home/maclab/Documents/ROS_WORKSPACES/WS_Master_Thesis/build/uc1_robot_controllers_interfaces/rosidl_typesupport_introspection_c/uc1_robot_controllers_interfaces/action/detail/move_robot_tp__type_support.c
[1.382s] /usr/bin/c++ -DRCUTILS_ENABLE_FAULT_INJECTION -DROSIDL_GENERATOR_C_BUILDING_DLL_uc1_robot_controllers_interfaces -DROS_PACKAGE_NAME=\"uc1_robot_controllers_interfaces\" -I/home/maclab/Documents/ROS_WORKSPACES/WS_Master_Thesis/build/uc1_robot_controllers_interfaces/rosidl_generator_c -isystem /opt/ros/humble/include/geometry_msgs -isystem /opt/ros/humble/include/std_msgs -isystem /opt/ros/humble/include/builtin_interfaces -isystem /opt/ros/humble/include/rosidl_runtime_c -isystem /opt/ros/humble/include/rcutils -isystem /opt/ros/humble/include/rosidl_typesupport_interface -isystem /opt/ros/humble/include/action_msgs -isystem /opt/ros/humble/include/unique_identifier_msgs -isystem /opt/ros/humble/include/rosidl_typesupport_c -O3 -DNDEBUG -fPIC -Wall -std=gnu++14 -MD -MT CMakeFiles/uc1_robot_controllers_interfaces__rosidl_typesupport_c.dir/rosidl_typesupport_c/uc1_robot_controllers_interfaces/msg/move_robot_orient__type_support.cpp.o -MF CMakeFiles/uc1_robot_controllers_interfaces__rosidl_typesupport_c.dir/rosidl_typesupport_c/uc1_robot_controllers_interfaces/msg/move_robot_orient__type_support.cpp.o.d -o CMakeFiles/uc1_robot_controllers_interfaces__rosidl_typesupport_c.dir/rosidl_typesupport_c/uc1_robot_controllers_interfaces/msg/move_robot_orient__type_support.cpp.o -c /home/maclab/Documents/ROS_WORKSPACES/WS_Master_Thesis/build/uc1_robot_controllers_interfaces/rosidl_typesupport_c/uc1_robot_controllers_interfaces/msg/move_robot_orient__type_support.cpp
[1.383s] /usr/bin/cc -DRCUTILS_ENABLE_FAULT_INJECTION -DROSIDL_TYPESUPPORT_INTROSPECTION_C_BUILDING_DLL_uc1_robot_controllers_interfaces -DROS_PACKAGE_NAME=\"uc1_robot_controllers_interfaces\" -I/home/maclab/Documents/ROS_WORKSPACES/WS_Master_Thesis/build/uc1_robot_controllers_interfaces/rosidl_typesupport_introspection_c -I/home/maclab/Documents/ROS_WORKSPACES/WS_Master_Thesis/build/uc1_robot_controllers_interfaces/rosidl_generator_c -isystem /opt/ros/humble/include/geometry_msgs -isystem /opt/ros/humble/include/std_msgs -isystem /opt/ros/humble/include/builtin_interfaces -isystem /opt/ros/humble/include/rosidl_runtime_c -isystem /opt/ros/humble/include/rcutils -isystem /opt/ros/humble/include/rosidl_typesupport_interface -isystem /opt/ros/humble/include/action_msgs -isystem /opt/ros/humble/include/unique_identifier_msgs -isystem /opt/ros/humble/include/rosidl_typesupport_introspection_c -O3 -DNDEBUG -fPIC -Wall -std=gnu11 -MD -MT CMakeFiles/uc1_robot_controllers_interfaces__rosidl_typesupport_introspection_c.dir/rosidl_typesupport_introspection_c/uc1_robot_controllers_interfaces/msg/detail/move_robot_orient__type_support.c.o -MF CMakeFiles/uc1_robot_controllers_interfaces__rosidl_typesupport_introspection_c.dir/rosidl_typesupport_introspection_c/uc1_robot_controllers_interfaces/msg/detail/move_robot_orient__type_support.c.o.d -o CMakeFiles/uc1_robot_controllers_interfaces__rosidl_typesupport_introspection_c.dir/rosidl_typesupport_introspection_c/uc1_robot_controllers_interfaces/msg/detail/move_robot_orient__type_support.c.o -c /home/maclab/Documents/ROS_WORKSPACES/WS_Master_Thesis/build/uc1_robot_controllers_interfaces/rosidl_typesupport_introspection_c/uc1_robot_controllers_interfaces/msg/detail/move_robot_orient__type_support.c
[1.383s] /usr/bin/cc -DRCUTILS_ENABLE_FAULT_INJECTION -DROSIDL_TYPESUPPORT_INTROSPECTION_C_BUILDING_DLL_uc1_robot_controllers_interfaces -DROS_PACKAGE_NAME=\"uc1_robot_controllers_interfaces\" -I/home/maclab/Documents/ROS_WORKSPACES/WS_Master_Thesis/build/uc1_robot_controllers_interfaces/rosidl_typesupport_introspection_c -I/home/maclab/Documents/ROS_WORKSPACES/WS_Master_Thesis/build/uc1_robot_controllers_interfaces/rosidl_generator_c -isystem /opt/ros/humble/include/geometry_msgs -isystem /opt/ros/humble/include/std_msgs -isystem /opt/ros/humble/include/builtin_interfaces -isystem /opt/ros/humble/include/rosidl_runtime_c -isystem /opt/ros/humble/include/rcutils -isystem /opt/ros/humble/include/rosidl_typesupport_interface -isystem /opt/ros/humble/include/action_msgs -isystem /opt/ros/humble/include/unique_identifier_msgs -isystem /opt/ros/humble/include/rosidl_typesupport_introspection_c -O3 -DNDEBUG -fPIC -Wall -std=gnu11 -MD -MT CMakeFiles/uc1_robot_controllers_interfaces__rosidl_typesupport_introspection_c.dir/rosidl_typesupport_introspection_c/uc1_robot_controllers_interfaces/msg/detail/move_robot_goal__type_support.c.o -MF CMakeFiles/uc1_robot_controllers_interfaces__rosidl_typesupport_introspection_c.dir/rosidl_typesupport_introspection_c/uc1_robot_controllers_interfaces/msg/detail/move_robot_goal__type_support.c.o.d -o CMakeFiles/uc1_robot_controllers_interfaces__rosidl_typesupport_introspection_c.dir/rosidl_typesupport_introspection_c/uc1_robot_controllers_interfaces/msg/detail/move_robot_goal__type_support.c.o -c /home/maclab/Documents/ROS_WORKSPACES/WS_Master_Thesis/build/uc1_robot_controllers_interfaces/rosidl_typesupport_introspection_c/uc1_robot_controllers_interfaces/msg/detail/move_robot_goal__type_support.c
[1.383s] /usr/bin/c++ -fPIC -O3 -DNDEBUG -shared -Wl,-soname,libuc1_robot_controllers_interfaces__rosidl_typesupport_introspection_cpp.so -o libuc1_robot_controllers_interfaces__rosidl_typesupport_introspection_cpp.so CMakeFiles/uc1_robot_controllers_interfaces__rosidl_typesupport_introspection_cpp.dir/rosidl_typesupport_introspection_cpp/uc1_robot_controllers_interfaces/action/detail/move_robot__type_support.cpp.o CMakeFiles/uc1_robot_controllers_interfaces__rosidl_typesupport_introspection_cpp.dir/rosidl_typesupport_introspection_cpp/uc1_robot_controllers_interfaces/action/detail/move_robot_tp__type_support.cpp.o CMakeFiles/uc1_robot_controllers_interfaces__rosidl_typesupport_introspection_cpp.dir/rosidl_typesupport_introspection_cpp/uc1_robot_controllers_interfaces/msg/detail/move_robot_point__type_support.cpp.o CMakeFiles/uc1_robot_controllers_interfaces__rosidl_typesupport_introspection_cpp.dir/rosidl_typesupport_introspection_cpp/uc1_robot_controllers_interfaces/msg/detail/move_robot_orient__type_support.cpp.o CMakeFiles/uc1_robot_controllers_interfaces__rosidl_typesupport_introspection_cpp.dir/rosidl_typesupport_introspection_cpp/uc1_robot_controllers_interfaces/msg/detail/move_robot_goal__type_support.cpp.o  -Wl,-rpath,/opt/ros/humble/lib: /opt/ros/humble/lib/libgeometry_msgs__rosidl_typesupport_introspection_cpp.so /opt/ros/humble/lib/libstd_msgs__rosidl_typesupport_introspection_cpp.so /opt/ros/humble/lib/libaction_msgs__rosidl_typesupport_introspection_cpp.so /opt/ros/humble/lib/libunique_identifier_msgs__rosidl_typesupport_introspection_cpp.so /opt/ros/humble/lib/libbuiltin_interfaces__rosidl_typesupport_introspection_cpp.so /opt/ros/humble/lib/librosidl_typesupport_introspection_cpp.so /opt/ros/humble/lib/librosidl_typesupport_introspection_c.so /opt/ros/humble/lib/librosidl_runtime_c.so /opt/ros/humble/lib/librcutils.so -ldl 
[1.383s] [ 49%] [32mBuilding CXX object CMakeFiles/uc1_robot_controllers_interfaces__rosidl_typesupport_fastrtps_c.dir/rosidl_typesupport_fastrtps_c/uc1_robot_controllers_interfaces/action/detail/move_robot__type_support_c.cpp.o[0m
[1.383s] [ 52%] [32mBuilding C object CMakeFiles/uc1_robot_controllers_interfaces__rosidl_typesupport_introspection_c.dir/rosidl_typesupport_introspection_c/uc1_robot_controllers_interfaces/action/detail/move_robot__type_support.c.o[0m
[1.383s] [ 53%] [32mBuilding CXX object CMakeFiles/uc1_robot_controllers_interfaces__rosidl_typesupport_c.dir/rosidl_typesupport_c/uc1_robot_controllers_interfaces/msg/move_robot_point__type_support.cpp.o[0m
[1.383s] [ 53%] [32mBuilding CXX object CMakeFiles/uc1_robot_controllers_interfaces__rosidl_typesupport_c.dir/rosidl_typesupport_c/uc1_robot_controllers_interfaces/action/move_robot__type_support.cpp.o[0m
[1.383s] [ 55%] [32mBuilding CXX object CMakeFiles/uc1_robot_controllers_interfaces__rosidl_typesupport_c.dir/rosidl_typesupport_c/uc1_robot_controllers_interfaces/action/move_robot_tp__type_support.cpp.o[0m
[1.383s] /usr/bin/c++ -DRCUTILS_ENABLE_FAULT_INJECTION -DROSIDL_TYPESUPPORT_FASTRTPS_C_BUILDING_DLL_uc1_robot_controllers_interfaces -DROS_PACKAGE_NAME=\"uc1_robot_controllers_interfaces\" -I/home/maclab/Documents/ROS_WORKSPACES/WS_Master_Thesis/build/uc1_robot_controllers_interfaces/rosidl_typesupport_fastrtps_c -I/home/maclab/Documents/ROS_WORKSPACES/WS_Master_Thesis/build/uc1_robot_controllers_interfaces/rosidl_generator_c -isystem /opt/ros/humble/include/fastcdr -isystem /opt/ros/humble/include/rosidl_runtime_c -isystem /opt/ros/humble/include/rcutils -isystem /opt/ros/humble/include/rosidl_typesupport_interface -isystem /opt/ros/humble/include/rosidl_runtime_cpp -isystem /opt/ros/humble/include/rosidl_typesupport_fastrtps_cpp -isystem /opt/ros/humble/include/rmw -isystem /opt/ros/humble/include/rosidl_typesupport_fastrtps_c -isystem /opt/ros/humble/include/geometry_msgs -isystem /opt/ros/humble/include/std_msgs -isystem /opt/ros/humble/include/builtin_interfaces -isystem /opt/ros/humble/include/action_msgs -isystem /opt/ros/humble/include/unique_identifier_msgs -O3 -DNDEBUG -fPIC -Wall -Wextra -Wpedantic -std=gnu++14 -MD -MT CMakeFiles/uc1_robot_controllers_interfaces__rosidl_typesupport_fastrtps_c.dir/rosidl_typesupport_fastrtps_c/uc1_robot_controllers_interfaces/action/detail/move_robot__type_support_c.cpp.o -MF CMakeFiles/uc1_robot_controllers_interfaces__rosidl_typesupport_fastrtps_c.dir/rosidl_typesupport_fastrtps_c/uc1_robot_controllers_interfaces/action/detail/move_robot__type_support_c.cpp.o.d -o CMakeFiles/uc1_robot_controllers_interfaces__rosidl_typesupport_fastrtps_c.dir/rosidl_typesupport_fastrtps_c/uc1_robot_controllers_interfaces/action/detail/move_robot__type_support_c.cpp.o -c /home/maclab/Documents/ROS_WORKSPACES/WS_Master_Thesis/build/uc1_robot_controllers_interfaces/rosidl_typesupport_fastrtps_c/uc1_robot_controllers_interfaces/action/detail/move_robot__type_support_c.cpp
[1.383s] [ 56%] [32mBuilding C object CMakeFiles/uc1_robot_controllers_interfaces__rosidl_typesupport_introspection_c.dir/rosidl_typesupport_introspection_c/uc1_robot_controllers_interfaces/msg/detail/move_robot_point__type_support.c.o[0m
[1.384s] /usr/bin/cc -DRCUTILS_ENABLE_FAULT_INJECTION -DROSIDL_TYPESUPPORT_INTROSPECTION_C_BUILDING_DLL_uc1_robot_controllers_interfaces -DROS_PACKAGE_NAME=\"uc1_robot_controllers_interfaces\" -I/home/maclab/Documents/ROS_WORKSPACES/WS_Master_Thesis/build/uc1_robot_controllers_interfaces/rosidl_typesupport_introspection_c -I/home/maclab/Documents/ROS_WORKSPACES/WS_Master_Thesis/build/uc1_robot_controllers_interfaces/rosidl_generator_c -isystem /opt/ros/humble/include/geometry_msgs -isystem /opt/ros/humble/include/std_msgs -isystem /opt/ros/humble/include/builtin_interfaces -isystem /opt/ros/humble/include/rosidl_runtime_c -isystem /opt/ros/humble/include/rcutils -isystem /opt/ros/humble/include/rosidl_typesupport_interface -isystem /opt/ros/humble/include/action_msgs -isystem /opt/ros/humble/include/unique_identifier_msgs -isystem /opt/ros/humble/include/rosidl_typesupport_introspection_c -O3 -DNDEBUG -fPIC -Wall -std=gnu11 -MD -MT CMakeFiles/uc1_robot_controllers_interfaces__rosidl_typesupport_introspection_c.dir/rosidl_typesupport_introspection_c/uc1_robot_controllers_interfaces/action/detail/move_robot__type_support.c.o -MF CMakeFiles/uc1_robot_controllers_interfaces__rosidl_typesupport_introspection_c.dir/rosidl_typesupport_introspection_c/uc1_robot_controllers_interfaces/action/detail/move_robot__type_support.c.o.d -o CMakeFiles/uc1_robot_controllers_interfaces__rosidl_typesupport_introspection_c.dir/rosidl_typesupport_introspection_c/uc1_robot_controllers_interfaces/action/detail/move_robot__type_support.c.o -c /home/maclab/Documents/ROS_WORKSPACES/WS_Master_Thesis/build/uc1_robot_controllers_interfaces/rosidl_typesupport_introspection_c/uc1_robot_controllers_interfaces/action/detail/move_robot__type_support.c
[1.384s] /usr/bin/c++ -DRCUTILS_ENABLE_FAULT_INJECTION -DROSIDL_GENERATOR_C_BUILDING_DLL_uc1_robot_controllers_interfaces -DROS_PACKAGE_NAME=\"uc1_robot_controllers_interfaces\" -I/home/maclab/Documents/ROS_WORKSPACES/WS_Master_Thesis/build/uc1_robot_controllers_interfaces/rosidl_generator_c -isystem /opt/ros/humble/include/geometry_msgs -isystem /opt/ros/humble/include/std_msgs -isystem /opt/ros/humble/include/builtin_interfaces -isystem /opt/ros/humble/include/rosidl_runtime_c -isystem /opt/ros/humble/include/rcutils -isystem /opt/ros/humble/include/rosidl_typesupport_interface -isystem /opt/ros/humble/include/action_msgs -isystem /opt/ros/humble/include/unique_identifier_msgs -isystem /opt/ros/humble/include/rosidl_typesupport_c -O3 -DNDEBUG -fPIC -Wall -std=gnu++14 -MD -MT CMakeFiles/uc1_robot_controllers_interfaces__rosidl_typesupport_c.dir/rosidl_typesupport_c/uc1_robot_controllers_interfaces/msg/move_robot_point__type_support.cpp.o -MF CMakeFiles/uc1_robot_controllers_interfaces__rosidl_typesupport_c.dir/rosidl[ 58%] [32mBuilding CXX object CMakeFiles/uc1_robot_controllers_interfaces__rosidl_typesupport_c.dir/rosidl_typesupport_c/uc1_robot_controllers_interfaces/msg/move_robot_goal__type_support.cpp.o[0m
[1.384s] _typesupport_c/uc1_robot_controllers_interfaces/msg/move_robot_point__type_support.cpp.o.d -o CMakeFiles/uc1_robot_controllers_interfaces__rosidl_typesupport_c.dir/rosidl_typesupport_c/uc1_robot_controllers_interfaces/msg/move_robot_point__type_support.cpp.o -c /home/maclab/Documents/ROS_WORKSPACES/WS_Master_Thesis/build/uc1_robot_controllers_interfaces/rosidl_typesupport_c/uc1_robot_controllers_interfaces/msg/move_robot_point__type_support.cpp
[1.384s] /usr/bin/c++ -DRCUTILS_ENABLE_FAULT_INJECTION -DROSIDL_GENERATOR_C_BUILDING_DLL_uc1_robot_controllers_interfaces -DROS_PACKAGE_NAME=\"uc1_robot_controllers_interfaces\" -I/home/maclab/Documents/ROS_WORKSPACES/WS_Master_Thesis/build/uc1_robot_controllers_interfaces/rosidl_generator_c -isystem /opt/ros/humble/include/geometry_msgs -isystem /opt/ros/humble/include/std_msgs -isystem /opt/ros/humble/include/builtin_interfaces -isystem /opt/ros/humble/include/rosidl_runtime_c -isystem /opt/ros/humble/include/rcutils -isystem /opt/ros/humble/include/rosidl_typesupport_interface -isystem /opt/ros/humble/include/action_msgs -isystem /opt/ros/humble/include/unique_identifier_msgs -isystem /opt/ros/humble/include/rosidl_typesupport_c -O3 -DNDEBUG -fPIC -Wall -std=gnu++14 -MD -MT CMakeFiles/uc1_robot_controllers_interfaces__rosidl_typesupport_c.dir/rosidl_typesupport_c/uc1_robot_controllers_interfaces/action/move_robot__type_support.cpp.o -MF CMakeFiles/uc1_robot_controllers_interfaces__rosidl_typesupport_c.dir/rosidl_typesupport_c/uc1_robot_controllers_interfaces/action/move_robot__type_support.cpp.o.d -o CMakeFiles/uc1_robot_controllers_interfaces__rosidl_typesupport_c.dir/rosidl_typesupport_c/uc1_robot_controllers_interfaces/action/move_robot__type_support.cpp.o -c /home/maclab/Documents/ROS_WORKSPACES/WS_Master_Thesis/build/uc1_robot_controllers_interfaces/rosidl_typesupport_c/uc1_robot_controllers_interfaces/action/move_robot__type_support.cpp
[1.384s] /usr/bin/cc -DRCUTILS_ENABLE_FAULT_INJECTION -DROSIDL_TYPESUPPORT_INTROSPECTION_C_BUILDING_DLL_uc1_robot_controllers_interfaces -DROS_PACKAGE_NAME=\"uc1_robot_controllers_interfaces\" -I/home/maclab/Documents/ROS_WORKSPACES/WS_Master_Thesis/build/uc1_robot_controllers_interfaces/rosidl_typesupport_introspection_c -I/home/maclab/Documents/ROS_WORKSPACES/WS_Master_Thesis/build/uc1_robot_controllers_interfaces/rosidl_generator_c -isystem /opt/ros/humble/include/geometry_msgs -isystem /opt/ros/humble/include/std_msgs -isystem /opt/ros/humble/include/builtin_interfaces -isystem /opt/ros/humble/include/rosidl_runtime_c -isystem /opt/ros/humble/include/rcutils -isystem /opt/ros/humble/include/rosidl_typesupport_interface -isystem /opt/ros/humble/include/action_msgs -isystem /opt/ros/humble/include/unique_identifier_msgs -isystem /opt/ros/humble/include/rosidl_typesupport_introspection_c -O3 -DNDEBUG -fPIC -Wall -std=gnu11 -MD -MT CMakeFiles/uc1_robot_controllers_interfaces__rosidl_typesupport_introspection_c.dir/rosidl_typesupport_introspection_c/uc1_robot_controllers_interfaces/msg/detail/move_robot_point__type_support.c.o -MF CMakeFiles/uc1_robot_controllers_interfaces__rosidl_typesupport_introspection_c.dir/rosidl_typesupport_introspection_c/uc1_robot_controllers_interfaces/msg/detail/move_robot_point__type_support.c.o.d -o CMakeFiles/uc1_robot_controllers_interfaces__rosidl_typesupport_introspection_c.dir/rosidl_typesupport_introspection_c/uc1_robot_controllers_interfaces/msg/detail/move_robot_point__type_support.c.o -c /home/maclab/Documents/ROS_WORKSPACES/WS_Master_Thesis/build/uc1_robot_controllers_interfaces/rosidl_typesupport_introspection_c/uc1_robot_controllers_interfaces/msg/detail/move_robot_point__type_support.c
[1.384s] /usr/bin/c++ -DRCUTILS_ENABLE_FAULT_INJECTION -DROSIDL_GENERATOR_C_BUILDING_DLL_uc1_robot_controllers_interfaces -DROS_PACKAGE_NAME=\"uc1_robot_controllers_interfaces\" -I/home/maclab/Documents/ROS_WORKSPACES/WS_Master_Thesis/build/uc1_robot_controllers_interfaces/rosidl_generator_c -isystem /opt/ros/humble/include/geometry_msgs -isystem /opt/ros/humble/include/std_msgs -isystem /opt/ros/humble/include/builtin_interfaces -isystem /opt/ros/humble/include/rosidl_runtime_c -isystem /opt/ros/humble/include/rcutils -isystem /opt/ros/humble/include/rosidl_typesupport_interface -isystem /opt/ros/humble/include/action_msgs -isystem /opt/ros/humble/include/unique_identifier_msgs -isystem /opt/ros/humble/include/rosidl_typesupport_c -O3 -DNDEBUG -fPIC -Wall -std=gnu++14 -MD -MT CMakeFiles/uc1_robot_controllers_interfaces__rosidl_typesupport_c.dir/rosidl_typesupport_c/uc1_robot_controllers_interfaces/action/move_robot_tp__type_support.cpp.o -MF CMakeFiles/uc1_robot_controllers_interfaces__rosidl_typesupport_c.dir/rosidl_typesupport_c/uc1_robot_controllers_interfaces/action/move_robot_tp__type_support.cpp.o.d -o CMakeFiles/uc1_robot_controllers_interfaces__rosidl_typesupport_c.dir/rosidl_typesupport_c/uc1_robot_controllers_interfaces/action/move_robot_tp__type_support.cpp.o -c /home/maclab/Documents/ROS_WORKSPACES/WS_Master_Thesis/build/uc1_robot_controllers_interfaces/rosidl_typesupport_c/uc1_robot_controllers_interfaces/action/move_robot_tp__type_support.cpp
[1.384s] /usr/bin/c++ -DRCUTILS_ENABLE_FAULT_INJECTION -DROSIDL_GENERATOR_C_BUILDING_DLL_uc1_robot_controllers_interfaces -DROS_PACKAGE_NAME=\"uc1_robot_controllers_interfaces\" -I/home/maclab/Documents/ROS_WORKSPACES/WS_Master_Thesis/build/uc1_robot_controllers_interfaces/rosidl_generator_c -isystem /opt/ros/humble/include/geometry_msgs -isystem /opt/ros/humble/include/std_msgs -isystem /opt/ros/humble/include/builtin_interfaces -isystem /opt/ros/humble/include/rosidl_runtime_c -isystem /opt/ros/humble/include/rcutils -isystem /opt/ros/humble/include/rosidl_typesupport_interface -isystem /opt/ros/humble/include/action_msgs -isystem /opt/ros/humble/include/unique_identifier_msgs -isystem /opt/ros/humble/include/rosidl_typesupport_c -O3 -DNDEBUG -fPIC -Wall -std=gnu++14 -MD -MT CMakeFiles/uc1_robot_controllers_interfaces__rosidl_typesupport_c.dir/rosidl_typesupport_c/uc1_robot_controllers_interfaces/msg/move_robot_goal__type_support.cpp.o -MF CMakeFiles/uc1_robot_controllers_interfaces__rosidl_typesupport_c.dir/rosidl_typesupport_c/uc1_robot_controllers_interfaces/msg/move_robot_goal__type_support.cpp.o.d -o CMakeFiles/uc1_robot_controllers_interfaces__rosidl_typesupport_c.dir/rosidl_typesupport_c/uc1_robot_controllers_interfaces/msg/move_robot_goal__type_support.cpp.o -c /home/maclab/Documents/ROS_WORKSPACES/WS_Master_Thesis/build/uc1_robot_controllers_interfaces/rosidl_typesupport_c/uc1_robot_controllers_interfaces/msg/move_robot_goal__type_support.cpp
[1.384s] [ 60%] [32mBuilding CXX object CMakeFiles/uc1_robot_controllers_interfaces__rosidl_typesupport_fastrtps_c.dir/rosidl_typesupport_fastrtps_c/uc1_robot_controllers_interfaces/msg/detail/move_robot_point__type_support_c.cpp.o[0m
[1.384s] [ 61%] [32mBuilding CXX object CMakeFiles/uc1_robot_controllers_interfaces__rosidl_typesupport_fastrtps_c.dir/rosidl_typesupport_fastrtps_c/uc1_robot_controllers_interfaces/action/detail/move_robot_tp__type_support_c.cpp.o[0m
[1.385s] /usr/bin/c++ -DRCUTILS_ENABLE_FAULT_INJECTION -DROSIDL_TYPESUPPORT_FASTRTPS_C_BUILDING_DLL_uc1_robot_controllers_interfaces -DROS_PACKAGE_NAME=\"uc1_robot_controllers_interfaces\" -I/home/maclab/Documents/ROS_WORKSPACES/WS_Master_Thesis/build/uc1_robot_controllers_interfaces/rosidl_typesupport_fastrtps_c -I/home/maclab/Documents/ROS_WORKSPACES/WS_Master_Thesis/build/uc1_robot_controllers_interfaces/rosidl_generator_c -isystem /opt/ros/humble/include/fastcdr -isystem /opt/ros/humble/include/rosidl_runtime_c -isystem /opt/ros/humble/include/rcutils -isystem /opt/ros/humble/include/rosidl_typesupport_interface -isystem /opt/ros/humble/include/rosidl_runtime_cpp -isystem /opt/ros/humble/include/rosidl_typesupport_fastrtps_cpp -isystem /opt/ros/humble/include/rmw -isystem /opt/ros/humble/include/rosidl_typesupport_fastrtps_c -isystem /opt/ros/humble/include/geometry_msgs -isystem /opt/ros/humble/include/std_msgs -isystem /opt/ros/humble/include/builtin_interfaces -isystem /opt/ros/humble/include/action_msgs -isystem /opt/ros/humble/include/unique_identifier_msgs -O3 -DNDEBUG -fPIC -Wall -Wextra -Wpedantic -std=gnu++14 -MD -MT CMakeFiles/uc1_robot_controllers_interfaces__rosidl_typesupport_fastrtps_c.dir/rosidl_typesupport_fastrtps_c/uc1_robot_controllers_interfaces/msg/detail/move_robot_point__type_support_c.cpp.o -MF CMakeFiles/uc1_robot_controllers_interfaces__rosidl_typesupport_fastrtps_c.dir/rosidl_typesupport_fastrtps_c/uc1_robot_controllers_interfaces/msg/detail/move_robot_point__type_support_c.cpp.o.d -o CMakeFiles/uc1_robot_controllers_interfaces__rosidl_typesupport_fastrtps_c.dir/rosidl_typesupport_fastrtps_c/uc1_robot_controllers_interfaces/msg/detail/move_robot_point__type_support_c.cpp.o -c /home/maclab/Documents/ROS_WORKSPACES/WS_Master_Thesis/build/uc1_robot_controllers_interfaces/rosidl_typesupport_fastrtps_c/uc1_robot_controllers_interfaces/msg/detail/move_robot_point__type_support_c.cpp
[1.385s] /usr/bin/c++ -DRCUTILS_ENABLE_FAULT_INJECTION -DROSIDL_TYPESUPPORT_FASTRTPS_C_BUILDING_DLL_uc1_robot_controllers_interfaces -DROS_PACKAGE_NAME=\"uc1_robot_controllers_interfaces\" -I/home/maclab/Documents/ROS_WORKSPACES/WS_Master_Thesis/build/uc1_robot_controllers_interfaces/rosidl_typesupport_fastrtps_c -I/home/maclab/Documents/ROS_WORKSPACES/WS_Master_Thesis/build/uc1_robot_controllers_interfaces/rosidl_generator_c -isystem /opt/ros/humble/include/fastcdr -isystem /opt/ros/humble/include/rosidl_runtime_c -isystem /opt/ros/humble/include/rcutils -isystem /opt/ros/humble/include/rosidl_typesupport_interface -isystem /opt/ros/humble/include/rosidl_runtime_cpp -isystem /opt/ros/humble/include/rosidl_typesupport_fastrtps_cpp -isystem /opt/ros/humble/include/rmw -isystem /opt/ros/humble/include/rosidl_typesupport_fastrtps_c -isystem /opt/ros/humble/include/geometry_msgs -isystem /opt/ros/humble/include/std_msgs -isystem /opt/ros/humble/include/builtin_interfaces -isystem /opt/ros/humble/include/action_msgs -isystem /opt/ros/humble/include/unique_identifier_msgs -O3 -DNDEBUG -fPIC -Wall -Wextra -Wpedantic -std=gnu++14 -MD -MT CMakeFiles/uc1_robot_controllers_interfaces__rosidl_typesupport_fastrtps_c.dir/rosidl_typesupport_fastrtps_c/uc1_robot_controllers_interfaces/action/detail/move_robot_tp__type_support_c.cpp.o -MF CMakeFiles/uc1_robot_controllers_interfaces__rosidl_typesupport_fastrtps_c.dir/rosidl_typesupport_fastrtps_c/uc1_robot_controllers_interfaces/action/detail/move_robot_tp__type_support_c.cpp.o.d -o CMakeFiles/uc1_robot_controllers_interfaces__rosidl_typesupport_fastrtps_c.dir/rosidl_typesupport_fastrtps_c/uc1_robot_controllers_interfaces/action/detail/move_robot_tp__type_support_c.cpp.o -c /home/maclab/Documents/ROS_WORKSPACES/WS_Master_Thesis/build/uc1_robot_controllers_interfaces/rosidl_typesupport_fastrtps_c/uc1_robot_controllers_interfaces/action/detail/move_robot_tp__type_support_c.cpp
[1.385s] [ 63%] [32mBuilding CXX object CMakeFiles/uc1_robot_controllers_interfaces__rosidl_typesupport_fastrtps_c.dir/rosidl_typesupport_fastrtps_c/uc1_robot_controllers_interfaces/msg/detail/move_robot_orient__type_support_c.cpp.o[0m
[1.385s] [ 64%] [32mBuilding CXX object CMakeFiles/uc1_robot_controllers_interfaces__rosidl_typesupport_fastrtps_c.dir/rosidl_typesupport_fastrtps_c/uc1_robot_controllers_interfaces/msg/detail/move_robot_goal__type_support_c.cpp.o[0m
[1.386s] /usr/bin/c++ -DRCUTILS_ENABLE_FAULT_INJECTION -DROSIDL_TYPESUPPORT_FASTRTPS_C_BUILDING_DLL_uc1_robot_controllers_interfaces -DROS_PACKAGE_NAME=\"uc1_robot_controllers_interfaces\" -I/home/maclab/Documents/ROS_WORKSPACES/WS_Master_Thesis/build/uc1_robot_controllers_interfaces/rosidl_typesupport_fastrtps_c -I/home/maclab/Documents/ROS_WORKSPACES/WS_Master_Thesis/build/uc1_robot_controllers_interfaces/rosidl_generator_c -isystem /opt/ros/humble/include/fastcdr -isystem /opt/ros/humble/include/rosidl_runtime_c -isystem /opt/ros/humble/include/rcutils -isystem /opt/ros/humble/include/rosidl_typesupport_interface -isystem /opt/ros/humble/include/rosidl_runtime_cpp -isystem /opt/ros/humble/include/rosidl_typesupport_fastrtps_cpp -isystem /opt/ros/humble/include/rmw -isystem /opt/ros/humble/include/rosidl_typesupport_fastrtps_c -isystem /opt/ros/humble/include/geometry_msgs -isystem /opt/ros/humble/include/std_msgs -isystem /opt/ros/humble/include/builtin_interfaces -isystem /opt/ros/humble/include/action_msgs -isystem /opt/ros/humble/include/unique_identifier_msgs -O3 -DNDEBUG -fPIC -Wall -Wextra -Wpedantic -std=gnu++14 -MD -MT CMakeFiles/uc1_robot_controllers_interfaces__rosidl_typesupport_fastrtps_c.dir/rosidl_typesupport_fastrtps_c/uc1_robot_controllers_interfaces/msg/detail/move_robot_orient__type_support_c.cpp.o -MF CMakeFiles/uc1_robot_controllers_interfaces__rosidl_typesupport_fastrtps_c.dir/rosidl_typesupport_fastrtps_c/uc1_robot_controllers_interfaces/msg/detail/move_robot_orient__type_support_c.cpp.o.d -o CMakeFiles/uc1_robot_controllers_interfaces__rosidl_typesupport_fastrtps_c.dir/rosidl_typesupport_fastrtps_c/uc1_robot_controllers_interfaces/msg/detail/move_robot_orient__type_support_c.cpp.o -c /home/maclab/Documents/ROS_WORKSPACES/WS_Master_Thesis/build/uc1_robot_controllers_interfaces/rosidl_typesupport_fastrtps_c/uc1_robot_controllers_interfaces/msg/detail/move_robot_orient__type_support_c.cpp
[1.386s] /usr/bin/c++ -DRCUTILS_ENABLE_FAULT_INJECTION -DROSIDL_TYPESUPPORT_FASTRTPS_C_BUILDING_DLL_uc1_robot_controllers_interfaces -DROS_PACKAGE_NAME=\"uc1_robot_controllers_interfaces\" -I/home/maclab/Documents/ROS_WORKSPACES/WS_Master_Thesis/build/uc1_robot_controllers_interfaces/rosidl_typesupport_fastrtps_c -I/home/maclab/Documents/ROS_WORKSPACES/WS_Master_Thesis/build/uc1_robot_controllers_interfaces/rosidl_generator_c -isystem /opt/ros/humble/include/fastcdr -isystem /opt/ros/humble/include/rosidl_runtime_c -isystem /opt/ros/humble/include/rcutils -isystem /opt/ros/humble/include/rosidl_typesupport_interface -isystem /opt/ros/humble/include/rosidl_runtime_cpp -isystem /opt/ros/humble/include/rosidl_typesupport_fastrtps_cpp -isystem /opt/ros/humble/include/rmw -isystem /opt/ros/humble/include/rosidl_typesupport_fastrtps_c -isystem /opt/ros/humble/include/geometry_msgs -isystem /opt/ros/humble/include/std_msgs -isystem /opt/ros/humble/include/builtin_interfaces -isystem /opt/ros/humble/include/action_msgs -isystem /opt/ros/humble/include/unique_identifier_msgs -O3 -DNDEBUG -fPIC -Wall -Wextra -Wpedantic -std=gnu++14 -MD -MT CMakeFiles/uc1_robot_controllers_interfaces__rosidl_typesupport_fastrtps_c.dir/rosidl_typesupport_fastrtps_c/uc1_robot_controllers_interfaces/msg/detail/move_robot_goal__type_support_c.cpp.o -MF CMakeFiles/uc1_robot_controllers_interfaces__rosidl_typesupport_fastrtps_c.dir/rosidl_typesupport_fastrtps_c/uc1_robot_controllers_interfaces/msg/detail/move_robot_goal__type_support_c.cpp.o.d -o CMakeFiles/uc1_robot_controllers_interfaces__rosidl_typesupport_fastrtps_c.dir/rosidl_typesupport_fastrtps_c/uc1_robot_controllers_interfaces/msg/detail/move_robot_goal__type_support_c.cpp.o -c /home/maclab/Documents/ROS_WORKSPACES/WS_Master_Thesis/build/uc1_robot_controllers_interfaces/rosidl_typesupport_fastrtps_c/uc1_robot_controllers_interfaces/msg/detail/move_robot_goal__type_support_c.cpp
[1.422s] [ 66%] [32m[1mLinking CXX shared library libuc1_robot_controllers_interfaces__rosidl_typesupport_fastrtps_cpp.so[0m
[1.422s] /usr/bin/cmake -E cmake_link_script CMakeFiles/uc1_robot_controllers_interfaces__rosidl_typesupport_fastrtps_cpp.dir/link.txt --verbose=1
[1.423s] gmake[2]: Leaving directory '/home/maclab/Documents/ROS_WORKSPACES/WS_Master_Thesis/build/uc1_robot_controllers_interfaces'
[1.423s] [ 67%] [32m[1mLinking CXX shared library libuc1_robot_controllers_interfaces__rosidl_typesupport_c.so[0m
[1.424s] /usr/bin/cmake -E cmake_link_script CMakeFiles/uc1_robot_controllers_interfaces__rosidl_typesupport_c.dir/link.txt --verbose=1
[1.425s] /usr/bin/c++ -fPIC -O3 -DNDEBUG -shared -Wl,-soname,libuc1_robot_controllers_interfaces__rosidl_typesupport_fastrtps_cpp.so -o libuc1_robot_controllers_interfaces__rosidl_typesupport_fastrtps_cpp.so CMakeFiles/uc1_robot_controllers_interfaces__rosidl_typesupport_fastrtps_cpp.dir/rosidl_typesupport_fastrtps_cpp/uc1_robot_controllers_interfaces/action/detail/dds_fastrtps/move_robot__type_support.cpp.o CMakeFiles/uc1_robot_controllers_interfaces__rosidl_typesupport_fastrtps_cpp.dir/rosidl_typesupport_fastrtps_cpp/uc1_robot_controllers_interfaces/action/detail/dds_fastrtps/move_robot_tp__type_support.cpp.o CMakeFiles/uc1_robot_controllers_interfaces__rosidl_typesupport_fastrtps_cpp.dir/rosidl_typesupport_fastrtps_cpp/uc1_robot_controllers_interfaces/msg/detail/dds_fastrtps/move_robot_point__type_support.cpp.o CMakeFiles/uc1_robot_controllers_interfaces__rosidl_typesupport_fastrtps_cpp.dir/rosidl_typesupport_fastrtps_cpp/uc1_robot_controllers_interfaces/msg/detail/dds_fastrtps/move_robot_orient__type_support.cpp.o CMakeFiles/uc1_robot_controllers_interfaces__rosidl_typesupport_fastrtps_cpp.dir/rosidl_typesupport_fastrtps_cpp/uc1_robot_controllers_interfaces/msg/detail/dds_fastrtps/move_robot_goal__type_support.cpp.o  -Wl,-rpath,/opt/ros/humble/lib: /opt/ros/humble/lib/libgeometry_msgs__rosidl_typesupport_fastrtps_cpp.so /opt/ros/humble/lib/libstd_msgs__rosidl_typesupport_fastrtps_cpp.so /opt/ros/humble/lib/libaction_msgs__rosidl_typesupport_fastrtps_cpp.so /opt/ros/humble/lib/libunique_identifier_msgs__rosidl_typesupport_fastrtps_cpp.so /opt/ros/humble/lib/libbuiltin_interfaces__rosidl_typesupport_fastrtps_cpp.so /opt/ros/humble/lib/librosidl_typesupport_fastrtps_cpp.so /opt/ros/humble/lib/libfastcdr.so.1.0.24 /opt/ros/humble/lib/librmw.so /opt/ros/humble/lib/librosidl_runtime_c.so /opt/ros/humble/lib/librcutils.so -ldl 
[1.428s] [ 69%] Built target uc1_robot_controllers_interfaces__rosidl_typesupport_introspection_cpp
[1.428s] /usr/bin/c++ -fPIC -O3 -DNDEBUG -shared -Wl,-soname,libuc1_robot_controllers_interfaces__rosidl_typesupport_c.so -o libuc1_robot_controllers_interfaces__rosidl_typesupport_c.so CMakeFiles/uc1_robot_controllers_interfaces__rosidl_typesupport_c.dir/rosidl_typesupport_c/uc1_robot_controllers_interfaces/action/move_robot__type_support.cpp.o CMakeFiles/uc1_robot_controllers_interfaces__rosidl_typesupport_c.dir/rosidl_typesupport_c/uc1_robot_controllers_interfaces/action/move_robot_tp__type_support.cpp.o CMakeFiles/uc1_robot_controllers_interfaces__rosidl_typesupport_c.dir/rosidl_typesupport_c/uc1_robot_controllers_interfaces/msg/move_robot_point__type_support.cpp.o CMakeFiles/uc1_robot_controllers_interfaces__rosidl_typesupport_c.dir/rosidl_typesupport_c/uc1_robot_controllers_interfaces/msg/move_robot_orient__type_support.cpp.o CMakeFiles/uc1_robot_controllers_interfaces__rosidl_typesupport_c.dir/rosidl_typesupport_c/uc1_robot_controllers_interfaces/msg/move_robot_goal__type_support.cpp.o  -Wl,-rpath,/home/maclab/Documents/ROS_WORKSPACES/WS_Master_Thesis/build/uc1_robot_controllers_interfaces:/opt/ros/humble/lib: libuc1_robot_controllers_interfaces__rosidl_generator_c.so /opt/ros/humble/lib/libgeometry_msgs__rosidl_typesupport_c.so /opt/ros/humble/lib/libstd_msgs__rosidl_typesupport_c.so /opt/ros/humble/lib/libaction_msgs__rosidl_typesupport_c.so /opt/ros/humble/lib/libunique_identifier_msgs__rosidl_typesupport_c.so /opt/ros/humble/lib/libgeometry_msgs__rosidl_generator_c.so /opt/ros/humble/lib/libstd_msgs__rosidl_generator_c.so /opt/ros/humble/lib/libbuiltin_interfaces__rosidl_typesupport_c.so /opt/ros/humble/lib/librosidl_typesupport_c.so /opt/ros/humble/lib/libaction_msgs__rosidl_generator_c.so /opt/ros/humble/lib/libbuiltin_interfaces__rosidl_generator_c.so /opt/ros/humble/lib/libunique_identifier_msgs__rosidl_generator_c.so /opt/ros/humble/lib/librosidl_runtime_c.so /opt/ros/humble/lib/librcutils.so -ldl -Wl,-rpath-link,/opt/ros/humble/lib 
[1.441s] [ 70%] [32m[1mLinking C shared library libuc1_robot_controllers_interfaces__rosidl_typesupport_introspection_c.so[0m
[1.441s] /usr/bin/cmake -E cmake_link_script CMakeFiles/uc1_robot_controllers_interfaces__rosidl_typesupport_introspection_c.dir/link.txt --verbose=1
[1.444s] gmake[2]: Leaving directory '/home/maclab/Documents/ROS_WORKSPACES/WS_Master_Thesis/build/uc1_robot_controllers_interfaces'
[1.445s] /usr/bin/cc -fPIC -O3 -DNDEBUG -shared -Wl,-soname,libuc1_robot_controllers_interfaces__rosidl_typesupport_introspection_c.so -o libuc1_robot_controllers_interfaces__rosidl_typesupport_introspection_c.so CMakeFiles/uc1_robot_controllers_interfaces__rosidl_typesupport_introspection_c.dir/rosidl_typesupport_introspection_c/uc1_robot_controllers_interfaces/action/detail/move_robot__type_support.c.o CMakeFiles/uc1_robot_controllers_interfaces__rosidl_typesupport_introspection_c.dir/rosidl_typesupport_introspection_c/uc1_robot_controllers_interfaces/action/detail/move_robot_tp__type_support.c.o CMakeFiles/uc1_robot_controllers_interfaces__rosidl_typesupport_introspection_c.dir/rosidl_typesupport_introspection_c/uc1_robot_controllers_interfaces/msg/detail/move_robot_point__type_support.c.o CMakeFiles/uc1_robot_controllers_interfaces__rosidl_typesupport_introspection_c.dir/rosidl_typesupport_introspection_c/uc1_robot_controllers_interfaces/msg/detail/move_robot_orient__type_support.c.o CMakeFiles/uc1_robot_controllers_interfaces__rosidl_typesupport_introspection_c.dir/rosidl_typesupport_introspection_c/uc1_robot_controllers_interfaces/msg/detail/move_robot_goal__type_support.c.o  -Wl,-rpath,/home/maclab/Documents/ROS_WORKSPACES/WS_Master_Thesis/build/uc1_robot_controllers_interfaces:/opt/ros/humble/lib: libuc1_robot_controllers_interfaces__rosidl_generator_c.so /opt/ros/humble/lib/libgeometry_msgs__rosidl_typesupport_introspection_c.so /opt/ros/humble/lib/libstd_msgs__rosidl_typesupport_introspection_c.so /opt/ros/humble/lib/libaction_msgs__rosidl_typesupport_introspection_c.so /opt/ros/humble/lib/libunique_identifier_msgs__rosidl_typesupport_introspection_c.so /opt/ros/humble/lib/libgeometry_msgs__rosidl_generator_c.so /opt/ros/humble/lib/libstd_msgs__rosidl_generator_c.so /opt/ros/humble/lib/libbuiltin_interfaces__rosidl_typesupport_introspection_c.so /opt/ros/humble/lib/librosidl_typesupport_introspection_c.so /opt/ros/humble/lib/libaction_msgs__rosidl_generator_c.so /opt/ros/humble/lib/libbuiltin_interfaces__rosidl_generator_c.so /opt/ros/humble/lib/libunique_identifier_msgs__rosidl_generator_c.so /opt/ros/humble/lib/librosidl_runtime_c.so /opt/ros/humble/lib/librcutils.so -ldl 
[1.448s] [ 72%] Built target uc1_robot_controllers_interfaces__rosidl_typesupport_c
[1.453s] gmake[2]: Leaving directory '/home/maclab/Documents/ROS_WORKSPACES/WS_Master_Thesis/build/uc1_robot_controllers_interfaces'
[1.457s] gmake[2]: Leaving directory '/home/maclab/Documents/ROS_WORKSPACES/WS_Master_Thesis/build/uc1_robot_controllers_interfaces'
[1.459s] [ 73%] Built target uc1_robot_controllers_interfaces__rosidl_typesupport_introspection_c
[1.462s] [ 75%] Built target uc1_robot_controllers_interfaces__rosidl_typesupport_fastrtps_cpp
[1.567s] [01m[K/home/maclab/Documents/ROS_WORKSPACES/WS_Master_Thesis/src/uc1_robot_controllers_interfaces/src/TPComputation.cpp:[m[K In member function ‘[01m[Kvoid TPComputation::computeTP_step(const string&, const MatrixXd&, const MatrixXd&, const VectorXd&)[m[K’:
[1.567s] [01m[K/home/maclab/Documents/ROS_WORKSPACES/WS_Master_Thesis/src/uc1_robot_controllers_interfaces/src/TPComputation.cpp:81:55:[m[K [01;35m[Kwarning: [m[Kunused parameter ‘[01m[Ktask_id[m[K’ [[01;35m[K]8;;https://gcc.gnu.org/onlinedocs/gcc/Warning-Options.html#index-Wunused-parameter-Wunused-parameter]8;;[m[K]
[1.567s]    81 | void TPComputation::computeTP_step([01;35m[Kconst std::string& task_id[m[K, const Eigen::MatrixXd& ActivationFnc, const Eigen::MatrixXd& TaskJac, const Eigen::VectorXd& TaskRef)
[1.567s]       |                                    [01;35m[K~~~~~~~~~~~~~~~~~~~^~~~~~~[m[K
[1.630s] [ 76%] [32m[1mLinking CXX shared library libuc1_robot_controllers_interfaces__rosidl_typesupport_fastrtps_c.so[0m
[1.630s] /usr/bin/cmake -E cmake_link_script CMakeFiles/uc1_robot_controllers_interfaces__rosidl_typesupport_fastrtps_c.dir/link.txt --verbose=1
[1.634s] /usr/bin/c++ -fPIC -O3 -DNDEBUG -shared -Wl,-soname,libuc1_robot_controllers_interfaces__rosidl_typesupport_fastrtps_c.so -o libuc1_robot_controllers_interfaces__rosidl_typesupport_fastrtps_c.so CMakeFiles/uc1_robot_controllers_interfaces__rosidl_typesupport_fastrtps_c.dir/rosidl_typesupport_fastrtps_c/uc1_robot_controllers_interfaces/action/detail/move_robot__type_support_c.cpp.o CMakeFiles/uc1_robot_controllers_interfaces__rosidl_typesupport_fastrtps_c.dir/rosidl_typesupport_fastrtps_c/uc1_robot_controllers_interfaces/action/detail/move_robot_tp__type_support_c.cpp.o CMakeFiles/uc1_robot_controllers_interfaces__rosidl_typesupport_fastrtps_c.dir/rosidl_typesupport_fastrtps_c/uc1_robot_controllers_interfaces/msg/detail/move_robot_point__type_support_c.cpp.o CMakeFiles/uc1_robot_controllers_interfaces__rosidl_typesupport_fastrtps_c.dir/rosidl_typesupport_fastrtps_c/uc1_robot_controllers_interfaces/msg/detail/move_robot_orient__type_support_c.cpp.o CMakeFiles/uc1_robot_controllers_interfaces__rosidl_typesupport_fastrtps_c.dir/rosidl_typesupport_fastrtps_c/uc1_robot_controllers_interfaces/msg/detail/move_robot_goal__type_support_c.cpp.o  -Wl,-rpath,/home/maclab/Documents/ROS_WORKSPACES/WS_Master_Thesis/build/uc1_robot_controllers_interfaces:/opt/ros/humble/lib: libuc1_robot_controllers_interfaces__rosidl_generator_c.so /opt/ros/humble/lib/libgeometry_msgs__rosidl_typesupport_fastrtps_c.so /opt/ros/humble/lib/libstd_msgs__rosidl_typesupport_fastrtps_c.so /opt/ros/humble/lib/libaction_msgs__rosidl_typesupport_fastrtps_c.so /opt/ros/humble/lib/libunique_identifier_msgs__rosidl_typesupport_fastrtps_c.so /opt/ros/humble/lib/libgeometry_msgs__rosidl_generator_c.so /opt/ros/humble/lib/libstd_msgs__rosidl_generator_c.so /opt/ros/humble/lib/libbuiltin_interfaces__rosidl_typesupport_fastrtps_c.so /opt/ros/humble/lib/librosidl_typesupport_fastrtps_cpp.so /opt/ros/humble/lib/libfastcdr.so.1.0.24 /opt/ros/humble/lib/librmw.so /opt/ros/humble/lib/librosidl_typesupport_fastrtps_c.so /opt/ros/humble/lib/libaction_msgs__rosidl_generator_c.so /opt/ros/humble/lib/libbuiltin_interfaces__rosidl_generator_c.so /opt/ros/humble/lib/libunique_identifier_msgs__rosidl_generator_c.so /opt/ros/humble/lib/librosidl_runtime_c.so /opt/ros/humble/lib/librcutils.so -ldl 
[1.663s] gmake[2]: Leaving directory '/home/maclab/Documents/ROS_WORKSPACES/WS_Master_Thesis/build/uc1_robot_controllers_interfaces'
[1.668s] [ 78%] Built target uc1_robot_controllers_interfaces__rosidl_typesupport_fastrtps_c
[1.669s] /usr/bin/gmake  -f CMakeFiles/uc1_robot_controllers_interfaces.dir/build.make CMakeFiles/uc1_robot_controllers_interfaces.dir/depend
[1.670s] gmake[2]: Entering directory '/home/maclab/Documents/ROS_WORKSPACES/WS_Master_Thesis/build/uc1_robot_controllers_interfaces'
[1.670s] cd /home/maclab/Documents/ROS_WORKSPACES/WS_Master_Thesis/build/uc1_robot_controllers_interfaces && /usr/bin/cmake -E cmake_depends "Unix Makefiles" /home/maclab/Documents/ROS_WORKSPACES/WS_Master_Thesis/src/uc1_robot_controllers_interfaces /home/maclab/Documents/ROS_WORKSPACES/WS_Master_Thesis/src/uc1_robot_controllers_interfaces /home/maclab/Documents/ROS_WORKSPACES/WS_Master_Thesis/build/uc1_robot_controllers_interfaces /home/maclab/Documents/ROS_WORKSPACES/WS_Master_Thesis/build/uc1_robot_controllers_interfaces /home/maclab/Documents/ROS_WORKSPACES/WS_Master_Thesis/build/uc1_robot_controllers_interfaces/CMakeFiles/uc1_robot_controllers_interfaces.dir/DependInfo.cmake --color=
[1.675s] gmake[2]: Leaving directory '/home/maclab/Documents/ROS_WORKSPACES/WS_Master_Thesis/build/uc1_robot_controllers_interfaces'
[1.675s] /usr/bin/gmake  -f CMakeFiles/uc1_robot_controllers_interfaces.dir/build.make CMakeFiles/uc1_robot_controllers_interfaces.dir/build
[1.676s] gmake[2]: Entering directory '/home/maclab/Documents/ROS_WORKSPACES/WS_Master_Thesis/build/uc1_robot_controllers_interfaces'
[1.676s] gmake[2]: Nothing to be done for 'CMakeFiles/uc1_robot_controllers_interfaces.dir/build'.
[1.676s] gmake[2]: Leaving directory '/home/maclab/Documents/ROS_WORKSPACES/WS_Master_Thesis/build/uc1_robot_controllers_interfaces'
[1.679s] [ 78%] Built target uc1_robot_controllers_interfaces
[1.679s] /usr/bin/gmake  -f uc1_robot_controllers_interfaces__py/CMakeFiles/uc1_robot_controllers_interfaces__py.dir/build.make uc1_robot_controllers_interfaces__py/CMakeFiles/uc1_robot_controllers_interfaces__py.dir/depend
[1.680s] gmake[2]: Entering directory '/home/maclab/Documents/ROS_WORKSPACES/WS_Master_Thesis/build/uc1_robot_controllers_interfaces'
[1.680s] cd /home/maclab/Documents/ROS_WORKSPACES/WS_Master_Thesis/build/uc1_robot_controllers_interfaces && /usr/bin/cmake -E cmake_depends "Unix Makefiles" /home/maclab/Documents/ROS_WORKSPACES/WS_Master_Thesis/src/uc1_robot_controllers_interfaces /home/maclab/Documents/ROS_WORKSPACES/WS_Master_Thesis/build/uc1_robot_controllers_interfaces/uc1_robot_controllers_interfaces__py /home/maclab/Documents/ROS_WORKSPACES/WS_Master_Thesis/build/uc1_robot_controllers_interfaces /home/maclab/Documents/ROS_WORKSPACES/WS_Master_Thesis/build/uc1_robot_controllers_interfaces/uc1_robot_controllers_interfaces__py /home/maclab/Documents/ROS_WORKSPACES/WS_Master_Thesis/build/uc1_robot_controllers_interfaces/uc1_robot_controllers_interfaces__py/CMakeFiles/uc1_robot_controllers_interfaces__py.dir/DependInfo.cmake --color=
[1.685s] gmake[2]: Leaving directory '/home/maclab/Documents/ROS_WORKSPACES/WS_Master_Thesis/build/uc1_robot_controllers_interfaces'
[1.685s] /usr/bin/gmake  -f uc1_robot_controllers_interfaces__py/CMakeFiles/uc1_robot_controllers_interfaces__py.dir/build.make uc1_robot_controllers_interfaces__py/CMakeFiles/uc1_robot_controllers_interfaces__py.dir/build
[1.686s] gmake[2]: Entering directory '/home/maclab/Documents/ROS_WORKSPACES/WS_Master_Thesis/build/uc1_robot_controllers_interfaces'
[1.686s] gmake[2]: Nothing to be done for 'uc1_robot_controllers_interfaces__py/CMakeFiles/uc1_robot_controllers_interfaces__py.dir/build'.
[1.686s] gmake[2]: Leaving directory '/home/maclab/Documents/ROS_WORKSPACES/WS_Master_Thesis/build/uc1_robot_controllers_interfaces'
[1.690s] [ 80%] Built target uc1_robot_controllers_interfaces__py
[1.691s] /usr/bin/gmake  -f CMakeFiles/uc1_robot_controllers_interfaces__rosidl_generator_py.dir/build.make CMakeFiles/uc1_robot_controllers_interfaces__rosidl_generator_py.dir/depend
[1.691s] gmake[2]: Entering directory '/home/maclab/Documents/ROS_WORKSPACES/WS_Master_Thesis/build/uc1_robot_controllers_interfaces'
[1.691s] cd /home/maclab/Documents/ROS_WORKSPACES/WS_Master_Thesis/build/uc1_robot_controllers_interfaces && /usr/bin/cmake -E cmake_depends "Unix Makefiles" /home/maclab/Documents/ROS_WORKSPACES/WS_Master_Thesis/src/uc1_robot_controllers_interfaces /home/maclab/Documents/ROS_WORKSPACES/WS_Master_Thesis/src/uc1_robot_controllers_interfaces /home/maclab/Documents/ROS_WORKSPACES/WS_Master_Thesis/build/uc1_robot_controllers_interfaces /home/maclab/Documents/ROS_WORKSPACES/WS_Master_Thesis/build/uc1_robot_controllers_interfaces /home/maclab/Documents/ROS_WORKSPACES/WS_Master_Thesis/build/uc1_robot_controllers_interfaces/CMakeFiles/uc1_robot_controllers_interfaces__rosidl_generator_py.dir/DependInfo.cmake --color=
[1.695s] Dependencies file "CMakeFiles/uc1_robot_controllers_interfaces__rosidl_generator_py.dir/rosidl_generator_py/uc1_robot_controllers_interfaces/action/_move_robot_s.c.o.d" is newer than depends file "/home/maclab/Documents/ROS_WORKSPACES/WS_Master_Thesis/build/uc1_robot_controllers_interfaces/CMakeFiles/uc1_robot_controllers_interfaces__rosidl_generator_py.dir/compiler_depend.internal".
[1.695s] Dependencies file "CMakeFiles/uc1_robot_controllers_interfaces__rosidl_generator_py.dir/rosidl_generator_py/uc1_robot_controllers_interfaces/action/_move_robot_tp_s.c.o.d" is newer than depends file "/home/maclab/Documents/ROS_WORKSPACES/WS_Master_Thesis/build/uc1_robot_controllers_interfaces/CMakeFiles/uc1_robot_controllers_interfaces__rosidl_generator_py.dir/compiler_depend.internal".
[1.696s] Dependencies file "CMakeFiles/uc1_robot_controllers_interfaces__rosidl_generator_py.dir/rosidl_generator_py/uc1_robot_controllers_interfaces/msg/_move_robot_goal_s.c.o.d" is newer than depends file "/home/maclab/Documents/ROS_WORKSPACES/WS_Master_Thesis/build/uc1_robot_controllers_interfaces/CMakeFiles/uc1_robot_controllers_interfaces__rosidl_generator_py.dir/compiler_depend.internal".
[1.696s] Dependencies file "CMakeFiles/uc1_robot_controllers_interfaces__rosidl_generator_py.dir/rosidl_generator_py/uc1_robot_controllers_interfaces/msg/_move_robot_orient_s.c.o.d" is newer than depends file "/home/maclab/Documents/ROS_WORKSPACES/WS_Master_Thesis/build/uc1_robot_controllers_interfaces/CMakeFiles/uc1_robot_controllers_interfaces__rosidl_generator_py.dir/compiler_depend.internal".
[1.696s] Dependencies file "CMakeFiles/uc1_robot_controllers_interfaces__rosidl_generator_py.dir/rosidl_generator_py/uc1_robot_controllers_interfaces/msg/_move_robot_point_s.c.o.d" is newer than depends file "/home/maclab/Documents/ROS_WORKSPACES/WS_Master_Thesis/build/uc1_robot_controllers_interfaces/CMakeFiles/uc1_robot_controllers_interfaces__rosidl_generator_py.dir/compiler_depend.internal".
[1.696s] [35m[1mConsolidate compiler generated dependencies of target uc1_robot_controllers_interfaces__rosidl_generator_py[0m
[1.697s] gmake[2]: Leaving directory '/home/maclab/Documents/ROS_WORKSPACES/WS_Master_Thesis/build/uc1_robot_controllers_interfaces'
[1.697s] /usr/bin/gmake  -f CMakeFiles/uc1_robot_controllers_interfaces__rosidl_generator_py.dir/build.make CMakeFiles/uc1_robot_controllers_interfaces__rosidl_generator_py.dir/build
[1.699s] gmake[2]: Entering directory '/home/maclab/Documents/ROS_WORKSPACES/WS_Master_Thesis/build/uc1_robot_controllers_interfaces'
[1.703s] [ 81%] [32mBuilding C object CMakeFiles/uc1_robot_controllers_interfaces__rosidl_generator_py.dir/rosidl_generator_py/uc1_robot_controllers_interfaces/action/_move_robot_tp_s.c.o[0m
[1.703s] /usr/bin/cc -DRCUTILS_ENABLE_FAULT_INJECTION -DROS_PACKAGE_NAME=\"uc1_robot_controllers_interfaces\" -Duc1_robot_controllers_interfaces__rosidl_generator_py_EXPORTS -I/home/maclab/Documents/ROS_WORKSPACES/WS_Master_Thesis/build/uc1_robot_controllers_interfaces/rosidl_generator_c -I/home/maclab/Documents/ROS_WORKSPACES/WS_Master_Thesis/build/uc1_robot_controllers_interfaces/rosidl_generator_py -I/usr/include/python3.10 -isystem /opt/ros/humble/include/geometry_msgs -isystem /opt/ros/humble/include/std_msgs -isystem /opt/ros/humble/include/builtin_interfaces -isystem /opt/ros/humble/include/rosidl_runtime_c -isystem /opt/ros/humble/include/rcutils -isystem /opt/ros/humble/include/rosidl_typesupport_interface -isystem /opt/ros/humble/include/action_msgs -isystem /opt/ros/humble/include/unique_identifier_msgs -O3 -DNDEBUG -fPIC -Wall -Wextra -MD -MT CMakeFiles/uc1_robot_controllers_interfaces__rosidl_generator_py.dir/rosidl_generator_py/uc1_robot_controllers_interfaces/action/_move_robot_tp_s.c.o -MF CMakeFiles/uc1_robot_controllers_interfaces__rosidl_generator_py.dir/rosidl_generator_py/uc1_robot_controllers_interfaces/action/_move_robot_tp_s.c.o.d -o CMakeFiles/uc1_robot_controllers_interfaces__rosidl_generator_py.dir/rosidl_generator_py/uc1_robot_controllers_interfaces/action/_move_robot_tp_s.c.o -c /home/maclab/Documents/ROS_WORKSPACES/WS_Master_Thesis/build/uc1_robot_controllers_interfaces/rosidl_generator_py/uc1_robot_controllers_interfaces/action/_move_robot_tp_s.c
[1.704s] [ 83%] [32mBuilding C object CMakeFiles/uc1_robot_controllers_interfaces__rosidl_generator_py.dir/rosidl_generator_py/uc1_robot_controllers_interfaces/action/_move_robot_s.c.o[0m
[1.704s] [ 84%] [32mBuilding C object CMakeFiles/uc1_robot_controllers_interfaces__rosidl_generator_py.dir/rosidl_generator_py/uc1_robot_controllers_interfaces/msg/_move_robot_point_s.c.o[0m
[1.704s] [ 86%] [32mBuilding C object CMakeFiles/uc1_robot_controllers_interfaces__rosidl_generator_py.dir/rosidl_generator_py/uc1_robot_controllers_interfaces/msg/_move_robot_orient_s.c.o[0m
[1.704s] /usr/bin/cc -DRCUTILS_ENABLE_FAULT_INJECTION -DROS_PACKAGE_NAME=\"uc1_robot_controllers_interfaces\" -Duc1_robot_controllers_interfaces__rosidl_generator_py_EXPORTS -I/home/maclab/Documents/ROS_WORKSPACES/WS_Master_Thesis/build/uc1_robot_controllers_interfaces/rosidl_generator_c -I/home/maclab/Documents/ROS_WORKSPACES/WS_Master_Thesis/build/uc1_robot_controllers_interfaces/rosidl_generator_py -I/usr/include/python3.10 -isystem /opt/ros/humble/include/geometry_msgs -isystem /opt/ros/humble/include/std_msgs -isystem /opt/ros/humble/include/builtin_interfaces -isystem /opt/ros/humble/include/rosidl_runtime_c -isystem /opt/ros/humble/include/rcutils -isystem /opt/ros/humble/include/rosidl_typesupport_interface -isystem /opt/ros/humble/include/action_msgs -isystem /opt/ros/humble/include/unique_identifier_msgs -O3 -DNDEBUG -fPIC -Wall -Wextra -MD -MT CMakeFiles/uc1_robot_controllers_interfaces__rosidl_generator_py.dir/rosidl_generator_py/uc1_robot_controllers_interfaces/action/_move_robot_s.c.o -MF CMakeFiles/uc1_robot_controllers_interfaces__rosidl_generator_py.dir/rosidl_generator_py/uc1_robot_controllers_interfaces/action/_move_robot_s.c.o.d -o CMakeFiles/uc1_robot_controllers_interfaces__rosidl_generator_py.dir/rosidl_generator_py/uc1_robot_controllers_interfaces/action/_move_robot_s.c.o -c /home/maclab/Documents/ROS_WORKSPACES/WS_Master_Thesis/build/uc1_robot_controllers_interfaces/rosidl_generator_py/uc1_robot_controllers_interfaces/action/_move_robot_s.c
[1.704s] [ 87%] [32mBuilding C object CMakeFiles/uc1_robot_controllers_interfaces__rosidl_generator_py.dir/rosidl_generator_py/uc1_robot_controllers_interfaces/msg/_move_robot_goal_s.c.o[0m
[1.705s] /usr/bin/cc -DRCUTILS_ENABLE_FAULT_INJECTION -DROS_PACKAGE_NAME=\"uc1_robot_controllers_interfaces\" -Duc1_robot_controllers_interfaces__rosidl_generator_py_EXPORTS -I/home/maclab/Documents/ROS_WORKSPACES/WS_Master_Thesis/build/uc1_robot_controllers_interfaces/rosidl_generator_c -I/home/maclab/Documents/ROS_WORKSPACES/WS_Master_Thesis/build/uc1_robot_controllers_interfaces/rosidl_generator_py -I/usr/include/python3.10 -isystem /opt/ros/humble/include/geometry_msgs -isystem /opt/ros/humble/include/std_msgs -isystem /opt/ros/humble/include/builtin_interfaces -isystem /opt/ros/humble/include/rosidl_runtime_c -isystem /opt/ros/humble/include/rcutils -isystem /opt/ros/humble/include/rosidl_typesupport_interface -isystem /opt/ros/humble/include/action_msgs -isystem /opt/ros/humble/include/unique_identifier_msgs -O3 -DNDEBUG -fPIC -Wall -Wextra -MD -MT CMakeFiles/uc1_robot_controllers_interfaces__rosidl_generator_py.dir/rosidl_generator_py/uc1_robot_controllers_interfaces/msg/_move_robot_orient_s.c.o -MF CMakeFiles/uc1_robot_controllers_interfaces__rosidl_generator_py.dir/rosidl_generator_py/uc1_robot_controllers_interfaces/msg/_move_robot_orient_s.c.o.d -o CMakeFiles/uc1_robot_controllers_interfaces__rosidl_generator_py.dir/rosidl_generator_py/uc1_robot_controllers_interfaces/msg/_move_robot_orient_s.c.o -c /home/maclab/Documents/ROS_WORKSPACES/WS_Master_Thesis/build/uc1_robot_controllers_interfaces/rosidl_generator_py/uc1_robot_controllers_interfaces/msg/_move_robot_orient_s.c
[1.705s] /usr/bin/cc -DRCUTILS_ENABLE_FAULT_INJECTION -DROS_PACKAGE_NAME=\"uc1_robot_controllers_interfaces\" -Duc1_robot_controllers_interfaces__rosidl_generator_py_EXPORTS -I/home/maclab/Documents/ROS_WORKSPACES/WS_Master_Thesis/build/uc1_robot_controllers_interfaces/rosidl_generator_c -I/home/maclab/Documents/ROS_WORKSPACES/WS_Master_Thesis/build/uc1_robot_controllers_interfaces/rosidl_generator_py -I/usr/include/python3.10 -isystem /opt/ros/humble/include/geometry_msgs -isystem /opt/ros/humble/include/std_msgs -isystem /opt/ros/humble/include/builtin_interfaces -isystem /opt/ros/humble/include/rosidl_runtime_c -isystem /opt/ros/humble/include/rcutils -isystem /opt/ros/humble/include/rosidl_typesupport_interface -isystem /opt/ros/humble/include/action_msgs -isystem /opt/ros/humble/include/unique_identifier_msgs -O3 -DNDEBUG -fPIC -Wall -Wextra -MD -MT CMakeFiles/uc1_robot_controllers_interfaces__rosidl_generator_py.dir/rosidl_generator_py/uc1_robot_controllers_interfaces/msg/_move_robot_point_s.c.o -MF CMakeFiles/uc1_robot_controllers_interfaces__rosidl_generator_py.dir/rosidl_generator_py/uc1_robot_controllers_interfaces/msg/_move_robot_point_s.c.o.d -o CMakeFiles/uc1_robot_controllers_interfaces__rosidl_generator_py.dir/rosidl_generator_py/uc1_robot_controllers_interfaces/msg/_move_robot_point_s.c.o -c /home/maclab/Documents/ROS_WORKSPACES/WS_Master_Thesis/build/uc1_robot_controllers_interfaces/rosidl_generator_py/uc1_robot_controllers_interfaces/msg/_move_robot_point_s.c
[1.705s] /usr/bin/cc -DRCUTILS_ENABLE_FAULT_INJECTION -DROS_PACKAGE_NAME=\"uc1_robot_controllers_interfaces\" -Duc1_robot_controllers_interfaces__rosidl_generator_py_EXPORTS -I/home/maclab/Documents/ROS_WORKSPACES/WS_Master_Thesis/build/uc1_robot_controllers_interfaces/rosidl_generator_c -I/home/maclab/Documents/ROS_WORKSPACES/WS_Master_Thesis/build/uc1_robot_controllers_interfaces/rosidl_generator_py -I/usr/include/python3.10 -isystem /opt/ros/humble/include/geometry_msgs -isystem /opt/ros/humble/include/std_msgs -isystem /opt/ros/humble/include/builtin_interfaces -isystem /opt/ros/humble/include/rosidl_runtime_c -isystem /opt/ros/humble/include/rcutils -isystem /opt/ros/humble/include/rosidl_typesupport_interface -isystem /opt/ros/humble/include/action_msgs -isystem /opt/ros/humble/include/unique_identifier_msgs -O3 -DNDEBUG -fPIC -Wall -Wextra -MD -MT CMakeFiles/uc1_robot_controllers_interfaces__rosidl_generator_py.dir/rosidl_generator_py/uc1_robot_controllers_interfaces/msg/_move_robot_goal_s.c.o -MF CMakeFiles/uc1_robot_controllers_interfaces__rosidl_generator_py.dir/rosidl_generator_py/uc1_robot_controllers_interfaces/msg/_move_robot_goal_s.c.o.d -o CMakeFiles/uc1_robot_controllers_interfaces__rosidl_generator_py.dir/rosidl_generator_py/uc1_robot_controllers_interfaces/msg/_move_robot_goal_s.c.o -c /home/maclab/Documents/ROS_WORKSPACES/WS_Master_Thesis/build/uc1_robot_controllers_interfaces/rosidl_generator_py/uc1_robot_controllers_interfaces/msg/_move_robot_goal_s.c
[1.833s] [ 89%] [32m[1mLinking C shared library rosidl_generator_py/uc1_robot_controllers_interfaces/libuc1_robot_controllers_interfaces__rosidl_generator_py.so[0m
[1.834s] /usr/bin/cmake -E cmake_link_script CMakeFiles/uc1_robot_controllers_interfaces__rosidl_generator_py.dir/link.txt --verbose=1
[1.838s] /usr/bin/cc -fPIC -O3 -DNDEBUG -shared -Wl,-soname,libuc1_robot_controllers_interfaces__rosidl_generator_py.so -o rosidl_generator_py/uc1_robot_controllers_interfaces/libuc1_robot_controllers_interfaces__rosidl_generator_py.so CMakeFiles/uc1_robot_controllers_interfaces__rosidl_generator_py.dir/rosidl_generator_py/uc1_robot_controllers_interfaces/action/_move_robot_s.c.o CMakeFiles/uc1_robot_controllers_interfaces__rosidl_generator_py.dir/rosidl_generator_py/uc1_robot_controllers_interfaces/action/_move_robot_tp_s.c.o CMakeFiles/uc1_robot_controllers_interfaces__rosidl_generator_py.dir/rosidl_generator_py/uc1_robot_controllers_interfaces/msg/_move_robot_point_s.c.o CMakeFiles/uc1_robot_controllers_interfaces__rosidl_generator_py.dir/rosidl_generator_py/uc1_robot_controllers_interfaces/msg/_move_robot_orient_s.c.o CMakeFiles/uc1_robot_controllers_interfaces__rosidl_generator_py.dir/rosidl_generator_py/uc1_robot_controllers_interfaces/msg/_move_robot_goal_s.c.o  -Wl,-rpath,/home/maclab/Documents/ROS_WORKSPACES/WS_Master_Thesis/build/uc1_robot_controllers_interfaces:/opt/ros/humble/lib: /usr/lib/x86_64-linux-gnu/libpython3.10.so libuc1_robot_controllers_interfaces__rosidl_typesupport_c.so /opt/ros/humble/lib/libgeometry_msgs__rosidl_generator_py.so /opt/ros/humble/lib/libstd_msgs__rosidl_generator_py.so /opt/ros/humble/lib/libaction_msgs__rosidl_generator_py.so /opt/ros/humble/lib/libunique_identifier_msgs__rosidl_generator_py.so libuc1_robot_controllers_interfaces__rosidl_generator_c.so /opt/ros/humble/lib/libgeometry_msgs__rosidl_typesupport_c.so /opt/ros/humble/lib/libgeometry_msgs__rosidl_generator_c.so /opt/ros/humble/lib/libstd_msgs__rosidl_typesupport_c.so /opt/ros/humble/lib/libstd_msgs__rosidl_generator_c.so /opt/ros/humble/lib/libbuiltin_interfaces__rosidl_generator_py.so /usr/lib/x86_64-linux-gnu/libpython3.10.so /opt/ros/humble/lib/libaction_msgs__rosidl_typesupport_c.so /opt/ros/humble/lib/libaction_msgs__rosidl_generator_c.so /opt/ros/humble/lib/libbuiltin_interfaces__rosidl_typesupport_c.so /opt/ros/humble/lib/libbuiltin_interfaces__rosidl_generator_c.so /opt/ros/humble/lib/libunique_identifier_msgs__rosidl_typesupport_c.so /opt/ros/humble/lib/libunique_identifier_msgs__rosidl_generator_c.so /opt/ros/humble/lib/librosidl_runtime_c.so /opt/ros/humble/lib/librcutils.so -ldl -Wl,-rpath-link,/opt/ros/humble/lib 
[1.851s] gmake[2]: Leaving directory '/home/maclab/Documents/ROS_WORKSPACES/WS_Master_Thesis/build/uc1_robot_controllers_interfaces'
[1.856s] [ 89%] Built target uc1_robot_controllers_interfaces__rosidl_generator_py
[1.856s] /usr/bin/gmake  -f CMakeFiles/uc1_robot_controllers_interfaces__rosidl_typesupport_fastrtps_c__pyext.dir/build.make CMakeFiles/uc1_robot_controllers_interfaces__rosidl_typesupport_fastrtps_c__pyext.dir/depend
[1.856s] /usr/bin/gmake  -f CMakeFiles/uc1_robot_controllers_interfaces__rosidl_typesupport_introspection_c__pyext.dir/build.make CMakeFiles/uc1_robot_controllers_interfaces__rosidl_typesupport_introspection_c__pyext.dir/depend
[1.857s] /usr/bin/gmake  -f CMakeFiles/uc1_robot_controllers_interfaces__rosidl_typesupport_c__pyext.dir/build.make CMakeFiles/uc1_robot_controllers_interfaces__rosidl_typesupport_c__pyext.dir/depend
[1.857s] gmake[2]: Entering directory '/home/maclab/Documents/ROS_WORKSPACES/WS_Master_Thesis/build/uc1_robot_controllers_interfaces'
[1.857s] cd /home/maclab/Documents/ROS_WORKSPACES/WS_Master_Thesis/build/uc1_robot_controllers_interfaces && /usr/bin/cmake -E cmake_depends "Unix Makefiles" /home/maclab/Documents/ROS_WORKSPACES/WS_Master_Thesis/src/uc1_robot_controllers_interfaces /home/maclab/Documents/ROS_WORKSPACES/WS_Master_Thesis/src/uc1_robot_controllers_interfaces /home/maclab/Documents/ROS_WORKSPACES/WS_Master_Thesis/build/uc1_robot_controllers_interfaces /home/maclab/Documents/ROS_WORKSPACES/WS_Master_Thesis/build/uc1_robot_controllers_interfaces /home/maclab/Documents/ROS_WORKSPACES/WS_Master_Thesis/build/uc1_robot_controllers_interfaces/CMakeFiles/uc1_robot_controllers_interfaces__rosidl_typesupport_fastrtps_c__pyext.dir/DependInfo.cmake --color=
[1.857s] gmake[2]: Entering directory '/home/maclab/Documents/ROS_WORKSPACES/WS_Master_Thesis/build/uc1_robot_controllers_interfaces'
[1.857s] cd /home/maclab/Documents/ROS_WORKSPACES/WS_Master_Thesis/build/uc1_robot_controllers_interfaces && /usr/bin/cmake -E cmake_depends "Unix Makefiles" /home/maclab/Documents/ROS_WORKSPACES/WS_Master_Thesis/src/uc1_robot_controllers_interfaces /home/maclab/Documents/ROS_WORKSPACES/WS_Master_Thesis/src/uc1_robot_controllers_interfaces /home/maclab/Documents/ROS_WORKSPACES/WS_Master_Thesis/build/uc1_robot_controllers_interfaces /home/maclab/Documents/ROS_WORKSPACES/WS_Master_Thesis/build/uc1_robot_controllers_interfaces /home/maclab/Documents/ROS_WORKSPACES/WS_Master_Thesis/build/uc1_robot_controllers_interfaces/CMakeFiles/uc1_robot_controllers_interfaces__rosidl_typesupport_introspection_c__pyext.dir/DependInfo.cmake --color=
[1.857s] gmake[2]: Entering directory '/home/maclab/Documents/ROS_WORKSPACES/WS_Master_Thesis/build/uc1_robot_controllers_interfaces'
[1.857s] cd /home/maclab/Documents/ROS_WORKSPACES/WS_Master_Thesis/build/uc1_robot_controllers_interfaces && /usr/bin/cmake -E cmake_depends "Unix Makefiles" /home/maclab/Documents/ROS_WORKSPACES/WS_Master_Thesis/src/uc1_robot_controllers_interfaces /home/maclab/Documents/ROS_WORKSPACES/WS_Master_Thesis/src/uc1_robot_controllers_interfaces /home/maclab/Documents/ROS_WORKSPACES/WS_Master_Thesis/build/uc1_robot_controllers_interfaces /home/maclab/Documents/ROS_WORKSPACES/WS_Master_Thesis/build/uc1_robot_controllers_interfaces /home/maclab/Documents/ROS_WORKSPACES/WS_Master_Thesis/build/uc1_robot_controllers_interfaces/CMakeFiles/uc1_robot_controllers_interfaces__rosidl_typesupport_c__pyext.dir/DependInfo.cmake --color=
[1.861s] Dependencies file "CMakeFiles/uc1_robot_controllers_interfaces__rosidl_typesupport_fastrtps_c__pyext.dir/rosidl_generator_py/uc1_robot_controllers_interfaces/_uc1_robot_controllers_interfaces_s.ep.rosidl_typesupport_fastrtps_c.c.o.d" is newer than depends file "/home/maclab/Documents/ROS_WORKSPACES/WS_Master_Thesis/build/uc1_robot_controllers_interfaces/CMakeFiles/uc1_robot_controllers_interfaces__rosidl_typesupport_fastrtps_c__pyext.dir/compiler_depend.internal".
[1.861s] [35m[1mConsolidate compiler generated dependencies of target uc1_robot_controllers_interfaces__rosidl_typesupport_fastrtps_c__pyext[0m
[1.861s] Dependencies file "CMakeFiles/uc1_robot_controllers_interfaces__rosidl_typesupport_c__pyext.dir/rosidl_generator_py/uc1_robot_controllers_interfaces/_uc1_robot_controllers_interfaces_s.ep.rosidl_typesupport_c.c.o.d" is newer than depends file "/home/maclab/Documents/ROS_WORKSPACES/WS_Master_Thesis/build/uc1_robot_controllers_interfaces/CMakeFiles/uc1_robot_controllers_interfaces__rosidl_typesupport_c__pyext.dir/compiler_depend.internal".
[1.862s] gmake[2]: Leaving directory '/home/maclab/Documents/ROS_WORKSPACES/WS_Master_Thesis/build/uc1_robot_controllers_interfaces'
[1.862s] [35m[1mConsolidate compiler generated dependencies of target uc1_robot_controllers_interfaces__rosidl_typesupport_c__pyext[0m
[1.862s] /usr/bin/gmake  -f CMakeFiles/uc1_robot_controllers_interfaces__rosidl_typesupport_fastrtps_c__pyext.dir/build.make CMakeFiles/uc1_robot_controllers_interfaces__rosidl_typesupport_fastrtps_c__pyext.dir/build
[1.862s] Dependencies file "CMakeFiles/uc1_robot_controllers_interfaces__rosidl_typesupport_introspection_c__pyext.dir/rosidl_generator_py/uc1_robot_controllers_interfaces/_uc1_robot_controllers_interfaces_s.ep.rosidl_typesupport_introspection_c.c.o.d" is newer than depends file "/home/maclab/Documents/ROS_WORKSPACES/WS_Master_Thesis/build/uc1_robot_controllers_interfaces/CMakeFiles/uc1_robot_controllers_interfaces__rosidl_typesupport_introspection_c__pyext.dir/compiler_depend.internal".
[1.862s] [35m[1mConsolidate compiler generated dependencies of target uc1_robot_controllers_interfaces__rosidl_typesupport_introspection_c__pyext[0m
[1.862s] gmake[2]: Leaving directory '/home/maclab/Documents/ROS_WORKSPACES/WS_Master_Thesis/build/uc1_robot_controllers_interfaces'
[1.862s] /usr/bin/gmake  -f CMakeFiles/uc1_robot_controllers_interfaces__rosidl_typesupport_c__pyext.dir/build.make CMakeFiles/uc1_robot_controllers_interfaces__rosidl_typesupport_c__pyext.dir/build
[1.863s] gmake[2]: Entering directory '/home/maclab/Documents/ROS_WORKSPACES/WS_Master_Thesis/build/uc1_robot_controllers_interfaces'
[1.863s] gmake[2]: Leaving directory '/home/maclab/Documents/ROS_WORKSPACES/WS_Master_Thesis/build/uc1_robot_controllers_interfaces'
[1.863s] /usr/bin/gmake  -f CMakeFiles/uc1_robot_controllers_interfaces__rosidl_typesupport_introspection_c__pyext.dir/build.make CMakeFiles/uc1_robot_controllers_interfaces__rosidl_typesupport_introspection_c__pyext.dir/build
[1.864s] gmake[2]: Entering directory '/home/maclab/Documents/ROS_WORKSPACES/WS_Master_Thesis/build/uc1_robot_controllers_interfaces'
[1.865s] gmake[2]: Entering directory '/home/maclab/Documents/ROS_WORKSPACES/WS_Master_Thesis/build/uc1_robot_controllers_interfaces'
[1.867s] [ 90%] [32mBuilding C object CMakeFiles/uc1_robot_controllers_interfaces__rosidl_typesupport_fastrtps_c__pyext.dir/rosidl_generator_py/uc1_robot_controllers_interfaces/_uc1_robot_controllers_interfaces_s.ep.rosidl_typesupport_fastrtps_c.c.o[0m
[1.867s] /usr/bin/cc -DRCUTILS_ENABLE_FAULT_INJECTION -DROS_PACKAGE_NAME=\"uc1_robot_controllers_interfaces\" -Duc1_robot_controllers_interfaces__rosidl_typesupport_fastrtps_c__pyext_EXPORTS -I/home/maclab/Documents/ROS_WORKSPACES/WS_Master_Thesis/build/uc1_robot_controllers_interfaces/rosidl_generator_c -I/home/maclab/Documents/ROS_WORKSPACES/WS_Master_Thesis/build/uc1_robot_controllers_interfaces/rosidl_generator_py -I/usr/include/python3.10 -I/home/maclab/Documents/ROS_WORKSPACES/WS_Master_Thesis/build/uc1_robot_controllers_interfaces/rosidl_typesupport_fastrtps_c -isystem /opt/ros/humble/include/rosidl_runtime_c -isystem /opt/ros/humble/include/rosidl_typesupport_c -isystem /opt/ros/humble/include/rosidl_typesupport_interface -isystem /opt/ros/humble/include/geometry_msgs -isystem /opt/ros/humble/include/std_msgs -isystem /opt/ros/humble/include/builtin_interfaces -isystem /opt/ros/humble/include/action_msgs -isystem /opt/ros/humble/include/unique_identifier_msgs -isystem /opt/ros/humble/include/rmw -isystem /opt/ros/humble/include/rcutils -isystem /opt/ros/humble/include/fastcdr -isystem /opt/ros/humble/include/rosidl_runtime_cpp -isystem /opt/ros/humble/include/rosidl_typesupport_fastrtps_cpp -isystem /opt/ros/humble/include/rosidl_typesupport_fastrtps_c -isystem /opt/ros/humble/include/rosidl_typesupport_introspection_c -isystem /opt/ros/humble/include/rosidl_typesupport_introspection_cpp -O3 -DNDEBUG -fPIC -Wall -Wextra -MD -MT CMakeFiles/uc1_robot_controllers_interfaces__rosidl_typesupport_fastrtps_c__pyext.dir/rosidl_generator_py/uc1_robot_controllers_interfaces/_uc1_robot_controllers_interfaces_s.ep.rosidl_typesupport_fastrtps_c.c.o -MF CMakeFiles/uc1_robot_controllers_interfaces__rosidl_typesupport_fastrtps_c__pyext.dir/rosidl_generator_py/uc1_robot_controllers_interfaces/_uc1_robot_controllers_interfaces_s.ep.rosidl_typesupport_fastrtps_c.c.o.d -o CMakeFiles/uc1_robot_controllers_interfaces__rosidl_typesupport_fastrtps_c__pyext.dir/rosidl_generator_py/uc1_robot_controllers_interfaces/_uc1_robot_controllers_interfaces_s.ep.rosidl_typesupport_fastrtps_c.c.o -c /home/maclab/Documents/ROS_WORKSPACES/WS_Master_Thesis/build/uc1_robot_controllers_interfaces/rosidl_generator_py/uc1_robot_controllers_interfaces/_uc1_robot_controllers_interfaces_s.ep.rosidl_typesupport_fastrtps_c.c
[1.868s] [ 92%] [32mBuilding C object CMakeFiles/uc1_robot_controllers_interfaces__rosidl_typesupport_introspection_c__pyext.dir/rosidl_generator_py/uc1_robot_controllers_interfaces/_uc1_robot_controllers_interfaces_s.ep.rosidl_typesupport_introspection_c.c.o[0m
[1.869s] [ 93%] [32mBuilding C object CMakeFiles/uc1_robot_controllers_interfaces__rosidl_typesupport_c__pyext.dir/rosidl_generator_py/uc1_robot_controllers_interfaces/_uc1_robot_controllers_interfaces_s.ep.rosidl_typesupport_c.c.o[0m
[1.869s] /usr/bin/cc -DRCUTILS_ENABLE_FAULT_INJECTION -DROS_PACKAGE_NAME=\"uc1_robot_controllers_interfaces\" -Duc1_robot_controllers_interfaces__rosidl_typesupport_introspection_c__pyext_EXPORTS -I/home/maclab/Documents/ROS_WORKSPACES/WS_Master_Thesis/build/uc1_robot_controllers_interfaces/rosidl_generator_c -I/home/maclab/Documents/ROS_WORKSPACES/WS_Master_Thesis/build/uc1_robot_controllers_interfaces/rosidl_generator_py -I/usr/include/python3.10 -I/home/maclab/Documents/ROS_WORKSPACES/WS_Master_Thesis/build/uc1_robot_controllers_interfaces/rosidl_typesupport_introspection_c -isystem /opt/ros/humble/include/rosidl_runtime_c -isystem /opt/ros/humble/include/rosidl_typesupport_c -isystem /opt/ros/humble/include/rosidl_typesupport_interface -isystem /opt/ros/humble/include/geometry_msgs -isystem /opt/ros/humble/include/std_msgs -isystem /opt/ros/humble/include/builtin_interfaces -isystem /opt/ros/humble/include/action_msgs -isystem /opt/ros/humble/include/unique_identifier_msgs -isystem /opt/ros/humble/include/rmw -isystem /opt/ros/humble/include/rcutils -isystem /opt/ros/humble/include/rosidl_typesupport_introspection_c -isystem /opt/ros/humble/include/fastcdr -isystem /opt/ros/humble/include/rosidl_runtime_cpp -isystem /opt/ros/humble/include/rosidl_typesupport_fastrtps_cpp -isystem /opt/ros/humble/include/rosidl_typesupport_fastrtps_c -isystem /opt/ros/humble/include/rosidl_typesupport_introspection_cpp -O3 -DNDEBUG -fPIC -Wall -Wextra -MD -MT CMakeFiles/uc1_robot_controllers_interfaces__rosidl_typesupport_introspection_c__pyext.dir/rosidl_generator_py/uc1_robot_controllers_interfaces/_uc1_robot_controllers_interfaces_s.ep.rosidl_typesupport_introspection_c.c.o -MF CMakeFiles/uc1_robot_controllers_interfaces__rosidl_typesupport_introspection_c__pyext.dir/rosidl_generator_py/uc1_robot_controllers_interfaces/_uc1_robot_controllers_interfaces_s.ep.rosidl_typesupport_introspection_c.c.o.d -o CMakeFiles/uc1_robot_controllers_interfaces__rosidl_typesupport_introspection_c__pyext.dir/rosidl_generator_py/uc1_robot_controllers_interfaces/_uc1_robot_controllers_interfaces_s.ep.rosidl_typesupport_introspection_c.c.o -c /home/maclab/Documents/ROS_WORKSPACES/WS_Master_Thesis/build/uc1_robot_controllers_interfaces/rosidl_generator_py/uc1_robot_controllers_interfaces/_uc1_robot_controllers_interfaces_s.ep.rosidl_typesupport_introspection_c.c
[1.869s] /usr/bin/cc -DRCUTILS_ENABLE_FAULT_INJECTION -DROS_PACKAGE_NAME=\"uc1_robot_controllers_interfaces\" -Duc1_robot_controllers_interfaces__rosidl_typesupport_c__pyext_EXPORTS -I/home/maclab/Documents/ROS_WORKSPACES/WS_Master_Thesis/build/uc1_robot_controllers_interfaces/rosidl_generator_c -I/home/maclab/Documents/ROS_WORKSPACES/WS_Master_Thesis/build/uc1_robot_controllers_interfaces/rosidl_generator_py -I/usr/include/python3.10 -isystem /opt/ros/humble/include/rosidl_runtime_c -isystem /opt/ros/humble/include/rosidl_typesupport_c -isystem /opt/ros/humble/include/rosidl_typesupport_interface -isystem /opt/ros/humble/include/geometry_msgs -isystem /opt/ros/humble/include/std_msgs -isystem /opt/ros/humble/include/builtin_interfaces -isystem /opt/ros/humble/include/action_msgs -isystem /opt/ros/humble/include/unique_identifier_msgs -isystem /opt/ros/humble/include/rmw -isystem /opt/ros/humble/include/rcutils -isystem /opt/ros/humble/include/fastcdr -isystem /opt/ros/humble/include/rosidl_runtime_cpp -isystem /opt/ros/humble/include/rosidl_typesupport_fastrtps_cpp -isystem /opt/ros/humble/include/rosidl_typesupport_fastrtps_c -isystem /opt/ros/humble/include/rosidl_typesupport_introspection_c -isystem /opt/ros/humble/include/rosidl_typesupport_introspection_cpp -O3 -DNDEBUG -fPIC -Wall -Wextra -MD -MT CMakeFiles/uc1_robot_controllers_interfaces__rosidl_typesupport_c__pyext.dir/rosidl_generator_py/uc1_robot_controllers_interfaces/_uc1_robot_controllers_interfaces_s.ep.rosidl_typesupport_c.c.o -MF CMakeFiles/uc1_robot_controllers_interfaces__rosidl_typesupport_c__pyext.dir/rosidl_generator_py/uc1_robot_controllers_interfaces/_uc1_robot_controllers_interfaces_s.ep.rosidl_typesupport_c.c.o.d -o CMakeFiles/uc1_robot_controllers_interfaces__rosidl_typesupport_c__pyext.dir/rosidl_generator_py/uc1_robot_controllers_interfaces/_uc1_robot_controllers_interfaces_s.ep.rosidl_typesupport_c.c.o -c /home/maclab/Documents/ROS_WORKSPACES/WS_Master_Thesis/build/uc1_robot_controllers_interfaces/rosidl_generator_py/uc1_robot_controllers_interfaces/_uc1_robot_controllers_interfaces_s.ep.rosidl_typesupport_c.c
[2.031s] [ 98%] [32m[1mLinking C shared library rosidl_generator_py/uc1_robot_controllers_interfaces/uc1_robot_controllers_interfaces_s__rosidl_typesupport_fastrtps_c.cpython-310-x86_64-linux-gnu.so[0m
[2.031s] [ 98%] [32m[1mLinking C shared library rosidl_generator_py/uc1_robot_controllers_interfaces/uc1_robot_controllers_interfaces_s__rosidl_typesupport_introspection_c.cpython-310-x86_64-linux-gnu.so[0m
[2.031s] [ 98%] [32m[1mLinking C shared library rosidl_generator_py/uc1_robot_controllers_interfaces/uc1_robot_controllers_interfaces_s__rosidl_typesupport_c.cpython-310-x86_64-linux-gnu.so[0m
[2.032s] /usr/bin/cmake -E cmake_link_script CMakeFiles/uc1_robot_controllers_interfaces__rosidl_typesupport_fastrtps_c__pyext.dir/link.txt --verbose=1
[2.032s] /usr/bin/cmake -E cmake_link_script CMakeFiles/uc1_robot_controllers_interfaces__rosidl_typesupport_introspection_c__pyext.dir/link.txt --verbose=1
[2.032s] /usr/bin/cmake -E cmake_link_script CMakeFiles/uc1_robot_controllers_interfaces__rosidl_typesupport_c__pyext.dir/link.txt --verbose=1
[2.034s] /usr/bin/cc -fPIC -O3 -DNDEBUG -shared -Wl,-soname,uc1_robot_controllers_interfaces_s__rosidl_typesupport_fastrtps_c.cpython-310-x86_64-linux-gnu.so -o rosidl_generator_py/uc1_robot_controllers_interfaces/uc1_robot_controllers_interfaces_s__rosidl_typesupport_fastrtps_c.cpython-310-x86_64-linux-gnu.so CMakeFiles/uc1_robot_controllers_interfaces__rosidl_typesupport_fastrtps_c__pyext.dir/rosidl_generator_py/uc1_robot_controllers_interfaces/_uc1_robot_controllers_interfaces_s.ep.rosidl_typesupport_fastrtps_c.c.o  -Wl,-rpath,/home/maclab/Documents/ROS_WORKSPACES/WS_Master_Thesis/build/uc1_robot_controllers_interfaces/rosidl_generator_py/uc1_robot_controllers_interfaces:/home/maclab/Documents/ROS_WORKSPACES/WS_Master_Thesis/build/uc1_robot_controllers_interfaces:/opt/ros/humble/lib: rosidl_generator_py/uc1_robot_controllers_interfaces/libuc1_robot_controllers_interfaces__rosidl_generator_py.so /usr/lib/x86_64-linux-gnu/libpython3.10.so libuc1_robot_controllers_interfaces__rosidl_typesupport_fastrtps_c.so libuc1_robot_controllers_interfaces__rosidl_typesupport_c.so /opt/ros/humble/lib/libgeometry_msgs__rosidl_typesupport_fastrtps_c.so /opt/ros/humble/lib/libgeometry_msgs__rosidl_typesupport_introspection_c.so /opt/ros/humble/lib/libgeometry_msgs__rosidl_typesupport_fastrtps_cpp.so /opt/ros/humble/lib/libgeometry_msgs__rosidl_typesupport_introspection_cpp.so /opt/ros/humble/lib/libgeometry_msgs__rosidl_typesupport_cpp.so /opt/ros/humble/lib/libgeometry_msgs__rosidl_generator_py.so /opt/ros/humble/lib/libstd_msgs__rosidl_typesupport_fastrtps_c.so /opt/ros/humble/lib/libstd_msgs__rosidl_typesupport_fastrtps_cpp.so /opt/ros/humble/lib/libstd_msgs__rosidl_typesupport_introspection_c.so /opt/ros/humble/lib/libstd_msgs__rosidl_typesupport_introspection_cpp.so /opt/ros/humble/lib/libstd_msgs__rosidl_typesupport_cpp.so /opt/ros/humble/lib/libstd_msgs__rosidl_generator_py.so /opt/ros/humble/lib/libaction_msgs__rosidl_typesupport_fastrtps_c.so /opt/ros/humble/lib/libaction_msgs__rosidl_typesupport_fastrtps_cpp.so /opt/ros/humble/lib/libaction_msgs__rosidl_typesupport_introspection_c.so /opt/ros/humble/lib/libaction_msgs__rosidl_typesupport_introspection_cpp.so /opt/ros/humble/lib/libaction_msgs__rosidl_typesupport_cpp.so /opt/ros/humble/lib/libaction_msgs__rosidl_generator_py.so /opt/ros/humble/lib/libunique_identifier_msgs__rosidl_typesupport_fastrtps_c.so /opt/ros/humble/lib/libunique_identifier_msgs__rosidl_typesupport_introspection_c.so /opt/ros/humble/lib/libunique_identifier_msgs__rosidl_typesupport_fastrtps_cpp.so /opt/ros/humble/lib/libunique_identifier_msgs__rosidl_typesupport_introspection_cpp.so /opt/ros/humble/lib/libunique_identifier_msgs__rosidl_typesupport_cpp.so /opt/ros/humble/lib/libunique_identifier_msgs__rosidl_generator_py.so /opt/ros/humble/lib/librmw.so /opt/ros/humble/lib/libgeometry_msgs__rosidl_typesupport_c.so /opt/ros/humble/lib/libstd_msgs__rosidl_typesupport_c.so /opt/ros/humble/lib/libbuiltin_interfaces__rosidl_generator_py.so /opt/ros/humble/lib/libaction_msgs__rosidl_typesupport_c.so /opt/ros/humble/lib/libbuiltin_interfaces__rosidl_typesupport_c.so /usr/lib/x86_64-linux-gnu/libpython3.10.so /opt/ros/humble/lib/libunique_identifier_msgs__rosidl_typesupport_c.so /opt/ros/humble/lib/libbuiltin_interfaces__rosidl_typesupport_fastrtps_c.so libuc1_robot_controllers_interfaces__rosidl_generator_c.so /opt/ros/humble/lib/librosidl_typesupport_fastrtps_c.so /opt/ros/humble/lib/libgeometry_msgs__rosidl_generator_c.so /opt/ros/humble/lib/libstd_msgs__rosidl_generator_c.so /opt/ros/humble/lib/libbuiltin_interfaces__rosidl_typesupport_fastrtps_cpp.so /opt/ros/humble/lib/librosidl_typesupport_fastrtps_cpp.so /opt/ros/humble/lib/libfastcdr.so.1.0.24 /opt/ros/humble/lib/librmw.so /opt/ros/humble/lib/libbuiltin_interfaces__rosidl_typesupport_introspection_c.so /opt/ros/humble/lib/libaction_msgs__rosidl_generator_c.so /opt/ros/humble/lib/libbuiltin_interfaces__rosidl_generator_c.so /opt/ros/humble/lib/libunique_identifier_msgs__rosidl_generator_c.so /opt/ros/humble/lib/libbuiltin_interfaces__rosidl_typesupport_introspection_cpp.so /opt/ros/humble/lib/librosidl_typesupport_introspection_cpp.so /opt/ros/humble/lib/librosidl_typesupport_introspection_c.so /opt/ros/humble/lib/libbuiltin_interfaces__rosidl_typesupport_cpp.so /opt/ros/humble/lib/librosidl_typesupport_c.so /opt/ros/humble/lib/librosidl_runtime_c.so /opt/ros/humble/lib/librcutils.so -ldl -Wl,-rpath-link,/opt/ros/humble/lib 
[2.034s] /usr/bin/cc -fPIC -O3 -DNDEBUG -shared -Wl,-soname,uc1_robot_controllers_interfaces_s__rosidl_typesupport_introspection_c.cpython-310-x86_64-linux-gnu.so -o rosidl_generator_py/uc1_robot_controllers_interfaces/uc1_robot_controllers_interfaces_s__rosidl_typesupport_introspection_c.cpython-310-x86_64-linux-gnu.so CMakeFiles/uc1_robot_controllers_interfaces__rosidl_typesupport_introspection_c__pyext.dir/rosidl_generator_py/uc1_robot_controllers_interfaces/_uc1_robot_controllers_interfaces_s.ep.rosidl_typesupport_introspection_c.c.o  -Wl,-rpath,/home/maclab/Documents/ROS_WORKSPACES/WS_Master_Thesis/build/uc1_robot_controllers_interfaces/rosidl_generator_py/uc1_robot_controllers_interfaces:/home/maclab/Documents/ROS_WORKSPACES/WS_Master_Thesis/build/uc1_robot_controllers_interfaces:/opt/ros/humble/lib: rosidl_generator_py/uc1_robot_controllers_interfaces/libuc1_robot_controllers_interfaces__rosidl_generator_py.so /usr/lib/x86_64-linux-gnu/libpython3.10.so libuc1_robot_controllers_interfaces__rosidl_typesupport_introspection_c.so libuc1_robot_controllers_interfaces__rosidl_typesupport_c.so /opt/ros/humble/lib/libgeometry_msgs__rosidl_typesupport_fastrtps_c.so /opt/ros/humble/lib/libgeometry_msgs__rosidl_typesupport_introspection_c.so /opt/ros/humble/lib/libgeometry_msgs__rosidl_typesupport_fastrtps_cpp.so /opt/ros/humble/lib/libgeometry_msgs__rosidl_typesupport_introspection_cpp.so /opt/ros/humble/lib/libgeometry_msgs__rosidl_typesupport_cpp.so /opt/ros/humble/lib/libgeometry_msgs__rosidl_generator_py.so /opt/ros/humble/lib/libstd_msgs__rosidl_typesupport_fastrtps_c.so /opt/ros/humble/lib/libstd_msgs__rosidl_typesupport_fastrtps_cpp.so /opt/ros/humble/lib/libstd_msgs__rosidl_typesupport_introspection_c.so /opt/ros/humble/lib/libstd_msgs__rosidl_typesupport_introspection_cpp.so /opt/ros/humble/lib/libstd_msgs__rosidl_typesupport_cpp.so /opt/ros/humble/lib/libstd_msgs__rosidl_generator_py.so /opt/ros/humble/lib/libaction_msgs__rosidl_typesupport_fastrtps_c.so /opt/ros/humble/lib/libaction_msgs__rosidl_typesupport_fastrtps_cpp.so /opt/ros/humble/lib/libaction_msgs__rosidl_typesupport_introspection_c.so /opt/ros/humble/lib/libaction_msgs__rosidl_typesupport_introspection_cpp.so /opt/ros/humble/lib/libaction_msgs__rosidl_typesupport_cpp.so /opt/ros/humble/lib/libaction_msgs__rosidl_generator_py.so /opt/ros/humble/lib/libunique_identifier_msgs__rosidl_typesupport_fastrtps_c.so /opt/ros/humble/lib/libunique_identifier_msgs__rosidl_typesupport_introspection_c.so /opt/ros/humble/lib/libunique_identifier_msgs__rosidl_typesupport_fastrtps_cpp.so /opt/ros/humble/lib/libunique_identifier_msgs__rosidl_typesupport_introspection_cpp.so /opt/ros/humble/lib/libunique_identifier_msgs__rosidl_typesupport_cpp.so /opt/ros/humble/lib/libunique_identifier_msgs__rosidl_generator_py.so /opt/ros/humble/lib/librmw.so /opt/ros/humble/lib/libgeometry_msgs__rosidl_typesupport_c.so /opt/ros/humble/lib/libstd_msgs__rosidl_typesupport_c.so /opt/ros/humble/lib/libbuiltin_interfaces__rosidl_generator_py.so /opt/ros/humble/lib/libaction_msgs__rosidl_typesupport_c.so /opt/ros/humble/lib/libbuiltin_interfaces__rosidl_typesupport_c.so /usr/lib/x86_64-linux-gnu/libpython3.10.so /opt/ros/humble/lib/libunique_identifier_msgs__rosidl_typesupport_c.so /opt/ros/humble/lib/libbuiltin_interfaces__rosidl_typesupport_introspection_c.so libuc1_robot_controllers_interfaces__rosidl_generator_c.so /opt/ros/humble/lib/libgeometry_msgs__rosidl_generator_c.so /opt/ros/humble/lib/libstd_msgs__rosidl_generator_c.so /opt/ros/humble/lib/libbuiltin_interfaces__rosidl_typesupport_fastrtps_c.so /opt/ros/humble/lib/libaction_msgs__rosidl_generator_c.so /opt/ros/humble/lib/libbuiltin_interfaces__rosidl_generator_c.so /opt/ros/humble/lib/libunique_identifier_msgs__rosidl_generator_c.so /opt/ros/humble/lib/librosidl_typesupport_fastrtps_c.so /opt/ros/humble/lib/libbuiltin_interfaces__rosidl_typesupport_fastrtps_cpp.so /opt/ros/humble/lib/librosidl_typesupport_fastrtps_cpp.so /opt/ros/humble/lib/libfastcdr.so.1.0.24 /opt/ros/humble/lib/librmw.so /opt/ros/humble/lib/libbuiltin_interfaces__rosidl_typesupport_introspection_cpp.so /opt/ros/humble/lib/librosidl_typesupport_introspection_cpp.so /opt/ros/humble/lib/librosidl_typesupport_introspection_c.so /opt/ros/humble/lib/libbuiltin_interfaces__rosidl_typesupport_cpp.so /opt/ros/humble/lib/librosidl_typesupport_c.so /opt/ros/humble/lib/librosidl_runtime_c.so /opt/ros/humble/lib/librcutils.so -ldl -Wl,-rpath-link,/opt/ros/humble/lib 
[2.034s] /usr/bin/cc -fPIC -O3 -DNDEBUG -shared -Wl,-soname,uc1_robot_controllers_interfaces_s__rosidl_typesupport_c.cpython-310-x86_64-linux-gnu.so -o rosidl_generator_py/uc1_robot_controllers_interfaces/uc1_robot_controllers_interfaces_s__rosidl_typesupport_c.cpython-310-x86_64-linux-gnu.so CMakeFiles/uc1_robot_controllers_interfaces__rosidl_typesupport_c__pyext.dir/rosidl_generator_py/uc1_robot_controllers_interfaces/_uc1_robot_controllers_interfaces_s.ep.rosidl_typesupport_c.c.o  -Wl,-rpath,/home/maclab/Documents/ROS_WORKSPACES/WS_Master_Thesis/build/uc1_robot_controllers_interfaces/rosidl_generator_py/uc1_robot_controllers_interfaces:/home/maclab/Documents/ROS_WORKSPACES/WS_Master_Thesis/build/uc1_robot_controllers_interfaces:/opt/ros/humble/lib: rosidl_generator_py/uc1_robot_controllers_interfaces/libuc1_robot_controllers_interfaces__rosidl_generator_py.so /usr/lib/x86_64-linux-gnu/libpython3.10.so libuc1_robot_controllers_interfaces__rosidl_typesupport_c.so /opt/ros/humble/lib/libgeometry_msgs__rosidl_typesupport_fastrtps_c.so /opt/ros/humble/lib/libgeometry_msgs__rosidl_typesupport_introspection_c.so /opt/ros/humble/lib/libgeometry_msgs__rosidl_typesupport_fastrtps_cpp.so /opt/ros/humble/lib/libgeometry_msgs__rosidl_typesupport_introspection_cpp.so /opt/ros/humble/lib/libgeometry_msgs__rosidl_typesupport_cpp.so /opt/ros/humble/lib/libgeometry_msgs__rosidl_generator_py.so /opt/ros/humble/lib/libstd_msgs__rosidl_typesupport_fastrtps_c.so /opt/ros/humble/lib/libstd_msgs__rosidl_typesupport_fastrtps_cpp.so /opt/ros/humble/lib/libstd_msgs__rosidl_typesupport_introspection_c.so /opt/ros/humble/lib/libstd_msgs__rosidl_typesupport_introspection_cpp.so /opt/ros/humble/lib/libstd_msgs__rosidl_typesupport_cpp.so /opt/ros/humble/lib/libstd_msgs__rosidl_generator_py.so /opt/ros/humble/lib/libaction_msgs__rosidl_typesupport_fastrtps_c.so /opt/ros/humble/lib/libaction_msgs__rosidl_typesupport_fastrtps_cpp.so /opt/ros/humble/lib/libaction_msgs__rosidl_typesupport_introspection_c.so /opt/ros/humble/lib/libaction_msgs__rosidl_typesupport_introspection_cpp.so /opt/ros/humble/lib/libaction_msgs__rosidl_typesupport_cpp.so /opt/ros/humble/lib/libaction_msgs__rosidl_generator_py.so /opt/ros/humble/lib/libunique_identifier_msgs__rosidl_typesupport_fastrtps_c.so /opt/ros/humble/lib/libunique_identifier_msgs__rosidl_typesupport_introspection_c.so /opt/ros/humble/lib/libunique_identifier_msgs__rosidl_typesupport_fastrtps_cpp.so /opt/ros/humble/lib/libunique_identifier_msgs__rosidl_typesupport_introspection_cpp.so /opt/ros/humble/lib/libunique_identifier_msgs__rosidl_typesupport_cpp.so /opt/ros/humble/lib/libunique_identifier_msgs__rosidl_generator_py.so /opt/ros/humble/lib/librmw.so /opt/ros/humble/lib/libgeometry_msgs__rosidl_typesupport_c.so /opt/ros/humble/lib/libstd_msgs__rosidl_typesupport_c.so /opt/ros/humble/lib/libbuiltin_interfaces__rosidl_generator_py.so /opt/ros/humble/lib/libaction_msgs__rosidl_typesupport_c.so /opt/ros/humble/lib/libbuiltin_interfaces__rosidl_typesupport_c.so /usr/lib/x86_64-linux-gnu/libpython3.10.so /opt/ros/humble/lib/libunique_identifier_msgs__rosidl_typesupport_c.so libuc1_robot_controllers_interfaces__rosidl_generator_c.so /opt/ros/humble/lib/libgeometry_msgs__rosidl_generator_c.so /opt/ros/humble/lib/libstd_msgs__rosidl_generator_c.so /opt/ros/humble/lib/libbuiltin_interfaces__rosidl_typesupport_fastrtps_c.so /opt/ros/humble/lib/librosidl_typesupport_fastrtps_c.so /opt/ros/humble/lib/libbuiltin_interfaces__rosidl_typesupport_fastrtps_cpp.so /opt/ros/humble/lib/librosidl_typesupport_fastrtps_cpp.so /opt/ros/humble/lib/libfastcdr.so.1.0.24 /opt/ros/humble/lib/librmw.so /opt/ros/humble/lib/libbuiltin_interfaces__rosidl_typesupport_introspection_c.so /opt/ros/humble/lib/libaction_msgs__rosidl_generator_c.so /opt/ros/humble/lib/libbuiltin_interfaces__rosidl_generator_c.so /opt/ros/humble/lib/libunique_identifier_msgs__rosidl_generator_c.so /opt/ros/humble/lib/libbuiltin_interfaces__rosidl_typesupport_introspection_cpp.so /opt/ros/humble/lib/librosidl_typesupport_introspection_cpp.so /opt/ros/humble/lib/librosidl_typesupport_introspection_c.so /opt/ros/humble/lib/libbuiltin_interfaces__rosidl_typesupport_cpp.so /opt/ros/humble/lib/librosidl_typesupport_c.so /opt/ros/humble/lib/librosidl_runtime_c.so /opt/ros/humble/lib/librcutils.so -ldl -Wl,-rpath-link,/opt/ros/humble/lib 
[2.051s] gmake[2]: Leaving directory '/home/maclab/Documents/ROS_WORKSPACES/WS_Master_Thesis/build/uc1_robot_controllers_interfaces'
[2.053s] gmake[2]: Leaving directory '/home/maclab/Documents/ROS_WORKSPACES/WS_Master_Thesis/build/uc1_robot_controllers_interfaces'
[2.053s] gmake[2]: Leaving directory '/home/maclab/Documents/ROS_WORKSPACES/WS_Master_Thesis/build/uc1_robot_controllers_interfaces'
[2.056s] [ 98%] Built target uc1_robot_controllers_interfaces__rosidl_typesupport_introspection_c__pyext
[2.057s] [ 98%] Built target uc1_robot_controllers_interfaces__rosidl_typesupport_c__pyext
[2.057s] [ 98%] Built target uc1_robot_controllers_interfaces__rosidl_typesupport_fastrtps_c__pyext
[7.271s] [100%] [32m[1mLinking CXX shared library libTPComputation.so[0m
[7.271s] /usr/bin/cmake -E cmake_link_script CMakeFiles/TPComputation.dir/link.txt --verbose=1
[7.276s] /usr/bin/c++ -fPIC -O3 -DNDEBUG -shared -Wl,-soname,libTPComputation.so -o libTPComputation.so CMakeFiles/TPComputation.dir/src/TPComputation.cpp.o 
[7.316s] gmake[2]: Leaving directory '/home/maclab/Documents/ROS_WORKSPACES/WS_Master_Thesis/build/uc1_robot_controllers_interfaces'
[7.321s] [100%] Built target TPComputation
[7.322s] gmake[1]: Leaving directory '/home/maclab/Documents/ROS_WORKSPACES/WS_Master_Thesis/build/uc1_robot_controllers_interfaces'
[7.322s] /usr/bin/cmake -E cmake_progress_start /home/maclab/Documents/ROS_WORKSPACES/WS_Master_Thesis/build/uc1_robot_controllers_interfaces/CMakeFiles 0
[7.327s] Invoked command in '/home/maclab/Documents/ROS_WORKSPACES/WS_Master_Thesis/build/uc1_robot_controllers_interfaces' returned '0': CMAKE_PREFIX_PATH=/opt/ros/humble /usr/bin/cmake --build /home/maclab/Documents/ROS_WORKSPACES/WS_Master_Thesis/build/uc1_robot_controllers_interfaces -- -j32 -l32
[7.334s] Invoking command in '/home/maclab/Documents/ROS_WORKSPACES/WS_Master_Thesis/build/uc1_robot_controllers_interfaces': CMAKE_PREFIX_PATH=/opt/ros/humble /usr/bin/cmake --install /home/maclab/Documents/ROS_WORKSPACES/WS_Master_Thesis/build/uc1_robot_controllers_interfaces
[7.346s] -- Install configuration: "Release"
[7.346s] -- Up-to-date: /home/maclab/Documents/ROS_WORKSPACES/WS_Master_Thesis/install/uc1_robot_controllers_interfaces/share/ament_index/resource_index/rosidl_interfaces/uc1_robot_controllers_interfaces
[7.346s] -- Up-to-date: /home/maclab/Documents/ROS_WORKSPACES/WS_Master_Thesis/install/uc1_robot_controllers_interfaces/include/uc1_robot_controllers_interfaces/uc1_robot_controllers_interfaces
[7.346s] -- Up-to-date: /home/maclab/Documents/ROS_WORKSPACES/WS_Master_Thesis/install/uc1_robot_controllers_interfaces/include/uc1_robot_controllers_interfaces/uc1_robot_controllers_interfaces/msg
[7.346s] -- Up-to-date: /home/maclab/Documents/ROS_WORKSPACES/WS_Master_Thesis/install/uc1_robot_controllers_interfaces/include/uc1_robot_controllers_interfaces/uc1_robot_controllers_interfaces/msg/rosidl_generator_c__visibility_control.h
[7.346s] -- Up-to-date: /home/maclab/Documents/ROS_WORKSPACES/WS_Master_Thesis/install/uc1_robot_controllers_interfaces/include/uc1_robot_controllers_interfaces/uc1_robot_controllers_interfaces/msg/move_robot_point.h
[7.346s] -- Up-to-date: /home/maclab/Documents/ROS_WORKSPACES/WS_Master_Thesis/install/uc1_robot_controllers_interfaces/include/uc1_robot_controllers_interfaces/uc1_robot_controllers_interfaces/msg/detail
[7.346s] -- Up-to-date: /home/maclab/Documents/ROS_WORKSPACES/WS_Master_Thesis/install/uc1_robot_controllers_interfaces/include/uc1_robot_controllers_interfaces/uc1_robot_controllers_interfaces/msg/detail/move_robot_goal__functions.c
[7.347s] -- Up-to-date: /home/maclab/Documents/ROS_WORKSPACES/WS_Master_Thesis/install/uc1_robot_controllers_interfaces/include/uc1_robot_controllers_interfaces/uc1_robot_controllers_interfaces/msg/detail/move_robot_orient__functions.c
[7.347s] -- Up-to-date: /home/maclab/Documents/ROS_WORKSPACES/WS_Master_Thesis/install/uc1_robot_controllers_interfaces/include/uc1_robot_controllers_interfaces/uc1_robot_controllers_interfaces/msg/detail/move_robot_goal__type_support.h
[7.347s] -- Up-to-date: /home/maclab/Documents/ROS_WORKSPACES/WS_Master_Thesis/install/uc1_robot_controllers_interfaces/include/uc1_robot_controllers_interfaces/uc1_robot_controllers_interfaces/msg/detail/move_robot_orient__struct.h
[7.347s] -- Up-to-date: /home/maclab/Documents/ROS_WORKSPACES/WS_Master_Thesis/install/uc1_robot_controllers_interfaces/include/uc1_robot_controllers_interfaces/uc1_robot_controllers_interfaces/msg/detail/move_robot_orient__functions.h
[7.347s] -- Up-to-date: /home/maclab/Documents/ROS_WORKSPACES/WS_Master_Thesis/install/uc1_robot_controllers_interfaces/include/uc1_robot_controllers_interfaces/uc1_robot_controllers_interfaces/msg/detail/move_robot_goal__functions.h
[7.347s] -- Up-to-date: /home/maclab/Documents/ROS_WORKSPACES/WS_Master_Thesis/install/uc1_robot_controllers_interfaces/include/uc1_robot_controllers_interfaces/uc1_robot_controllers_interfaces/msg/detail/move_robot_goal__struct.h
[7.347s] -- Up-to-date: /home/maclab/Documents/ROS_WORKSPACES/WS_Master_Thesis/install/uc1_robot_controllers_interfaces/include/uc1_robot_controllers_interfaces/uc1_robot_controllers_interfaces/msg/detail/move_robot_point__type_support.h
[7.347s] -- Up-to-date: /home/maclab/Documents/ROS_WORKSPACES/WS_Master_Thesis/install/uc1_robot_controllers_interfaces/include/uc1_robot_controllers_interfaces/uc1_robot_controllers_interfaces/msg/detail/move_robot_orient__type_support.h
[7.347s] -- Up-to-date: /home/maclab/Documents/ROS_WORKSPACES/WS_Master_Thesis/install/uc1_robot_controllers_interfaces/include/uc1_robot_controllers_interfaces/uc1_robot_controllers_interfaces/msg/detail/move_robot_point__struct.h
[7.347s] -- Up-to-date: /home/maclab/Documents/ROS_WORKSPACES/WS_Master_Thesis/install/uc1_robot_controllers_interfaces/include/uc1_robot_controllers_interfaces/uc1_robot_controllers_interfaces/msg/detail/move_robot_point__functions.c
[7.348s] -- Up-to-date: /home/maclab/Documents/ROS_WORKSPACES/WS_Master_Thesis/install/uc1_robot_controllers_interfaces/include/uc1_robot_controllers_interfaces/uc1_robot_controllers_interfaces/msg/detail/move_robot_point__functions.h
[7.348s] -- Up-to-date: /home/maclab/Documents/ROS_WORKSPACES/WS_Master_Thesis/install/uc1_robot_controllers_interfaces/include/uc1_robot_controllers_interfaces/uc1_robot_controllers_interfaces/msg/move_robot_goal.h
[7.348s] -- Up-to-date: /home/maclab/Documents/ROS_WORKSPACES/WS_Master_Thesis/install/uc1_robot_controllers_interfaces/include/uc1_robot_controllers_interfaces/uc1_robot_controllers_interfaces/msg/move_robot_orient.h
[7.348s] -- Up-to-date: /home/maclab/Documents/ROS_WORKSPACES/WS_Master_Thesis/install/uc1_robot_controllers_interfaces/include/uc1_robot_controllers_interfaces/uc1_robot_controllers_interfaces/action
[7.348s] -- Up-to-date: /home/maclab/Documents/ROS_WORKSPACES/WS_Master_Thesis/install/uc1_robot_controllers_interfaces/include/uc1_robot_controllers_interfaces/uc1_robot_controllers_interfaces/action/move_robot.h
[7.348s] -- Up-to-date: /home/maclab/Documents/ROS_WORKSPACES/WS_Master_Thesis/install/uc1_robot_controllers_interfaces/include/uc1_robot_controllers_interfaces/uc1_robot_controllers_interfaces/action/detail
[7.348s] -- Up-to-date: /home/maclab/Documents/ROS_WORKSPACES/WS_Master_Thesis/install/uc1_robot_controllers_interfaces/include/uc1_robot_controllers_interfaces/uc1_robot_controllers_interfaces/action/detail/move_robot__struct.h
[7.349s] -- Up-to-date: /home/maclab/Documents/ROS_WORKSPACES/WS_Master_Thesis/install/uc1_robot_controllers_interfaces/include/uc1_robot_controllers_interfaces/uc1_robot_controllers_interfaces/action/detail/move_robot__functions.h
[7.349s] -- Up-to-date: /home/maclab/Documents/ROS_WORKSPACES/WS_Master_Thesis/install/uc1_robot_controllers_interfaces/include/uc1_robot_controllers_interfaces/uc1_robot_controllers_interfaces/action/detail/move_robot_tp__type_support.h
[7.349s] -- Up-to-date: /home/maclab/Documents/ROS_WORKSPACES/WS_Master_Thesis/install/uc1_robot_controllers_interfaces/include/uc1_robot_controllers_interfaces/uc1_robot_controllers_interfaces/action/detail/move_robot__functions.c
[7.349s] -- Up-to-date: /home/maclab/Documents/ROS_WORKSPACES/WS_Master_Thesis/install/uc1_robot_controllers_interfaces/include/uc1_robot_controllers_interfaces/uc1_robot_controllers_interfaces/action/detail/move_robot_tp__functions.h
[7.349s] -- Up-to-date: /home/maclab/Documents/ROS_WORKSPACES/WS_Master_Thesis/install/uc1_robot_controllers_interfaces/include/uc1_robot_controllers_interfaces/uc1_robot_controllers_interfaces/action/detail/move_robot__type_support.h
[7.349s] -- Up-to-date: /home/maclab/Documents/ROS_WORKSPACES/WS_Master_Thesis/install/uc1_robot_controllers_interfaces/include/uc1_robot_controllers_interfaces/uc1_robot_controllers_interfaces/action/detail/move_robot_tp__struct.h
[7.349s] -- Up-to-date: /home/maclab/Documents/ROS_WORKSPACES/WS_Master_Thesis/install/uc1_robot_controllers_interfaces/include/uc1_robot_controllers_interfaces/uc1_robot_controllers_interfaces/action/detail/move_robot_tp__functions.c
[7.349s] -- Up-to-date: /home/maclab/Documents/ROS_WORKSPACES/WS_Master_Thesis/install/uc1_robot_controllers_interfaces/include/uc1_robot_controllers_interfaces/uc1_robot_controllers_interfaces/action/move_robot_tp.h
[7.349s] -- Up-to-date: /home/maclab/Documents/ROS_WORKSPACES/WS_Master_Thesis/install/uc1_robot_controllers_interfaces/share/uc1_robot_controllers_interfaces/environment/library_path.sh
[7.350s] -- Installing: /home/maclab/Documents/ROS_WORKSPACES/WS_Master_Thesis/install/uc1_robot_controllers_interfaces/share/uc1_robot_controllers_interfaces/environment/library_path.dsv
[7.350s] -- Installing: /home/maclab/Documents/ROS_WORKSPACES/WS_Master_Thesis/install/uc1_robot_controllers_interfaces/lib/libuc1_robot_controllers_interfaces__rosidl_generator_c.so
[7.350s] -- Set runtime path of "/home/maclab/Documents/ROS_WORKSPACES/WS_Master_Thesis/install/uc1_robot_controllers_interfaces/lib/libuc1_robot_controllers_interfaces__rosidl_generator_c.so" to ""
[7.350s] -- Up-to-date: /home/maclab/Documents/ROS_WORKSPACES/WS_Master_Thesis/install/uc1_robot_controllers_interfaces/include/uc1_robot_controllers_interfaces/uc1_robot_controllers_interfaces
[7.350s] -- Up-to-date: /home/maclab/Documents/ROS_WORKSPACES/WS_Master_Thesis/install/uc1_robot_controllers_interfaces/include/uc1_robot_controllers_interfaces/uc1_robot_controllers_interfaces/msg
[7.350s] -- Up-to-date: /home/maclab/Documents/ROS_WORKSPACES/WS_Master_Thesis/install/uc1_robot_controllers_interfaces/include/uc1_robot_controllers_interfaces/uc1_robot_controllers_interfaces/msg/rosidl_typesupport_fastrtps_c__visibility_control.h
[7.350s] -- Up-to-date: /home/maclab/Documents/ROS_WORKSPACES/WS_Master_Thesis/install/uc1_robot_controllers_interfaces/include/uc1_robot_controllers_interfaces/uc1_robot_controllers_interfaces/msg/detail
[7.350s] -- Up-to-date: /home/maclab/Documents/ROS_WORKSPACES/WS_Master_Thesis/install/uc1_robot_controllers_interfaces/include/uc1_robot_controllers_interfaces/uc1_robot_controllers_interfaces/msg/detail/move_robot_orient__rosidl_typesupport_fastrtps_c.h
[7.350s] -- Up-to-date: /home/maclab/Documents/ROS_WORKSPACES/WS_Master_Thesis/install/uc1_robot_controllers_interfaces/include/uc1_robot_controllers_interfaces/uc1_robot_controllers_interfaces/msg/detail/move_robot_point__rosidl_typesupport_fastrtps_c.h
[7.350s] -- Up-to-date: /home/maclab/Documents/ROS_WORKSPACES/WS_Master_Thesis/install/uc1_robot_controllers_interfaces/include/uc1_robot_controllers_interfaces/uc1_robot_controllers_interfaces/msg/detail/move_robot_goal__rosidl_typesupport_fastrtps_c.h
[7.350s] -- Up-to-date: /home/maclab/Documents/ROS_WORKSPACES/WS_Master_Thesis/install/uc1_robot_controllers_interfaces/include/uc1_robot_controllers_interfaces/uc1_robot_controllers_interfaces/action
[7.350s] -- Up-to-date: /home/maclab/Documents/ROS_WORKSPACES/WS_Master_Thesis/install/uc1_robot_controllers_interfaces/include/uc1_robot_controllers_interfaces/uc1_robot_controllers_interfaces/action/detail
[7.350s] -- Up-to-date: /home/maclab/Documents/ROS_WORKSPACES/WS_Master_Thesis/install/uc1_robot_controllers_interfaces/include/uc1_robot_controllers_interfaces/uc1_robot_controllers_interfaces/action/detail/move_robot__rosidl_typesupport_fastrtps_c.h
[7.350s] -- Up-to-date: /home/maclab/Documents/ROS_WORKSPACES/WS_Master_Thesis/install/uc1_robot_controllers_interfaces/include/uc1_robot_controllers_interfaces/uc1_robot_controllers_interfaces/action/detail/move_robot_tp__rosidl_typesupport_fastrtps_c.h
[7.350s] -- Installing: /home/maclab/Documents/ROS_WORKSPACES/WS_Master_Thesis/install/uc1_robot_controllers_interfaces/lib/libuc1_robot_controllers_interfaces__rosidl_typesupport_fastrtps_c.so
[7.350s] -- Set runtime path of "/home/maclab/Documents/ROS_WORKSPACES/WS_Master_Thesis/install/uc1_robot_controllers_interfaces/lib/libuc1_robot_controllers_interfaces__rosidl_typesupport_fastrtps_c.so" to ""
[7.350s] -- Up-to-date: /home/maclab/Documents/ROS_WORKSPACES/WS_Master_Thesis/install/uc1_robot_controllers_interfaces/include/uc1_robot_controllers_interfaces/uc1_robot_controllers_interfaces
[7.350s] -- Up-to-date: /home/maclab/Documents/ROS_WORKSPACES/WS_Master_Thesis/install/uc1_robot_controllers_interfaces/include/uc1_robot_controllers_interfaces/uc1_robot_controllers_interfaces/msg
[7.350s] -- Up-to-date: /home/maclab/Documents/ROS_WORKSPACES/WS_Master_Thesis/install/uc1_robot_controllers_interfaces/include/uc1_robot_controllers_interfaces/uc1_robot_controllers_interfaces/msg/rosidl_generator_cpp__visibility_control.hpp
[7.350s] -- Up-to-date: /home/maclab/Documents/ROS_WORKSPACES/WS_Master_Thesis/install/uc1_robot_controllers_interfaces/include/uc1_robot_controllers_interfaces/uc1_robot_controllers_interfaces/msg/move_robot_point.hpp
[7.350s] -- Up-to-date: /home/maclab/Documents/ROS_WORKSPACES/WS_Master_Thesis/install/uc1_robot_controllers_interfaces/include/uc1_robot_controllers_interfaces/uc1_robot_controllers_interfaces/msg/detail
[7.350s] -- Up-to-date: /home/maclab/Documents/ROS_WORKSPACES/WS_Master_Thesis/install/uc1_robot_controllers_interfaces/include/uc1_robot_controllers_interfaces/uc1_robot_controllers_interfaces/msg/detail/move_robot_goal__struct.hpp
[7.350s] -- Up-to-date: /home/maclab/Documents/ROS_WORKSPACES/WS_Master_Thesis/install/uc1_robot_controllers_interfaces/include/uc1_robot_controllers_interfaces/uc1_robot_controllers_interfaces/msg/detail/move_robot_goal__type_support.hpp
[7.350s] -- Up-to-date: /home/maclab/Documents/ROS_WORKSPACES/WS_Master_Thesis/install/uc1_robot_controllers_interfaces/include/uc1_robot_controllers_interfaces/uc1_robot_controllers_interfaces/msg/detail/move_robot_goal__builder.hpp
[7.350s] -- Up-to-date: /home/maclab/Documents/ROS_WORKSPACES/WS_Master_Thesis/install/uc1_robot_controllers_interfaces/include/uc1_robot_controllers_interfaces/uc1_robot_controllers_interfaces/msg/detail/move_robot_orient__type_support.hpp
[7.350s] -- Up-to-date: /home/maclab/Documents/ROS_WORKSPACES/WS_Master_Thesis/install/uc1_robot_controllers_interfaces/include/uc1_robot_controllers_interfaces/uc1_robot_controllers_interfaces/msg/detail/move_robot_orient__builder.hpp
[7.350s] -- Up-to-date: /home/maclab/Documents/ROS_WORKSPACES/WS_Master_Thesis/install/uc1_robot_controllers_interfaces/include/uc1_robot_controllers_interfaces/uc1_robot_controllers_interfaces/msg/detail/move_robot_point__builder.hpp
[7.350s] -- Up-to-date: /home/maclab/Documents/ROS_WORKSPACES/WS_Master_Thesis/install/uc1_robot_controllers_interfaces/include/uc1_robot_controllers_interfaces/uc1_robot_controllers_interfaces/msg/detail/move_robot_orient__struct.hpp
[7.350s] -- Up-to-date: /home/maclab/Documents/ROS_WORKSPACES/WS_Master_Thesis/install/uc1_robot_controllers_interfaces/include/uc1_robot_controllers_interfaces/uc1_robot_controllers_interfaces/msg/detail/move_robot_point__struct.hpp
[7.350s] -- Up-to-date: /home/maclab/Documents/ROS_WORKSPACES/WS_Master_Thesis/install/uc1_robot_controllers_interfaces/include/uc1_robot_controllers_interfaces/uc1_robot_controllers_interfaces/msg/detail/move_robot_point__traits.hpp
[7.350s] -- Up-to-date: /home/maclab/Documents/ROS_WORKSPACES/WS_Master_Thesis/install/uc1_robot_controllers_interfaces/include/uc1_robot_controllers_interfaces/uc1_robot_controllers_interfaces/msg/detail/move_robot_orient__traits.hpp
[7.350s] -- Up-to-date: /home/maclab/Documents/ROS_WORKSPACES/WS_Master_Thesis/install/uc1_robot_controllers_interfaces/include/uc1_robot_controllers_interfaces/uc1_robot_controllers_interfaces/msg/detail/move_robot_point__type_support.hpp
[7.350s] -- Up-to-date: /home/maclab/Documents/ROS_WORKSPACES/WS_Master_Thesis/install/uc1_robot_controllers_interfaces/include/uc1_robot_controllers_interfaces/uc1_robot_controllers_interfaces/msg/detail/move_robot_goal__traits.hpp
[7.350s] -- Up-to-date: /home/maclab/Documents/ROS_WORKSPACES/WS_Master_Thesis/install/uc1_robot_controllers_interfaces/include/uc1_robot_controllers_interfaces/uc1_robot_controllers_interfaces/msg/move_robot_orient.hpp
[7.350s] -- Up-to-date: /home/maclab/Documents/ROS_WORKSPACES/WS_Master_Thesis/install/uc1_robot_controllers_interfaces/include/uc1_robot_controllers_interfaces/uc1_robot_controllers_interfaces/msg/move_robot_goal.hpp
[7.350s] -- Up-to-date: /home/maclab/Documents/ROS_WORKSPACES/WS_Master_Thesis/install/uc1_robot_controllers_interfaces/include/uc1_robot_controllers_interfaces/uc1_robot_controllers_interfaces/action
[7.350s] -- Up-to-date: /home/maclab/Documents/ROS_WORKSPACES/WS_Master_Thesis/install/uc1_robot_controllers_interfaces/include/uc1_robot_controllers_interfaces/uc1_robot_controllers_interfaces/action/detail
[7.350s] -- Up-to-date: /home/maclab/Documents/ROS_WORKSPACES/WS_Master_Thesis/install/uc1_robot_controllers_interfaces/include/uc1_robot_controllers_interfaces/uc1_robot_controllers_interfaces/action/detail/move_robot__traits.hpp
[7.350s] -- Up-to-date: /home/maclab/Documents/ROS_WORKSPACES/WS_Master_Thesis/install/uc1_robot_controllers_interfaces/include/uc1_robot_controllers_interfaces/uc1_robot_controllers_interfaces/action/detail/move_robot__struct.hpp
[7.350s] -- Up-to-date: /home/maclab/Documents/ROS_WORKSPACES/WS_Master_Thesis/install/uc1_robot_controllers_interfaces/include/uc1_robot_controllers_interfaces/uc1_robot_controllers_interfaces/action/detail/move_robot_tp__struct.hpp
[7.350s] -- Up-to-date: /home/maclab/Documents/ROS_WORKSPACES/WS_Master_Thesis/install/uc1_robot_controllers_interfaces/include/uc1_robot_controllers_interfaces/uc1_robot_controllers_interfaces/action/detail/move_robot__builder.hpp
[7.351s] -- Up-to-date: /home/maclab/Documents/ROS_WORKSPACES/WS_Master_Thesis/install/uc1_robot_controllers_interfaces/include/uc1_robot_controllers_interfaces/uc1_robot_controllers_interfaces/action/detail/move_robot_tp__traits.hpp
[7.351s] -- Up-to-date: /home/maclab/Documents/ROS_WORKSPACES/WS_Master_Thesis/install/uc1_robot_controllers_interfaces/include/uc1_robot_controllers_interfaces/uc1_robot_controllers_interfaces/action/detail/move_robot__type_support.hpp
[7.351s] -- Up-to-date: /home/maclab/Documents/ROS_WORKSPACES/WS_Master_Thesis/install/uc1_robot_controllers_interfaces/include/uc1_robot_controllers_interfaces/uc1_robot_controllers_interfaces/action/detail/move_robot_tp__type_support.hpp
[7.351s] -- Up-to-date: /home/maclab/Documents/ROS_WORKSPACES/WS_Master_Thesis/install/uc1_robot_controllers_interfaces/include/uc1_robot_controllers_interfaces/uc1_robot_controllers_interfaces/action/detail/move_robot_tp__builder.hpp
[7.351s] -- Up-to-date: /home/maclab/Documents/ROS_WORKSPACES/WS_Master_Thesis/install/uc1_robot_controllers_interfaces/include/uc1_robot_controllers_interfaces/uc1_robot_controllers_interfaces/action/move_robot_tp.hpp
[7.351s] -- Up-to-date: /home/maclab/Documents/ROS_WORKSPACES/WS_Master_Thesis/install/uc1_robot_controllers_interfaces/include/uc1_robot_controllers_interfaces/uc1_robot_controllers_interfaces/action/move_robot.hpp
[7.351s] -- Up-to-date: /home/maclab/Documents/ROS_WORKSPACES/WS_Master_Thesis/install/uc1_robot_controllers_interfaces/include/uc1_robot_controllers_interfaces/uc1_robot_controllers_interfaces
[7.351s] -- Up-to-date: /home/maclab/Documents/ROS_WORKSPACES/WS_Master_Thesis/install/uc1_robot_controllers_interfaces/include/uc1_robot_controllers_interfaces/uc1_robot_controllers_interfaces/msg
[7.351s] -- Up-to-date: /home/maclab/Documents/ROS_WORKSPACES/WS_Master_Thesis/install/uc1_robot_controllers_interfaces/include/uc1_robot_controllers_interfaces/uc1_robot_controllers_interfaces/msg/detail
[7.351s] -- Up-to-date: /home/maclab/Documents/ROS_WORKSPACES/WS_Master_Thesis/install/uc1_robot_controllers_interfaces/include/uc1_robot_controllers_interfaces/uc1_robot_controllers_interfaces/msg/detail/move_robot_orient__rosidl_typesupport_fastrtps_cpp.hpp
[7.351s] -- Up-to-date: /home/maclab/Documents/ROS_WORKSPACES/WS_Master_Thesis/install/uc1_robot_controllers_interfaces/include/uc1_robot_controllers_interfaces/uc1_robot_controllers_interfaces/msg/detail/move_robot_point__rosidl_typesupport_fastrtps_cpp.hpp
[7.351s] -- Up-to-date: /home/maclab/Documents/ROS_WORKSPACES/WS_Master_Thesis/install/uc1_robot_controllers_interfaces/include/uc1_robot_controllers_interfaces/uc1_robot_controllers_interfaces/msg/detail/move_robot_goal__rosidl_typesupport_fastrtps_cpp.hpp
[7.351s] -- Up-to-date: /home/maclab/Documents/ROS_WORKSPACES/WS_Master_Thesis/install/uc1_robot_controllers_interfaces/include/uc1_robot_controllers_interfaces/uc1_robot_controllers_interfaces/msg/detail/dds_fastrtps
[7.351s] -- Up-to-date: /home/maclab/Documents/ROS_WORKSPACES/WS_Master_Thesis/install/uc1_robot_controllers_interfaces/include/uc1_robot_controllers_interfaces/uc1_robot_controllers_interfaces/msg/rosidl_typesupport_fastrtps_cpp__visibility_control.h
[7.351s] -- Up-to-date: /home/maclab/Documents/ROS_WORKSPACES/WS_Master_Thesis/install/uc1_robot_controllers_interfaces/include/uc1_robot_controllers_interfaces/uc1_robot_controllers_interfaces/action
[7.351s] -- Up-to-date: /home/maclab/Documents/ROS_WORKSPACES/WS_Master_Thesis/install/uc1_robot_controllers_interfaces/include/uc1_robot_controllers_interfaces/uc1_robot_controllers_interfaces/action/detail
[7.351s] -- Up-to-date: /home/maclab/Documents/ROS_WORKSPACES/WS_Master_Thesis/install/uc1_robot_controllers_interfaces/include/uc1_robot_controllers_interfaces/uc1_robot_controllers_interfaces/action/detail/move_robot__rosidl_typesupport_fastrtps_cpp.hpp
[7.351s] -- Up-to-date: /home/maclab/Documents/ROS_WORKSPACES/WS_Master_Thesis/install/uc1_robot_controllers_interfaces/include/uc1_robot_controllers_interfaces/uc1_robot_controllers_interfaces/action/detail/move_robot_tp__rosidl_typesupport_fastrtps_cpp.hpp
[7.351s] -- Up-to-date: /home/maclab/Documents/ROS_WORKSPACES/WS_Master_Thesis/install/uc1_robot_controllers_interfaces/include/uc1_robot_controllers_interfaces/uc1_robot_controllers_interfaces/action/detail/dds_fastrtps
[7.351s] -- Installing: /home/maclab/Documents/ROS_WORKSPACES/WS_Master_Thesis/install/uc1_robot_controllers_interfaces/lib/libuc1_robot_controllers_interfaces__rosidl_typesupport_fastrtps_cpp.so
[7.351s] -- Set runtime path of "/home/maclab/Documents/ROS_WORKSPACES/WS_Master_Thesis/install/uc1_robot_controllers_interfaces/lib/libuc1_robot_controllers_interfaces__rosidl_typesupport_fastrtps_cpp.so" to ""
[7.351s] -- Up-to-date: /home/maclab/Documents/ROS_WORKSPACES/WS_Master_Thesis/install/uc1_robot_controllers_interfaces/include/uc1_robot_controllers_interfaces/uc1_robot_controllers_interfaces
[7.351s] -- Up-to-date: /home/maclab/Documents/ROS_WORKSPACES/WS_Master_Thesis/install/uc1_robot_controllers_interfaces/include/uc1_robot_controllers_interfaces/uc1_robot_controllers_interfaces/msg
[7.351s] -- Up-to-date: /home/maclab/Documents/ROS_WORKSPACES/WS_Master_Thesis/install/uc1_robot_controllers_interfaces/include/uc1_robot_controllers_interfaces/uc1_robot_controllers_interfaces/msg/rosidl_typesupport_introspection_c__visibility_control.h
[7.351s] -- Up-to-date: /home/maclab/Documents/ROS_WORKSPACES/WS_Master_Thesis/install/uc1_robot_controllers_interfaces/include/uc1_robot_controllers_interfaces/uc1_robot_controllers_interfaces/msg/detail
[7.351s] -- Up-to-date: /home/maclab/Documents/ROS_WORKSPACES/WS_Master_Thesis/install/uc1_robot_controllers_interfaces/include/uc1_robot_controllers_interfaces/uc1_robot_controllers_interfaces/msg/detail/move_robot_goal__rosidl_typesupport_introspection_c.h
[7.351s] -- Up-to-date: /home/maclab/Documents/ROS_WORKSPACES/WS_Master_Thesis/install/uc1_robot_controllers_interfaces/include/uc1_robot_controllers_interfaces/uc1_robot_controllers_interfaces/msg/detail/move_robot_point__rosidl_typesupport_introspection_c.h
[7.351s] -- Up-to-date: /home/maclab/Documents/ROS_WORKSPACES/WS_Master_Thesis/install/uc1_robot_controllers_interfaces/include/uc1_robot_controllers_interfaces/uc1_robot_controllers_interfaces/msg/detail/move_robot_point__type_support.c
[7.351s] -- Up-to-date: /home/maclab/Documents/ROS_WORKSPACES/WS_Master_Thesis/install/uc1_robot_controllers_interfaces/include/uc1_robot_controllers_interfaces/uc1_robot_controllers_interfaces/msg/detail/move_robot_goal__type_support.c
[7.351s] -- Up-to-date: /home/maclab/Documents/ROS_WORKSPACES/WS_Master_Thesis/install/uc1_robot_controllers_interfaces/include/uc1_robot_controllers_interfaces/uc1_robot_controllers_interfaces/msg/detail/move_robot_orient__rosidl_typesupport_introspection_c.h
[7.351s] -- Up-to-date: /home/maclab/Documents/ROS_WORKSPACES/WS_Master_Thesis/install/uc1_robot_controllers_interfaces/include/uc1_robot_controllers_interfaces/uc1_robot_controllers_interfaces/msg/detail/move_robot_orient__type_support.c
[7.351s] -- Up-to-date: /home/maclab/Documents/ROS_WORKSPACES/WS_Master_Thesis/install/uc1_robot_controllers_interfaces/include/uc1_robot_controllers_interfaces/uc1_robot_controllers_interfaces/action
[7.351s] -- Up-to-date: /home/maclab/Documents/ROS_WORKSPACES/WS_Master_Thesis/install/uc1_robot_controllers_interfaces/include/uc1_robot_controllers_interfaces/uc1_robot_controllers_interfaces/action/detail
[7.351s] -- Up-to-date: /home/maclab/Documents/ROS_WORKSPACES/WS_Master_Thesis/install/uc1_robot_controllers_interfaces/include/uc1_robot_controllers_interfaces/uc1_robot_controllers_interfaces/action/detail/move_robot__type_support.c
[7.351s] -- Up-to-date: /home/maclab/Documents/ROS_WORKSPACES/WS_Master_Thesis/install/uc1_robot_controllers_interfaces/include/uc1_robot_controllers_interfaces/uc1_robot_controllers_interfaces/action/detail/move_robot__rosidl_typesupport_introspection_c.h
[7.351s] -- Up-to-date: /home/maclab/Documents/ROS_WORKSPACES/WS_Master_Thesis/install/uc1_robot_controllers_interfaces/include/uc1_robot_controllers_interfaces/uc1_robot_controllers_interfaces/action/detail/move_robot_tp__type_support.c
[7.351s] -- Up-to-date: /home/maclab/Documents/ROS_WORKSPACES/WS_Master_Thesis/install/uc1_robot_controllers_interfaces/include/uc1_robot_controllers_interfaces/uc1_robot_controllers_interfaces/action/detail/move_robot_tp__rosidl_typesupport_introspection_c.h
[7.351s] -- Installing: /home/maclab/Documents/ROS_WORKSPACES/WS_Master_Thesis/install/uc1_robot_controllers_interfaces/lib/libuc1_robot_controllers_interfaces__rosidl_typesupport_introspection_c.so
[7.351s] -- Set runtime path of "/home/maclab/Documents/ROS_WORKSPACES/WS_Master_Thesis/install/uc1_robot_controllers_interfaces/lib/libuc1_robot_controllers_interfaces__rosidl_typesupport_introspection_c.so" to ""
[7.351s] -- Installing: /home/maclab/Documents/ROS_WORKSPACES/WS_Master_Thesis/install/uc1_robot_controllers_interfaces/lib/libuc1_robot_controllers_interfaces__rosidl_typesupport_c.so
[7.351s] -- Set runtime path of "/home/maclab/Documents/ROS_WORKSPACES/WS_Master_Thesis/install/uc1_robot_controllers_interfaces/lib/libuc1_robot_controllers_interfaces__rosidl_typesupport_c.so" to ""
[7.351s] -- Up-to-date: /home/maclab/Documents/ROS_WORKSPACES/WS_Master_Thesis/install/uc1_robot_controllers_interfaces/include/uc1_robot_controllers_interfaces/uc1_robot_controllers_interfaces
[7.351s] -- Up-to-date: /home/maclab/Documents/ROS_WORKSPACES/WS_Master_Thesis/install/uc1_robot_controllers_interfaces/include/uc1_robot_controllers_interfaces/uc1_robot_controllers_interfaces/msg
[7.351s] -- Up-to-date: /home/maclab/Documents/ROS_WORKSPACES/WS_Master_Thesis/install/uc1_robot_controllers_interfaces/include/uc1_robot_controllers_interfaces/uc1_robot_controllers_interfaces/msg/detail
[7.351s] -- Up-to-date: /home/maclab/Documents/ROS_WORKSPACES/WS_Master_Thesis/install/uc1_robot_controllers_interfaces/include/uc1_robot_controllers_interfaces/uc1_robot_controllers_interfaces/msg/detail/move_robot_orient__type_support.cpp
[7.351s] -- Up-to-date: /home/maclab/Documents/ROS_WORKSPACES/WS_Master_Thesis/install/uc1_robot_controllers_interfaces/include/uc1_robot_controllers_interfaces/uc1_robot_controllers_interfaces/msg/detail/move_robot_goal__rosidl_typesupport_introspection_cpp.hpp
[7.351s] -- Up-to-date: /home/maclab/Documents/ROS_WORKSPACES/WS_Master_Thesis/install/uc1_robot_controllers_interfaces/include/uc1_robot_controllers_interfaces/uc1_robot_controllers_interfaces/msg/detail/move_robot_orient__rosidl_typesupport_introspection_cpp.hpp
[7.351s] -- Up-to-date: /home/maclab/Documents/ROS_WORKSPACES/WS_Master_Thesis/install/uc1_robot_controllers_interfaces/include/uc1_robot_controllers_interfaces/uc1_robot_controllers_interfaces/msg/detail/move_robot_point__rosidl_typesupport_introspection_cpp.hpp
[7.351s] -- Up-to-date: /home/maclab/Documents/ROS_WORKSPACES/WS_Master_Thesis/install/uc1_robot_controllers_interfaces/include/uc1_robot_controllers_interfaces/uc1_robot_controllers_interfaces/msg/detail/move_robot_point__type_support.cpp
[7.351s] -- Up-to-date: /home/maclab/Documents/ROS_WORKSPACES/WS_Master_Thesis/install/uc1_robot_controllers_interfaces/include/uc1_robot_controllers_interfaces/uc1_robot_controllers_interfaces/msg/detail/move_robot_goal__type_support.cpp
[7.351s] -- Up-to-date: /home/maclab/Documents/ROS_WORKSPACES/WS_Master_Thesis/install/uc1_robot_controllers_interfaces/include/uc1_robot_controllers_interfaces/uc1_robot_controllers_interfaces/action
[7.352s] -- Up-to-date: /home/maclab/Documents/ROS_WORKSPACES/WS_Master_Thesis/install/uc1_robot_controllers_interfaces/include/uc1_robot_controllers_interfaces/uc1_robot_controllers_interfaces/action/detail
[7.352s] -- Up-to-date: /home/maclab/Documents/ROS_WORKSPACES/WS_Master_Thesis/install/uc1_robot_controllers_interfaces/include/uc1_robot_controllers_interfaces/uc1_robot_controllers_interfaces/action/detail/move_robot__rosidl_typesupport_introspection_cpp.hpp
[7.352s] -- Up-to-date: /home/maclab/Documents/ROS_WORKSPACES/WS_Master_Thesis/install/uc1_robot_controllers_interfaces/include/uc1_robot_controllers_interfaces/uc1_robot_controllers_interfaces/action/detail/move_robot_tp__type_support.cpp
[7.352s] -- Up-to-date: /home/maclab/Documents/ROS_WORKSPACES/WS_Master_Thesis/install/uc1_robot_controllers_interfaces/include/uc1_robot_controllers_interfaces/uc1_robot_controllers_interfaces/action/detail/move_robot_tp__rosidl_typesupport_introspection_cpp.hpp
[7.352s] -- Up-to-date: /home/maclab/Documents/ROS_WORKSPACES/WS_Master_Thesis/install/uc1_robot_controllers_interfaces/include/uc1_robot_controllers_interfaces/uc1_robot_controllers_interfaces/action/detail/move_robot__type_support.cpp
[7.352s] -- Installing: /home/maclab/Documents/ROS_WORKSPACES/WS_Master_Thesis/install/uc1_robot_controllers_interfaces/lib/libuc1_robot_controllers_interfaces__rosidl_typesupport_introspection_cpp.so
[7.352s] -- Set runtime path of "/home/maclab/Documents/ROS_WORKSPACES/WS_Master_Thesis/install/uc1_robot_controllers_interfaces/lib/libuc1_robot_controllers_interfaces__rosidl_typesupport_introspection_cpp.so" to ""
[7.352s] -- Installing: /home/maclab/Documents/ROS_WORKSPACES/WS_Master_Thesis/install/uc1_robot_controllers_interfaces/lib/libuc1_robot_controllers_interfaces__rosidl_typesupport_cpp.so
[7.352s] -- Set runtime path of "/home/maclab/Documents/ROS_WORKSPACES/WS_Master_Thesis/install/uc1_robot_controllers_interfaces/lib/libuc1_robot_controllers_interfaces__rosidl_typesupport_cpp.so" to ""
[7.352s] -- Up-to-date: /home/maclab/Documents/ROS_WORKSPACES/WS_Master_Thesis/install/uc1_robot_controllers_interfaces/share/uc1_robot_controllers_interfaces/environment/pythonpath.sh
[7.352s] -- Installing: /home/maclab/Documents/ROS_WORKSPACES/WS_Master_Thesis/install/uc1_robot_controllers_interfaces/share/uc1_robot_controllers_interfaces/environment/pythonpath.dsv
[7.352s] -- Up-to-date: /home/maclab/Documents/ROS_WORKSPACES/WS_Master_Thesis/install/uc1_robot_controllers_interfaces/local/lib/python3.10/dist-packages/uc1_robot_controllers_interfaces-0.0.0-py3.10.egg-info
[7.352s] -- Installing: /home/maclab/Documents/ROS_WORKSPACES/WS_Master_Thesis/install/uc1_robot_controllers_interfaces/local/lib/python3.10/dist-packages/uc1_robot_controllers_interfaces-0.0.0-py3.10.egg-info/dependency_links.txt
[7.352s] -- Installing: /home/maclab/Documents/ROS_WORKSPACES/WS_Master_Thesis/install/uc1_robot_controllers_interfaces/local/lib/python3.10/dist-packages/uc1_robot_controllers_interfaces-0.0.0-py3.10.egg-info/SOURCES.txt
[7.352s] -- Installing: /home/maclab/Documents/ROS_WORKSPACES/WS_Master_Thesis/install/uc1_robot_controllers_interfaces/local/lib/python3.10/dist-packages/uc1_robot_controllers_interfaces-0.0.0-py3.10.egg-info/PKG-INFO
[7.352s] -- Installing: /home/maclab/Documents/ROS_WORKSPACES/WS_Master_Thesis/install/uc1_robot_controllers_interfaces/local/lib/python3.10/dist-packages/uc1_robot_controllers_interfaces-0.0.0-py3.10.egg-info/top_level.txt
[7.352s] -- Up-to-date: /home/maclab/Documents/ROS_WORKSPACES/WS_Master_Thesis/install/uc1_robot_controllers_interfaces/local/lib/python3.10/dist-packages/uc1_robot_controllers_interfaces
[7.352s] -- Installing: /home/maclab/Documents/ROS_WORKSPACES/WS_Master_Thesis/install/uc1_robot_controllers_interfaces/local/lib/python3.10/dist-packages/uc1_robot_controllers_interfaces/__init__.py
[7.352s] -- Up-to-date: /home/maclab/Documents/ROS_WORKSPACES/WS_Master_Thesis/install/uc1_robot_controllers_interfaces/local/lib/python3.10/dist-packages/uc1_robot_controllers_interfaces/_uc1_robot_controllers_interfaces_s.ep.rosidl_typesupport_introspection_c.c
[7.352s] -- Installing: /home/maclab/Documents/ROS_WORKSPACES/WS_Master_Thesis/install/uc1_robot_controllers_interfaces/local/lib/python3.10/dist-packages/uc1_robot_controllers_interfaces/uc1_robot_controllers_interfaces_s__rosidl_typesupport_introspection_c.cpython-310-x86_64-linux-gnu.so
[7.352s] -- Up-to-date: /home/maclab/Documents/ROS_WORKSPACES/WS_Master_Thesis/install/uc1_robot_controllers_interfaces/local/lib/python3.10/dist-packages/uc1_robot_controllers_interfaces/_uc1_robot_controllers_interfaces_s.ep.rosidl_typesupport_fastrtps_c.c
[7.352s] -- Up-to-date: /home/maclab/Documents/ROS_WORKSPACES/WS_Master_Thesis/install/uc1_robot_controllers_interfaces/local/lib/python3.10/dist-packages/uc1_robot_controllers_interfaces/msg
[7.352s] -- Up-to-date: /home/maclab/Documents/ROS_WORKSPACES/WS_Master_Thesis/install/uc1_robot_controllers_interfaces/local/lib/python3.10/dist-packages/uc1_robot_controllers_interfaces/msg/__init__.py
[7.352s] -- Up-to-date: /home/maclab/Documents/ROS_WORKSPACES/WS_Master_Thesis/install/uc1_robot_controllers_interfaces/local/lib/python3.10/dist-packages/uc1_robot_controllers_interfaces/msg/_move_robot_goal_s.c
[7.352s] -- Up-to-date: /home/maclab/Documents/ROS_WORKSPACES/WS_Master_Thesis/install/uc1_robot_controllers_interfaces/local/lib/python3.10/dist-packages/uc1_robot_controllers_interfaces/msg/_move_robot_orient_s.c
[7.352s] -- Up-to-date: /home/maclab/Documents/ROS_WORKSPACES/WS_Master_Thesis/install/uc1_robot_controllers_interfaces/local/lib/python3.10/dist-packages/uc1_robot_controllers_interfaces/msg/_move_robot_point.py
[7.352s] -- Up-to-date: /home/maclab/Documents/ROS_WORKSPACES/WS_Master_Thesis/install/uc1_robot_controllers_interfaces/local/lib/python3.10/dist-packages/uc1_robot_controllers_interfaces/msg/_move_robot_orient.py
[7.352s] -- Up-to-date: /home/maclab/Documents/ROS_WORKSPACES/WS_Master_Thesis/install/uc1_robot_controllers_interfaces/local/lib/python3.10/dist-packages/uc1_robot_controllers_interfaces/msg/_move_robot_point_s.c
[7.352s] -- Up-to-date: /home/maclab/Documents/ROS_WORKSPACES/WS_Master_Thesis/install/uc1_robot_controllers_interfaces/local/lib/python3.10/dist-packages/uc1_robot_controllers_interfaces/msg/_move_robot_goal.py
[7.352s] -- Installing: /home/maclab/Documents/ROS_WORKSPACES/WS_Master_Thesis/install/uc1_robot_controllers_interfaces/local/lib/python3.10/dist-packages/uc1_robot_controllers_interfaces/uc1_robot_controllers_interfaces_s__rosidl_typesupport_c.cpython-310-x86_64-linux-gnu.so
[7.352s] -- Up-to-date: /home/maclab/Documents/ROS_WORKSPACES/WS_Master_Thesis/install/uc1_robot_controllers_interfaces/local/lib/python3.10/dist-packages/uc1_robot_controllers_interfaces/action
[7.352s] -- Up-to-date: /home/maclab/Documents/ROS_WORKSPACES/WS_Master_Thesis/install/uc1_robot_controllers_interfaces/local/lib/python3.10/dist-packages/uc1_robot_controllers_interfaces/action/__init__.py
[7.352s] -- Up-to-date: /home/maclab/Documents/ROS_WORKSPACES/WS_Master_Thesis/install/uc1_robot_controllers_interfaces/local/lib/python3.10/dist-packages/uc1_robot_controllers_interfaces/action/_move_robot_tp.py
[7.352s] -- Up-to-date: /home/maclab/Documents/ROS_WORKSPACES/WS_Master_Thesis/install/uc1_robot_controllers_interfaces/local/lib/python3.10/dist-packages/uc1_robot_controllers_interfaces/action/_move_robot_s.c
[7.352s] -- Up-to-date: /home/maclab/Documents/ROS_WORKSPACES/WS_Master_Thesis/install/uc1_robot_controllers_interfaces/local/lib/python3.10/dist-packages/uc1_robot_controllers_interfaces/action/_move_robot_tp_s.c
[7.352s] -- Up-to-date: /home/maclab/Documents/ROS_WORKSPACES/WS_Master_Thesis/install/uc1_robot_controllers_interfaces/local/lib/python3.10/dist-packages/uc1_robot_controllers_interfaces/action/_move_robot.py
[7.352s] -- Installing: /home/maclab/Documents/ROS_WORKSPACES/WS_Master_Thesis/install/uc1_robot_controllers_interfaces/local/lib/python3.10/dist-packages/uc1_robot_controllers_interfaces/uc1_robot_controllers_interfaces_s__rosidl_typesupport_fastrtps_c.cpython-310-x86_64-linux-gnu.so
[7.352s] -- Up-to-date: /home/maclab/Documents/ROS_WORKSPACES/WS_Master_Thesis/install/uc1_robot_controllers_interfaces/local/lib/python3.10/dist-packages/uc1_robot_controllers_interfaces/_uc1_robot_controllers_interfaces_s.ep.rosidl_typesupport_c.c
[7.352s] -- Installing: /home/maclab/Documents/ROS_WORKSPACES/WS_Master_Thesis/install/uc1_robot_controllers_interfaces/local/lib/python3.10/dist-packages/uc1_robot_controllers_interfaces/libuc1_robot_controllers_interfaces__rosidl_generator_py.so
[7.383s] Listing '/home/maclab/Documents/ROS_WORKSPACES/WS_Master_Thesis/install/uc1_robot_controllers_interfaces/local/lib/python3.10/dist-packages/uc1_robot_controllers_interfaces'...
[7.383s] Compiling '/home/maclab/Documents/ROS_WORKSPACES/WS_Master_Thesis/install/uc1_robot_controllers_interfaces/local/lib/python3.10/dist-packages/uc1_robot_controllers_interfaces/__init__.py'...
[7.383s] Listing '/home/maclab/Documents/ROS_WORKSPACES/WS_Master_Thesis/install/uc1_robot_controllers_interfaces/local/lib/python3.10/dist-packages/uc1_robot_controllers_interfaces/action'...
[7.383s] Listing '/home/maclab/Documents/ROS_WORKSPACES/WS_Master_Thesis/install/uc1_robot_controllers_interfaces/local/lib/python3.10/dist-packages/uc1_robot_controllers_interfaces/msg'...
[7.385s] -- Installing: /home/maclab/Documents/ROS_WORKSPACES/WS_Master_Thesis/install/uc1_robot_controllers_interfaces/local/lib/python3.10/dist-packages/uc1_robot_controllers_interfaces/uc1_robot_controllers_interfaces_s__rosidl_typesupport_fastrtps_c.cpython-310-x86_64-linux-gnu.so
[7.385s] -- Set runtime path of "/home/maclab/Documents/ROS_WORKSPACES/WS_Master_Thesis/install/uc1_robot_controllers_interfaces/local/lib/python3.10/dist-packages/uc1_robot_controllers_interfaces/uc1_robot_controllers_interfaces_s__rosidl_typesupport_fastrtps_c.cpython-310-x86_64-linux-gnu.so" to ""
[7.385s] -- Installing: /home/maclab/Documents/ROS_WORKSPACES/WS_Master_Thesis/install/uc1_robot_controllers_interfaces/local/lib/python3.10/dist-packages/uc1_robot_controllers_interfaces/uc1_robot_controllers_interfaces_s__rosidl_typesupport_introspection_c.cpython-310-x86_64-linux-gnu.so
[7.385s] -- Set runtime path of "/home/maclab/Documents/ROS_WORKSPACES/WS_Master_Thesis/install/uc1_robot_controllers_interfaces/local/lib/python3.10/dist-packages/uc1_robot_controllers_interfaces/uc1_robot_controllers_interfaces_s__rosidl_typesupport_introspection_c.cpython-310-x86_64-linux-gnu.so" to ""
[7.385s] -- Installing: /home/maclab/Documents/ROS_WORKSPACES/WS_Master_Thesis/install/uc1_robot_controllers_interfaces/local/lib/python3.10/dist-packages/uc1_robot_controllers_interfaces/uc1_robot_controllers_interfaces_s__rosidl_typesupport_c.cpython-310-x86_64-linux-gnu.so
[7.385s] -- Set runtime path of "/home/maclab/Documents/ROS_WORKSPACES/WS_Master_Thesis/install/uc1_robot_controllers_interfaces/local/lib/python3.10/dist-packages/uc1_robot_controllers_interfaces/uc1_robot_controllers_interfaces_s__rosidl_typesupport_c.cpython-310-x86_64-linux-gnu.so" to ""
[7.385s] -- Installing: /home/maclab/Documents/ROS_WORKSPACES/WS_Master_Thesis/install/uc1_robot_controllers_interfaces/lib/libuc1_robot_controllers_interfaces__rosidl_generator_py.so
[7.386s] -- Set runtime path of "/home/maclab/Documents/ROS_WORKSPACES/WS_Master_Thesis/install/uc1_robot_controllers_interfaces/lib/libuc1_robot_controllers_interfaces__rosidl_generator_py.so" to ""
[7.386s] -- Up-to-date: /home/maclab/Documents/ROS_WORKSPACES/WS_Master_Thesis/install/uc1_robot_controllers_interfaces/share/uc1_robot_controllers_interfaces/action/MoveRobot.idl
[7.386s] -- Up-to-date: /home/maclab/Documents/ROS_WORKSPACES/WS_Master_Thesis/install/uc1_robot_controllers_interfaces/share/uc1_robot_controllers_interfaces/action/MoveRobotTP.idl
[7.386s] -- Up-to-date: /home/maclab/Documents/ROS_WORKSPACES/WS_Master_Thesis/install/uc1_robot_controllers_interfaces/share/uc1_robot_controllers_interfaces/msg/MoveRobotPoint.idl
[7.386s] -- Up-to-date: /home/maclab/Documents/ROS_WORKSPACES/WS_Master_Thesis/install/uc1_robot_controllers_interfaces/share/uc1_robot_controllers_interfaces/msg/MoveRobotOrient.idl
[7.386s] -- Up-to-date: /home/maclab/Documents/ROS_WORKSPACES/WS_Master_Thesis/install/uc1_robot_controllers_interfaces/share/uc1_robot_controllers_interfaces/msg/MoveRobotGoal.idl
[7.386s] -- Up-to-date: /home/maclab/Documents/ROS_WORKSPACES/WS_Master_Thesis/install/uc1_robot_controllers_interfaces/share/uc1_robot_controllers_interfaces/action/MoveRobot.action
[7.386s] -- Up-to-date: /home/maclab/Documents/ROS_WORKSPACES/WS_Master_Thesis/install/uc1_robot_controllers_interfaces/share/uc1_robot_controllers_interfaces/action/MoveRobotTP.action
[7.386s] -- Up-to-date: /home/maclab/Documents/ROS_WORKSPACES/WS_Master_Thesis/install/uc1_robot_controllers_interfaces/share/uc1_robot_controllers_interfaces/msg/MoveRobotPoint.msg
[7.386s] -- Up-to-date: /home/maclab/Documents/ROS_WORKSPACES/WS_Master_Thesis/install/uc1_robot_controllers_interfaces/share/uc1_robot_controllers_interfaces/msg/MoveRobotOrient.msg
[7.386s] -- Up-to-date: /home/maclab/Documents/ROS_WORKSPACES/WS_Master_Thesis/install/uc1_robot_controllers_interfaces/share/uc1_robot_controllers_interfaces/msg/MoveRobotGoal.msg
[7.386s] -- Up-to-date: /home/maclab/Documents/ROS_WORKSPACES/WS_Master_Thesis/install/uc1_robot_controllers_interfaces/include/uc1_robot_controllers_interfaces
[7.386s] -- Up-to-date: /home/maclab/Documents/ROS_WORKSPACES/WS_Master_Thesis/install/uc1_robot_controllers_interfaces/include/uc1_robot_controllers_interfaces/TPComputation.hpp
[7.386s] -- Installing: /home/maclab/Documents/ROS_WORKSPACES/WS_Master_Thesis/install/uc1_robot_controllers_interfaces/lib/libTPComputation.so
[7.387s] -- Up-to-date: /home/maclab/Documents/ROS_WORKSPACES/WS_Master_Thesis/install/uc1_robot_controllers_interfaces/share/ament_index/resource_index/package_run_dependencies/uc1_robot_controllers_interfaces
[7.387s] -- Up-to-date: /home/maclab/Documents/ROS_WORKSPACES/WS_Master_Thesis/install/uc1_robot_controllers_interfaces/share/ament_index/resource_index/parent_prefix_path/uc1_robot_controllers_interfaces
[7.387s] -- Up-to-date: /home/maclab/Documents/ROS_WORKSPACES/WS_Master_Thesis/install/uc1_robot_controllers_interfaces/share/uc1_robot_controllers_interfaces/environment/ament_prefix_path.sh
[7.387s] -- Installing: /home/maclab/Documents/ROS_WORKSPACES/WS_Master_Thesis/install/uc1_robot_controllers_interfaces/share/uc1_robot_controllers_interfaces/environment/ament_prefix_path.dsv
[7.387s] -- Up-to-date: /home/maclab/Documents/ROS_WORKSPACES/WS_Master_Thesis/install/uc1_robot_controllers_interfaces/share/uc1_robot_controllers_interfaces/environment/path.sh
[7.387s] -- Installing: /home/maclab/Documents/ROS_WORKSPACES/WS_Master_Thesis/install/uc1_robot_controllers_interfaces/share/uc1_robot_controllers_interfaces/environment/path.dsv
[7.387s] -- Up-to-date: /home/maclab/Documents/ROS_WORKSPACES/WS_Master_Thesis/install/uc1_robot_controllers_interfaces/share/uc1_robot_controllers_interfaces/local_setup.bash
[7.387s] -- Up-to-date: /home/maclab/Documents/ROS_WORKSPACES/WS_Master_Thesis/install/uc1_robot_controllers_interfaces/share/uc1_robot_controllers_interfaces/local_setup.sh
[7.387s] -- Up-to-date: /home/maclab/Documents/ROS_WORKSPACES/WS_Master_Thesis/install/uc1_robot_controllers_interfaces/share/uc1_robot_controllers_interfaces/local_setup.zsh
[7.387s] -- Installing: /home/maclab/Documents/ROS_WORKSPACES/WS_Master_Thesis/install/uc1_robot_controllers_interfaces/share/uc1_robot_controllers_interfaces/local_setup.dsv
[7.387s] -- Installing: /home/maclab/Documents/ROS_WORKSPACES/WS_Master_Thesis/install/uc1_robot_controllers_interfaces/share/uc1_robot_controllers_interfaces/package.dsv
[7.387s] -- Up-to-date: /home/maclab/Documents/ROS_WORKSPACES/WS_Master_Thesis/install/uc1_robot_controllers_interfaces/share/ament_index/resource_index/packages/uc1_robot_controllers_interfaces
[7.387s] -- Up-to-date: /home/maclab/Documents/ROS_WORKSPACES/WS_Master_Thesis/install/uc1_robot_controllers_interfaces/share/uc1_robot_controllers_interfaces/cmake/export_uc1_robot_controllers_interfaces__rosidl_generator_cExport.cmake
[7.387s] -- Installing: /home/maclab/Documents/ROS_WORKSPACES/WS_Master_Thesis/install/uc1_robot_controllers_interfaces/share/uc1_robot_controllers_interfaces/cmake/export_uc1_robot_controllers_interfaces__rosidl_generator_cExport-release.cmake
[7.387s] -- Up-to-date: /home/maclab/Documents/ROS_WORKSPACES/WS_Master_Thesis/install/uc1_robot_controllers_interfaces/share/uc1_robot_controllers_interfaces/cmake/export_uc1_robot_controllers_interfaces__rosidl_typesupport_fastrtps_cExport.cmake
[7.387s] -- Installing: /home/maclab/Documents/ROS_WORKSPACES/WS_Master_Thesis/install/uc1_robot_controllers_interfaces/share/uc1_robot_controllers_interfaces/cmake/export_uc1_robot_controllers_interfaces__rosidl_typesupport_fastrtps_cExport-release.cmake
[7.387s] -- Up-to-date: /home/maclab/Documents/ROS_WORKSPACES/WS_Master_Thesis/install/uc1_robot_controllers_interfaces/share/uc1_robot_controllers_interfaces/cmake/export_uc1_robot_controllers_interfaces__rosidl_generator_cppExport.cmake
[7.387s] -- Up-to-date: /home/maclab/Documents/ROS_WORKSPACES/WS_Master_Thesis/install/uc1_robot_controllers_interfaces/share/uc1_robot_controllers_interfaces/cmake/export_uc1_robot_controllers_interfaces__rosidl_typesupport_fastrtps_cppExport.cmake
[7.387s] -- Installing: /home/maclab/Documents/ROS_WORKSPACES/WS_Master_Thesis/install/uc1_robot_controllers_interfaces/share/uc1_robot_controllers_interfaces/cmake/export_uc1_robot_controllers_interfaces__rosidl_typesupport_fastrtps_cppExport-release.cmake
[7.388s] -- Up-to-date: /home/maclab/Documents/ROS_WORKSPACES/WS_Master_Thesis/install/uc1_robot_controllers_interfaces/share/uc1_robot_controllers_interfaces/cmake/uc1_robot_controllers_interfaces__rosidl_typesupport_introspection_cExport.cmake
[7.388s] -- Installing: /home/maclab/Documents/ROS_WORKSPACES/WS_Master_Thesis/install/uc1_robot_controllers_interfaces/share/uc1_robot_controllers_interfaces/cmake/uc1_robot_controllers_interfaces__rosidl_typesupport_introspection_cExport-release.cmake
[7.388s] -- Up-to-date: /home/maclab/Documents/ROS_WORKSPACES/WS_Master_Thesis/install/uc1_robot_controllers_interfaces/share/uc1_robot_controllers_interfaces/cmake/uc1_robot_controllers_interfaces__rosidl_typesupport_cExport.cmake
[7.388s] -- Installing: /home/maclab/Documents/ROS_WORKSPACES/WS_Master_Thesis/install/uc1_robot_controllers_interfaces/share/uc1_robot_controllers_interfaces/cmake/uc1_robot_controllers_interfaces__rosidl_typesupport_cExport-release.cmake
[7.388s] -- Up-to-date: /home/maclab/Documents/ROS_WORKSPACES/WS_Master_Thesis/install/uc1_robot_controllers_interfaces/share/uc1_robot_controllers_interfaces/cmake/uc1_robot_controllers_interfaces__rosidl_typesupport_introspection_cppExport.cmake
[7.388s] -- Installing: /home/maclab/Documents/ROS_WORKSPACES/WS_Master_Thesis/install/uc1_robot_controllers_interfaces/share/uc1_robot_controllers_interfaces/cmake/uc1_robot_controllers_interfaces__rosidl_typesupport_introspection_cppExport-release.cmake
[7.388s] -- Up-to-date: /home/maclab/Documents/ROS_WORKSPACES/WS_Master_Thesis/install/uc1_robot_controllers_interfaces/share/uc1_robot_controllers_interfaces/cmake/uc1_robot_controllers_interfaces__rosidl_typesupport_cppExport.cmake
[7.388s] -- Installing: /home/maclab/Documents/ROS_WORKSPACES/WS_Master_Thesis/install/uc1_robot_controllers_interfaces/share/uc1_robot_controllers_interfaces/cmake/uc1_robot_controllers_interfaces__rosidl_typesupport_cppExport-release.cmake
[7.388s] -- Up-to-date: /home/maclab/Documents/ROS_WORKSPACES/WS_Master_Thesis/install/uc1_robot_controllers_interfaces/share/uc1_robot_controllers_interfaces/cmake/export_uc1_robot_controllers_interfaces__rosidl_generator_pyExport.cmake
[7.388s] -- Installing: /home/maclab/Documents/ROS_WORKSPACES/WS_Master_Thesis/install/uc1_robot_controllers_interfaces/share/uc1_robot_controllers_interfaces/cmake/export_uc1_robot_controllers_interfaces__rosidl_generator_pyExport-release.cmake
[7.388s] -- Old export file "/home/maclab/Documents/ROS_WORKSPACES/WS_Master_Thesis/install/uc1_robot_controllers_interfaces/share/uc1_robot_controllers_interfaces/cmake/TPComputationExport.cmake" will be replaced.  Removing files [/home/maclab/Documents/ROS_WORKSPACES/WS_Master_Thesis/install/uc1_robot_controllers_interfaces/share/uc1_robot_controllers_interfaces/cmake/TPComputationExport-noconfig.cmake].
[7.388s] -- Installing: /home/maclab/Documents/ROS_WORKSPACES/WS_Master_Thesis/install/uc1_robot_controllers_interfaces/share/uc1_robot_controllers_interfaces/cmake/TPComputationExport.cmake
[7.388s] -- Installing: /home/maclab/Documents/ROS_WORKSPACES/WS_Master_Thesis/install/uc1_robot_controllers_interfaces/share/uc1_robot_controllers_interfaces/cmake/TPComputationExport-release.cmake
[7.388s] -- Up-to-date: /home/maclab/Documents/ROS_WORKSPACES/WS_Master_Thesis/install/uc1_robot_controllers_interfaces/share/uc1_robot_controllers_interfaces/cmake/rosidl_cmake-extras.cmake
[7.388s] -- Installing: /home/maclab/Documents/ROS_WORKSPACES/WS_Master_Thesis/install/uc1_robot_controllers_interfaces/share/uc1_robot_controllers_interfaces/cmake/ament_cmake_export_dependencies-extras.cmake
[7.388s] -- Up-to-date: /home/maclab/Documents/ROS_WORKSPACES/WS_Master_Thesis/install/uc1_robot_controllers_interfaces/share/uc1_robot_controllers_interfaces/cmake/ament_cmake_export_include_directories-extras.cmake
[7.388s] -- Up-to-date: /home/maclab/Documents/ROS_WORKSPACES/WS_Master_Thesis/install/uc1_robot_controllers_interfaces/share/uc1_robot_controllers_interfaces/cmake/ament_cmake_export_libraries-extras.cmake
[7.389s] -- Up-to-date: /home/maclab/Documents/ROS_WORKSPACES/WS_Master_Thesis/install/uc1_robot_controllers_interfaces/share/uc1_robot_controllers_interfaces/cmake/ament_cmake_export_targets-extras.cmake
[7.389s] -- Up-to-date: /home/maclab/Documents/ROS_WORKSPACES/WS_Master_Thesis/install/uc1_robot_controllers_interfaces/share/uc1_robot_controllers_interfaces/cmake/rosidl_cmake_export_typesupport_targets-extras.cmake
[7.389s] -- Up-to-date: /home/maclab/Documents/ROS_WORKSPACES/WS_Master_Thesis/install/uc1_robot_controllers_interfaces/share/uc1_robot_controllers_interfaces/cmake/rosidl_cmake_export_typesupport_libraries-extras.cmake
[7.389s] -- Up-to-date: /home/maclab/Documents/ROS_WORKSPACES/WS_Master_Thesis/install/uc1_robot_controllers_interfaces/share/uc1_robot_controllers_interfaces/cmake/uc1_robot_controllers_interfacesConfig.cmake
[7.389s] -- Up-to-date: /home/maclab/Documents/ROS_WORKSPACES/WS_Master_Thesis/install/uc1_robot_controllers_interfaces/share/uc1_robot_controllers_interfaces/cmake/uc1_robot_controllers_interfacesConfig-version.cmake
[7.389s] -- Up-to-date: /home/maclab/Documents/ROS_WORKSPACES/WS_Master_Thesis/install/uc1_robot_controllers_interfaces/share/uc1_robot_controllers_interfaces/package.xml
[7.391s] Invoked command in '/home/maclab/Documents/ROS_WORKSPACES/WS_Master_Thesis/build/uc1_robot_controllers_interfaces' returned '0': CMAKE_PREFIX_PATH=/opt/ros/humble /usr/bin/cmake --install /home/maclab/Documents/ROS_WORKSPACES/WS_Master_Thesis/build/uc1_robot_controllers_interfaces
