ply
format ascii 1.0
element vertex 6275
property float x
property float y
property float z
end_header
-0.671714723110199 0.1112862303853035 0.10957425832748413
-0.6687474846839905 0.1067528948187828 0.11076493561267853
-0.6822152733802795 0.1107141375541687 0.10115962475538254
-0.7406660914421082 0.11247117817401886 0.06677532941102982
-0.7337477803230286 0.11501648277044296 0.07782746106386185
-0.7369531989097595 0.1169959157705307 0.06847734749317169
-0.7520250082015991 0.10350362956523895 0.02942250296473503
-0.7506055235862732 0.10703780502080917 0.03968913480639458
-0.7539528012275696 0.10974422842264175 0.018411772325634956
-0.7405930757522583 0.09854462742805481 0.060822851955890656
-0.7409297227859497 0.10153693705797195 0.06502532213926315
-0.7467448115348816 0.10050538182258606 0.04747413843870163
-0.625012993812561 0.10929547250270844 0.1570374071598053
-0.6077104210853577 0.11250252276659012 0.1580931693315506
-0.624955415725708 0.11460386216640472 0.1551961749792099
-0.7314111590385437 0.11978903412818909 0.029244473204016685
-0.7300240993499756 0.1210583746433258 0.04704296216368675
-0.7241531610488892 0.11754047125577927 0.04499974846839905
-0.7235336899757385 0.093497633934021 0.07454697042703629
-0.6913303136825562 0.09358866512775421 0.11420975625514984
-0.7214646935462952 0.09402791410684586 0.0830792635679245
-0.7163397669792175 0.10018805414438248 0.10361187905073166
-0.7050787806510925 0.1020028293132782 0.11667583882808685
-0.7135803699493408 0.1076602190732956 0.10969102382659912
-0.6939566731452942 0.12153873592615128 0.10815650224685669
-0.6600894331932068 0.12136514484882355 0.13493995368480682
-0.6625520586967468 0.121467225253582 0.1283637285232544
-0.6599007844924927 0.114304319024086 0.11793115735054016
-0.6608234643936157 0.11763673275709152 0.12056710571050644
-0.6490389704704285 0.11399421840906143 0.1228492259979248
-0.6706067323684692 0.09416339546442032 0.13126413524150848
-0.6488234996795654 0.09366489946842194 0.13915404677391052
-0.6596267223358154 0.09514226019382477 0.1393371820449829
-0.6958052515983582 0.09901954233646393 0.12258543819189072
-0.6752479076385498 0.09804552793502808 0.13562849164009094
-0.6810069680213928 0.10062642395496368 0.13424630463123322
-0.7328473329544067 0.11077229678630829 0.0831163078546524
-0.717325747013092 0.11268488317728043 0.05439319834113121
-0.7136736512184143 0.11595920473337173 0.06624846905469894
-0.7110068202018738 0.11186967045068741 0.0669010579586029
-0.6767588257789612 0.0963093638420105 0.11235665529966354
-0.6608364582061768 0.09816946089267731 0.11954468488693237
-0.6501548886299133 0.09446500986814499 0.13041754066944122
-0.7308533787727356 0.1210382804274559 0.06694208830595016
-0.7108656764030457 0.12099485099315643 0.09764991700649261
-0.7159017324447632 0.12160191684961319 0.08547031879425049
-0.7247975468635559 0.1090729758143425 0.09587119519710541
-0.72231125831604 0.10559272766113281 0.09912510961294174
-0.6657128930091858 0.09414795786142349 0.12403302639722824
-0.6864739656448364 0.09490212053060532 0.10796047002077103
-0.614959716796875 0.09777993708848953 0.13399474322795868
-0.5982781052589417 0.09635566174983978 0.1363513320684433
-0.6195868253707886 0.09501273185014725 0.13737869262695312
-0.6370440721511841 0.12123789638280869 0.13678781688213348
-0.5881041288375854 0.12155419588088989 0.14596764743328094
-0.6128407716751099 0.1207905039191246 0.13998347520828247
-0.7018544673919678 0.12035183608531952 0.09284184128046036
-0.6880563497543335 0.12019853293895721 0.10613621771335602
-0.7536442875862122 0.10468883812427521 0.0183663722127676
-0.6351232528686523 0.10974779725074768 0.12625999748706818
-0.6180150508880615 0.10607737302780151 0.12986500561237335
-0.621321439743042 0.10253816097974777 0.1302294284105301
-0.665184736251831 0.10309330374002457 0.144009068608284
-0.6527602076530457 0.10700015723705292 0.149924635887146
-0.6687493920326233 0.10777121037244797 0.14320451021194458
-0.7007986307144165 0.11387544870376587 0.12012134492397308
-0.6826858520507812 0.11145659536123276 0.13462042808532715
-0.685593843460083 0.11591032892465591 0.1301148682832718
-0.7310230731964111 0.0957525372505188 0.07423405349254608
-0.7292191982269287 0.09805712848901749 0.0830184668302536
-0.6110331416130066 0.09444494545459747 0.14979694783687592
-0.5876983404159546 0.09483884274959564 0.1506304293870926
-0.6049505472183228 0.09659211337566376 0.15394029021263123
-0.7452965974807739 0.11686620861291885 0.04661655053496361
-0.7415896058082581 0.1182468831539154 0.053255464881658554
-0.6461291909217834 0.10145378112792969 0.15090607106685638
-0.625014066696167 0.097904272377491 0.15327122807502747
-0.619398295879364 0.10252916067838669 0.15711556375026703
-0.6729247570037842 0.09863937646150589 0.11190527677536011
-0.6867826581001282 0.12106886506080627 0.12026175856590271
-0.7170084714889526 0.09546682983636856 0.09504277259111404
-0.6499684453010559 0.0988636240363121 0.12393250316381454
-0.6379231810569763 0.10439010709524155 0.12557584047317505
-0.6326643228530884 0.09906984120607376 0.129739910364151
-0.7149052023887634 0.09380163997411728 0.08127559721469879
-0.6849100589752197 0.09375117719173431 0.11384013295173645
-0.743489682674408 0.12024147808551788 0.03524108976125717
-0.7301681041717529 0.11751094460487366 0.016324840486049652
-0.727188766002655 0.1171770989894867 0.033259280025959015
-0.6179749369621277 0.11039745807647705 0.13000696897506714
-0.6705021858215332 0.11336662620306015 0.14098462462425232
-0.6637948155403137 0.11941158771514893 0.13832159340381622
-0.6884986162185669 0.0955505296587944 0.1233711913228035
-0.6538876295089722 0.12009329348802567 0.12762807309627533
-0.6381195783615112 0.11913539469242096 0.13160982728004456
-0.6519719958305359 0.10306959599256516 0.12073685228824615
-0.6815342903137207 0.11486610025167465 0.10415756702423096
-0.674804151058197 0.11601883172988892 0.11012283712625504
-0.6102628111839294 0.1198277398943901 0.15179063379764557
-0.6210761666297913 0.12121394276618958 0.1468101590871811
-0.6048062443733215 0.10315946489572525 0.158343106508255
-0.5870468616485596 0.10431040823459625 0.15818747878074646
-0.6044338941574097 0.10811934620141983 0.15913717448711395
-0.6933175921440125 0.1113370880484581 0.0909455344080925
-0.6842671632766724 0.10606362670660019 0.09912915527820587
-0.6958978772163391 0.11778388917446136 0.12032371759414673
-0.706882655620575 0.11796800792217255 0.10997999459505081
-0.7023537755012512 0.09456510096788406 0.09265179932117462
-0.7240390181541443 0.11945129185914993 0.08575592935085297
-0.6873083114624023 0.11941744387149811 0.12451449036598206
-0.7340985536575317 0.10566165298223495 0.08149141073226929
-0.7064225673675537 0.11815816909074783 0.08187105506658554
-0.7056481838226318 0.11501128226518631 0.07809975743293762
-0.7415727972984314 0.09583116322755814 0.04935039207339287
-0.6405093669891357 0.09679358452558517 0.148638054728508
-0.6673797369003296 0.11694028973579407 0.13977238535881042
-0.647641122341156 0.1186794713139534 0.1459755301475525
-0.7237454056739807 0.10952658951282501 0.03127775341272354
-0.7210155129432678 0.11186201870441437 0.04359455779194832
-0.7204958200454712 0.10683860629796982 0.043710194528102875
-0.6394068598747253 0.11343053728342056 0.15274031460285187
-0.7325195074081421 0.0945928543806076 0.06602242588996887
-0.6208744645118713 0.09373101592063904 0.14139842987060547
-0.617547333240509 0.09358654171228409 0.14590390026569366
-0.7495967149734497 0.0992327630519867 0.030763812363147736
-0.679715633392334 0.10487262159585953 0.13690002262592316
-0.62993985414505 0.09504644572734833 0.14853321015834808
-0.6928468942642212 0.10594650357961655 0.09060648083686829
-0.6013152599334717 0.09971459954977036 0.13332270085811615
-0.5890366435050964 0.09664122760295868 0.13530607521533966
-0.6904148459434509 0.10810187458992004 0.13011085987091064
-0.7234245538711548 0.11640860140323639 0.09274620562791824
-0.7098357081413269 0.11963861435651779 0.10356347262859344
-0.7192584872245789 0.11957930028438568 0.06436570733785629
-0.7390961050987244 0.10934781283140182 0.07183364033699036
-0.6643207669258118 0.10214025527238846 0.1147710457444191
-0.7199769616127014 0.11772751063108444 0.05682903155684471
-0.6731773614883423 0.12008814513683319 0.11721426993608475
-0.6523087024688721 0.11210881173610687 0.14928090572357178
-0.6454573273658752 0.11619633436203003 0.14935147762298584
-0.5894627571105957 0.10524240881204605 0.13046979904174805
-0.648556113243103 0.1085887998342514 0.12140286713838577
-0.5880823135375977 0.09355677664279938 0.14607574045658112
-0.7260156273841858 0.10207106918096542 0.09243558347225189
-0.63951176404953 0.10830546915531158 0.1540335863828659
-0.7498540282249451 0.11758805811405182 0.018062524497509003
-0.7389793395996094 0.12151184678077698 0.03406110033392906
-0.7470481395721436 0.11133752763271332 0.05082741379737854
-0.7161704897880554 0.1208716332912445 0.07574475556612015
-0.7189809083938599 0.11329314857721329 0.10171028971672058
-0.6049050688743591 0.11685583740472794 0.1555861234664917
-0.5872234106063843 0.11518577486276627 0.15645693242549896
-0.5876279473304749 0.11983828246593475 0.1514195203781128
-0.686418890953064 0.10041818767786026 0.09966380149126053
-0.6556947231292725 0.09882114082574844 0.14575596153736115
-0.6941761374473572 0.09759549796581268 0.09536580741405487
-0.7030551433563232 0.10953505337238312 0.11987198144197464
-0.7500777244567871 0.0973467230796814 0.01805773936212063
-0.7081220746040344 0.09723035246133804 0.10887469351291656
-0.6769921183586121 0.10298950970172882 0.10599119961261749
-0.7458311915397644 0.12040086090564728 0.01768122799694538
-0.7346905469894409 0.11993806809186935 0.06419148296117783
-0.7465888857841492 0.0960569679737091 0.029758641496300697
-0.5996204614639282 0.0994027778506279 0.1565120965242386
-0.5871989727020264 0.09993992745876312 0.15630513429641724
-0.6589510440826416 0.10810769349336624 0.11642546206712723
-0.6008307337760925 0.10355401039123535 0.1315976232290268
-0.7118087410926819 0.09481312334537506 0.07964976876974106
-0.7408154010772705 0.09410134702920914 0.038630418479442596
-0.69260174036026 0.11602336168289185 0.09493530541658401
-0.7022721767425537 0.10920972377061844 0.07916548103094101
-0.7376643419265747 0.12148164957761765 0.01697903871536255
-0.7257245182991028 0.11396104097366333 0.029365014284849167
-0.7507919669151306 0.11261771619319916 0.03459184616804123
-0.5885657668113708 0.0940651223063469 0.14077433943748474
-0.7500433325767517 0.11554964631795883 0.02935975044965744
-0.6409984827041626 0.12051434814929962 0.14480549097061157
-0.7285195589065552 0.0938219428062439 0.053908571600914
-0.7438403964042664 0.10762714594602585 0.06163368374109268
-0.7048247456550598 0.09900365024805069 0.08025176078081131
-0.6400683522224426 0.09728550165891647 0.12919439375400543
-0.6930617094039917 0.1043216809630394 0.12771718204021454
-0.7223841547966003 0.09499949216842651 0.05987001955509186
-0.6981009840965271 0.10267604142427444 0.08585347980260849
-0.6281048059463501 0.1182587593793869 0.15153691172599792
-0.7418167591094971 0.0935385599732399 0.017336465418338776
-0.632431149482727 0.10427265614271164 0.1553342342376709
-0.7354333996772766 0.102017343044281 0.07685059309005737
-0.603825569152832 0.10731012374162674 0.13087274134159088
-0.6010331511497498 0.11107564717531204 0.13147135078907013
-0.599900484085083 0.11550892889499664 0.13337083160877228
-0.5893344879150391 0.11388401687145233 0.13189317286014557
-0.7132022380828857 0.09725134074687958 0.07055152207612991
-0.7059515714645386 0.09465532749891281 0.1055053323507309
-0.725933313369751 0.10764187574386597 0.01594439707696438
-0.726504921913147 0.11184777319431305 0.0159910935908556
-0.7088395357131958 0.10810252279043198 0.06912147998809814
-0.6124380826950073 0.11632397770881653 0.13350974023342133
-0.6213733553886414 0.11391859501600266 0.13072329759597778
-0.7467532157897949 0.10581166297197342 0.052916400134563446
-0.7120964527130127 0.10051055252552032 0.06746388971805573
-0.6119571328163147 0.11910416930913925 0.13671161234378815
-0.5889401435852051 0.1191093921661377 0.13647392392158508
-0.7287200093269348 0.09557046741247177 0.03937824070453644
-0.7140231132507324 0.10604345053434372 0.05945178493857384
-0.6360111236572266 0.11493350565433502 0.12804245948791504
-0.7195681929588318 0.09815018624067307 0.056134432554244995
-0.7372511029243469 0.09386612474918365 0.016968607902526855
-0.7079826593399048 0.10338906198740005 0.07188184559345245
-0.5870380997657776 0.11030101031064987 0.15823204815387726
-0.6305820941925049 0.11712389439344406 0.1312119960784912
-0.5885449051856995 0.12113474309444427 0.14109764993190765
-0.7243587374687195 0.0984676256775856 0.04191303625702858
-0.7184047698974609 0.10217129439115524 0.05225693807005882
-0.7317678332328796 0.09613903611898422 0.016466261819005013
-0.727329432964325 0.09873232990503311 0.028826331719756126
-0.7222577929496765 0.10259176790714264 0.04055191949009895
-0.7250555753707886 0.10322809964418411 0.028016241267323494
-0.7273260354995728 0.10128803551197052 0.016063744202256203
-0.13228978216648102 0.35614365339279175 0.041999995708465576
-0.13189738988876343 0.3537020981311798 0.01099999900907278
-0.13305650651454926 0.3581748604774475 0.010999997146427631
-0.1366041749715805 0.3613862693309784 0.01099999900907278
-0.1341032087802887 0.34823286533355713 0.010999997146427631
-0.14112432301044464 0.36200517416000366 0.011000001803040504
-0.14573736488819122 0.3598431646823883 0.010999980382621288
-0.1481901854276657 0.3540908992290497 0.01099999900907278
-0.1473718136548996 0.3571074903011322 0.04200000315904617
-0.14007258415222168 0.3458450734615326 0.011000003665685654
-0.14585737884044647 0.34822824597358704 0.010999995283782482
-0.13340002298355103 0.2888075113296509 0.011000001803040504
-0.13187353312969208 0.28339385986328125 0.01099999900907278
-0.13659445941448212 0.29127705097198486 0.010999999940395355
-0.14057572185993195 0.2921421527862549 0.011000002734363079
-0.13363341987133026 0.27903851866722107 0.011000001803040504
-0.1373654007911682 0.27628767490386963 0.011000002734363079
-0.14490018784999847 0.2904072105884552 0.011000001803040504
-0.14164626598358154 0.2761270999908447 0.011000004597008228
-0.14771698415279388 0.2866777181625366 0.011000009253621101
-0.14521096646785736 0.2777928411960602 0.010999992489814758
-0.1477544903755188 0.2816601097583771 0.011000007390975952
-0.18500001728534698 0.385633260011673 0.09564835578203201
-0.20000027120113373 0.41926273703575134 0.0962284654378891
-0.18500006198883057 0.4202130138874054 0.0963711068034172
-0.20000000298023224 0.38575485348701477 0.09564030915498734
-0.19082053005695343 0.3750000596046448 0.053248707205057144
-0.17610949277877808 0.3750000596046448 0.060081761330366135
-0.18284499645233154 0.3750000596046448 0.04669664055109024
-0.12923046946525574 0.374735027551651 0.04200000688433647
-0.16757626831531525 0.3750000596046448 0.05705074965953827
-0.1277562826871872 0.37441810965538025 0.0570000484585762
-0.1829681247472763 0.3750000596046448 0.06777530163526535
-0.1998281180858612 0.3750000596046448 0.07244206964969635
-0.1849348396062851 0.3750000596046448 0.07486945390701294
-0.17006313800811768 0.3750000596046448 0.04207934811711311
-0.1966731995344162 0.3750000596046448 0.06171779707074165
-0.20000001788139343 0.3751407861709595 0.08367128670215607
-0.1850000023841858 0.37514832615852356 0.08363626152276993
-0.1823161244392395 0.2630000114440918 0.0668027326464653
-0.19386804103851318 0.2630000114440918 0.05699578672647476
-0.17822414636611938 0.2630000114440918 0.06190336495637894
-0.1850000023841858 0.262768030166626 0.08439561724662781
-0.19943460822105408 0.2630000114440918 0.06915479898452759
-0.18480226397514343 0.2630000114440918 0.07348508387804031
-0.20000001788139343 0.26275768876075745 0.08436226844787598
-0.18483205139636993 0.2630000114440918 0.047822434455156326
-0.12926772236824036 0.26328086853027344 0.056999992579221725
-0.16630388796329498 0.2630000114440918 0.05700882151722908
-0.12983733415603638 0.2631794512271881 0.04200000688433647
-0.17029914259910583 0.2630000114440918 0.04208891838788986
-0.17224697768688202 0.2630000114440918 0.05821285769343376
-0.18499985337257385 0.2177979201078415 0.09638764709234238
-0.20000016689300537 0.21730458736419678 0.09641483426094055
-0.18500001728534698 0.25272202491760254 0.09558864682912827
-0.20000000298023224 0.25302696228027344 0.09549036622047424
-0.19999992847442627 0.20730841159820557 0.2087824046611786
-0.18500036001205444 0.20725178718566895 0.1075165793299675
-0.18500018119812012 0.20711596310138702 0.20712676644325256
-0.20000042021274567 0.20733417570590973 0.10694549232721329
-0.1850000023841858 0.41887161135673523 0.21984754502773285
-0.2000000923871994 0.21862222254276276 0.21978068351745605
-0.18500010669231415 0.21803018450737 0.21968209743499756
-0.19999979436397552 0.41957154870033264 0.21969781816005707
-0.18500018119812012 0.43064409494400024 0.1068645715713501
-0.20000000298023224 0.4308144450187683 0.20796051621437073
-0.18500053882598877 0.4306774139404297 0.20895814895629883
-0.19999994337558746 0.4308796226978302 0.10860694199800491
-0.1850000023841858 0.42692068219184875 0.10059646517038345
-0.20000001788139343 0.4243875741958618 0.09850748628377914
-0.1999998241662979 0.42858558893203735 0.10261375457048416
-0.20000000298023224 0.2330000102519989 0.12200000882148743
-0.20000027120113373 0.21077941358089447 0.1009349673986435
-0.20000000298023224 0.4050000309944153 0.12200000882148743
-0.20000000298023224 0.2330000102519989 0.1940000057220459
-0.20000000298023224 0.4050000309944153 0.1940000057220459
-0.20000001788139343 0.3780956268310547 0.09047705680131912
-0.20000003278255463 0.21153101325035095 0.2159559279680252
-0.19999966025352478 0.4268122613430023 0.21583642065525055
-0.20000001788139343 0.2597634494304657 0.0904989093542099
-0.1849999874830246 0.2107565999031067 0.10089291632175446
-0.1850000023841858 0.2330000102519989 0.12200000882148743
-0.1850000023841858 0.4050000309944153 0.12200000882148743
-0.1850000023841858 0.2330000102519989 0.1940000057220459
-0.1850000023841858 0.4050000309944153 0.1940000057220459
-0.1850000023841858 0.3779367208480835 0.09027211368083954
-0.18500037491321564 0.20890802145004272 0.21253320574760437
-0.18500003218650818 0.21253468096256256 0.21668650209903717
-0.1849999576807022 0.4257654845714569 0.21668455004692078
-0.1850000023841858 0.25961145758628845 0.09068413078784943
-0.11832404136657715 0.27379369735717773 0.042000021785497665
-0.13199999928474426 0.2840000092983246 0.04200000315904617
-0.13201983273029327 0.2845971882343292 0.04200000315904617
-0.14780209958553314 0.3522203266620636 0.04200000315904617
-0.14764457941055298 0.351641982793808 0.04200000315904617
-0.1396004855632782 0.29199254512786865 0.04200000315904617
-0.1401994526386261 0.2919975519180298 0.04200000315904617
-0.1401994526386261 0.3460024893283844 0.04200000315904617
-0.14751756191253662 0.3512638509273529 0.04200000315904617
-0.1473718136548996 0.3508925437927246 0.04200000315904617
-0.14720775187015533 0.3505289554595947 0.04200000315904617
-0.1320199966430664 0.2834007441997528 0.04200000315904617
-0.13516923785209656 0.2776201069355011 0.04200000315904617
-0.13582782447338104 0.27717122435569763 0.04200000315904617
-0.14081920683383942 0.2919599413871765 0.04200000315904617
-0.14079861342906952 0.34603747725486755 0.04200000315904617
-0.11814237385988235 0.3626345992088318 0.04200000315904617
-0.13413558900356293 0.348558634519577 0.04200000315904617
-0.14158757030963898 0.34615659713745117 0.04200000315904617
-0.13208936154842377 0.2828076481819153 0.04200000315904617
-0.14158551394939423 0.29184386134147644 0.04200000315904617
-0.13219837844371796 0.2822183072566986 0.04200000315904617
-0.12132412940263748 0.3698424696922302 0.04199996590614319
-0.13413558900356293 0.3594413995742798 0.04200000315904617
-0.13455693423748016 0.35986626148223877 0.04200000315904617
-0.13413558900356293 0.28944137692451477 0.04200000315904617
-0.13441412150859833 0.3482730984687805 0.04200000315904617
-0.14235807955265045 0.29164716601371765 0.04200000315904617
-0.13441412150859833 0.28972694277763367 0.04200000315904617
-0.134706512093544 0.28999826312065125 0.04200000315904617
-0.134706512093544 0.34800174832344055 0.04200000315904617
-0.1423594355583191 0.34635329246520996 0.04200000315904617
-0.13374298810958862 0.3589889705181122 0.04200000315904617
-0.13652920722961426 0.2767893373966217 0.04200000315904617
-0.1324148327112198 0.281449556350708 0.04200000315904617
-0.14236032962799072 0.27635353803634644 0.04200000315904617
-0.14310652017593384 0.2766304910182953 0.04200000315904617
-0.1415877640247345 0.27615660429000854 0.04200000315904617
-0.14099475741386414 0.2760620713233948 0.04200000315904617
-0.14039981365203857 0.2760075330734253 0.04200000315904617
-0.13960225880146027 0.27600741386413574 0.04200000315904617
-0.1388092339038849 0.27608659863471985 0.04200000315904617
-0.1380271166563034 0.27624452114105225 0.04200000315904617
-0.1351710706949234 0.3603751063346863 0.04200000315904617
-0.1372641772031784 0.27647972106933594 0.04200000315904617
-0.1338716447353363 0.28914231061935425 0.04200000315904617
-0.13501209020614624 0.2902546525001526 0.04200000315904617
-0.13501209020614624 0.3477453887462616 0.04200000315904617
-0.1473718136548996 0.2871074974536896 0.04200000315904617
-0.14720775187015533 0.28747108578681946 0.04200000315904617
-0.14751756191253662 0.2867361903190613 0.04200000315904617
-0.14770731329917908 0.28615471720695496 0.04200000315904617
-0.1478840857744217 0.2853684723377228 0.04200000315904617
-0.1431093066930771 0.34662628173828125 0.04200000315904617
-0.14796026051044464 0.2847965657711029 0.04200000315904617
-0.14800065755844116 0.28418681025505066 0.04200000315904617
-0.14797793328762054 0.2833803594112396 0.04200000315904617
-0.14788109064102173 0.2826113998889923 0.04200000315904617
-0.14770378172397614 0.28183403611183167 0.04200000315904617
-0.14751756191253662 0.2812638282775879 0.04200000315904617
-0.14729470014572144 0.28070956468582153 0.04200000315904617
-0.14702577888965607 0.28017398715019226 0.04200000315904617
-0.14670994877815247 0.27964022755622864 0.04200000315904617
-0.14624907076358795 0.27900055050849915 0.04200000315904617
-0.1457129716873169 0.2783970534801483 0.04200000315904617
-0.1452934890985489 0.2780017554759979 0.04200000315904617
-0.13328571617603302 0.3583534359931946 0.041999999433755875
-0.1448325663805008 0.27762144804000854 0.04200000315904617
-0.1443403661251068 0.277279794216156 0.04200000315904617
-0.14310728013515472 0.2913746237754822 0.04200000315904617
-0.14382782578468323 0.2769724130630493 0.04200000315904617
-0.13533005118370056 0.34750449657440186 0.04200000315904617
-0.1335020214319229 0.28867077827453613 0.04200000315904617
-0.1358264833688736 0.3608279824256897 0.04200000315904617
-0.13533005118370056 0.29049551486968994 0.04200000315904617
-0.1327061653137207 0.2807076573371887 0.04200000315904617
-0.13297423720359802 0.35782602429389954 0.04200000315904617
-0.13635031878948212 0.36111900210380554 0.04200000315904617
-0.13270530104637146 0.35729044675827026 0.04200000315904617
-0.1368907243013382 0.36137375235557556 0.04200000315904617
-0.13565964996814728 0.29072022438049316 0.04200000315904617
-0.14364969730377197 0.2911190092563629 0.04200000315904617
-0.13248245418071747 0.3567361831665039 0.04200000315904617
-0.13764096796512604 0.3616468906402588 0.04200000315904617
-0.14382778108119965 0.34697237610816956 0.04200000315904617
-0.13565964996814728 0.34727978706359863 0.04200000315904617
-0.13297423720359802 0.28017398715019226 0.04200000315904617
-0.13821983337402344 0.3617994487285614 0.04200000315904617
-0.13306917250156403 0.2880004048347473 0.04200000315904617
-0.14417210221290588 0.2908288836479187 0.04200000315904617
-0.13211894035339355 0.3553887605667114 0.04200000315904617
-0.1361721009016037 0.29102760553359985 0.04200000315904617
-0.1443403661251068 0.34727978706359863 0.04200000315904617
-0.1388295441865921 0.3619158864021301 0.04200000315904617
-0.13327839970588684 0.279657244682312 0.04200000315904617
-0.13201983273029327 0.35459715127944946 0.04200000315904617
-0.13960136473178864 0.3619875907897949 0.04200000315904617
-0.1361742913722992 0.3469712436199188 0.04200000315904617
-0.13200001418590546 0.35381466150283813 0.04199999198317528
-0.1401994526386261 0.3619975447654724 0.04200000315904617
-0.14466996490955353 0.29049551486968994 0.04200000315904617
-0.14466996490955353 0.34750449657440186 0.04200000315904617
-0.14498792588710785 0.3477453887462616 0.04200000315904617
-0.140819251537323 0.36195993423461914 0.04200000315904617
-0.12300173938274384 0.2666178047657013 0.04200001060962677
-0.1337440013885498 0.27900975942611694 0.04200000315904617
-0.1320597231388092 0.3530041575431824 0.04200000315904617
-0.13689282536506653 0.3466253876686096 0.04200000315904617
-0.13270533084869385 0.2872905135154724 0.04200000315904617
-0.14498792588710785 0.2902546525001526 0.04200000315904617
-0.1452934890985489 0.34800174832344055 0.04200000315904617
-0.14158548414707184 0.36184385418891907 0.04200000315904617
-0.13219842314720154 0.3522181212902069 0.04200000315904617
-0.13689079880714417 0.2913738191127777 0.04200000315904617
-0.1452934890985489 0.28999826312065125 0.04200000315904617
-0.14235740900039673 0.361647367477417 0.04200000315904617
-0.132414773106575 0.35144972801208496 0.04200000315904617
-0.13413558900356293 0.2785586416721344 0.04200000315904617
-0.14558589458465576 0.28972694277763367 0.04200000315904617
-0.14558589458465576 0.3482730984687805 0.04200000315904617
-0.14292272925376892 0.3614470064640045 0.04200000315904617
-0.13455791771411896 0.2781328558921814 0.04200000315904617
-0.1326282024383545 0.3508925437927246 0.04200000315904617
-0.14586441218852997 0.28944137692451477 0.04200000315904617
-0.14586441218852997 0.348558634519577 0.04200000315904617
-0.13279226422309875 0.3505289554595947 0.04200000315904617
-0.1461283564567566 0.28914231061935425 0.04200000315904617
-0.13297423720359802 0.3501740097999573 0.04200000315904617
-0.13248245418071747 0.2867361903190613 0.04200000315904617
-0.1461283564567566 0.34885770082473755 0.04200000315904617
-0.1463770717382431 0.3491695821285248 0.04200000315904617
-0.13317368924617767 0.3498285412788391 0.04200000315904617
-0.13763998448848724 0.2916465699672699 0.04200000315904617
-0.13339009881019592 0.34949344396591187 0.04200000315904617
-0.13374419510364532 0.34900954365730286 0.04200000315904617
-0.1463770717382431 0.2888304591178894 0.04200000315904617
-0.14660991728305817 0.28850656747817993 0.04200000315904617
-0.13764262199401855 0.34635263681411743 0.04200000315904617
-0.14660991728305817 0.34949344396591187 0.04200000315904617
-0.14682632684707642 0.3498285412788391 0.04200000315904617
-0.13229623436927795 0.2861660420894623 0.04200000315904617
-0.14682632684707642 0.2881714999675751 0.04200000315904617
-0.14702577888965607 0.2878260314464569 0.04200000315904617
-0.14702577888965607 0.3501740097999573 0.04200000315904617
-0.13821983337402344 0.3462005853652954 0.04200000315904617
-0.13821983337402344 0.2917994558811188 0.04200000315904617
-0.1388091892004013 0.34608662128448486 0.04200000315904617
-0.14347141981124878 0.3612103760242462 0.04200000315904617
-0.14400000870227814 0.3609282076358795 0.04200000315904617
-0.14452627301216125 0.3605988323688507 0.04200000315904617
-0.13211895525455475 0.2853887975215912 0.04200000315904617
-0.14514070749282837 0.36012646555900574 0.04200000315904617
-0.1457282155752182 0.3595881462097168 0.04200000315904617
-0.1461283564567566 0.35914233326911926 0.04200000315904617
-0.14650976657867432 0.3586534559726715 0.04200000315904617
-0.14682632684707642 0.3581714928150177 0.04200000315904617
-0.14712075889110565 0.35765162110328674 0.04200000315904617
-0.14758524298667908 0.35655027627944946 0.04200000315904617
-0.13882967829704285 0.2919159233570099 0.04200000315904617
-0.14775262773036957 0.35597407817840576 0.04200000315904617
-0.1478840857744217 0.35536840558052063 0.04200000315904617
-0.13960255682468414 0.34600740671157837 0.04200000315904617
-0.14798003435134888 0.35459914803504944 0.04200000315904617
-0.14800001680850983 0.3538014590740204 0.04200000315904617
-0.14794054627418518 0.3530062139034271 0.04200000315904617
-0.11810307204723358 0.27575433254241943 0.05699998512864113
-0.12064604461193085 0.2875038981437683 0.05699951574206352
-0.12142758071422577 0.2773202359676361 0.057000722736120224
-0.1415988653898239 0.26437848806381226 0.05700021982192993
-0.14963474869728088 0.2669282555580139 0.05699847638607025
-0.15573854744434357 0.2722488343715668 0.05700213462114334
-0.15959274768829346 0.2815678119659424 0.05699900537729263
-0.1587173193693161 0.28975698351860046 0.05699985846877098
-0.11808186769485474 0.36215198040008545 0.056999996304512024
-0.12066560983657837 0.3498472571372986 0.05699986219406128
-0.1597466915845871 0.3529101014137268 0.057000093162059784
-0.1454620063304901 0.30304083228111267 0.056999556720256805
-0.14302238821983337 0.3346702456474304 0.05700019747018814
-0.1507483869791031 0.3374958038330078 0.057000111788511276
-0.12579277157783508 0.3675948679447174 0.05700013414025307
-0.12029150873422623 0.3682597875595093 0.05700003355741501
-0.12373609095811844 0.29496368765830994 0.057000238448381424
-0.12637551128864288 0.33964383602142334 0.057000190019607544
-0.12922579050064087 0.30039921402931213 0.05699988454580307
-0.12112176418304443 0.2683078348636627 0.0570000484585762
-0.15474765002727509 0.29701921343803406 0.05699947476387024
-0.1329289674758911 0.37233710289001465 0.05700051411986351
-0.12683211266994476 0.26938262581825256 0.057000577449798584
-0.121299147605896 0.3600727617740631 0.05700046196579933
-0.1569056361913681 0.34401455521583557 0.057000838220119476
-0.1428336352109909 0.3735564351081848 0.0569998063147068
-0.1360127031803131 0.30315980315208435 0.056999992579221725
-0.13581722974777222 0.33481213450431824 0.05700000375509262
-0.13363051414489746 0.2654738128185272 0.05699979513883591
-0.15727941691875458 0.36343914270401 0.0569995678961277
-0.1515205204486847 0.3698880970478058 0.057000353932380676
-0.15852835774421692 0.3468863368034363 0.060999542474746704
-0.15197528898715973 0.3557354509830475 0.06100001558661461
-0.15919244289398193 0.35826507210731506 0.06100035831332207
-0.14534707367420197 0.3350957930088043 0.060999274253845215
-0.1349301040172577 0.33480849862098694 0.06100017949938774
-0.13999423384666443 0.34170374274253845 0.06100006774067879
-0.15124838054180145 0.3492904603481293 0.06099998205900192
-0.13210362195968628 0.3447142243385315 0.06099995598196983
-0.12575456500053406 0.34045207500457764 0.061000097543001175
-0.1217082291841507 0.34698033332824707 0.06100046634674072
-0.1284499317407608 0.35035908222198486 0.061000023037195206
-0.14932146668434143 0.361950546503067 0.06100017577409744
-0.14210103452205658 0.3660346269607544 0.06100000441074371
-0.1491388976573944 0.3714872896671295 0.06100022420287132
-0.14708858728408813 0.3441801071166992 0.061000049114227295
-0.15600484609603882 0.36534810066223145 0.06099846586585045
-0.15233181416988373 0.3387569487094879 0.06100013107061386
-0.13002173602581024 0.36098796129226685 0.06100007891654968
-0.12465699762105942 0.3662973940372467 0.060999296605587006
-0.13117031753063202 0.37154269218444824 0.0609995536506176
-0.13519561290740967 0.36514049768447876 0.061000049114227295
-0.12038085609674454 0.35654351115226746 0.06100064143538475
-0.12800218164920807 0.3553929328918457 0.061000023037195206
-0.13948377966880798 0.37365928292274475 0.06100083887577057
-0.15846437215805054 0.2766357958316803 0.06100229546427727
-0.15175177156925201 0.2876589298248291 0.06099994480609894
-0.15926513075828552 0.2877468168735504 0.06100040674209595
-0.15152522921562195 0.28036120533943176 0.061000023037195206
-0.12918667495250702 0.27837374806404114 0.0610000416636467
-0.1241816058754921 0.2722654938697815 0.060999419540166855
-0.12015923857688904 0.28302302956581116 0.06099957972764969
-0.14173518121242523 0.26448801159858704 0.06100040301680565
-0.13870134949684143 0.27192094922065735 0.06100006401538849
-0.1441926658153534 0.27267566323280334 0.06100001558661461
-0.1475001573562622 0.29348209500312805 0.06100000813603401
-0.14203248918056488 0.29599475860595703 0.061000049114227295
-0.14421269297599792 0.3033522963523865 0.06099998578429222
-0.15493634343147278 0.2970134913921356 0.06100005656480789
-0.15000802278518677 0.26698440313339233 0.061001524329185486
-0.1335384100675583 0.2738006114959717 0.061000000685453415
-0.13129033148288727 0.29248347878456116 0.0610000416636467
-0.12275776267051697 0.2935074269771576 0.06100008636713028
-0.12855717539787292 0.2999340891838074 0.0609997920691967
-0.1486808806657791 0.27554383873939514 0.06099999323487282
-0.13254393637180328 0.2656814455986023 0.06099958345293999
-0.13633351027965546 0.29550522565841675 0.061000023037195206
-0.12795691192150116 0.2859813868999481 0.06099998950958252
-0.1349276751279831 0.302915096282959 0.06100013852119446
-0.15211175382137299 0.285997211933136 0.07699994742870331
-0.1471802443265915 0.29402777552604675 0.07700005173683167
-0.15096567571163177 0.2788527309894562 0.07700000703334808
-0.13333600759506226 0.29421356320381165 0.07700002193450928
-0.1396695077419281 0.296109676361084 0.07699998468160629
-0.12925505638122559 0.2894950807094574 0.07700000703334808
-0.14159098267555237 0.2719668447971344 0.07700002193450928
-0.14734379947185516 0.27435776591300964 0.07700002193450928
-0.1352151781320572 0.27284303307533264 0.07700005173683167
-0.13027440011501312 0.27679020166397095 0.07700001448392868
-0.12779143452644348 0.28337574005126953 0.07700002938508987
-0.14994922280311584 0.36121800541877747 0.07700004428625107
-0.14448712766170502 0.3652016818523407 0.07700002193450928
-0.15212564170360565 0.3536224365234375 0.07700003683567047
-0.13891080021858215 0.36610954999923706 0.07700000703334808
-0.15064884722232819 0.3483392000198364 0.07700000703334808
-0.1334356665611267 0.3641320466995239 0.07700006663799286
-0.12948846817016602 0.3600479066371918 0.07700005173683167
-0.1422501504421234 0.3421044945716858 0.07699999958276749
-0.147430419921875 0.34443429112434387 0.07700000703334808
-0.13696907460689545 0.3423125445842743 0.07700003683567047
-0.12781156599521637 0.35247570276260376 0.07700001448392868
-0.13151508569717407 0.34526315331459045 0.07699993252754211
-0.13278327882289886 -0.28003230690956116 0.011000006459653378
-0.13204261660575867 -0.285390704870224 0.010999997146427631
-0.13727593421936035 -0.27633440494537354 0.010999999940395355
-0.14324277639389038 -0.27643147110939026 0.011000005528330803
-0.13447578251361847 -0.290047287940979 0.010999999940395355
-0.13982824981212616 -0.2921314835548401 0.01099999900907278
-0.14723409712314606 -0.2877238392829895 0.010999998077750206
-0.14785411953926086 -0.28147244453430176 0.011000006459653378
-0.14412342011928558 -0.29093137383461 0.011000001803040504
-0.13260021805763245 -0.35042262077331543 0.01099998690187931
-0.13216164708137512 -0.35599690675735474 0.010999999940395355
-0.13791920244693756 -0.3459591269493103 0.011000001803040504
-0.13545791804790497 -0.3609015643596649 0.010999985039234161
-0.1450977623462677 -0.3475506603717804 0.011000003665685654
-0.1423720419406891 -0.3618397116661072 0.01100001111626625
-0.14722800254821777 -0.3579089939594269 0.011000024154782295
-0.14796270430088043 -0.35242021083831787 0.011000001803040504
-0.1850000023841858 -0.2502947747707367 0.09590834379196167
-0.20000027120113373 -0.21873733401298523 0.0962284579873085
-0.18500006198883057 -0.2177870273590088 0.0963711068034172
-0.20000001788139343 -0.25155216455459595 0.09575002640485764
-0.19082053005695343 -0.2630000114440918 0.053248707205057144
-0.17610949277877808 -0.2630000114440918 0.060081761330366135
-0.18284499645233154 -0.2630000114440918 0.04669664055109024
-0.1279888153076172 -0.2634771764278412 0.04200001806020737
-0.16757626831531525 -0.2630000114440918 0.05705074965953827
-0.12926188111305237 -0.263281911611557 0.056999996304512024
-0.1829681247472763 -0.2630000114440918 0.06777530163526535
-0.1998281180858612 -0.2630000114440918 0.07244206964969635
-0.1849348396062851 -0.2630000114440918 0.07486945390701294
-0.17007489502429962 -0.2630000114440918 0.042082227766513824
-0.1966731995344162 -0.2630000114440918 0.06171779707074165
-0.20000001788139343 -0.262926310300827 0.0829535573720932
-0.1850000023841858 -0.26280778646469116 0.0839986801147461
-0.1823161244392395 -0.3750000596046448 0.0668027326464653
-0.19386804103851318 -0.3750000596046448 0.05699578672647476
-0.17822414636611938 -0.3750000596046448 0.06190336495637894
-0.1850000023841858 -0.3751407861709595 0.08367130905389786
-0.19943460822105408 -0.3750000596046448 0.06915479898452759
-0.18480226397514343 -0.3750000596046448 0.07348508387804031
-0.20000001788139343 -0.37519222497940063 0.08399859070777893
-0.18483205139636993 -0.3750000596046448 0.047822434455156326
-0.12953995168209076 -0.3747643530368805 0.05699998885393143
-0.16630388796329498 -0.3750000596046448 0.05700882151722908
-0.12922252714633942 -0.3747377395629883 0.04199998453259468
-0.17029914259910583 -0.3750000596046448 0.04208891838788986
-0.17224697768688202 -0.3750000596046448 0.05821285769343376
-0.18499985337257385 -0.4202021062374115 0.09638764709234238
-0.20000016689300537 -0.420695424079895 0.09641483426094055
-0.18500001728534698 -0.3858722746372223 0.09568921476602554
-0.20000001788139343 -0.38830679655075073 0.09594108164310455
-0.19999992847442627 -0.430691659450531 0.20878231525421143
-0.18500036001205444 -0.4307482838630676 0.10751663893461227
-0.18500018119812012 -0.43088409304618835 0.20712684094905853
-0.20000042021274567 -0.43066588044166565 0.10694549977779388
-0.1850000023841858 -0.21912837028503418 0.21984754502773285
-0.2000001221895218 -0.4194435775279999 0.21977601945400238
-0.1850004345178604 -0.4187176525592804 0.21983547508716583
-0.19999979436397552 -0.21842853724956512 0.21969781816005707
-0.18500016629695892 -0.20735593140125275 0.10686462372541428
-0.20000000298023224 -0.20718561112880707 0.20796042680740356
-0.18500053882598877 -0.20732268691062927 0.20895837247371674
-0.19999994337558746 -0.20712044835090637 0.10860682278871536
-0.1850000023841858 -0.21107929944992065 0.10059652477502823
-0.20000001788139343 -0.21361245214939117 0.09850748628377914
-0.1999998241662979 -0.20941437780857086 0.1026138886809349
-0.20000001788139343 -0.37740376591682434 0.08927587419748306
-0.20000003278255463 -0.38217002153396606 0.09405039995908737
-0.20000001788139343 -0.26112034916877747 0.08857153356075287
-0.20000001788139343 -0.25719964504241943 0.09291119128465652
-0.20000000298023224 -0.4050000309944153 0.12200000882148743
-0.20000027120113373 -0.4272206425666809 0.10093498975038528
-0.20000000298023224 -0.2330000102519989 0.12200000882148743
-0.20000000298023224 -0.4050000309944153 0.1940000057220459
-0.20000000298023224 -0.2330000102519989 0.1940000057220459
-0.20000003278255463 -0.4264690577983856 0.21595589816570282
-0.18500037491321564 -0.42481696605682373 0.2172374725341797
-0.19999966025352478 -0.21118788421154022 0.2158365249633789
-0.1850000023841858 -0.3780956268310547 0.09047705680131912
-0.1850000023841858 -0.26059630513191223 0.08927588909864426
-0.1849999874830246 -0.25638407468795776 0.09361149370670319
-0.1849999874830246 -0.4272434413433075 0.10089292377233505
-0.1850000023841858 -0.4050000309944153 0.12200000882148743
-0.1850000023841858 -0.2330000102519989 0.12200000882148743
-0.1850000023841858 -0.4050000309944153 0.1940000057220459
-0.1850000023841858 -0.2330000102519989 0.1940000057220459
-0.18500037491321564 -0.4290921092033386 0.21253308653831482
-0.1849999576807022 -0.21223439276218414 0.21668444573879242
-0.14780209958553314 -0.2857796847820282 0.04200000315904617
-0.14764457941055298 -0.2863580584526062 0.04200000315904617
-0.14751756191253662 -0.2867361903190613 0.04200000315904617
-0.1396004557609558 -0.34600749611854553 0.04200000315904617
-0.1401994526386261 -0.3460024893283844 0.04200000315904617
-0.14039942622184753 -0.29199254512786865 0.04200000315904617
-0.1473718136548996 -0.2871074974536896 0.04200000315904617
-0.14720775187015533 -0.28747108578681946 0.04200000315904617
-0.11805853992700577 -0.36182844638824463 0.04200000688433647
-0.13200995326042175 -0.35439878702163696 0.04200000315904617
-0.13199996948242188 -0.3538018763065338 0.04200000315904617
-0.1351710706949234 -0.3603751063346863 0.04200000315904617
-0.13582822680473328 -0.36082905530929565 0.04200000315904617
-0.14081904292106628 -0.3460400700569153 0.04200000315904617
-0.1320597380399704 -0.3549959361553192 0.04200000315904617
-0.1181359812617302 -0.2754240334033966 0.041999995708465576
-0.13413558900356293 -0.28944137692451477 0.04200000315904617
-0.1411927342414856 -0.29191312193870544 0.04200000315904617
-0.14158524572849274 -0.34615612030029297 0.04200000315904617
-0.13215862214565277 -0.3555851876735687 0.04200000315904617
-0.12061665207147598 -0.26928865909576416 0.041999977082014084
-0.1342705488204956 -0.27841314673423767 0.04200000315904617
-0.14178016781806946 -0.2917994558811188 0.04200000315904617
-0.13229681551456451 -0.3561680316925049 0.04200000315904617
-0.13413558900356293 -0.348558634519577 0.04200000315904617
-0.13441412150859833 -0.28972694277763367 0.04200000315904617
-0.1423574537038803 -0.3463526666164398 0.04200000315904617
-0.13441412150859833 -0.3482730984687805 0.04200000315904617
-0.134706512093544 -0.34800174832344055 0.04200000315904617
-0.134706512093544 -0.28999826312065125 0.04200000315904617
-0.134706512093544 -0.2780017554759979 0.04200000315904617
-0.14235994219779968 -0.2916465997695923 0.04200000315904617
-0.13635031878948212 -0.36111900210380554 0.04200000315904617
-0.13374269008636475 -0.27901142835617065 0.04200000315904617
-0.14197513461112976 -0.3617549240589142 0.04200000315904617
-0.1427353173494339 -0.36151522397994995 0.04200000315904617
-0.14138919115066528 -0.3618784546852112 0.04200000315904617
-0.14079885184764862 -0.36196252703666687 0.04200000315904617
-0.14000001549720764 -0.3619975447654724 0.04200000315904617
-0.13920344412326813 -0.36196276545524597 0.04200000315904617
-0.13840007781982422 -0.3618405759334564 0.041999995708465576
-0.13516759872436523 -0.277621328830719 0.04200000315904617
-0.1376427561044693 -0.36164742708206177 0.04200000315904617
-0.13689272105693817 -0.3613746166229248 0.04200000315904617
-0.13374283909797668 -0.34901124238967896 0.04200000315904617
-0.13501209020614624 -0.3477453887462616 0.04200000315904617
-0.13501209020614624 -0.2902546525001526 0.04200000315904617
-0.14720775187015533 -0.3505289554595947 0.04200000315904617
-0.1473718136548996 -0.3508925437927246 0.04200000315904617
-0.14751756191253662 -0.3512638509273529 0.04200000315904617
-0.1477072834968567 -0.3518452048301697 0.04200000315904617
-0.1431093066930771 -0.29137375950813293 0.04200000315904617
-0.1478840857744217 -0.3526315987110138 0.04200000315904617
-0.14796026051044464 -0.3532034754753113 0.04200000315904617
-0.14800065755844116 -0.35381317138671875 0.04200000315904617
-0.14797793328762054 -0.3546196520328522 0.04200000315904617
-0.14788107573986053 -0.35538870096206665 0.04200000315904617
-0.14770376682281494 -0.3561660647392273 0.04200000315904617
-0.13248245418071747 -0.3567361831665039 0.04200000315904617
-0.14751756191253662 -0.3567361831665039 0.04200000315904617
-0.14730441570281982 -0.3572693169116974 0.041999999433755875
-0.14702577888965607 -0.35782602429389954 0.04200000315904617
-0.1467098593711853 -0.3583599627017975 0.04200000315904617
-0.14624889194965363 -0.35899972915649414 0.04200000315904617
-0.1457134187221527 -0.35960251092910767 0.04200000315904617
-0.14514070749282837 -0.36012646555900574 0.04200000315904617
-0.1445094645023346 -0.3606109619140625 0.04200000315904617
-0.1438278704881668 -0.36102762818336487 0.04200000315904617
-0.1332772672176361 -0.2796590030193329 0.04200000315904617
-0.14310741424560547 -0.3466254770755768 0.04200000315904617
-0.14329031109809875 -0.3612920641899109 0.04200000315904617
-0.13533005118370056 -0.29049551486968994 0.04200000315904617
-0.1358259618282318 -0.27717235684394836 0.04200000315904617
-0.13533005118370056 -0.34750449657440186 0.04200000315904617
-0.13270612061023712 -0.3572922646999359 0.04200000315904617
-0.13297423720359802 -0.28017398715019226 0.04200000315904617
-0.13339009881019592 -0.34949344396591187 0.04200000315904617
-0.13652707636356354 -0.2767903804779053 0.04200000315904617
-0.13270527124404907 -0.2807096242904663 0.04200000315904617
-0.14364969730377197 -0.34688103199005127 0.04200000315904617
-0.13565964996814728 -0.34727978706359863 0.04200000315904617
-0.13726232945919037 -0.27648037672042847 0.04200000315904617
-0.13248245418071747 -0.2812638282775879 0.04200000315904617
-0.1438279151916504 -0.29102760553359985 0.04200000315904617
-0.1330702155828476 -0.3580022156238556 0.04200000315904617
-0.13229623436927795 -0.28183403611183167 0.04200000315904617
-0.12083012610673904 -0.3693431317806244 0.041999999433755875
-0.13565964996814728 -0.29072022438049316 0.04200000315904617
-0.13803847134113312 -0.276241272687912 0.04200000315904617
-0.13317368924617767 -0.3498285412788391 0.04200000315904617
-0.14400000870227814 -0.3470718264579773 0.04200000315904617
-0.13211892545223236 -0.28261134028434753 0.04200000315904617
-0.13600000739097595 -0.3470718264579773 0.04200000315904617
-0.1443403661251068 -0.29072022438049316 0.04200000315904617
-0.13882966339588165 -0.2760840952396393 0.04200000315904617
-0.13201983273029327 -0.28340283036231995 0.04200000315904617
-0.13960009813308716 -0.2760075330734253 0.04200000315904617
-0.13617393374443054 -0.29102858901023865 0.04200000315904617
-0.1443403661251068 -0.34727978706359863 0.04200000315904617
-0.13297423720359802 -0.3501740097999573 0.04200000315904617
-0.13199999928474426 -0.2840000092983246 0.04200000315904617
-0.13339009881019592 -0.35850659012794495 0.04200000315904617
-0.1401994526386261 -0.2760024964809418 0.04200000315904617
-0.13652676343917847 -0.3467905521392822 0.04200000315904617
-0.1320199966430664 -0.28459933400154114 0.04200000315904617
-0.14466996490955353 -0.29049551486968994 0.04200000315904617
-0.14466996490955353 -0.34750449657440186 0.04200000315904617
-0.14498792588710785 -0.2902546525001526 0.04200000315904617
-0.1408187299966812 -0.27604004740715027 0.04200000315904617
-0.13374429941177368 -0.3589906096458435 0.04200000315904617
-0.1368928849697113 -0.29137468338012695 0.04200000315904617
-0.13279226422309875 -0.3505289554595947 0.04200000315904617
-0.1321192979812622 -0.28539082407951355 0.04200000315904617
-0.14498792588710785 -0.3477453887462616 0.04200000315904617
-0.1452934890985489 -0.28999826312065125 0.04200000315904617
-0.14158567786216736 -0.2761561870574951 0.04200000315904617
-0.13229681551456451 -0.28616806864738464 0.04200000315904617
-0.14235827326774597 -0.2763529121875763 0.04200000315904617
-0.1452934890985489 -0.34800174832344055 0.04200000315904617
-0.13427166640758514 -0.35958799719810486 0.04200000315904617
-0.13248245418071747 -0.2867361903190613 0.04200000315904617
-0.1326282024383545 -0.3508925437927246 0.04200000315904617
-0.14558589458465576 -0.3482730984687805 0.04200000315904617
-0.14558589458465576 -0.28972694277763367 0.04200000315904617
-0.14292272925376892 -0.27655303478240967 0.04200000315904617
-0.1327061653137207 -0.28729236125946045 0.04200000315904617
-0.13726161420345306 -0.34648066759109497 0.04200000315904617
-0.14586441218852997 -0.348558634519577 0.04200000315904617
-0.14586441218852997 -0.28944137692451477 0.04200000315904617
-0.1324140876531601 -0.3514517545700073 0.04200000315904617
-0.13307024538516998 -0.28800225257873535 0.04200000315904617
-0.1461283564567566 -0.34885770082473755 0.04200000315904617
-0.1461283564567566 -0.28914231061935425 0.04200000315904617
-0.1463770717382431 -0.2888304591178894 0.04200000315904617
-0.1463770717382431 -0.3491695821285248 0.04200000315904617
-0.13350321352481842 -0.28867241740226746 0.04200000315904617
-0.1338716447353363 -0.28914231061935425 0.04200000315904617
-0.14660991728305817 -0.34949344396591187 0.04200000315904617
-0.1376419961452484 -0.29164719581604004 0.04200000315904617
-0.14660991728305817 -0.28850656747817993 0.04200000315904617
-0.14682632684707642 -0.2881714999675751 0.04200000315904617
-0.14682632684707642 -0.3498285412788391 0.04200000315904617
-0.134706512093544 -0.35999828577041626 0.04200000315904617
-0.14702577888965607 -0.3501740097999573 0.04200000315904617
-0.13803783059120178 -0.34624144434928894 0.04200000315904617
-0.14702577888965607 -0.2878260314464569 0.04200000315904617
-0.13821983337402344 -0.2917994558811188 0.04200000315904617
-0.13219794631004333 -0.35222023725509644 0.04200000315904617
-0.13880904018878937 -0.29191339015960693 0.04200000315904617
-0.14347082376480103 -0.2767893671989441 0.04200000315904617
-0.14400000870227814 -0.27707183361053467 0.04200000315904617
-0.1445254683494568 -0.2774006426334381 0.04200000315904617
-0.1451432853937149 -0.27786922454833984 0.04200000315904617
-0.14572782814502716 -0.27841147780418396 0.04200000315904617
-0.1461283564567566 -0.2788577079772949 0.04200000315904617
-0.14650963246822357 -0.27934640645980835 0.04200000315904617
-0.14692993462085724 -0.2799980640411377 0.04200000315904617
-0.1472938358783722 -0.28070762753486633 0.04200000315904617
-0.13882967829704285 -0.3460841178894043 0.04200000315904617
-0.1475851982831955 -0.2814495861530304 0.04200000315904617
-0.1320594847202301 -0.35300615429878235 0.04200000315904617
-0.14775262773036957 -0.2820259630680084 0.04200000315904617
-0.14788411557674408 -0.2826317548751831 0.04200000315904617
-0.1396026909351349 -0.2919926345348358 0.04200000315904617
-0.14798003435134888 -0.28340086340904236 0.04200000315904617
-0.14800003170967102 -0.2841985523700714 0.04200000315904617
-0.147940531373024 -0.2849939167499542 0.04200000315904617
-0.13837476074695587 -0.3736286163330078 0.056999847292900085
-0.1464618593454361 -0.37248510122299194 0.05699966475367546
-0.1532631814479828 -0.36852505803108215 0.05699879676103592
-0.15784305334091187 -0.3619687855243683 0.0570005401968956
-0.15978069603443146 -0.35373881459236145 0.05700039863586426
-0.11842892318964005 -0.3646727502346039 0.05699996277689934
-0.11844924092292786 -0.2729963958263397 0.05699993669986725
-0.1202201247215271 -0.3525439500808716 0.056999046355485916
-0.12086661905050278 -0.2893097698688507 0.05700003355741501
-0.1597348153591156 -0.28471484780311584 0.05700009688735008
-0.14274950325489044 -0.33458247780799866 0.056999702006578445
-0.1377754658460617 -0.3036896288394928 0.05700000375509262
-0.14941787719726562 -0.3013645112514496 0.05699987709522247
-0.1232757717370987 -0.36453160643577576 0.056999657303094864
-0.15101894736289978 -0.33766669034957886 0.05700011923909187
-0.12358938157558441 -0.34323304891586304 0.05700032413005829
-0.12721866369247437 -0.2989913821220398 0.05700002610683441
-0.1283719837665558 -0.33827242255210876 0.05700024962425232
-0.1256764531135559 -0.2705209255218506 0.05699994042515755
-0.123392753303051 -0.2663886845111847 0.05700000375509262
-0.1331290751695633 -0.2655724883079529 0.057000692933797836
-0.1232801154255867 -0.3715580701828003 0.057000018656253815
-0.12123268842697144 -0.2781229615211487 0.057000815868377686
-0.15685319900512695 -0.2941557765007019 0.05699993669986725
-0.15712286531925201 -0.3444155752658844 0.05700036883354187
-0.1347530484199524 -0.3350892961025238 0.057000137865543365
-0.13023237884044647 -0.371002733707428 0.056999847292900085
-0.1428854614496231 -0.2645058035850525 0.05699896439909935
-0.15726669132709503 -0.27455204725265503 0.05699878931045532
-0.15121980011463165 -0.2678754925727844 0.057000573724508286
-0.14578777551651 -0.3433496952056885 0.06099998578429222
-0.14019006490707397 -0.3418908417224884 0.06099998205900192
-0.14879146218299866 -0.3362172544002533 0.061000239104032516
-0.15799826383590698 -0.36219653487205505 0.06100250035524368
-0.15191465616226196 -0.3563489615917206 0.06100006029009819
-0.15952765941619873 -0.3517265021800995 0.060999203473329544
-0.12820571660995483 -0.357374370098114 0.06100010499358177
-0.12906181812286377 -0.3706074357032776 0.0609995573759079
-0.12187385559082031 -0.36170101165771484 0.06099942699074745
-0.13390296697616577 -0.36471787095069885 0.06099998950958252
-0.15105505287647247 -0.348663330078125 0.06099997088313103
-0.1512378752231598 -0.3700949549674988 0.061000362038612366
-0.1418444663286209 -0.3737294673919678 0.06100112944841385
-0.1426721215248108 -0.3659113943576813 0.06099994480609894
-0.1565999984741211 -0.3434908092021942 0.06099995598196983
-0.12905731797218323 -0.3484102189540863 0.06100001931190491
-0.12243299931287766 -0.3450268805027008 0.06100022792816162
-0.1302461475133896 -0.3367420732975006 0.06100045517086983
-0.14897990226745605 -0.36220505833625793 0.061000026762485504
-0.13451741635799408 -0.3431883752346039 0.0610000342130661
-0.1394517719745636 -0.3344174921512604 0.06099995970726013
-0.12042304128408432 -0.3534109890460968 0.0610000304877758
-0.14691059291362762 -0.27402010560035706 0.06099998578429222
-0.13923004269599915 -0.27167809009552 0.060999952256679535
-0.14455550909042358 -0.2648824155330658 0.06099947914481163
-0.1523841917514801 -0.2686818242073059 0.06100015714764595
-0.15807205438613892 -0.29211968183517456 0.06100006401538849
-0.15217027068138123 -0.2842826247215271 0.06100008264183998
-0.1595517247915268 -0.28188180923461914 0.06099935248494148
-0.12854193150997162 -0.28856298327445984 0.06100008264183998
-0.12425496429204941 -0.29571130871772766 0.060999952256679535
-0.12039564549922943 -0.28682613372802734 0.061000704765319824
-0.15072821080684662 -0.30051329731941223 0.061000071465969086
-0.14272524416446686 -0.30341872572898865 0.06100013852119446
-0.13956087827682495 -0.29626917839050293 0.06100000813603401
-0.14670120179653168 -0.2940956950187683 0.06100001558661461
-0.15036214888095856 -0.2902402877807617 0.06100000813603401
-0.13320723176002502 -0.29397258162498474 0.061000023037195206
-0.1324263960123062 -0.30238282680511475 0.061000410467386246
-0.15066716074943542 -0.2783232629299164 0.06100001186132431
-0.1573781818151474 -0.27501270174980164 0.06100078672170639
-0.1285228580236435 -0.2798312306404114 0.061000075191259384
-0.1273173838853836 -0.26895177364349365 0.061000507324934006
-0.13242784142494202 -0.2745724320411682 0.061000023037195206
-0.12187215685844421 -0.27636849880218506 0.060999687761068344
-0.1357841193675995 -0.2647819519042969 0.06099995970726013
-0.15166319906711578 -0.35067611932754517 0.07699999958276749
-0.1470889002084732 -0.3438844382762909 0.07700009644031525
-0.13387459516525269 -0.3435370922088623 0.07700002193450928
-0.13955864310264587 -0.34190115332603455 0.07700002938508987
-0.12957672774791718 -0.34781643748283386 0.07700001448392868
-0.1407347470521927 -0.36623165011405945 0.07700002193450928
-0.14734052121639252 -0.36362385749816895 0.07700002193450928
-0.13039161264896393 -0.36134371161460876 0.07700001448392868
-0.1277877241373062 -0.3547232747077942 0.07700001448392868
-0.15149040520191193 -0.35819169878959656 0.07699999958276749
-0.1344393938779831 -0.3647128641605377 0.07700002938508987
-0.15214021503925323 -0.28209760785102844 0.07699994742870331
-0.14838603138923645 -0.2752240300178528 0.07700007408857346
-0.14245842397212982 -0.27208805084228516 0.07700002938508987
-0.1508718580007553 -0.28933194279670715 0.07699999213218689
-0.13501518964767456 -0.2728499174118042 0.07700007408857346
-0.12954393029212952 -0.27784329652786255 0.07700002938508987
-0.140692800283432 -0.29621201753616333 0.07700004428625107
-0.14728906750679016 -0.2936745285987854 0.07700002193450928
-0.13031594455242157 -0.2912853956222534 0.07699999213218689
-0.12781596183776855 -0.28467923402786255 0.07700000703334808
-0.1344992071390152 -0.29475340247154236 0.0769999623298645
0.13335159420967102 0.3493940234184265 0.011000005528330803
0.13183929026126862 0.3538838326931 0.01100000087171793
0.13760687410831451 0.34610700607299805 0.010999991558492184
0.1324220448732376 0.3565724492073059 0.041999995708465576
0.1333298534154892 0.3585429787635803 0.010999991558492184
0.1371842920780182 0.36169034242630005 0.011000004597008228
0.1441020667552948 0.3469145894050598 0.011000008322298527
0.14758625626564026 0.35107460618019104 0.011000003665685654
0.147942453622818 0.35531559586524963 0.011000005528330803
0.14249271154403687 0.36171090602874756 0.010999996215105057
0.14638656377792358 0.3590140640735626 0.011000005528330803
0.1323057860136032 0.2864971160888672 0.01100000087171793
0.13530811667442322 0.2906848192214966 0.011000005528330803
0.1321832239627838 0.28174349665641785 0.010999999940395355
0.13609589636325836 0.2767070233821869 0.010999991558492184
0.14054882526397705 0.29211604595184326 0.011000004597008228
0.1472126990556717 0.2803422808647156 0.010999998077750206
0.14801150560379028 0.28581011295318604 0.010999995283782482
0.14787684381008148 0.28258633613586426 0.041999999433755875
0.14317408204078674 0.2764202058315277 0.010999994352459908
0.14511051774024963 0.29027724266052246 0.010999997146427631
0.1850000023841858 0.2502947747707367 0.09590834379196167
0.20000000298023224 0.21792422235012054 0.09633724391460419
0.1849999874830246 0.21995864808559418 0.09608979523181915
0.20000001788139343 0.25155216455459595 0.09575002640485764
0.19082053005695343 0.2630000114440918 0.053248707205057144
0.17610949277877808 0.2630000114440918 0.060081761330366135
0.18284499645233154 0.2630000114440918 0.04669664055109024
0.1279888153076172 0.2634771764278412 0.04200001806020737
0.16757626831531525 0.2630000114440918 0.05705074965953827
0.12926188111305237 0.263281911611557 0.056999996304512024
0.1829681247472763 0.2630000114440918 0.06777530163526535
0.1998281180858612 0.2630000114440918 0.07244206964969635
0.1849348396062851 0.2630000114440918 0.07486945390701294
0.17007489502429962 0.2630000114440918 0.042082227766513824
0.1966731995344162 0.2630000114440918 0.06171779707074165
0.20000001788139343 0.262926310300827 0.0829535573720932
0.1850000023841858 0.26280778646469116 0.0839986801147461
0.1823161244392395 0.3750000596046448 0.0668027326464653
0.19386804103851318 0.3750000596046448 0.05699578672647476
0.17822414636611938 0.3750000596046448 0.06190336495637894
0.1850000023841858 0.3751407861709595 0.08367130905389786
0.19943460822105408 0.3750000596046448 0.06915479898452759
0.18480226397514343 0.3750000596046448 0.07348508387804031
0.20000001788139343 0.37519222497940063 0.08399859070777893
0.18483205139636993 0.3750000596046448 0.047822434455156326
0.12977607548236847 0.37479686737060547 0.05699998512864113
0.16630388796329498 0.3750000596046448 0.05700882151722908
0.13101114332675934 0.3749326467514038 0.04200000688433647
0.17031161487102509 0.3750000596046448 0.04209211841225624
0.17224697768688202 0.3750000596046448 0.05821285769343376
0.18500004708766937 0.4204809069633484 0.09638794511556625
0.20000000298023224 0.4177117645740509 0.09605532139539719
0.18500001728534698 0.3858722746372223 0.09568921476602554
0.20000001788139343 0.38830679655075073 0.09594108164310455
0.1999998837709427 0.43063607811927795 0.20915639400482178
0.18499980866909027 0.4306769371032715 0.10705509781837463
0.1849999874830246 0.4307340681552887 0.20849572122097015
0.1999996453523636 0.43077176809310913 0.10778612643480301
0.1850000023841858 0.21926037967205048 0.21985657513141632
0.19999998807907104 0.4203808307647705 0.21963365375995636
0.18500016629695892 0.4196484684944153 0.21972520649433136
0.19999925792217255 0.2178698480129242 0.2196485698223114
0.18500007688999176 0.20707179605960846 0.10899769514799118
0.1999998390674591 0.20733222365379333 0.20913448929786682
0.18500006198883057 0.2071361243724823 0.20746420323848724
0.19999945163726807 0.20732031762599945 0.10708650946617126
0.20000001788139343 0.37740376591682434 0.08927587419748306
0.20000003278255463 0.38217002153396606 0.09405039995908737
0.20000001788139343 0.26112034916877747 0.08857153356075287
0.20000001788139343 0.25719964504241943 0.09291119128465652
0.19999995827674866 0.21111828088760376 0.10054506361484528
0.20000000298023224 0.4050000309944153 0.12200000882148743
0.20000024139881134 0.4237061142921448 0.09792669117450714
0.20000024139881134 0.4284783899784088 0.10250232368707657
0.20000000298023224 0.4050000309944153 0.1940000057220459
0.20000000298023224 0.2330000102519989 0.1940000057220459
0.20000000298023224 0.2330000102519989 0.12200000882148743
0.2000001072883606 0.4267861843109131 0.2155444622039795
0.18499982357025146 0.4267596900463104 0.21571889519691467
0.19999997317790985 0.2115827351808548 0.21594762802124023
0.18500015139579773 0.20977145433425903 0.2139117270708084
0.18499985337257385 0.21436597406864166 0.09793062508106232
0.18500003218650818 0.2090878039598465 0.10305847227573395
0.1850000023841858 0.3780956268310547 0.09047705680131912
0.1850000023841858 0.26059630513191223 0.08927588909864426
0.1849999874830246 0.25638407468795776 0.09361149370670319
0.18499980866909027 0.42726388573646545 0.10094213485717773
0.1850000023841858 0.4050000309944153 0.12200000882148743
0.1850000023841858 0.4050000309944153 0.1940000057220459
0.1850000023841858 0.2330000102519989 0.1940000057220459
0.1850000023841858 0.2330000102519989 0.12200000882148743
0.18500003218650818 0.21392785012722015 0.21772140264511108
0.139800563454628 0.2919975519180298 0.04200000315904617
0.1396004557609558 0.34600749611854553 0.04200000315904617
0.14039942622184753 0.29199254512786865 0.04200000315904617
0.14788107573986053 0.2853887975215912 0.04200000315904617
0.14770379662513733 0.28616592288017273 0.04200000315904617
0.118449866771698 0.3649241626262665 0.041999999433755875
0.13199999928474426 0.3540000021457672 0.04200000315904617
0.13202209770679474 0.3533802628517151 0.04200000315904617
0.14751756191253662 0.2867361903190613 0.04200000315904617
0.1473718136548996 0.2871074974536896 0.04200000315904617
0.1401994526386261 0.3460024893283844 0.04200000315904617
0.12463734298944473 0.3727011978626251 0.041999999433755875
0.13547386229038239 0.36059892177581787 0.04200000315904617
0.14720775187015533 0.28747108578681946 0.04200000315904617
0.1320199966430664 0.3545992970466614 0.04200000315904617
0.1407964825630188 0.34603726863861084 0.04200000315904617
0.1411702185869217 0.2919159233570099 0.04200000315904617
0.1321159154176712 0.35536834597587585 0.04200000315904617
0.14158524572849274 0.34615612030029297 0.04200000315904617
0.14178016781806946 0.2917994558811188 0.04200000315904617
0.13616175949573517 0.36102235317230225 0.04200000315904617
0.12061665207147598 0.26928865909576416 0.041999977082014084
0.1342868208885193 0.2783972918987274 0.04200000315904617
0.13224738836288452 0.35597407817840576 0.04200000315904617
0.1181359812617302 0.2754240334033966 0.041999995708465576
0.13413558900356293 0.348558634519577 0.04200000315904617
0.13413558900356293 0.28944137692451477 0.04200000315904617
0.13918088376522064 0.36195993423461914 0.04200000315904617
0.139800563454628 0.3619975447654724 0.04200000315904617
0.1423574537038803 0.3463526666164398 0.04200000315904617
0.14235994219779968 0.2916465997695923 0.04200000315904617
0.13441412150859833 0.28972694277763367 0.04200000315904617
0.138414666056633 0.36184388399124146 0.04200000315904617
0.13441412150859833 0.3482730984687805 0.04200000315904617
0.1376427561044693 0.36164742708206177 0.04200000315904617
0.13689272105693817 0.3613746166229248 0.04200000315904617
0.134706512093544 0.2780017554759979 0.04200000315904617
0.14235922694206238 0.3616468012332916 0.04200000315904617
0.14310652017593384 0.3613695502281189 0.04200000315904617
0.14178016781806946 0.3617994487285614 0.04200000315904617
0.14117030799388885 0.3619159162044525 0.04200000315904617
0.1403995156288147 0.3619925081729889 0.04200000315904617
0.1337510496377945 0.2790004014968872 0.04200000315904617
0.14720775187015533 0.3505289554595947 0.04200000315904617
0.14796026051044464 0.35479655861854553 0.04200000315904617
0.14800003170967102 0.35419854521751404 0.04200000315904617
0.14788107573986053 0.35538870096206665 0.04200000315904617
0.14770376682281494 0.3561660647392273 0.04200000315904617
0.14751756191253662 0.3567361831665039 0.04200000315904617
0.14729467034339905 0.35729050636291504 0.04200000315904617
0.13516759872436523 0.277621328830719 0.04200000315904617
0.14694269001483917 0.3579801917076111 0.041999999433755875
0.1464982032775879 0.35867050290107727 0.04200000315904617
0.134706512093544 0.34800174832344055 0.04200000315904617
0.134706512093544 0.28999826312065125 0.04200000315904617
0.1461283564567566 0.35914233326911926 0.04200000315904617
0.1457296460866928 0.3595866858959198 0.04200000315904617
0.13375119864940643 0.3490002155303955 0.04200000315904617
0.1473718136548996 0.3508925437927246 0.04200000315904617
0.14514070749282837 0.36012646555900574 0.04200000315904617
0.14751756191253662 0.3512638509273529 0.04200000315904617
0.14770321547985077 0.35183197259902954 0.04200000315904617
0.1445094645023346 0.3606109619140625 0.04200000315904617
0.1478807032108307 0.35260915756225586 0.04200000315904617
0.1438278704881668 0.36102762818336487 0.04200000315904617
0.14798003435134888 0.3534008264541626 0.04200000315904617
0.13501209020614624 0.3477453887462616 0.04200000315904617
0.13329005241394043 0.279640257358551 0.04200000315904617
0.14310741424560547 0.3466254770755768 0.04200000315904617
0.1431093066930771 0.29137375950813293 0.04200000315904617
0.13501209020614624 0.2902546525001526 0.04200000315904617
0.13547436892986298 0.2905992567539215 0.04200000315904617
0.1358259618282318 0.27717235684394836 0.04200000315904617
0.13270612061023712 0.3572922646999359 0.04200000315904617
0.13297423720359802 0.28017398715019226 0.04200000315904617
0.14364969730377197 0.2911190092563629 0.04200000315904617
0.13533005118370056 0.34750449657440186 0.04200000315904617
0.13652707636356354 0.2767903804779053 0.04200000315904617
0.13270527124404907 0.2807096242904663 0.04200000315904617
0.13329020142555237 0.34964004158973694 0.04200000315904617
0.13726232945919037 0.27648037672042847 0.04200000315904617
0.14382578432559967 0.3469712734222412 0.04200000315904617
0.14417381584644318 0.29082784056663513 0.04200000315904617
0.13248245418071747 0.2812638282775879 0.04200000315904617
0.1330702155828476 0.3580022156238556 0.04200000315904617
0.13229623436927795 0.28183403611183167 0.04200000315904617
0.138025164604187 0.27624502778053284 0.04200000315904617
0.13565964996814728 0.34727978706359863 0.04200000315904617
0.13600000739097595 0.2909282147884369 0.04200000315904617
0.13211892545223236 0.28261134028434753 0.04200000315904617
0.13880708813667297 0.2760869264602661 0.04200000315904617
0.1443403661251068 0.34727978706359863 0.04200000315904617
0.14466996490955353 0.29049551486968994 0.04200000315904617
0.13202209770679474 0.2833802402019501 0.04200000315904617
0.13960009813308716 0.2760075330734253 0.04200000315904617
0.1361723095178604 0.34697234630584717 0.04200000315904617
0.13349014520645142 0.3586532771587372 0.04200000315904617
0.13297423720359802 0.3501740097999573 0.04200000315904617
0.13199999928474426 0.2840000092983246 0.04200000315904617
0.14039774239063263 0.27600741386413574 0.04200000315904617
0.1320199966430664 0.28459933400154114 0.04200000315904617
0.14466996490955353 0.34750449657440186 0.04200000315904617
0.14099475741386414 0.2760620713233948 0.04200000315904617
0.14498792588710785 0.2902546525001526 0.04200000315904617
0.14498792588710785 0.3477453887462616 0.04200000315904617
0.1452934890985489 0.28999826312065125 0.04200000315904617
0.13635031878948212 0.2911190092563629 0.04200000315904617
0.13279226422309875 0.3505289554595947 0.04200000315904617
0.1321159154176712 0.2853683531284332 0.04200000315904617
0.14158567786216736 0.2761561870574951 0.04200000315904617
0.1338716447353363 0.35914233326911926 0.04200000315904617
0.1452934890985489 0.34800174832344055 0.04200000315904617
0.14558589458465576 0.28972694277763367 0.04200000315904617
0.13224738836288452 0.28597408533096313 0.04200000315904617
0.13689084351062775 0.3466262221336365 0.04200000315904617
0.13427166640758514 0.35958799719810486 0.04200000315904617
0.14235827326774597 0.2763529121875763 0.04200000315904617
0.132414773106575 0.2865503430366516 0.04200000315904617
0.14558589458465576 0.3482730984687805 0.04200000315904617
0.14586441218852997 0.28944137692451477 0.04200000315904617
0.1368928849697113 0.29137468338012695 0.04200000315904617
0.14292272925376892 0.27655303478240967 0.04200000315904617
0.1326282024383545 0.3508925437927246 0.04200000315904617
0.1327061653137207 0.28729236125946045 0.04200000315904617
0.14586441218852997 0.348558634519577 0.04200000315904617
0.1461283564567566 0.28914231061935425 0.04200000315904617
0.1461283564567566 0.34885770082473755 0.04200000315904617
0.1463770717382431 0.2888304591178894 0.04200000315904617
0.13307024538516998 0.28800225257873535 0.04200000315904617
0.1376419961452484 0.29164719581604004 0.04200000315904617
0.13248245418071747 0.3512638509273529 0.04200000315904617
0.1463770717382431 0.3491695821285248 0.04200000315904617
0.1334904134273529 0.2886536717414856 0.04200000315904617
0.14660991728305817 0.34949344396591187 0.04200000315904617
0.14660991728305817 0.28850656747817993 0.04200000315904617
0.13764077425003052 0.3463532030582428 0.04200000315904617
0.1338716447353363 0.28914231061935425 0.04200000315904617
0.14682632684707642 0.2881714999675751 0.04200000315904617
0.14682632684707642 0.3498285412788391 0.04200000315904617
0.14702577888965607 0.2878260314464569 0.04200000315904617
0.13229624927043915 0.3518339693546295 0.04200000315904617
0.13485929369926453 0.36012646555900574 0.04200000315904617
0.14702577888965607 0.3501740097999573 0.04200000315904617
0.13821983337402344 0.3462005853652954 0.04200000315904617
0.1384143978357315 0.29184383153915405 0.04200000315904617
0.14572782814502716 0.27841147780418396 0.04200000315904617
0.14515452086925507 0.27787914872169495 0.041999999433755875
0.14625611901283264 0.2790099084377289 0.04200000315904617
0.14672163128852844 0.2796572744846344 0.04200000315904617
0.14702577888965607 0.28017398715019226 0.04200000315904617
0.1472938358783722 0.28070762753486633 0.04200000315904617
0.14347082376480103 0.2767893671989441 0.04200000315904617
0.13211894035339355 0.3526113033294678 0.04200000315904617
0.1441722959280014 0.2771712839603424 0.04200000315904617
0.14466996490955353 0.27750450372695923 0.04200000315904617
0.14751756191253662 0.2812638282775879 0.04200000315904617
0.13880714774131775 0.34608694911003113 0.04200000315904617
0.1391809731721878 0.2919599413871765 0.04200000315904617
0.14770323038101196 0.2818320691585541 0.04200000315904617
0.14796026051044464 0.28320348262786865 0.04200000315904617
0.14799997210502625 0.283799409866333 0.04200000315904617
0.147980198264122 0.2845970094203949 0.04200000315904617
0.14949484169483185 0.3365626335144043 0.05699994042515755
0.1391577124595642 0.3343852460384369 0.05700025334954262
0.14861996471881866 0.301866352558136 0.05699950456619263
0.13823610544204712 0.3736282289028168 0.056999631226062775
0.14644747972488403 0.3724882900714874 0.056999627500772476
0.15332598984241486 0.3684966564178467 0.056999266147613525
0.15792007744312286 0.3617701232433319 0.057000093162059784
0.15979622304439545 0.35367268323898315 0.057001303881406784
0.11815004795789719 0.36273685097694397 0.05700000375509262
0.1181352511048317 0.27521389722824097 0.05699998140335083
0.1202201247215271 0.3525439500808716 0.056999046355485916
0.12061277031898499 0.2873693108558655 0.05699947103857994
0.15978118777275085 0.2844536006450653 0.057001709938049316
0.12326274812221527 0.36450475454330444 0.056999657303094864
0.12358938157558441 0.34323304891586304 0.05700032413005829
0.12390904128551483 0.2952256202697754 0.05700037255883217
0.13009095191955566 0.33696627616882324 0.05700002983212471
0.12185047566890717 0.37048983573913574 0.05700002983212471
0.12986239790916443 0.30082395672798157 0.057000067085027695
0.1256764531135559 0.2705209255218506 0.05699994042515755
0.12162165343761444 0.26785019040107727 0.05700002983212471
0.13294696807861328 0.2656693160533905 0.05699920654296875
0.12123838067054749 0.2781112492084503 0.05700043588876724
0.15683947503566742 0.2941826283931732 0.057000115513801575
0.15692350268363953 0.3440784215927124 0.0570000559091568
0.14266784489154816 0.2644560933113098 0.05699973925948143
0.13008643686771393 0.3709138333797455 0.056999873369932175
0.1381162405014038 0.3035357594490051 0.05700014531612396
0.15719622373580933 0.2744278609752655 0.05699969455599785
0.15121980011463165 0.2678754925727844 0.057000573724508286
0.157668799161911 0.3625827729701996 0.06100040301680565
0.1521889865398407 0.35508790612220764 0.06100001186132431
0.1596900224685669 0.35392138361930847 0.06099961698055267
0.1292542666196823 0.35973501205444336 0.061000023037195206
0.12878678739070892 0.37037190794944763 0.06099911406636238
0.12187385559082031 0.36170101165771484 0.06099943071603775
0.1519896537065506 0.36961501836776733 0.061000481247901917
0.14226305484771729 0.3658934533596039 0.061000026762485504
0.14853839576244354 0.36276811361312866 0.061000045388936996
0.14143326878547668 0.3738017976284027 0.061000995337963104
0.13505691289901733 0.36520129442214966 0.06099998205900192
0.1576254963874817 0.34532585740089417 0.06099984794855118
0.15083801746368408 0.3486437201499939 0.06099998950958252
0.14604973793029785 0.3433370888233185 0.061000000685453415
0.1511651873588562 0.3376774787902832 0.061000168323516846
0.1318223625421524 0.3447935879230499 0.0610000379383564
0.12243299931287766 0.3450268805027008 0.06100023165345192
0.1302461475133896 0.3367420732975006 0.06100044399499893
0.12791122496128082 0.3523365557193756 0.06099998950958252
0.1388131082057953 0.34194880723953247 0.061000000685453415
0.14102160930633545 0.33433040976524353 0.06100025027990341
0.12042304128408432 0.3534109890460968 0.06100001558661461
0.14063012599945068 0.3037431836128235 0.060999996960163116
0.13799431920051575 0.2960595190525055 0.06099996715784073
0.14711399376392365 0.2940775454044342 0.06100005283951759
0.1315607875585556 0.2926941215991974 0.06100001186132431
0.12311441451311111 0.2943045496940613 0.06099999323487282
0.1285153031349182 0.28783491253852844 0.06100000441074371
0.14860756695270538 0.30158570408821106 0.0610000342130661
0.1558854877948761 0.2724471092224121 0.06099885702133179
0.14656288921833038 0.2737242877483368 0.06099998205900192
0.1491428166627884 0.2665741741657257 0.06100096553564072
0.1550971418619156 0.2966543138027191 0.06100012734532356
0.15153245627880096 0.2876983880996704 0.060999996960163116
0.15909770131111145 0.28854578733444214 0.06099970266222954
0.13077740371227264 0.30137231945991516 0.06100061908364296
0.15172556042671204 0.2803431749343872 0.06100001931190491
0.13034552335739136 0.27641114592552185 0.06100006774067879
0.12188468128442764 0.2763436436653137 0.060999590903520584
0.1272462159395218 0.26901975274086 0.061000045388936996
0.15923169255256653 0.27991604804992676 0.06099994480609894
0.13818518817424774 0.2718338668346405 0.060999996960163116
0.1377500593662262 0.26423412561416626 0.06100127846002579
0.12799207866191864 0.2827037572860718 0.06100000813603401
0.12036772072315216 0.28478655219078064 0.060999952256679535
0.15104086697101593 0.3487232029438019 0.07700000703334808
0.14664636552333832 0.34393250942230225 0.07700001448392868
0.15169373154640198 0.358013391494751 0.0769999548792839
0.14160966873168945 0.3419623374938965 0.07700001448392868
0.13503943383693695 0.34289392828941345 0.07699999958276749
0.14515511691570282 0.36518043279647827 0.07700008153915405
0.1301794946193695 0.34695079922676086 0.07700001448392868
0.12773071229457855 0.3536461889743805 0.07700003683567047
0.13561221957206726 0.3654302656650543 0.07700008898973465
0.12998196482658386 0.360822856426239 0.07700004428625107
0.15106692910194397 0.2787652015686035 0.07699998468160629
0.1466464400291443 0.273932546377182 0.07700001448392868
0.1516828089952469 0.2880302667617798 0.07699993252754211
0.14637523889541626 0.29434478282928467 0.07700005173683167
0.13224546611309052 0.2745993733406067 0.07699998468160629
0.13999804854393005 0.2716863751411438 0.07700004428625107
0.12887130677700043 0.27933037281036377 0.07700002938508987
0.1394207775592804 0.29616594314575195 0.07700002193450928
0.12788888812065125 0.2848956286907196 0.07700003683567047
0.13003164529800415 0.290884792804718 0.07700002193450928
0.13387957215309143 0.2944023311138153 0.07700002938508987
0.13245277106761932 -0.2867593765258789 0.010999999940395355
0.13962522149085999 -0.2921132445335388 0.010999997146427631
0.1347842812538147 -0.29024940729141235 0.01099998876452446
0.13197091221809387 -0.2824993431568146 0.011000009253621101
0.13866308331489563 -0.27593478560447693 0.010999994352459908
0.13426551222801208 -0.2783098816871643 0.010999997146427631
0.14528529345989227 -0.2903248369693756 0.011000007390975952
0.14788873493671417 -0.28569838404655457 0.010999997146427631
0.14407199621200562 -0.2769503593444824 0.010999999940395355
0.14763128757476807 -0.28107818961143494 0.011000007390975952
0.13207362592220306 -0.35230281949043274 0.010999993421137333
0.13440778851509094 -0.34809574484825134 0.010999993421137333
0.13290199637413025 -0.3582800626754761 0.011000012047588825
0.13802935183048248 -0.3619074821472168 0.010999997146427631
0.13892006874084473 -0.34596067667007446 0.010999999940395355
0.14377957582473755 -0.36125871539115906 0.010999995283782482
0.1478690356016159 -0.35636574029922485 0.01100000087171793
0.14401981234550476 -0.34689629077911377 0.010999998077750206
0.14738865196704865 -0.3506605625152588 0.010999994352459908
0.18500001728534698 -0.385633260011673 0.09564835578203201
0.1999998539686203 -0.42015692591667175 0.09631834179162979
0.1849999874830246 -0.4183124303817749 0.09611383080482483
0.20000000298023224 -0.38575485348701477 0.09564030915498734
0.19082053005695343 -0.3750000596046448 0.053248707205057144
0.17610949277877808 -0.3750000596046448 0.060081761330366135
0.18284499645233154 -0.3750000596046448 0.04669664055109024
0.12923046946525574 -0.374735027551651 0.04200000688433647
0.16757626831531525 -0.3750000596046448 0.05705074965953827
0.1277562826871872 -0.37441810965538025 0.0570000484585762
0.1829681247472763 -0.3750000596046448 0.06777530163526535
0.1998281180858612 -0.3750000596046448 0.07244206964969635
0.1849348396062851 -0.3750000596046448 0.07486945390701294
0.17006313800811768 -0.3750000596046448 0.04207934811711311
0.1966731995344162 -0.3750000596046448 0.06171779707074165
0.20000001788139343 -0.3751407861709595 0.08367128670215607
0.1850000023841858 -0.37514832615852356 0.08363626152276993
0.1823161244392395 -0.2630000114440918 0.0668027326464653
0.19386804103851318 -0.2630000114440918 0.05699578672647476
0.17822414636611938 -0.2630000114440918 0.06190336495637894
0.1850000023841858 -0.262768030166626 0.08439561724662781
0.19943460822105408 -0.2630000114440918 0.06915479898452759
0.18480226397514343 -0.2630000114440918 0.07348508387804031
0.20000001788139343 -0.26275768876075745 0.08436226844787598
0.18483205139636993 -0.2630000114440918 0.047822434455156326
0.12916849553585052 -0.2632962167263031 0.056999970227479935
0.16630388796329498 -0.2630000114440918 0.05700882151722908
0.12978552281856537 -0.26318880915641785 0.04200000315904617
0.17031161487102509 -0.2630000114440918 0.04209211841225624
0.17224697768688202 -0.2630000114440918 0.05821285769343376
0.18499992787837982 -0.21923263370990753 0.09616640955209732
0.20000000298023224 -0.2202882170677185 0.09605532139539719
0.18500001728534698 -0.25272202491760254 0.09558864682912827
0.20000000298023224 -0.25302696228027344 0.09549036622047424
0.19999998807907104 -0.20722314715385437 0.208346888422966
0.1850000023841858 -0.20707720518112183 0.10897231101989746
0.18500001728534698 -0.20710179209709167 0.20707888901233673
0.19999974966049194 -0.2071855068206787 0.10816802084445953
0.1850000023841858 -0.4187396466732025 0.21985659003257751
0.20000015199184418 -0.2176048457622528 0.2196303755044937
0.18500016629695892 -0.21835166215896606 0.21972522139549255
0.19999925792217255 -0.4201301634311676 0.2196485698223114
0.18500007688999176 -0.4309282600879669 0.10899781435728073
0.19999997317790985 -0.43089959025382996 0.20734427869319916
0.18499982357025146 -0.4307536780834198 0.2084389328956604
0.19999945163726807 -0.4306797981262207 0.10708670318126678
0.19999994337558746 -0.42688167095184326 0.1005449965596199
0.20000000298023224 -0.2330000102519989 0.12200000882148743
0.18500050902366638 -0.20931671559810638 0.10261142253875732
0.19999948143959045 -0.20949022471904755 0.1025882139801979
0.19999994337558746 -0.21456238627433777 0.0977967381477356
0.20000000298023224 -0.2330000102519989 0.1940000057220459
0.20000000298023224 -0.4050000309944153 0.1940000057220459
0.20000000298023224 -0.4050000309944153 0.12200000882148743
0.20000001788139343 -0.3780956268310547 0.09047705680131912
0.20000015199184418 -0.4276997745037079 0.21481263637542725
0.2000003308057785 -0.21057537198066711 0.21504929661750793
0.20000001788139343 -0.2597634494304657 0.0904989093542099
0.18499985337257385 -0.4236341416835785 0.0979306623339653
0.18500003218650818 -0.42891213297843933 0.10305836796760559
0.1849999725818634 -0.2138650119304657 0.09831945598125458
0.1850000023841858 -0.2330000102519989 0.12200000882148743
0.1850000023841858 -0.2330000102519989 0.1940000057220459
0.1850000023841858 -0.4050000309944153 0.1940000057220459
0.1850000023841858 -0.4050000309944153 0.12200000882148743
0.1850000023841858 -0.3779367208480835 0.09027211368083954
0.18500010669231415 -0.20893055200576782 0.21264521777629852
0.1849999576807022 -0.21274618804454803 0.2168576568365097
0.1850000023841858 -0.25961145758628845 0.09068413078784943
0.18500003218650818 -0.4240722358226776 0.2177213877439499
0.18499989807605743 -0.4278123080730438 0.21439355611801147
0.14794054627418518 -0.3530062139034271 0.04200000315904617
0.14780209958553314 -0.3522203266620636 0.04200000315904617
0.11844345182180405 -0.2731401324272156 0.04200000688433647
0.13199999928474426 -0.2840000092983246 0.04200000315904617
0.13202209770679474 -0.2846198081970215 0.04200000315904617
0.14764457941055298 -0.351641982793808 0.04200000315904617
0.14751756191253662 -0.3512638509273529 0.04200000315904617
0.1473718136548996 -0.3508925437927246 0.04200000315904617
0.1396004855632782 -0.29199254512786865 0.04200000315904617
0.140397310256958 -0.2919926345348358 0.04200000315904617
0.14039964973926544 -0.3460075259208679 0.04200000315904617
0.14720775187015533 -0.3505289554595947 0.04200000315904617
0.1320199966430664 -0.2834007441997528 0.04200000315904617
0.14117014408111572 -0.3460840880870819 0.04200000315904617
0.14119090139865875 -0.29191339015960693 0.04200000315904617
0.13211590051651 -0.2826317250728607 0.04200000315904617
0.14178016781806946 -0.3462005853652954 0.04200000315904617
0.1354745328426361 -0.2774006426334381 0.04200000315904617
0.13600000739097595 -0.27707183361053467 0.04200000315904617
0.14178016781806946 -0.2917994558811188 0.04200000315904617
0.13224738836288452 -0.2820259630680084 0.04200000315904617
0.13652920722961426 -0.2767893373966217 0.04200000315904617
0.14235807955265045 -0.29164716601371765 0.04200000315904617
0.1423594355583191 -0.34635329246520996 0.04200000315904617
0.1342562884092331 -0.3595714569091797 0.04200000315904617
0.134706512093544 -0.35999828577041626 0.04200000315904617
0.12132412940263748 -0.3698424696922302 0.04199996590614319
0.13413558900356293 -0.28944137692451477 0.04200000315904617
0.11814237385988235 -0.3626345992088318 0.04200000315904617
0.1391811966896057 -0.27604004740715027 0.04200000315904617
0.139800563454628 -0.2760024964809418 0.04200000315904617
0.1386108100414276 -0.2761215567588806 0.04200000315904617
0.1380271166563034 -0.27624452114105225 0.04200000315904617
0.13413558900356293 -0.348558634519577 0.04200000315904617
0.13441412150859833 -0.3482730984687805 0.04200000315904617
0.13373538851737976 -0.3589800000190735 0.04200000315904617
0.1372641772031784 -0.27647972106933594 0.04200000315904617
0.13441412150859833 -0.28972694277763367 0.04200000315904617
0.134706512093544 -0.28999826312065125 0.04200000315904617
0.134706512093544 -0.34800174832344055 0.04200000315904617
0.1324148327112198 -0.281449556350708 0.04200000315904617
0.14236032962799072 -0.27635353803634644 0.04200000315904617
0.14310652017593384 -0.2766304910182953 0.04200000315904617
0.14178016781806946 -0.2762005627155304 0.04200000315904617
0.14117036759853363 -0.2760840952396393 0.04200000315904617
0.14039981365203857 -0.2760075330734253 0.04200000315904617
0.14720775187015533 -0.28747108578681946 0.04200000315904617
0.14796026051044464 -0.28320348262786865 0.04200000315904617
0.14800003170967102 -0.28380149602890015 0.04200000315904617
0.1351710706949234 -0.3603751063346863 0.04200000315904617
0.14788109064102173 -0.2826113998889923 0.04200000315904617
0.14770378172397614 -0.28183403611183167 0.04200000315904617
0.14751756191253662 -0.2812638282775879 0.04200000315904617
0.14729470014572144 -0.28070956468582153 0.04200000315904617
0.14702577888965607 -0.28017398715019226 0.04200000315904617
0.1467227190732956 -0.2796589732170105 0.04200000315904617
0.1463770717382431 -0.27916955947875977 0.04200000315904617
0.14600089192390442 -0.27870577573776245 0.04200000315904617
0.14544379711151123 -0.27813443541526794 0.04200000315904617
0.1473718136548996 -0.2871074974536896 0.04200000315904617
0.14751756191253662 -0.2867361903190613 0.04200000315904617
0.1448325663805008 -0.27762144804000854 0.04200000315904617
0.14770323038101196 -0.2861679196357727 0.04200000315904617
0.1338716447353363 -0.28914231061935425 0.04200000315904617
0.1443403661251068 -0.277279794216156 0.04200000315904617
0.1478806883096695 -0.2853909134864807 0.04200000315904617
0.14381448924541473 -0.27696555852890015 0.041999999433755875
0.13501209020614624 -0.2902546525001526 0.04200000315904617
0.13501209020614624 -0.3477453887462616 0.04200000315904617
0.14798003435134888 -0.2845991253852844 0.04200000315904617
0.13547423481941223 -0.34740087389945984 0.04200000315904617
0.13326656818389893 -0.35832345485687256 0.04200000315904617
0.14310728013515472 -0.2913746237754822 0.04200000315904617
0.1431093066930771 -0.34662628173828125 0.04200000315904617
0.13579745590686798 -0.36080989241600037 0.04200000315904617
0.1335020214319229 -0.28867077827453613 0.04200000315904617
0.1327061653137207 -0.2807076573371887 0.04200000315904617
0.14364969730377197 -0.34688103199005127 0.04200000315904617
0.13297423720359802 -0.35782602429389954 0.04200000315904617
0.13635031878948212 -0.36111900210380554 0.04200000315904617
0.13268613815307617 -0.3572459816932678 0.041999999433755875
0.13533005118370056 -0.29049551486968994 0.04200000315904617
0.13685932755470276 -0.36136022210121155 0.04200000315904617
0.13565964996814728 -0.29072022438049316 0.04200000315904617
0.13600000739097595 -0.3470718264579773 0.04200000315904617
0.13248245418071747 -0.3567361831665039 0.04200000315904617
0.14382599294185638 -0.2910286486148834 0.04200000315904617
0.1376083493232727 -0.36163651943206787 0.04200000315904617
0.13228727877140045 -0.3561330735683441 0.04200000315904617
0.13307011127471924 -0.2799980044364929 0.04200000315904617
0.14417412877082825 -0.34717240929603577 0.04200000315904617
0.13306917250156403 -0.2880004048347473 0.04200000315904617
0.13837899267673492 -0.36183637380599976 0.04200000315904617
0.1321132928133011 -0.35535505414009094 0.04200000315904617
0.13600000739097595 -0.2909282147884369 0.04200000315904617
0.13635031878948212 -0.34688103199005127 0.04200000315904617
0.13916748762130737 -0.3619588613510132 0.04200000315904617
0.1443403661251068 -0.29072022438049316 0.04200000315904617
0.14466996490955353 -0.34750449657440186 0.04200000315904617
0.13201884925365448 -0.35457658767700195 0.04200000315904617
0.14000001549720764 -0.3619975447654724 0.04200000315904617
0.13349036872386932 -0.27934640645980835 0.04200000315904617
0.13199999928474426 -0.3540000021457672 0.04200000315904617
0.1320199966430664 -0.35340064764022827 0.04200000315904617
0.14466996490955353 -0.29049551486968994 0.04200000315904617
0.14076262712478638 -0.3619658648967743 0.04200000315904617
0.14498792588710785 -0.2902546525001526 0.04200000315904617
0.14498792588710785 -0.3477453887462616 0.04200000315904617
0.1452934890985489 -0.34800174832344055 0.04200000315904617
0.13652679324150085 -0.29120951890945435 0.04200000315904617
0.13211590051651 -0.3526317775249481 0.04200000315904617
0.14155198633670807 -0.3618503510951996 0.04200000315904617
0.12355934828519821 -0.26622021198272705 0.04199999198317528
0.13399094343185425 -0.27871450781822205 0.04200000315904617
0.13270533084869385 -0.2872905135154724 0.04200000315904617
0.13689282536506653 -0.3466253876686096 0.04200000315904617
0.1452934890985489 -0.28999826312065125 0.04200000315904617
0.14558589458465576 -0.3482730984687805 0.04200000315904617
0.1322927623987198 -0.3518450856208801 0.04200000315904617
0.14232464134693146 -0.36165717244148254 0.04200000315904617
0.14558589458465576 -0.28972694277763367 0.04200000315904617
0.14586441218852997 -0.348558634519577 0.04200000315904617
0.13248245418071747 -0.3512638509273529 0.04200000315904617
0.13455791771411896 -0.2781328558921814 0.04200000315904617
0.14586441218852997 -0.28944137692451477 0.04200000315904617
0.13726156949996948 -0.2915193736553192 0.04200000315904617
0.13764262199401855 -0.34635263681411743 0.04200000315904617
0.14292272925376892 -0.3614470064640045 0.04200000315904617
0.1326282024383545 -0.3508925437927246 0.04200000315904617
0.13279226422309875 -0.3505289554595947 0.04200000315904617
0.1461283564567566 -0.28914231061935425 0.04200000315904617
0.1461283564567566 -0.34885770082473755 0.04200000315904617
0.13297423720359802 -0.3501740097999573 0.04200000315904617
0.13317368924617767 -0.3498285412788391 0.04200000315904617
0.13248245418071747 -0.2867361903190613 0.04200000315904617
0.1463770717382431 -0.2888304591178894 0.04200000315904617
0.133490189909935 -0.34934666752815247 0.04200000315904617
0.1463770717382431 -0.3491695821285248 0.04200000315904617
0.14660991728305817 -0.34949344396591187 0.04200000315904617
0.14660991728305817 -0.28850656747817993 0.04200000315904617
0.1338716447353363 -0.34885770082473755 0.04200000315904617
0.14682632684707642 -0.2881714999675751 0.04200000315904617
0.14682632684707642 -0.3498285412788391 0.04200000315904617
0.14702577888965607 -0.3501740097999573 0.04200000315904617
0.13229623436927795 -0.2861660420894623 0.04200000315904617
0.14702577888965607 -0.2878260314464569 0.04200000315904617
0.13802501559257507 -0.29175496101379395 0.04200000315904617
0.13841469585895538 -0.34615615010261536 0.04200000315904617
0.1471049189567566 -0.35768190026283264 0.04200000315904617
0.14670276641845703 -0.35837143659591675 0.04200000315904617
0.13501209020614624 -0.2777453660964966 0.04200000315904617
0.14623431861400604 -0.3590169847011566 0.04200000315904617
0.14570415019989014 -0.3596124053001404 0.04200000315904617
0.13211895525455475 -0.2853887975215912 0.04200000315904617
0.14529354870319366 -0.3599982261657715 0.041999995708465576
0.1448289453983307 -0.3603751063346863 0.04200000315904617
0.13880711793899536 -0.29191309213638306 0.04200000315904617
0.1391810029745102 -0.3460400700569153 0.04200000315904617
0.14414240419864655 -0.3608466684818268 0.04200000315904617
0.14344054460525513 -0.3612249195575714 0.04200000315904617
0.1473718136548996 -0.3571074903011322 0.04200000315904617
0.14757408201694489 -0.3565825819969177 0.04200000315904617
0.1477937251329422 -0.35581502318382263 0.04200000315904617
0.14791065454483032 -0.3551923632621765 0.04200000315904617
0.14797718822956085 -0.3546331822872162 0.04200000315904617
0.139800563454628 -0.3460024893283844 0.04200000315904617
0.14800065755844116 -0.3538142442703247 0.04200000315904617
0.11810307204723358 -0.27575433254241943 0.05699998512864113
0.12064781039953232 -0.28750890493392944 0.05700007826089859
0.12133824825286865 -0.2775121331214905 0.05699874833226204
0.14156894385814667 -0.2643788158893585 0.05699995160102844
0.15210145711898804 -0.26825040578842163 0.056999571621418
0.15857994556427002 -0.2776367664337158 0.05699694901704788
0.1592235416173935 -0.2887435853481293 0.056999463587999344
0.11808186769485474 -0.36215198040008545 0.056999996304512024
0.12066560983657837 -0.3498472571372986 0.05699986219406128
0.1597466915845871 -0.3529101014137268 0.057000093162059784
0.15256457030773163 -0.29931169748306274 0.05699979141354561
0.14308302104473114 -0.3033696115016937 0.056999824941158295
0.14395040273666382 -0.33478254079818726 0.05699951574206352
0.1257101595401764 -0.36747878789901733 0.05699937045574188
0.12029150873422623 -0.3682597875595093 0.05700003355741501
0.15161709487438202 -0.3381909728050232 0.05699983611702919
0.12373609095811844 -0.29496368765830994 0.057000238448381424
0.1251547783613205 -0.3411520719528198 0.05700039118528366
0.12922579050064087 -0.30039921402931213 0.05699988454580307
0.12106268107891083 -0.2683873772621155 0.057000014930963516
0.13496512174606323 -0.3732093274593353 0.05700165405869484
0.13360019028186798 -0.33523622155189514 0.05700033903121948
0.12683901190757751 -0.26943153142929077 0.056999705731868744
0.121299147605896 -0.3600727617740631 0.05700046196579933
0.1569056361913681 -0.34401455521583557 0.057000838220119476
0.14336182177066803 -0.37324756383895874 0.05700000375509262
0.1360127031803131 -0.30315980315208435 0.056999992579221725
0.13351298868656158 -0.2654982805252075 0.05700021609663963
0.15727941691875458 -0.36343914270401 0.0569995678961277
0.15054026246070862 -0.37068700790405273 0.056998226791620255
0.1295129507780075 -0.2776812016963959 0.0610000416636467
0.12498896569013596 -0.27133598923683167 0.0609993152320385
0.12076403945684433 -0.27955955266952515 0.06100143864750862
0.1508599817752838 -0.2673805356025696 0.061000607907772064
0.14009316265583038 -0.2642996311187744 0.06100042909383774
0.14440877735614777 -0.27250394225120544 0.06099998950958252
0.15868999063968658 -0.27739953994750977 0.06099988520145416
0.1502322256565094 -0.2775017023086548 0.061000071465969086
0.1520598977804184 -0.28294917941093445 0.06100000813603401
0.15061810612678528 -0.29011061787605286 0.06099996715784073
0.14566490054130554 -0.2946490943431854 0.06100001186132431
0.1498093158006668 -0.301041841506958 0.060999833047389984
0.15587890148162842 -0.29553404450416565 0.06100001931190491
0.13128334283828735 -0.26641055941581726 0.06099986657500267
0.13574235141277313 -0.27256548404693604 0.06099998950958252
0.1298743039369583 -0.29087698459625244 0.06100010871887207
0.1218007355928421 -0.2918893098831177 0.061000652611255646
0.12855717539787292 -0.2999340891838074 0.06099982187151909
0.13519637286663055 -0.295110821723938 0.060999978333711624
0.15921375155448914 -0.2880779206752777 0.0610000304877758
0.1349276751279831 -0.302915096282959 0.06100014969706535
0.12790943682193756 -0.2844097912311554 0.060999996960163116
0.1407574862241745 -0.2961064875125885 0.061000026762485504
0.14196737110614777 -0.3035307228565216 0.061000145971775055
0.1439025104045868 -0.3346324563026428 0.060999367386102676
0.13737520575523376 -0.3421701490879059 0.06100001558661461
0.14422905445098877 -0.34256237745285034 0.06099996715784073
0.15852835774421692 -0.3468863368034363 0.06099957227706909
0.1520473212003708 -0.3529473841190338 0.06100001931190491
0.15919244289398193 -0.35826507210731506 0.06100037321448326
0.14738059043884277 -0.3636021912097931 0.06100001186132431
0.14038380980491638 -0.3662758767604828 0.06099996715784073
0.14636994898319244 -0.3727675676345825 0.060998741537332535
0.13176585733890533 -0.3450801372528076 0.06099998950958252
0.12575456500053406 -0.34045207500457764 0.06100010499358177
0.1217082291841507 -0.34698033332824707 0.06100047007203102
0.12874023616313934 -0.3496696650981903 0.06100001931190491
0.1553182154893875 -0.36638277769088745 0.060999564826488495
0.14994609355926514 -0.34698405861854553 0.06100006774067879
0.13304878771305084 -0.3639425039291382 0.06099999323487282
0.1228717789053917 -0.36399388313293457 0.06099908798933029
0.13061438500881195 -0.3712930679321289 0.060999155044555664
0.15118145942687988 -0.35873815417289734 0.06099998205900192
0.15233181416988373 -0.3387569487094879 0.06100015342235565
0.1335425227880478 -0.33538544178009033 0.061000555753707886
0.12952792644500732 -0.3599768579006195 0.061000026762485504
0.12788361310958862 -0.3549191355705261 0.0610000342130661
0.13784465193748474 -0.373443603515625 0.06100030615925789
0.12038982659578323 -0.3541763424873352 0.06100089102983475
0.14884330332279205 -0.2924451529979706 0.07700000703334808
0.1432030349969864 -0.2956464886665344 0.07700003683567047
0.15132911503314972 -0.27926871180534363 0.07700002193450928
0.15183043479919434 -0.28654903173446655 0.07700000703334808
0.13693274557590485 -0.29579421877861023 0.07700006663799286
0.13159123063087463 -0.2926754951477051 0.07700002193450928
0.14513695240020752 -0.2728338837623596 0.07699999958276749
0.12839697301387787 -0.287654310464859 0.07700002193450928
0.13576233386993408 -0.2724747657775879 0.07700005173683167
0.12810738384723663 -0.28200531005859375 0.07700002938508987
0.1300070881843567 -0.2771517336368561 0.07700003683567047
0.1516677290201187 -0.3575657308101654 0.07699999213218689
0.14833539724349976 -0.36272162199020386 0.07699999213218689
0.14279243350028992 -0.36593788862228394 0.07700000703334808
0.15135283768177032 -0.3493199050426483 0.0769999623298645
0.13588957488536835 -0.36538568139076233 0.07700000703334808
0.13068217039108276 -0.3618360459804535 0.07700004428625107
0.14646922051906586 -0.3437463641166687 0.07700002193450928
0.12772752344608307 -0.3543356657028198 0.07700004428625107
0.1352805197238922 -0.3427586257457733 0.07700005173683167
0.14135107398033142 -0.34200623631477356 0.07700000703334808
0.1300123929977417 -0.3471323251724243 0.07700002938508987
-0.4583279490470886 -0.16518671810626984 0.2979176640510559
-0.4575599133968353 -0.16746921837329865 0.3069174289703369
-0.4576810300350189 -0.16189044713974 0.30540022253990173
-0.4826703667640686 -0.17757312953472137 0.019895853474736214
-0.4815768003463745 -0.17271287739276886 0.032321859151124954
-0.48142048716545105 -0.1630287766456604 0.0340280644595623
-0.4815027713775635 0.040021736174821854 0.033254873007535934
-0.4819030463695526 -0.15986016392707825 0.028474316000938416
-0.4819580912590027 0.037842363119125366 0.027935592457652092
-0.45867496728897095 -0.15292058885097504 0.2941959798336029
-0.4588880240917206 -0.15744778513908386 0.29193973541259766
-0.4813476800918579 0.043815724551677704 0.03506162390112877
-0.4588674008846283 0.04458695277571678 0.2920571267604828
-0.48139217495918274 0.04835452139377594 0.03449198231101036
-0.4821838438510895 -0.17401336133480072 0.025558320805430412
-0.4829725921154022 -0.17486678063869476 0.016429303213953972
-0.48255881667137146 -0.16847670078277588 0.02117389813065529
-0.4822283387184143 0.05153903365135193 0.02495129592716694
-0.4829939305782318 0.06000000238418579 0.016200583428144455
-0.48258844017982483 0.04529164358973503 0.02081913873553276
-0.45877447724342346 0.04883144795894623 0.2931746244430542
-0.4573010206222534 -0.16461104154586792 0.3098725974559784
-0.4817463159561157 0.05174363777041435 0.030356690287590027
-0.48243558406829834 -0.1624959260225296 0.022451527416706085
-0.4582143723964691 -0.1507246345281601 0.2993321716785431
-0.45773398876190186 0.04075208306312561 0.3048941493034363
-0.4582166373729706 0.03784613683819771 0.29929205775260925
-0.4576934576034546 -0.15418876707553864 0.3052440881729126
-0.4587387144565582 -0.1622547060251236 0.2935016453266144
-0.4813358783721924 -0.1685096174478531 0.03513330593705177
-0.45762205123901367 0.04541317746043205 0.30620208382606506
-0.4572919011116028 0.05644870921969414 0.3099948465824127
-0.4577784538269043 0.04976864531636238 0.30441468954086304
-0.45771875977516174 0.06000000238418579 0.3050970733165741
-0.45836037397384644 0.052329469472169876 0.29811570048332214
-0.45751631259918213 0.05960344895720482 0.30741116404533386
-0.4586937725543976 0.03996621444821358 0.2940366864204407
-0.4823906719684601 0.04004630073904991 0.023088479414582253
-0.4800053536891937 0.06000000238418579 0.01593911647796631
-0.4796755611896515 -0.17756058275699615 0.019706331193447113
-0.47998109459877014 -0.17490020394325256 0.016205180436372757
-0.45455408096313477 -0.16744741797447205 0.30686500668525696
-0.45432621240615845 0.057558029890060425 0.3094782531261444
-0.45464658737182617 0.05996309593319893 0.3057858347892761
-0.45430564880371094 -0.16434240341186523 0.30968236923217773
-0.48308342695236206 0.04178813844919205 0.032381411641836166
-0.483379602432251 0.03999458625912666 0.029002990573644638
-0.4831104278564453 0.038849249482154846 0.032196465879678726
-0.4836806356906891 0.0494496151804924 0.025564439594745636
-0.4840238392353058 0.047490328550338745 0.02163943648338318
-0.48388367891311646 0.04575612023472786 0.023242074996232986
-0.48374998569488525 0.051231347024440765 0.024769406765699387
-0.4832095801830292 0.05187789350748062 0.030918581411242485
-0.4833071529865265 0.049850672483444214 0.02983122691512108
-0.48302674293518066 0.04716145619750023 0.03306800499558449
-0.4828004240989685 0.045581310987472534 0.035635434091091156
-0.4837518632411957 0.04111297428607941 0.02474754862487316
-0.48400914669036865 0.04179690405726433 0.021850673481822014
-0.4836306869983673 0.038194045424461365 0.026133185252547264
-0.4891795814037323 0.04058348014950752 0.031594373285770416
-0.48956817388534546 0.04021476209163666 0.02710997685790062
-0.48931360244750977 0.050111185759305954 0.030024904757738113
-0.48979273438453674 0.048064008355140686 0.024539662525057793
-0.48896387219429016 0.0457778200507164 0.034006211906671524
-0.4898258447647095 0.04268985614180565 0.024180643260478973
-0.4828574061393738 -0.1646192967891693 0.03497161343693733
-0.4831879138946533 -0.1626800298690796 0.03117932565510273
-0.4829844534397125 -0.16809803247451782 0.033464159816503525
-0.48334529995918274 -0.1720655858516693 0.029400596395134926
-0.48321768641471863 -0.17373083531856537 0.030853673815727234
-0.4828614294528961 -0.16967952251434326 0.03492574393749237
-0.48311346769332886 -0.16093768179416656 0.03204459697008133
-0.4840603470802307 -0.1645071804523468 0.02134142443537712
-0.48385727405548096 -0.16486413776874542 0.023565633222460747
-0.48357802629470825 -0.16211584210395813 0.02673499472439289
-0.48357710242271423 -0.15996015071868896 0.02674567699432373
-0.4837888777256012 -0.17043282091617584 0.024309299886226654
-0.48385217785835266 -0.17286139726638794 0.023773817345499992
-0.4898664057254791 -0.16541725397109985 0.023646853864192963
-0.4896726608276367 -0.17134176194667816 0.025904254987835884
-0.48918330669403076 -0.17155756056308746 0.03150042146444321
-0.4894612729549408 -0.16182872653007507 0.028346706181764603
-0.4889920651912689 -0.16819313168525696 0.033694569021463394
-0.4890517592430115 -0.16401129961013794 0.03305455669760704
-0.459196001291275 -0.16143979132175446 0.3054228127002716
-0.4593782424926758 -0.16122405230998993 0.3033352494239807
-0.45952528715133667 -0.16481667757034302 0.3016589879989624
-0.45946139097213745 -0.15159206092357635 0.3023894727230072
-0.4593169689178467 -0.15617670118808746 0.30407318472862244
-0.4591357111930847 -0.1558077484369278 0.3061853051185608
-0.45961683988571167 -0.1529725342988968 0.3006076216697693
-0.4598846435546875 -0.1510659009218216 0.29755187034606934
-0.46020588278770447 -0.15340088307857513 0.2938796877861023
-0.46012580394744873 -0.15499266982078552 0.2947753071784973
-0.4601338505744934 -0.16024452447891235 0.2947033941745758
-0.4601241648197174 -0.16389121115207672 0.2949596345424652
-0.4598378539085388 -0.16315913200378418 0.29808008670806885
-0.4603641629219055 -0.1579405814409256 0.2920706868171692
-0.4653320908546448 -0.1611640304327011 0.30414578318595886
-0.4658280313014984 -0.1527417153120041 0.2984601557254791
-0.46617764234542847 -0.15887261927127838 0.2944376468658447
-0.4658164083957672 -0.16300708055496216 0.2985997796058655
-0.4653618037700653 -0.15486431121826172 0.3038424551486969
-0.4594152867794037 0.05101950839161873 0.30319944024086
-0.4599156379699707 0.05188192054629326 0.297197550535202
-0.4599963128566742 0.049492765218019485 0.29630374908447266
-0.4594797194004059 0.04923076182603836 0.3021754324436188
-0.4592116177082062 0.041255660355091095 0.3052443563938141
-0.45945048332214355 0.041003234684467316 0.3024745285511017
-0.45951274037361145 0.038312193006277084 0.3018024265766144
-0.459114134311676 0.045834437012672424 0.3063587248325348
-0.459286630153656 0.04523453488945961 0.30438563227653503
-0.46036022901535034 0.04741263762116432 0.29228106141090393
-0.46017777919769287 0.043939247727394104 0.2942293882369995
-0.4602205157279968 0.040412720292806625 0.29371246695518494
-0.45991188287734985 0.0400787889957428 0.29728439450263977
-0.45987769961357117 0.03813215345144272 0.2976309359073639
-0.46539998054504395 0.041052401065826416 0.3033289611339569
-0.4661831259727478 0.04496201500296593 0.2943640947341919
-0.46588438749313354 0.04021673649549484 0.29784494638442993
-0.4659348428249359 0.04949737340211868 0.29725271463394165
-0.46528947353363037 0.046823322772979736 0.30463796854019165
-0.46555644273757935 0.04975638911128044 0.30156537890434265
-0.4593006372451782 0.04802631586790085 0.29816707968711853
-0.45852547883987427 0.048044029623270035 0.3001594841480255
-0.45889565348625183 0.0465889610350132 0.3020390272140503
-0.5278727412223816 0.08856308460235596 0.24390648305416107
-0.5266137719154358 0.08847714960575104 0.24228574335575104
-0.5385655164718628 0.08821333199739456 0.24107329547405243
-0.5571324229240417 0.08154862374067307 0.22991354763507843
-0.5467667579650879 0.08336549252271652 0.2356160432100296
-0.5499992966651917 0.08035968244075775 0.23654837906360626
-0.5758205652236938 0.0801539197564125 0.20402514934539795
-0.5676394104957581 0.07979581505060196 0.2221769243478775
-0.5731902122497559 0.08099358528852463 0.21858619153499603
-0.5355764031410217 0.08798395842313766 0.24579286575317383
-0.5263528823852539 0.08817829191684723 0.24526679515838623
-0.5362037420272827 0.08204630017280579 0.23947970569133759
-0.5267291069030762 0.08053125441074371 0.24096769094467163
-0.5356484055519104 0.08052942901849747 0.24111585319042206
-0.5531091094017029 0.08166089653968811 0.24146272242069244
-0.5457333922386169 0.08315609395503998 0.24535143375396729
-0.5552011132240295 0.08430351316928864 0.24115951359272003
-0.5764861106872559 0.08420771360397339 0.21360017359256744
-0.5700165033340454 0.08223484456539154 0.22636771202087402
-0.5704736709594727 0.0854160413146019 0.22623196244239807
-0.5697881579399109 0.08858637511730194 0.2174079269170761
-0.5746867060661316 0.08751393854618073 0.21477335691452026
-0.5676141381263733 0.0882495865225792 0.22670897841453552
-0.5536074042320251 0.08665625751018524 0.2412547618150711
-0.5440680384635925 0.08611966669559479 0.24559566378593445
-0.5449985265731812 0.08849962055683136 0.24246208369731903
-0.5604681968688965 0.08855574578046799 0.22986111044883728
-0.5657547116279602 0.0871756300330162 0.2196005880832672
-0.5633523464202881 0.08507389575242996 0.23497693240642548
-0.5501719117164612 0.0882568359375 0.23662295937538147
-0.5464149117469788 0.0865531712770462 0.23642462491989136
-0.5603101253509521 0.08805748075246811 0.2348182499408722
-0.5528212189674377 0.08573048561811447 0.23220953345298767
-0.5639052391052246 0.08444250375032425 0.22004519402980804
-0.5589305758476257 0.08603640645742416 0.227121502161026
-0.5336619019508362 0.08486948907375336 0.24807754158973694
-0.5261632204055786 0.08260838687419891 0.24743689596652985
-0.5261434316635132 0.08531656861305237 0.2476613074541092
-0.5770395994186401 0.0872817188501358 0.204122394323349
-0.5268552899360657 0.0821329727768898 0.2395249754190445
-0.5417709350585938 0.07977871596813202 0.24300283193588257
-0.526309609413147 0.08047627657651901 0.2457609474658966
-0.5375813245773315 0.08131267130374908 0.24659256637096405
-0.5265394449234009 0.07983531802892685 0.24313460290431976
-0.5601373910903931 0.08004097640514374 0.23451544344425201
-0.5680431723594666 0.080831378698349 0.2151028960943222
-0.5629722476005554 0.08140239864587784 0.22339966893196106
-0.5727654099464417 0.08861687034368515 0.2037469446659088
-0.5615862607955933 0.0813460722565651 0.23515550792217255
-0.5702574253082275 0.08094977587461472 0.20352450013160706
-0.5355461835861206 0.08444911986589432 0.23897451162338257
-0.5262384414672852 0.08716437220573425 0.24657538533210754
-0.5686615705490112 0.08186319470405579 0.2103971689939499
-0.5269032120704651 0.08422388136386871 0.23897674679756165
-0.5682334303855896 0.08615557104349136 0.21123792231082916
-0.5777139067649841 0.08205269277095795 0.20433343946933746
-0.5696954131126404 0.08585482090711594 0.20355719327926636
-0.5268561244010925 0.08632190525531769 0.23953291773796082
-0.5357909202575684 0.08648841828107834 0.2395486682653427
-0.5276443362236023 0.08764111995697021 0.24073325097560883
-0.5216051936149597 0.0798836275935173 0.2421703040599823
-0.5214444398880005 0.07999096810817719 0.2440013885498047
-0.521881639957428 0.08611852675676346 0.23900450766086578
-0.5219230651855469 0.08411195874214172 0.23853205144405365
-0.5218302607536316 0.08126771450042725 0.23959356546401978
-0.5217635631561279 0.08781492710113525 0.24035465717315674
-0.5215575098991394 0.08861078321933746 0.24271002411842346
-0.5213905572891235 0.08825655281543732 0.24462229013442993
-0.5212796330451965 0.08742204308509827 0.24588635563850403
-0.5211893320083618 0.08602908253669739 0.24691861867904663
-0.521156907081604 0.0841125100851059 0.2472885102033615
-0.5211905837059021 0.0824209451675415 0.24690388143062592
-0.5212991237640381 0.080778568983078 0.2456635683774948
-0.47862422466278076 0.1366698443889618 0.10221332311630249
-0.47833484411239624 0.13807767629623413 0.10528768599033356
-0.4727523922920227 0.13803429901599884 0.1035459041595459
-0.47845661640167236 0.1328953206539154 0.1040431559085846
-0.47293147444725037 0.13567601144313812 0.10149819403886795
-0.4782193601131439 0.13535696268081665 0.10727372020483017
-0.4725150763988495 0.13385741412639618 0.10625854879617691
-0.47250017523765564 0.13709783554077148 0.10642894357442856
-0.47835835814476013 0.07711505144834518 0.10355532914400101
-0.4785914123058319 0.08044575899839401 0.10220366716384888
-0.47287777066230774 0.07796680927276611 0.10211332887411118
-0.478442519903183 0.08212707191705704 0.10505709797143936
-0.4728352725505829 0.0817062109708786 0.10258171707391739
-0.4783632755279541 0.07841744273900986 0.10713545978069305
-0.4725660979747772 0.07717172801494598 0.10563840717077255
-0.47250527143478394 0.08109011501073837 0.10632161796092987
-0.47315701842308044 0.08214019238948822 0.16444839537143707
-0.4673847258090973 0.08207240700721741 0.16483038663864136
-0.46763473749160767 0.08127538859844208 0.16204093396663666
-0.4732021987438202 0.08068197220563889 0.16207975149154663
-0.47324854135513306 0.07674305886030197 0.1639327108860016
-0.46764448285102844 0.07781033962965012 0.16185952723026276
-0.46725594997406006 0.07808493077754974 0.16628354787826538
-0.47306063771247864 0.0792238786816597 0.16726653277873993
-0.4731993079185486 0.1341053694486618 0.1620206981897354
-0.4732072055339813 0.13813906908035278 0.1637866348028183
-0.4677048623561859 0.13599875569343567 0.16124536097049713
-0.47291767597198486 0.13336582481861115 0.16614791750907898
-0.4675414264202118 0.13307268917560577 0.1631074994802475
-0.46726250648498535 0.13399384915828705 0.166344553232193
-0.47296378016471863 0.13715840876102448 0.16652777791023254
-0.467385858297348 0.13812926411628723 0.16481563448905945
-0.5428148508071899 0.08599664270877838 0.17906463146209717
-0.5445468425750732 0.08985704928636551 0.1618156135082245
-0.5449953675270081 0.08601542562246323 0.1576928198337555
-0.542273998260498 0.08471790701150894 0.1781795471906662
-0.5429664254188538 0.10735543072223663 0.17970708012580872
-0.5441349744796753 0.1170242577791214 0.16652248799800873
-0.5440245866775513 0.11218570172786713 0.16778597235679626
-0.5429922938346863 0.12929582595825195 0.17893806099891663
-0.5452483892440796 0.1298094391822815 0.15379732847213745
-0.49161407351493835 0.13554079830646515 0.17070116102695465
-0.4922098219394684 0.13971972465515137 0.16769151389598846
-0.49224528670310974 0.13128186762332916 0.16740010678768158
-0.49243196845054626 0.13966214656829834 0.16500280797481537
-0.49272432923316956 0.1355411559343338 0.16152995824813843
-0.49252215027809143 0.13153967261314392 0.16382724046707153
-0.4890366792678833 0.13153217732906342 0.1635245531797409
-0.4906676113605499 0.1315443068742752 0.16588638722896576
-0.4886331260204315 0.13143287599086761 0.1683783233165741
-0.4892382025718689 0.13553744554519653 0.16122134029865265
-0.4885038733482361 0.13998840749263763 0.16392739117145538
-0.4877837896347046 0.13948287069797516 0.16853493452072144
-0.49071091413497925 0.13953745365142822 0.16618868708610535
-0.4884324073791504 0.13567125797271729 0.17062027752399445
-0.48838236927986145 0.13269512355327606 0.16137075424194336
-0.4885499179363251 0.13790830969810486 0.16140182316303253
-0.48788461089134216 0.13052579760551453 0.16664747893810272
-0.4873248040676117 0.13492701947689056 0.17079736292362213
-0.4884098172187805 0.1300356686115265 0.16243374347686768
-0.486266553401947 0.13327014446258545 0.160766139626503
-0.48749467730522156 0.13822172582149506 0.1615053415298462
-0.48661884665489197 0.129686176776886 0.17057651281356812
-0.478147953748703 0.12947162985801697 0.17046213150024414
-0.4883721172809601 0.0827130675315857 0.16180859506130219
-0.4871227443218231 0.08514350652694702 0.16059176623821259
-0.48667338490486145 0.07757864147424698 0.16111719608306885
-0.49264633655548096 0.08174006640911102 0.11052834242582321
-0.4926586449146271 0.07682833075523376 0.10962983965873718
-0.49064886569976807 0.08407250791788101 0.11067620664834976
-0.4914550483226776 0.07723802328109741 0.11021764576435089
-0.49393540620803833 0.08546974509954453 0.10141493380069733
-0.49186068773269653 0.07766149938106537 0.10126945376396179
-0.4935734272003174 0.08261552453041077 0.10218840092420578
-0.47136157751083374 0.12167230248451233 0.1849699467420578
-0.47116658091545105 0.0921119749546051 0.18494217097759247
-0.471748024225235 0.08409019559621811 0.18060800433158875
-0.4801148772239685 0.08979220688343048 0.08479907363653183
-0.4781217873096466 0.13989712297916412 0.10756836086511612
-0.4730129539966583 0.14073504507541656 0.1659660041332245
-0.47366106510162354 0.07577580958604813 0.16074122488498688
-0.473888099193573 0.13249365985393524 0.1559629887342453
-0.48013412952423096 0.12483697384595871 0.08444280177354813
-0.47340309619903564 0.13998059928417206 0.16148708760738373
-0.4727029502391815 0.13732710480690002 0.16939428448677063
-0.47795796394348145 0.08591266721487045 0.08667486160993576
-0.4793650507926941 0.0829005092382431 0.0915447399020195
-0.5495993494987488 0.08506593108177185 0.10286609828472137
-0.5233275294303894 0.0861513689160347 0.09534556418657303
-0.524077832698822 0.08467373996973038 0.09655659645795822
-0.5495733022689819 0.12996184825897217 0.10290119051933289
-0.5475636124610901 0.12980079650878906 0.1273338943719864
-0.5240275859832764 0.13023895025253296 0.09606088697910309
-0.5233017802238464 0.1288793981075287 0.09534724056720734
-0.5475278496742249 0.08526568114757538 0.12774187326431274
-0.5168160796165466 0.08458727598190308 0.18013401329517365
-0.515791654586792 0.08614590018987656 0.18153643608093262
-0.5422366261482239 0.13056467473506927 0.17740537226200104
-0.5166640281677246 0.13033245503902435 0.18083243072032928
-0.4808577001094818 0.12906020879745483 0.14254815876483917
-0.48668789863586426 0.12903760373592377 0.14253929257392883
-0.4908021092414856 0.12904350459575653 0.14054924249649048
-0.4920317828655243 0.12904991209506989 0.13190510869026184
-0.48822924494743347 0.12903748452663422 0.12877196073532104
-0.4834100008010864 0.12919321656227112 0.11074518412351608
-0.4847572147846222 0.12908411026000977 0.09905344247817993
-0.5072938203811646 0.12882807850837708 0.09110848605632782
-0.4772065579891205 0.12888096272945404 0.18095889687538147
-0.4926212430000305 0.12903624773025513 0.13717351853847504
-0.4991025924682617 0.12886008620262146 0.18283230066299438
-0.5158017873764038 0.1289367526769638 0.1814526468515396
-0.4805785119533539 0.13487806916236877 0.128647580742836
-0.48219388723373413 0.1291038691997528 0.12730377912521362
-0.4771476686000824 0.08052661269903183 0.14331528544425964
-0.4788706302642822 0.08580043911933899 0.15924221277236938
-0.48077744245529175 0.0859367698431015 0.14264142513275146
-0.49091053009033203 0.1345103234052658 0.14020989835262299
-0.4925851821899414 0.1345641165971756 0.1363188922405243
-0.47077232599258423 0.13511933386325836 0.15595407783985138
-0.4746261537075043 0.1353393793106079 0.11228828877210617
-0.476871132850647 0.13482095301151276 0.1431606113910675
-0.475257009267807 0.1349909007549286 0.1571679413318634
-0.47901031374931335 0.13403759896755219 0.12584008276462555
-0.4796670079231262 0.13468235731124878 0.11262822151184082
-0.4897671639919281 0.08078175783157349 0.12945500016212463
-0.48013827204704285 0.08018087595701218 0.1413358598947525
-0.49284228682518005 0.08087654411792755 0.13517975807189941
-0.48736488819122314 0.08066671341657639 0.14238961040973663
-0.47372958064079285 0.07978319376707077 0.1719784438610077
-0.4740276336669922 0.08028867840766907 0.17659306526184082
-0.47802236676216125 0.08544975519180298 0.17031028866767883
-0.4821081757545471 0.08595344424247742 0.12759211659431458
-0.4834373891353607 0.08590730279684067 0.11081183701753616
-0.4789119362831116 0.08046254515647888 0.12718941271305084
-0.4895569980144501 0.08596844226121902 0.1597350686788559
-0.49244871735572815 0.08603787422180176 0.13769736886024475
-0.49252596497535706 0.08604712784290314 0.13337554037570953
-0.4848712384700775 0.0858934298157692 0.09980508685112
-0.4889249801635742 0.08603151142597198 0.16940510272979736
-0.48839861154556274 0.08603862673044205 0.142340749502182
-0.49967142939567566 0.08624250441789627 0.18287314474582672
-0.4765875041484833 0.08569716662168503 0.1782251000404358
-0.4893764853477478 0.08603581041097641 0.12920653820037842
-0.48556265234947205 0.10803179442882538 0.08835731446743011
-0.5076262950897217 0.10753759741783142 0.090449757874012
-0.4994772672653198 0.10753759741783142 0.1835939735174179
-0.477220743894577 0.11996405571699142 0.18191108107566833
-0.5073853731155396 0.08631537109613419 0.09111268073320389
-0.48496580123901367 0.08640103787183762 0.08904241025447845
-0.4771764278411865 0.09131449460983276 0.1815626174211502
-0.5497685670852661 0.10754422843456268 0.10184160619974136
-0.48531702160835266 0.12393691390752792 0.08866661041975021
-0.4821130037307739 0.12472811341285706 0.08234751224517822
-0.4729499816894531 0.10767356306314468 0.18762436509132385
-0.47309818863868713 0.12528842687606812 0.18692336976528168
-0.4822324812412262 0.09038107842206955 0.08228651434183121
-0.4730348289012909 0.09048237651586533 0.1871398389339447
-0.4820212721824646 0.0835527777671814 0.0862472876906395
-0.47340086102485657 0.08345458656549454 0.18324264883995056
-0.4757976830005646 0.08663203567266464 0.18100547790527344
-0.47334152460098267 0.13114596903324127 0.18375258147716522
-0.47721317410469055 0.12962381541728973 0.17555102705955505
-0.4741622805595398 0.13452661037445068 0.17653732001781464
-0.48184388875961304 0.13169114291667938 0.0864134356379509
-0.4770042896270752 0.08407624065876007 0.08526371419429779
-0.4764862060546875 0.08075523376464844 0.09069742262363434
-0.4813752770423889 0.08048439025878906 0.09200362116098404
-0.47596845030784607 0.0795200765132904 0.09650824218988419
-0.4772399067878723 0.09027428925037384 0.0819326788187027
-0.4773281514644623 0.12330657243728638 0.08147289603948593
-0.4821900427341461 0.10694506764411926 0.08186142891645432
-0.476885586977005 0.13176387548446655 0.08610674738883972
-0.48149704933166504 0.13442958891391754 0.09134312719106674
-0.47598567605018616 0.13545018434524536 0.09605684131383896
-0.46828991174697876 0.1297818124294281 0.184378519654274
-0.4687664210796356 0.13401179015636444 0.17891082167625427
-0.4680735170841217 0.12381917238235474 0.1868634968996048
-0.4680497944355011 0.09271644055843353 0.18711213767528534
-0.4693472981452942 0.07948704063892365 0.17219625413417816
-0.46874547004699707 0.08121398836374283 0.17917637526988983
-0.46828925609588623 0.085563063621521 0.1846291571855545
-0.4687340259552002 0.08374840021133423 0.17957596480846405
-0.47462645173072815 0.13324972987174988 0.11338606476783752
-0.47514912486076355 0.07401737570762634 0.1061752438545227
-0.47490885853767395 0.07326582074165344 0.10913228243589401
-0.4755655527114868 0.07246880978345871 0.10113482922315598
-0.4683326482772827 0.09058468788862228 0.1848907172679901
-0.46969088912010193 0.0774984359741211 0.1692485511302948
-0.4696931838989258 0.07301723212003708 0.16835936903953552
-0.47015589475631714 0.07405688613653183 0.16329652070999146
-0.47738802433013916 0.09180019050836563 0.0836547240614891
-0.47492367029190063 0.13905826210975647 0.10884534567594528
-0.4748001992702484 0.14099383354187012 0.10981789976358414
-0.4757547974586487 0.07723905146121979 0.0994243249297142
-0.47526100277900696 0.14314822852611542 0.104701928794384
-0.47012606263160706 0.0719611644744873 0.1633945107460022
-0.4699589014053345 0.14300483465194702 0.16530534625053406
-0.46955716609954834 0.14090590178966522 0.1698528230190277
-0.4701877534389496 0.1410371959209442 0.16283774375915527
-0.47054433822631836 0.07437214255332947 0.1585434377193451
-0.47576621174812317 0.14111842215061188 0.0989987850189209
-0.4759005010128021 0.1339654177427292 0.09771864861249924
-0.4757048189640045 0.13883762061595917 0.09986306726932526
-0.47077998518943787 0.07972099632024765 0.15621767938137054
-0.4706551730632782 0.08052888512611389 0.15816201269626617
-0.4704108238220215 0.14200888574123383 0.1597631424665451
-0.4758666455745697 0.08030061423778534 0.09850683808326721
-0.4766111671924591 0.13158273696899414 0.0893995612859726
-0.4685404598712921 0.12502627074718475 0.18489891290664673
-0.4685365855693817 0.13092681765556335 0.18159469962120056
-0.4694802761077881 0.13579553365707397 0.17205564677715302
-0.4691382348537445 0.13303284347057343 0.17487576603889465
-0.4765172004699707 0.08294281363487244 0.09045416116714478
-0.4695451557636261 0.13442610204219818 0.17053215205669403
-0.47459736466407776 0.0797751396894455 0.11265815049409866
-0.4817509353160858 0.13382786512374878 0.09901943057775497
-0.4811009168624878 0.08040611445903778 0.09784737974405289
-0.4853690564632416 0.1287938505411148 0.08921045064926147
-0.48910197615623474 0.1346011906862259 0.1292363554239273
-0.48742592334747314 0.1341855674982071 0.142324760556221
-0.4922042787075043 0.1334506720304489 0.13248804211616516
-0.4908241033554077 0.08114153891801834 0.14022935926914215
-0.48297318816185 0.07652570307254791 0.10102017968893051
-0.48207178711891174 0.07465671747922897 0.10610596090555191
-0.49243873357772827 0.07456553727388382 0.10535666346549988
-0.48092058300971985 0.07423420995473862 0.0991973727941513
-0.48214298486709595 0.08069605380296707 0.09993303567171097
-0.4796898365020752 0.07639306038618088 0.11169444769620895
-0.48162978887557983 0.07732731103897095 0.10935129970312119
-0.48026663064956665 0.07202162593603134 0.1056467667222023
-0.47988277673721313 0.0805118978023529 0.11185383796691895
-0.4750421941280365 0.07985854148864746 0.15617872774600983
-0.4753608703613281 0.07340219616889954 0.16006658971309662
-0.4775528311729431 0.07684975862503052 0.16062843799591064
-0.47673916816711426 0.07457929849624634 0.16517363488674164
-0.47651925683021545 0.07688728719949722 0.1689777672290802
-0.48698681592941284 0.07511310279369354 0.16785728931427002
-0.474694162607193 0.0735580176115036 0.1695466935634613
-0.4874664843082428 0.0753268152475357 0.16339139640331268
-0.47491443157196045 0.07198755443096161 0.16498993337154388
-0.4879576861858368 0.07447195053100586 0.16683602333068848
-0.48860985040664673 0.07755227386951447 0.16112685203552246
-0.48561573028564453 0.07836612313985825 0.17031294107437134
-0.4883359670639038 0.08359388262033463 0.16895326972007751
-0.4811458885669708 0.13735418021678925 0.10949153453111649
-0.4799894690513611 0.14242233335971832 0.10786498337984085
-0.48215794563293457 0.14044755697250366 0.10584840923547745
-0.48311832547187805 0.13814152777194977 0.10083069652318954
-0.48075559735298157 0.13984376192092896 0.09855470806360245
-0.4926915168762207 0.13849854469299316 0.10171276330947876
-0.4923080503940582 0.14023831486701965 0.10749495029449463
-0.4803236722946167 0.14303363859653473 0.10336048901081085
-0.4797694683074951 0.13925082981586456 0.11151514202356339
-0.49358931183815 0.13217906653881073 0.10210451483726501
-0.4924898147583008 0.13715171813964844 0.11055094748735428
-0.49365976452827454 0.1390548199415207 0.1021227240562439
-0.4754638969898224 0.14123164117336273 0.15925998985767365
-0.4772016108036041 0.13655801117420197 0.16008704900741577
-0.4768836200237274 0.14012983441352844 0.1630135476589203
-0.47671717405319214 0.14024779200553894 0.16608232259750366
-0.486442893743515 0.14020581543445587 0.1642884463071823
-0.4748896658420563 0.1430267095565796 0.16576753556728363
-0.47631898522377014 0.13710609078407288 0.16928112506866455
-0.47450459003448486 0.14066840708255768 0.17022572457790375
-0.4736067056655884 0.13759617507457733 0.1717802882194519
-0.47656962275505066 0.08145548403263092 0.1588873714208603
-0.4847005605697632 0.13053861260414124 0.10035163909196854
-0.47733983397483826 0.08219198137521744 0.11350923031568527
-0.47110024094581604 0.08197394013404846 0.15529482066631317
-0.4750070571899414 0.08192124217748642 0.11303477734327316
-0.47569847106933594 0.08056587725877762 0.11051652580499649
-0.4796435832977295 0.13146786391735077 0.08948348462581635
-0.4767223298549652 0.1410352885723114 0.10446612536907196
-0.46871864795684814 0.12137337774038315 0.18502476811408997
-0.4712966978549957 0.13309481739997864 0.1724647730588913
-0.47037646174430847 0.13086003065109253 0.1809101402759552
-0.4702417552471161 0.13967712223529816 0.16784721612930298
-0.4718170464038849 0.13742974400520325 0.15927763283252716
-0.4736853539943695 0.13286352157592773 0.1553577333688736
-0.4727287292480469 0.13413304090499878 0.1581508368253708
-0.4752427339553833 0.132668599486351 0.1397259533405304
-0.4774468243122101 0.13291741907596588 0.11357293277978897
-0.47127777338027954 0.13319729268550873 0.15593324601650238
-0.47225987911224365 0.08159410953521729 0.17144621908664703
-0.46950972080230713 0.08160972595214844 0.17244796454906464
-0.47142136096954346 0.07495761662721634 0.1672140657901764
-0.47887343168258667 0.13355441391468048 0.09789707511663437
-0.47372663021087646 0.08212846517562866 0.15611481666564941
-0.4775029718875885 0.127439484000206 0.08534704893827438
-0.4775555431842804 0.07503163814544678 0.10165029019117355
-0.4775148928165436 0.12178222835063934 0.08362507075071335
-0.4726697504520416 0.08003759384155273 0.13432003557682037
-0.47829750180244446 0.08003759384155273 0.11411447077989578
-0.47949153184890747 0.12928646802902222 0.1594512164592743
-0.48971354961395264 0.12913018465042114 0.1598345786333084
-0.4755721688270569 0.13338804244995117 0.1707330048084259
-0.49371767044067383 0.12962287664413452 0.10106761008501053
-0.4936901926994324 0.12918882071971893 0.11202528327703476
-0.4934437870979309 0.13048480451107025 0.10605683922767639
-0.49269598722457886 0.13194769620895386 0.10998815298080444
-0.4879204332828522 0.08464941382408142 0.16638442873954773
-0.4932824671268463 0.08478280156850815 0.10588809102773666
-0.49372759461402893 0.08584211766719818 0.11192237585783005
-0.5487269759178162 0.10033411532640457 0.11403822153806686
-0.5482353568077087 0.12506039440631866 0.11965582519769669
-0.5479369759559631 0.12860698997974396 0.12306692451238632
-0.49589693546295166 0.13154442608356476 0.10611468553543091
-0.4959402084350586 0.13953730463981628 0.10641700774431229
-0.49766138195991516 0.13966195285320282 0.10523106157779694
-0.49740293622016907 0.13137473165988922 0.10737955570220947
-0.4974157214164734 0.13972137868404388 0.10791311413049698
-0.49775147438049316 0.13153967261314392 0.10405555367469788
-0.49386343359947205 0.13153499364852905 0.1083548367023468
-0.4971490800380707 0.13553091883659363 0.11095473915338516
-0.4936619699001312 0.13553695380687714 0.11065739393234253
-0.49369388818740845 0.13988056778907776 0.10842419415712357
-0.4942657947540283 0.1395455300807953 0.10375525802373886
-0.4979536235332489 0.135541170835495 0.10175826400518417
-0.49412983655929565 0.13544905185699463 0.10128788650035858
-0.4942661225795746 0.13153760135173798 0.10375156253576279
-0.49595746397972107 0.07553818821907043 0.10621769726276398
-0.49582424759864807 0.0835210308432579 0.10618769377470016
-0.49767494201660156 0.07543274760246277 0.10521356761455536
-0.49745452404022217 0.07534999400377274 0.10776546597480774
-0.49767160415649414 0.08353608846664429 0.1040521189570427
-0.49700942635536194 0.08353757858276367 0.10862801969051361
-0.4936619699001312 0.07953759282827377 0.1106574758887291
-0.49714869260787964 0.07955081760883331 0.11095431447029114
-0.49408137798309326 0.07516341656446457 0.10787799209356308
-0.49385032057762146 0.08357252925634384 0.1086830273270607
-0.49426573514938354 0.08354704827070236 0.10375607758760452
-0.4979538917541504 0.07953760027885437 0.10175622254610062
-0.49413740634918213 0.07853830605745316 0.10111226886510849
-0.4935731291770935 0.07514068484306335 0.10403117537498474
-0.49074575304985046 0.07553751766681671 0.16579021513462067
-0.4924672245979309 0.08379366993904114 0.1648639291524887
-0.49248185753822327 0.0753546804189682 0.16457141935825348
-0.49065062403678894 0.08353123068809509 0.16608040034770966
-0.49223506450653076 0.07541252672672272 0.1672566682100296
-0.4921194612979889 0.08353552222251892 0.16843032836914062
-0.48863402009010315 0.07553562521934509 0.1681271493434906
-0.49191954731941223 0.07953401654958725 0.17072780430316925
-0.4879205822944641 0.07903020828962326 0.17068536579608917
-0.4890367090702057 0.08354126662015915 0.16352452337741852
-0.4892382323741913 0.07953756302595139 0.16122132539749146
-0.49242982268333435 0.07953190058469772 0.16150540113449097
-0.4886634051799774 0.07542794197797775 0.1633165031671524
-0.5470119118690491 0.08068784326314926 0.13364379107952118
-0.5567044019699097 0.10013711452484131 0.16054338216781616
-0.55727219581604 0.09144039452075958 0.15406180918216705
-0.5519616603851318 0.09503429383039474 0.15739744901657104
-0.5580069422721863 0.08780890703201294 0.14565666019916534
-0.558860719203949 0.08814458549022675 0.13589385151863098
-0.5536000728607178 0.08736216276884079 0.13866545259952545
-0.5515866279602051 0.10721557587385178 0.16166184842586517
-0.5526911616325378 0.08893528580665588 0.1490466445684433
-0.5565933585166931 0.1083892360329628 0.16180698573589325
-0.5568404793739319 0.11844820529222488 0.1589924395084381
-0.551967978477478 0.1201760470867157 0.1572972983121872
-0.5576086044311523 0.12586799263954163 0.15020224452018738
-0.5528150200843811 0.12670402228832245 0.1476280689239502
-0.5585329532623291 0.12771937251091003 0.13964751362800598
-0.5535265803337097 0.1275692731142044 0.13947804272174835
-0.5543924570083618 0.1240600049495697 0.12958718836307526
-0.5595875382423401 0.12211374938488007 0.12758144736289978
-0.5549745559692383 0.11550043523311615 0.12293469160795212
-0.5600521564483643 0.11220944672822952 0.12226961553096771
-0.5551175475120544 0.10584153980016708 0.12130511552095413
-0.560041606426239 0.10199909657239914 0.12240602821111679
-0.5548754334449768 0.09746790677309036 0.12406495213508606
-0.5596145391464233 0.09367367625236511 0.12728029489517212
-0.5544405579566956 0.0916835144162178 0.12903697788715363
-0.5550448894500732 0.12762707471847534 0.12213990837335587
-0.5529625415802002 0.13465386629104614 0.14594022929668427
-0.5457656383514404 0.13439081609249115 0.1478898525238037
-0.5525474548339844 0.13349951803684235 0.15068458020687103
-0.5511007308959961 0.11692772805690765 0.16722074151039124
-0.5515143275260925 0.09001480787992477 0.16249339282512665
-0.5509986877441406 0.11215079575777054 0.1683867871761322
-0.5537605285644531 0.0804213285446167 0.13681907951831818
-0.5518139600753784 0.0864410400390625 0.15906932950019836
-0.5541764497756958 0.08158238977193832 0.13206522166728973
-0.5556235313415527 0.09816106408834457 0.11552470177412033
-0.5557243227958679 0.1029244065284729 0.11437251418828964
-0.5825501680374146 0.09592621773481369 0.15199369192123413
-0.5832599401473999 0.09313341230154037 0.14384309947490692
-0.5836302042007446 0.08798675239086151 0.13755197823047638
-0.5822911262512207 0.12593373656272888 0.15313443541526794
-0.5836809277534485 0.1267605721950531 0.13794763386249542
-0.5832633972167969 0.12175918370485306 0.14380303025245667
-0.582639753818512 0.11979911476373672 0.15094758570194244
-0.584365963935852 0.10179561376571655 0.13120748102664948
-0.5844831466674805 0.10802609473466873 0.12989269196987152
-0.5849198698997498 0.10240975022315979 0.1242685467004776
-0.5821737051010132 0.11462855339050293 0.15624044835567474
-0.5842964053153992 0.11494805663824081 0.13200370967388153
-0.5840681791305542 0.0969705730676651 0.13462452590465546
-0.5813089609146118 0.11424101889133453 0.16367000341415405
-0.5838872194290161 0.11958868056535721 0.1366851031780243
-0.5820180773735046 0.10698851197957993 0.1580793559551239
-0.5821723937988281 0.10060746967792511 0.15622633695602417
-0.5817330479621887 0.08904807269573212 0.13084177672863007
-0.5820209980010986 0.09373941272497177 0.12586423754692078
-0.5726531744003296 0.09085318446159363 0.12740787863731384
-0.5781924724578857 0.09410000592470169 0.16186846792697906
-0.5697916150093079 0.09284543246030807 0.1601106822490692
-0.5693448781967163 0.1028468981385231 0.16522075235843658
-0.5806330442428589 0.08484578132629395 0.14171434938907623
-0.571804404258728 0.085689015686512 0.1371096819639206
-0.5709797143936157 0.08511416614055634 0.14653626084327698
-0.5781887173652649 0.11087482422590256 0.1660034954547882
-0.5694069266319275 0.11425549536943436 0.16450805962085724
-0.5787055492401123 0.11995146423578262 0.1626918911933899
-0.5697211027145386 0.12110499292612076 0.1609174758195877
-0.5793741941452026 0.08935042470693588 0.1570299118757248
-0.5702930092811584 0.08811017870903015 0.1543852686882019
-0.5702248215675354 0.12660828232765198 0.15515895187854767
-0.5787688493728638 0.12722717225551605 0.15489080548286438
-0.5709535479545593 0.129753977060318 0.14683569967746735
-0.5805248022079468 0.13016298413276672 0.14526009559631348
-0.5717595815658569 0.1296362727880478 0.13761775195598602
-0.581125795841217 0.12881430983543396 0.13617612421512604
-0.5809995532035828 0.12520194053649902 0.12951350212097168
-0.572485089302063 0.12553730607032776 0.1293226182460785
-0.5730094313621521 0.1187872588634491 0.12332650274038315
-0.5816754102706909 0.11698701232671738 0.12309899926185608
-0.5732545852661133 0.10981420427560806 0.12052439898252487
-0.5828533172607422 0.10790270566940308 0.12141600251197815
-0.5731776356697083 0.10080888867378235 0.12140502035617828
-0.5815101265907288 0.09281400591135025 0.15895308554172516
-0.5822936296463013 0.10032773017883301 0.12246843427419662
-0.5812772512435913 0.1046336218714714 0.1643323004245758
-0.5842368602752686 0.09306921809911728 0.12982536852359772
-0.5822729468345642 0.12837012112140656 0.146742582321167
-0.5803037285804749 0.08609066903591156 0.1505831927061081
-0.584090530872345 0.11931873112916946 0.12610012292861938
-0.5805827379226685 0.12366383522748947 0.15839728713035583
-0.5835729241371155 0.12460826337337494 0.13147442042827606
-0.582757830619812 0.08732031285762787 0.1466381847858429
-0.57883220911026 0.10121960937976837 0.16531902551651
-0.569739580154419 0.12861664593219757 0.16070473194122314
-0.5647217035293579 0.1346478909254074 0.13774272799491882
-0.5719708204269409 0.13429802656173706 0.13520188629627228
-0.5626083016395569 0.12719987332820892 0.16190047562122345
-0.5619563460350037 0.10295961052179337 0.16935144364833832
-0.5694477558135986 0.1250879019498825 0.1640394926071167
-0.5689599514007568 0.09979621320962906 0.16961710155010223
-0.5636419653892517 0.08077928423881531 0.15008512139320374
-0.5620601773262024 0.09817610681056976 0.16816391050815582
-0.570456862449646 0.08176522701978683 0.15250542759895325
-0.565846860408783 0.08634322136640549 0.12488225102424622
-0.570873498916626 0.08039426803588867 0.1477448046207428
-0.5730047225952148 0.08787306398153305 0.1233840063214302
-0.5736518502235413 0.11418347805738449 0.11598817259073257
-0.5661585927009583 0.0897962898015976 0.12131917476654053
-0.566684901714325 0.11235718429088593 0.11530359834432602
-0.5665670037269592 0.11709760874509811 0.11665167659521103
-0.5651385188102722 0.13344965875148773 0.13297902047634125
-0.5625752806663513 0.09707648307085037 0.16227659583091736
-0.5630338788032532 0.09030955284833908 0.15703614056110382
-0.5623271465301514 0.10697127878665924 0.16511259973049164
-0.5661742687225342 0.11537172645330429 0.12113950401544571
-0.5662856698036194 0.10466188192367554 0.1198727935552597
-0.5658543109893799 0.09299972653388977 0.12479235976934433
-0.5658395290374756 0.12185400724411011 0.12496554106473923
-0.5650160312652588 0.08633099496364594 0.13438090682029724
-0.5651925206184387 0.12806876003742218 0.13236290216445923
-0.5641306638717651 0.13014990091323853 0.14450176060199738
-0.5640289187431335 0.08490000665187836 0.1456611305475235
-0.5631526708602905 0.12600216269493103 0.15568698942661285
-0.5625631213188171 0.11778342723846436 0.1624213606119156
-0.5567965507507324 0.12188491970300674 0.15948018431663513
-0.5564049482345581 0.1119140237569809 0.1639614999294281
-0.5602636933326721 0.11326402425765991 0.11985497921705246
-0.5597941875457764 0.12288786470890045 0.1252288520336151
-0.558698832988739 0.08514305204153061 0.13773727416992188
-0.5577192902565002 0.08603795617818832 0.14893996715545654
-0.5578193068504333 0.12960872054100037 0.14778941869735718
-0.5590167045593262 0.12895704805850983 0.13410259783267975
-0.5570850968360901 0.09015104919672012 0.15618671476840973
-0.5597718954086304 0.09161742776632309 0.12546531856060028
-0.5566082000732422 0.09669727832078934 0.16164140403270721
-0.5602599382400513 0.10215351730585098 0.11990220844745636
-0.5563997626304626 0.10406098514795303 0.16401764750480652
-0.5876860022544861 0.09484172612428665 0.15063591301441193
-0.5872411131858826 0.09915877878665924 0.15571439266204834
-0.5870113372802734 0.10527589917182922 0.15835529565811157
-0.5882717967033386 0.09344130754470825 0.1439315527677536
-0.5870943665504456 0.11302345246076584 0.1574050784111023
-0.5888793468475342 0.09550146013498306 0.13699421286582947
-0.5874683856964111 0.11866916716098785 0.1531180739402771
-0.5892702341079712 0.10010454058647156 0.1325293332338333
-0.589475154876709 0.10762409120798111 0.13017956912517548
-0.5880002379417419 0.1213715597987175 0.14703983068466187
-0.5885690450668335 0.12113562226295471 0.14053499698638916
-0.5891844034194946 0.11663664877414703 0.13349951803684235
-0.472761332988739 0.13305509090423584 0.1034441888332367
-0.5199732780456543 0.0837952196598053 0.2553054392337799
-0.5203135013580322 0.07522764056921005 0.25141236186027527
-0.5189745426177979 0.07052181661128998 0.23963576555252075
-0.5216459631919861 0.07315860688686371 0.2383415251970291
-0.5195596218109131 0.07289627939462662 0.23461967706680298
-0.5211806893348694 0.09570343047380447 0.24488002061843872
-0.5205202102661133 0.09103180468082428 0.2522367238998413
-0.5184085965156555 0.09656234830617905 0.24964280426502228
-0.5196409821510315 0.07168617099523544 0.248604878783226
-0.5168744921684265 0.07949011772871017 0.2562151551246643
-0.5202178955078125 0.0820283442735672 0.22875285148620605
-0.519992470741272 0.0919509083032608 0.23092623054981232
-0.517227828502655 0.08855170756578445 0.2289954125881195
-0.5217552185058594 0.09428324550390244 0.23649649322032928
-0.521565854549408 0.07728789746761322 0.23219546675682068
-0.5179043412208557 0.09035982936620712 0.2551742196083069
-0.5152246952056885 0.09460069984197617 0.25196418166160583
-0.5225061178207397 0.0863858237862587 0.2317419946193695
-0.5191740393638611 0.09795013070106506 0.2390778660774231
-0.5157861709594727 0.07007677108049393 0.24540910124778748
-0.5169684290885925 0.07457781583070755 0.23208428919315338
-0.5148070454597473 0.08657072484493256 0.25629672408103943
-0.515253484249115 0.07374894618988037 0.25165852904319763
-0.5159093141555786 0.09891200065612793 0.24406708776950836
-0.5169693827629089 0.09418599307537079 0.23193831741809845
-0.5172566175460815 0.07912839204072952 0.22889932990074158
-0.5148667693138123 0.07966797798871994 0.25608351826667786
-0.5163373351097107 0.09819573163986206 0.23926684260368347
-0.5162102580070496 0.06951165944337845 0.240831658244133
-0.5148391127586365 0.0896068811416626 0.256395548582077
-0.5150142908096313 0.09340166300535202 0.2543928921222687
-0.5150015354156494 0.07515868544578552 0.2545391023159027
-0.5172749161720276 0.09001505374908447 0.22855697572231293
-0.5171045064926147 0.07504171133041382 0.2305048555135727
-0.5096127390861511 0.06924840062856674 0.24384763836860657
-0.5087302923202515 0.07558955252170563 0.25388333201408386
-0.5085853934288025 0.07972214370965958 0.2555669844150543
-0.5086144208908081 0.09015525132417679 0.2552468478679657
-0.5088725686073303 0.0941096767783165 0.2522910535335541
-0.5096129179000854 0.0991930365562439 0.24384650588035583
-0.5100335478782654 0.09828580170869827 0.23902830481529236
-0.5107982754707336 0.09320452809333801 0.23027543723583221
-0.5109612941741943 0.08905798941850662 0.2283826470375061
-0.5109760165214539 0.0786527618765831 0.2282574474811554
-0.5107292532920837 0.07471766322851181 0.23109540343284607
-0.5100314617156982 0.07008395344018936 0.23903553187847137
-0.5095773935317993 0.09810572862625122 0.24421408772468567
-0.5093825459480286 0.07098565995693207 0.2464868575334549
-0.5064694881439209 0.09760233759880066 0.23735611140727997
-0.5048983693122864 0.08762519061565399 0.2552654445171356
-0.5069002509117126 0.0981132760643959 0.24290381371974945
-0.5049401521682739 0.08056925982236862 0.2546975016593933
-0.5064558386802673 0.07070748507976532 0.23747293651103973
-0.5057746171951294 0.09765833616256714 0.24526485800743103
-0.5069860816001892 0.074647456407547 0.23141825199127197
-0.5053183436393738 0.09514500200748444 0.2504741847515106
-0.5052788853645325 0.07365560531616211 0.2509218156337738
-0.507311999797821 0.08170907944440842 0.22766774892807007
-0.5071175694465637 0.09245868772268295 0.22992996871471405
-0.5058119297027588 0.0706329271197319 0.24483899772167206
-0.5102968811988831 0.10345762968063354 0.2504514455795288
-0.5057039856910706 0.0994453877210617 0.2503982186317444
-0.5083819031715393 0.10288850963115692 0.2504393458366394
-0.5099371671676636 0.10851684957742691 0.24267826974391937
-0.5096397399902344 0.1069440245628357 0.2426242232322693
-0.5111613869667053 0.10672131925821304 0.24309971928596497
-0.5103840827941895 0.10632428526878357 0.24289803206920624
-0.5098784565925598 0.10305370390415192 0.2349437028169632
-0.5074952840805054 0.0997975692152977 0.23448270559310913
-0.5097816586494446 0.09963443130254745 0.23462837934494019
-0.5115963816642761 0.10353456437587738 0.23535281419754028
-0.5034364461898804 0.09837916493415833 0.2341393679380417
-0.501934289932251 0.09855923056602478 0.25006839632987976
-0.5079120397567749 0.0993647575378418 0.2505827844142914
-0.5036640763282776 0.09659948945045471 0.23416957259178162
-0.5046203136444092 0.09734754264354706 0.2503103017807007
-0.5019499659538269 0.09695934504270554 0.25008007884025574
-0.4953417479991913 0.09834882616996765 0.23012162744998932
-0.5036100149154663 0.09843505918979645 0.23084168136119843
-0.49337953329086304 0.09849423915147781 0.25263580679893494
-0.4953574240207672 0.09674894064664841 0.2301333099603653
-0.5036256909370422 0.0968351736664772 0.2308533787727356
-0.49321097135543823 0.09648794680833817 0.25481605529785156
-0.49306148290634155 0.09713917970657349 0.2564452290534973
-0.5014644861221313 0.09824266284704208 0.25549858808517456
-0.5012875199317932 0.09528998285531998 0.2578915059566498
-0.49569544196128845 0.0963413417339325 0.2263009250164032
-0.49577948451042175 0.09432555735111237 0.22557736933231354
-0.5040386915206909 0.09493253380060196 0.22633950412273407
-0.5038217306137085 0.0979372039437294 0.2284664660692215
-0.49550607800483704 0.09801742434501648 0.2282746136188507
-0.4899534285068512 0.09286715090274811 0.2553849518299103
-0.4930349588394165 0.09292425215244293 0.2572592794895172
-0.4898141026496887 0.09288255125284195 0.256978839635849
-0.49317386746406555 0.09291396290063858 0.2556653618812561
-0.501433253288269 0.09615829586982727 0.2560960650444031
-0.5010294914245605 0.0759565457701683 0.25803738832473755
-0.5006421208381653 0.07540817558765411 0.25641295313835144
-0.4950757324695587 0.07496072351932526 0.2567501664161682
-0.4950585961341858 0.08356058597564697 0.25589001178741455
-0.49438539147377014 0.08436048030853271 0.2574128210544586
-0.4928664565086365 0.08483115583658218 0.2556907534599304
-0.4897540211677551 0.08481647074222565 0.25702568888664246
-0.4923769235610962 0.08462198078632355 0.22694043815135956
-0.4975343644618988 0.08400796353816986 0.22739389538764954
-0.493886798620224 0.08475416898727417 0.2254650890827179
-0.4973788559436798 0.0838131532073021 0.22577551007270813
-0.4977570176124573 0.07495685666799545 0.22667904198169708
-0.5037088394165039 0.09669678658246994 0.22991465032100677
-0.5039086937904358 0.09451612085103989 0.22788165509700775
-0.5038092136383057 0.09606530517339706 0.22883810102939606
-0.5040793418884277 0.07708684355020523 0.22800901532173157
-0.5042216181755066 0.07669024169445038 0.2264178842306137
-0.49555104970932007 0.0959746465086937 0.22798682749271393
-0.49564531445503235 0.09392853826284409 0.22716572880744934
-0.4898908734321594 0.08464472740888596 0.2554326057434082
-0.4956570565700531 0.09272994846105576 0.22717393934726715
-0.49579599499702454 0.09271964430809021 0.22558002173900604
-0.4924365282058716 0.0926847904920578 0.2268935590982437
-0.49257510900497437 0.09267795830965042 0.22529958188533783
-0.502090334892273 0.07470667362213135 0.22703908383846283
-0.49251341819763184 0.08449781686067581 0.22534704208374023
-0.506910502910614 0.09269942343235016 0.232249915599823
-0.5071700811386108 0.08712080121040344 0.22931596636772156
-0.5052134394645691 0.09194863587617874 0.2516660690307617
-0.5055875182151794 0.07299012690782547 0.24741806089878082
-0.5065402388572693 0.09569663554430008 0.2365134209394455
-0.5069108009338379 0.07574343681335449 0.23220321536064148
-0.5065361857414246 0.07272180914878845 0.23656152188777924
-0.5049915909767151 0.08374888449907303 0.2542351186275482
-0.5071583390235901 0.08090446889400482 0.22944870591163635
-0.5056670904159546 0.09572169929742813 0.24649599194526672
-0.5025690197944641 0.07293250411748886 0.2472541630268097
-0.5035358667373657 0.07272254675626755 0.23612388968467712
-0.4987143874168396 0.09549209475517273 0.24667441844940186
-0.4996199905872345 0.09532495588064194 0.2351781278848648
-0.5023764371871948 0.09494010359048843 0.25121068954467773
-0.5026193261146545 0.09439453482627869 0.24862338602542877
-0.5022667050361633 0.09049466997385025 0.25233128666877747
-0.5040580630302429 0.07651716470718384 0.2308131754398346
-0.5038719773292542 0.07264500856399536 0.23147279024124146
-0.5019241571426392 0.07392631471157074 0.2536344826221466
-0.502212643623352 0.0783100351691246 0.25247275829315186
-0.5034186840057373 0.07154828310012817 0.23402658104896545
-0.5021695494651794 0.0717584565281868 0.250726580619812
-0.49183863401412964 0.07153316587209702 0.2321026474237442
-0.492168128490448 0.0752694234251976 0.22930756211280823
-0.5002272129058838 0.08324524015188217 0.22846727073192596
-0.4999834895133972 0.08976151794195175 0.22972437739372253
-0.4988255798816681 0.08476366102695465 0.22948122024536133
-0.49967432022094727 0.07859021425247192 0.22995120286941528
-0.5040327310562134 0.09104131162166595 0.23049938678741455
-0.49251362681388855 0.09227432310581207 0.22931064665317535
-0.5040713548660278 0.0940772145986557 0.23168419301509857
-0.5037166476249695 0.0947580486536026 0.23401609063148499
-0.49245598912239075 0.09507228434085846 0.23244665563106537
-0.4920499324798584 0.09477503597736359 0.23160767555236816
-0.49734339118003845 0.09553085267543793 0.24156983196735382
-0.5018033981323242 0.08422989398241043 0.2537965774536133
-0.49052125215530396 0.0952506810426712 0.2501028776168823
-0.502085268497467 0.09231885522603989 0.2535410523414612
-0.4903188645839691 0.09178721159696579 0.25267493724823
-0.4903889000415802 0.07176682353019714 0.24961988627910614
-0.4901023507118225 0.07481510192155838 0.25272220373153687
-0.4905039072036743 0.09543390572071075 0.24927987158298492
-0.491284042596817 0.09553191810846329 0.24092575907707214
-0.49003398418426514 0.07013178616762161 0.25209110975265503
-0.4922541677951813 0.07362876087427139 0.22742310166358948
-0.49174928665161133 0.06997614353895187 0.23026059567928314
-0.4920710027217865 0.09668026119470596 0.22963865101337433
-0.49226048588752747 0.09331288188695908 0.2273796647787094
-0.4902995526790619 0.09694782644510269 0.25158655643463135
-0.4900343716144562 0.0942307859659195 0.2543182671070099
-0.48327773809432983 0.08244346082210541 0.2540647089481354
-0.47844016551971436 0.09034901112318039 0.25323936343193054
-0.48985373973846436 0.07344583421945572 0.2546260356903076
-0.49556252360343933 0.09587375074625015 0.22787554562091827
-0.46468594670295715 0.1264495849609375 0.225483238697052
-0.4654519855976105 0.12277436256408691 0.21671375632286072
-0.46437013149261475 0.09519706666469574 0.22907164692878723
-0.48008692264556885 0.08038187772035599 0.04942384734749794
-0.48100921511650085 0.09026065468788147 0.03915640711784363
-0.48030340671539307 0.07673865556716919 0.046947501599788666
-0.4573083817958832 0.06326628476381302 0.3097921907901764
-0.4580349624156952 0.07030041515827179 0.30148595571517944
-0.4575997292995453 0.06057720258831978 0.3064608871936798
-0.45779821276664734 0.07446737587451935 0.3041778802871704
-0.46264418959617615 0.13791052997112274 0.24882985651493073
-0.46437349915504456 0.13504919409751892 0.22903838753700256
-0.4625511169433594 0.12989765405654907 0.2498561292886734
-0.4817964434623718 0.08380694687366486 0.030569307506084442
-0.4677743911743164 0.14548221230506897 0.19100899994373322
-0.47107332944869995 0.1451447606086731 0.15314888954162598
-0.4687378704547882 0.1248084157705307 0.17914794385433197
-0.45857977867126465 0.0711713507771492 0.2952781915664673
-0.48153311014175415 0.07663926482200623 0.03288819640874863
-0.45794662833213806 0.07892458885908127 0.3024943768978119
-0.46456778049468994 0.09266982227563858 0.22681260108947754
-0.46537449955940247 0.08696965873241425 0.21757374703884125
-0.4802568256855011 0.09424522519111633 0.04748571291565895
-0.4646323025226593 0.14398035407066345 0.22601476311683655
-0.4711165130138397 0.1498098224401474 0.15211960673332214
-0.4657227694988251 0.08488299697637558 0.2136267125606537
-0.4687378704547882 0.09026677906513214 0.17914794385433197
-0.4657022953033447 0.08131219446659088 0.21379727125167847
-0.4603610038757324 0.07298222184181213 0.27518320083618164
-0.4662522077560425 0.1261303424835205 0.20751138031482697
-0.45867177844047546 0.0761868879199028 0.29419293999671936
-0.46116578578948975 0.07298222184181213 0.26621922850608826
-0.4817691445350647 0.07978545874357224 0.030220763757824898
-0.46127793192863464 0.08307820558547974 0.26431336998939514
-0.4614270329475403 0.07997756451368332 0.2627111077308655
-0.4654194414615631 0.0796009972691536 0.21702781319618225
-0.47112810611724854 0.0652126744389534 0.15194861590862274
-0.4645227789878845 0.07266009598970413 0.22732679545879364
-0.4603632688522339 0.092982217669487 0.27518340945243835
-0.4584360420703888 0.0797942727804184 0.2968972623348236
-0.48228466510772705 0.07166991382837296 0.024289822205901146
-0.482975035905838 0.06341415643692017 0.016377246007323265
-0.4826967716217041 0.06062356382608414 0.01959799788892269
-0.461772620677948 0.07975789904594421 0.25875285267829895
-0.4622730016708374 0.1452050507068634 0.2530517578125
-0.4823974072933197 0.07541582733392715 0.023021137341856956
-0.4712996482849121 0.06410226225852966 0.1498669683933258
-0.46423032879829407 0.07121312618255615 0.2306698113679886
-0.4710560142993927 0.06793549656867981 0.1534031331539154
-0.4625011086463928 0.07278406620025635 0.25043582916259766
-0.47132745385169983 0.06405352801084518 0.1495489478111267
-0.4627959132194519 0.0713207945227623 0.24706436693668365
-0.4710589647293091 0.07087720185518265 0.15261973440647125
-0.48022788763046265 0.09920484572649002 0.04781244322657585
-0.46190333366394043 0.08435885608196259 0.2572984993457794
-0.4822087585926056 0.07924219965934753 0.025181738659739494
-0.4820440113544464 0.08898605406284332 0.02667837217450142
-0.4611371159553528 0.092982217669487 0.2662167251110077
-0.4615567624568939 0.08677350729703903 0.26126137375831604
-0.4593965411186218 0.12548227608203888 0.28664296865463257
-0.4765819013118744 0.1248084157705307 0.08949041366577148
-0.4783078134059906 0.12879203259944916 0.0697629377245903
-0.4765819013118744 0.09026677906513214 0.08949041366577148
-0.4797753691673279 0.10037393122911453 0.05297960713505745
-0.46247920393943787 0.09257978200912476 0.2506851255893707
-0.46266302466392517 0.09526718407869339 0.24858447909355164
-0.4713181257247925 0.07275129854679108 0.15034329891204834
-0.4798089861869812 0.11937541514635086 0.05260463058948517
-0.47308075428009033 0.16548222303390503 0.12973831593990326
-0.478268027305603 0.14841662347316742 0.07021808624267578
-0.47426390647888184 0.1499631702899933 0.11626318842172623
-0.4743712842464447 0.1466207653284073 0.1147579699754715
-0.48127031326293945 0.12958338856697083 0.03590148687362671
-0.4817127287387848 0.09552375972270966 0.03213309124112129
-0.4797293543815613 0.1586245894432068 0.05351494625210762
-0.4825167953968048 0.1366729438304901 0.021734967827796936
-0.4812305271625519 0.1492079794406891 0.036356646567583084
-0.4743276536464691 0.06951677799224854 0.11477668583393097
-0.47426900267601013 0.06518690288066864 0.11599566042423248
-0.4742344319820404 0.07256852090358734 0.11738093942403793
-0.4601677358150482 0.1254822015762329 0.2776758670806885
-0.457975834608078 0.15371403098106384 0.3021574318408966
-0.4573102295398712 0.1643916666507721 0.3097689747810364
-0.4577999711036682 0.1581108272075653 0.30417299270629883
-0.46694350242614746 0.1254822313785553 0.19997069239616394
-0.4615236818790436 0.14828450977802277 0.261602520942688
-0.4717312157154083 0.14809831976890564 0.14475981891155243
-0.4723503291606903 0.1454821228981018 0.13870887458324432
-0.471673846244812 0.14368018507957458 0.14573891460895538
-0.45794856548309326 0.1619417369365692 0.3024759292602539
-0.47309404611587524 0.14548222720623016 0.1297394186258316
-0.46534019708633423 0.1479889452457428 0.2180032730102539
-0.46659570932388306 0.1356041580438614 0.20365968346595764
-0.4797314703464508 0.07308118045330048 0.05349324643611908
-0.45835351943969727 0.16295820474624634 0.29783499240875244
-0.4575890600681305 0.16698448359966278 0.3065812289714813
-0.46078091859817505 0.12601149082183838 0.2700493335723877
-0.4795832633972168 0.07689370214939117 0.05518938973546028
-0.47377830743789673 0.1436118185520172 0.12240862846374512
-0.47414541244506836 0.1422136276960373 0.11934953182935715
-0.46046555042266846 0.13396292924880981 0.27370116114616394
-0.4677704870700836 0.1254822313785553 0.19100865721702576
-0.4586745500564575 0.1562805473804474 0.2941494584083557
-0.4593874514102936 0.14548221230506897 0.2866419553756714
-0.4583882987499237 0.1531447023153305 0.29744952917099
-0.46161970496177673 0.12280067056417465 0.2604958117008209
-0.4712698757648468 0.14201128482818604 0.14976580440998077
-0.48148655891418457 0.1672021597623825 0.03346738591790199
-0.48171764612197876 0.1625538319349289 0.030805520713329315
-0.47362056374549866 0.1488151252269745 0.12305431813001633
-0.465119332075119 0.08239979296922684 0.22051900625228882
-0.4822131097316742 0.1624414324760437 0.02514892816543579
-0.47160500288009644 0.0649694949388504 0.14618617296218872
-0.4736739993095398 0.0687183290719986 0.1234838217496872
-0.4738629162311554 0.06414025276899338 0.12058880925178528
-0.4722917377948761 0.16548222303390503 0.13870367407798767
-0.4659140706062317 0.14719875156879425 0.21147550642490387
-0.4714917242527008 0.15066877007484436 0.1476764678955078
-0.4817613959312439 0.17165443301200867 0.03028741292655468
-0.46694955229759216 0.14548221230506897 0.19997122883796692
-0.46637824177742004 0.14269009232521057 0.20611871778964996
-0.47174692153930664 0.06956326216459274 0.1447572112083435
-0.4826788902282715 0.17724332213401794 0.019802158698439598
-0.4821908473968506 0.1714317798614502 0.025386391207575798
-0.4829716384410858 0.17454610764980316 0.016456101089715958
-0.4823917746543884 0.16739386320114136 0.023063771426677704
-0.46215423941612244 0.12501104176044464 0.25439026951789856
-0.45860597491264343 0.16089560091495514 0.29495182633399963
-0.4601624608039856 0.14548222720623016 0.2776753902435303
-0.4605198800563812 0.13992495834827423 0.2730594277381897
-0.4715592563152313 0.07260610908269882 0.14739353954792023
-0.47380930185317993 0.072735495865345 0.120868980884552
-0.4742729961872101 0.14340531826019287 0.1160074844956398
-0.4739566147327423 0.150824636220932 0.11950252950191498
-0.4801381826400757 0.07289542257785797 0.04884300008416176
-0.47958680987358093 0.09506693482398987 0.05514007434248924
-0.4797351658344269 0.07983539998531342 0.05345500260591507
-0.47993203997612 0.0923660472035408 0.05119869485497475
-0.4608703851699829 0.14533385634422302 0.26906082034111023
-0.4815610647201538 0.07220155745744705 0.03257131949067116
-0.48194435238838196 0.06983073055744171 0.028202751651406288
-0.49201473593711853 0.07276139408349991 0.04962722584605217
-0.4914644658565521 0.07617516070604324 0.04769716039299965
-0.49076226353645325 0.07211335748434067 0.05246924236416817
-0.4915142059326172 0.07380425930023193 0.05534824728965759
-0.49043217301368713 0.07629985362291336 0.056242212653160095
-0.4911021888256073 0.0792008638381958 0.055405791848897934
-0.48894986510276794 0.07360715419054031 0.054829105734825134
-0.48923808336257935 0.07240121811628342 0.051533233374357224
-0.488874614238739 0.07838590443134308 0.05568881705403328
-0.4892789423465729 0.08062048256397247 0.05107840150594711
-0.4895595908164978 0.07756033539772034 0.04785577952861786
-0.4894881248474121 0.07394230365753174 0.048675160855054855
-0.5134310722351074 0.144131138920784 0.05037926137447357
-0.5132820010185242 0.13295157253742218 0.05136499181389809
-0.5128620266914368 0.1314833015203476 0.056770049035549164
-0.5068392753601074 0.13283391296863556 0.06022949889302254
-0.5122848153114319 0.13810361921787262 0.06342140585184097
-0.5122597217559814 0.14400164783000946 0.061878692358732224
-0.5129043459892273 0.14651189744472504 0.056268975138664246
-0.513509213924408 0.13816726207733154 0.04847614839673042
-0.5122657418251038 0.13465151190757751 0.06210232526063919
-0.5066334009170532 0.13653334975242615 0.06263557076454163
-0.5075671076774597 0.1320854127407074 0.05200130119919777
-0.5078433156013489 0.14301569759845734 0.04885802045464516
-0.506643533706665 0.14184442162513733 0.06256496161222458
-0.5069494247436523 0.14576134085655212 0.05901452898979187
-0.5079053640365601 0.1368308663368225 0.04814232885837555
-0.5074095129966736 0.14644543826580048 0.05377580597996712
-0.5063433647155762 0.13037171959877014 0.066200852394104
-0.5064457654953003 0.14907871186733246 0.06491375714540482
-0.5056217908859253 0.13971681892871857 0.07048481702804565
-0.508219301700592 0.1476326733827591 0.04473415017127991
-0.5084115862846375 0.13417726755142212 0.04252894967794418
-0.5073413252830505 0.152470663189888 0.05457887053489685
-0.507518470287323 0.1252923160791397 0.05258913338184357
-0.5067037343978882 0.12501566112041473 0.04850243031978607
-0.5053480863571167 0.12604306638240814 0.06399781256914139
-0.5055031776428223 0.1529843658208847 0.06222505867481232
-0.5068588256835938 0.1519569456577301 0.0467296727001667
-0.5074591636657715 0.13797259330749512 0.03986836224794388
-0.49164900183677673 0.13797259330749512 0.038485150784254074
-0.4902418553829193 0.13416048884391785 0.04095786437392235
-0.4908936321735382 0.12501564621925354 0.04711923003196716
-0.4892898201942444 0.1253567785024643 0.051858916878700256
-0.48953795433044434 0.12604306638240814 0.06261461973190308
-0.4882025420665741 0.12990768253803253 0.06438923627138138
-0.4889376759529114 0.14002743363380432 0.069475919008255
-0.487984299659729 0.1438295841217041 0.06680655479431152
-0.4896930456161499 0.1529843658208847 0.060841843485832214
-0.48891669511795044 0.15265804529190063 0.05614098161458969
-0.4910487234592438 0.1519569456577301 0.0453464537858963
-0.49004656076431274 0.1477963924407959 0.04322586581110954
-0.4891851246356964 0.14618276059627533 0.053283464163541794
-0.4896030128002167 0.14368081092834473 0.048506975173950195
-0.48976200819015503 0.13821759819984436 0.046689603477716446
-0.48948144912719727 0.13303129374980927 0.049896400421857834
-0.48888057470321655 0.13230052590370178 0.05700187757611275
-0.48875004053115845 0.14460378885269165 0.05825657397508621
-0.48861458897590637 0.1394682079553604 0.06108679249882698
-0.487185537815094 0.14218883216381073 0.06008007749915123
-0.48719853162765503 0.13405518233776093 0.0592968687415123
-0.48747774958610535 0.14559078216552734 0.0561051182448864
-0.4881003201007843 0.14463670551776886 0.04948126897215843
-0.4885074198246002 0.13801713287830353 0.046300239861011505
-0.4879275858402252 0.1323924958705902 0.05132065713405609
-0.48920005559921265 0.1492079794406891 0.03705389052629471
-0.489239901304245 0.12958338856697083 0.03659873455762863
-0.48769891262054443 0.1586245894432068 0.054212190210819244
-0.48777854442596436 0.11937541514635086 0.05330187827348709
-0.4862375855445862 0.14841662347316742 0.0709153339266777
-0.48627740144729614 0.12879203259944916 0.07046017795801163
-0.1815039962530136 0.275357723236084 0.009832661598920822
-0.17402981221675873 0.28435343503952026 0.008745886385440826
-0.16501058638095856 0.29046347737312317 0.00981620978564024
-0.24465888738632202 0.2251567542552948 0.009127095341682434
-0.2698936462402344 0.1945791244506836 0.009030588902533054
-0.2598598301410675 0.2109486311674118 0.007806174922734499
-0.2528853714466095 0.21097807586193085 0.009946146979928017
-0.27594831585884094 0.1838611215353012 0.009390581399202347
-0.2844773828983307 0.17544902861118317 0.008212280459702015
-0.280846506357193 0.1721048802137375 0.009968011640012264
-0.19441893696784973 0.2720116376876831 0.00803911592811346
-0.19668878614902496 0.2673127353191376 0.009274189360439777
-0.19410379230976105 0.265228807926178 0.009951455518603325
-0.21175245940685272 0.252733051776886 0.009846874512732029
-0.21336676180362701 0.25626662373542786 0.008593852631747723
-0.22538666427135468 0.24155031144618988 0.009712116792798042
-0.22775287926197052 0.24387866258621216 0.00845053605735302
-0.29355013370513916 0.1654864400625229 0.008990495465695858
-0.21542814373970032 -0.2557462751865387 0.0079946992918849
-0.2263987511396408 -0.2430485039949417 0.009197327308356762
-0.20315119624137878 -0.26078271865844727 0.009737047366797924
-0.1962636411190033 -0.2705982029438019 0.008094331249594688
-0.19037313759326935 -0.2698395550251007 0.0098183648660779
-0.17211474478244781 -0.28544020652770996 0.008937275037169456
-0.27919453382492065 -0.17308330535888672 0.010003487579524517
-0.2711348831653595 -0.19194990396499634 0.009259133599698544
-0.2838374674320221 -0.17405669391155243 0.009075281210243702
-0.2538563013076782 -0.20972555875778198 0.0099211810156703
-0.25781872868537903 -0.21072563529014587 0.008863876573741436
-0.2234863042831421 -0.24168723821640015 0.009914860129356384
-0.23444396257400513 -0.23613306879997253 0.009028189815580845
-0.24792416393756866 -0.2220713496208191 0.008938725106418133
-0.17351779341697693 -0.2807546854019165 0.009881843812763691
-0.14510080218315125 -0.2776333689689636 0.009999766014516354
-0.15972337126731873 -0.29428428411483765 0.009986421093344688
-0.16364073753356934 -0.2952862083911896 0.009425152093172073
0.2857370972633362 0.1657445728778839 0.009954234585165977
0.28486284613609314 0.17127181589603424 0.009399203583598137
0.29827550053596497 0.1616436392068863 0.00969304796308279
0.21968016028404236 0.2506270110607147 0.008715936914086342
0.23305274546146393 0.23604753613471985 0.009357691742479801
0.2236023247241974 0.24189640581607819 0.009868481196463108
0.1768067479133606 0.2750902771949768 0.010002781637012959
0.19169263541698456 0.26998862624168396 0.009522838518023491
0.2069699466228485 0.25642916560173035 0.009875087067484856
0.2723020315170288 0.18701553344726562 0.00978319626301527
0.2839827537536621 0.1765296757221222 0.008079600520431995
0.17389871180057526 0.284432590007782 0.008788545615971088
0.19154976308345795 0.27404022216796875 0.008048903197050095
0.26989033818244934 0.1950039267539978 0.008840777911245823
0.2569977343082428 0.21171090006828308 0.008924229070544243
0.2526431083679199 0.21078088879585266 0.00996481440961361
0.23491314053535461 0.2383565753698349 0.007843601517379284
0.16549187898635864 0.29226094484329224 0.00919927004724741
0.1589171588420868 0.296272873878479 0.009992910549044609
0.2981535494327545 -0.15835174918174744 0.009986392222344875
0.2885339558124542 -0.16918694972991943 0.008919603191316128
0.2804960608482361 -0.17310519516468048 0.009932409040629864
0.2811204195022583 -0.17866316437721252 0.008770969696342945
0.2467525154352188 -0.22387735545635223 0.00878062378615141
0.22616945207118988 -0.24543891847133636 0.00844347570091486
0.22697588801383972 -0.23930083215236664 0.00982636772096157
0.24465835094451904 -0.22139060497283936 0.0097853047773242
0.260409414768219 -0.20360016822814941 0.009841196238994598
0.26956579089164734 -0.19871249794960022 0.007702796254307032
0.2686583399772644 -0.19440676271915436 0.009383907541632652
0.2057773768901825 -0.2621930241584778 0.008686847984790802
0.19456633925437927 -0.26730141043663025 0.0097024105489254
0.21342051029205322 -0.25220322608947754 0.009771308861672878
0.1857900321483612 -0.2709326446056366 0.009936895221471786
0.18491734564304352 -0.2764796316623688 0.009032216854393482
0.17378908395767212 -0.2847301959991455 0.00871679000556469
0.16823525726795197 -0.28412121534347534 0.009969959035515785
0.16580133140087128 -0.2915387749671936 0.009369734674692154
0.1580142080783844 -0.3032674491405487 0.009956784546375275
-0.2974381744861603 0.1589561104774475 0.00995163805782795
-0.29148101806640625 -0.16610048711299896 0.009196474216878414
-0.2988380789756775 -0.1598982959985733 0.009860462509095669
-0.24588079750537872 0.14446556568145752 0.3415510952472687
-0.25241053104400635 0.14248858392238617 0.34100019931793213
-0.24778863787651062 0.14117151498794556 0.3411123752593994
-0.24992363154888153 0.14666935801506042 0.3410000205039978
-0.22905753552913666 0.13264203071594238 0.3411058485507965
-0.23196542263031006 0.129314586520195 0.34132954478263855
-0.22859899699687958 0.1257258504629135 0.34099897742271423
-0.2246955931186676 0.14436018466949463 0.34100010991096497
-0.2281143218278885 0.14012205600738525 0.3411080241203308
-0.2231578826904297 0.13476648926734924 0.3409981429576874
-0.24237322807312012 0.14878569543361664 0.34099891781806946
-0.24222461879253387 0.14663535356521606 0.3410000205039978
-0.23912928998470306 0.14788669347763062 0.3411535620689392
-0.22971117496490479 0.14993953704833984 0.34100157022476196
-0.23162558674812317 0.14552515745162964 0.34122517704963684
-0.23591358959674835 0.15239793062210083 0.34099796414375305
-0.2424897998571396 0.12824669480323792 0.3411782681941986
-0.24617403745651245 0.13108420372009277 0.34114253520965576
-0.24861545860767365 0.1267109513282776 0.34099969267845154
-0.2528529167175293 0.13389845192432404 0.34100016951560974
-0.2436174899339676 0.12353001534938812 0.34099939465522766
-0.24816125631332397 0.13544611632823944 0.34124788641929626
-0.23647688329219818 0.12246498465538025 0.3410017788410187
-0.23775510489940643 0.1271265745162964 0.34121209383010864
-0.24503619968891144 0.1509045958518982 0.34099724888801575
-0.2504769265651703 0.15089832246303558 0.3101623058319092
-0.26282429695129395 0.1566578894853592 0.3100094199180603
-0.26050132513046265 0.15151451528072357 0.3100000023841858
-0.2536323368549347 0.12645843625068665 0.3100438416004181
-0.25536006689071655 0.1229882538318634 0.3100001811981201
-0.24538683891296387 0.1163359060883522 0.31000053882598877
-0.2567260265350342 0.13573569059371948 0.31004422903060913
-0.26029372215270996 0.13317878544330597 0.31000033020973206
-0.24209126830101013 0.15642409026622772 0.30979904532432556
-0.2460019439458847 0.1198902577161789 0.31000983715057373
-0.2373247891664505 0.11576700955629349 0.3098355829715729
-0.22546625137329102 0.1244892030954361 0.3102058172225952
-0.23047658801078796 0.1115916296839714 0.3100004494190216
-0.2285679131746292 0.10473527014255524 0.3098921775817871
-0.3242880702018738 -0.036795035004615784 0.2476380169391632
-0.322765976190567 -0.052755825221538544 0.27362415194511414
-0.32232025265693665 -0.05212653428316116 0.2483777105808258
-0.3247407078742981 -0.036850497126579285 0.2758059501647949
-0.31845900416374207 -0.07437790185213089 0.27435579895973206
-0.3181377947330475 -0.07361776381731033 0.24869106709957123
-0.3132685720920563 -0.0940418466925621 0.2726556062698364
-0.3125288188457489 -0.09478729218244553 0.24914908409118652
-0.3069098889827728 -0.11299805343151093 0.27374741435050964
-0.30546140670776367 -0.11534379422664642 0.24871179461479187
-0.3006006181240082 -0.12858888506889343 0.27457988262176514
-0.3003286123275757 -0.12807705998420715 0.24852056801319122
-0.29359033703804016 -0.143996924161911 0.2745113968849182
-0.2924620509147644 -0.1452835649251938 0.24887987971305847
-0.28098657727241516 -0.1673128753900528 0.27503031492233276
-0.2798851430416107 -0.16825240850448608 0.24805594980716705
-0.29404523968696594 -0.09977083653211594 0.2918489873409271
-0.2326110303401947 -0.14063262939453125 0.29204025864601135
-0.26566290855407715 -0.16076549887657166 0.29185718297958374
-0.24910198152065277 -0.10088551789522171 0.2919155955314636
-0.30769988894462585 -0.034758955240249634 0.291916161775589
-0.26545417308807373 -0.029573461040854454 0.2917107045650482
-0.26573747396469116 -0.0296326931566 0.23236602544784546
-0.29871681332588196 -0.08316901326179504 0.23213480412960052
-0.25497880578041077 -0.08824022114276886 0.23203131556510925
-0.3069068193435669 -0.034660931676626205 0.23207776248455048
-0.26313677430152893 -0.16288655996322632 0.2320420742034912
-0.22960641980171204 -0.1423625499010086 0.2319779098033905
-0.2913513481616974 -0.1215754821896553 0.23403221368789673
-0.28662505745887756 -0.1370326429605484 0.23508602380752563
-0.2818051874637604 -0.13336233794689178 0.2325698882341385
-0.2854975461959839 -0.1481059044599533 0.23856757581233978
-0.2696492671966553 -0.16597050428390503 0.23432686924934387
-0.319025456905365 -0.0572773776948452 0.24178892374038696
-0.3040445148944855 -0.10991206765174866 0.2406238168478012
-0.296554297208786 -0.12486741691827774 0.23878240585327148
-0.3015931248664856 -0.1059056892991066 0.2366468906402588
-0.27642783522605896 -0.16785994172096252 0.24063563346862793
-0.30016663670539856 -0.12509730458259583 0.24403467774391174
-0.31414544582366943 -0.08340577781200409 0.2437920868396759
-0.2911157011985779 -0.14415770769119263 0.24331903457641602
-0.3074943423271179 -0.06083996593952179 0.23306167125701904
-0.3144378066062927 -0.03558558598160744 0.23430272936820984
-0.2993370294570923 -0.10066498816013336 0.23407551646232605
-0.3089778423309326 -0.07599064707756042 0.23551440238952637
-0.3142595887184143 -0.05232164263725281 0.23571908473968506
-0.31283771991729736 -0.07734331488609314 0.23917394876480103
-0.31064021587371826 -0.09606776386499405 0.2439521849155426
-0.3208884298801422 -0.036377545446157455 0.2401830554008484
-0.2875630259513855 -0.137396901845932 0.2884085774421692
-0.30229514837265015 -0.10493869334459305 0.28745540976524353
-0.29225096106529236 -0.11630555987358093 0.2906284034252167
-0.31849560141563416 -0.036086127161979675 0.2869534492492676
-0.31847840547561646 -0.05313451960682869 0.2843891680240631
-0.3217774033546448 -0.03648671507835388 0.28303229808807373
-0.2924164831638336 -0.14353470504283905 0.27924230694770813
-0.30118614435195923 -0.12362121045589447 0.2797800898551941
-0.3141058683395386 -0.08940357714891434 0.27682796120643616
-0.3210132420063019 -0.05731737241148949 0.278594434261322
-0.31695687770843506 -0.06991960853338242 0.28197941184043884
-0.3048056960105896 -0.0895756334066391 0.2891075909137726
-0.2980697453022003 -0.12292476743459702 0.2849472761154175
-0.2792098820209503 -0.1667069047689438 0.28071242570877075
-0.2903623580932617 -0.1424436867237091 0.2836659848690033
-0.27699223160743713 -0.16596031188964844 0.2844836711883545
-0.3076156675815582 -0.10323701053857803 0.2821967899799347
-0.3117702007293701 -0.07942135632038116 0.2857344448566437
-0.31312480568885803 -0.05900956317782402 0.2884005308151245
-0.3059334456920624 -0.06869502365589142 0.2910407781600952
-0.3137003183364868 -0.035501256585121155 0.2902398407459259
-0.2722041606903076 -0.16410750150680542 0.2891029119491577
-0.27797001600265503 -0.14392611384391785 0.2911893427371979
-0.30843275785446167 -0.10661604255437851 0.2775907814502716
-0.2533824145793915 -0.06861869245767593 0.23556315898895264
-0.2456766813993454 -0.09867531061172485 0.2336767613887787
-0.23838110268115997 -0.10670936852693558 0.23623022437095642
-0.25838762521743774 0.0643208846449852 0.232847660779953
-0.2542356252670288 0.06458859890699387 0.23552875220775604
-0.24404771625995636 0.09592613577842712 0.23568890988826752
-0.2589954137802124 0.03929774835705757 0.23582695424556732
-0.2606077492237091 0.010435800999403 0.23634552955627441
-0.254345178604126 0.04971551150083542 0.23692631721496582
-0.2649812698364258 0.0005991337820887566 0.23366008698940277
-0.26199108362197876 -0.007474113721400499 0.2357219159603119
-0.24036800861358643 0.09572193026542664 0.2369491159915924
-0.23167206346988678 0.12072494626045227 0.23623806238174438
-0.24831382930278778 -0.0740571841597557 0.2369387447834015
-0.2238515019416809 -0.13517723977565765 0.23619328439235687
-0.2210567444562912 -0.12894681096076965 0.23704512417316437
-0.2600677013397217 -0.03523736074566841 0.23548249900341034
-0.25728511810302734 -0.02661607228219509 0.23697587847709656
-0.21606796979904175 0.1459171324968338 0.23649564385414124
-0.2128347009420395 0.13499410450458527 0.2370101511478424
-0.23801852762699127 -0.11862074583768845 0.23288746178150177
-0.22942116856575012 0.13341985642910004 0.23324385285377502
-0.21943983435630798 0.15140101313591003 0.2326037883758545
-0.26057055592536926 -0.022546235471963882 0.28851112723350525
-0.2647346556186676 0.0061853863298892975 0.2908168435096741
-0.2606712579727173 0.00916046742349863 0.2880251705646515
-0.25134575366973877 -0.06922987848520279 0.2879583239555359
-0.2576007843017578 -0.0192002784460783 0.28710582852363586
-0.24405552446842194 -0.08416257798671722 0.2870306670665741
-0.25733962655067444 -0.04643858224153519 0.28852179646492004
-0.26299160718917847 -0.030277518555521965 0.29086601734161377
-0.23401226103305817 0.11503034830093384 0.2880185842514038
-0.2321939468383789 0.12617255747318268 0.29039648175239563
-0.21672174334526062 0.1408206969499588 0.28701215982437134
-0.21879099309444427 0.14500892162322998 0.2892698645591736
-0.2596138119697571 -0.05358957126736641 0.29111364483833313
-0.24455894529819489 0.0856764018535614 0.2871962785720825
-0.24404363334178925 -0.09385478496551514 0.2884801924228668
-0.2479586899280548 0.09218133985996246 0.2906937301158905
-0.2335314303636551 -0.11562980711460114 0.2879656255245209
-0.22422149777412415 -0.13047750294208527 0.28734418749809265
-0.23808127641677856 -0.11522621661424637 0.2906864583492279
-0.25122496485710144 0.06697943061590195 0.28762269020080566
-0.2559598684310913 0.030074821785092354 0.28706949949264526
-0.2557474970817566 0.06785407662391663 0.29084351658821106
-0.25780928134918213 0.03982308506965637 0.2881045341491699
-0.2615450322628021 0.04313816502690315 0.29105687141418457
-0.22492821514606476 0.15679095685482025 0.23194831609725952
-0.255706250667572 0.08419294655323029 0.23208697140216827
-0.2348366528749466 0.13039791584014893 0.23217053711414337
-0.24500738084316254 0.10235562175512314 0.2332344502210617
-0.2512669861316681 -0.08827295899391174 0.23281115293502808
-0.2671492397785187 -0.0062672169879078865 0.23256032168865204
-0.2596365809440613 -0.0570404976606369 0.2330199033021927
-0.22664502263069153 -0.13916805386543274 0.23297138512134552
-0.26547881960868835 0.0295780748128891 0.23243604600429535
-0.4543270766735077 0.06341680139303207 0.30950337648391724
-0.45457834005355835 0.06069456413388252 0.30660223960876465
-0.45428362488746643 -0.16353803873062134 0.30993974208831787
-0.45452412962913513 -0.16679620742797852 0.30719056725502014
-0.47976934909820557 0.06076188012957573 0.018637381494045258
-0.4796770215034485 -0.17671002447605133 0.01969223842024803
-0.4799734055995941 -0.17332567274570465 0.0163042601197958
-0.47999921441078186 0.06419092416763306 0.01600833050906658
-0.45428934693336487 0.16372181475162506 0.3098964989185333
-0.04173747077584267 0.027976859360933304 0.22560003399848938
-0.12546034157276154 0.12378008663654327 0.22560003399848938
-0.14137381315231323 0.10490693897008896 0.22560003399848938
0.17418253421783447 -0.02610337920486927 0.22560003399848938
0.048407502472400665 -0.013216800056397915 0.22560003399848938
0.1675093173980713 -0.05479444935917854 0.22560003399848938
-0.10609158128499985 0.14048700034618378 0.22560003399848938
-0.02867954969406128 0.041352178901433945 0.22560003399848938
0.050067950040102005 -0.0008948036702349782 0.22560003399848938
0.09610244631767273 0.14759831130504608 0.22560003399848938
0.07758709788322449 0.15802614390850067 0.22560003399848938
0.024735521525144577 0.04359378293156624 0.22560003399848938
0.02610338106751442 -0.17418253421783447 0.22560003399848938
0.011566613800823689 -0.04889718070626259 0.22560003399848938
0.0010487738763913512 -0.17612451314926147 0.22560003399848938
0.1762179583311081 0.0030062745790928602 0.22560003399848938
-0.0033713551238179207 -0.05000897869467735 0.22560003399848938
0.05479444935917854 0.1675093173980713 0.22560003399848938
0.014421772211790085 0.04795427620410919 0.22560003399848938
-0.02402716502547264 -0.17448104918003082 0.22560003399848938
-0.04549790173768997 -0.020917482674121857 0.22560003399848938
-0.1675093173980713 -0.05479441583156586 0.22560003399848938
-0.15411242842674255 -0.08550536632537842 0.22560003399848938
0.049052946269512177 0.010299142450094223 0.22560003399848938
0.17314018309116364 0.03230197727680206 0.22560003399848938
-0.049052946269512177 -0.010299142450094223 0.22560003399848938
-0.014421772211790085 -0.04795427620410919 0.22560003399848938
-0.05253100395202637 -0.16823285818099976 0.22560003399848938
0.16678078472614288 0.05661368742585182 0.22560003399848938
0.04549790173768997 0.020917482674121857 0.22560003399848938
0.11767023056745529 -0.13120794296264648 0.22560003399848938
0.04173747077584267 -0.027976859360933304 0.22560003399848938
0.02867954969406128 -0.041352178901433945 0.22560003399848938
0.13527989387512207 -0.11265598982572556 0.22560003399848938
-0.17418253421783447 -0.02610338106751442 0.22560003399848938
0.02610337920486927 0.17418253421783447 0.22560003399848938
0.0033713551238179207 0.05000897869467735 0.22560003399848938
0.15867272019386292 0.07625608891248703 0.22560003399848938
-0.024735521525144577 -0.04359378293156624 0.22560003399848938
-0.0834198072552681 -0.15525121986865997 0.22560003399848938
0.14873231947422028 0.09433788806200027 0.22560003399848938
0.037465136498212814 0.033598851412534714 0.22560003399848938
-0.050067950040102005 0.0008948036702349782 0.22560003399848938
-0.10490693897008896 -0.14137381315231323 0.22560003399848938
0.14759831130504608 -0.09610244631767273 0.22560003399848938
0.13120794296264648 0.11767023056745529 0.22560003399848938
-0.037465136498212814 -0.033598851412534714 0.22560003399848938
-0.12378008663654327 -0.12546034157276154 0.22560003399848938
-0.17612451314926147 -0.0010487738763913512 0.22560003399848938
0.004189876839518547 0.17601421475410461 0.22560003399848938
0.08817066252231598 -0.15271615982055664 0.22560003399848938
-0.01778564602136612 0.1752273142337799 0.22560003399848938
-0.011566613800823689 0.04889718070626259 0.22560003399848938
-0.17448104918003082 0.02402716502547264 0.22560003399848938
0.11265598982572556 0.13527989387512207 0.22560003399848938
0.15802614390850067 -0.07758709788322449 0.22560003399848938
-0.048407502472400665 0.013216800056397915 0.22560003399848938
-0.14048700034618378 -0.10609158128499985 0.22560003399848938
-0.042541928589344025 0.17091260850429535 0.22560003399848938
-0.16823285818099976 0.05253100395202637 0.22560003399848938
0.05479441583156586 -0.1675093173980713 0.22560003399848938
-0.062214430421590805 0.1646857112646103 0.22560003399848938
-0.15525121986865997 0.0834198072552681 0.22560003399848938
-0.08550536632537842 0.15411242842674255 0.22560003399848938
-0.21479348838329315 0.1206154003739357 0.22291432321071625
-0.2145090401172638 0.12226161360740662 0.23700019717216492
-0.22272853553295135 0.10499345511198044 0.2229093760251999
-0.2342926561832428 -0.07598184049129486 0.22329770028591156
-0.2324957400560379 -0.08293799310922623 0.23700004816055298
-0.22710157930850983 -0.09543765336275101 0.22363990545272827
-0.22783640027046204 0.09499244391918182 0.23700004816055298
-0.23011168837547302 0.0877772644162178 0.2232261747121811
-0.22090420126914978 -0.11003641784191132 0.2369997650384903
-0.21999002993106842 -0.11119747906923294 0.222639262676239
-0.23619693517684937 0.0694459080696106 0.2227669358253479
-0.23992539942264557 0.05803971365094185 0.23700004816055298
-0.23995709419250488 0.055150728672742844 0.22310170531272888
-0.2438715547323227 0.03513765707612038 0.22342589497566223
-0.24640832841396332 0.016184022650122643 0.23700004816055298
-0.24609112739562988 0.011368859559297562 0.22362422943115234
-0.24617820978164673 -0.00845371838659048 0.2234560251235962
-0.24607139825820923 -0.01695500686764717 0.23700003325939178
-0.24458931386470795 -0.02815728634595871 0.22273509204387665
-0.24263419210910797 -0.045403219759464264 0.23700004816055298
-0.24198177456855774 -0.04512336477637291 0.22273480892181396
-0.23849354684352875 -0.06114621087908745 0.22262242436408997
-0.24379055202007294 0.12244316190481186 0.3131251037120819
-0.22497156262397766 0.14683346450328827 0.3110036551952362
-0.2502327263355255 0.1269901841878891 0.3134143650531769
-0.22237953543663025 0.13463738560676575 0.3124130964279175
-0.222428560256958 0.14016512036323547 0.3130093514919281
-0.2535865306854248 0.1332583725452423 0.3132544755935669
-0.23072004318237305 0.15183080732822418 0.3110458552837372
-0.2370014488697052 0.15352942049503326 0.31129759550094604
-0.22427162528038025 0.12953567504882812 0.3131383955478668
-0.25415003299713135 0.1391458958387375 0.3127147853374481
-0.2502550780773163 0.14687544107437134 0.3310000002384186
-0.2528740465641022 0.14360955357551575 0.3134608864784241
-0.2415732592344284 0.15312376618385315 0.3119571805000305
-0.2505851686000824 0.14768944680690765 0.31281131505966187
-0.2457675039768219 0.150837242603302 0.3309967815876007
-0.22972577810287476 0.12379494309425354 0.3130125403404236
-0.24561277031898499 0.15166239440441132 0.3131323754787445
-0.2363661825656891 0.12165004014968872 0.3129178285598755
0.307561457157135 -0.22799831628799438 0.03000001050531864
0.30467191338539124 -0.1832556426525116 0.030081700533628464
0.2657109200954437 -0.23593005537986755 0.030037853866815567
0.32826510071754456 -0.2423068732023239 0.030000003054738045
0.32214584946632385 -0.2439517378807068 0.030000008642673492
0.32541272044181824 -0.2792748510837555 0.029937967658042908
0.3118879199028015 -0.21959297358989716 0.030000008642673492
0.36904996633529663 -0.21544940769672394 0.029992178082466125
0.2207210659980774 -0.3326556980609894 0.030000003054738045
0.16358186304569244 -0.3699512481689453 0.03011840209364891
0.20689798891544342 -0.370463490486145 0.02992328256368637
0.3324304223060608 -0.23893706500530243 0.030000006780028343
0.21653738617897034 -0.32652807235717773 0.030000001192092896
0.1641673892736435 -0.3126107454299927 0.030061282217502594
0.2229684591293335 -0.3657539188861847 0.029970353469252586
0.319514662027359 -0.215741366147995 0.029999995604157448
0.22781363129615784 -0.3356887400150299 0.029999997466802597
0.21575357019901276 -0.3209180235862732 0.029999997466802597
0.33537089824676514 -0.23360954225063324 0.030000003054738045
0.2349645495414734 -0.334969162940979 0.029999999329447746
0.21765248477458954 -0.31436675786972046 0.02999998815357685
0.2630935609340668 -0.2842644155025482 0.030000001192092896
0.26157891750335693 -0.29963552951812744 0.030000006780028343
0.26754334568977356 -0.2991551458835602 0.030000004917383194
0.26944079995155334 -0.2895064055919647 0.030000001192092896
0.21046040952205658 -0.28007972240448 0.030044881626963615
0.25814229249954224 -0.3026982247829437 0.030000006780028343
0.24166861176490784 -0.32956716418266296 0.030000006780028343
0.33549392223358154 -0.22655312716960907 0.030000003054738045
0.22238047420978546 -0.3097711503505707 0.030000003054738045
0.3263563811779022 -0.21651509404182434 0.030000003054738045
0.3318870961666107 -0.21995224058628082 0.030000004917383194
0.26062077283859253 -0.2760268449783325 0.030000001192092896
0.2756512761116028 -0.2908684313297272 0.030000001192092896
0.2287832349538803 -0.3075777590274811 0.029999999329447746
0.27153512835502625 -0.30230048298835754 0.030000003054738045
0.2752006947994232 -0.3288526237010956 0.02997533045709133
0.2440318763256073 -0.32073065638542175 0.030000004917383194
0.28116801381111145 -0.28984662890434265 0.030000001192092896
0.27330484986305237 -0.30745115876197815 0.029999997466802597
0.26180142164230347 -0.27016374468803406 0.030000001192092896
0.23540909588336945 -0.3088045120239258 0.030000001192092896
0.2650100886821747 -0.265103816986084 0.030000001192092896
0.2871015965938568 -0.2859361171722412 0.030000001192092896
0.2700316905975342 -0.2618551254272461 0.030000001192092896
0.35782232880592346 -0.18728388845920563 0.02994716353714466
0.2638619542121887 -0.31516045331954956 0.03000001050531864
0.2582266628742218 -0.3116455078125 0.029999997466802597
0.29076868295669556 -0.27815714478492737 0.030000001192092896
0.350480318069458 -0.1557234525680542 0.029792582616209984
0.24075816571712494 -0.3127080798149109 0.0299999937415123
0.27551648020744324 -0.26065024733543396 0.030000001192092896
0.3496055603027344 -0.12711484730243683 0.02987191081047058
0.25692594051361084 -0.30675774812698364 0.029999999329447746
0.3433467149734497 -0.10021080076694489 0.03015417978167534
0.2902939021587372 -0.27180662751197815 0.030000001192092896
0.28245657682418823 -0.2621729075908661 0.030000001192092896
0.2700233459472656 -0.31346985697746277 0.030000004917383194
0.3116001784801483 -0.23954226076602936 0.030000001192092896
0.28790032863616943 -0.26673728227615356 0.030000001192092896
0.3157033920288086 -0.24255971610546112 0.030000003054738045
0.3088439702987671 -0.2355024367570877 0.030000001192092896
-0.24495846033096313 -0.03687949851155281 0.28700000047683716
-0.247714102268219 0.0016516247997060418 0.28700003027915955
-0.21564719080924988 0.1376679688692093 0.28698989748954773
-0.21493761241436005 0.1276659071445465 0.2869991362094879
-0.21664120256900787 0.12045880407094955 0.2870004177093506
-0.2444450408220291 0.04014323651790619 0.28700000047683716
-0.22275370359420776 -0.10827666521072388 0.28700023889541626
-0.22122855484485626 -0.11974986642599106 0.2870003283023834
-0.23523271083831787 0.07765202969312668 0.28700000047683716
-0.23486876487731934 -0.07918798923492432 0.28699997067451477
-0.21932613849639893 -0.12039493024349213 0.23701736330986023
-0.2847166955471039 0.21578671038150787 0.030017727985978127
-0.30805084109306335 0.23325160145759583 0.030000003054738045
-0.3079977035522461 0.22634610533714294 0.030000008642673492
-0.22761711478233337 0.3636772930622101 0.029926959425210953
-0.2332153618335724 0.3355061411857605 0.029999997466802597
-0.22527077794075012 0.3351844549179077 0.030000001192092896
-0.328134685754776 0.27613502740859985 0.02995685115456581
-0.32387492060661316 0.2438080906867981 0.030000006780028343
-0.3170027732849121 0.243096724152565 0.030000003054738045
-0.16452087461948395 0.3058393597602844 0.03005734086036682
-0.21646305918693542 0.326513409614563 0.030000001192092896
-0.2158641815185547 0.3194909393787384 0.030000001192092896
-0.29314950108528137 0.31256064772605896 0.02998659573495388
-0.2797398269176483 0.2903139591217041 0.030000001192092896
-0.2733919620513916 0.29073667526245117 0.030000001192092896
-0.311265766620636 0.23936501145362854 0.030000001192092896
-0.33158984780311584 0.21969549357891083 0.030000003054738045
-0.3679152727127075 0.1851097196340561 0.03019147552549839
-0.3245653510093689 0.1890714466571808 0.030045220628380775
-0.24765793979167938 0.2516121566295624 0.030069347470998764
-0.26389339566230774 0.2850901186466217 0.030000001192092896
-0.26089808344841003 0.27877840399742126 0.030000001192092896
-0.3699176013469696 0.2120167762041092 0.029899638146162033
-0.206600159406662 0.37043333053588867 0.02992924489080906
-0.21998929977416992 0.3318020701408386 0.030000003054738045
-0.2821296453475952 0.26198118925094604 0.030000001192092896
-0.28790032863616943 0.26673728227615356 0.030000001192092896
-0.24032366275787354 0.3121251165866852 0.030000001192092896
-0.2678232789039612 0.2885560095310211 0.030000001192092896
-0.3347419202327728 0.22444772720336914 0.029999999329447746
-0.3249208927154541 0.21595969796180725 0.029999999329447746
-0.3586222529411316 0.23493513464927673 0.029941875487565994
-0.16373811662197113 0.3701094090938568 0.030090615153312683
-0.2902939021587372 0.27180662751197815 0.030000001192092896
-0.23333454132080078 0.30803588032722473 0.029999999329447746
-0.24345636367797852 0.31832391023635864 0.030000001192092896
-0.33588382601737976 0.2303054928779602 0.029999997466802597
-0.27400609850883484 0.2606891095638275 0.030000001192092896
-0.29076868295669556 0.27815714478492737 0.030000001192092896
-0.24377872049808502 0.3236510753631592 0.030000003054738045
-0.31766387820243835 0.21632228791713715 0.030000004917383194
-0.22742752730846405 0.3078674376010895 0.030000001192092896
-0.3338116705417633 0.23716819286346436 0.029999997466802597
-0.2406826764345169 0.3309403359889984 0.03000001050531864
-0.22210732102394104 0.3098732829093933 0.030000001192092896
-0.265768438577652 0.26424792408943176 0.030000001192092896
-0.2885434627532959 0.28370797634124756 0.030000001192092896
-0.3120213449001312 0.21948501467704773 0.030000003054738045
-0.2851058840751648 0.2876710593700409 0.030000001192092896
-0.329884797334671 0.24127338826656342 0.030000003054738045
-0.2179812490940094 0.3141087591648102 0.030000006780028343
-0.26131096482276917 0.2713112235069275 0.030000001192092896
-0.27759525179862976 -0.22845102846622467 0.03001471608877182
-0.28082188963890076 -0.2615441679954529 0.030000001192092896
-0.27565523982048035 -0.26071831583976746 0.030000001192092896
-0.32291221618652344 -0.24393589794635773 0.030000003054738045
-0.33028799295425415 -0.2411109358072281 0.030000001192092896
-0.3288891017436981 -0.2745492458343506 0.02998810075223446
-0.21104833483695984 -0.29169216752052307 0.03000035509467125
-0.26127174496650696 -0.27997633814811707 0.030000001192092896
-0.2636171579360962 -0.2846533954143524 0.030000001192092896
-0.23806047439575195 -0.31022194027900696 0.030000003054738045
-0.23214221000671387 -0.30784836411476135 0.029999997466802597
-0.2743799090385437 -0.29092904925346375 0.030000001192092896
-0.28138917684555054 -0.2897598147392273 0.030000001192092896
-0.26736265420913696 -0.3350284695625305 0.02997015230357647
-0.3076755702495575 -0.23021851480007172 0.030000004917383194
-0.30886226892471313 -0.23557983338832855 0.030000001192092896
-0.2261458933353424 -0.30807313323020935 0.030000001192092896
-0.3064742088317871 -0.19026845693588257 0.03001977875828743
-0.3223910331726074 -0.21568599343299866 0.030000003054738045
-0.31580841541290283 -0.216985821723938 0.02999999187886715
-0.30873847007751465 -0.22432219982147217 0.030000003054738045
-0.22093212604522705 -0.310802161693573 0.0299999937415123
-0.3116593360900879 -0.22002002596855164 0.029999999329447746
-0.2167239934206009 -0.31622108817100525 0.02999998815357685
-0.21578210592269897 -0.3234955668449402 0.030000001192092896
-0.1645830273628235 -0.31083130836486816 0.030053632333874702
-0.21802708506584167 -0.3294667601585388 0.030000001192092896
-0.21705803275108337 -0.36898165941238403 0.0299333855509758
-0.16326479613780975 -0.37039726972579956 0.030173102393746376
-0.2893677353858948 -0.2821943461894989 0.030000001192092896
-0.28641828894615173 -0.2865128219127655 0.030000001192092896
-0.3117528259754181 -0.23970171809196472 0.030000001192092896
-0.3160317838191986 -0.24272221326828003 0.030000001192092896
-0.28971633315086365 -0.2697593867778778 0.030000001192092896
-0.2856566905975342 -0.26439133286476135 0.030000001192092896
-0.267366886138916 -0.28831303119659424 0.030000001192092896
-0.24247750639915466 -0.31550702452659607 0.030000001192092896
-0.33576443791389465 -0.22888077795505524 0.030000003054738045
-0.36701342463493347 -0.22086158394813538 0.02993808314204216
-0.33488979935646057 -0.23512136936187744 0.030000003054738045
-0.2237277626991272 -0.33467912673950195 0.030000004917383194
-0.2326456904411316 -0.33560898900032043 0.030000008642673492
-0.2908317446708679 -0.27715638279914856 0.030000001192092896
-0.3715696632862091 -0.186405211687088 0.029987657442688942
-0.33401113748550415 -0.22267888486385345 0.029999999329447746
-0.3287845253944397 -0.21757547557353973 0.030000004917383194
-0.24400538206100464 -0.3227974474430084 0.030000003054738045
-0.2694137692451477 -0.26198115944862366 0.030000001192092896
-0.2629185616970062 -0.2676180601119995 0.030000001192092896
-0.24006862938404083 -0.33162152767181396 0.03000001050531864
-0.26076123118400574 -0.27438899874687195 0.030000001192092896
-0.09719997644424438 0.34792014956474304 0.029788224026560783
-0.1160251572728157 0.3580414056777954 0.029903823509812355
-0.11711844056844711 0.3399755656719208 0.030454540625214577
-0.11589952558279037 -0.31757086515426636 0.030356643721461296
-0.116612009704113 -0.35707080364227295 0.0301301721483469
-0.10697963088750839 -0.35096925497055054 0.029821844771504402
0.2573617696762085 0.3096834421157837 0.029999999329447746
0.24402371048927307 0.321071058511734 0.030000004917383194
0.2410677969455719 0.313099205493927 0.029999999329447746
0.3491751253604889 0.13976198434829712 0.029806414619088173
0.30846738815307617 0.18002957105636597 0.03005712479352951
0.3485289216041565 0.09775281697511673 0.030017053708434105
0.2355114072561264 0.30882105231285095 0.030000001192092896
0.2293555736541748 0.3076232671737671 0.029999999329447746
0.26728373765945435 0.23822739720344543 0.030037734657526016
0.32641908526420593 0.21656471490859985 0.030000001192092896
0.3212720453739166 0.21570171415805817 0.030000003054738045
0.21675856411457062 0.3269406855106354 0.030000001192092896
0.16424520313739777 0.3106953799724579 0.030075104907155037
0.2156732827425003 0.32160916924476624 0.030000003054738045
0.353236585855484 0.1730729341506958 0.029906250536441803
0.30967846512794495 0.2370792031288147 0.030000003054738045
0.30778056383132935 0.23180368542671204 0.030000006780028343
0.2572516202926636 0.304171621799469 0.030000001192092896
0.3680054545402527 0.2202587127685547 0.029934260994195938
0.33537620306015015 0.23350490629673004 0.030000008642673492
0.33540722727775574 0.22592408955097198 0.0299999937415123
0.3141782879829407 0.21774516999721527 0.0299999937415123
0.20797371864318848 0.37099194526672363 0.029826749116182327
0.1646498143672943 0.370572954416275 0.029962297528982162
0.21953363716602325 0.33141660690307617 0.030000001192092896
0.2334303855895996 0.35935041308403015 0.029974788427352905
0.22568616271018982 0.3353530168533325 0.029999997466802597
0.23324830830097198 0.33542078733444214 0.030000003054738045
0.21729864180088043 0.31524458527565 0.03000001050531864
0.2221885472536087 0.3097304403781891 0.030000004917383194
0.3085773289203644 0.22445367276668549 0.030000004917383194
0.33109432458877563 0.240552619099617 0.03000001795589924
0.26027950644493103 0.3136378526687622 0.030000003054738045
0.2381797432899475 0.33304208517074585 0.030000003054738045
0.24213173985481262 0.32871076464653015 0.029999995604157448
0.3313193917274475 0.21939843893051147 0.0299999937415123
0.33365577459335327 0.26877349615097046 0.029985567554831505
0.322547972202301 0.24399001896381378 0.029999999329447746
0.3143787384033203 0.24197152256965637 0.029999999329447746
0.2795203924179077 0.32512250542640686 0.029949137941002846
0.2645188271999359 0.3150573968887329 0.030000001192092896
0.2684604227542877 0.3143188953399658 0.029999997466802597
0.3596518933773041 0.18990851938724518 0.02994729019701481
0.2682194709777832 0.2995045483112335 0.030000003054738045
0.26189401745796204 0.2993462085723877 0.029999999329447746
0.27257174253463745 0.3103105127811432 0.030000008642673492
0.27240222692489624 0.3035014867782593 0.0299999937415123
0.3714851140975952 0.21305716037750244 0.029570696875452995
-0.28003427386283875 0.16771869361400604 0.24772389233112335
-0.28103381395339966 0.1668797731399536 0.27592697739601135
-0.28769707679748535 0.15454654395580292 0.24892069399356842
-0.285406231880188 0.15959638357162476 0.2741541862487793
-0.2962118685245514 0.13880670070648193 0.27321887016296387
-0.29823973774909973 0.13329072296619415 0.25016453862190247
-0.3071773648262024 0.11090722680091858 0.24888743460178375
-0.3058983385562897 0.11579800397157669 0.27322885394096375
-0.3124864101409912 0.09478156268596649 0.24862998723983765
-0.3127245008945465 0.09579034149646759 0.2734206020832062
-0.31799444556236267 0.0741676539182663 0.24862554669380188
-0.3182588219642639 0.07527684420347214 0.2741386294364929
-0.3222515881061554 0.05237755924463272 0.24810568988323212
-0.32296982407569885 0.05163213610649109 0.2728542983531952
-0.3243105113506317 0.036797747015953064 0.24772457778453827
-0.3244955837726593 0.03682420402765274 0.2773587703704834
-0.1471131443977356 0.14077028632164001 0.21816386282444
-0.20660404860973358 0.12599751353263855 0.21804536879062653
-0.17073345184326172 0.11010235548019409 0.2181909829378128
-0.20856602489948273 0.14552544057369232 0.2181137353181839
-0.21991418302059174 0.1617618203163147 0.21794119477272034
-0.12592697143554688 0.1668584644794464 0.21783719956874847
-0.12527360022068024 -0.1657562255859375 0.2179660052061081
-0.22249901294708252 -0.14511658251285553 0.2180461436510086
-0.2567870616912842 -0.16680863499641418 0.21792560815811157
-0.22992070019245148 0.16719257831573486 0.21778838336467743
-0.14225181937217712 -0.14600369334220886 0.2180974781513214
-0.16417516767978668 -0.11957968771457672 0.21817392110824585
-0.21497510373592377 -0.1265714317560196 0.21827273070812225
-0.2144768238067627 -0.1102222353219986 0.21807652711868286
-0.18483491241931915 -0.08699346333742142 0.21809706091880798
-0.2290368378162384 -0.07683288305997849 0.21816416084766388
-0.19723182916641235 -0.048238880932331085 0.21818490326404572
-0.2405032515525818 -0.008791462518274784 0.2180292010307312
-0.2024632841348648 -0.023097999393939972 0.21812614798545837
-0.23878207802772522 0.035199157893657684 0.21812297403812408
-0.20275142788887024 0.020779145881533623 0.21809744834899902
-0.19624978303909302 0.05471207946538925 0.21813887357711792
-0.2274981439113617 0.08097980916500092 0.2181454598903656
-0.18727050721645355 0.08052921295166016 0.2180984616279602
0.11544369161128998 -0.32763373851776123 0.030073193833231926
0.10257711261510849 -0.3495791554450989 0.02954723872244358
0.11612886190414429 -0.35767874121665955 0.029986150562763214
0.17515124380588531 -0.11867762356996536 0.1693536341190338
0.16788698732852936 -0.1293010115623474 0.15845045447349548
0.1810748428106308 -0.11857160925865173 0.15377914905548096
0.26733070611953735 -0.07071532309055328 0.0888083353638649
0.27885597944259644 -0.07496322691440582 0.07259495556354523
0.2676827609539032 -0.05307994782924652 0.09976965934038162
0.2860010266304016 -0.05976618826389313 0.07213091850280762
0.16927121579647064 -0.2452445924282074 0.03764667361974716
0.13122756779193878 -0.26043540239334106 0.039248574525117874
0.15017162263393402 -0.25879916548728943 0.03680099546909332
0.17191512882709503 -0.23286469280719757 0.041312288492918015
-0.010612377896904945 -0.20334526896476746 0.16648223996162415
-0.013028647750616074 -0.20606118440628052 0.14780674874782562
0.006062346510589123 -0.20324255526065826 0.16990138590335846
0.003621791023761034 -0.20558702945709229 0.15240728855133057
0.16624845564365387 0.24723117053508759 0.03758259490132332
0.15803620219230652 0.26489418745040894 0.034441910684108734
0.14967221021652222 0.25958123803138733 0.03672114759683609
0.3043474853038788 -0.03587372228503227 0.056730061769485474
0.3097132444381714 -0.044169820845127106 0.04953370988368988
0.3110855519771576 -0.022805245593190193 0.051435958594083786
0.2346491515636444 -0.10035237669944763 0.10167166590690613
0.24524475634098053 -0.09285877645015717 0.0969393402338028
0.23911966383457184 -0.07771360874176025 0.11867044121026993
0.19682176411151886 0.11570381373167038 0.13072408735752106
0.19283652305603027 0.13152021169662476 0.1125207394361496
0.18189813196659088 0.1308661848306656 0.12783443927764893
0.13531523942947388 0.24973154067993164 0.042476456612348557
0.19338352978229523 0.21514436602592468 0.042843472212553024
-0.19290676712989807 0.2617240846157074 0.03178245201706886
-0.22266103327274323 0.25930023193359375 0.030476689338684082
-0.24102939665317535 0.21780790388584137 0.03299933299422264
-0.25276699662208557 0.2148158997297287 0.032090820372104645
0.205443874001503 0.08759617060422897 0.16083912551403046
0.21091438829898834 0.09178021550178528 0.1443430334329605
0.19745634496212006 0.10555449873209 0.1465696394443512
0.16466718912124634 0.2069217711687088 0.056578703224658966
0.1960248202085495 0.19669899344444275 0.05052957311272621
0.15373961627483368 0.22674305737018585 0.04865672439336777
-0.14924725890159607 0.2442956268787384 0.04177822172641754
-0.14618715643882751 0.25961530208587646 0.03717188164591789
-0.17301656305789948 0.23927609622478485 0.038850098848342896
0.3195466101169586 -0.0025530895218253136 0.044970378279685974
0.318716436624527 -0.023099925369024277 0.044620003551244736
0.32807666063308716 -0.003103510942310095 0.0392138846218586
0.09153234213590622 -0.22045272588729858 0.07771632820367813
0.06264107674360275 -0.2391931712627411 0.06845150142908096
0.07852723449468613 -0.24072667956352234 0.06243695691227913
0.17296922206878662 0.1590140163898468 0.09623479098081589
0.19978420436382294 0.13659104704856873 0.09846228361129761
0.1737699657678604 0.16852499544620514 0.08439028263092041
0.20133328437805176 -0.10614357888698578 0.13877975940704346
0.2020997554063797 -0.12035169452428818 0.11675675213336945
0.2111494094133377 -0.0996166542172432 0.13292406499385834
-0.004282723646610975 0.2004300206899643 0.21790815889835358
0.018234211951494217 0.20288684964179993 0.16547845304012299
0.0017088392050936818 0.20405888557434082 0.16287298500537872
0.20980095863342285 0.10076483339071274 0.13338474929332733
0.1739356964826584 0.1889515370130539 0.06533916294574738
0.1963844746351242 0.1811378002166748 0.05981294438242912
-0.031152689829468727 0.20980526506900787 0.12702220678329468
-0.03256141394376755 0.2187664955854416 0.10569875687360764
-0.04608742520213127 0.20787861943244934 0.12445790320634842
-0.052590176463127136 0.21417813003063202 0.10675498843193054
0.2030024230480194 0.05834599956870079 0.2017391324043274
0.2148822844028473 0.07194029539823532 0.1635170429944992
0.18744444847106934 0.0770302340388298 0.21785712242126465
0.20449402928352356 0.07733389735221863 0.17793895304203033
-0.049292854964733124 0.2224363386631012 0.09355958551168442
-0.056657008826732635 0.22650961577892303 0.0849851667881012
0.16324779391288757 -0.12760476768016815 0.18109604716300964
0.14928877353668213 -0.2341756373643875 0.04608834907412529
0.12309291213750839 -0.2625548541545868 0.03962051868438721
0.3572838008403778 0.027265701442956924 0.030010759830474854
0.34982553124427795 0.05257026478648186 0.030586805194616318
0.34781569242477417 0.024860713630914688 0.03142189234495163
0.1158142164349556 -0.24856998026371002 0.047144342213869095
0.3272933065891266 -0.024204256013035774 0.03894748538732529
0.1785292774438858 -0.12611024081707 0.14243127405643463
0.19136789441108704 -0.11917141079902649 0.1333477944135666
0.17830486595630646 0.21753720939159393 0.045907292515039444
0.22640925645828247 -0.09034073352813721 0.12269638478755951
0.22104112803936005 -0.1041564866900444 0.11346513032913208
0.19792568683624268 0.08895670622587204 0.17501746118068695
0.2538973093032837 -0.0805957093834877 0.09736112505197525
0.2642456889152527 -0.09052655100822449 0.07836199551820755
0.20849451422691345 0.14318767189979553 0.08356419950723648
-0.030955888330936432 -0.19794435799121857 0.21856582164764404
-0.03692321479320526 -0.20007245242595673 0.16661682724952698
-0.024958884343504906 -0.20197589695453644 0.1665305346250534
-0.10483526438474655 0.24147382378578186 0.05441820248961449
-0.10066982358694077 0.25297629833221436 0.04825485870242119
-0.1372523158788681 0.23733144998550415 0.04781721904873848
0.052832771092653275 -0.2233496606349945 0.09101738780736923
0.0430421344935894 -0.23344776034355164 0.0800994336605072
0.06708164513111115 -0.22779729962348938 0.07937734574079514
0.11280784010887146 -0.22772035002708435 0.061919618397951126
0.08913908898830414 -0.252201646566391 0.051057178527116776
0.12188315391540527 -0.23303641378879547 0.05493195354938507
-0.05153011903166771 -0.1936008334159851 0.21855272352695465
-0.004213179927319288 -0.21051694452762604 0.13248859345912933
0.016519669443368912 -0.20616208016872406 0.1462138444185257
0.21336394548416138 0.11324922740459442 0.11187958717346191
0.31688618659973145 -0.046249955892562866 0.04345383867621422
-0.15447688102722168 0.2608778178691864 0.03575163707137108
0.2077765166759491 -0.23604172468185425 0.034090761095285416
0.21647585928440094 -0.2552626430988312 0.031003013253211975
0.23587194085121155 -0.21891668438911438 0.03348631039261818
-0.1605757772922516 0.26815465092658997 0.033603813499212265
-0.20491433143615723 0.23936034739017487 0.03389875590801239
-0.0023770213592797518 0.20621420443058014 0.1494787037372589
-0.0067529077641665936 0.20938657224178314 0.13572290539741516
-0.018311932682991028 0.2062320113182068 0.14497271180152893
0.026330720633268356 -0.21033844351768494 0.12775835394859314
0.019799137488007545 -0.2190302163362503 0.10862112790346146
0.03466213867068291 -0.21275992691516876 0.11809936910867691
0.2960498034954071 -0.06925321370363235 0.05567799136042595
0.30027809739112854 -0.05080210417509079 0.05744949355721474
0.2174077332019806 0.06133841723203659 0.17047657072544098
-0.08991707861423492 0.23749782145023346 0.06169446185231209
-0.11760824918746948 0.2250773161649704 0.06221296638250351
-0.05882891267538071 0.2371479719877243 0.07151937484741211
-0.08211071044206619 0.21743303537368774 0.08604533970355988
-0.0863737240433693 0.22837252914905548 0.0713651180267334
-0.13137364387512207 0.2600254714488983 0.03933970630168915
0.18464528024196625 0.17027828097343445 0.07501177489757538
0.2120407372713089 0.15493150055408478 0.07073687762022018
0.3380727469921112 0.006217331159859896 0.03449796512722969
0.35846567153930664 -0.0032857712358236313 0.02985791489481926
0.1570274829864502 -0.13669927418231964 0.16630293428897858
0.2221030592918396 0.07741789519786835 0.14432089030742645
0.203964501619339 0.21900595724582672 0.038956061005592346
0.028323328122496605 0.19843721389770508 0.21774648129940033
0.01575852930545807 0.19966766238212585 0.2185828983783722
0.015854837372899055 -0.21024884283542633 0.1315813660621643
0.3433645963668823 -0.017605239525437355 0.032575447112321854
0.3356090486049652 -0.03415029123425484 0.034606385976076126
0.03845846652984619 -0.2187190055847168 0.10408584773540497
0.0070925625041127205 -0.215582475066185 0.11811167746782303
0.026930853724479675 -0.2279786765575409 0.09137044101953506
0.052691441029310226 -0.21640007197856903 0.10249534994363785
0.16347821056842804 0.2736993432044983 0.0324382521212101
0.20904219150543213 0.25379887223243713 0.03154747188091278
0.1639057844877243 0.2833634912967682 0.03125668689608574
0.1644066423177719 -0.28348827362060547 0.031235676258802414
0.04237962141633034 -0.2412022054195404 0.07117191702127457
0.2127886712551117 -0.11821944266557693 0.10662934929132462
0.1968347579240799 0.24711889028549194 0.033461544662714005
0.14451107382774353 -0.13929232954978943 0.21847496926784515
0.14402982592582703 -0.14764879643917084 0.16726456582546234
0.13555815815925598 -0.1480063498020172 0.2176837921142578
0.1597309559583664 -0.1427282691001892 0.1411696970462799
-0.1629953384399414 0.27581289410591125 0.03229529410600662
0.22031423449516296 0.04951804131269455 0.17589522898197174
0.3248540163040161 -0.04786384850740433 0.03848251327872276
-0.01875765062868595 0.2191009372472763 0.1087031438946724
-0.01791292242705822 0.2116866111755371 0.12645192444324493
0.30185654759407043 -0.06589409708976746 0.051159780472517014
0.3573281168937683 -0.02677490934729576 0.029958853498101234
-0.10597565770149231 0.26345500349998474 0.04207095503807068
0.2145587056875229 0.1797473281621933 0.052514445036649704
0.20919497311115265 0.22762799263000488 0.03570377826690674
0.29007112979888916 -0.08039887249469757 0.05735643208026886
0.04078805819153786 0.19610728323459625 0.21876263618469238
0.037527911365032196 0.20005013048648834 0.1662839651107788
0.17110715806484222 -0.13748809695243835 0.13227882981300354
0.16469459235668182 0.2987455725669861 0.030305910855531693
0.22274824976921082 -0.1205197349190712 0.09367355704307556
-0.034077633172273636 0.22858981788158417 0.08876933157444
0.0060559953562915325 0.2111939936876297 0.12995165586471558
0.24977664649486542 -0.10253209620714188 0.0838046744465828
-0.06130486726760864 0.24660049378871918 0.061849113553762436
0.24269136786460876 0.24321497976779938 0.030537229031324387
0.09387948364019394 -0.268323689699173 0.04188672825694084
0.22329702973365784 0.09254993498325348 0.12446556240320206
0.016859378665685654 0.20594023168087006 0.14725729823112488
0.14847248792648315 -0.14870859682559967 0.14902062714099884
-0.03191719204187393 -0.2041439414024353 0.14700323343276978
0.003927149344235659 -0.22302286326885223 0.10275882482528687
-0.002306025940924883 0.21585947275161743 0.11790309846401215
0.06097271293401718 -0.2559937536716461 0.05451009422540665
0.27089279890060425 -0.10439347475767136 0.06307707726955414
0.2805573046207428 -0.08748294413089752 0.06364192068576813
0.19825635850429535 0.047530848532915115 0.2175641655921936
0.04991013929247856 0.1968470811843872 0.17103417217731476
0.24043138325214386 -0.11608698964118958 0.08132275193929672
0.22322474420070648 0.11962086707353592 0.09416844695806503
-0.0197211392223835 0.22711345553398132 0.09393224120140076
0.057832587510347366 0.19189569354057312 0.217802494764328
0.30902382731437683 -0.0751003623008728 0.04345738887786865
0.22290106117725372 0.15467919409275055 0.06416402012109756
-0.1636407971382141 0.2846554219722748 0.03125477209687233
-0.06362997740507126 0.2553454041481018 0.05450066179037094
0.045511700212955475 -0.2505931556224823 0.06155947595834732
0.11569986492395401 -0.27720656991004944 0.03607681021094322
-0.026185588911175728 -0.20913325250148773 0.13171057403087616
-0.011159375309944153 -0.22025562822818756 0.10740981251001358
-0.12033256143331528 0.26612588763237 0.03889944776892662
0.25412288308143616 -0.11439497768878937 0.07107134163379669
0.12993201613426208 -0.15856347978115082 0.1662115752696991
0.12510362267494202 -0.15665581822395325 0.2184285968542099
-0.03581598401069641 0.23994775116443634 0.07362758368253708
0.0911920890212059 -0.2859894335269928 0.03608306124806404
-0.06476682424545288 -0.18939164280891418 0.21888898313045502
-0.07418902218341827 -0.18917728960514069 0.16958291828632355
0.06413982808589935 -0.26874685287475586 0.04600650817155838
0.17961443960666656 -0.14056503772735596 0.11509479582309723
0.23231551051139832 0.059106335043907166 0.14704103767871857
0.2987809479236603 -0.08491624146699905 0.04798665642738342
-0.05214453861117363 -0.19695349037647247 0.1630619317293167
0.16382591426372528 -0.298146516084671 0.030374376103281975
0.2278517782688141 0.19635088741779327 0.040541306138038635
0.34468892216682434 -0.05938858166337013 0.03108108416199684
0.00056902423966676 0.22247214615345 0.10389642417430878
0.2283593863248825 0.03623532876372337 0.17061148583889008
0.3320407271385193 -0.06110401824116707 0.0341651625931263
0.19333036243915558 -0.1393307000398636 0.10166403651237488
0.014618213288486004 -0.23661746084690094 0.08094695955514908
0.003970925696194172 -0.23198579251766205 0.08784352242946625
0.3154473304748535 -0.07561499625444412 0.03966821730136871
0.2344735860824585 0.0994088351726532 0.1027907058596611
0.21164244413375854 -0.13542130589485168 0.08860821276903152
0.2306751012802124 0.16069531440734863 0.05597573146224022
0.28735172748565674 -0.09637552499771118 0.052766092121601105
0.2313983291387558 0.18159219622612 0.04499569162726402
0.02039378508925438 0.21110430359840393 0.12734554708003998
-0.06549179553985596 0.2686537206172943 0.04591253399848938
-0.020295899361371994 -0.21441148221492767 0.11905447393655777
0.2330591231584549 0.1263592392206192 0.07897983491420746
0.014475775882601738 -0.24605022370815277 0.06985291838645935
-0.015047591179609299 0.2381036877632141 0.07890229672193527
0.03842199966311455 0.2021755427122116 0.15101861953735352
-0.0781114399433136 -0.18455922603607178 0.21784710884094238
0.26005008816719055 -0.12231384962797165 0.061051785945892334
0.22959716618061066 -0.13028168678283691 0.07843191176652908
-0.08991168439388275 0.27673548460006714 0.0391959622502327
0.3222275376319885 -0.0827544778585434 0.03563639894127846
0.24048760533332825 0.07917318493127823 0.11543965339660645
0.062350694090127945 -0.2841889560222626 0.039393942803144455
-0.029267150908708572 0.2527885437011719 0.061973992735147476
-0.07902273535728455 0.29458287358283997 0.03490355610847473
0.2750265300273895 -0.1143420860171318 0.054135121405124664
-0.11637873947620392 0.2756401300430298 0.03659365326166153
0.24004986882209778 0.21688710153102875 0.0332898385822773
-0.021053703501820564 0.2434351146221161 0.07199354469776154
0.22824224829673767 0.023332472890615463 0.17678841948509216
0.2027762085199356 0.027261700481176376 0.21724456548690796
0.0019293184159323573 0.22974751889705658 0.09149937331676483
0.35539090633392334 -0.06050872802734375 0.02991286851465702
0.03875694423913956 0.20449011027812958 0.14050643146038055
0.03118687868118286 -0.2614413797855377 0.05477086454629898
0.01792086847126484 0.22040733695030212 0.10620671510696411
0.11481302976608276 -0.16861408948898315 0.16755715012550354
0.11174415796995163 -0.1664012372493744 0.21844364702701569
0.232101708650589 0.04597765952348709 0.15808935463428497
-0.05319758504629135 -0.20061270892620087 0.14168228209018707
0.29838332533836365 -0.10499652475118637 0.04246906936168671
0.02304985001683235 -0.2532654106616974 0.06207539141178131
-0.014532819390296936 -0.23079754412174225 0.08903007209300995
0.16195474565029144 -0.1498124897480011 0.12251187860965729
-0.11583857238292694 0.2836281657218933 0.034645408391952515
0.12981261312961578 -0.16251958906650543 0.14831691980361938
-0.09824389964342117 -0.1768186241388321 0.19160456955432892
-0.0973496288061142 -0.17582035064697266 0.2173997461795807
0.11579762399196625 -0.29072678089141846 0.033221535384655
0.290195494890213 -0.1053282767534256 0.04715220257639885
0.20413194596767426 0.014955169521272182 0.21747741103172302
-0.039064399898052216 0.2602398693561554 0.05470198020339012
-0.04407864063978195 0.27064943313598633 0.04738389700651169
-0.0434085875749588 -0.20777778327465057 0.12637461721897125
0.11580748856067657 -0.2973010838031769 0.032193999737501144
0.03936012089252472 0.20874762535095215 0.12611529231071472
0.07449747622013092 0.1859787404537201 0.21842584013938904
0.07167430222034454 0.19028522074222565 0.168190598487854
0.03248216211795807 -0.2705465853214264 0.04860806092619896
0.2401311844587326 0.20018717646598816 0.03649837523698807
0.24109502136707306 0.16507498919963837 0.04856616631150246
-0.025312379002571106 -0.22245272994041443 0.10074836015701294
0.2410430610179901 0.1326306015253067 0.06805401295423508
0.2453860491514206 0.10978028923273087 0.08206520974636078
-0.06441961973905563 0.28385627269744873 0.03926655277609825
0.05862126499414444 0.19684208929538727 0.15172939002513885
0.24681976437568665 0.0626203715801239 0.12187586724758148
-0.11600546538829803 0.2928931713104248 0.03288078308105469
-0.08398035168647766 0.30755624175071716 0.032169025391340256
-0.11551986634731293 0.30559995770454407 0.031201595440506935
0.30948206782341003 -0.10373404622077942 0.03746698051691055
0.09744192659854889 -0.17496533691883087 0.21863819658756256
0.13962121307849884 -0.16246774792671204 0.1294158697128296
0.007052571512758732 0.23756718635559082 0.08008573949337006
0.03318679332733154 -0.27886542677879333 0.04402687028050423
0.24645636975765228 0.02500709518790245 0.14702200889587402
0.18607179820537567 -0.15828248858451843 0.08596768975257874
0.05802711099386215 -0.29893431067466736 0.035055115818977356
0.2800315022468567 -0.12214991450309753 0.047174930572509766
0.23662561178207397 -0.14242622256278992 0.06414219737052917
0.26703616976737976 0.21195824444293976 0.03107595443725586
0.06039916351437569 -0.3285718262195587 0.030599307268857956
0.11600115895271301 -0.30701518058776855 0.031148238107562065
-0.03959701210260391 -0.21621271967887878 0.10841597616672516
0.21442674100399017 -0.14994539320468903 0.0730750635266304
-0.01727958954870701 0.26266929507255554 0.054938673973083496
0.24705611169338226 -0.14238230884075165 0.05761130526661873
-0.0706440657377243 -0.19282642006874084 0.15161901712417603
0.23811942338943481 0.012325980700552464 0.1640743911266327
0.24859218299388885 0.13796500861644745 0.059404198080301285
0.15635798871517181 -0.16348330676555634 0.1063985750079155
-0.011139968410134315 -0.24244852364063263 0.07403618097305298
0.007652483880519867 -0.26065880060195923 0.0567215234041214
0.0020541432313621044 0.2534070909023285 0.06311088055372238
0.04082586243748665 0.21602363884449005 0.10843686014413834
0.32503581047058105 -0.10870734602212906 0.032202012836933136
0.02285032346844673 0.2301192730665207 0.08877798914909363
0.2557908892631531 0.05024176090955734 0.11826314777135849
0.2618772089481354 -0.13589435815811157 0.05217563360929489
0.25070637464523315 0.16913172602653503 0.04286094382405281
-0.025801945477724075 -0.23795409500598907 0.07795193046331406
0.2479734867811203 0.0912783145904541 0.09524128586053848
0.20565178990364075 0.0034991090651601553 0.2161049246788025
0.05946991965174675 0.2005595564842224 0.1356813758611679
0.2479812204837799 0.0382893905043602 0.13795998692512512
0.20068371295928955 -0.15316380560398102 0.07989004999399185
-0.01931614987552166 0.27551859617233276 0.04645571857690811
0.015231681056320667 0.2500486373901367 0.06571134179830551
-0.012780293822288513 -0.2521152198314667 0.06387336552143097
0.2566330134868622 0.11873462796211243 0.06579213589429855
-0.03370387479662895 0.28948619961738586 0.03936992958188057
0.09367164224386215 0.18035125732421875 0.16970911622047424
0.08260280638933182 0.18272385001182556 0.21687765419483185
0.26188305020332336 0.18095757067203522 0.036150477826595306
0.025690725073218346 -0.2906586527824402 0.03926285728812218
0.26002782583236694 0.09744823724031448 0.07762212306261063
0.16117297112941742 -0.16687364876270294 0.09675095230340958
0.25862935185432434 0.14675840735435486 0.048645127564668655
0.2824612259864807 -0.13837145268917084 0.04068460687994957
0.07644593715667725 0.1906023919582367 0.1516357809305191
-0.05226700007915497 -0.22215057909488678 0.09306051582098007
0.1128300130367279 -0.1719588190317154 0.1542896032333374
0.05654140189290047 -0.31480520963668823 0.03211341053247452
0.08869469165802002 -0.1796281337738037 0.21816091239452362
0.09079036861658096 -0.18215437233448029 0.16715119779109955
-0.060402922332286835 0.3215380012989044 0.031230071559548378
-0.059451621025800705 -0.20600341260433197 0.12000968307256699
0.3307854235172272 -0.11605185270309448 0.030807480216026306
0.2643192708492279 -0.1440982222557068 0.04704686999320984
-0.04175232723355293 -0.22886206209659576 0.08651259541511536
-0.07180605828762054 -0.19642610847949982 0.13567236065864563
0.144564688205719 -0.1682695895433426 0.11160201579332352
0.2964767813682556 -0.13173124194145203 0.036972202360630035
0.04233894497156143 0.22397065162658691 0.09363633394241333
0.3130207061767578 -0.11647237837314606 0.03429856896400452
-0.055906929075717926 -0.21277382969856262 0.10766982287168503
0.21776191890239716 -0.16026626527309418 0.06322155147790909
0.2577953338623047 0.07660268247127533 0.09601905941963196
0.16577276587486267 -0.17170676589012146 0.08696094900369644
0.023607058450579643 0.2416345328092575 0.07362417876720428
0.008162271231412888 -0.27238693833351135 0.048687513917684555
0.10193376243114471 0.17265640199184418 0.2178395539522171
0.060768529772758484 0.205623596906662 0.12008269876241684
0.1196829229593277 -0.1762070208787918 0.12720879912376404
0.11707103252410889 -0.17279410362243652 0.1413445919752121
0.26568490266799927 0.19575342535972595 0.032830238342285156
-0.03532963618636131 0.29924410581588745 0.03611909970641136
0.26628273725509644 0.1687263399362564 0.037988971918821335
-0.10019853711128235 -0.17791146039962769 0.16165563464164734
-0.1144610121846199 0.3242751359939575 0.030124014243483543
0.26893681287765503 -0.14766040444374084 0.0434962697327137
-0.08780036866664886 -0.18580301105976105 0.15122635662555695
-0.020109742879867554 -0.26262617111206055 0.054877255111932755
0.003992189187556505 -0.28374165296554565 0.04267090931534767
0.2693943381309509 0.15471792221069336 0.04089568927884102
-0.03646450117230415 0.3117676079273224 0.03309173509478569
0.05445123463869095 -0.34908437728881836 0.02993958257138729
-0.0735323578119278 -0.2013917863368988 0.11997434496879578
0.015934795141220093 0.26288554072380066 0.05490961670875549
0.2017844319343567 -0.032314419746398926 0.2174782007932663
0.2371976375579834 -0.014891277998685837 0.16483666002750397
0.20410479605197906 -0.014878216199576855 0.21744318306446075
0.20487748086452484 -0.006221889518201351 0.2171797752380371
0.07758039981126785 0.19422174990177155 0.13567683100700378
-0.0379539355635643 -0.24481423199176788 0.0682569220662117
0.2689960300922394 0.08208313584327698 0.07910304516553879
0.020567752420902252 -0.3031782805919647 0.03545567765831947
0.0439874492585659 0.2325926423072815 0.08089737594127655
0.09638191759586334 -0.18155428767204285 0.15178605914115906
0.2635609209537506 0.06386624276638031 0.09817171096801758
0.26760944724082947 0.11365785449743271 0.06033392995595932
-0.05742528289556503 -0.23694780468940735 0.0721449926495552
0.23717521131038666 -0.15931348502635956 0.053394876420497894
0.1930856704711914 -0.17315372824668884 0.0673752874135971
0.18030191957950592 -0.17570969462394714 0.07278396934270859
0.27458271384239197 0.12397229671478271 0.04980778694152832
0.3001576364040375 -0.14488846063613892 0.03374997898936272
-0.019329510629177094 -0.2716091275215149 0.04886862635612488
-0.0837719663977623 0.34578973054885864 0.02996201068162918
0.2702629268169403 0.1396709829568863 0.045655135065317154
0.06308785080909729 0.2131144404411316 0.10303850471973419
0.08504284173250198 -0.3459225594997406 0.029966706410050392
0.09452220052480698 0.1824699193239212 0.15181587636470795
0.24314816296100616 -0.16971756517887115 0.04554608836770058
-0.03125455603003502 -0.2523690164089203 0.06198790296912193
0.01647363044321537 0.2721146047115326 0.048700686544179916
0.2750822603702545 0.0432109534740448 0.0950557291507721
0.27675095200538635 -0.1625402420759201 0.03659646958112717
0.0022259049583226442 0.2807948589324951 0.04419437423348427
-0.09073560684919357 -0.18959346413612366 0.13233773410320282
0.07926926016807556 0.19920998811721802 0.11997442692518234
0.2260265052318573 -0.028460217639803886 0.17833374440670013
0.00934949517250061 -0.3196015954017639 0.032172951847314835
0.044820185750722885 0.24017968773841858 0.07170838117599487
0.003752657677978277 -0.3371451795101166 0.030521435663104057
0.2749069929122925 0.09576036781072617 0.06449896842241287
0.0024130975361913443 0.2906118631362915 0.039802033454179764
0.2877650856971741 0.1619235873222351 0.03395698219537735
0.30497854948043823 -0.1558268517255783 0.03160078823566437
0.10876788944005966 0.17214730381965637 0.1690271496772766
0.07702552527189255 -0.18495406210422516 0.21846219897270203
0.12406256049871445 -0.18243494629859924 0.10926112532615662
-0.03596898913383484 0.33266153931617737 0.03064858168363571
-0.07619859278202057 -0.20873011648654938 0.1030021384358406
-0.010000189766287804 -0.2914859652519226 0.03936636447906494
-0.057404711842536926 0.34889698028564453 0.029910283163189888
0.21408598124980927 -0.17953404784202576 0.05282039940357208
0.1988726258277893 -0.046257033944129944 0.21704447269439697
0.26588937640190125 -0.16732323169708252 0.03841014951467514
0.27708810567855835 0.021068299189209938 0.10116250813007355
0.28034260869026184 0.13331350684165955 0.043087415397167206
0.09811726212501526 -0.18493527173995972 0.13590525090694427
0.2852337062358856 0.145006462931633 0.03786080330610275
0.2797432541847229 0.10894690454006195 0.05306239053606987
-0.11225829273462296 -0.17772240936756134 0.13582168519496918
0.12972000241279602 -0.18685755133628845 0.09697828441858292
0.06623401492834091 0.22274743020534515 0.08620761334896088
-0.0265007633715868 -0.27969834208488464 0.04401394724845886
0.0019857471343129873 0.3029262125492096 0.03569050133228302
0.07208441197872162 -0.3485357165336609 0.02966589294373989
0.04666743054986 -0.1948484480381012 0.21852993965148926
0.06301034986972809 -0.19323427975177765 0.16917870938777924
0.06465726345777512 -0.1895880401134491 0.21858713030815125
0.09603339433670044 0.18597950041294098 0.13583850860595703
0.282005250453949 0.07078194618225098 0.0711330696940422
0.047435212880373 0.24969910085201263 0.061954572796821594
0.27712783217430115 0.056922510266304016 0.08500483632087708
-0.052301742136478424 -0.25537145137786865 0.05639682337641716
-0.07444341480731964 -0.22024382650852203 0.08605214953422546
0.1892784982919693 -0.18758659064769745 0.05878860503435135
-0.09795497357845306 -0.19080910086631775 0.12059783190488815
0.3023451864719391 0.16343778371810913 0.03131648898124695
0.1361992210149765 -0.18930567800998688 0.08856435865163803
0.08231276273727417 0.20639672875404358 0.10301697254180908
0.29091063141822815 0.08177568763494492 0.05581875890493393
0.11010316759347916 0.1739949733018875 0.15208496153354645
0.149623304605484 -0.19589221477508545 0.0725598931312561
0.28163981437683105 0.03223276510834694 0.09054189175367355
-0.014777402393519878 -0.3039150536060333 0.035317547619342804
-0.06905987113714218 -0.24314738810062408 0.06289374828338623
0.2503938674926758 -0.17714202404022217 0.04030720144510269
-0.054015614092350006 -0.2707635164260864 0.04620906710624695
0.10047072917222977 -0.18935628235340118 0.12096385657787323
0.2260020673274994 -0.04486027732491493 0.1690904200077057
0.2744772732257843 -0.1799098700284958 0.033769477158784866
0.09818337857723236 0.1907932311296463 0.12018173933029175
0.11253605782985687 0.1657448559999466 0.21860843896865845
0.13010995090007782 0.158150315284729 0.16899117827415466
-0.03998710215091705 -0.2888256311416626 0.039236880838871
0.12601567804813385 0.15608824789524078 0.21776893734931946
0.042462605983018875 0.2776050567626953 0.044070061296224594
0.2882802486419678 0.0925486758351326 0.053569477051496506
0.011977214366197586 0.31868085265159607 0.03233771026134491
0.292905330657959 0.11805160343647003 0.04157501459121704
0.049191076308488846 0.2585633397102356 0.054605476558208466
-0.09848625212907791 -0.1991150677204132 0.10363884270191193
0.08219382911920547 -0.18982699513435364 0.14406363666057587
0.22156552970409393 -0.18740248680114746 0.0459737703204155
0.29464447498321533 0.10100428760051727 0.04569875821471214
0.30576291680336 0.009112807922065258 0.0591178759932518
0.24561189115047455 -0.19337184727191925 0.03706810623407364
0.0397709421813488 -0.3497219979763031 0.029838720336556435
0.06948316097259521 0.2340053766965866 0.0715169832110405
0.27374061942100525 -0.1944926679134369 0.031942375004291534
0.16324523091316223 -0.1915637105703354 0.06884831935167313
0.12536019086837769 0.1635885238647461 0.15590308606624603
0.30307164788246155 0.12267167121171951 0.036521654576063156
0.028879420831799507 0.2902770936489105 0.0392296239733696
-0.05183851346373558 -0.2998373508453369 0.03526366874575615
0.08654100447893143 0.21570971608161926 0.08605962991714478
-0.08389615267515182 -0.22927920520305634 0.07137512415647507
0.026821892708539963 -0.3500349819660187 0.029881028458476067
0.11254535615444183 0.17842167615890503 0.1320931613445282
0.1380183845758438 -0.1965021938085556 0.07890121638774872
0.06834299862384796 -0.19365546107292175 0.15161974728107452
0.050976358354091644 0.26763927936553955 0.048429761081933975
0.22318392992019653 -0.057581305503845215 0.16375397145748138
0.19569900631904602 -0.05568378046154976 0.21766109764575958
-0.03986574709415436 -0.3113757371902466 0.033121950924396515
0.23702935874462128 -0.03533444553613663 0.15687401592731476
-0.10858837515115738 -0.2026759684085846 0.09093518555164337
0.3043384552001953 -0.008290638215839863 0.061244938522577286
0.3096396327018738 0.12528055906295776 0.034117039293050766
0.10333073139190674 -0.1956370770931244 0.10555196553468704
0.29627785086631775 0.06459309160709381 0.057129669934511185
0.016125883907079697 0.3485800325870514 0.030033951625227928
0.22964201867580414 -0.20089860260486603 0.03865102678537369
0.2818136513233185 -0.19439905881881714 0.03111487813293934
0.2568691074848175 -0.026889950037002563 0.1299944818019867
0.012231207452714443 -0.3509354293346405 0.029769185930490494
0.15383169054985046 -0.20539316534996033 0.06246015802025795
0.10193761438131332 0.19762489199638367 0.10329104959964752
-0.0969739705324173 -0.21560810506343842 0.08097217977046967
0.21555255353450775 -0.20098960399627686 0.04231559485197067
0.08334612846374512 0.24044360220432281 0.061417073011398315
-0.07892236113548279 -0.25089219212532043 0.05439212545752525
-0.09232205897569656 -0.23664122819900513 0.06168077141046524
0.1925322413444519 -0.06607580184936523 0.21688959002494812
0.21207624673843384 -0.06466110795736313 0.17750754952430725
0.04291320964694023 0.2996540665626526 0.03567931801080704
0.2997850775718689 0.08528679609298706 0.047115508466959
-0.11399613320827484 -0.18939687311649323 0.10694430023431778
-0.13033366203308105 -0.1812523901462555 0.10504794865846634
0.3078032433986664 0.09522822499275208 0.03988656774163246
0.024428291246294975 -0.19893001019954681 0.21832801401615143
0.04364478588104248 -0.19892635941505432 0.16398034989833832
-0.06380985677242279 -0.28448379039764404 0.03907787799835205
0.1353374570608139 0.14800994098186493 0.21846012771129608
0.08512625843286514 -0.19488289952278137 0.12459615617990494
0.29712969064712524 0.05138126760721207 0.06136983633041382
0.16966788470745087 -0.21528606116771698 0.0498260073363781
-0.08040118217468262 -0.2626386284828186 0.046812690794467926
0.0429861955344677 0.3095664083957672 0.033372487872838974
0.055468492209911346 0.2874354422092438 0.03870205581188202
-0.11172336339950562 -0.219471275806427 0.06957230716943741
0.12836100161075592 0.16700786352157593 0.13715557754039764
0.09058378636837006 0.22672757506370544 0.07138512283563614
-0.0074773021042346954 -0.34968289732933044 0.03002873621881008
0.04020580276846886 0.33238157629966736 0.030652031302452087
-0.036275897175073624 0.34966251254081726 0.02990865707397461
0.32680580019950867 0.11829447746276855 0.031127318739891052
0.06949067115783691 -0.19726018607616425 0.13566987216472626
0.12372264266014099 0.17853714525699615 0.11717201769351959
0.08643535524606705 0.2490159422159195 0.05409393459558487
-0.0665285736322403 -0.3224029541015625 0.030965913087129593
0.18538840115070343 -0.21033261716365814 0.047240398824214935
-0.09705329686403275 0.17594200372695923 0.21733517944812775
-0.07768251746892929 0.18789984285831451 0.16878913342952728
-0.10079944133758545 0.17573264241218567 0.19126155972480774
-0.051154233515262604 0.1936592161655426 0.21854642033576965
-0.05758543312549591 0.19464550912380219 0.17078694701194763
-0.07169560343027115 0.18711991608142853 0.21839864552021027
-0.09040792286396027 0.18447592854499817 0.15185865759849548
-0.10292043536901474 0.17675405740737915 0.16129180788993835
-0.0916939452290535 0.18755798041820526 0.13739249110221863
-0.10646473616361618 0.17793598771095276 0.14556245505809784
0.10711026936769485 0.20646898448467255 0.08633851259946823
0.02423704043030739 -0.20218653976917267 0.16628745198249817
0.15933409333229065 -0.2108650505542755 0.056113291531801224
0.30494990944862366 0.026058804243803024 0.05801599845290184
-0.09487122297286987 0.19135677814483643 0.12253016233444214
-0.115582674741745 0.17838464677333832 0.1286557912826538
0.1440167874097824 0.13982470333576202 0.2184448391199112
0.14762410521507263 0.14408524334430695 0.17089098691940308
-0.0909985676407814 -0.26948580145835876 0.04187191650271416
-0.07272692024707794 0.19205722212791443 0.15160076320171356
-0.11342641711235046 -0.23800893127918243 0.05422673746943474
0.04834148287773132 -0.19982117414474487 0.15150295197963715
-0.1215415671467781 -0.22396941483020782 0.06164826080203056
0.14159463346004486 0.15316100418567657 0.1514979600906372
0.10055691003799438 -0.20448295772075653 0.09360356628894806
0.2051164209842682 -0.07737748324871063 0.17650650441646576
-0.12061788141727448 0.1802811473608017 0.11755314469337463
-0.11432889848947525 0.19072960317134857 0.10433409363031387
-0.13292700052261353 0.17892664670944214 0.10715308785438538
0.18673869967460632 -0.078697070479393 0.21777600049972534
-0.12546256184577942 -0.20227594673633575 0.08017584681510925
0.30308493971824646 0.037914078682661057 0.05772578716278076
0.24621066451072693 -0.047940030694007874 0.13432788848876953
0.1234501525759697 0.1860542744398117 0.1037420704960823
0.28430211544036865 -0.019063277170062065 0.09060825407505035
0.07827819138765335 0.2627182900905609 0.047117929905653
0.308008074760437 0.06831401586532593 0.04546264186501503
-0.0902230367064476 -0.283841997385025 0.036831676959991455
0.15983077883720398 0.12210839241743088 0.2182738482952118
0.1665126532316208 0.11910983175039291 0.20146310329437256
0.1507038176059723 0.13323944807052612 0.21680042147636414
0.2535252869129181 -0.21011576056480408 0.03252392262220383
0.3228503465652466 0.0868244394659996 0.03497918322682381
-0.11075876653194427 -0.25287336111068726 0.045981600880622864
0.07117120176553726 -0.20224197208881378 0.1199721023440361
-0.09833759069442749 0.19802550971508026 0.1055607795715332
-0.07395830005407333 0.19563360512256622 0.13565444946289062
-0.03035813197493553 0.19818131625652313 0.2179325371980667
-0.04453549534082413 0.19855910539627075 0.165968120098114
0.0781150534749031 -0.20745450258255005 0.10414180904626846
-0.08785726130008698 -0.2981436848640442 0.033576589077711105
0.32565921545028687 0.10078133642673492 0.03272819146513939
-0.17207857966423035 0.18139714002609253 0.07326021045446396
-0.15339085459709167 0.20234695076942444 0.06484120339155197
-0.183507040143013 0.1835443377494812 0.06469010561704636
-0.03191148862242699 -0.3505452871322632 0.029800157994031906
-0.15352383255958557 0.21542081236839294 0.05546821281313896
-0.19510988891124725 0.1849755495786667 0.057919345796108246
-0.13508307933807373 0.18954238295555115 0.08892393112182617
-0.13002482056617737 0.2014533281326294 0.07840842008590698
-0.1605629324913025 0.18346655368804932 0.07812271267175674
-0.14785981178283691 -0.18234947323799133 0.08844754844903946
0.30508530139923096 0.05277252197265625 0.05177485570311546
-0.13817276060581207 0.1821441799402237 0.09665378928184509
-0.11393527686595917 0.20248304307460785 0.087164007127285
-0.2289002239704132 0.18528594076633453 0.04448335990309715
-0.2092369794845581 0.20981256663799286 0.04077107831835747
-0.24457904696464539 0.1863071173429489 0.03927713632583618
0.15667091310024261 0.14013631641864777 0.15526606142520905
0.002170734805986285 -0.20049530267715454 0.2177688628435135
0.11120671033859253 -0.2098858654499054 0.07984144240617752
0.16900292038917542 -0.10975246131420135 0.21808001399040222
0.17575494945049286 -0.10732174664735794 0.2011096179485321
0.17826752364635468 -0.09508323669433594 0.2178836166858673
0.2616267204284668 -0.03951648250222206 0.11662915349006653
-0.04993957653641701 0.19941844046115875 0.1517953872680664
0.11415830999612808 -0.21806266903877258 0.07003209739923477
-0.21210777759552002 0.18471261858940125 0.0509025938808918
-0.19561807811260223 0.21130375564098358 0.043826207518577576
-0.1753665655851364 0.21044404804706573 0.05047813057899475
-0.029225707054138184 0.20138686895370483 0.16663332283496857
0.11175744235515594 0.21653568744659424 0.07238829880952835
0.08864787220954895 0.2754194438457489 0.039802633225917816
0.22261670231819153 -0.06971040368080139 0.15209336578845978
0.24116499722003937 -0.0612453855574131 0.13137774169445038
0.3198341727256775 0.06878405064344406 0.03854052349925041
-0.07575319707393646 0.2005743682384491 0.1199617013335228
0.19574320316314697 -0.09137212485074997 0.17624525725841522
0.18302088975906372 -0.08648448437452316 0.21762047708034515
0.14482730627059937 0.1559518575668335 0.13645419478416443
-0.13515354692935944 0.20886839926242828 0.06823910027742386
-0.051406379789114 -0.3496503531932831 0.02978006936609745
0.12361735850572586 0.19574934244155884 0.08931827545166016
-0.14316488802433014 -0.20141178369522095 0.07099907100200653
0.170223206281662 0.10786441713571548 0.21825605630874634
0.049995407462120056 -0.2041374146938324 0.13272929191589355
0.07912830263376236 0.307735800743103 0.03234880417585373
0.16195568442344666 0.13111768662929535 0.1717308610677719
-0.1174701377749443 -0.2709977924823761 0.03772280365228653
-0.14544682204723358 -0.18951193988323212 0.08155012130737305
0.08264711499214172 0.2924251854419708 0.03518117219209671
0.1450037807226181 0.16199927031993866 0.12259549647569656
-0.26708027720451355 0.18796950578689575 0.03387407585978508
-0.28390249609947205 0.1875447928905487 0.03156450763344765
0.19992350041866302 -0.2236224263906479 0.03837571293115616
0.3139052093029022 0.055076200515031815 0.044053297489881516
-0.13051283359527588 -0.24110592901706696 0.047469593584537506
-0.2186427265405655 0.21260686218738556 0.0377027727663517
-0.11578375101089478 -0.29904431104660034 0.03192643076181412
-0.11565572023391724 -0.28744789958000183 0.03379230201244354
0.11688191443681717 0.22424374520778656 0.06306387484073639
-0.12624789774417877 -0.26074081659317017 0.039851024746894836
-0.2574979364871979 0.1867295801639557 0.03603765368461609
0.11343594640493393 0.24983097612857819 0.04714939370751381
0.07946977764368057 0.34561243653297424 0.029958505183458328
0.04961114004254341 0.34972432255744934 0.029826659709215164
-0.23269760608673096 0.21436235308647156 0.0347328707575798
0.20792724192142487 -0.08649281412363052 0.15748105943202972
-0.06660571694374084 -0.3481338322162628 0.029864858835935593
-0.15566599369049072 -0.20249491930007935 0.0636976808309555
0.31459951400756836 0.0362759605050087 0.046378716826438904
-0.16041569411754608 -0.20972779393196106 0.05650920420885086
-0.017570627853274345 0.20276637375354767 0.16685433685779572
-0.09217854589223862 -0.3473944664001465 0.029809145256876945
-0.05020531639456749 0.20228540897369385 0.1390063315629959
0.15994656085968018 -0.12259390950202942 0.21654367446899414
0.28852784633636475 -0.032397981733083725 0.08033335953950882
-0.1710367649793625 -0.1848791390657425 0.07026179879903793
0.133937805891037 0.20324967801570892 0.07412226498126984
-0.15937823057174683 -0.22378098964691162 0.04848513379693031
-0.1592518836259842 -0.23875123262405396 0.04180818796157837
0.3417583703994751 0.08077387511730194 0.030740754678845406
0.05296090990304947 -0.20790952444076538 0.12001334875822067
-0.14316144585609436 -0.2584550678730011 0.03795751929283142
0.043799154460430145 -0.20389911532402039 0.1384267359972
0.14499856531620026 0.1716129630804062 0.10555523633956909
-0.07847897708415985 0.20789560675621033 0.10298590362071991
-0.11238796263933182 0.21695798635482788 0.07172049582004547
-0.3000486195087433 0.1889827996492386 0.030206210911273956
-0.1660616546869278 0.2274494767189026 0.044899288564920425
0.12196654081344604 0.264239102602005 0.03924592584371567
-0.09819841384887695 0.2106672078371048 0.08617468923330307
0.1445072591304779 0.1807066649198532 0.09307058900594711
-0.1726585179567337 -0.2419164478778839 0.03809301182627678
-0.19431298971176147 0.23229947686195374 0.036998849362134933
0.16140148043632507 0.1418018937110901 0.14013200998306274
0.33146029710769653 0.06278403848409653 0.03422265872359276
-0.15640829503536224 -0.26285141706466675 0.03500579670071602
0.12954697012901306 0.2289964109659195 0.05504753068089485
-0.18765667080879211 -0.18416622281074524 0.06207386031746864
0.030263734981417656 -0.20433293282985687 0.14690327644348145
0.1852511167526245 -0.10628582537174225 0.17254674434661865
0.21914955973625183 -0.08351083099842072 0.14184290170669556
0.17778325080871582 0.11580947041511536 0.16914355754852295
-0.18433481454849243 -0.20504671335220337 0.05020389333367348
0.31420981884002686 0.018033050000667572 0.04876122623682022
0.19989624619483948 -0.0955454483628273 0.15904155373573303
-0.060531020164489746 0.20556588470935822 0.12026603519916534
-0.19589214026927948 -0.21083158254623413 0.04391711950302124
0.28004610538482666 -0.04383198171854019 0.0878707692027092
-0.19516116380691528 -0.22583743929862976 0.03867802768945694
0.17222894728183746 0.12563329935073853 0.15733470022678375
-0.1981547325849533 -0.23495349287986755 0.035817746073007584
0.32792913913726807 0.030368328094482422 0.038397956639528275
-0.20468702912330627 -0.18278047442436218 0.05532044917345047
0.1785465031862259 0.09465564787387848 0.21790671348571777
0.18458177149295807 0.09254375845193863 0.2048829197883606
0.1488305628299713 0.1906818300485611 0.07794580608606339
-0.19459228217601776 -0.2500494122505188 0.03321337327361107
-0.16451314091682434 -0.2775481343269348 0.03171300143003464
0.0771554708480835 -0.21923652291297913 0.0860489085316658
-0.21563218533992767 -0.18355539441108704 0.05024437978863716
0.1659170389175415 0.14526765048503876 0.1252284198999405
0.14047326147556305 0.21248047053813934 0.06276403367519379
0.25547125935554504 -0.06586769968271255 0.10742011666297913
0.11717798560857773 0.27567872405052185 0.036456137895584106
-0.22032584249973297 -0.24723635613918304 0.031489916145801544
0.322001576423645 0.021256303414702415 0.042450495064258575
-0.01617998071014881 -0.19971217215061188 0.21810202300548553
-0.030521824955940247 0.20429469645023346 0.14690367877483368
0.3048539459705353 -0.02217950113117695 0.05876936390995979
0.06435838341712952 0.34866780042648315 0.02979867160320282
0.310800701379776 -0.00245039165019989 0.05311845242977142
0.3358634412288666 0.036721061915159225 0.03437918424606323
0.1155049279332161 0.2907578945159912 0.033064525574445724
0.11571566760540009 0.3100817799568176 0.030842730775475502
0.16782636940479279 0.15409253537654877 0.10816896706819534
-0.16378359496593475 -0.29983583092689514 0.03033447451889515
-0.21697284281253815 -0.20479172468185425 0.04049267992377281
0.3552193343639374 0.06336654722690582 0.02991841547191143
0.19131819903850555 -0.10722577571868896 0.15551398694515228
0.17667381465435028 0.12793882191181183 0.14228209853172302
0.18904997408390045 0.10339290648698807 0.16868558526039124
0.16034461557865143 -0.2673899531364441 0.033700983971357346
-0.23321883380413055 -0.18550316989421844 0.04294953495264053
-0.25174471735954285 -0.23738013207912445 0.030474450439214706
-0.23938235640525818 -0.20740562677383423 0.034994371235370636
-0.23247970640659332 -0.2276700735092163 0.03261629119515419
0.18867036700248718 0.11313161253929138 0.14926660060882568
0.11608266830444336 0.32419729232788086 0.030289962887763977
-0.2498161643743515 -0.18681997060775757 0.0377553291618824
0.11592487245798111 0.339613139629364 0.030125655233860016
0.10685978829860687 0.35041719675064087 0.029853755608201027
-0.2678513526916504 -0.1866949200630188 0.03400085121393204
0.11581655591726303 0.3564506769180298 0.02994554676115513
0.13334721326828003 0.25991976261138916 0.03908669203519821
-0.2803497016429901 -0.1892625391483307 0.03178607299923897
0.19290845096111298 0.06370992213487625 0.21775031089782715
-0.2944900691509247 -0.1881878525018692 0.030584540218114853
0.15525123476982117 -0.0834197849035263 0.2305000275373459
0.14137381315231323 -0.10490693897008896 0.2305000275373459
0.1632726639509201 -0.10074396431446075 0.23043647408485413
-0.07237765192985535 0.17782175540924072 0.23043501377105713
-0.10095421969890594 0.16386106610298157 0.23029452562332153
-0.0834198072552681 0.15525121986865997 0.2305000275373459
0.1794234663248062 -0.06771548837423325 0.2304280698299408
0.16823285818099976 -0.052531007677316666 0.2305000275373459
-0.05253100395202637 0.16823285818099976 0.2305000275373459
-0.12546034157276154 -0.12378008663654327 0.2305000275373459
-0.1436041295528412 -0.12780877947807312 0.2303137332201004
-0.11032906174659729 -0.15663279592990875 0.23047883808612823
-0.10609158128499985 -0.14048700034618378 0.2305000275373459
0.17448104918003082 -0.02402716502547264 0.2305000275373459
-0.14137381315231323 -0.10490693897008896 0.2305000275373459
-0.02402716502547264 0.17448104918003082 0.2305000275373459
0.19230927526950836 -0.009848223067820072 0.23031091690063477
-0.00816740095615387 0.19224952161312103 0.2303701639175415
-0.17711825668811798 -0.07449368387460709 0.23035649955272675
-0.08550536632537842 -0.15411242842674255 0.2305000275373459
-0.15525121986865997 -0.0834198072552681 0.2305000275373459
-0.06427116692066193 -0.18065926432609558 0.23045451939105988
0.17612451314926147 0.0010487736435607076 0.2305000275373459
-8.458723135932149e-17 0.17609958350658417 0.2305000275373459
0.18803927302360535 0.03901680186390877 0.23042415082454681
-0.18649822473526 -0.044846560806035995 0.23041154444217682
0.058838337659835815 0.18260450661182404 0.2304590940475464
-0.05479441583156586 -0.1675093173980713 0.2305000275373459
-0.04010172560811043 -0.18790054321289062 0.2304125726222992
-0.16823285818099976 -0.05253100395202637 0.2305000275373459
0.02402716502547264 0.17448104918003082 0.2305000275373459
0.17418251931667328 0.02610343135893345 0.2305000275373459
-0.1909317821264267 -0.01725778542459011 0.2304181158542633
0.052531007677316666 0.16823285818099976 0.2305000275373459
0.1675093173980713 0.054794419556856155 0.2305000275373459
-0.02610338106751442 -0.17418253421783447 0.2305000275373459
-0.17448104918003082 -0.02402716502547264 0.2305000275373459
0.03843378648161888 -0.1879914551973343 0.23046690225601196
0.17627258598804474 0.07636869698762894 0.23037390410900116
-0.0010487738763913512 -0.17612451314926147 0.2305000275373459
-0.17612451314926147 0.0010487738763913512 0.2305000275373459
-0.19213205575942993 0.0071557690389454365 0.23034226894378662
0.0834197849035263 0.15525123476982117 0.2305000275373459
0.02402716502547264 -0.17448104918003082 0.2305000275373459
-0.17418253421783447 0.02610338106751442 0.2305000275373459
0.15411242842674255 0.08550535142421722 0.2305000275373459
0.044848810881376266 -0.17023688554763794 0.2305000275373459
0.14734739065170288 0.12324205785989761 0.2304231971502304
-0.1675093173980713 0.05479441583156586 0.2305000275373459
-0.18305650353431702 0.05925023555755615 0.23039677739143372
0.13009947538375854 0.14038251340389252 0.23047097027301788
0.14048700034618378 0.10609158128499985 0.2305000275373459
0.06448531150817871 -0.16389809548854828 0.2305000275373459
0.07700928300619125 -0.17621354758739471 0.230362206697464
0.10490693897008896 0.14137381315231323 0.2305000275373459
0.12378009408712387 0.12546032667160034 0.2305000275373459
-0.15411242842674255 0.08550536632537842 0.2305000275373459
-0.1443260908126831 0.1263331174850464 0.23048125207424164
0.08807961642742157 -0.1525585949420929 0.2305000275373459
0.10797099769115448 -0.15899746119976044 0.2303624153137207
-0.14048700034618378 0.10609158128499985 0.2305000275373459
0.10609158128499985 -0.14048700034618378 0.2305000275373459
-0.12378008663654327 0.12546034157276154 0.2305000275373459
0.12546032667160034 -0.12378009408712387 0.2305000275373459
0.13854768872261047 -0.1335103064775467 0.23030240833759308
-0.10490693897008896 0.14137381315231323 0.2305000275373459
-0.15297119319438934 -0.17393457889556885 0.11085640639066696
-0.12032131850719452 -0.1715623140335083 0.1818457394838333
-0.25351423025131226 -0.17019125819206238 0.2143864929676056
-0.38645875453948975 -0.1770770251750946 0.02172808349132538
-0.3826146721839905 -0.17693078517913818 0.030324898660182953
-0.31425485014915466 -0.17634320259094238 0.04291151091456413
-0.26711103320121765 -0.17014965415000916 0.2163069099187851
-0.2839401066303253 -0.16989223659038544 0.22374404966831207
-0.12910209596157074 -0.17022641003131866 0.21402890980243683
-0.2616850435733795 -0.17623621225357056 0.04764246195554733
-0.37239646911621094 -0.17647144198417664 0.03952768072485924
-0.18018586933612823 -0.17499446868896484 0.08449169993400574
-0.22137893736362457 -0.17588281631469727 0.06046822667121887
-0.3565349578857422 -0.17643773555755615 0.04029534012079239
-0.28763970732688904 -0.16695615649223328 0.30600249767303467
-0.2888054847717285 0.16693158447742462 0.3063121736049652
-0.2874031066894531 0.16987712681293488 0.22292175889015198
-0.4545438587665558 0.16685737669467926 0.3069721460342407
-0.23539036512374878 0.17022308707237244 0.21445104479789734
-0.16010576486587524 0.17440758645534515 0.10175194591283798
-0.17160527408123016 0.17480431497097015 0.09148376435041428
-0.14871858060359955 0.173967644572258 0.11325882375240326
-0.28005385398864746 0.17643852531909943 0.04373762384057045
-0.3023833930492401 0.17642053961753845 0.04236457496881485
-0.12880103290081024 0.17022094130516052 0.2143791913986206
-0.1262693703174591 0.17278334498405457 0.14589428901672363
-0.2626514732837677 0.17632560431957245 0.04736874997615814
-0.21887797117233276 0.1757458597421646 0.06254580616950989
-0.37760740518569946 0.17655232548713684 0.038520343601703644
-0.20291641354560852 0.17552466690540314 0.07045276463031769
-0.4797019958496094 0.17663928866386414 0.01940636709332466
-0.1888498216867447 0.17521193623542786 0.07914528995752335
-0.3882130980491638 0.17697951197624207 0.021381869912147522
-0.34048235416412354 -0.15963907539844513 0.30999985337257385
-0.34523266553878784 -0.1560225784778595 0.3100005090236664
-0.3404695689678192 0.15968872606754303 0.30999964475631714
-0.34660664200782776 0.15425726771354675 0.3100007176399231
-0.2744569182395935 -0.15988211333751678 0.30993393063545227
-0.29061686992645264 -0.16394248604774475 0.3097822070121765
-0.2724239230155945 -0.16092760860919952 0.3095022737979889
-0.37663576006889343 -0.04436956346035004 0.3100000023841858
-0.36919042468070984 -0.08622559159994125 0.3100000023841858
-0.379122793674469 -0.00152672384865582 0.3100000023841858
-0.3770245611667633 0.040934402495622635 0.3100000023841858
-0.3673305809497833 0.09488459676504135 0.3100000023841858
-0.2680092751979828 0.1598590612411499 0.31000396609306335
-0.2882257103919983 0.16346725821495056 0.30984213948249817
-0.35719048976898193 -0.12742879986763 0.3100000023841858
-0.2634107172489166 0.16347955167293549 0.2918669581413269
-0.2462424784898758 0.10457852482795715 0.29183563590049744
-0.2809816002845764 0.13156378269195557 0.29185324907302856
-0.2224130481481552 0.1500294804573059 0.29196107387542725
-0.23773998022079468 0.15918007493019104 0.2919996976852417
-0.3083428144454956 0.034838590770959854 0.2919193506240845
-0.2607671022415161 0.06374704092741013 0.2919391095638275
-0.26541638374328613 0.02956703118979931 0.2917744517326355
-0.22909316420555115 0.15572130680084229 0.2919996976852417
-0.30817723274230957 0.03481708839535713 0.23215726017951965
-0.28867143392562866 0.11032950133085251 0.23204496502876282
-0.2632826566696167 0.16556596755981445 0.23226298391819
-0.23395273089408875 0.16068309545516968 0.23199984431266785
-0.23363834619522095 -0.14018592238426208 0.3071603775024414
-0.26994848251342773 -0.16220197081565857 0.3065621256828308
-0.2424684762954712 -0.05281098932027817 0.30708616971969604
-0.23739555478096008 -0.07223763316869736 0.3070446252822876
-0.23106662929058075 -0.09011229872703552 0.3065892457962036
-0.22320456802845 -0.10830871760845184 0.30580276250839233
-0.22967053949832916 0.09363582730293274 0.3065963387489319
-0.21725712716579437 0.11980941146612167 0.3058793842792511
-0.2364172637462616 0.07494593411684036 0.3064967393875122
-0.24045777320861816 0.06129903346300125 0.30711790919303894
-0.24384109675884247 0.04543662816286087 0.3065396249294281
-0.2465413212776184 0.026313455775380135 0.30614998936653137
-0.2479136437177658 0.0066280970349907875 0.30647924542427063
-0.24763242900371552 -0.013108247891068459 0.3063730001449585
-0.24595463275909424 -0.03309127688407898 0.30716410279273987
-0.23075315356254578 -0.1441902071237564 0.22248652577400208
-0.2668246030807495 -0.16548967361450195 0.22363246977329254
-0.2705807387828827 0.16654658317565918 0.23506712913513184
-0.23625586926937103 0.1615452766418457 0.22349458932876587
-0.276647686958313 0.16741697490215302 0.24064038693904877
-0.2714451849460602 0.16487237811088562 0.289095401763916
-0.27804017066955566 0.166120707988739 0.2830211818218231
-0.23860785365104675 0.15884414315223694 0.3058924376964569
-0.16055680811405182 0.2939932942390442 0.033615678548812866
-0.1605614721775055 0.2765723764896393 0.03455037251114845
-0.15980778634548187 0.2761231064796448 0.04199877753853798
-0.15970996022224426 0.3711259663105011 0.04199928045272827
-0.16046825051307678 0.3686758577823639 0.03371178358793259
-0.16063368320465088 0.32144489884376526 0.0331338532269001
-0.1196005567908287 0.3020724356174469 0.03512728959321976
-0.12009702622890472 0.2789565324783325 0.042006537318229675
-0.11958019435405731 0.28021010756492615 0.038309868425130844
-0.12016087025403976 0.3714044988155365 0.041999395936727524
-0.1193954199552536 0.3401947319507599 0.033239126205444336
-0.1196148470044136 0.3624664843082428 0.0335150882601738
-0.15294402837753296 0.266336053609848 0.04192639887332916
-0.1572723090648651 0.2702384293079376 0.0420011542737484
-0.12240710109472275 0.2731601297855377 0.041883960366249084
-0.12701719999313354 0.2678137719631195 0.04191844165325165
-0.13643735647201538 0.26394888758659363 0.041994743049144745
-0.124714195728302 0.37604984641075134 0.04199974983930588
-0.1544371098279953 0.3761947453022003 0.042000386863946915
-0.16059865057468414 -0.31229352951049805 0.033249497413635254
-0.1604345291852951 -0.3697766363620758 0.033389996737241745
-0.15982523560523987 -0.37050047516822815 0.041998885571956635
-0.15985187888145447 -0.2761414051055908 0.04199955612421036
-0.16038356721401215 -0.27655571699142456 0.03520720824599266
-0.1193755492568016 -0.3580293655395508 0.03285655006766319
-0.1201116219162941 -0.37062257528305054 0.042000021785497665
-0.11902184039354324 -0.3676007390022278 0.028932249173521996
-0.12018443644046783 -0.27874040603637695 0.04200298711657524
-0.11971333622932434 -0.29490700364112854 0.03636724874377251
-0.1203514039516449 -0.27754077315330505 0.040534354746341705
-0.11943035572767258 -0.32665905356407166 0.03357118368148804
-0.12341538071632385 -0.2717522382736206 0.04200000315904617
-0.15205125510692596 -0.2656780481338501 0.04200194403529167
-0.12009289860725403 -0.3732423782348633 0.027315204963088036
-0.124161496758461 -0.37590405344963074 0.04200003668665886
-0.1570935845375061 -0.27010825276374817 0.042000662535429
-0.1311475932598114 -0.26514241099357605 0.04199114069342613
-0.15554150938987732 -0.37581196427345276 0.04200167581439018
-0.14488348364830017 -0.26415908336639404 0.04196738451719284
0.16049759089946747 0.32297325134277344 0.03358852118253708
0.16045521199703217 0.36938124895095825 0.03344492241740227
0.15972350537776947 0.37122440338134766 0.04199974611401558
0.15985722839832306 0.2751864790916443 0.04200080409646034
0.16039212048053741 0.2785698473453522 0.035380955785512924
0.16064180433750153 0.29865241050720215 0.03320199251174927
0.11949978768825531 0.3596634864807129 0.033262528479099274
0.12006518989801407 0.36968114972114563 0.04200011119246483
0.11914157122373581 0.36884605884552 0.02876352146267891
0.1200837567448616 0.27908164262771606 0.04200590401887894
0.11949693411588669 0.2965954542160034 0.03540235012769699
0.11944372951984406 0.30986812710762024 0.03407212346792221
0.11945010721683502 0.334827184677124 0.03336784988641739
0.14149793982505798 0.26404815912246704 0.04200000315904617
0.15291818976402283 0.2660573720932007 0.042017288506031036
0.12237485498189926 0.27318692207336426 0.04189664497971535
0.12109722942113876 0.37287405133247375 0.041999828070402145
0.1253439486026764 0.376147598028183 0.041999928653240204
0.13160784542560577 0.26502618193626404 0.04200182482600212
0.15461546182632446 0.3760763108730316 0.042001668363809586
0.15983355045318604 -0.3703463077545166 0.041999977082014084
0.16049931943416595 -0.3696764409542084 0.03311683237552643
0.1602967083454132 -0.27553728222846985 0.035612378269433975
0.15984214842319489 -0.27616631984710693 0.04200032725930214
0.11942120641469955 -0.3186055123806 0.033285953104496
0.12012273818254471 -0.2788873016834259 0.04200546815991402
0.1198880597949028 -0.28057861328125 0.03915727511048317
0.12010220438241959 -0.3705509603023529 0.04200003668665886
0.11935977637767792 -0.3421027958393097 0.033175066113471985
0.11918866634368896 -0.3587528467178345 0.03229586035013199
0.11973733454942703 -0.37192845344543457 0.028726575896143913
0.1229454055428505 -0.37494027614593506 0.04199962690472603
0.15483537316322327 -0.26730403304100037 0.04201788827776909
0.12341538071632385 -0.2717522382736206 0.04200000315904617
0.1295539140701294 -0.265895813703537 0.04199136048555374
0.1265290379524231 -0.37627139687538147 0.04199998080730438
0.14202310144901276 -0.2641347646713257 0.041982606053352356
0.15189972519874573 -0.3762974143028259 0.041992928832769394
0.15640553832054138 -0.3751741349697113 0.04200108349323273
0.15766459703445435 -0.37486621737480164 0.03358566015958786
-0.13354526460170746 -0.27903756499290466 0.010000001639127731
-0.015421777032315731 -0.34988996386528015 0.010036866180598736
-0.13205675780773163 -0.2827518880367279 0.010000000707805157
0.13704223930835724 0.3464166522026062 0.010000000707805157
0.14543497562408447 0.3479258418083191 0.009999996051192284
0.1406397670507431 0.29227155447006226 0.010000001639127731
-0.14809612929821014 0.28360244631767273 0.010000002570450306
-0.14660152792930603 0.2888435423374176 0.01000000536441803
0.14499351382255554 -0.3605959415435791 0.009999996982514858
0.18019430339336395 -0.34405717253685 0.009895041584968567
0.203680157661438 -0.36959198117256165 0.00999701488763094
-0.14661893248558044 0.2793232202529907 0.009999996982514858
-0.14259710907936096 0.27626490592956543 0.009999997913837433
-0.1457073986530304 -0.3481229245662689 0.01000000536441803
-0.14294442534446716 -0.2916417121887207 0.009999997913837433
-0.13623790442943573 -0.2913585305213928 0.010000001639127731
0.1476995050907135 -0.3563162684440613 0.009999999776482582
-0.14062868058681488 -0.34592127799987793 0.010000000707805157
0.1336258500814438 -0.27896416187286377 0.010000000707805157
0.14103573560714722 -0.2759118974208832 0.010000000707805157
0.14605258405208588 -0.2785387337207794 0.009999996982514858
0.13431762158870697 0.28986281156539917 0.010000000707805157
0.14793990552425385 -0.35206520557403564 0.010000008158385754
-0.14751790463924408 -0.2873421013355255 0.010000014677643776
0.1336967498064041 -0.28916797041893005 0.009999996051192284
0.10829368233680725 -0.35006412863731384 0.010006168857216835
0.09230927377939224 -0.34596481919288635 0.01006433553993702
0.1368449628353119 -0.2765941023826599 0.010000000707805157
0.1476580798625946 0.3571273386478424 0.010000012814998627
0.20505940914154053 0.3689322769641876 0.009898509830236435
0.16754470765590668 0.33219414949417114 0.009945692494511604
0.1318449229001999 -0.28378742933273315 0.009999996982514858
-0.13687412440776825 -0.2765842080116272 0.010000000707805157
-0.1367422491312027 0.2764635980129242 0.009999999776482582
0.14556843042373657 -0.34817230701446533 0.009999999776482582
0.1242045983672142 -0.37051764130592346 0.010139932855963707
0.1387973427772522 -0.36206716299057007 0.00999999325722456
0.14364707469940186 0.361221581697464 0.009999996982514858
0.13474389910697937 -0.36011412739753723 0.009999999776482582
-0.1477813422679901 -0.28174975514411926 0.010000006295740604
0.3203301429748535 0.16276133060455322 0.009860018268227577
0.34987276792526245 0.12831169366836548 0.010157722979784012
0.3561631441116333 0.02838653326034546 0.01004000660032034
0.3548380732536316 -0.06810981780290604 0.010082907043397427
-0.16124434769153595 0.29833483695983887 0.009875208139419556
-0.14118967950344086 0.2921038269996643 0.009999989531934261
-0.13607046008110046 0.2910901606082916 0.010000004433095455
0.1177179217338562 0.35878705978393555 0.010079119354486465
0.13184614479541779 0.35505688190460205 0.010000007227063179
0.13323841989040375 0.3494904339313507 0.009999998845160007
-0.33494746685028076 0.17203408479690552 0.009823058731853962
-0.31856176257133484 -0.1621551215648651 0.009859935380518436
0.12428421527147293 0.36974579095840454 0.010052105411887169
0.11657027155160904 -0.35800251364707947 0.010034963488578796
-0.1388988494873047 0.34584173560142517 0.009999996982514858
-0.13399145007133484 0.3485698997974396 0.009999995119869709
-0.10954013466835022 0.3513288199901581 0.010036981664597988
0.13200843334197998 -0.3558981120586395 0.010000001639127731
0.09698596596717834 0.34621769189834595 0.010079815052449703
-0.13173598051071167 0.3537464439868927 0.010000002570450306
0.13475842773914337 0.3602352440357208 0.009999997913837433
0.13937392830848694 0.36207908391952515 0.010000001639127731
-0.124549500644207 0.3698931336402893 0.010038401931524277
0.13291597366333008 -0.3499554395675659 0.010000000707805157
-0.14378412067890167 0.34689244627952576 0.009999998845160007
-0.14053335785865784 -0.27592045068740845 0.010000002570450306
-0.1337307244539261 0.35914796590805054 0.01000000350177288
0.14141206443309784 -0.3459341526031494 0.009999998845160007
0.13640668988227844 -0.34676024317741394 0.009999998845160007
0.3484572172164917 -0.15679962933063507 0.010159220546483994
0.35230571031570435 -0.18828310072422028 0.009844774380326271
0.3485088050365448 -0.13493531942367554 0.010135152377188206
-0.13377821445465088 -0.35913681983947754 0.010000001639127731
-0.11772339791059494 -0.35972028970718384 0.01013796217739582
-0.1240977793931961 -0.36994871497154236 0.010088612325489521
0.1317538619041443 0.2836041748523712 0.009999987669289112
-0.13811764121055603 -0.36201074719429016 0.009999995119869709
-0.13184335827827454 -0.3546364903450012 0.009999997913837433
-0.13844388723373413 0.3620506227016449 0.009999994188547134
0.001063875388354063 0.3499657213687897 0.010054289363324642
0.134764164686203 0.2776736915111542 0.010000001639127731
-0.1327526718378067 0.28034043312072754 0.010000000707805157
-0.10826624184846878 -0.34835025668144226 0.009990445338189602
-0.14387814700603485 0.36112284660339355 0.009999999776482582
-0.1434527486562729 -0.36130398511886597 0.009999997913837433
0.14827893674373627 0.28396135568618774 0.009999994188547134
0.14567196369171143 0.27813097834587097 0.0099997129291296
0.1441294103860855 -0.29092973470687866 0.010000000707805157
0.14685867726802826 -0.2882726490497589 0.010000004433095455
-0.13328467309474945 -0.34944862127304077 0.010000001639127731
0.14049170911312103 0.27585527300834656 0.009999999776482582
-0.17343391478061676 0.33744433522224426 0.009916347451508045
-0.1467502862215042 0.34949108958244324 0.010000002570450306
-0.1481359302997589 0.3541651964187622 0.010000013746321201
-0.33878612518310547 -0.17377060651779175 0.00989998783916235
-0.3694775700569153 -0.2039441615343094 0.009983301162719727
-0.1468346118927002 0.35826393961906433 0.010000001639127731
-0.2041807621717453 0.36853325366973877 0.009915008209645748
-0.3692738711833954 0.20499414205551147 0.009954679757356644
-0.09279521554708481 0.3459099233150482 0.010052903555333614
-0.13648703694343567 -0.34673231840133667 0.010000001639127731
-0.13194586336612701 0.28483593463897705 0.009999994188547134
0.14815013110637665 -0.2835589647293091 0.009999999776482582
0.13900943100452423 -0.2922058403491974 0.010000001639127731
0.14607134461402893 0.28937214612960815 0.009999998845160007
-0.20430684089660645 -0.36879298090934753 0.009922711178660393
-0.14665865898132324 -0.3585989773273468 0.010000006295740604
-0.16750752925872803 -0.33216381072998047 0.009947854094207287
-0.14817968010902405 -0.3536517024040222 0.010000002570450306
-0.13229183852672577 -0.28659582138061523 0.01000000350177288
-0.13331177830696106 0.28847557306289673 0.009999999776482582
-0.09504295140504837 -0.34621548652648926 0.010075033642351627
0.14773425459861755 0.351709246635437 0.010000000707805157
0.35090509057044983 0.18326027691364288 0.009969722479581833
0.34820494055747986 0.14268474280834198 0.010175780393183231
0.14128370583057404 0.34604761004447937 0.009999998845160007
-0.3766772150993347 -0.20880775153636932 0.022354349493980408
-0.37726467847824097 -0.18419654667377472 0.021271442994475365
-0.37640246748924255 -0.20493049919605255 0.015292824245989323
-0.37697091698646545 0.20099644362926483 0.022986166179180145
-0.37633875012397766 0.20795343816280365 0.01628538779914379
-0.3772348463535309 0.18612021207809448 0.022514918819069862
0.36139822006225586 0.24224179983139038 0.023830875754356384
0.373373806476593 0.22310441732406616 0.022091960534453392
0.35991403460502625 0.24249692261219025 9.263281754101627e-06
0.3419169485569 0.2675541639328003 1.1352093679306563e-05
0.28307265043258667 0.33060115575790405 0.023173972964286804
0.2937869131565094 0.32052189111709595 0.01709148660302162
0.283517986536026 0.328821063041687 0.006384242791682482
0.30170705914497375 0.31346815824508667 0.023989157751202583
0.3065844178199768 0.3086380064487457 0.01854122243821621
0.3462144732475281 0.2636159658432007 0.02318606711924076
0.3410502076148987 0.26878389716148376 0.005362888798117638
0.3259838819503784 0.28824448585510254 0.02386806719005108
0.33340516686439514 0.27974405884742737 0.022069530561566353
0.328216016292572 0.28545689582824707 0.018352577462792397
0.27903077006340027 0.33245226740837097 -1.6969865157534514e-07
0.26754945516586304 0.343011736869812 0.024248797446489334
0.2577968239784241 0.3491290509700775 7.179501153586898e-07
0.2484257072210312 0.35731595754623413 0.02280648797750473
0.23980794847011566 0.3614850342273712 -5.229790644989407e-07
0.23036359250545502 0.36834049224853516 0.011118169873952866
0.3344792127609253 0.27738049626350403 0.013879764825105667
0.22790127992630005 0.37060147523880005 0.023163989186286926
0.0590025931596756 0.35436227917671204 0.015331359580159187
0.08920852094888687 0.35282573103904724 0.02326294593513012
0.09292449802160263 0.35239604115486145 0.016098205000162125
0.048335447907447815 0.355438232421875 0.023107007145881653
0.018684223294258118 0.3558696508407593 0.015839524567127228
0.009517403319478035 0.35647451877593994 0.021959494799375534
-0.028911300003528595 0.3557470440864563 0.016029484570026398
-0.04641032963991165 0.355424702167511 0.023639695718884468
-0.06562189757823944 0.3544420003890991 0.02294500544667244
-0.0618332102894783 0.35412850975990295 0.015238919295370579
-0.09142301976680756 0.3527269661426544 0.023453762754797935
-0.09090781211853027 0.3522570729255676 0.015527723357081413
-0.04879865422844887 -0.3550582230091095 0.01609741523861885
-0.08957827836275101 -0.35275134444236755 0.023716172203421593
-0.09020096063613892 -0.3523001968860626 0.015419294126331806
-0.055320288985967636 -0.35507649183273315 0.022248197346925735
-0.01982669159770012 -0.35626301169395447 0.023198449984192848
-0.010936164297163486 -0.3558858633041382 0.015633773058652878
0.028418242931365967 -0.355773001909256 0.016070015728473663
0.005885969381779432 -0.35640019178390503 0.022511672228574753
0.04001419618725777 -0.3557316064834595 0.02223082073032856
0.0665515586733818 -0.35439708828926086 0.022447619587183
0.06185190752148628 -0.35413074493408203 0.015245967544615269
0.08887448161840439 -0.3527170419692993 0.023999959230422974
0.09044579416513443 -0.35243839025497437 0.01661350391805172
0.3585711121559143 -0.09792158752679825 0.015265574678778648
0.35572946071624756 -0.13172268867492676 0.02312878705561161
0.3548249304294586 -0.13392646610736847 0.015647467225790024
0.3602328598499298 -0.08561071753501892 0.022223861888051033
0.3612622916698456 -0.06164532154798508 0.015597151592373848
0.3628334105014801 -0.03370232507586479 0.023979339748620987
0.36282244324684143 -0.02065311186015606 0.015780815854668617
0.3633917570114136 -0.010941683314740658 0.02241765521466732
0.36335331201553345 0.018105458468198776 0.022617952898144722
0.36282414197921753 0.021766463294625282 0.01591523550450802
0.36209097504615784 0.055334772914648056 0.02248241938650608
0.361875981092453 0.04937691241502762 0.015804307535290718
0.35996559262275696 0.08030464500188828 0.01516976673156023
0.35912027955055237 0.09794986248016357 0.02317865751683712
0.35584837198257446 0.12723177671432495 0.016465134918689728
0.3556589186191559 0.13272641599178314 0.022076738998293877
-0.29022639989852905 0.187856987118721 -5.249493617576206e-10
-0.26290449500083923 0.22434605658054352 1.0941261052721529e-07
-0.23231352865695953 0.2559250593185425 2.620408956488518e-08
-0.18589656054973602 0.29191991686820984 -2.2386630007531494e-06
-0.1801706701517105 0.3345576226711273 0.006701325532048941
-0.18898707628250122 0.33423036336898804 -2.2887232375978783e-07
-0.216878741979599 0.36209559440612793 8.777893754086108e-07
-0.21108882129192352 0.3648909032344818 0.006342236418277025
-0.3657459020614624 0.20936022698879242 0.008074264973402023
-0.3353608548641205 0.18998920917510986 4.861027491642744e-07
-0.33456313610076904 0.17846687138080597 0.007764386013150215
-0.36160725355148315 0.21646170318126678 9.863734931059298e-07
-0.36819925904273987 0.23181352019309998 0.02372072823345661
-0.3574155867099762 0.2483104020357132 0.022197863087058067
-0.3684169352054596 0.23059645295143127 0.01248040609061718
-0.2480458915233612 0.3575518727302551 0.02318275347352028
-0.22866761684417725 0.36969196796417236 0.014049455523490906
-0.2407526671886444 0.3609122037887573 -3.595371936171432e-06
-0.22903947532176971 0.36991360783576965 0.02300780639052391
-0.25973281264305115 0.34771010279655457 8.911154623092443e-07
-0.2687940299510956 0.3421827554702759 0.023466574028134346
-0.2887067496776581 0.3242815136909485 2.379352821435532e-07
-0.2889544665813446 0.3254045248031616 0.022816773504018784
-0.30726316571235657 0.30817529559135437 0.02300793118774891
-0.3153049945831299 0.2982383668422699 7.963529924381874e-07
-0.3263423442840576 0.2876512408256531 0.024189649149775505
-0.3400983214378357 0.26991701126098633 9.511335292700096e-07
-0.3425082266330719 0.26835596561431885 0.023578546941280365
-0.3605499267578125 0.24139884114265442 1.7991531422012486e-05
-0.12459788471460342 0.3765653669834137 0.01618739776313305
-0.20699530839920044 0.3766304552555084 0.016702961176633835
-0.20660822093486786 0.3768727779388428 0.022446924820542336
-0.12267780303955078 0.3767111003398895 0.022792240604758263
-0.1885768175125122 -0.2896992564201355 1.0074979854834964e-06
-0.21512331068515778 -0.27056410908699036 3.610652044017115e-08
-0.2567596435546875 -0.2318182736635208 1.3337950122149778e-07
-0.29026398062705994 -0.1878720074892044 -4.744873365325475e-07
-0.33462604880332947 -0.18928828835487366 -5.861803487050565e-09
-0.3623003363609314 -0.21736277639865875 4.424466339969513e-07
-0.3651193082332611 -0.2108306586742401 0.006709626875817776
-0.3320050835609436 -0.1762159913778305 0.0077802096493542194
-0.1840875744819641 -0.34014424681663513 0.0076305801048874855
-0.2098315805196762 -0.36500775814056396 0.007202081847935915
-0.21837608516216278 -0.36301591992378235 4.0078887764138926e-07
-0.18750488758087158 -0.3325589895248413 -9.41530586828776e-08
-0.2275269776582718 -0.3708152174949646 0.0228461641818285
-0.2474469393491745 -0.357884019613266 0.023797661066055298
-0.2276703417301178 -0.370157927274704 0.013448302634060383
-0.3566708564758301 -0.2490682750940323 0.024254612624645233
-0.3694303631782532 -0.22987399995326996 0.023232653737068176
-0.36810699105262756 -0.23091983795166016 0.011775651015341282
-0.3609185516834259 -0.2406863570213318 -2.2377400910045253e-06
-0.34771010279655457 -0.25973281264305115 9.434712637812481e-07
-0.3421827554702759 -0.2687940299510956 0.023466574028134346
-0.32428157329559326 -0.2887066900730133 2.3161881301803078e-07
-0.32074201107025146 -0.2942281663417816 0.023038523271679878
-0.2982383668422699 -0.3153049945831299 8.38217545151565e-07
-0.296816349029541 -0.31822705268859863 0.0230183657258749
-0.2699170410633087 -0.3400982916355133 8.983799375528179e-07
-0.2734837830066681 -0.3385981023311615 0.02295796573162079
-0.24041995406150818 -0.36119189858436584 -2.4543696781620383e-06
-0.20508433878421783 -0.3766598105430603 0.016484612599015236
-0.12543493509292603 -0.3765908181667328 0.01605111174285412
-0.20407897233963013 -0.3769817650318146 0.022523202002048492
-0.12446385622024536 -0.3768375515937805 0.023655084893107414
0.289531409740448 -0.18875433504581451 -6.664553779955895e-07
0.2629042863845825 -0.22434628009796143 1.0942137151914721e-07
0.23231348395347595 -0.25592508912086487 2.6211328219005736e-08
0.18766368925571442 -0.29060879349708557 -2.3406578293361235e-06
0.18640725314617157 -0.3312784433364868 -5.465528829518007e-07
0.21814391016960144 -0.36284339427948 4.033392542623915e-06
0.20966020226478577 -0.36443424224853516 0.0069464645348489285
0.17765530943870544 -0.33239859342575073 0.007009584456682205
0.3335236608982086 -0.1882350593805313 7.169315807686871e-08
0.35372573137283325 -0.19676759839057922 0.008310087956488132
0.35996219515800476 -0.21430018544197083 4.547193384496495e-06
0.33566877245903015 -0.17976146936416626 0.007571218069642782
0.24679270386695862 -0.3582848906517029 0.024084333330392838
0.22972218692302704 -0.3689892590045929 0.013180163688957691
0.24009709060192108 -0.3612602949142456 -4.398789315018803e-06
0.22675949335098267 -0.37122029066085815 0.023399583995342255
0.26976966857910156 -0.34021326899528503 8.839606948640721e-07
0.2678922414779663 -0.3429160714149475 0.023205865174531937
0.2869076132774353 -0.32709839940071106 0.0240203645080328
0.30724307894706726 -0.3067938983440399 7.966045245666464e-07
0.3061772584915161 -0.3091748058795929 0.023328132927417755
0.32122889161109924 -0.29351216554641724 0.023628294467926025
0.3406074643135071 -0.26927193999290466 8.913158353607287e-07
0.3420414328575134 -0.26914337277412415 0.023249462246894836
0.35994505882263184 -0.24423272907733917 0.024429403245449066
0.3609253466129303 -0.24080504477024078 2.392530177530716e-06
0.3739326298236847 -0.22230033576488495 0.02298315055668354
0.20725318789482117 -0.3766247034072876 0.016631539911031723
0.20402947068214417 -0.376914918422699 0.023262767121195793
0.12457837909460068 -0.3768523335456848 0.01750793308019638
0.1885649561882019 0.28962191939353943 1.8997974393641925e-07
0.21512359380722046 0.27056387066841125 4.5818950411558035e-08
0.256759375333786 0.23181822896003723 2.933686573669547e-07
0.29080280661582947 0.1870678961277008 1.939190354960374e-07
0.3368672728538513 0.1913186013698578 8.561774222926033e-08
0.34820178151130676 0.19472885131835938 0.005986445117741823
0.33353710174560547 0.17899660766124725 0.0068837362341582775
0.3661365807056427 0.2077038735151291 0.009922469966113567
0.36163610219955444 0.21642595529556274 8.756732086112606e-07
0.2167259156703949 0.3618919551372528 2.4477531042066403e-06
0.18221740424633026 0.3381752669811249 0.007568663917481899
0.20919115841388702 0.3655090034008026 0.00785901490598917
0.18515363335609436 0.3296983242034912 -1.0472660960658686e-06
0.124776691198349 0.3769214451313019 0.023205852136015892
0.2039474993944168 0.3769647479057312 0.022891465574502945
0.1251172423362732 0.37659215927124023 0.016244767233729362
0.20560641586780548 0.37663424015045166 0.016436418518424034
0.26671651005744934 0.25874626636505127 0.009909606538712978
0.3151896297931671 0.2754771411418915 0.009667729958891869
0.2886955142021179 0.253396213054657 0.009905149228870869
0.26470375061035156 0.27895647287368774 0.009751391597092152
0.3223024904727936 0.2804619371891022 0.010117629542946815
0.2874661982059479 0.30343660712242126 0.009843805804848671
0.29225099086761475 0.31217774748802185 0.010172256268560886
0.2929280400276184 0.2517525255680084 0.006369978655129671
0.31414392590522766 0.270145446062088 -1.4978189710745937e-06
0.2927941083908081 0.25100916624069214 -5.269693019727129e-07
0.31463709473609924 0.2719080150127411 0.007413131650537252
0.2835201621055603 0.30417174100875854 0.006197846028953791
0.26345503330230713 0.2818523943424225 0.00686944555491209
0.28415989875793457 0.30602654814720154 -6.680257683910895e-06
0.2650587856769562 0.2848527133464813 3.066601834689209e-07
0.26569870114326477 0.2556034028530121 0.0070327455177903175
0.2624695897102356 0.2583789527416229 -7.766243470541667e-06
0.2613956928253174 0.26204338669776917 0.006705604027956724
0.2592420279979706 0.26892873644828796 -2.969369461425231e-06
0.26001086831092834 0.2737027108669281 0.006756676826626062
-0.3814544379711151 -0.17185601592063904 0.016025368124246597
-0.3815132975578308 0.17227020859718323 0.016047928482294083
-0.4799826741218567 0.17292597889900208 0.01619836315512657
0.3358273208141327 0.273023784160614 0.006564346142113209
0.28575900197029114 0.3049449026584625 0.008727543987333775
0.2868826985359192 0.3093383312225342 0.007937736809253693
0.288129985332489 0.31567057967185974 0.0077520813792943954
0.28725263476371765 0.3205869495868683 0.0061058662831783295
0.28524187207221985 0.3247758746147156 6.831952487118542e-05
0.28673499822616577 0.3136118948459625 2.456747279211413e-05
0.2888396978378296 0.3229544758796692 0.010247176513075829
0.26191985607147217 0.2653961181640625 0.009175238199532032
0.27099573612213135 0.2513546943664551 0.007099248934537172
0.2772282361984253 0.24928873777389526 0.007260758895426989
0.2797926962375641 0.24775628745555878 -3.3387641451554373e-06
0.2761657238006592 0.25234219431877136 0.009810247458517551
0.2838403582572937 0.24889495968818665 0.007515457924455404
0.29210466146469116 0.2531106472015381 0.008764184080064297
0.2612175941467285 0.27902883291244507 1.1537312047948944e-06
0.3256734609603882 0.2767312526702881 0.008873848244547844
0.3315158784389496 0.2749258875846863 0.007248195353895426
0.32371875643730164 0.27495792508125305 0.005772973410785198
0.31976184248924255 0.273279070854187 9.380089068145026e-06
0.3322199881076813 0.27407991886138916 -2.381856756983325e-05
0.32794925570487976 0.2818527817726135 0.012803049758076668
0.3171807527542114 0.2954241633415222 0.014263049699366093
0.30841684341430664 0.29998552799224854 0.011379792355000973
0.2945832908153534 0.3179309070110321 0.014161847531795502
0.29332929849624634 0.31612759828567505 0.01184979360550642
-0.36943963170051575 -0.22426418960094452 0.009696529246866703
-0.36435797810554504 -0.22961238026618958 -2.20528818317689e-06
-0.3697204887866974 -0.21584604680538177 0.009865219704806805
-0.2233840376138687 -0.36977678537368774 0.009942286647856236
-0.23018360137939453 -0.36418524384498596 -2.1355600665629026e-07
-0.2167765200138092 -0.37079182267189026 0.010577433742582798
0.21673689782619476 -0.3685172498226166 0.008082958869636059
0.22873874008655548 -0.3643020689487457 -5.766798381046101e-07
0.225600004196167 -0.3692530691623688 0.00987834669649601
0.36441266536712646 -0.22657787799835205 1.7898992155096494e-07
0.37608709931373596 -0.2143261581659317 0.02258080616593361
0.3635745048522949 -0.23355278372764587 1.0698579444579082e-06
0.3758223056793213 -0.2057337611913681 0.022082310169935226
0.3630495071411133 -0.21934345364570618 4.1455736209172755e-05
0.3736417889595032 -0.20006480813026428 0.02243850566446781
0.37584519386291504 0.20548273622989655 0.022167153656482697
0.36443087458610535 0.2245868295431137 -1.231113969879516e-06
0.37595313787460327 0.21392512321472168 0.022056853398680687
0.3739667534828186 0.22172591090202332 0.021993307396769524
0.3631286919116974 0.23547005653381348 -7.372993877652334e-07
0.36722812056541443 0.19033844769001007 0.0219754446297884
0.2180866003036499 0.36962759494781494 0.009382981806993484
0.22737380862236023 0.3644609749317169 -6.514925416922779e-07
-0.3689427673816681 0.22670136392116547 0.009873803704977036
-0.3645516633987427 0.22819273173809052 -1.6813929732961697e-06
-0.3695736527442932 0.21622076630592346 0.009398278780281544
-0.21997356414794922 0.3705756962299347 0.010904372669756413
-0.22890827059745789 0.3644793629646301 -1.9988433450635057e-06
-0.2264513075351715 0.36924633383750916 0.01024569571018219
-0.21381478011608124 0.368980348110199 0.009457748383283615
0.3541131615638733 -0.14756356179714203 0.015062188729643822
0.3557839095592499 -0.1476210057735443 0.021990958601236343
0.3566427528858185 -0.17784416675567627 0.012940271757543087
0.3572162091732025 -0.1600818932056427 0.022039130330085754
0.3605331480503082 -0.17426350712776184 0.02197842113673687
0.3600504994392395 -0.1901206225156784 0.012596385553479195
0.36574605107307434 -0.18760767579078674 0.022017205134034157
0.3651832044124603 -0.20365901291370392 0.011521238833665848
0.3547416627407074 -0.16236227750778198 0.014352557249367237
0.36381861567497253 0.20100794732570648 0.011639129370450974
0.3606053590774536 0.19184690713882446 0.01229841634631157
0.3612561821937561 0.17677748203277588 0.02199377864599228
0.35627493262290955 0.17859433591365814 0.012445137836039066
0.35618752241134644 0.17170235514640808 0.01446059811860323
0.35802161693573 0.16451996564865112 0.022206641733646393
0.354213148355484 0.15975002944469452 0.013761651702225208
0.35574162006378174 0.14672750234603882 0.022009601816534996
0.35446038842201233 0.14172005653381348 0.016207408159971237
-0.3721751868724823 -0.22239674627780914 0.01309827622026205
-0.37347888946533203 -0.22084493935108185 0.02335909754037857
-0.3753499686717987 -0.21216680109500885 0.015334824100136757
-0.37575316429138184 0.2129834145307541 0.023713575676083565
-0.3729402422904968 0.220664381980896 0.01397797092795372
-0.37200406193733215 0.2247193306684494 0.023068297654390335
-0.2155970185995102 -0.375156432390213 0.023396147415041924
-0.21647119522094727 -0.3743355870246887 0.015013753436505795
0.2135607898235321 -0.37572991847991943 0.0228883046656847
0.22020067274570465 -0.3730835020542145 0.014135222882032394
-0.21981726586818695 0.3739508092403412 0.021838927641510963
-0.21980944275856018 0.37337803840637207 0.014885683543980122
0.21537938714027405 0.3752126693725586 0.023448389023542404
0.2210352122783661 0.3731774091720581 0.015175072476267815
-0.17290936410427094 0.3258906900882721 0.007077771704643965
-0.1622687429189682 0.3069700002670288 0.009138408116996288
-0.1797400414943695 0.30277371406555176 -3.5031200695812004e-06
-0.1799205094575882 0.3185652792453766 -1.8730645479081431e-06
-0.16636541485786438 0.3179176151752472 0.008453943766653538
-0.29881519079208374 0.18140991032123566 2.730018195507e-06
-0.31396934390068054 0.16433744132518768 0.008776608854532242
-0.3226686716079712 0.18176692724227905 -3.781451312079298e-07
-0.31044620275497437 0.17877866327762604 -1.5661611314499169e-06
-0.3259875178337097 0.1721184104681015 0.007597723044455051
-0.30189600586891174 0.1626107394695282 0.009114579297602177
-0.31839075684547424 -0.16603796184062958 0.008674319833517075
-0.3031170666217804 -0.16255278885364532 0.008912788704037666
-0.32062405347824097 -0.18073615431785583 -1.33671892399434e-06
-0.30517080426216125 -0.17900019884109497 3.7987040286679985e-06
-0.16662821173667908 -0.3222440183162689 0.009233436547219753
-0.17908652126789093 -0.3146050274372101 1.0455150913912803e-06
-0.1616329848766327 -0.30513882637023926 0.009385552257299423
-0.1805337518453598 -0.30030733346939087 -2.7355504244042095e-06
-0.17284877598285675 -0.3272932469844818 0.007609353866428137
0.17903895676136017 -0.31362178921699524 7.789962523929717e-07
0.16204045712947845 -0.3015517294406891 0.009338815696537495
0.18048906326293945 -0.300187349319458 6.179753654578235e-06
0.16274748742580414 -0.31150487065315247 0.009226476773619652
0.16659723222255707 -0.3186970055103302 0.008471847511827946
0.29623931646347046 -0.1638890504837036 0.009148147888481617
0.29904431104660034 -0.18129858374595642 4.419412562128855e-06
0.32177215814590454 -0.168336421251297 0.008288088254630566
0.30668655037879944 -0.16211800277233124 0.00917076226323843
0.31297704577445984 -0.1785285323858261 -2.768641707007191e-06
0.16159579157829285 0.3060298264026642 0.009378459304571152
0.1790834665298462 0.3122066259384155 8.486080815828245e-08
0.18030968308448792 0.30117660760879517 5.497607162396889e-06
0.174727201461792 0.3323604464530945 0.008637542836368084
0.1674187332391739 0.319481760263443 0.008271733298897743
0.30420082807540894 0.17868760228157043 -6.500153517663421e-07
0.31295040249824524 0.16349348425865173 0.008946594782173634
0.3249009847640991 0.18267394602298737 -1.821485824393676e-07
0.3237404227256775 0.16993510723114014 0.008118541911244392
0.26961567997932434 0.25146132707595825 0.0
0.10303798317909241 -0.35590994358062744 0.024011047556996346
0.0990065336227417 -0.353470116853714 0.014795609749853611
0.10507508367300034 -0.35628941655158997 0.015381738543510437
0.09670783579349518 -0.353618860244751 0.022502148523926735
0.11471505463123322 -0.36625826358795166 0.023557467386126518
0.11088977009057999 -0.3605523407459259 0.015086876228451729
0.11512057483196259 -0.365494042634964 0.014868113212287426
0.10928211361169815 -0.36010605096817017 0.022855622693896294
-0.09832768887281418 -0.3535511791706085 0.01660224050283432
-0.10720044374465942 -0.35824424028396606 0.022192100062966347
-0.10752502828836441 -0.35783129930496216 0.015225025825202465
-0.09808195382356644 -0.35388994216918945 0.02447313815355301
-0.11430907249450684 -0.36496469378471375 0.016889655962586403
0.10361719131469727 0.35518643260002136 0.014423343352973461
0.09896949678659439 0.35417455434799194 0.022573722526431084
0.1072704941034317 0.3577203154563904 0.015424566343426704
0.11393339186906815 0.3640701174736023 0.015563146211206913
0.10779525339603424 0.3587958514690399 0.023732470348477364
0.11411700397729874 0.36547496914863586 0.022658826783299446
-0.10156770795583725 0.3551345765590668 0.023043738678097725
-0.09947658330202103 0.3541063070297241 0.01697634905576706
-0.10835425555706024 0.35837680101394653 0.015396247617900372
-0.10961704701185226 0.3601883351802826 0.024143002927303314
-0.11409503221511841 0.3645811975002289 0.01652127131819725
-0.11476707458496094 0.3664262890815735 0.022405441850423813
-0.11968589574098587 -0.3738706707954407 0.014743540436029434
-0.11798516660928726 -0.37275025248527527 0.023105265572667122
-0.12115898728370667 -0.37575799226760864 0.022172410041093826
-0.11499348282814026 -0.3667928874492645 0.023202452808618546
0.11952324956655502 -0.3745974600315094 0.023920536041259766
0.11951124668121338 -0.37399500608444214 0.016124188899993896
-0.11794112622737885 0.37271595001220703 0.023429227992892265
-0.11934614181518555 0.3736356496810913 0.015446588397026062
0.11952559649944305 0.3749452233314514 0.02313905581831932
0.2167908251285553 0.37254729866981506 0.012151902541518211
0.2043638974428177 0.37523871660232544 0.01315477304160595
0.21095605194568634 0.3694475293159485 0.00978455226868391
0.202672079205513 0.37227514386177063 0.010746718384325504
0.12480206787586212 0.3753161132335663 0.013424467295408249
0.12566830217838287 0.37289658188819885 0.011069591157138348
0.11844222247600555 0.3667631447315216 0.011852542869746685
0.12045593559741974 0.37212008237838745 0.012393816374242306
0.11966128647327423 0.37408697605133057 0.015919746831059456
0.11253774166107178 0.3586924374103546 0.011751598678529263
0.09335742145776749 0.3508821129798889 0.013022051192820072
0.10356606543064117 0.3515208959579468 0.011023789644241333
0.0932171568274498 0.348060667514801 0.01063490193337202
-0.04928216710686684 0.35013988614082336 0.010544814169406891
-0.013051070272922516 0.3537679612636566 0.012080351822078228
-0.05753755569458008 0.35223931074142456 0.012132538482546806
0.02893490344285965 0.353544145822525 0.012168369255959988
-0.09046962857246399 0.3494500517845154 0.011562161147594452
-0.09704074263572693 0.35154688358306885 0.012620924040675163
-0.10450087487697601 0.35516947507858276 0.013957704417407513
-0.1173662543296814 0.365937739610672 0.01220916211605072
-0.12012190371751785 0.37114477157592773 0.012033537030220032
-0.11755405366420746 0.3586885333061218 0.010140004567801952
-0.10969038307666779 0.3559705913066864 0.01172831654548645
-0.12501735985279083 0.3731614053249359 0.01123977079987526
-0.12531843781471252 0.37565478682518005 0.013869673013687134
-0.2046457827091217 0.3717386722564697 0.010509307496249676
-0.2051769345998764 0.3752756416797638 0.013246597722172737
-0.20488151907920837 -0.3754318058490753 0.013553747907280922
-0.204910546541214 -0.3729957342147827 0.011104504577815533
-0.12539207935333252 -0.3743720054626465 0.012131544761359692
-0.12276391685009003 -0.37222030758857727 0.011227668263018131
-0.11695984750986099 -0.3663693368434906 0.012909711338579655
-0.11277050524950027 -0.36136218905448914 0.013498886488378048
-0.10610704869031906 -0.35452163219451904 0.012267247773706913
-0.0973476767539978 -0.3521898090839386 0.013481248170137405
-0.09199018776416779 -0.34905165433883667 0.011203470639884472
-0.10606815665960312 -0.3507816791534424 0.01027501281350851
-0.0472603514790535 -0.3539723753929138 0.013551261276006699
-0.03597428649663925 -0.3531753420829773 0.011979883536696434
0.030731026083230972 -0.3517945110797882 0.010893236845731735
0.017420141026377678 -0.3546384871006012 0.013347551226615906
-0.01102860551327467 -0.3514264225959778 0.010580522008240223
0.05753755569458008 -0.35223931074142456 0.012132538482546806
0.09049180895090103 -0.3494553565979004 0.01156699750572443
0.09216359257698059 -0.35137540102005005 0.013592584989964962
0.10158557444810867 -0.3509804606437683 0.011308333836495876
0.10989465564489365 -0.3561108708381653 0.01154256984591484
0.11668305844068527 -0.3630901873111725 0.011599170044064522
0.12043441087007523 -0.3723349869251251 0.012516269460320473
0.12654057145118713 -0.3736804127693176 0.011614790186285973
0.12495076656341553 -0.3757617473602295 0.014067710377275944
0.20444516837596893 -0.3749752342700958 0.012852749787271023
0.20781709253787994 -0.3719830811023712 0.010713101364672184
0.21413758397102356 -0.3718735873699188 0.011271298862993717
-0.37331947684288025 -0.20411385595798492 0.011342185549438
-0.37602558732032776 -0.17457236349582672 0.01399541087448597
-0.37670308351516724 -0.18422457575798035 0.016184916719794273
-0.3757440149784088 0.17427070438861847 0.013704100623726845
-0.37385445833206177 0.20458905398845673 0.011801909655332565
-0.3703714907169342 0.21012365818023682 0.01016146782785654
-0.37606310844421387 0.2049526870250702 0.014635597355663776
0.35179466009140015 0.13467629253864288 0.01154840737581253
0.3532170057296753 0.14823724329471588 0.01337479893118143
0.3536934554576874 0.13579195737838745 0.01367179211229086
0.3546024262905121 0.18533578515052795 0.010351326316595078
0.35172852873802185 0.17303802073001862 0.010398025624454021
0.35113346576690674 0.15812809765338898 0.011042787693440914
0.3564406633377075 0.10885217785835266 0.013354235328733921
0.3520539402961731 0.1930057406425476 0.008934550918638706
0.35846850275993347 -0.059565067291259766 0.011465360410511494
0.36041057109832764 -0.041747622191905975 0.012444489635527134
0.3576952815055847 0.04589319974184036 0.010671802796423435
0.35850054025650024 -0.009557287208735943 0.010666817426681519
0.3614542484283447 0.028239969164133072 0.013195405714213848
0.3570442497730255 0.08395366370677948 0.011649317108094692
0.35613733530044556 -0.09954728186130524 0.011993157677352428
0.3535725772380829 -0.13192377984523773 0.013030778616666794
0.35111555457115173 -0.13267472386360168 0.010957899503409863
0.36081117391586304 -0.001499383826740086 0.012134978547692299
0.35202473402023315 -0.15963439643383026 0.011559009552001953
0.35564708709716797 -0.1867070347070694 0.010621258057653904
-0.207940012216568 0.36644455790519714 0.008730553090572357
-0.17565058171749115 0.33511945605278015 0.009024729952216148
-0.16346313059329987 0.32089337706565857 0.009820972569286823
-0.3212715685367584 0.164530947804451 0.009651847183704376
-0.3671918213367462 -0.208077535033226 0.00893332064151764
-0.33596140146255493 -0.17658789455890656 0.009176043793559074
-0.17636746168136597 -0.3367299437522888 0.009235052391886711
-0.16133657097816467 -0.3148386478424072 0.009784568101167679
-0.2085484117269516 -0.36739689111709595 0.008856965228915215
0.33626851439476013 0.17551711201667786 0.00944038201123476
0.16248366236686707 0.31848201155662537 0.009717647917568684
0.33362844586372375 -0.17153650522232056 0.009754309430718422
0.31849539279937744 -0.16252580285072327 0.009761679917573929
0.1742641031742096 -0.33321842551231384 0.00903432909399271
0.1649269163608551 -0.3237926959991455 0.009840493090450764
0.20718327164649963 -0.3667949140071869 0.009117809124290943
-0.1552642285823822 -0.3763837516307831 0.031562816351652145
-0.1605968475341797 -0.37688395380973816 0.02444319985806942
0.15508492290973663 0.3766759932041168 0.02949519455432892
0.3554353713989258 -0.1510608196258545 0.024815579876303673
-0.15414105355739594 0.3767014741897583 0.029766330495476723
0.37555408477783203 -0.20656047761440277 0.02437855862081051
-0.2056206911802292 -0.3763710558414459 0.02503545582294464
0.3554554879665375 0.12937921285629272 0.024771293625235558
0.3572414517402649 0.16342292726039886 0.02506088651716709
0.355266809463501 0.14509640634059906 0.02430916763842106
0.2056722491979599 0.37608852982521057 0.02563675493001938
0.37308722734451294 0.20055927336215973 0.024825815111398697
0.15864183008670807 -0.37683287262916565 0.024346336722373962
-0.3029085397720337 0.09980732202529907 0.23604312539100647
-0.3135116994380951 0.06142842024564743 0.23638612031936646
-0.3057788908481598 0.07505770772695541 0.23353570699691772
-0.298585444688797 0.12452085316181183 0.24088841676712036
-0.30484575033187866 0.1145629957318306 0.2450214922428131
-0.3034285306930542 0.1093798279762268 0.2396712750196457
-0.2926173508167267 0.12595662474632263 0.23577061295509338
-0.2817186415195465 0.13742941617965698 0.23303745687007904
-0.318722665309906 0.0628853291273117 0.24344803392887115
-0.2934093773365021 0.1416100561618805 0.24565067887306213
-0.32165172696113586 0.03647642955183983 0.24114638566970825
-0.2954300045967102 0.1079367995262146 0.23350338637828827
-0.30010735988616943 0.08196970075368881 0.23242314159870148
-0.3086431920528412 0.0894760861992836 0.23826448619365692
-0.28651559352874756 0.1450468748807907 0.23802363872528076
-0.2833402156829834 0.15714100003242493 0.24168898165225983
-0.31304118037223816 0.08564165234565735 0.2427269071340561
-0.31499314308166504 0.03565433993935585 0.23465052247047424
-0.31671521067619324 0.06020054593682289 0.23935797810554504
-0.3072274327278137 0.10075439512729645 0.2837780714035034
-0.29729071259498596 0.11810566484928131 0.2875118851661682
-0.303866446018219 0.0967937558889389 0.2882813513278961
-0.27928194403648376 0.1474808156490326 0.29011306166648865
-0.30576279759407043 0.08268000185489655 0.28955066204071045
-0.2978360652923584 0.09385432302951813 0.2914457619190216
-0.28929251432418823 0.13892392814159393 0.2865622937679291
-0.2803805470466614 0.15674512088298798 0.28623735904693604
-0.30902260541915894 0.10425367206335068 0.27837279438972473
-0.3012678623199463 0.1257745325565338 0.27694806456565857
-0.30086109042167664 0.12197266519069672 0.2818436026573181
-0.3201998174190521 0.062084224075078964 0.27838239073753357
-0.3143117427825928 0.08522377908229828 0.2796180248260498
-0.2902214527130127 0.14530527591705322 0.2818395793437958
-0.3185402750968933 0.051877353340387344 0.28459978103637695
-0.29031795263290405 0.12117226421833038 0.29060232639312744
-0.3130827248096466 0.07483859360218048 0.28565314412117004
-0.31831905245780945 0.03606265038251877 0.2873426675796509
-0.30929163098335266 0.054635003209114075 0.2907869815826416
-0.31301572918891907 0.05705167353153229 0.28875190019607544
-0.2910006046295166 0.1476178616285324 0.27784231305122375
-0.2202201783657074 0.1471521109342575 0.29099833965301514
-0.2531493306159973 -0.08037453889846802 0.29124879837036133
-0.2282184362411499 -0.1362283080816269 0.29150980710983276
-0.26719680428504944 0.005795787554234266 0.2917254567146301
-0.2188563495874405 -0.11993073672056198 0.22331885993480682
-0.21965929865837097 -0.1269720196723938 0.22299565374851227
-0.2249063402414322 -0.13820324838161469 0.22255493700504303
-0.22171783447265625 -0.13271662592887878 0.22332462668418884
-0.21297132968902588 0.12589983642101288 0.22275488078594208
-0.21236203610897064 0.1324693262577057 0.22383464872837067
-0.21275825798511505 0.13898533582687378 0.22307084500789642
-0.21994100511074066 0.15292073786258698 0.22351334989070892
-0.22711263597011566 0.1586311012506485 0.22355474531650543
-0.21700075268745422 0.14986789226531982 0.22182847559452057
-0.23002395033836365 -0.1370675265789032 0.3064590394496918
-0.22628475725650787 -0.13145451247692108 0.3075662851333618
-0.22305209934711456 -0.12431768327951431 0.30610933899879456
-0.22210678458213806 -0.11555471271276474 0.3061155378818512
-0.2180754691362381 0.14155973494052887 0.30631718039512634
-0.22730736434459686 0.15353859961032867 0.30698490142822266
-0.22158807516098022 0.14744924008846283 0.30722153186798096
-0.21596252918243408 0.13449127972126007 0.3064351975917816
-0.2167985439300537 0.1225164458155632 0.30763041973114014
-0.21878094971179962 0.14319418370723724 0.3053050935268402
-0.279246985912323 -0.16554027795791626 0.3063788115978241
-0.2772141993045807 -0.16897276043891907 0.2231779843568802
-0.0969623401761055 -0.16887450218200684 0.22864672541618347
-0.08479203283786774 -0.17687217891216278 0.22381751239299774
-0.07535586506128311 -0.17996825277805328 0.2276388257741928
-0.1297636181116104 -0.15263906121253967 0.2192811667919159
-0.10798734426498413 -0.17038443684577942 0.21854768693447113
-0.12293514609336853 -0.15413852035999298 0.22190940380096436
0.19368450343608856 -0.04690224677324295 0.21992577612400055
0.19920094311237335 -0.01834312453866005 0.21940197050571442
0.19584064185619354 -0.03190070018172264 0.22070498764514923
0.04025374352931976 0.19231738150119781 0.22305868566036224
0.06032762676477432 0.1895410269498825 0.2202557772397995
0.016324684023857117 0.19407521188259125 0.2284533828496933
0.005891819484531879 0.19637921452522278 0.22296662628650665
0.0007307781488634646 0.19504603743553162 0.22769562900066376
-0.1891975998878479 0.06410256028175354 0.21967601776123047
-0.19422626495361328 0.043826792389154434 0.2199864238500595
-0.18606941401958466 0.06676056981086731 0.22164545953273773
-0.11152403056621552 -0.16186381876468658 0.2231539785861969
-0.10419953614473343 -0.16915273666381836 0.22051569819450378
-0.10125719755887985 -0.16754941642284393 0.22498948872089386
0.019532155245542526 0.195579394698143 0.222885861992836
-0.1167355477809906 -0.16758006811141968 0.21799364686012268
-0.06861584633588791 -0.1841820776462555 0.22287270426750183
-0.19035905599594116 0.04781317710876465 0.22374987602233887
-0.1965339183807373 0.022407909855246544 0.22144615650177002
-0.19425135850906372 0.026627562940120697 0.22402706742286682
-0.012700406834483147 0.19645476341247559 0.22258727252483368
0.19684535264968872 -0.009492623619735241 0.22235199809074402
0.19991683959960938 0.006577624473720789 0.21952106058597565
-0.1974056214094162 0.0024300923105329275 0.2217404842376709
-0.1950719654560089 0.007818111218512058 0.22726988792419434
-0.015900906175374985 0.194284588098526 0.22800658643245697
-0.19573520123958588 -0.0018272942397743464 0.2249465435743332
-0.1990424543619156 0.02251826785504818 0.21932102739810944
-0.008333838544785976 0.19936390221118927 0.21975603699684143
-0.08438767492771149 -0.1800898015499115 0.22030732035636902
-0.028875606134533882 0.1941736340522766 0.22358302772045135
-0.061076659709215164 -0.18505729734897614 0.22826260328292847
-0.04888005927205086 0.19017265737056732 0.22313515841960907
-0.038887977600097656 0.1909492313861847 0.22816529870033264
-0.03328967094421387 0.1970624029636383 0.21921688318252563
-0.05532964691519737 -0.1883038729429245 0.22319337725639343
-0.06814602762460709 0.18337886035442352 0.2255096733570099
-0.060200031846761703 0.1852470487356186 0.22837507724761963
-0.0450359471142292 -0.18958982825279236 0.22813305258750916
-0.042614009231328964 -0.19186514616012573 0.22292207181453705
-0.030643515288829803 -0.19248971343040466 0.22826044261455536
-0.20106054842472076 -0.0011457104701548815 0.21883875131607056
-0.19531990587711334 -0.017347335815429688 0.2238968014717102
-0.02460590936243534 -0.1945541799068451 0.22379252314567566
-0.06663515418767929 0.1855548769235611 0.2221582680940628
-0.1982409954071045 -0.02126576378941536 0.21982909739017487
-0.19436746835708618 -0.039037443697452545 0.22081845998764038
-0.1930314302444458 -0.03381259739398956 0.2243170440196991
-0.006575495004653931 -0.19679534435272217 0.22244057059288025
-0.00929347611963749 -0.19481919705867767 0.22767461836338043
-0.0829918310046196 0.17796669900417328 0.22314438223838806
-0.10283595323562622 0.16599760949611664 0.2274482101202011
-0.0833110585808754 0.1761339008808136 0.22838541865348816
0.00016378737927880138 -0.1959475576877594 0.2243541181087494
-0.011603846214711666 -0.19857648015022278 0.2202661633491516
-0.09774389863014221 0.17134730517864227 0.22176122665405273
0.016844693571329117 -0.19541551172733307 0.22381529211997986
0.011340821161866188 -0.19461368024349213 0.22795023024082184
-0.08453066647052765 0.1808888465166092 0.21940286457538605
0.028210269287228584 -0.1929892748594284 0.2276969701051712
-0.10566575080156326 0.16552826762199402 0.223341166973114
0.009475703351199627 -0.19937269389629364 0.21939943730831146
-0.1892842799425125 -0.050732582807540894 0.2243141531944275
0.19610023498535156 0.0004279983404558152 0.22412534058094025
0.19641152024269104 0.012815849855542183 0.22256188094615936
0.19337359070777893 0.026272600516676903 0.22763706743717194
-0.12331487983465195 0.1525372862815857 0.22410142421722412
-0.12162549793720245 0.1528429239988327 0.2268877476453781
0.030888354405760765 -0.19410721957683563 0.2229229360818863
0.19395260512828827 0.03168472275137901 0.22306755185127258
-0.18668220937252045 -0.06261663883924484 0.22247499227523804
-0.18257682025432587 -0.06944117695093155 0.22682669758796692
0.04553508758544922 -0.18961860239505768 0.227779358625412
0.18889516592025757 0.05234505608677864 0.22462932765483856
0.18844307959079742 0.04920593649148941 0.22833190858364105
-0.17953310906887054 -0.08104941993951797 0.2222919911146164
0.04751178249716759 -0.1907443404197693 0.2229013890028
-0.1081046611070633 0.1700729876756668 0.21867528557777405
0.1970130056142807 0.031598128378391266 0.2197125107049942
-0.17693489789962769 -0.08175894618034363 0.2281908541917801
-0.1152886301279068 0.162375807762146 0.22001290321350098
-0.18824318051338196 -0.0689433366060257 0.21932752430438995
0.06275596469640732 -0.18616639077663422 0.22309523820877075
0.060955166816711426 -0.184796541929245 0.22871942818164825
0.1835746169090271 0.06479737162590027 0.22850200533866882
0.07714327424764633 -0.17885898053646088 0.22838695347309113
-0.13079406321048737 0.14849887788295746 0.22117482125759125
0.07844617962837219 -0.17973928153514862 0.22393286228179932
-0.13980747759342194 0.1377258151769638 0.22366014122962952
-0.1327565759420395 0.1427181512117386 0.22823594510555267
-0.14713440835475922 0.12819597125053406 0.22763755917549133
0.18849517405033112 0.059755321592092514 0.22149236500263214
0.19247251749038696 0.05415814369916916 0.21960026025772095
-0.16883821785449982 -0.09712866693735123 0.22854319214820862
0.09470098465681076 -0.1721077263355255 0.22309532761573792
0.09704150259494781 -0.16887517273426056 0.22837543487548828
-0.17013636231422424 -0.09869913756847382 0.2226787507534027
0.18028639256954193 0.08134591579437256 0.22122909128665924
0.11414503306150436 -0.15808527171611786 0.22810548543930054
-0.1526671051979065 0.12337946891784668 0.22361771762371063
0.1756146252155304 0.08811020106077194 0.22322231531143188
0.1769229918718338 0.08153324574232101 0.22821563482284546
-0.1611446738243103 -0.11243759840726852 0.22315865755081177
-0.15781065821647644 0.11517616361379623 0.22664427757263184
-0.15909026563167572 -0.11218047887086868 0.22852450609207153
0.10955921560525894 -0.16325438022613525 0.22279731929302216
-0.15291164815425873 0.12726935744285583 0.22032228112220764
-0.11749742925167084 0.16681550443172455 0.2180795818567276
0.12438473105430603 -0.15137150883674622 0.2245282232761383
0.17010413110256195 0.09509323537349701 0.22813180088996887
0.13254201412200928 -0.14261622726917267 0.22853460907936096
0.1273506134748459 -0.1508386880159378 0.22187912464141846
-0.1734360307455063 -0.10065743327140808 0.21924655139446259
0.16408728063106537 0.10866183042526245 0.2224770486354828
-0.15176792442798615 -0.12478748708963394 0.2230318933725357
-0.15249581634998322 -0.12191928923130035 0.2272668331861496
0.13914525508880615 -0.138758584856987 0.22303982079029083
0.14675144851207733 -0.12847238779067993 0.22793273627758026
-0.14781546592712402 0.13522134721279144 0.21932581067085266
0.16310349106788635 0.1065303161740303 0.22821111977100372
-0.15933939814567566 0.11575993150472641 0.22241157293319702
0.1521756947040558 -0.12363117188215256 0.22420667111873627
0.16252078115940094 -0.10785727202892303 0.22787189483642578
-0.15698927640914917 -0.12304352223873138 0.2199668139219284
0.1529746651649475 -0.12535016238689423 0.2214423269033432
-0.1703149825334549 0.09688341617584229 0.22470104694366455
0.15222662687301636 0.1236710175871849 0.22404339909553528
0.1530519425868988 0.12039199471473694 0.22845585644245148
0.1668420433998108 -0.10295077413320541 0.22434498369693756
-0.142582505941391 -0.13305704295635223 0.22802799940109253
-0.13723935186862946 -0.14112164080142975 0.2225584238767624
-0.1702614277601242 0.10033467411994934 0.221536785364151
0.1757558435201645 -0.084601990878582 0.22777412831783295
0.16538205742835999 -0.10858859121799469 0.22132596373558044
0.17794062197208405 -0.08251744508743286 0.2239370346069336
0.1456243246793747 0.13328979909420013 0.22189953923225403
0.1773071140050888 -0.08825062960386276 0.2210366427898407
-0.17492800951004028 0.09791858494281769 0.21935604512691498
-0.12770725786685944 -0.14758196473121643 0.22748124599456787
0.18385463953018188 -0.06440705806016922 0.22822104394435883
-0.1437302529811859 -0.13782909512519836 0.21998067200183868
0.14207878708839417 0.13442133367061615 0.22574028372764587
-0.17835943400859833 0.07908612489700317 0.22771570086479187
0.1852627843618393 -0.0648295059800148 0.2235865741968155
0.12915511429309845 0.1481398046016693 0.2227405160665512
0.1311369091272354 0.1438674032688141 0.22864924371242523
-0.1789044588804245 0.08495696634054184 0.2209908366203308
0.11793970316648483 0.157110795378685 0.22297650575637817
0.11651615053415298 0.15619179606437683 0.2281683385372162
0.18674707412719727 -0.06807398796081543 0.22030490636825562
0.19048932194709778 -0.047380197793245316 0.22353991866111755
0.18930040299892426 -0.04611576348543167 0.22823403775691986
-0.18399383127689362 0.06776341050863266 0.22406040132045746
0.10254260897636414 0.16555598378181458 0.2284432053565979
-0.18491022288799286 0.06201911345124245 0.2277158945798874
0.1047893837094307 0.16633126139640808 0.22291240096092224
-0.11464415490627289 -0.15818017721176147 0.2267998307943344
0.1936623454093933 -0.03201174736022949 0.22358635067939758
0.19254325330257416 -0.031175371259450912 0.22760304808616638
0.11741476505994797 0.161245197057724 0.2197665423154831
0.08624958992004395 0.17655976116657257 0.223039910197258
0.061997946351766586 0.18599171936511993 0.22414232790470123
0.08054427802562714 0.1776677370071411 0.22782374918460846
0.05747203528881073 0.18641987442970276 0.2278306633234024
0.09090544283390045 0.1778613179922104 0.21944254636764526
0.1945260614156723 -0.01346860732883215 0.22777964174747467
0.07321230322122574 0.18310287594795227 0.2220693677663803
0.0353054478764534 0.19169962406158447 0.22802874445915222
-0.12407437711954117 -0.14904269576072693 0.2294788658618927
-0.11772173643112183 0.1537952870130539 0.22960104048252106
0.19264188408851624 0.002793889958411455 0.23011252284049988
0.19483311474323273 0.0042993552051484585 0.22797362506389618
-0.16204380989074707 -0.10350901633501053 0.23027050495147705
0.19099017977714539 -0.03149649128317833 0.22950926423072815
0.18584482371807098 -0.05034130811691284 0.2301592230796814
-0.0415094830095768 0.18863153457641602 0.22994981706142426
0.17338044941425323 -0.08732736110687256 0.22919709980487823
0.15648479759693146 -0.11347561329603195 0.2296992689371109
-0.18517450988292694 -0.05952003598213196 0.22871923446655273
-0.19070567190647125 -0.03863826394081116 0.22885163128376007
0.030134186148643494 0.1904817521572113 0.23000644147396088
0.059669721871614456 0.18438442051410675 0.2294742316007614
-0.1938921958208084 -0.0050493753515183926 0.22931665182113647
-0.19406308233737946 -0.0182498786598444 0.22797948122024536
0.08576978743076324 0.17309440672397614 0.22985638678073883
0.11219334602355957 0.15613533556461334 0.2303120642900467
-0.19333840906620026 0.022058939561247826 0.22862179577350616
-0.18848246335983276 0.0446760393679142 0.2296193689107895
0.028512559831142426 -0.19150815904140472 0.22961726784706116
-0.003866685088723898 -0.19311872124671936 0.23002250492572784
-0.1903567910194397 0.0422729067504406 0.22777384519577026
-0.18146324157714844 0.06665688008069992 0.22972585260868073
0.16342520713806152 0.10269328206777573 0.22995741665363312
-0.16965706646442413 0.09215199947357178 0.22996357083320618
-0.16420979797840118 0.10478553920984268 0.22850994765758514
-0.1466127634048462 0.12596207857131958 0.22983825206756592
-0.08058757334947586 -0.17569081485271454 0.22978460788726807
0.19181649386882782 0.026381701231002808 0.22951246798038483
-0.27143800258636475 -0.16905814409255981 0.22020074725151062
-0.26375511288642883 -0.1650271713733673 0.2209770232439041
-0.2643449306488037 -0.16900311410427094 0.21821683645248413
-0.23248353600502014 -0.14741109311580658 0.2198580503463745
-0.22706086933612823 -0.14514698088169098 0.21901234984397888
-0.2183120846748352 -0.1348186731338501 0.2185630351305008
-0.2200893759727478 -0.13310877978801727 0.22040721774101257
-0.21702297031879425 -0.119939424097538 0.22015394270420074
-0.21581974625587463 -0.1127062514424324 0.21873188018798828
-0.22878339886665344 -0.08874530345201492 0.22104154527187347
-0.2408985197544098 0.04563121125102043 0.22079192101955414
-0.244415745139122 -0.016454942524433136 0.2206408679485321
-0.24011944234371185 -0.044590648263692856 0.21976765990257263
-0.2288798987865448 0.0868082195520401 0.2204393744468689
-0.23491635918617249 0.06584753841161728 0.21955856680870056
-0.24263335764408112 0.028813093900680542 0.21993376314640045
-0.245027095079422 0.006723943166434765 0.22070007026195526
-0.24290555715560913 0.0009608560940250754 0.2187695950269699
-0.23422423005104065 0.05899390950798988 0.21825873851776123
-0.23989546298980713 -0.03322504833340645 0.21844127774238586
-0.23538555204868317 -0.0642223209142685 0.21963122487068176
-0.22090443968772888 0.10299757122993469 0.21933968365192413
-0.2336629033088684 0.16301538050174713 0.21987898647785187
-0.262473464012146 0.16886673867702484 0.21894674003124237
-0.20886348187923431 0.13331520557403564 0.21890509128570557
-0.21060676872730255 0.12443145364522934 0.21948876976966858
-0.21678444743156433 0.15495391190052032 0.2187252640724182
-0.21164675056934357 0.142817884683609 0.2195529192686081
-0.22370421886444092 0.15824972093105316 0.22055990993976593
-0.28921106457710266 -0.16622652113437653 0.30794450640678406
-0.23361836373806 -0.1370813250541687 0.30964764952659607
-0.22375987470149994 -0.11107072979211807 0.3086252510547638
-0.225160613656044 -0.11655872315168381 0.3099413812160492
-0.23413127660751343 -0.1358611285686493 0.30999356508255005
-0.22398947179317474 -0.12259402871131897 0.3088516891002655
-0.22774358093738556 -0.10478920489549637 0.3094941973686218
-0.24749000370502472 0.03149568662047386 0.30873313546180725
-0.24250611662864685 0.061416883021593094 0.3092273771762848
-0.24096490442752838 -0.07086753100156784 0.30986687541007996
-0.2512592673301697 0.005503218155354261 0.3097931742668152
-0.24743559956550598 0.04589824378490448 0.3099114000797272
-0.24893976747989655 -0.013212683610618114 0.30857372283935547
-0.249090775847435 -0.028404613956809044 0.30950477719306946
-0.23665350675582886 -0.07905183732509613 0.3087567389011383
-0.2312089502811432 0.09373659640550613 0.3085586726665497
-0.23677603900432587 0.08390933275222778 0.3098390996456146
-0.24478386342525482 -0.053452081978321075 0.3094733655452728
-0.2500455677509308 -0.035159848630428314 0.3099857270717621
-0.24955423176288605 0.006043058354407549 0.3088984489440918
-0.22175364196300507 0.14311739802360535 0.3098706901073456
-0.21690727770328522 0.13160653412342072 0.3086835741996765
-0.2203080654144287 0.1326601505279541 0.3101251721382141
-0.21934209764003754 0.12253506481647491 0.30963537096977234
-0.2378130406141281 0.15810097754001617 0.3076265752315521
-0.2893289625644684 0.1657271683216095 0.3085322678089142
-0.23992793262004852 0.12018619477748871 0.310890793800354
-0.2528539001941681 0.12891985476016998 0.3110976815223694
-0.2553683817386627 0.14392772316932678 0.310320645570755
-0.2478591352701187 0.12365961819887161 0.3114452660083771
-0.23191913962364197 0.12130335718393326 0.3109438121318817
0.12120113521814346 0.3744800090789795 0.026955684646964073
0.11961092799901962 0.372024267911911 0.027547726407647133
-0.15395215153694153 -0.26625072956085205 0.0376974381506443
-0.14958205819129944 -0.2639349102973938 0.03871837630867958
-0.15807779133319855 -0.27092573046684265 0.03718790411949158
0.14857833087444305 -0.2640860080718994 0.03979479521512985
0.15475231409072876 -0.26696568727493286 0.037873830646276474
0.14806866645812988 0.26303067803382874 0.03863696753978729
0.15470831096172333 0.2670176327228546 0.03868136182427406
-0.14747698605060577 0.2638494074344635 0.04006163775920868
-0.15802675485610962 0.2702879309654236 0.03621247783303261
0.10885681211948395 -0.35699933767318726 0.02752508595585823
0.09602055698633194 -0.3521415591239929 0.02663048729300499
0.11729742586612701 -0.364860475063324 0.028277073055505753
0.0899152010679245 -0.3497936725616455 0.02837214805185795
-0.07219259440898895 -0.353123277425766 0.02598613314330578
-0.052977368235588074 -0.3545898497104645 0.025213005021214485
-0.0826076790690422 -0.35063791275024414 0.028078889474272728
-0.07564666867256165 -0.3488475978374481 0.02946273237466812
-0.06522970646619797 -0.3518884778022766 0.028047649189829826
-0.020158739760518074 -0.35557693243026733 0.025398345664143562
-0.03185279667377472 -0.3534955084323883 0.027931299060583115
-0.015871809795498848 -0.3517131805419922 0.02938157320022583
-0.014759980142116547 -0.3541976809501648 0.027533259242773056
-0.005378065165132284 -0.3525841236114502 0.02891480177640915
-0.0049958969466388226 -0.3554304242134094 0.026134636253118515
-0.053388435393571854 -0.35295459628105164 0.027561932802200317
0.034181419759988785 -0.3547852039337158 0.026231588795781136
0.010953963734209538 -0.35578563809394836 0.02539522759616375
0.05544744059443474 -0.3546810448169708 0.024586021900177002
0.04020335152745247 -0.353066623210907 0.028100119903683662
0.0527527742087841 -0.35277438163757324 0.0278719924390316
0.07297752052545547 -0.3515284061431885 0.027807796373963356
0.07099183648824692 -0.35330888628959656 0.02563518099486828
0.017728600651025772 -0.3533426523208618 0.02834935486316681
-0.0910649374127388 -0.35179081559181213 0.026313044130802155
-0.10574410110712051 -0.3536413908004761 0.028464604169130325
-0.10825154185295105 -0.3580275774002075 0.025628618896007538
-0.11580187827348709 -0.3633306324481964 0.027979811653494835
0.117349773645401 0.3673471510410309 0.02714010700583458
0.11537984013557434 0.3620055317878723 0.02839861437678337
0.10706264525651932 0.3547843098640442 0.02825099416077137
0.10091201215982437 0.3532273769378662 0.027026720345020294
0.09283220767974854 0.35169458389282227 0.026412248611450195
0.07691534608602524 0.35157787799835205 0.027579333633184433
0.09393386542797089 0.34841015934944153 0.029347559437155724
0.08056987076997757 0.3481225073337555 0.029578933492302895
-0.06262926012277603 0.35142749547958374 0.02849571965634823
-0.05118424445390701 0.3530629277229309 0.027641596272587776
-0.06167467683553696 0.35372433066368103 0.025935444980859756
-0.07809478789567947 0.3532111346721649 0.024819375947117805
0.06599579006433487 0.3516533672809601 0.028209418058395386
-0.07619595527648926 0.35113874077796936 0.02793281152844429
-0.07547908276319504 0.3486691415309906 0.029531164094805717
0.05588396638631821 0.35453152656555176 0.024999123066663742
0.03837723284959793 0.3528554141521454 0.028268028050661087
0.05315529555082321 0.3529661297798157 0.027563922107219696
0.03275269269943237 0.354422926902771 0.026875529438257217
0.014828786253929138 0.35579103231430054 0.025005003437399864
0.03303646296262741 0.3507644832134247 0.02962026372551918
0.010643734596669674 0.35182255506515503 0.02938898280262947
-0.005073834676295519 0.35605865716934204 0.02466922253370285
-0.027036355808377266 0.35532069206237793 0.025633562356233597
-0.025325100868940353 0.3534463047981262 0.028134441003203392
-0.04015505313873291 0.352809339761734 0.028303030878305435
-0.004442128352820873 0.35430318117141724 0.027602944523096085
0.016772255301475525 0.3542017340660095 0.02754010446369648
-0.010225791484117508 0.3517132103443146 0.02944782003760338
-0.09424053132534027 0.3511946499347687 0.027174022048711777
-0.10392648726701736 0.35549917817115784 0.025635167956352234
-0.10500186681747437 0.35234886407852173 0.029122602194547653
-0.11078845709562302 0.3576808571815491 0.028165733441710472
-0.1154918223619461 0.3651735782623291 0.026574231684207916
-0.11846795678138733 0.36870479583740234 0.02746180258691311
-0.12035001814365387 0.37356576323509216 0.026550905779004097
-0.16202931106090546 -0.31095439195632935 0.031143341213464737
-0.1614823043346405 -0.29871633648872375 0.03204774111509323
-0.16259416937828064 -0.2882595956325531 0.031487610191106796
-0.1601220965385437 -0.2710127830505371 0.03431060165166855
-0.13463255763053894 -0.2602077126502991 0.03912971541285515
-0.13658925890922546 -0.26286324858665466 0.040249161422252655
-0.12370575219392776 -0.26913541555404663 0.039987962692976
-0.12915682792663574 -0.26384344696998596 0.03969499468803406
-0.12131690233945847 -0.26918935775756836 0.038772549480199814
-0.11823339015245438 -0.2781619131565094 0.036953169852495193
-0.11845196783542633 -0.29319077730178833 0.034238118678331375
-0.11871688067913055 -0.3113328814506531 0.03260659798979759
-0.11671507358551025 -0.32898539304733276 0.030451498925685883
-0.11856599152088165 -0.3294346034526825 0.03185142204165459
0.16306540369987488 0.37067267298698425 0.03030047006905079
0.1616847962141037 0.3085899353027344 0.031579915434122086
0.1626209169626236 0.2998692989349365 0.030943218618631363
0.1611117422580719 0.2735963761806488 0.03384104371070862
0.15961392223834991 0.2739356756210327 0.036279287189245224
0.15606404840946198 0.2667352557182312 0.036226142197847366
0.1336023062467575 0.2631549835205078 0.04047620669007301
0.12641745805740356 0.26562443375587463 0.039682358503341675
0.12151363492012024 0.2704361081123352 0.03909584879875183
0.11804239451885223 0.29185184836387634 0.03413847088813782
0.11981216073036194 0.28059470653533936 0.038929589092731476
0.11811888217926025 0.3325597643852234 0.03132611885666847
0.11796499788761139 0.3140469491481781 0.03172031417489052
0.11771397292613983 0.30597126483917236 0.03210080415010452
0.1182987242937088 0.35721418261528015 0.031371355056762695
0.16181130707263947 -0.3103223741054535 0.03141378238797188
0.16060450673103333 -0.3153749704360962 0.03331100568175316
0.1611333042383194 -0.2972933351993561 0.032361727207899094
0.1611955612897873 -0.2738646864891052 0.033733997493982315
0.1523238867521286 -0.2627391815185547 0.03666651248931885
0.13771221041679382 -0.26198700070381165 0.03953196480870247
0.12221988290548325 -0.2717322111129761 0.04037024453282356
0.12827850878238678 -0.2655022442340851 0.04056369885802269
0.12112542986869812 -0.2682587206363678 0.03871199116110802
0.11810033023357391 -0.27826935052871704 0.036862801760435104
0.11838553100824356 -0.3078117072582245 0.03254912793636322
0.11848203092813492 -0.2958972454071045 0.03387831896543503
0.11687081307172775 -0.3316987156867981 0.030390681698918343
0.11840254068374634 -0.3410416841506958 0.031613387167453766
-0.1608380526304245 0.3710493743419647 0.03223834186792374
-0.16239328682422638 0.3151797950267792 0.030828222632408142
-0.1618906855583191 0.28990182280540466 0.03191231191158295
-0.15316396951675415 0.26408663392066956 0.03657521679997444
-0.13372807204723358 0.26316380500793457 0.040445148944854736
-0.12268706411123276 0.2678402066230774 0.039347268640995026
-0.11839677393436432 0.2927899956703186 0.03416793793439865
-0.11897137761116028 0.3262588679790497 0.0324241928756237
-0.11696259677410126 0.32597243785858154 0.030566519126296043
-0.11774033308029175 0.3108164668083191 0.03162384033203125
-0.11859908699989319 0.3587406575679779 0.0315176397562027
-0.3670177757740021 0.22740031778812408 0.02860587276518345
-0.3710320293903351 0.22458112239837646 0.02637697383761406
-0.373602032661438 0.21017299592494965 0.028294146060943604
-0.37282541394233704 0.18411484360694885 0.029373712837696075
-0.3758877217769623 0.20541703701019287 0.025950074195861816
-0.3546316921710968 0.24774116277694702 0.027949875220656395
-0.34615442156791687 0.2573341429233551 0.028977995738387108
-0.33955642580986023 0.2695437967777252 0.026977483183145523
-0.2529470920562744 0.352460652589798 0.02652772329747677
-0.3240213990211487 0.28596970438957214 0.028337085619568825
-0.24485459923744202 0.3559107184410095 0.028471022844314575
-0.22758515179157257 0.3676760792732239 0.028098570182919502
-0.2682458758354187 0.34033042192459106 0.027285441756248474
-0.278645783662796 0.32836148142814636 0.02937658503651619
-0.35648980736732483 0.24864047765731812 0.02514563500881195
-0.28832143545150757 0.32448533177375793 0.026289813220500946
-0.30373722314834595 0.3065813183784485 0.02877596952021122
-0.3103809654712677 0.30352094769477844 0.026219584047794342
-0.2340763360261917 0.3659206032752991 0.025715554133057594
-0.21716304123401642 0.37149131298065186 0.02858254872262478
-0.20573543012142181 0.3742630183696747 0.028035596013069153
-0.21971678733825684 0.37337520718574524 0.025376781821250916
-0.20553064346313477 0.3763808310031891 0.025009414181113243
-0.1634618490934372 0.3731830418109894 0.02907404862344265
-0.16364814341068268 0.3763713240623474 0.025447696447372437
-0.15686799585819244 0.37584713101387024 0.03034937009215355
-0.15913690626621246 0.3739204704761505 0.031519364565610886
-0.376615971326828 -0.1853983849287033 0.025455240160226822
-0.37433212995529175 -0.20475494861602783 0.02799255959689617
-0.3762413561344147 -0.207830011844635 0.024925585836172104
-0.3677941858768463 -0.22926825284957886 0.02722950093448162
-0.37255623936653137 -0.21875590085983276 0.02716628834605217
-0.37107086181640625 -0.20979292690753937 0.02962767519056797
-0.36309537291526794 -0.23081301152706146 0.029431037604808807
-0.2736626863479614 -0.3344770669937134 0.028409400954842567
-0.28383445739746094 -0.32894471287727356 0.025351617485284805
-0.263832688331604 -0.3447517156600952 0.026176495477557182
-0.32448533177375793 -0.28832143545150757 0.026289813220500946
-0.3399098515510559 -0.2652631998062134 0.02909849025309086
-0.3407849073410034 -0.2685145139694214 0.02648572437465191
-0.2471933215856552 -0.35529011487960815 0.02776249498128891
-0.22789089381694794 -0.3693923056125641 0.02617608569562435
-0.2912585437297821 -0.31693241000175476 0.02947264537215233
-0.3242310881614685 -0.28371697664260864 0.02922186814248562
-0.30120909214019775 -0.31055960059165955 0.028007222339510918
-0.2305520921945572 -0.36433055996894836 0.0291195809841156
-0.3558180332183838 -0.24619413912296295 0.027908341959118843
-0.3036630153656006 -0.3104608654975891 0.02594372071325779
-0.2154679149389267 -0.3730562925338745 0.02767426148056984
-0.20643852651119232 -0.37248021364212036 0.029193030670285225
-0.20403997600078583 -0.374946266412735 0.02732624113559723
-0.15846748650074005 -0.37393030524253845 0.03323059156537056
-0.1653236597776413 -0.37379729747772217 0.02844170480966568
-0.16522160172462463 -0.3762514591217041 0.025488054379820824
-0.16191233694553375 -0.37338218092918396 0.029699210077524185
0.1588604599237442 0.3740614652633667 0.032540831714868546
0.16218388080596924 0.37663534283638 0.02477806806564331
0.1628161072731018 0.3744094669818878 0.028124026954174042
0.20704571902751923 0.37395599484443665 0.02820124663412571
0.22395563125610352 0.36830809712409973 0.02896341122686863
0.231160506606102 0.36551928520202637 0.02819821983575821
0.22736018896102905 0.36973318457603455 0.026035061106085777
0.2169276624917984 0.37339359521865845 0.02657388150691986
0.344381719827652 0.25795257091522217 0.02947143092751503
0.3563706576824188 0.24629944562911987 0.02745571918785572
0.3424935042858124 0.26635921001434326 0.026657834649086
0.24914763867855072 0.3558216691017151 0.02561306767165661
0.2557169198989868 0.34769201278686523 0.028864676132798195
0.37154537439346313 0.22604580223560333 0.024279244244098663
0.30343520641326904 0.3050740659236908 0.02943727932870388
0.32741814851760864 0.2803915739059448 0.0290727186948061
0.31852105259895325 0.29462724924087524 0.026598958298563957
0.27955788373947144 0.330265611410141 0.027993544936180115
0.3024269640445709 0.30986520648002625 0.02767881192266941
0.37274810671806335 0.22149495780467987 0.026577159762382507
0.3692012131214142 0.22369644045829773 0.028674913570284843
0.3644709289073944 0.19379562139511108 0.028993679210543633
0.37271901965141296 0.2050735056400299 0.028341665863990784
0.36593613028526306 0.19155701994895935 0.026972392573952675
0.37560293078422546 0.2132856398820877 0.02499854378402233
0.36358022689819336 0.18387870490550995 0.024495350196957588
0.3601076006889343 0.1795654147863388 0.02755868062376976
0.3537931740283966 0.1601552665233612 0.028385048732161522
0.35523101687431335 0.1578020304441452 0.02689950540661812
0.35288992524147034 0.1414637714624405 0.028177399188280106
0.3531138002872467 0.12814420461654663 0.028326058760285378
0.35677605867385864 0.10701174288988113 0.02669002301990986
0.3575591444969177 0.07608247548341751 0.02860228717327118
0.3600647449493408 0.07774242758750916 0.02535751834511757
0.36044466495513916 -0.055887091904878616 0.02701091207563877
0.3613892197608948 -0.03171128034591675 0.02718408592045307
0.3570675253868103 -0.0658673644065857 0.02930493839085102
0.3568761944770813 -0.09917498379945755 0.027582719922065735
0.3614870309829712 -0.059536341577768326 0.024440107867121696
0.3587668538093567 -0.09751959890127182 0.024637488648295403
0.36073747277259827 0.06474610418081284 0.02578846365213394
0.3582604229450226 0.06067180633544922 0.02875305339694023
0.35900720953941345 0.04035402834415436 0.029042640700936317
0.36161208152770996 0.01221743505448103 0.027510272338986397
0.3606870770454407 0.05073088780045509 0.02705022320151329
0.3623611330986023 0.03282150626182556 0.02534296363592148
0.3593069016933441 -0.03249140456318855 0.029006412252783775
0.36297380924224854 0.0010892864083871245 0.0252212043851614
0.353782594203949 -0.13009227812290192 0.027592238038778305
0.35620176792144775 -0.17839592695236206 0.02960193157196045
0.35638025403022766 -0.16876287758350372 0.027956724166870117
0.3625927269458771 -0.18224066495895386 0.025470810011029243
0.37098053097724915 -0.2088346630334854 0.029731612652540207
0.35392647981643677 -0.15564142167568207 0.02797401323914528
0.3535355031490326 -0.14370615780353546 0.02736920304596424
0.3628863990306854 -0.1887250542640686 0.02833770029246807
0.35870063304901123 -0.16908584535121918 0.024546625092625618
0.350484699010849 -0.1319701373577118 0.029536979272961617
0.36807772517204285 -0.1934782862663269 0.025781063362956047
0.3726755380630493 -0.20351120829582214 0.02785561978816986
0.37435927987098694 -0.21256372332572937 0.027077602222561836
0.36968138813972473 -0.22071051597595215 0.029287295415997505
0.37174490094184875 -0.2241523414850235 0.026316089555621147
0.3521949350833893 -0.24719993770122528 0.029488196596503258
0.3314472734928131 -0.27652525901794434 0.02870279923081398
0.3272774815559387 -0.2846205234527588 0.026797320693731308
0.34386080503463745 -0.2642568051815033 0.026875898241996765
0.3592182397842407 -0.2414829283952713 0.027715636417269707
0.30196601152420044 -0.31190577149391174 0.02616073749959469
0.2924921214580536 -0.31822434067726135 0.02835903689265251
0.256313294172287 -0.3469189405441284 0.029031902551651
0.2726173996925354 -0.3373905122280121 0.026755541563034058
0.3090979754924774 -0.3009442985057831 0.028962859883904457
0.22918586432933807 -0.36841168999671936 0.02644290402531624
0.24923940002918243 -0.3543650507926941 0.027295023202896118
0.22678495943546295 -0.36709854006767273 0.028708072379231453
0.21720150113105774 -0.3716817796230316 0.028379786759614944
0.2068866491317749 -0.3738171458244324 0.028324294835329056
0.21334202587604523 -0.37470972537994385 0.02596593089401722
0.20266717672348022 -0.37576529383659363 0.026380976662039757
0.1630803942680359 -0.3725878894329071 0.029423153027892113
0.16318121552467346 -0.3759745657444 0.02618781477212906
0.15922600030899048 -0.37527909874916077 0.029350129887461662
-0.3839055299758911 0.17453211545944214 0.017083073034882545
-0.3879173994064331 0.17612214386463165 0.01883033663034439
-0.3861534297466278 -0.17652103304862976 0.019346462562680244
-0.382386714220047 -0.1743173748254776 0.016804268583655357
-0.2725449204444885 0.17801667749881744 0.0400177426636219
-0.11659886687994003 0.17347250878810883 0.15288324654102325
-0.117659792304039 0.17191971838474274 0.18023186922073364
-0.13004884123802185 0.1747688353061676 0.1240992397069931
-0.14842261373996735 0.1758565455675125 0.1017211452126503
-0.15113069117069244 0.1803765743970871 0.0889415368437767
-0.2958892583847046 0.1775316745042801 0.03834950178861618
-0.2846096158027649 0.17983773350715637 0.035630445927381516
-0.17185872793197632 0.1766889989376068 0.08208515495061874
-0.265496164560318 0.18262383341789246 0.03613981977105141
-0.29509854316711426 0.1832742840051651 0.03204904496669769
-0.10893577337265015 0.1740437150001526 0.16805776953697205
-0.11130493879318237 0.17237399518489838 0.19906796514987946
-0.18930701911449432 0.17887918651103973 0.0671590119600296
-0.19084113836288452 0.17650988698005676 0.07184381037950516
-0.1193312555551529 0.17070618271827698 0.21374507248401642
-0.2073346972465515 0.179253488779068 0.05791891738772392
-0.21835263073444366 0.17713923752307892 0.057349756360054016
-0.2623496651649475 0.17982013523578644 0.0392838791012764
-0.23393379151821136 0.18006829917430878 0.046715401113033295
-0.24754345417022705 0.17737217247486115 0.04695047810673714
-0.10988924652338028 0.17185218632221222 0.21614958345890045
-0.29765093326568604 0.17935729026794434 0.03493206202983856
-0.3157069683074951 0.18159259855747223 0.03253361955285072
-0.32114705443382263 0.17785851657390594 0.0368538498878479
-0.11787542700767517 0.17548230290412903 0.13667984306812286
-0.23623038828372955 0.17611491680145264 0.05512220785021782
-0.3476030230522156 0.17899779975414276 0.03385808691382408
-0.34248435497283936 0.18189118802547455 0.03179159387946129
-0.3635602593421936 0.18044336140155792 0.032161906361579895
-0.3430172801017761 0.176788792014122 0.03891902416944504
-0.36988896131515503 0.17775361239910126 0.0351945161819458
-0.3244667053222656 0.18474523723125458 0.030967725440859795
-0.3784157633781433 0.1812637746334076 0.01968691684305668
-0.3786042034626007 0.18086622655391693 0.024078715592622757
-0.37562501430511475 0.1834740787744522 0.027367839589715004
-0.3821054995059967 0.17848215997219086 0.022999286651611328
-0.37637874484062195 0.177814781665802 0.03325904533267021
-0.1382523477077484 -0.17707447707653046 0.10663667321205139
-0.15609678626060486 -0.1766318827867508 0.09321867674589157
-0.15767256915569305 -0.17931953072547913 0.08602777123451233
-0.1434364765882492 -0.17481429874897003 0.11091308295726776
-0.2375447303056717 -0.18100491166114807 0.044485557824373245
-0.2237597554922104 -0.17808757722377777 0.053133394569158554
-0.25898444652557373 -0.17831376194953918 0.041956741362810135
-0.12872596085071564 -0.1737261563539505 0.13295340538024902
-0.1077161356806755 -0.17351768910884857 0.19037553668022156
-0.11725526303052902 -0.17248602211475372 0.1648949384689331
-0.10705239325761795 -0.17454327642917633 0.169071763753891
-0.10980702191591263 -0.17209815979003906 0.2145911604166031
-0.29270896315574646 -0.17751625180244446 0.038349732756614685
-0.3103218674659729 -0.17795133590698242 0.036881785839796066
-0.12047835439443588 -0.17103151977062225 0.2019779235124588
-0.11532369256019592 -0.1711665689945221 0.21372383832931519
-0.1210470125079155 -0.17515815794467926 0.1333775818347931
-0.20350629091262817 -0.17659980058670044 0.06512252241373062
-0.2939888536930084 -0.18133500218391418 0.033143896609544754
-0.3138660490512848 -0.1804160624742508 0.03365934640169144
-0.19362494349479675 -0.1791195273399353 0.06444553285837173
-0.12031684070825577 -0.1785791665315628 0.12204325199127197
-0.2803408205509186 -0.17903545498847961 0.03711225092411041
-0.11152458935976028 -0.17458656430244446 0.15357448160648346
-0.17750298976898193 -0.17684361338615417 0.07828956842422485
-0.2689470648765564 -0.1823488473892212 0.03575628995895386
-0.1679370254278183 -0.18096989393234253 0.0765170007944107
-0.30855968594551086 -0.18396152555942535 0.03132662549614906
-0.36557427048683167 -0.17805849015712738 0.0346151627600193
-0.3710043132305145 -0.18219539523124695 0.03099430911242962
-0.3369928300380707 -0.1805725395679474 0.03276970237493515
-0.3415592610836029 -0.18502798676490784 0.030497387051582336
-0.3201671242713928 -0.18401145935058594 0.031175648793578148
-0.32112917304039 -0.17835882306098938 0.03611263260245323
-0.3225362002849579 -0.17708519101142883 0.03904719650745392
-0.3752248287200928 -0.18187321722507477 0.028921622782945633
-0.37501999735832214 -0.17807501554489136 0.033290229737758636
-0.3787364959716797 -0.18021167814731598 0.025918347761034966
-0.3821606934070587 -0.17813633382320404 0.020252108573913574
-0.3782177269458771 -0.18041513860225677 0.017554854974150658
-0.38029739260673523 -0.17717301845550537 0.017959196120500565
-0.3786374032497406 -0.17391589283943176 0.015514948405325413
-0.37838754057884216 0.17297548055648804 0.01537118200212717
-0.37683698534965515 0.18171340227127075 0.01582241803407669
-0.37958824634552 0.17746299505233765 0.01755562797188759
-0.25505417585372925 -0.16893933713436127 0.21656878292560577
-0.131199449300766 -0.1684453934431076 0.21694011986255646
-0.13164907693862915 -0.1663069725036621 0.21794746816158295
-0.12572862207889557 -0.16959568858146667 0.21568216383457184
-0.1127353310585022 -0.1706937551498413 0.21651549637317657
0.15830624103546143 -0.12364739924669266 0.2185877114534378
-0.12063019722700119 0.16913409531116486 0.21644099056720734
-0.23192861676216125 0.16891780495643616 0.2166605442762375
-0.2614394426345825 0.16998383402824402 0.2169438749551773
-0.2882024347782135 0.28455573320388794 0.0
-0.28143444657325745 0.28986188769340515 0.0
-0.2173062413930893 0.31519415974617004 -4.0983622051626867e-10
-0.23390913009643555 0.3352864980697632 2.9021642866666753e-09
-0.3356355130672455 0.22721020877361298 -1.4460105335345474e-09
-0.2276289016008377 0.33562129735946655 -3.4823883776624598e-09
-0.3245992958545685 0.21598611772060394 -4.697068067827104e-09
-0.31791120767593384 0.21621392667293549 2.100308954533503e-10
-0.273634672164917 0.29077327251434326 0.0
-0.33501768112182617 0.23485560715198517 -9.109809018248427e-10
-0.2606734335422516 0.27664729952812195 0.0
-0.2622157037258148 0.2688218951225281 0.0
-0.21567557752132416 0.32145828008651733 1.363474333437864e-10
-0.2666158378124237 0.28785890340805054 0.0
-0.23748262226581573 0.3097398579120636 -5.15679832169269e-10
-0.26234421133995056 0.28265562653541565 0.0
-0.24247750639915466 0.31550702452659607 0.0
-0.3128443658351898 0.2188890278339386 -7.9439559097505e-11
-0.3307706415653229 0.24064773321151733 -1.6459184015715778e-09
-0.2303774505853653 0.30765223503112793 -2.865977899446648e-09
-0.24396507441997528 0.3219507336616516 2.252878106290268e-09
-0.2227853387594223 0.30930623412132263 -3.2509133163216575e-09
-0.21755215525627136 0.32894521951675415 7.480352337552176e-09
-0.24243472516536713 0.3280335068702698 5.239498168663204e-09
-0.22248044610023499 0.3337661325931549 3.7132463770461754e-09
-0.3242425322532654 0.2437501847743988 -2.41255904143145e-09
-0.308849960565567 0.22390371561050415 -5.059437757637397e-09
-0.33177345991134644 0.21969521045684814 -7.763269138649775e-09
-0.23922108113765717 0.33219724893569946 -2.469835225227257e-09
-0.30766960978507996 0.2308434545993805 -1.9051218380639057e-09
-0.31799444556236267 0.24337050318717957 -1.6602674790533456e-10
-0.3127308487892151 0.2407170534133911 0.0
-0.28971633315086365 0.2697593867778778 0.0
-0.2856566905975342 0.26439133286476135 0.0
-0.3091064691543579 0.23601402342319489 0.0
-0.28082188963890076 0.2615441679954529 0.0
-0.2737607955932617 0.2607198655605316 0.0
-0.2908317446708679 0.27715638279914856 0.0
-0.2672714293003082 0.2633044421672821 0.0
-0.26944079995155334 -0.2895064055919647 0.0
-0.23898805677890778 -0.3109736144542694 0.0
-0.243514284491539 -0.31780102849006653 -6.5504495161405885e-09
-0.26499950885772705 -0.2862788438796997 0.0
-0.24053306877613068 -0.33084040880203247 -2.4959958544457095e-09
-0.23498234152793884 -0.334968626499176 8.661858785785626e-09
-0.29076868295669556 -0.27815714478492737 0.0
-0.28775328397750854 -0.28500011563301086 0.0
-0.3157052993774414 -0.24272122979164124 -4.182951762743414e-09
-0.3103332221508026 -0.23803342878818512 -1.415642936208883e-09
-0.28790032863616943 -0.26673728227615356 0.0
-0.28352153301239014 -0.2886773347854614 0.0
-0.27716347575187683 -0.29092904925346375 0.0
-0.2821296453475952 -0.26198118925094604 0.0
-0.2620029151439667 -0.2819845378398895 0.0
-0.33362913131713867 -0.2375115156173706 -3.4255316361253563e-09
-0.24325016140937805 -0.32600137591362 9.052592009339833e-10
-0.3183487355709076 -0.216068297624588 1.5543356601810387e-09
-0.3079126477241516 -0.232826828956604 1.6703847194321497e-09
-0.23301804065704346 -0.3079875111579895 7.40157157785859e-10
-0.26999908685684204 -0.26176124811172485 0.0
-0.2645321190357208 -0.26569199562072754 0.0
-0.26135626435279846 -0.2711978554725647 0.0
-0.2607516944408417 -0.27678051590919495 0.0
-0.2758880853652954 -0.26071831583976746 0.0
-0.3083553910255432 -0.2250228226184845 -9.994141514368948e-09
-0.22513480484485626 -0.30822834372520447 1.5511445461413587e-09
-0.3285132050514221 -0.24218767881393433 2.9555411451553937e-09
-0.32304930686950684 -0.2438318133354187 -5.355583754251825e-10
-0.21583710610866547 -0.3191806972026825 3.7258326979205947e-10
-0.33595728874206543 -0.2294178605079651 -5.490013776920932e-09
-0.2216925472021103 -0.33324095606803894 -3.00274849429627e-09
-0.21688389778137207 -0.3277525007724762 9.492619135187397e-09
-0.3326431214809418 -0.22063855826854706 -1.0791832316670025e-08
-0.32529112696647644 -0.21611960232257843 -1.568954410835488e-09
-0.3126082420349121 -0.21906358003616333 -1.0194272093144718e-09
-0.21883703768253326 -0.31287872791290283 3.3212808059346344e-09
-0.22746431827545166 -0.335652619600296 -6.765641824557633e-09
-0.2902939021587372 -0.27180662751197815 0.0
0.2290298193693161 -0.33587318658828735 2.516736596902547e-09
0.23748879134655 -0.3337693214416504 -8.753022612273398e-11
0.30906060338020325 -0.22366514801979065 -4.678973208882553e-09
0.3075527846813202 -0.22992654144763947 -1.8848573812846325e-09
0.2171066850423813 -0.3155611455440521 -3.370144441294798e-10
0.21565313637256622 -0.32353582978248596 -1.870920085522698e-09
0.33588582277297974 -0.22822615504264832 -4.088646365918436e-10
0.32344916462898254 -0.24396243691444397 -3.2890874468449738e-09
0.33048731088638306 -0.24084879457950592 -3.270068438254725e-09
0.3179626166820526 -0.21620377898216248 3.664539158232394e-11
0.3245942294597626 -0.21599280834197998 -2.533808052262998e-09
0.2732941508293152 -0.30659395456314087 -8.562242470588899e-09
0.2704744338989258 -0.3131466209888458 -7.657590117560176e-09
0.3125598132610321 -0.21909570693969727 1.3129346221329996e-10
0.3344123363494873 -0.23606762290000916 -1.311409730808677e-10
0.26058611273765564 -0.3000640869140625 -1.877877409128814e-09
0.2642650604248047 -0.28558599948883057 0.0
0.2656339406967163 -0.298939973115921 7.27487803331428e-09
0.268351286649704 -0.28884994983673096 0.0
0.22090278565883636 -0.3108309507369995 1.2402553428714214e-09
0.33169466257095337 -0.2196323126554489 -6.285596043653641e-09
0.2427581250667572 -0.32747316360473633 1.7406028840483145e-09
0.26153919100761414 -0.2806761562824249 0.0
0.2336347997188568 -0.3081510066986084 3.2141903721916165e-11
0.2743799090385437 -0.29092904925346375 0.0
0.27009496092796326 -0.3006344735622406 3.333253395521041e-10
0.22664126753807068 -0.3078882098197937 1.3891222394590841e-08
0.2606613039970398 -0.27513939142227173 0.0
0.21904942393302917 -0.33087673783302307 1.2178016373098899e-09
0.28304538130760193 -0.28912854194641113 0.0
0.2629185616970062 -0.2676180601119995 0.0
0.24259532988071442 -0.3156321942806244 -1.0706288078310422e-09
0.2575504183769226 -0.31063899397850037 7.51766204842852e-09
0.2438783198595047 -0.3216227889060974 0.0
0.2231636941432953 -0.3341124653816223 1.7090783233086881e-09
0.2637190520763397 -0.3152019679546356 5.4086073397741075e-09
0.2694137692451477 -0.26198115944862366 0.0
0.2895324230194092 -0.2823984920978546 0.0
0.2573026716709137 -0.3044078052043915 1.997165544054269e-09
0.23850806057453156 -0.31067439913749695 -1.1877915317981547e-09
0.29080748558044434 -0.27414470911026 0.0
0.27640366554260254 -0.2606876790523529 0.0
0.2825625538825989 -0.26225847005844116 0.0
0.31003206968307495 -0.23792897164821625 0.0
0.2882484793663025 -0.26711544394493103 0.0
0.315989226102829 -0.2426990270614624 -1.3680699628704218e-10
0.26068031787872314 0.3001304864883423 1.3819082544941352e-09
0.2654609680175781 0.2988784909248352 -3.018425953627002e-09
0.3355991840362549 0.22710920870304108 4.5762615918931715e-09
0.31197482347488403 0.21960754692554474 -1.216434397655064e-09
0.3180369734764099 0.21612384915351868 3.1477227491194526e-09
0.3228548765182495 0.24383872747421265 -4.425927624396309e-09
0.23915429413318634 0.3110957443714142 -2.963794543120457e-09
0.2570819556713104 0.30922532081604004 -1.133211302573045e-08
0.2576833963394165 0.3034959137439728 -4.055256574986288e-09
0.21862852573394775 0.31309595704078674 3.049140051558652e-09
0.30847033858299255 0.2249530851840973 -5.178398154725983e-09
0.2156413048505783 0.32021328806877136 -1.695759199726865e-09
0.24329426884651184 0.31740012764930725 -3.6246694534725066e-10
0.3166618049144745 0.24301418662071228 -1.963696982798524e-09
0.3351469337940216 0.2345343381166458 -5.663358670915386e-09
0.22869957983493805 0.3359188437461853 -9.031295711281473e-09
0.23816518485546112 0.3333404064178467 -1.6211355813311457e-08
0.27104082703590393 0.3013642132282257 1.7985055222879964e-08
0.27024877071380615 0.313127338886261 3.5944178744529154e-09
0.2731761932373047 0.30824145674705505 7.207568430978029e-10
0.32980042695999146 0.2415572851896286 9.424977243099875e-09
0.30775904655456543 0.2319256067276001 -1.7736043744775998e-09
0.22512434422969818 0.3082368075847626 2.6765374361303884e-09
0.23306965827941895 0.3080001175403595 1.4060458353171157e-09
0.3242857754230499 0.2159740924835205 -1.913737007236307e-16
0.2435082197189331 0.3255741000175476 -4.297908251515992e-09
0.2656555473804474 0.3151884973049164 6.590065382283683e-09
0.2172267884016037 0.32825949788093567 7.213880159895325e-09
0.2605246305465698 0.31374573707580566 3.3896063733607207e-09
0.3293069899082184 0.2179115265607834 -1.7334996771367628e-09
0.3106969892978668 0.2386971265077591 -8.196870265875233e-11
0.3333301842212677 0.22185197472572327 -1.8427526171649333e-09
0.22167353332042694 0.3332287073135376 -5.972174310642231e-09
-0.2426275908946991 0.14913402497768402 0.33100011944770813
-0.2421598881483078 0.14669060707092285 0.3310000002384186
-0.24570317566394806 0.1442907154560089 0.3309996724128723
-0.2269498109817505 -0.12644173204898834 0.3100040853023529
-0.22636257112026215 -0.10941080003976822 0.30999982357025146
-0.24919040501117706 -0.03303786367177963 0.3100000023841858
-0.24982820451259613 0.02544363960623741 0.3100000023841858
-0.24424339830875397 0.05883597955107689 0.3100000023841858
-0.2605583667755127 0.1516856700181961 0.3149993121623993
-0.2601398825645447 0.13214775919914246 0.3150002360343933
-0.33950090408325195 0.15986213088035583 0.315000057220459
-0.2685549557209015 0.15990254282951355 0.3150000274181366
-0.37663576006889343 0.04436956346035004 0.3150000274181366
-0.3454607129096985 -0.1557011753320694 0.31500011682510376
-0.35373833775520325 -0.1361771523952484 0.3150000274181366
-0.36919042468070984 0.08622559159994125 0.3150000274181366
-0.3571895360946655 0.12743166089057922 0.3150000274181366
-0.3673305809497833 -0.09488459676504135 0.3150000274181366
-0.34475845098495483 0.15670651197433472 0.31499817967414856
-0.3770245611667633 -0.040934402495622635 0.3150000274181366
-0.379122793674469 0.00152672384865582 0.3150000274181366
-0.3406528830528259 -0.1596585512161255 0.31499993801116943
-0.2741262912750244 -0.15984424948692322 0.31500014662742615
-0.23325221240520477 -0.13511967658996582 0.3150002956390381
-0.24578221142292023 0.05203472822904587 0.3150000274181366
-0.23683056235313416 0.08342358469963074 0.3150000274181366
-0.2254459112882614 -0.11146725714206696 0.3149999678134918
-0.239095538854599 -0.07759304344654083 0.3150000274181366
-0.2287621796131134 0.10376955568790436 0.31499946117401123
-0.24955755472183228 -0.03013940341770649 0.3150000274181366
-0.2508673667907715 0.01349374745041132 0.3150000274181366
-0.25497913360595703 0.12272188067436218 0.3150002360343933
-0.24577753245830536 0.11641117930412292 0.31499916315078735
-0.2745722234249115 -0.15497902035713196 0.3150000274181366
-0.27969732880592346 -0.15437616407871246 0.3150000274181366
-0.27928707003593445 -0.13737554848194122 0.31499844789505005
-0.27106547355651855 -0.13815146684646606 0.31499266624450684
-0.28506937623023987 -0.14364302158355713 0.31500062346458435
-0.32750189304351807 -0.14239095151424408 0.3150060176849365
-0.32748427987098694 -0.14939890801906586 0.3150053918361664
-0.28489258885383606 0.14291779696941376 0.3150065541267395
-0.32708942890167236 0.14825765788555145 0.31500306725502014
-0.32800158858299255 0.1416657716035843 0.3150002360343933
-0.3432939052581787 -0.1516197919845581 0.3150000274181366
-0.3372442126274109 -0.15515923500061035 0.3150036633014679
-0.2828421890735626 0.15234535932540894 0.31499505043029785
-0.2694155275821686 -0.15244367718696594 0.31498900055885315
-0.34512802958488464 -0.14580479264259338 0.3150010108947754
-0.3450930714607239 0.1453491598367691 0.3150024116039276
-0.3423602283000946 0.13926251232624054 0.3150189220905304
-0.3337484896183014 0.13691745698451996 0.3149912655353546
-0.2788925766944885 0.13732196390628815 0.3150046467781067
-0.3312714993953705 -0.15379124879837036 0.3150065243244171
-0.3307996392250061 0.15358036756515503 0.3150170147418976
-0.34239575266838074 -0.1392783522605896 0.31500425934791565
-0.33387479186058044 -0.13686878979206085 0.3150002658367157
-0.27288469672203064 0.13738201558589935 0.3149975538253784
-0.3440037965774536 0.15027554333209991 0.3150000274181366
-0.33863329887390137 0.15489090979099274 0.31499606370925903
-0.26759761571884155 0.1423034369945526 0.3149866759777069
-0.26684263348579407 -0.14531277120113373 0.3149752914905548
-0.2335418462753296 0.11437951773405075 0.31500139832496643
-0.22922316193580627 0.10900668054819107 0.31500035524368286
-0.28357914090156555 -0.15104877948760986 0.31500789523124695
-0.22625651955604553 -0.12457050383090973 0.3150002658367157
-0.26711317896842957 0.14810483157634735 0.3150000274181366
-0.2765297293663025 0.15511731803417206 0.3150000274181366
-0.2705933451652527 0.15358783304691315 0.31500664353370667
-0.26294514536857605 0.156953826546669 0.31499913334846497
-0.2706989049911499 -0.15002457797527313 0.3169995844364166
-0.27645713090896606 -0.15283484756946564 0.3169999122619629
-0.27035024762153625 -0.15320487320423126 0.31700000166893005
-0.28125637769699097 -0.141492560505867 0.3170006275177002
-0.28046974539756775 -0.13788488507270813 0.3170032501220703
-0.2845362424850464 -0.14281420409679413 0.31700000166893005
-0.2682434916496277 -0.1409505158662796 0.3170100152492523
-0.27411743998527527 -0.13706345856189728 0.31700000166893005
-0.27471843361854553 -0.13943929970264435 0.3169998824596405
-0.2695139944553375 -0.1437237709760666 0.31699904799461365
-0.28218063712120056 -0.14876621961593628 0.3170005679130554
-0.2845706343650818 -0.1497732251882553 0.3170016407966614
-0.2776833176612854 -0.1551392823457718 0.3170014023780823
-0.2670663893222809 -0.14811639487743378 0.31700000166893005
-0.2827591896057129 -0.14521174132823944 0.3250013291835785
-0.28036993741989136 -0.15101784467697144 0.32500016689300537
-0.2759539783000946 -0.15262438356876373 0.32500016689300537
-0.2714618742465973 -0.15085576474666595 0.32499831914901733
-0.2786214053630829 -0.13980534672737122 0.3250008523464203
-0.26927080750465393 -0.14495497941970825 0.3250003755092621
-0.2729652225971222 -0.14010560512542725 0.3250007629394531
-0.33985066413879395 -0.14052845537662506 0.31700146198272705
-0.3434560298919678 -0.14082813262939453 0.31700000166893005
-0.3426143527030945 -0.14523491263389587 0.31699883937835693
-0.33831822872161865 -0.1370379626750946 0.3170139193534851
-0.3311828374862671 -0.13817769289016724 0.31700050830841064
-0.32960453629493713 -0.1441134214401245 0.3170003294944763
-0.32737094163894653 -0.14293910562992096 0.31700000166893005
-0.3272422254085541 -0.14883212745189667 0.317002534866333
-0.3307981789112091 -0.15049953758716583 0.3170012831687927
-0.3307417035102844 -0.15344086289405823 0.31700000166893005
-0.3335338830947876 -0.13966231048107147 0.3169998824596405
-0.340444952249527 -0.151170551776886 0.31700026988983154
-0.3424278795719147 -0.15270984172821045 0.3169904947280884
-0.33584675192832947 -0.15515461564064026 0.31700000166893005
-0.34524574875831604 -0.1457483321428299 0.31699493527412415
-0.3354479670524597 -0.1525297611951828 0.31700003147125244
-0.33841046690940857 -0.15218450129032135 0.3249998688697815
-0.34238940477371216 -0.14821569621562958 0.32499945163726807
-0.3331049680709839 -0.15203435719013214 0.3250005543231964
-0.3420299291610718 -0.14341792464256287 0.32500001788139343
-0.33847659826278687 -0.1397654265165329 0.32500097155570984
-0.3294776380062103 -0.14759548008441925 0.3250011205673218
-0.3313938081264496 -0.14093351364135742 0.32500264048576355
-0.33055880665779114 0.14203761518001556 0.31700024008750916
-0.3351325988769531 0.13943004608154297 0.31700074672698975
-0.3307417035102844 0.13855914771556854 0.31700000166893005
-0.33059465885162354 0.15339000523090363 0.31700000166893005
-0.33592545986175537 0.15513239800930023 0.31700000166893005
-0.33337754011154175 0.1522064208984375 0.3170016407966614
-0.34025120735168457 0.1513804942369461 0.31699851155281067
-0.34108275175094604 0.15358760952949524 0.31700000166893005
-0.3449813723564148 0.14817054569721222 0.31700417399406433
-0.3295515179634094 0.14779718220233917 0.31700122356414795
-0.3275100886821747 0.1492530256509781 0.31700000166893005
-0.3426428437232971 0.14466887712478638 0.3169999122619629
-0.3435821831226349 0.14068308472633362 0.31700247526168823
-0.3392734229564667 0.14025796949863434 0.31700047850608826
-0.3270975649356842 0.14348144829273224 0.31700676679611206
-0.3367408215999603 0.13675472140312195 0.3170105218887329
-0.34276315569877625 0.14687339961528778 0.3250013291835785
-0.3403202295303345 0.14094601571559906 0.32500049471855164
-0.33409714698791504 0.13937391340732574 0.32500165700912476
-0.3383958339691162 0.15228566527366638 0.32500046491622925
-0.32920894026756287 0.1454826146364212 0.32499960064888
-0.3321094512939453 0.1514918953180313 0.3250004053115845
-0.27180686593055725 0.1409330666065216 0.3169994354248047
-0.2766365110874176 0.13925696909427643 0.3169999122619629
-0.27629634737968445 0.1366029679775238 0.31698980927467346
-0.26664382219314575 0.1473194807767868 0.3169807493686676
-0.2707033157348633 0.1500106006860733 0.31700050830841064
-0.2693745791912079 0.1450718492269516 0.3170000910758972
-0.27059465646743774 0.15339002013206482 0.31700000166893005
-0.276818186044693 0.15523476898670197 0.3169971704483032
-0.2741352319717407 0.15231691300868988 0.31700000166893005
-0.2837808132171631 0.15115824341773987 0.31699660420417786
-0.28250280022621155 0.1479351818561554 0.31700238585472107
-0.27851805090904236 0.152134969830513 0.3169993460178375
-0.28150880336761475 0.1423226147890091 0.31699973344802856
-0.28445443511009216 0.14179623126983643 0.317001074552536
-0.2690828740596771 0.13995108008384705 0.3170005679130554
-0.282543420791626 0.14520761370658875 0.3249995708465576
-0.28048044443130493 0.14108364284038544 0.3250002861022949
-0.2759876251220703 0.13939157128334045 0.3250000774860382
-0.28145918250083923 0.1499122530221939 0.32499459385871887
-0.27532950043678284 0.1528206169605255 0.32499971985816956
-0.2712942659854889 0.1412147730588913 0.3249998092651367
-0.2694215476512909 0.14798425137996674 0.32500046491622925
-0.22811399400234222 0.13644912838935852 0.3420023024082184
-0.23575912415981293 0.14729061722755432 0.3419809341430664
-0.24056684970855713 0.13477455079555511 0.3470165431499481
-0.24172115325927734 0.13938215374946594 0.3465850353240967
-0.23456351459026337 0.13714610040187836 0.3470180928707123
-0.23834411799907684 0.140631303191185 0.34733256697654724
-0.2349182367324829 0.13477195799350739 0.34648677706718445
-0.0033713551238179207 0.05000897869467735 0.2356000393629074
0.011566613800823689 0.04889718070626259 0.2356000393629074
0.050067950040102005 0.0008948036702349782 0.2356000393629074
0.049052946269512177 -0.010299142450094223 0.2356000393629074
0.04549790173768997 -0.020917482674121857 0.2356000393629074
0.02867954969406128 0.041352178901433945 0.2356000393629074
0.037465136498212814 -0.033598851412534714 0.2356000393629074
0.04173747077584267 0.027976859360933304 0.2356000393629074
0.024735521525144577 -0.04359378293156624 0.2356000393629074
0.048407502472400665 0.013216800056397915 0.2356000393629074
0.014421772211790085 -0.04795427620410919 0.2356000393629074
0.0033713551238179207 -0.05000897869467735 0.2356000393629074
-0.011566613800823689 -0.04889718070626259 0.2356000393629074
-0.02867954969406128 -0.041352178901433945 0.2356000393629074
-0.04173747077584267 -0.027976859360933304 0.2356000393629074
-0.048407502472400665 -0.013216800056397915 0.2356000393629074
-0.050067950040102005 -0.0008948036702349782 0.2356000393629074
-0.049052946269512177 0.010299142450094223 0.2356000393629074
-0.04549790173768997 0.020917482674121857 0.2356000393629074
-0.037465136498212814 0.033598851412534714 0.2356000393629074
-0.024735521525144577 0.04359378293156624 0.2356000393629074
-0.014421772211790085 0.04795427620410919 0.2356000393629074
-0.48303458094596863 0.07000671327114105 0.229278564453125
-0.48108911514282227 0.07018917053937912 0.25159022212028503
-0.48300835490226746 0.07097924500703812 0.2296391725540161
-0.4833199381828308 0.07359254360198975 0.2269553244113922
-0.48116573691368103 0.07107077538967133 0.25078749656677246
-0.48091691732406616 0.07399426400661469 0.25355997681617737
-0.4909436106681824 0.07081174850463867 0.2307237684726715
-0.48918846249580383 0.07089952379465103 0.2508610188961029
-0.48929405212402344 0.07221700251102448 0.24975396692752838
-0.4889758229255676 0.0729895606637001 0.25346067547798157
-0.4911727011203766 0.09583695232868195 0.2301347553730011
-0.4910329580307007 0.09461192041635513 0.2316967397928238
-0.49132239818573 0.09315148741006851 0.22819626331329346
-0.48930224776268005 0.0937868133187294 0.2514994144439697
-0.4893156886100769 0.09603701531887054 0.25143924355506897
-0.4891171455383301 0.09331495314836502 0.25349941849708557
-0.4903280735015869 0.0960521474480629 0.23983529210090637
-0.49015364050865173 0.09596502035856247 0.24182827770709991
-0.4891001284122467 0.07506202161312103 0.25221043825149536
-0.4911639988422394 0.07321850955486298 0.2283831238746643
-0.49105939269065857 0.07454422861337662 0.2296992987394333
-0.49081555008888245 0.07219141721725464 0.23230428993701935
-0.4911890923976898 0.09161467105150223 0.2295997589826584
-0.4867796003818512 0.09513616561889648 0.2505240738391876
-0.4867480397224426 0.09431453794240952 0.2508774995803833
-0.4865669906139374 0.09256842732429504 0.2527528703212738
-0.4884379208087921 0.09497231245040894 0.23155510425567627
-0.4864240288734436 0.07394078373908997 0.2528775632381439
-0.48673462867736816 0.07183076441287994 0.24931004643440247
-0.48656922578811646 0.07156923413276672 0.25101980566978455
-0.4865112602710724 0.07525000721216202 0.25198376178741455
-0.48827049136161804 0.07239862531423569 0.23157742619514465
-0.48849251866340637 0.07328670471906662 0.2291756570339203
-0.48817285895347595 0.07101786881685257 0.23258180916309357
-0.49032458662986755 0.10279253870248795 0.05754733085632324
-0.4908965229988098 0.10456683486700058 0.05093467980623245
-0.4912850558757782 0.10057041049003601 0.050402410328388214
-0.4905518889427185 0.08843626827001572 0.05435387045145035
-0.49147361516952515 0.09282294660806656 0.04956736043095589
-0.49115216732025146 0.08941871672868729 0.048012521117925644
-0.4906957149505615 0.09757762402296066 0.05634225532412529
-0.4901353716850281 0.09439685940742493 0.06000378727912903
-0.491103857755661 0.0928589478135109 0.054385337978601456
-0.4916430413722992 0.09665024280548096 0.04775025323033333
-0.49146172404289246 0.10114354640245438 0.04525657370686531
-0.4914868175983429 0.09400724619626999 0.044187553226947784
-0.5017947554588318 0.09280665218830109 0.05487293004989624
-0.502312183380127 0.09792955964803696 0.048917368054389954
-0.5021768808364868 0.09314655512571335 0.0505058653652668
-0.49820494651794434 0.09587005525827408 0.0569101944565773
-0.5016077160835266 0.0968691036105156 0.0572051927447319
-0.5018967986106873 0.10061006993055344 0.05370596423745155
-0.4989105463027954 0.09879205375909805 0.04896920546889305
-0.49880337715148926 0.09320018440485 0.0500539168715477
-0.49845781922340393 0.10050192475318909 0.0541267916560173
-0.4984601140022278 0.09257620573043823 0.05397799611091614
-0.49825331568717957 0.10285859555006027 0.0563419871032238
-0.4988998472690582 0.10277176648378372 0.04895295202732086
-0.4992104768753052 0.09639334678649902 0.04540172591805458
-0.4979381263256073 0.09650397300720215 0.05994535982608795
-0.49888262152671814 0.09010837227106094 0.04914842173457146
-0.4982457756996155 0.09023068100214005 0.056429263204336166
-0.4926600456237793 0.09664474427700043 0.04484892264008522
-0.4923524260520935 0.10287129878997803 0.048569388687610626
-0.4923456013202667 0.09027786552906036 0.048367053270339966
-0.4917246103286743 0.09012328833341599 0.05565568804740906
-0.49136024713516235 0.09648919105529785 0.059415001422166824
-0.49171698093414307 0.10278117656707764 0.05571795627474785
-0.49155741930007935 0.09965384006500244 0.05485445261001587
-0.4888897240161896 0.09418807178735733 0.055519480258226395
-0.4893243610858917 0.09254082292318344 0.050550781190395355
-0.4889760911464691 0.09984098374843597 0.054527025669813156
-0.48936331272125244 0.10022694617509842 0.05010170489549637
-0.4895857274532318 0.09644998610019684 0.04755939170718193
-0.4829190671443939 0.0854506716132164 0.25679007172584534
-0.47764283418655396 0.08164660632610321 0.25625234842300415
-0.4791871905326843 0.08609889447689056 0.2563186287879944
-0.48312047123908997 0.08001109212636948 0.25668129324913025
-0.4807897210121155 0.08174096792936325 0.22399908304214478
-0.4868476390838623 0.08248717337846756 0.22443822026252747
-0.4827215373516083 0.08631650358438492 0.22405670583248138
-0.4837087094783783 0.0798884779214859 0.22460919618606567
-0.4847351908683777 0.08588144183158875 0.22466018795967102
-0.48109909892082214 0.09367778897285461 0.2531696856021881
-0.4813089966773987 0.09703227132558823 0.25123926997184753
-0.4832855761051178 0.09667804092168808 0.22853246331214905
-0.48334410786628723 0.09311190992593765 0.22694392502307892
-0.4854409396648407 0.08395133912563324 0.22665154933929443
-0.4822099208831787 0.0961463525891304 0.24113474786281586
-0.48242446780204773 0.0960526391863823 0.23914644122123718
-0.48317793011665344 0.0960143506526947 0.22972838580608368
-0.4813668727874756 0.09607977420091629 0.250508576631546
-0.4767184555530548 0.08563139289617538 0.2558843195438385
-0.4820496141910553 0.09063490480184555 0.25630858540534973
-0.48058629035949707 0.07864643633365631 0.2562665343284607
-0.47634950280189514 0.08127753436565399 0.2551097869873047
-0.48720479011535645 0.08354415744543076 0.2568117380142212
-0.4897128641605377 0.08308647572994232 0.22511206567287445
-0.4795213043689728 0.08547510951757431 0.22420838475227356
-0.4790477156639099 0.08133026212453842 0.22419388592243195
-0.48380419611930847 0.0783798098564148 0.22461773455142975
-0.4847675859928131 0.09040535241365433 0.22464586794376373
-0.47838571667671204 0.06633450835943222 0.11579833924770355
-0.4784419536590576 0.069920614361763 0.11527085304260254
-0.4781438112258911 0.07284749299287796 0.11867893487215042
-0.47807228565216064 0.06395132839679718 0.11950357258319855
-0.4777829349040985 0.07148011028766632 0.12280315905809402
-0.47771286964416504 0.06691837310791016 0.12360487133264542
-0.47826293110847473 0.15050692856311798 0.11743947863578796
-0.4784579873085022 0.14624105393886566 0.11508768051862717
-0.4782135486602783 0.14235557615756989 0.11788127571344376
-0.4779251217842102 0.14258791506290436 0.1211785078048706
-0.4778282046318054 0.14997528493404388 0.12228603661060333
-0.47769400477409363 0.14592264592647552 0.12382028251886368
-0.47574615478515625 0.14929068088531494 0.14607451856136322
-0.47582244873046875 0.14419953525066376 0.14541909098625183
-0.4754021167755127 0.14214062690734863 0.15001645684242249
-0.4751785397529602 0.14781831204891205 0.1538156419992447
-0.4754543602466583 0.15095649659633636 0.14941926300525665
-0.4736268222332001 0.1437411606311798 0.15255139768123627
-0.47560185194015503 0.07297242432832718 0.14791713654994965
-0.4758487641811371 0.06817153096199036 0.14491096138954163
-0.47563448548316956 0.06465170532464981 0.1473601758480072
-0.4753513038158417 0.06437420845031738 0.1505970060825348
-0.47186169028282166 0.0642593652009964 0.14989709854125977
-0.47514235973358154 0.07079316675662994 0.1529856026172638
-0.47508129477500916 0.06710968911647797 0.15368333458900452
-0.4879155158996582 0.08406450599431992 0.2552642226219177
-0.4833173453807831 0.079424649477005 0.2548934519290924
-0.4769095778465271 0.08569468557834625 0.2542944848537445
-0.47961854934692383 0.07877473533153534 0.254575252532959
-0.48345258831977844 0.09133847057819366 0.2548448443412781
-0.4856916666030884 0.09102077037096024 0.22630827128887177
-0.4787890315055847 0.0848047062754631 0.2257549911737442
-0.4810084402561188 0.0788557380437851 0.22611896693706512
-0.48592573404312134 0.07936897873878479 0.2264121174812317
-0.48984694480895996 0.08336032927036285 0.22672809660434723
-0.4829472601413727 0.08515602350234985 0.2540183961391449
-0.48302212357521057 0.08223364502191544 0.25279363989830017
-0.4792097210884094 0.08604800701141357 0.2529655396938324
-0.4786231219768524 0.07627192884683609 0.253132164478302
-0.47856825590133667 0.0815524011850357 0.2526905834674835
-0.48308563232421875 0.08475232869386673 0.25483787059783936
-0.4783511459827423 0.08264219760894775 0.2544398307800293
-0.4813966453075409 0.08063387870788574 0.25471821427345276
-0.4792982339859009 0.0852908045053482 0.2545052468776703
-0.4790568947792053 0.09529397636651993 0.24119651317596436
-0.47456857562065125 0.09515510499477386 0.24164117872714996
-0.47808122634887695 0.09510306268930435 0.23754346370697021
-0.4806675910949707 0.0807519257068634 0.22695408761501312
-0.48107680678367615 0.07610507309436798 0.22741320729255676
-0.4810003936290741 0.09065623581409454 0.22691215574741364
-0.4808219373226166 0.08574119955301285 0.22690071165561676
-0.48537349700927734 0.08336738497018814 0.22808299958705902
-0.4806312024593353 0.0830041691660881 0.2259271889925003
-0.48302045464515686 0.08565071225166321 0.2261183261871338
-0.48862868547439575 0.0928657203912735 0.22912555932998657
-0.4657513201236725 0.08336716145277023 0.2648889720439911
-0.4661218523979187 0.08670979738235474 0.26076632738113403
-0.4664125442504883 0.08351301401853561 0.2574273645877838
-0.46627432107925415 0.0800701305270195 0.2589385509490967
-0.465986430644989 0.07948246598243713 0.26222509145736694
-0.4887799918651581 0.07955632358789444 0.025820652022957802
-0.4889660179615021 0.07527316361665726 0.0236657727509737
-0.48886069655418396 0.0713934451341629 0.024882135912775993
-0.488230437040329 0.0789201408624649 0.032086700201034546
-0.4880771338939667 0.0745420977473259 0.03381459042429924
-0.48832762241363525 0.07016854733228683 0.030985591933131218
-0.46489688754081726 0.15276208519935608 0.2987809479236603
-0.4650627076625824 0.16233019530773163 0.29689669609069824
-0.46528151631355286 0.15733054280281067 0.2943425178527832
-0.4645865857601166 0.16257347166538239 0.30231404304504395
-0.4643828570842743 0.15876302123069763 0.3046523630619049
-0.4644526541233063 0.15501898527145386 0.30386754870414734
-0.46497878432273865 0.07016437500715256 0.2978390157222748
-0.4646172523498535 0.0798262283205986 0.30198779702186584
-0.4651639461517334 0.07846563309431076 0.2957262694835663
-0.46525076031684875 0.0734747126698494 0.2947239279747009
-0.46436575055122375 0.07420478016138077 0.30488166213035583
-0.46464860439300537 0.07029712945222855 0.30161476135253906
-0.48837682604789734 0.17200231552124023 0.030431093648076057
-0.4888744652271271 0.17031744122505188 0.024701735004782677
-0.4889514446258545 0.16504822671413422 0.02384384348988533
-0.4880644381046295 0.16679337620735168 0.03398798406124115
-0.48861753940582275 0.16196615993976593 0.027655798941850662
-0.4882826805114746 0.1627025306224823 0.03146659582853317
-0.4696491062641144 0.0809900313615799 0.2203177511692047
-0.4700365364551544 0.07980073243379593 0.21593613922595978
-0.4701411724090576 0.08595646917819977 0.21478255093097687
-0.469710111618042 0.08625234663486481 0.2195614129304886
-0.4702264666557312 0.08243083953857422 0.21376512944698334
-0.4629497826099396 0.13466669619083405 0.2739725708961487
-0.4631478488445282 0.12761932611465454 0.2715519666671753
-0.4634096324443817 0.14568017423152924 0.26874154806137085
-0.4630475342273712 0.14095361530780792 0.27283427119255066
-0.463962584733963 0.12271024286746979 0.26244598627090454
-0.46389898657798767 0.14797355234622955 0.26313138008117676
-0.4646708071231842 0.12505792081356049 0.2543256878852844
-0.4650789499282837 0.13088631629943848 0.24965029954910278
-0.4649133086204529 0.14332282543182373 0.25155651569366455
-0.4651232361793518 0.13787662982940674 0.24914810061454773
-0.46444353461265564 0.14725133776664734 0.2569069564342499
-0.4669559895992279 0.14023391902446747 0.2282240241765976
-0.4669039845466614 0.1319052278995514 0.22883395850658417
-0.4686703681945801 0.12565098702907562 0.2085481882095337
-0.4673548936843872 0.12491605430841446 0.2236589938402176
-0.46800538897514343 0.12276721745729446 0.21609905362129211
-0.4673166275024414 0.14572268724441528 0.2240789383649826
-0.46906378865242004 0.1332768350839615 0.20412392914295197
-0.4678293466567993 0.1479243040084839 0.21823173761367798
-0.46894553303718567 0.14140383899211884 0.2055324763059616
-0.4684692919254303 0.14688535034656525 0.21092793345451355
-0.4823572337627411 0.08565703779459 0.25245779752731323
-0.4788574278354645 0.08442020416259766 0.25221431255340576
-0.47437912225723267 0.09531468152999878 0.2386375069618225
-0.48102548718452454 0.08420772850513458 0.22832848131656647
-0.48400840163230896 0.0807468593120575 0.22849510610103607
-0.48395562171936035 0.08547338843345642 0.22845996916294098
-0.47970205545425415 0.17720676958560944 0.019406866282224655
-0.47999265789985657 0.17439968883991241 0.016121651977300644
-0.4899176061153412 0.09626271575689316 0.04356594756245613
-0.4895583987236023 0.08927355706691742 0.04787152633070946
-0.4896068572998047 0.10332139581441879 0.04731767252087593
-0.4888933300971985 0.10422369837760925 0.05518682673573494
-0.4885198473930359 0.09844359755516052 0.05974223092198372
-0.48858100175857544 0.09250101447105408 0.05904322862625122
-0.48900461196899414 0.08868227899074554 0.05420166254043579
-0.4903791844844818 0.08300252258777618 0.05725153535604477
-0.4914339482784271 0.08034199476242065 0.04999423399567604
-0.4910205900669098 0.08437832444906235 0.04951668903231621
-0.49009326100349426 0.07656664401292801 0.060115996748209
-0.4910106062889099 0.0683266744017601 0.049815673381090164
-0.4914381504058838 0.08016332238912582 0.04474405199289322
-0.4914868175983429 0.07400723546743393 0.04418755695223808
-0.4902934432029724 0.07060908526182175 0.05782800540328026
-0.4899195432662964 0.07677040994167328 0.04374394938349724
-0.4897864758968353 0.07181518524885178 0.04526471719145775
-0.48942387104034424 0.06872176378965378 0.049409281462430954
-0.48957374691963196 0.08300929516553879 0.04681018739938736
-0.48892614245414734 0.08419592678546906 0.05513502284884453
-0.48848921060562134 0.07677222043275833 0.060364820063114166
-0.4888359606266022 0.0693092793226242 0.05589897558093071
-0.4986734688282013 0.07234644144773483 0.051579784601926804
-0.49865633249282837 0.07016024738550186 0.04900688678026199
-0.49805188179016113 0.07017716020345688 0.0562388114631176
-0.4986853003501892 0.08275789022445679 0.04897426813840866
-0.49895504117012024 0.07721774280071259 0.048453982919454575
-0.49867478013038635 0.08042777329683304 0.051524508744478226
-0.4982442855834961 0.07474154978990555 0.05655272305011749
-0.49774739146232605 0.07631862163543701 0.05990639328956604
-0.4989795386791229 0.07660651206970215 0.045398514717817307
-0.49804991483688354 0.08282285183668137 0.056319933384656906
-0.4983622431755066 0.07985155284404755 0.05528203397989273
-0.4914058744907379 0.07658907771110535 0.05936972051858902
-0.49169474840164185 0.08281546831130981 0.055702682584524155
-0.4923527240753174 0.0701889842748642 0.04852729290723801
-0.49262744188308716 0.07633963972330093 0.04487820342183113
-0.4917230010032654 0.07015430182218552 0.05576833337545395
-0.4924604892730713 0.08285767585039139 0.04846744239330292
-0.5015893578529358 0.07628420740365982 0.05722073093056679
-0.5017776489257812 0.08005940914154053 0.05506804585456848
-0.5022494792938232 0.07940816134214401 0.04977335035800934
-0.5019350647926331 0.07219736278057098 0.05347553268074989
-0.5022873282432556 0.07483308017253876 0.04924344643950462
-0.4737287163734436 0.09026677906513214 0.1795845776796341
-0.4815727472305298 0.09026677906513214 0.0899270549416542
-0.4815727472305298 0.1248084157705307 0.0899270549416542
-0.4737287163734436 0.1248084157705307 0.1795845776796341
-0.3385744094848633 -0.14222398400306702 0.3100000023841858
-0.340041846036911 -0.1442810297012329 0.3099971413612366
-0.3356170654296875 -0.14187438786029816 0.30999961495399475
-0.3361898958683014 -0.14145807921886444 0.3100000023841858
-0.3318803012371063 -0.14343681931495667 0.3099997937679291
-0.33231809735298157 -0.1440160572528839 0.3100005090236664
-0.33202001452445984 -0.14760258793830872 0.30999863147735596
-0.3346276879310608 -0.15026484429836273 0.31000223755836487
-0.3393156826496124 -0.1490480750799179 0.30999815464019775
-0.33755943179130554 -0.15031959116458893 0.31525537371635437
-0.34023046493530273 -0.14761388301849365 0.3157992362976074
-0.3400596082210541 -0.14393192529678345 0.31516483426094055
-0.33922824263572693 -0.14316633343696594 0.3168845474720001
-0.33652833104133606 -0.14178448915481567 0.31627196073532104
-0.3338380455970764 -0.1422986388206482 0.31641918420791626
-0.33226925134658813 -0.14385856688022614 0.3156704902648926
-0.33147990703582764 -0.1466522514820099 0.315120667219162
-0.3332954943180084 -0.14983457326889038 0.31514397263526917
-0.3398584723472595 -0.1474405974149704 0.31700000166893005
-0.3376311957836151 -0.1497667133808136 0.31620535254478455
-0.3320861756801605 -0.14726297557353973 0.3165362477302551
-0.33426281809806824 -0.14976680278778076 0.31700000166893005
-0.3372751474380493 0.14174892008304596 0.3100012242794037
-0.34073591232299805 0.14677992463111877 0.3100002408027649
-0.33864179253578186 0.14226120710372925 0.3100000023841858
-0.3401434123516083 0.14608542621135712 0.3099996745586395
-0.3353343904018402 0.15032589435577393 0.31000152230262756
-0.33768367767333984 0.15028999745845795 0.3100000023841858
-0.34032514691352844 0.14500917494297028 0.31548428535461426
-0.3400023579597473 0.14822237193584442 0.3150000274181366
-0.33497875928878784 0.1414191573858261 0.31501689553260803
-0.3380289375782013 0.14220720529556274 0.31576162576675415
-0.3384140729904175 0.1495063304901123 0.3165135681629181
-0.3349215090274811 0.15034538507461548 0.3153619170188904
-0.3324999511241913 0.14896540343761444 0.31522729992866516
-0.3326030969619751 0.14852279424667358 0.3100000023841858
-0.33163541555404663 0.14625242352485657 0.30999821424484253
-0.33154475688934326 0.14471033215522766 0.3153190016746521
-0.33300191164016724 0.14275872707366943 0.3099992573261261
-0.3350512683391571 0.15003885328769684 0.3165225684642792
-0.3324333131313324 0.14814680814743042 0.31645363569259644
-0.33204349875450134 0.14448809623718262 0.31595849990844727
-0.3349689543247223 0.1420670598745346 0.31700000166893005
