ply
format ascii 1.0
element vertex 2951
property float x
property float y
property float z
end_header
0.0826617032289505 -0.13801631331443787 0.24583546817302704
0.07278350740671158 -0.13801686465740204 0.24057205021381378
0.07337535917758942 -0.13802117109298706 0.253275990486145
1.458418607711792 -0.2050243765115738 -0.16051146388053894
1.4519470930099487 -0.20501643419265747 -0.15306751430034637
1.4535398483276367 -0.20515821874141693 -0.1479162871837616
1.4480711221694946 -0.2050006240606308 -0.1617538183927536
1.44197678565979 -0.20490670204162598 -0.15694443881511688
1.0624349117279053 -0.3699997365474701 0.018841363489627838
1.0701359510421753 -0.369998961687088 0.021271398290991783
1.0631660223007202 -0.3700011968612671 0.026175606995821
1.0633894205093384 -0.38200047612190247 0.026043923571705818
1.069616436958313 -0.3820001780986786 0.023658253252506256
1.0676449537277222 -0.3819999396800995 0.018491964787244797
1.061903476715088 -0.3820006251335144 0.0194395724684
1.0623325109481812 -0.37000003457069397 -0.009021935053169727
1.0700528621673584 -0.37000083923339844 -0.011403773911297321
1.0668606758117676 -0.3699999749660492 -0.00317055219784379
1.0662786960601807 -0.3819996118545532 -0.0035568515304476023
1.0708590745925903 -0.3820001780986786 -0.0073298257775604725
1.0664575099945068 -0.38200128078460693 -0.012322512455284595
1.0622895956039429 -0.3820001184940338 -0.0077275861985981464
0.17040355503559113 -0.3569992780685425 -0.04310176149010658
0.17883780598640442 -0.3569994568824768 -0.043328747153282166
0.1740470677614212 -0.3570001721382141 -0.036519166082143784
0.1759735345840454 -0.36899977922439575 -0.036781977862119675
0.17864441871643066 -0.36899980902671814 -0.042165357619524
0.17310824990272522 -0.3689996898174286 -0.04545588046312332
0.17057065665721893 -0.36900028586387634 -0.039777353405952454
0.16895791888237 -0.3569990396499634 -0.010867257602512836
0.17419597506523132 -0.3569979667663574 -0.015420745126903057
0.17756560444831848 -0.35699987411499023 -0.011351680383086205
0.1732625663280487 -0.3690001964569092 -0.015497522428631783
0.17472247779369354 -0.3569991886615753 -0.006887895055115223
0.17766989767551422 -0.36900022625923157 -0.008936197496950626
0.1691373884677887 -0.3690001666545868 -0.00944832805544138
0.10685768723487854 -0.03599929064512253 -0.156150683760643
0.1005033403635025 -0.02899657003581524 -0.15457208454608917
0.11279436200857162 -0.029003990814089775 -0.15389879047870636
0.11563419550657272 -0.0289969090372324 -0.14339545369148254
0.11525129526853561 -0.036003828048706055 -0.151027113199234
0.09808400273323059 -0.03600012883543968 -0.15090200304985046
0.0980762243270874 -0.02900046668946743 -0.14299331605434418
0.10604099929332733 -0.02899976633489132 -0.1374429315328598
1.1877340078353882 -0.27400004863739014 -0.011531258933246136
1.1871452331542969 -0.3004576861858368 -0.009146712720394135
1.189620852470398 -0.37371373176574707 -0.014957106672227383
1.1854652166366577 -0.314204603433609 0.015424980781972408
1.1883336305618286 -0.30384257435798645 0.02298993431031704
1.1882212162017822 -0.3747760057449341 0.023867342621088028
1.1858118772506714 -0.31066903471946716 -0.005430450197309256
1.1839195489883423 -0.37932243943214417 0.004948007874190807
1.1861259937286377 -0.28997424244880676 -0.006774997804313898
1.1840448379516602 -0.27400001883506775 0.010564431548118591
1.1906988620758057 -0.27400001883506775 0.027548126876354218
1.1864784955978394 -0.28818488121032715 0.019262302666902542
1.1840331554412842 -0.29398971796035767 0.004093193914741278
1.1842466592788696 -0.31637558341026306 0.005550683941692114
0.19515037536621094 -0.05625050142407417 -0.03209928423166275
0.19873611629009247 -0.05645500123500824 0.0015373555943369865
0.19084852933883667 -0.05581219866871834 0.0007313783862628043
0.18695063889026642 -0.0561959445476532 -0.03958110138773918
0.1735215038061142 -0.05616872385144234 -0.08079323172569275
0.18472164869308472 -0.05619195103645325 -0.06806164234876633
0.15491725504398346 -0.056343063712120056 -0.12074077129364014
0.15066012740135193 -0.056182291358709335 -0.11753413081169128
0.12122068554162979 -0.0561952069401741 -0.14812082052230835
0.101060651242733 -0.05571029335260391 -0.17220564186573029
0.18480037152767181 -0.0348832868039608 -0.061750225722789764
0.1809799075126648 -0.03591296449303627 -0.06025133654475212
0.1812620311975479 -0.03620027378201485 -0.05160261318087578
0.17966623604297638 -0.036036208271980286 -0.008504913188517094
0.17117410898208618 -0.035987962037324905 -0.014661654829978943
0.16879969835281372 -0.03668961301445961 0.002796727465465665
0.1833714246749878 -0.035931073129177094 0.002430796157568693
0.1714138686656952 -0.03599977120757103 -0.024104267358779907
0.16401198506355286 -0.036630790680646896 -0.038148973137140274
0.17454692721366882 -0.036339931190013885 -0.06515289098024368
0.1744796335697174 -0.03597923368215561 -0.04682551696896553
0.1805860698223114 -0.035722143948078156 -0.029546530917286873
0.12425365298986435 -0.036227889358997345 -0.12325521558523178
0.111362986266613 -0.03627011924982071 -0.12744799256324768
0.1298493593931198 -0.03606341779232025 -0.11239191889762878
0.1473214477300644 -0.036007530987262726 -0.08842658251523972
0.13187628984451294 -0.03653503581881523 -0.10555292665958405
0.15260638296604156 -0.03627055138349533 -0.07245703786611557
0.16069722175598145 -0.03619728982448578 -0.08166787028312683
0.16493158042430878 -0.03599981591105461 -0.05061304196715355
0.16490191221237183 -0.03620157763361931 -0.06189492717385292
0.13720156252384186 -0.03634250909090042 -0.11066126823425293
0.1278567910194397 -0.03614698350429535 -0.1296667754650116
0.2127082347869873 -0.058770082890987396 0.0020151794888079166
0.20042560994625092 -0.05215561017394066 0.0022495342418551445
0.21626515686511993 -0.06339234113693237 0.0013043226208537817
0.22667908668518066 -0.057720765471458435 0.0022933585569262505
0.2392442375421524 -0.05358163267374039 0.0025677287485450506
0.2436012476682663 -0.03318900614976883 0.004353695549070835
0.23832561075687408 -0.04933808743953705 0.0030835631769150496
0.19395838677883148 -0.04152476787567139 0.0033004230353981256
0.1912582665681839 -0.05487191304564476 0.002278559608384967
0.19310618937015533 -0.02885819785296917 0.002606914145871997
0.19932834804058075 -0.01710069552063942 0.0022171088494360447
0.19524186849594116 -0.017356542870402336 0.001632197410799563
0.20372113585472107 -0.009054853580892086 0.0016742089064791799
0.2443416863679886 -0.021851101890206337 0.003017750568687916
0.23478436470031738 -0.010552550666034222 0.0017652349779382348
0.23748262226581573 -0.017804939299821854 0.0030090906657278538
0.21176350116729736 -0.009167809970676899 0.001955669838935137
0.22651498019695282 -0.010261081159114838 0.0022891273256391287
0.2219952940940857 -0.004876191262155771 0.0013488701079040766
0.24351517856121063 -0.032565888017416 0.031995292752981186
0.23772332072257996 -0.01824209652841091 0.03199541196227074
0.22720718383789062 -0.010421983897686005 0.031995635479688644
0.2157699316740036 -0.008937140926718712 0.03199584409594536
0.2051125466823578 -0.012273186817765236 0.03199603781104088
0.19711875915527344 -0.019979292526841164 0.031996164470911026
0.22160130739212036 -0.059186846017837524 0.03199571371078491
0.23749105632305145 -0.050734665244817734 0.03199535235762596
0.19276519119739532 -0.03143870458006859 0.031996287405490875
0.20464685559272766 -0.05585112422704697 0.031996022909879684
0.19505569338798523 -0.04442337527871132 0.03199619799852371
1.4748713970184326 -0.28158655762672424 0.06971903145313263
1.4691804647445679 -0.2836667001247406 0.06784364581108093
1.4726128578186035 -0.2817569375038147 0.0635237917304039
0.0820247009396553 -0.35361528396606445 0.07191230356693268
0.036944471299648285 -0.33370837569236755 0.14952713251113892
0.0617683008313179 -0.36082497239112854 -0.022329136729240417
0.09920657426118851 -0.3479340672492981 0.13765288889408112
0.09554354101419449 -0.34628307819366455 0.1492030918598175
0.08853736519813538 -0.34737175703048706 0.1304282695055008
1.0950675010681152 -0.3978738486766815 0.011060626246035099
1.0977802276611328 -0.37329983711242676 0.1098930686712265
1.091561198234558 -0.3884631097316742 0.05014995113015175
0.21823906898498535 -0.37129172682762146 0.11044356226921082
0.1868608146905899 -0.36681997776031494 0.11243890970945358
0.2513798475265503 -0.39191314578056335 0.02349799871444702
0.013217863626778126 -0.33751189708709717 0.06552588939666748
0.024775134399533272 -0.33149561285972595 0.1442340612411499
0.013007525354623795 -0.32857611775398254 0.14483845233917236
1.1681342124938965 -0.3832346498966217 0.010167179629206657
1.1391912698745728 -0.3909377157688141 0.0093995351344347
0.35623544454574585 -0.3986910283565521 0.026553621515631676
0.3048902153968811 -0.3781847059726715 0.11009985208511353
1.064321517944336 -0.38283050060272217 0.0802784189581871
1.0859814882278442 -0.3830758035182953 0.0715515986084938
-0.027980180457234383 -0.3345721662044525 -0.016212254762649536
-0.04087529703974724 -0.3262616991996765 0.027012718841433525
-0.04440964013338089 -0.3291975259780884 -0.013611294329166412
1.1437126398086548 -0.37795159220695496 0.05981944873929024
1.1152184009552002 -0.3952378034591675 0.010222128592431545
1.0374327898025513 -0.377978652715683 0.10807309299707413
-0.04746043309569359 -0.3042225241661072 0.23133301734924316
-0.062385886907577515 -0.3015683591365814 0.2169318050146103
-0.051772184669971466 -0.308717280626297 0.1725139319896698
1.1313499212265015 -0.3678145110607147 0.11285777390003204
-0.02586371824145317 -0.3158052861690521 0.171059250831604
-0.06240944191813469 -0.29930952191352844 0.24114516377449036
-0.04183560982346535 -0.3183465600013733 0.10298827290534973
-0.049114421010017395 -0.30117812752723694 0.25881844758987427
0.03385951370000839 -0.3533078730106354 -0.02250274457037449
0.10883092135190964 -0.3507276475429535 0.13538336753845215
0.10677941888570786 -0.35003215074539185 0.1295054852962494
0.10946256667375565 -0.3520091772079468 0.1224980354309082
0.11606340855360031 -0.353542685508728 0.12316259741783142
1.1908948421478271 -0.36108940839767456 0.0858839675784111
0.4825621545314789 -0.4042408764362335 0.029054172337055206
1.4668890237808228 -0.2832394540309906 0.06269662827253342
1.1959786415100098 -0.35221511125564575 0.12393956631422043
1.218316912651062 -0.3598949909210205 0.05698150396347046
-0.03313972055912018 -0.30585554242134094 0.25258320569992065
0.443899005651474 -0.3844508230686188 0.10962113738059998
0.10894293338060379 -0.3536457419395447 0.11413341760635376
0.14720797538757324 -0.3723200261592865 0.038420163094997406
0.07264292240142822 -0.34067240357398987 0.15719611942768097
1.2568610906600952 -0.34455162286758423 0.0877869576215744
1.4803400039672852 -0.2804098129272461 0.055417001247406006
1.4760258197784424 -0.28172165155410767 0.04868967831134796
1.482819676399231 -0.2785647511482239 0.051307499408721924
0.04732769355177879 -0.3343049883842468 0.1644386500120163
0.08472586423158646 -0.3454117178916931 0.13406631350517273
0.07784675061702728 -0.3431781232357025 0.1410047858953476
0.07500197738409042 -0.34194979071617126 0.14388157427310944
0.5352669358253479 -0.39699888229370117 0.06664196401834488
0.5514294505119324 -0.4007445275783539 0.05235294625163078
1.3286858797073364 -0.3173236548900604 0.15370382368564606
0.09767322242259979 -0.349454790353775 0.1210394874215126
0.09192515164613724 -0.3459321856498718 0.13013994693756104
0.10010705143213272 -0.34982728958129883 0.12347114831209183
0.11973374336957932 -0.3545856177806854 0.12190476059913635
0.11583282053470612 -0.35389429330825806 0.11783021688461304
0.11809345334768295 -0.3552599251270294 0.1155216246843338
0.6263366341590881 -0.4071142375469208 0.03097565844655037
0.5328452587127686 -0.3921130895614624 0.08723198622465134
0.5715581774711609 -0.4011628329753876 0.05237484723329544
1.2864092588424683 -0.33432674407958984 0.10405933111906052
1.322258710861206 -0.3236043453216553 0.11641204357147217
0.07762493938207626 -0.34186017513275146 0.1522788405418396
0.09345236420631409 -0.34474217891693115 0.15190671384334564
0.6092572212219238 -0.38829782605171204 0.10881297290325165
0.5536657571792603 -0.3925553858280182 0.08720876276493073
1.4666330814361572 -0.2844551205635071 0.07090318202972412
1.4613957405090332 -0.2855283319950104 0.07120391726493835
1.464619517326355 -0.28511059284210205 0.0642152652144432
0.5697001218795776 -0.3963700830936432 0.0725029855966568
1.4529507160186768 -0.2884421646595001 0.08246906101703644
1.4537547826766968 -0.28930890560150146 0.0645071491599083
1.4589097499847412 -0.28655579686164856 0.07448681443929672
1.4829301834106445 -0.2803760766983032 0.04264635592699051
1.4813947677612305 -0.2790917754173279 0.04729446396231651
1.47716224193573 -0.28217533230781555 0.04541165381669998
1.4878491163253784 -0.27783212065696716 0.05176471918821335
-0.0296001173555851 -0.3051104247570038 0.2688373625278473
1.3760628700256348 -0.30599281191825867 0.1550707370042801
1.3565802574157715 -0.3141389489173889 0.11968006193637848
0.11183284223079681 -0.35216936469078064 0.11821182817220688
0.6843585968017578 -0.40086254477500916 0.05826970189809799
0.757011890411377 -0.4069141745567322 0.03266648203134537
1.469982385635376 -0.2872728705406189 -0.02408483624458313
1.4981893301010132 -0.2772946059703827 -0.06099943816661835
1.5097569227218628 -0.2723267376422882 -0.022249847650527954
-0.005060405936092138 -0.3231438398361206 0.1534014344215393
0.70440673828125 -0.40030738711357117 0.06034768000245094
0.6840974688529968 -0.3958890438079834 0.07851243764162064
1.4720702171325684 -0.285310834646225 0.005910342093557119
1.5108494758605957 -0.2713814973831177 0.010952993296086788
1.3960270881652832 -0.3039509057998657 0.1129218265414238
0.06136718764901161 -0.3315189778804779 0.2116965502500534
1.4753291606903076 -0.2818315625190735 0.061755597591400146
1.4709762334823608 -0.28406745195388794 0.0592753104865551
0.7190121412277222 -0.39630964398384094 0.07625531405210495
0.08022265881299973 -0.34163323044776917 0.15498435497283936
0.698509693145752 -0.39182549715042114 0.0948372408747673
0.09535054117441177 -0.36970216035842896 -0.024635590612888336
1.4668153524398804 -0.2861157953739166 0.03675764799118042
0.7386236786842346 -0.3882046937942505 0.10842613875865936
0.7192820310592651 -0.39115971326828003 0.09705551713705063
1.4814428091049194 -0.2790569067001343 0.06710594892501831
0.1027575358748436 -0.349056601524353 0.1317848414182663
1.4316996335983276 -0.2949274182319641 0.09157596528530121
0.04335111752152443 -0.32931020855903625 0.19906149804592133
1.4504902362823486 -0.2888104021549225 0.08583328872919083
1.429457664489746 -0.29307153820991516 0.13754819333553314
0.08706971257925034 -0.34442734718322754 0.13908112049102783
0.08337439596652985 -0.34292498230934143 0.14345166087150574
0.10680890083312988 -0.3484637439250946 0.1360546499490738
0.18905895948410034 -0.3781396150588989 0.04494856297969818
0.19773659110069275 -0.3807041049003601 0.03917946666479111
-0.013655700720846653 -0.31033921241760254 0.25483062863349915
1.4528288841247559 -0.28798389434814453 0.09418428689241409
0.1997138112783432 -0.38583704829216003 0.01239174883812666
0.1695529818534851 -0.3743008077144623 0.051797278225421906
1.478732943534851 -0.2797273099422455 0.07045347988605499
1.4761347770690918 -0.2805774509906769 0.06721441447734833
1.4590065479278564 -0.2852303683757782 0.08447887748479843
1.4478811025619507 -0.2895714044570923 0.09924674779176712
0.14396615326404572 -0.38089635968208313 -0.023531978949904442
0.8922675251960754 -0.3850688338279724 0.10802792757749557
1.462402582168579 -0.2843748927116394 0.08047202229499817
1.507165551185608 -0.2722969651222229 0.03661808744072914
0.8611325025558472 -0.4046047031879425 0.0327967070043087
0.07540363073348999 -0.3407311737537384 0.15996137261390686
1.48573637008667 -0.2790534496307373 0.0453159362077713
1.4554059505462646 -0.28722700476646423 0.09687503427267075
1.46857750415802 -0.28222063183784485 0.09046438336372375
1.4744223356246948 -0.2819051742553711 0.07490722090005875
1.4708791971206665 -0.28261932730674744 0.08804161101579666
1.4930753707885742 -0.2763878405094147 0.073228619992733
-0.012338620610535145 -0.3090773820877075 0.27009811997413635
0.10161025077104568 -0.3481973707675934 0.14060403406620026
1.4512385129928589 -0.28758352994918823 0.12312408536672592
1.4797860383987427 -0.2801460921764374 0.07406194508075714
1.4682286977767944 -0.2831043601036072 0.10796006768941879
1.4504892826080322 -0.28801730275154114 0.10188613086938858
0.008771971799433231 -0.3145166337490082 0.2637934684753418
0.011393437162041664 -0.31741631031036377 0.24247030913829803
0.9807484745979309 -0.3995717167854309 0.03420119360089302
0.03017127700150013 -0.3236602246761322 0.22335933148860931
0.16358530521392822 -0.3624928593635559 0.11969991028308868
0.13628487288951874 -0.35563528537750244 0.1363639384508133
1.0383116006851196 -0.3960154354572296 0.033727966248989105
1.037061095237732 -0.3886002004146576 0.06493648886680603
1.0425195693969727 -0.3858729600906372 0.07438065111637115
-0.040970295667648315 -0.3092764914035797 0.19712500274181366
0.14639416337013245 -0.3746766149997711 0.017114553600549698
0.14913225173950195 0.01900002360343933 0.007313765585422516
0.14606282114982605 0.019000012427568436 -0.03201942890882492
0.07500792294740677 0.01900000125169754 -0.010685114189982414
0.03302288055419922 0.0189999770373106 0.1462697684764862
-0.013760530389845371 0.01900000125169754 0.07450509071350098
-0.025955112650990486 0.018999991938471794 0.14770114421844482
0.07195273041725159 0.01900000125169754 0.022824818268418312
0.017384085804224014 0.01900000125169754 -0.07345721870660782
0.08589765429496765 0.019000016152858734 -0.12292250245809555
0.03161478042602539 0.019000014290213585 -0.14659146964550018
-0.06270681321620941 0.01900000125169754 0.04202406853437424
-0.14684419333934784 0.01899999938905239 0.03043067827820778
-0.1236138641834259 0.018999997526407242 0.08490541577339172
0.02170637436211109 0.01900000125169754 0.07243556529283524
-0.07500792294740677 0.01900000125169754 0.010685114189982414
0.04294683039188385 0.01900000125169754 -0.06193700060248375
0.14405445754528046 0.019000012427568436 0.038933876901865005
-0.059646353125572205 0.01900000125169754 -0.04591020196676254
-0.08250929415225983 0.019000008702278137 -0.1252242922782898
-0.12455354630947113 0.01900000497698784 -0.08351915329694748
0.06270681321620941 0.01900000125169754 -0.04202406853437424
-0.04294683039188385 0.01900000125169754 0.06193700060248375
-0.041965384036302567 0.01900000125169754 -0.06260613352060318
0.12678466737270355 0.019000018015503883 -0.08008597791194916
-0.08110581338405609 0.018999995663762093 0.12613962590694427
0.12710228562355042 0.019000012427568436 0.07955954968929291
0.08673373609781265 0.018999990075826645 0.12232086062431335
0.053920917212963104 0.01900000125169754 0.053456149995326996
-0.07195273041725159 0.01900000125169754 -0.022824818268418312
-0.01438620500266552 0.01900000125169754 -0.07423689216375351
-0.027598794549703598 0.019000010564923286 -0.14740097522735596
-0.14717450737953186 0.01900000125169754 -0.028789198026061058
-0.017384085804224014 0.009000001475214958 -0.07345721870660782
-0.04294683039188385 0.009000001475214958 -0.06193700060248375
-0.06270681321620941 0.009000001475214958 -0.04202406853437424
0.059646353125572205 0.009000001475214958 -0.04591020196676254
0.01438620500266552 0.009000001475214958 -0.07423689216375351
-0.07500792294740677 0.009000001475214958 -0.010685114189982414
-0.07195273041725159 0.009000001475214958 0.022824818268418312
0.041965384036302567 0.009000001475214958 -0.06260613352060318
-0.053920917212963104 0.009000001475214958 0.053456149995326996
0.07195273041725159 0.009000001475214958 -0.022824818268418312
-0.02170637436211109 0.009000001475214958 0.07243556529283524
0.06270681321620941 0.009000001475214958 0.04202406853437424
0.07500792294740677 0.009000001475214958 0.010685114189982414
0.04294683039188385 0.009000001475214958 0.06193700060248375
0.013760530389845371 0.009000001475214958 0.07450509071350098
0.14888986945152283 -0.003999971318989992 0.01853417605161667
0.1254047453403473 -0.003999993205070496 -0.08223624527454376
0.12947779893875122 -0.003999995533376932 0.07565167546272278
0.08369680494070053 -0.003999999258667231 -0.12443561106920242
0.14553748071193695 -0.003999993670731783 -0.034336961805820465
0.09016150236129761 -0.004000016022473574 0.11982908844947815
0.03682388737797737 -0.00400002533569932 0.14536967873573303
-0.022318601608276367 -0.004000015556812286 0.14829763770103455
-0.07807957381010056 -0.004000011831521988 0.12803886830806732
-0.12162405997514725 -0.0040000127628445625 0.0877377912402153
-0.14613117277622223 -0.004000012297183275 0.03370373696088791
-0.14776510000228882 -0.004000011831521988 -0.025605618953704834
-0.12626999616622925 -0.004000010900199413 -0.08090706169605255
-0.08501021564006805 -0.0040000081062316895 -0.12354428321123123
-0.030444081872701645 -0.0040000067092478275 -0.14684319496154785
0.028887342661619186 -0.004000003915280104 -0.1471567302942276
1.4204370975494385 -0.23320168256759644 -0.15413440763950348
1.4405981302261353 -0.23352868854999542 -0.1552562713623047
1.4467387199401855 -0.23399867117404938 -0.14713338017463684
1.450726866722107 -0.23360584676265717 -0.13620059192180634
1.4421306848526 -0.23368342220783234 -0.16583411395549774
1.4534775018692017 -0.2330000102519989 -0.17119674384593964
1.4619778394699097 -0.2325109988451004 -0.1764337569475174
1.4633424282073975 -0.23289431631565094 -0.16625843942165375
1.4633644819259644 -0.2329474538564682 -0.15041330456733704
1.4937796592712402 -0.23257407546043396 -0.1347501277923584
1.4690544605255127 -0.2335318922996521 -0.12088603526353836
1.4819525480270386 -0.23285366594791412 -0.1621079295873642
1.4882861375808716 -0.23303334414958954 -0.09832414239645004
0.09092632681131363 -0.16831769049167633 0.24567918479442596
0.09058545529842377 -0.15799085795879364 0.23458196222782135
0.09148583561182022 -0.15799789130687714 0.24680694937705994
0.0875849798321724 -0.16835279762744904 0.23257216811180115
0.07966520637273788 -0.1580018401145935 0.22788742184638977
0.06733614951372147 -0.168246328830719 0.24755656719207764
0.07353591918945312 -0.15799404680728912 0.2542857527732849
0.06671524047851562 -0.15800516307353973 0.24915140867233276
0.07245391607284546 -0.16840849816799164 0.23025847971439362
0.06554260104894638 -0.1579948514699936 0.23631876707077026
0.07908569276332855 -0.1684432178735733 0.22955703735351562
0.07694665342569351 -0.16880738735198975 0.2539292871952057
0.06745835393667221 -0.16910320520401 0.23641033470630646
0.07990629971027374 -0.17065754532814026 0.24117080867290497
0.08036331832408905 -0.1685880869626999 0.2537379264831543
0.08349709957838058 -0.15799590945243835 0.2545359432697296
0.07816345244646072 -0.16733378171920776 0.24247236549854279
1.4598276615142822 -0.09499980509281158 -0.06352154910564423
1.3988960981369019 -0.0950000137090683 -0.01312229037284851
1.4711053371429443 -0.09500007331371307 -0.03714742884039879
1.3210742473602295 -0.0950000137090683 0.04125799983739853
1.2468944787979126 -0.09500020742416382 0.07419538497924805
1.2731212377548218 -0.09499981999397278 0.10086967051029205
1.3926019668579102 -0.0950000137090683 0.026758531108498573
1.3758466243743896 -0.0950000137090683 0.04349273815751076
1.4252727031707764 -0.09500014781951904 0.10268129408359528
1.4567524194717407 -0.09500017762184143 0.06885053217411041
1.3060249090194702 -0.0950000137090683 0.024618905037641525
1.2371153831481934 -0.09499993920326233 -0.057883985340595245
1.301649808883667 -0.0950000137090683 -0.014299018308520317
1.315034031867981 -0.0950000137090683 -0.0367940254509449
1.3848954439163208 -0.0950000137090683 -0.03669758886098862
1.260773777961731 -0.09500022977590561 -0.09072766453027725
1.226895809173584 -0.09500019997358322 0.032545484602451324
1.4329371452331543 -0.09500005096197128 -0.09668928384780884
1.4710718393325806 -0.09499987214803696 0.03742998465895653
1.3468257188796997 -0.0950000137090683 0.05073731020092964
1.3276594877243042 -0.09499983489513397 0.1249750480055809
1.3592519760131836 -0.09500003606081009 0.12630100548267365
1.3993667364120483 -0.0950000137090683 0.009333077818155289
1.3000670671463013 -0.0950000137090683 0.005575405899435282
1.4772833585739136 -0.09499980509281158 -0.000916951394174248
1.2239959239959717 -0.0950000137090683 -0.01835191808640957
1.387268304824829 -0.09499992430210114 0.12121124565601349
1.291399598121643 -0.09499995410442352 -0.11241413652896881
1.392614722251892 -0.09500003606081009 -0.11972998827695847
1.3642486333847046 -0.0950000137090683 -0.04829441010951996
1.3405978679656982 -0.0950000137090683 -0.0497671402990818
1.2978004217147827 -0.09500007331371307 0.11537471413612366
1.3241690397262573 -0.09500010311603546 -0.12443345040082932
1.3585082292556763 -0.09500002861022949 -0.12647885084152222
0.000839375308714807 -0.2974848747253418 0.1895831823348999
0.010193134658038616 -0.29750052094459534 0.19535021483898163
-0.005677360575646162 -0.2974364757537842 0.20465786755084991
-0.016426343470811844 -0.2984594702720642 0.2211056500673294
-0.006182389799505472 -0.298302561044693 0.2224840670824051
-0.01570233702659607 -0.29749828577041626 0.2326929122209549
-0.038628045469522476 -0.2975010871887207 0.22954124212265015
-0.02257552556693554 -0.2982933223247528 0.22573748230934143
-0.033354803919792175 -0.29749205708503723 0.23152799904346466
0.030719133093953133 -0.29749375581741333 0.17222297191619873
0.03383128345012665 -0.29750171303749084 0.20004448294639587
0.01891181245446205 -0.29747194051742554 0.18853597342967987
0.015298725105822086 -0.2984701097011566 0.16344206035137177
0.019050350412726402 -0.2982628345489502 0.17240332067012787
0.012957892380654812 -0.29849573969841003 0.17684894800186157
0.033720266073942184 -0.29750001430511475 0.16274423897266388
0.03865103796124458 -0.2975023090839386 0.16996091604232788
0.010860399343073368 -0.29749971628189087 0.23218120634555817
-0.0009414925007149577 -0.2980506718158722 0.2166113555431366
-0.018948348239064217 -0.29750633239746094 0.21085283160209656
0.0035884161479771137 -0.29784074425697327 0.1790495216846466
-0.03630684316158295 -0.2975003719329834 0.20818756520748138
-0.020000947639346123 -0.2987484335899353 0.2438347488641739
-0.010504798963665962 -0.2975010573863983 0.24524414539337158
-0.026383860036730766 -0.2975099980831146 0.24545440077781677
0.02980104833841324 -0.2975274920463562 0.15580326318740845
0.012618477456271648 -0.2974991798400879 0.15392200648784637
0.02072732336819172 -0.2974802553653717 0.15603050589561462
-0.024741560220718384 -0.29750004410743713 0.1840466856956482
-0.006321966648101807 -0.29750028252601624 0.16427309811115265
-0.03186159208416939 -0.2982388436794281 0.24176852405071259
1.468877911567688 -0.14800012111663818 -0.07929059118032455
1.4824562072753906 -0.14799973368644714 -0.05336424335837364
1.4819400310516357 -0.14799989759922028 -0.06169746816158295
1.4531044960021973 -0.14800018072128296 0.09905123710632324
1.4312348365783691 -0.14799949526786804 0.11752811819314957
1.4485142230987549 -0.1480005383491516 0.10682457685470581
1.3148863315582275 -0.14799900352954865 0.15751516819000244
1.3049931526184082 -0.14799989759922028 0.15636637806892395
1.3498646020889282 -0.14800050854682922 0.1627599000930786
1.3244282007217407 -0.14799907803535461 0.15787997841835022
1.4953067302703857 -0.14800001680850983 -0.07332684844732285
1.5004723072052002 -0.14800073206424713 -0.05847397446632385
1.5094375610351562 -0.14799970388412476 -0.033289097249507904
1.4925096035003662 -0.1480005830526352 -0.06804487109184265
1.3883103132247925 -0.14800013601779938 -0.15469162166118622
1.3861258029937744 -0.14800021052360535 -0.1426459550857544
1.3994325399398804 -0.14800013601779938 -0.14312370121479034
1.2329059839248657 -0.14799970388412476 0.08131972700357437
1.2443634271621704 -0.14800040423870087 0.09871100634336472
1.2507513761520386 -0.1479996293783188 0.10262300819158554
1.3121575117111206 -0.14799930155277252 -0.1552300751209259
1.3003671169281006 -0.14799953997135162 -0.14478720724582672
1.3124830722808838 -0.1479995995759964 -0.14432084560394287
1.2285521030426025 -0.14799971878528595 0.09251750260591507
1.2164239883422852 -0.14799447357654572 0.09227313846349716
1.2240376472473145 -0.14799879491329193 0.10297975689172745
1.4764593839645386 -0.1479998230934143 -0.07547235488891602
1.3296948671340942 -0.14800040423870087 0.1504010260105133
1.373503565788269 -0.14800044894218445 0.15647779405117035
1.3831868171691895 -0.1479995846748352 0.15878549218177795
1.4849257469177246 -0.1480008065700531 -0.07962561398744583
1.3015774488449097 -0.14800043404102325 -0.15556028485298157
1.2609339952468872 -0.14800038933753967 -0.13582654297351837
1.2830764055252075 -0.14800137281417847 -0.14558979868888855
1.3403414487838745 -0.14799974858760834 -0.15241260826587677
1.3295214176177979 -0.1480003446340561 -0.1489931046962738
1.3476816415786743 -0.14800037443637848 -0.14306329190731049
1.292606234550476 -0.14800019562244415 -0.15012475848197937
1.358049750328064 -0.1480007916688919 -0.14758090674877167
1.3774948120117188 -0.14799988269805908 -0.14023910462856293
1.3700857162475586 -0.14799928665161133 -0.14762170612812042
1.3890352249145508 -0.14800004661083221 0.15007495880126953
1.3999050855636597 -0.14800019562244415 0.1548728346824646
1.3599122762680054 -0.14800013601779938 0.1524437963962555
1.3402727842330933 -0.14799995720386505 0.1535491794347763
1.3110255002975464 -0.14800038933753967 0.14856523275375366
1.3704947233200073 -0.14799940586090088 0.14923830330371857
1.2352949380874634 -0.1480003148317337 0.10134413093328476
1.2465236186981201 -0.14800001680850983 -0.09837127476930618
1.2365407943725586 -0.14800040423870087 -0.08868206292390823
1.2229220867156982 -0.14799997210502625 -0.06500116735696793
1.4765735864639282 -0.14799989759922028 0.09397546947002411
1.464690923690796 -0.1479998677968979 0.10123468935489655
1.4843976497650146 -0.1480000764131546 0.09139951318502426
1.4677934646606445 -0.14800125360488892 0.08825919032096863
1.468458652496338 -0.14799951016902924 -0.0890447348356247
1.4535621404647827 -0.14800001680850983 -0.09852923452854156
1.4003292322158813 -0.1480000615119934 -0.1547994464635849
1.404422402381897 -0.1480000615119934 -0.1493958681821823
1.4130045175552368 -0.1479993760585785 -0.14952713251113892
1.484571933746338 -0.14799953997135162 -0.0912020355463028
1.2752104997634888 -0.14799998700618744 0.14451080560684204
1.2899091243743896 -0.1479998081922531 0.15023314952850342
1.4141411781311035 -0.14799992740154266 0.14925669133663177
1.405454158782959 -0.14800028502941132 0.15011490881443024
1.3571797609329224 -0.14800022542476654 -0.1591322124004364
1.3003180027008057 -0.14799976348876953 0.1452828049659729
1.3231815099716187 -0.14799995720386505 -0.15924060344696045
1.5006364583969116 -0.14799998700618744 0.06298887729644775
1.4859592914581299 -0.14799928665161133 0.0824299231171608
1.2819938659667969 -0.1480003148317337 0.14164747297763824
1.470093846321106 -0.1479998379945755 0.0775599256157875
1.2340755462646484 -0.1480003148317337 -0.10281344503164291
1.463687777519226 -0.14800022542476654 -0.10085462778806686
1.3987232446670532 -0.14799995720386505 0.14035123586654663
1.4799073934555054 -0.14799976348876953 0.07595996558666229
1.4763356447219849 -0.14800019562244415 -0.09420838952064514
1.222395420074463 -0.14800001680850983 -0.10116932541131973
1.3690139055252075 -0.1480002999305725 -0.16166234016418457
1.3756358623504639 -0.14800003170967102 -0.1582367867231369
1.4674638509750366 -0.14800037443637848 -0.10856388509273529
1.2685348987579346 -0.14800098538398743 -0.11752483248710632
1.2501732110977173 -0.14800094068050385 -0.1025909036397934
1.200321912765503 -0.14799749851226807 0.06286033242940903
1.2142977714538574 -0.14799994230270386 0.08172864466905594
1.2189687490463257 -0.1479996293783188 0.05663207918405533
1.2201467752456665 -0.14799989759922028 0.07600601762533188
1.2291662693023682 -0.14799807965755463 0.07725878804922104
1.428113579750061 -0.14799968898296356 -0.11959642171859741
1.4485396146774292 -0.1479998379945755 -0.10558468103408813
1.3473039865493774 -0.1479995995759964 -0.1619069129228592
1.2121210098266602 -0.14799968898296356 0.06758927553892136
1.2335431575775146 -0.14799988269805908 -0.11084843426942825
1.4899274110794067 -0.1480007767677307 0.06788714975118637
1.2487064599990845 -0.14800089597702026 -0.11498895287513733
1.3854525089263916 -0.14800022542476654 0.14215993881225586
1.451211929321289 -0.14800035953521729 -0.1142418310046196
1.3242331743240356 -0.14799974858760834 0.14042848348617554
1.3462029695510864 -0.1480002999305725 0.14389976859092712
1.3514907360076904 -0.1479995995759964 0.1427491009235382
1.2378859519958496 -0.14799997210502625 -0.11614164710044861
1.4994285106658936 -0.14800022542476654 0.062356479465961456
1.4816484451293945 -0.1480008065700531 0.060509633272886276
1.3755580186843872 -0.14799894392490387 0.1409510225057602
1.455962061882019 -0.1480000764131546 -0.12355604767799377
1.4595084190368652 -0.14799991250038147 -0.11718620359897614
1.4870697259902954 -0.14799925684928894 0.04921424388885498
1.4041972160339355 -0.14800001680850983 0.13242241740226746
1.4985393285751343 -0.14799864590168 0.052823517471551895
1.297577977180481 -0.14800016582012177 0.132785364985466
1.3162769079208374 -0.1479988694190979 0.140900120139122
1.2100521326065063 -0.14799973368644714 0.029467878863215446
1.2157280445098877 -0.14800015091896057 0.05149966478347778
1.1943771839141846 -0.14800111949443817 0.047604408115148544
1.2036570310592651 -0.147999569773674 0.05002235993742943
1.2486698627471924 -0.14800022542476654 -0.12737978994846344
1.2573041915893555 -0.14800043404102325 0.1324664205312729
1.269170880317688 -0.14800110459327698 0.13549627363681793
1.4897046089172363 -0.14800076186656952 0.030196914449334145
1.4526150226593018 -0.14800000190734863 0.12647642195224762
1.4357651472091675 -0.14800061285495758 0.13641345500946045
1.2599265575408936 -0.14800016582012177 -0.11941823363304138
1.437463641166687 -0.14800050854682922 -0.11764301359653473
1.2749766111373901 -0.1479993760585785 -0.12605127692222595
1.2946224212646484 -0.14800278842449188 -0.13192792236804962
1.4993692636489868 -0.1480017453432083 0.039600010961294174
1.198020100593567 -0.14800050854682922 0.03883885592222214
1.4270824193954468 -0.14800001680850983 0.13203324377536774
1.2484769821166992 -0.1479998230934143 0.12714886665344238
1.206159234046936 -0.14800004661083221 0.03695497661828995
1.2557111978530884 -0.14799995720386505 -0.12669412791728973
1.4445078372955322 -0.14800076186656952 -0.12784837186336517
1.4434161186218262 -0.1480000615119934 0.12996311485767365
1.4173957109451294 -0.1480007916688919 0.13796043395996094
1.5094796419143677 -0.1479993313550949 0.03077797032892704
1.190704107284546 -0.1479993611574173 0.031444624066352844
1.2742635011672974 -0.14800024032592773 0.12854637205600739
1.4021679162979126 -0.14799976348876953 -0.13304175436496735
1.424826979637146 -0.14799951016902924 -0.1215498298406601
1.414167881011963 -0.1480005532503128 -0.13302473723888397
1.2884769439697266 -0.14800046384334564 0.1319921463727951
1.4928942918777466 -0.1479996144771576 0.002383859595283866
1.4929513931274414 -0.14799964427947998 0.022581089287996292
1.4420863389968872 -0.147999107837677 0.12071353197097778
1.2588088512420654 -0.1480005830526352 0.11944138258695602
1.207486629486084 -0.14799898862838745 0.008142831735312939
1.2024991512298584 -0.14800086617469788 0.020081669092178345
1.4075870513916016 -0.14799992740154266 0.13048718869686127
1.42603600025177 -0.14800018072128296 0.12289265543222427
1.1878098249435425 -0.1479996293783188 0.013024781830608845
1.1934282779693604 -0.14800043404102325 0.023843448609113693
1.2031275033950806 -0.14800237119197845 0.011929783038794994
1.2852423191070557 -0.14800073206424713 -0.1339349001646042
1.2715282440185547 -0.14799965918064117 0.11906206607818604
1.4282890558242798 -0.14800001680850983 -0.13352268934249878
1.5018117427825928 -0.14800004661083221 0.009358798153698444
1.503799319267273 -0.14800022542476654 0.021342286840081215
1.5093457698822021 -0.14800027012825012 0.006160341203212738
1.512641191482544 -0.14799974858760834 -0.003450324758887291
1.437923789024353 -0.14799977838993073 -0.1360250860452652
1.4613410234451294 -0.14799991250038147 0.11628355085849762
1.4523311853408813 -0.14799989759922028 0.11569546908140182
1.2698079347610474 -0.14799995720386505 -0.13487623631954193
1.490041732788086 -0.1479998379945755 -0.02796550653874874
1.496775507926941 -0.14799965918064117 -0.007677631452679634
1.417285680770874 -0.14800094068050385 -0.1437283605337143
1.5034184455871582 -0.14800025522708893 -0.021411316469311714
1.5084822177886963 -0.1480000615119934 -0.00764539185911417
1.4953655004501343 -0.1480005383491516 -0.02129361778497696
1.3231900930404663 -0.14799927175045013 -0.14017316699028015
1.2979720830917358 -0.14799967408180237 -0.1326819360256195
1.5090017318725586 -0.1480005830526352 -0.028186824172735214
1.2409433126449585 -0.14800117909908295 0.117408886551857
1.2500513792037964 -0.147999569773674 0.112555593252182
1.4667367935180664 -0.14800003170967102 0.11085759848356247
1.2332234382629395 -0.14799988269805908 0.11035671830177307
1.4934734106063843 -0.1480003148317337 -0.049146126955747604
1.4965866804122925 -0.14799968898296356 -0.03929021954536438
1.1520389318466187 -0.14799952507019043 0.014402243308722973
1.152360200881958 -0.13300110399723053 0.01461316179484129
1.1511716842651367 -0.13300016522407532 -0.0037947173696011305
1.2064272165298462 -0.13300180435180664 0.010903281159698963
1.2066394090652466 -0.13300029933452606 -0.0032842897344380617
1.2078115940093994 -0.14400002360343933 -0.016957838088274002
1.209667682647705 -0.133000448346138 -0.02798890881240368
1.2157286405563354 -0.13299982249736786 -0.0517272874712944
1.213669776916504 -0.14400002360343933 -0.04387056827545166
1.218302607536316 -0.13300000131130219 -0.05709007754921913
1.2254815101623535 -0.14400002360343933 -0.07088159024715424
1.2367594242095947 -0.13300056755542755 -0.08853760361671448
1.1585931777954102 -0.14400003850460052 0.015461994335055351
1.2025668621063232 -0.14400005340576172 0.011908970773220062
1.4733130931854248 -0.11100000888109207 -0.07087358087301254
1.470703363418579 -0.11100015789270401 -0.04040389508008957
1.489266276359558 -0.11100000888109207 -0.03207410126924515
1.2124660015106201 -0.11100001633167267 -0.038917239755392075
1.2310609817504883 -0.11099998652935028 -0.044048767536878586
1.250601887702942 -0.11099981516599655 -0.07953222095966339
1.2384247779846191 -0.11100001633167267 -0.08935556560754776
1.4478000402450562 -0.11100014299154282 -0.08128291368484497
1.3369157314300537 -0.11100023239850998 0.1266244351863861
1.3218601942062378 -0.11100000888109207 0.14009533822536469
1.378587007522583 -0.11100000888109207 0.14000509679317474
1.4547277688980103 -0.11100000143051147 -0.09643649309873581
1.3754652738571167 -0.11100000143051147 0.12409558892250061
1.4053192138671875 -0.1109999492764473 0.11420854926109314
1.281198501586914 -0.11099999397993088 -0.10658302903175354
1.2884118556976318 -0.11100015044212341 0.11141788959503174
1.4308106899261475 -0.11100000888109207 0.11785508692264557
1.430712342262268 -0.11100001633167267 -0.11712771654129028
1.4109076261520386 -0.11100028455257416 -0.11185741424560547
1.2819597721099854 -0.11100001633167267 -0.125723198056221
1.2695659399032593 -0.11100000888109207 0.11811146140098572
1.4387834072113037 -0.11100011318922043 0.09097221493721008
1.3926379680633545 -0.11100001633167267 -0.13644902408123016
1.2546557188034058 -0.11100008338689804 0.08375260978937149
1.3184369802474976 -0.11100010573863983 -0.12333398312330246
1.470305323600769 -0.11100000888109207 0.07713381201028824
1.229942798614502 -0.11100001633167267 0.07751677185297012
1.3652063608169556 -0.11100012063980103 -0.12626788020133972
1.3362129926681519 -0.11100001633167267 -0.14229102432727814
1.462822675704956 -0.11100008338689804 0.05811888352036476
1.2371002435684204 -0.11099997162818909 0.05750119313597679
1.490846037864685 -0.11100001633167267 0.024266084656119347
1.225399136543274 -0.11099998652935028 0.02499447576701641
1.2130573987960815 -0.11100001633167267 0.03834275156259537
1.4734529256820679 -0.11099998652935028 0.028532961383461952
1.2078185081481934 -0.11100001633167267 0.0069044106639921665
1.476812720298767 -0.11100001633167267 -0.0004055855970364064
1.2237964868545532 -0.11100008338689804 -0.012606476433575153
1.4508954286575317 -0.1960000842809677 -0.128415048122406
1.3978427648544312 -0.1960039883852005 -0.15640747547149658
1.232052206993103 -0.19600003957748413 -0.11237325519323349
1.2107840776443481 -0.19600002467632294 -0.08428550511598587
1.2081104516983032 -0.14800000190734863 -0.07969492673873901
1.1919564008712769 -0.19600002467632294 -0.041764527559280396
1.1908193826675415 -0.14800000190734863 -0.03713811933994293
1.3341846466064453 -0.19600005447864532 -0.16279517114162445
1.1873528957366943 -0.19600003957748413 0.003606150858104229
1.2729504108428955 -0.1959954798221588 -0.14427149295806885
1.2000956535339355 -0.14899469912052155 0.06400517374277115
1.2416714429855347 -0.14917179942131042 0.12148655951023102
1.241744041442871 -0.19599997997283936 0.12168264389038086
1.2821433544158936 -0.19600002467632294 0.1484859734773636
1.3402924537658691 -0.19600002467632294 0.16321048140525818
1.3997766971588135 -0.1959986388683319 0.15548110008239746
1.4526925086975098 -0.19600002467632294 0.12723374366760254
1.4936625957489014 -0.19600002467632294 0.07809246331453323
1.5126426219940186 -0.19600000977516174 0.016992108896374702
1.5116026401519775 -0.1957140862941742 -0.02318616583943367
1.5006786584854126 -0.19600002467632294 -0.06152848154306412
1.4835894107818604 -0.19600090384483337 -0.09324022382497787
1.2143393754959106 -0.14799998700618744 -0.043678924441337585
1.2087148427963257 -0.14800000190734863 -0.021761301904916763
1.4956965446472168 -0.13600079715251923 0.021192627027630806
1.4902533292770386 -0.1360001564025879 0.028712887316942215
1.4934823513031006 -0.1359994262456894 0.036724768579006195
1.5058945417404175 -0.13600009679794312 0.022496314719319344
1.5086538791656494 -0.13600090146064758 0.031230855733156204
1.5032219886779785 -0.1360013633966446 0.038740191608667374
1.439646601676941 -0.13600009679794312 0.11875742673873901
1.444146990776062 -0.13599935173988342 0.1295095533132553
1.4302129745483398 -0.13599951565265656 0.1185305267572403
1.425235629081726 -0.13599897921085358 0.1287449151277542
1.4339977502822876 -0.13599994778633118 0.1362275332212448
1.5106124877929688 -0.13600023090839386 -0.005139630753546953
1.509294867515564 -0.13600006699562073 0.0069322846829891205
1.4927761554718018 -0.13600006699562073 -0.0013151090824976563
1.498461365699768 -0.13600045442581177 0.00851268507540226
1.50144362449646 -0.13599909842014313 -0.00925606768578291
1.4837101697921753 -0.13599970936775208 -0.06476663798093796
1.4997886419296265 -0.13600027561187744 -0.06119101494550705
1.4938678741455078 -0.13599954545497894 -0.06721893697977066
1.4822252988815308 -0.1360001266002655 -0.055042073130607605
1.489671230316162 -0.135999858379364 -0.04882284626364708
1.4984837770462036 -0.13599993288516998 -0.053014591336250305
1.476496934890747 -0.13600000739097595 -0.0756104439496994
1.484079122543335 -0.1360001116991043 -0.07855497300624847
1.4786885976791382 -0.1360006183385849 -0.09405773878097534
1.4854851961135864 -0.135999858379364 -0.0880126804113388
1.4693408012390137 -0.13599948585033417 -0.09045431017875671
1.4686806201934814 -0.13599970936775208 -0.07954289764165878
1.4568551778793335 -0.13600003719329834 -0.11725631356239319
1.4576470851898193 -0.1360006034374237 -0.0984555259346962
1.4671213626861572 -0.1360003799200058 -0.10481281578540802
1.4499263763427734 -0.13599969446659088 -0.10288593918085098
1.4641952514648438 -0.13600043952465057 -0.11443961411714554
1.4492740631103516 -0.1359989196062088 -0.11154051870107651
1.4381362199783325 -0.13599854707717896 -0.1360744833946228
1.44403874874115 -0.13600006699562073 -0.12638479471206665
1.4376972913742065 -0.13599978387355804 -0.11744508892297745
1.427556037902832 -0.1360003650188446 -0.13268141448497772
1.4257630109786987 -0.13600043952465057 -0.12311991304159164
1.4033708572387695 -0.13599970936775208 -0.14878852665424347
1.4064728021621704 -0.13600006699562073 -0.13171342015266418
1.417157530784607 -0.13599924743175507 -0.13634900748729706
1.4135578870773315 -0.1359986662864685 -0.14902901649475098
1.398800253868103 -0.13599775731563568 -0.13917036354541779
1.4824970960617065 -0.1359994113445282 0.06380055844783783
1.4945483207702637 -0.1359991729259491 0.06711677461862564
1.500514268875122 -0.13599900901317596 0.05740923807024956
1.484377145767212 -0.1360008269548416 0.051423415541648865
1.493685007095337 -0.13599975407123566 0.04952353984117508
1.4626954793930054 -0.13599981367588043 0.09991665184497833
1.464211106300354 -0.1359996646642685 0.11476613581180573
1.4670039415359497 -0.13599921762943268 0.10662819445133209
1.4532301425933838 -0.13599927723407745 0.09943800419569016
1.4484411478042603 -0.1359993815422058 0.10942839831113815
1.4548636674880981 -0.13600066304206848 0.11671475321054459
1.4696723222732544 -0.13599984347820282 0.07857559621334076
1.46780526638031 -0.13600102066993713 0.08666962385177612
1.4809213876724243 -0.13599947094917297 0.07585298269987106
1.4856752157211304 -0.13599893450737 0.08931133151054382
1.4732788801193237 -0.13600166141986847 0.09358391910791397
1.3505092859268188 -0.13599960505962372 0.161875382065773
1.3404451608657837 -0.1359991580247879 0.1548275500535965
1.3462154865264893 -0.13600006699562073 0.14369282126426697
1.359494686126709 -0.13599863648414612 0.15442422032356262
1.3554024696350098 -0.13599976897239685 0.1450234055519104
1.382426381111145 -0.13599981367588043 0.158840149641037
1.3707364797592163 -0.13599793612957 0.1533816158771515
1.3748105764389038 -0.13599982857704163 0.14138297736644745
1.3889284133911133 -0.13599960505962372 0.15104161202907562
1.3857284784317017 -0.1360001415014267 0.14217686653137207
1.3140733242034912 -0.1359999179840088 0.14221101999282837
1.3120754957199097 -0.13599759340286255 0.15489450097084045
1.3246047496795654 -0.1360001266002655 0.1582646369934082
1.3296360969543457 -0.13599953055381775 0.14807194471359253
1.323692798614502 -0.13599929213523865 0.14099816977977753
1.4170974493026733 -0.13600027561187744 0.13703660666942596
1.4079135656356812 -0.1359991729259491 0.15041254460811615
1.4160162210464478 -0.1360003650188446 0.14606349170207977
1.4061975479125977 -0.13600024580955505 0.13131195306777954
1.398691177368164 -0.13599979877471924 0.14234982430934906
1.1936067342758179 -0.14800067245960236 -0.12190979719161987
1.182551622390747 -0.14799988269805908 -0.10732545703649521
1.188169240951538 -0.14800016582012177 -0.07661671936511993
1.1737439632415771 -0.14799989759922028 -0.02704545296728611
1.1514813899993896 -0.1480000913143158 -0.004386222921311855
1.1825082302093506 -0.13300001621246338 -0.10741734504699707
1.1940265893936157 -0.13300015032291412 -0.12183821946382523
1.1913601160049438 -0.13300007581710815 -0.007506903726607561
1.2003285884857178 -0.13299992680549622 -0.008711155503988266
1.2018930912017822 -0.1329994946718216 -0.020183412358164787
1.2325208187103271 -0.13299986720085144 -0.08475741744041443
1.2282456159591675 -0.13299992680549622 -0.0926927998661995
1.2071545124053955 -0.13300032913684845 -0.03608744218945503
1.2065914869308472 -0.13299962878227234 -0.04908165708184242
1.1983777284622192 -0.13300089538097382 -0.03908205032348633
1.192192792892456 -0.1329999566078186 -0.02529151551425457
1.172851324081421 -0.1329999566078186 -0.026107339188456535
1.1918885707855225 -0.1330004334449768 -0.0330541618168354
1.2027602195739746 -0.13300013542175293 -0.0656968504190445
1.2149699926376343 -0.13300026953220367 -0.06603846698999405
1.2156800031661987 -0.1330009400844574 -0.0790206715464592
1.19581139087677 -0.13300038874149323 0.009544823318719864
1.2061200141906738 -0.13299985229969025 0.003998869564384222
1.2268199920654297 -0.132999986410141 -0.07570624351501465
1.2001148462295532 -0.13299953937530518 -0.05619083717465401
1.2196921110153198 -0.13299988210201263 -0.09340263158082962
1.2144343852996826 -0.13300007581710815 -0.08764046430587769
1.1883834600448608 -0.13300009071826935 -0.0753326267004013
1.1884565353393555 -0.13299977779388428 0.0020725924987345934
1.225721001625061 -0.12069930136203766 -0.07534541934728622
1.2157354354858398 -0.12070006132125854 -0.07925745844841003
1.2145839929580688 -0.12069903314113617 -0.08901161700487137
1.2329013347625732 -0.12070154398679733 -0.08713587373495102
1.2237353324890137 -0.12069953233003616 -0.09403596818447113
1.201727032661438 -0.12069961428642273 -0.06433075666427612
1.2003074884414673 -0.12069959938526154 -0.05555044114589691
1.2059048414230347 -0.12069981545209885 -0.04961938038468361
1.2148029804229736 -0.12069947272539139 -0.050945136696100235
1.2183552980422974 -0.12070071697235107 -0.06147295981645584
1.2099906206130981 -0.12069990485906601 -0.06763238459825516
1.1924409866333008 -0.12069962918758392 -0.024138493463397026
1.2029399871826172 -0.12069930136203766 -0.02084232121706009
1.2099018096923828 -0.12069891393184662 -0.02805059216916561
1.2040293216705322 -0.1206991896033287 -0.038799598813056946
1.1932027339935303 -0.12070003151893616 -0.03594040498137474
1.204742670059204 -0.12069874256849289 0.006504401098936796
1.1945358514785767 -0.12070000916719437 0.008739843964576721
1.1887407302856445 -0.12069979310035706 0.003212386043742299
1.2054557800292969 -0.12070120871067047 -0.004959336947649717
1.1978588104248047 -0.12070007622241974 -0.009380183182656765
1.1898341178894043 -0.12069977074861526 -0.005443331319838762
1.5065611600875854 -0.1360006332397461 -0.03581749275326729
1.4907312393188477 -0.13599978387355804 -0.03271466866135597
1.49311363697052 -0.1359996497631073 -0.02257906086742878
1.5022989511489868 -0.1359996646642685 -0.02097874879837036
1.5086420774459839 -0.1359991431236267 -0.026948528364300728
1.4981048107147217 -0.13599970936775208 -0.039156973361968994
-0.16137154400348663 -0.1807887852191925 -0.0773218423128128
-0.09404058754444122 -0.18108434975147247 -0.003362385556101799
-0.17860691249370575 -0.18057897686958313 -0.02257053554058075
-0.14134982228279114 -0.1808372586965561 0.1083432137966156
-0.10336392372846603 -0.18077965080738068 0.14584790170192719
-0.17056378722190857 -0.18063081800937653 0.0535464771091938
-0.1265464723110199 -0.18077312409877777 -0.12432552129030228
0.23738078773021698 -0.3703036606311798 -0.1469186395406723
0.4485613703727722 -0.382941335439682 -0.12901462614536285
0.38612663745880127 -0.39982596039772034 -0.053383950144052505
1.3913835287094116 -0.3038223683834076 -0.15149959921836853
1.424337387084961 -0.29628604650497437 -0.13920755684375763
1.3774522542953491 -0.3109261691570282 -0.11709854006767273
1.1300580501556396 -0.36850103735923767 -0.09914319217205048
1.2282650470733643 -0.35572540760040283 -0.06012260913848877
0.06530708074569702 -0.3278563320636749 -0.16689549386501312
0.127620130777359 -0.35025277733802795 -0.1581738442182541
0.100304514169693 -0.35390347242355347 -0.09884510189294815
0.08214908838272095 -0.3598387837409973 -0.05070202052593231
1.4538182020187378 -0.28926876187324524 -0.1203668862581253
0.7631065845489502 -0.40667036175727844 -0.03306259959936142
0.8330655694007874 -0.3888596296310425 -0.09615789353847504
0.8638606071472168 -0.40451815724372864 -0.026561899110674858
0.12540210783481598 -0.3666262626647949 -0.07064728438854218
0.1485782116651535 -0.37365564703941345 -0.06297469884157181
0.2025350034236908 -0.37855929136276245 -0.0887071043252945
0.2421601563692093 -0.3906235992908478 -0.059120114892721176
0.20201171934604645 -0.3855576515197754 -0.055488284677267075
0.010869070887565613 -0.3461608290672302 -0.022670740261673927
0.05366559326648712 -0.34196963906288147 -0.08560606092214584
-0.015684833750128746 -0.29773402214050293 -0.14035537838935852
0.00944733340293169 -0.30014386773109436 -0.17590901255607605
0.035027146339416504 -0.32147732377052307 -0.1383969783782959
0.002704627811908722 -0.3289065361022949 -0.06645206362009048
0.17506477236747742 -0.371830016374588 -0.10122299939393997
1.2004806995391846 -0.35758933424949646 -0.08381837606430054
0.9583394527435303 -0.38529103994369507 -0.08592288941144943
0.9770024418830872 -0.39996302127838135 -0.01910659298300743
0.5324130058288574 -0.40518632531166077 -0.04602564126253128
0.17364786565303802 -0.36144012212753296 -0.15299005806446075
-0.07362127304077148 -0.2598575949668884 -0.15638378262519836
-0.05872631445527077 -0.26400890946388245 -0.17090673744678497
-0.07539992779493332 -0.26693758368492126 -0.13513049483299255
-0.017631754279136658 -0.28561535477638245 -0.17753657698631287
-0.046113479882478714 -0.2878882586956024 -0.1225292906165123
-0.015202491544187069 -0.31267985701560974 -0.09402962774038315
0.5428751111030579 -0.39710375666618347 -0.07842583954334259
0.5574631094932556 -0.4012567102909088 -0.06254958361387253
0.1991085559129715 -0.3771376609802246 -0.09432590007781982
0.5774322152137756 -0.4018958806991577 -0.06048447638750076
0.5425998568534851 -0.3918503224849701 -0.09916982054710388
0.6408302187919617 -0.4070115387439728 -0.03978990018367767
0.6213638782501221 -0.388418585062027 -0.11430579423904419
0.5777004361152649 -0.39677995443344116 -0.0806502103805542
0.5633167624473572 -0.3925729990005493 -0.0969543308019638
1.3225769996643066 -0.31999722123146057 -0.15244191884994507
1.0397976636886597 -0.3961481750011444 -0.01430345419794321
1.0432449579238892 -0.3864329159259796 -0.05575205758213997
0.06492382287979126 -0.33623775839805603 -0.1262401044368744
-0.04979151114821434 -0.3151206076145172 -0.044048111885786057
1.2635403871536255 -0.34280019998550415 -0.08833199739456177
1.0305845737457275 -0.38108742237091064 -0.0847693681716919
1.0949665307998657 -0.3915518820285797 -0.01745373010635376
1.296281337738037 -0.3323785960674286 -0.10652907937765121
1.047243356704712 -0.3850220739841461 -0.060519635677337646
0.6903812885284424 -0.40277570486068726 -0.05461381375789642
0.7103818655014038 -0.40244320034980774 -0.0545964352786541
1.0685890913009644 -0.3827384114265442 -0.06526240706443787
0.6922167539596558 -0.39768925309181213 -0.07462792098522186
1.3384695053100586 -0.320668488740921 -0.11802569776773453
-0.0604698471724987 -0.2933833599090576 -0.08740328997373581
1.0790470838546753 -0.37676212191581726 -0.08945430815219879
1.3476446866989136 -0.3139500021934509 -0.15579412877559662
0.7265015244483948 -0.39853954315185547 -0.06883533298969269
0.7082034349441528 -0.39372870326042175 -0.08930175751447678
1.0901025533676147 -0.38286373019218445 -0.055588290095329285
1.3716930150985718 -0.3083537220954895 -0.1549796611070633
0.7289292812347412 -0.3933294415473938 -0.08932270109653473
1.4080252647399902 -0.30349308252334595 -0.10751885175704956
1.4371800422668457 -0.29674211144447327 -0.08626355230808258
1.4811406135559082 -0.28226950764656067 -0.09095790237188339
1.3754850625991821 -0.27400001883506775 -0.11748809367418289
1.4133241176605225 -0.2740000784397125 -0.10522124916315079
1.449632167816162 -0.27400004863739014 -0.07170946151018143
1.3757201433181763 -0.27400076389312744 0.11773928999900818
1.4379820823669434 -0.27400001883506775 0.08560832589864731
1.4041756391525269 -0.27400001883506775 0.10944478958845139
1.4667912721633911 -0.2739999294281006 -0.03634591028094292
1.342040777206421 -0.27400001883506775 -0.11816717684268951
1.4724268913269043 -0.2740000784397125 -0.002945336978882551
1.342312216758728 -0.27400079369544983 0.11966122686862946
1.4654911756515503 -0.2739998400211334 0.04233463108539581
1.3092538118362427 -0.27399998903274536 -0.11149577051401138
1.2897859811782837 -0.273999959230423 0.1060657650232315
1.2614394426345825 -0.2740000784397125 -0.08752921223640442
1.2180039882659912 -0.2740001678466797 0.05675563961267471
1.251840591430664 -0.2740000784397125 0.084182970225811
1.2174413204193115 -0.27399998903274536 -0.04866109415888786
1.4806843996047974 -0.2117512822151184 -0.1671236902475357
1.4655377864837646 -0.20983897149562836 -0.17200960218906403
1.493735909461975 -0.21123412251472473 -0.14466501772403717
1.4927176237106323 -0.21031388640403748 -0.12525098025798798
1.4961479902267456 -0.2129724770784378 -0.13277405500411987
1.4894723892211914 -0.2126661092042923 -0.15630893409252167
1.4684009552001953 -0.21454297006130219 -0.17651663720607758
1.4770283699035645 -0.2287701815366745 -0.1717546284198761
1.4871351718902588 -0.20945876836776733 -0.0999259203672409
0.07691293954849243 -0.16635437309741974 0.26338067650794983
0.08229907602071762 -0.14771656692028046 0.263440877199173
0.06887753307819366 -0.14651484787464142 0.2615586817264557
0.09468429535627365 -0.14669662714004517 0.2567296326160431
0.08849397301673889 -0.14274097979068756 0.2596948742866516
0.08904819935560226 -0.14915049076080322 0.2608465552330017
0.06953800469636917 -0.14323490858078003 0.2598534822463989
0.08159264177083969 -0.14130818843841553 0.2570643723011017
0.06848958879709244 -0.14181376993656158 0.25457262992858887
0.0633048266172409 -0.14176435768604279 0.23864927887916565
0.07149066030979156 -0.14163023233413696 0.2281399667263031
0.08522447943687439 -0.1417800784111023 0.22734086215496063
0.06461048126220703 -0.13827753067016602 0.2394774854183197
0.0933571606874466 -0.14121851325035095 0.2426992803812027
0.09135504066944122 -0.13801994919776917 0.2372778356075287
0.07818669080734253 -0.13852520287036896 0.22832439839839935
0.5435510277748108 -0.4100000262260437 -0.0786852166056633
0.5576857924461365 -0.4100000262260437 -0.06298696994781494
0.5435510277748108 -0.4100000262260437 -0.09811341017484665
0.5628728270530701 -0.4100000262260437 -0.09608261287212372
0.5770075917243958 -0.4100000262260437 -0.08038437366485596
0.5770075917243958 -0.4100000262260437 -0.06095618009567261
0.6908016800880432 -0.4100000262260437 -0.05499246343970299
0.7102298736572266 -0.4100000262260437 -0.05499246343970299
0.6928325295448303 -0.4100000262260437 -0.07431424409151077
0.7085307836532593 -0.4100000262260437 -0.08844900876283646
0.7279590368270874 -0.4100000262260437 -0.08844900876283646
0.7259281277656555 -0.4100000262260437 -0.06912723183631897
0.06693953275680542 -0.16918547451496124 0.25921764969825745
0.08554619550704956 -0.16976548731327057 0.2612197995185852
0.09410285204648972 -0.16891984641551971 0.255919873714447
0.07494531571865082 -0.17000819742679596 0.2556610405445099
0.09293621778488159 -0.16999465227127075 0.24134203791618347
0.0996263176202774 -0.16962368786334991 0.24090513586997986
0.08767827600240707 -0.17000004649162292 0.2527675926685333
0.0678529143333435 -0.17000031471252441 0.23155078291893005
0.060644056648015976 -0.1698763370513916 0.23150098323822021
0.07843606173992157 -0.169999897480011 0.22738470137119293
0.08779685944318771 -0.17000418901443481 0.23061871528625488
0.0644310787320137 -0.16999927163124084 0.24585078656673431
0.08631685376167297 -0.1383192539215088 0.25223246216773987
0.08063522726297379 -0.1379975527524948 0.23676197230815887
0.08565390855073929 -0.169671431183815 0.22116617858409882
0.09683620929718018 -0.16530300676822662 0.2272890955209732
0.058706823736429214 -0.1694985330104828 0.24528196454048157
0.05636395886540413 -0.16357208788394928 0.2511015832424164
0.06793960928916931 -0.1650494486093521 0.22088675200939178
0.059715647250413895 -0.16502214968204498 0.22652851045131683
0.10163892060518265 -0.16518694162368774 0.24193871021270752
0.11273401975631714 -0.16484442353248596 0.22336317598819733
0.10657689720392227 -0.162048801779747 0.24041728675365448
0.12181951105594635 -0.1625448763370514 0.2089720219373703
0.12700365483760834 -0.16469019651412964 0.1619301736354828
0.12844237685203552 -0.16115902364253998 0.17122629284858704
0.1315300464630127 -0.16035884618759155 0.16003505885601044
0.13959519565105438 -0.1623116433620453 0.14945553243160248
0.11481408774852753 -0.1461721956729889 0.22672083973884583
0.10758092999458313 -0.1463956981897354 0.2398403137922287
0.12400055676698685 -0.14555366337299347 0.20193511247634888
1.452715277671814 -0.205372616648674 -0.16932432353496552
1.4605714082717896 -0.20922793447971344 -0.1695573329925537
1.4452680349349976 -0.20883813500404358 -0.1684742271900177
1.4494683742523193 -0.20981213450431824 -0.1455298513174057
1.4407261610031128 -0.2091447412967682 -0.1558026224374771
1.4630910158157349 -0.20540976524353027 -0.163059264421463
1.4659754037857056 -0.2096225619316101 -0.15609051287174225
1.462049961090088 -0.20742377638816833 -0.1510411649942398
1.2589843273162842 -0.19636613130569458 0.14131443202495575
1.2333958148956299 -0.19638951122760773 0.12156850099563599
1.2292240858078003 -0.20558542013168335 0.12404098361730576
1.2901746034622192 -0.19803321361541748 0.15851573646068573
1.3042620420455933 -0.1963084638118744 0.16092950105667114
1.1999437808990479 -0.19635805487632751 0.0769512802362442
1.186219334602356 -0.1960882991552353 0.03884119912981987
1.187355399131775 -0.20226681232452393 0.06277138739824295
1.2155424356460571 -0.19632408022880554 0.10116058588027954
1.2048567533493042 -0.20418524742126465 0.09599149227142334
1.113885521888733 -0.20539569854736328 0.01214540470391512
1.142602562904358 -0.20442067086696625 0.008742772974073887
1.1133241653442383 -0.20566119253635406 0.006291113328188658
0.9492186307907104 -0.20485764741897583 0.005496317986398935
0.8893665075302124 -0.20411568880081177 0.0036041741259396076
0.906197726726532 -0.20564328134059906 0.011214076541364193
1.0065207481384277 -0.20552730560302734 0.006644901819527149
1.0358381271362305 -0.206016406416893 0.014217808842658997
1.0478606224060059 -0.20564942061901093 0.007891014218330383
0.4536219537258148 -0.1848113238811493 -0.009981567040085793
0.4866882860660553 -0.1882230043411255 -0.015295321121811867
0.4188425838947296 -0.18204845488071442 -0.017073411494493484
0.5086045265197754 -0.1890798807144165 -0.00751975504681468
0.34920066595077515 -0.1750383973121643 -0.011979027651250362
0.35536137223243713 -0.17541159689426422 -0.01866820827126503
0.736543595790863 -0.20073579251766205 0.001506743486970663
0.7759446501731873 -0.20187965035438538 -0.0019795403350144625
0.6959987878799438 -0.19902688264846802 -0.0019808723591268063
0.5707489252090454 -0.19381964206695557 -0.0024091885425150394
0.5749444961547852 -0.19335207343101501 -0.009297221899032593
0.6360950469970703 -0.19664552807807922 -0.002270232420414686
0.6643937826156616 -0.19832202792167664 -0.007549264468252659
0.8296297192573547 -0.20299679040908813 0.0013185905991122127
0.31360816955566406 -0.17107349634170532 -0.024004589766263962
0.29746320843696594 -0.16717031598091125 -0.01372270192950964
0.2960904836654663 -0.16633683443069458 -0.019442392513155937
0.2754446268081665 -0.16036394238471985 -0.019028959795832634
0.25572463870048523 -0.16104359924793243 -0.04679311439394951
0.2510026693344116 -0.15062333643436432 -0.01896585151553154
0.12860818207263947 -0.14456205070018768 0.16400499641895294
0.13426166772842407 -0.14265529811382294 0.15204039216041565
0.14174991846084595 -0.15153013169765472 0.1481357365846634
0.04034244269132614 -0.15021176636219025 0.2407080978155136
0.03283941000699997 -0.15219397842884064 0.24042053520679474
0.03967759385704994 -0.1549055576324463 0.2439311146736145
0.10561434924602509 -0.14239677786827087 0.23733077943325043
0.12580958008766174 -0.1422407627105713 0.16589130461215973
0.12111146003007889 -0.14251723885536194 0.2040238380432129
0.054236359894275665 -0.16511647403240204 0.24360789358615875
0.046223804354667664 -0.16257372498512268 0.24547389149665833
-0.1924002468585968 -0.15243101119995117 -0.1165580004453659
-0.1853073239326477 -0.15218386054039001 -0.0544249601662159
-0.19410622119903564 -0.1439199298620224 -0.11734568327665329
-0.1896684765815735 -0.1519557684659958 -0.1244574710726738
-0.18058587610721588 -0.1516249179840088 -0.1313861459493637
-0.18854719400405884 -0.1357795000076294 -0.1273970901966095
-0.1821686327457428 -0.15383321046829224 -0.06327212601900101
0.037665821611881256 -0.16436059772968292 0.2430826872587204
0.08434251695871353 -0.16517381370067596 0.21938516199588776
0.11956120282411575 -0.16855083405971527 0.16179044544696808
0.09107964485883713 -0.16587063670158386 0.19251883029937744
1.1726117134094238 -0.20828203856945038 0.05582377687096596
1.190171480178833 -0.21198412775993347 0.08999689668416977
1.1407713890075684 -0.21054483950138092 0.037175558507442474
1.1659040451049805 -0.20482058823108673 0.027722420170903206
1.1562403440475464 -0.21256403625011444 0.053720686584711075
1.201323390007019 -0.2164308726787567 0.10904602706432343
1.1853266954421997 -0.22589075565338135 0.11417275667190552
1.218704104423523 -0.22338078916072845 0.1335434466600418
1.2508008480072021 -0.2109404057264328 0.14306259155273438
1.2713453769683838 -0.21377679705619812 0.1550426036119461
1.1706125736236572 -0.2165953814983368 0.07998296618461609
1.1576638221740723 -0.2255813181400299 0.09703564643859863
1.1625596284866333 -0.20253732800483704 0.0070333536714315414
1.2288427352905273 -0.21636483073234558 0.1326434463262558
1.1246970891952515 -0.22268226742744446 0.07706934213638306
1.1782116889953613 -0.20056825876235962 0.03063274174928665
1.1743578910827637 -0.19996555149555206 0.006194736808538437
1.175957441329956 -0.23623743653297424 0.1353738009929657
1.1194167137145996 -0.23783332109451294 0.12832878530025482
1.2045835256576538 -0.2332829385995865 0.1403791308403015
1.2324724197387695 -0.22732658684253693 0.1461133360862732
1.181352972984314 -0.1961517035961151 -0.004370755050331354
0.4983956515789032 -0.23417429625988007 0.13107821345329285
0.5544109344482422 -0.23701414465904236 0.1321161538362503
0.9864924550056458 -0.24111831188201904 0.12678006291389465
0.6598445177078247 -0.23908118903636932 0.12908096611499786
0.5947486162185669 -0.23829831182956696 0.13153903186321259
0.33559396862983704 -0.19411665201187134 0.04718445986509323
0.40100204944610596 -0.2086203694343567 0.07297713309526443
1.031036138534546 -0.2399139702320099 0.12582693994045258
0.3084680438041687 -0.22282588481903076 0.1337459534406662
0.7753788232803345 -0.24087777733802795 0.12806591391563416
0.39781370759010315 -0.2293184995651245 0.13280396163463593
0.7133689522743225 -0.24068583548069 0.12980905175209045
1.0802769660949707 -0.2386070042848587 0.12609222531318665
0.90958571434021 -0.2419179379940033 0.1283772587776184
0.45249858498573303 -0.23208028078079224 0.13168683648109436
1.4442576169967651 -0.2128831148147583 -0.1791216880083084
1.4614650011062622 -0.2119937539100647 -0.17847436666488647
1.4534121751785278 -0.22913478314876556 -0.1811244934797287
1.4443447589874268 -0.21021825075149536 -0.17549237608909607
1.4206669330596924 -0.2099640816450119 -0.15439265966415405
1.4598785638809204 -0.20990870893001556 -0.1732153296470642
1.4878504276275635 -0.2291739284992218 -0.15984584391117096
1.462450623512268 -0.2170007973909378 -0.17862826585769653
1.493851661682129 -0.22904439270496368 -0.14799875020980835
1.4966564178466797 -0.22915013134479523 -0.1336158663034439
1.4404399394989014 -0.22843526303768158 -0.1771451234817505
1.4431710243225098 -0.23227548599243164 -0.1757838875055313
1.4163089990615845 -0.22788411378860474 -0.15579424798488617
-0.1927531510591507 -0.1334877908229828 -0.11653342097997665
-0.180856391787529 -0.1338708996772766 -0.13050054013729095
-0.15030913054943085 -0.1331295520067215 -0.1302570253610611
1.2928043603897095 -0.19661657512187958 -0.15819795429706573
1.26498544216156 -0.1961481124162674 -0.14372941851615906
1.503770112991333 -0.19641688466072083 0.06536894291639328
1.4847261905670166 -0.19607168436050415 0.09677360951900482
1.2092704772949219 -0.1960003525018692 0.083101786673069
1.5146920680999756 -0.1970582902431488 0.034113410860300064
1.3378249406814575 -0.1961321234703064 -0.16618084907531738
1.5180052518844604 -0.19677919149398804 -0.005781614687293768
1.1913639307022095 -0.19600002467632294 0.03681858256459236
1.3689175844192505 -0.19642159342765808 -0.16582266986370087
1.348741054534912 -0.19635342061519623 0.16687342524528503
1.4104156494140625 -0.19608278572559357 -0.15475459396839142
1.508650302886963 -0.19615262746810913 -0.05044884607195854
1.375831127166748 -0.19624362885951996 0.16455858945846558
1.4579808712005615 -0.196086585521698 -0.1269785761833191
1.4901639223098755 -0.1961211860179901 -0.08938600867986679
1.2036614418029785 -0.196163609623909 -0.08316770941019058
1.1875718832015991 -0.19646723568439484 -0.045967791229486465
1.4168686866760254 -0.19613315165042877 0.15243086218833923
1.4681358337402344 -0.1967262178659439 0.11916936188936234
1.225402593612671 -0.19642217457294464 -0.11339957267045975
1.2615818977355957 -0.19799554347991943 -0.14387880265712738
1.2453721761703491 -0.19727884232997894 -0.13206754624843597
1.2778205871582031 -0.1982540488243103 -0.15262319147586823
1.1442302465438843 -0.213154599070549 -0.03174324706196785
1.1947720050811768 -0.20715683698654175 -0.08315492421388626
1.1733312606811523 -0.20848464965820312 -0.048249851912260056
1.1593061685562134 -0.217757910490036 -0.06164579465985298
1.1548842191696167 -0.22603368759155273 -0.08415002375841141
1.1786965131759644 -0.22344376146793365 -0.0955849215388298
1.1882209777832031 -0.22966820001602173 -0.11653579771518707
1.1848465204238892 -0.2120833396911621 -0.07736561447381973
1.2527676820755005 -0.21874770522117615 -0.1477818787097931
1.2275679111480713 -0.21783700585365295 -0.13066065311431885
1.1840598583221436 -0.2021426111459732 -0.05140581727027893
1.221103310585022 -0.23013439774513245 -0.13967466354370117
1.168156623840332 -0.20500028133392334 -0.020845936611294746
1.1774046421051025 -0.2002577930688858 -0.019386330619454384
1.1137888431549072 -0.23946917057037354 -0.11443086713552475
1.1227798461914062 -0.22561363875865936 -0.06981419771909714
1.1473588943481445 -0.23866590857505798 -0.12146599590778351
1.2041934728622437 -0.21502016484737396 -0.10603369027376175
1.1910436153411865 -0.23566223680973053 -0.13165342807769775
1.2188843488693237 -0.20461523532867432 -0.11179428547620773
1.248020887374878 -0.22742204368114471 -0.14935892820358276
0.6150810122489929 -0.23817069828510284 -0.13614322245121002
0.4917476177215576 -0.2339712381362915 -0.14730052649974823
1.0212528705596924 -0.21713989973068237 -0.031143229454755783
0.9023494720458984 -0.24182960391044617 -0.11181522160768509
0.9761105179786682 -0.24102099239826202 -0.10457398742437363
0.5485748052597046 -0.2371584177017212 -0.14389722049236298
1.0727981328964233 -0.23993858695030212 -0.10727927088737488
1.079171895980835 -0.22301270067691803 -0.053599465638399124
0.8354994654655457 -0.2421746551990509 -0.11839427798986435
0.7435494065284729 -0.24052216112613678 -0.12438738346099854
1.0459319353103638 -0.24130786955356598 -0.10682167857885361
0.6635530591011047 -0.2398446798324585 -0.13311614096164703
0.3765999972820282 -0.22781434655189514 -0.15792034566402435
0.4267626106739044 -0.23231744766235352 -0.1556006819009781
0.34474995732307434 -0.22574292123317719 -0.1611318737268448
0.3064965307712555 -0.22217336297035217 -0.16343487799167633
0.2897292375564575 -0.2055417150259018 -0.12813936173915863
0.27467355132102966 -0.18837428092956543 -0.09635835140943527
0.19676922261714935 -0.12490155547857285 -0.07195229083299637
0.15889719128608704 -0.10252228379249573 -0.11190856248140335
0.17938652634620667 -0.10154453665018082 -0.07406880706548691
0.18435914814472198 -0.1269829422235489 -0.09726571291685104
0.20604786276817322 -0.16293573379516602 -0.11588351428508759
0.1792343407869339 -0.16145041584968567 -0.1410311907529831
0.1813727468252182 -0.142303928732872 -0.11929179728031158
0.14932553470134735 -0.18057161569595337 -0.18072260916233063
0.1842675507068634 -0.18751414120197296 -0.1672515571117401
0.18578365445137024 -0.19506095349788666 -0.1757591813802719
0.2836819291114807 -0.17604634165763855 -0.05813140422105789
0.2509486675262451 -0.17135384678840637 -0.0787617638707161
0.16022776067256927 -0.16395950317382812 -0.1592707633972168
0.12771767377853394 -0.1375049501657486 -0.16338007152080536
0.1403963267803192 -0.13067343831062317 -0.14999261498451233
0.12656493484973907 -0.15544164180755615 -0.17427867650985718
0.2364693433046341 -0.15013331174850464 -0.04681740328669548
0.17000585794448853 -0.1275641769170761 -0.11778055131435394
0.23818014562129974 -0.17913120985031128 -0.10905883461236954
0.13642248511314392 -0.17709007859230042 -0.1833435297012329
0.10412070900201797 -0.1582924723625183 -0.18606849014759064
0.23044288158416748 -0.19347845017910004 -0.14266756176948547
0.21511009335517883 -0.14888609945774078 -0.08105075359344482
0.21285787224769592 -0.13213928043842316 -0.0496901199221611
0.12753599882125854 -0.1026327908039093 -0.1461239755153656
0.09804465621709824 -0.1327371895313263 -0.17757895588874817
0.2287846803665161 -0.15872667729854584 -0.08041957765817642
0.10499969124794006 -0.10191187262535095 -0.16273058950901031
0.06673483550548553 -0.1275232583284378 -0.18769410252571106
0.07698185741901398 -0.10246863216161728 -0.17788736522197723
0.2296651303768158 -0.13775239884853363 -0.019607551395893097
0.20004071295261383 -0.18130061030387878 -0.14809650182724
0.26859551668167114 -0.21912339329719543 -0.16963021457195282
0.2586096525192261 -0.20308762788772583 -0.1413867324590683
0.20284007489681244 -0.11413991451263428 -0.025773286819458008
0.21474722027778625 -0.12550166249275208 -0.02184523642063141
0.19353348016738892 -0.10151287168264389 -0.011591792106628418
0.18925239145755768 -0.10158240050077438 -0.041739560663700104
0.14188411831855774 -0.10173741728067398 -0.1316145658493042
0.045370642095804214 -0.10250680893659592 -0.18826259672641754
0.2855513393878937 -0.22092212736606598 -0.16679109632968903
0.22797711193561554 -0.2100588083267212 -0.1728091686964035
0.02294166199862957 -0.10117822885513306 -0.1899283081293106
0.024304674938321114 -0.10396144539117813 -0.19228529930114746
0.0658036395907402 -0.10109367221593857 -0.17998547852039337
0.10595831274986267 -0.10104532539844513 -0.15922413766384125
0.14011523127555847 -0.10105782002210617 -0.13074393570423126
0.16519694030284882 -0.10086620599031448 -0.09662767499685287
0.18258735537528992 -0.10100093483924866 -0.057365112006664276
0.19022712111473083 -0.10097788274288177 -0.019789844751358032
0.1915728598833084 -0.10131915658712387 0.028916431590914726
0.13121286034584045 -0.10185287892818451 0.14320024847984314
0.1474934071302414 -0.10090845823287964 0.12247239798307419
0.11469414085149765 -0.10088758170604706 0.15301001071929932
0.16034379601478577 -0.10205982625484467 0.10937679558992386
0.17885799705982208 -0.10166969150304794 0.07513757050037384
0.17789609730243683 -0.10100376605987549 0.07206322997808456
0.25453275442123413 -0.21065329015254974 0.13524478673934937
0.2708161771297455 -0.20168858766555786 0.10481381416320801
0.2318250983953476 -0.1986934095621109 0.1346469670534134
0.2040877491235733 -0.12256639450788498 0.0405159592628479
0.22197899222373962 -0.14738135039806366 0.053517844527959824
0.22816504538059235 -0.1434730589389801 0.023389898240566254
0.26693353056907654 -0.1899053454399109 0.08207708597183228
0.23602738976478577 -0.18391002714633942 0.1050863042473793
0.22725850343704224 -0.13816262781620026 -0.001190727693028748
0.2530846893787384 -0.15656054019927979 0.004521120805293322
0.20674173533916473 -0.11802542954683304 0.0019883743952959776
0.25868743658065796 -0.17766638100147247 0.06201869994401932
0.27846214175224304 -0.17175084352493286 0.01954992674291134
0.26008766889572144 -0.16782565414905548 0.03188594430685043
0.2223208248615265 -0.16948343813419342 0.09815938025712967
0.23952654004096985 -0.16298386454582214 0.056252267211675644
0.21316559612751007 -0.15065446496009827 0.07965892553329468
0.19213202595710754 -0.1242784783244133 0.07805635035037994
0.19920894503593445 -0.15065217018127441 0.10345923155546188
0.1949678510427475 -0.1614813357591629 0.1233842745423317
0.29328274726867676 -0.1804300993680954 0.03123994544148445
0.20424984395503998 -0.1804998517036438 0.1361137330532074
0.2798503041267395 -0.21835263073444366 0.1345786452293396
0.3055259883403778 -0.19502659142017365 0.06312373280525208
0.17086604237556458 -0.1481516808271408 0.1373712420463562
0.1799621731042862 -0.122871533036232 0.09947513043880463
0.16693773865699768 -0.12720738351345062 0.12274158000946045
0.1478651612997055 -0.12709344923496246 0.14372965693473816
0.11937983334064484 -0.10307269543409348 0.15456771850585938
-0.013972419314086437 -0.1439950317144394 0.19813120365142822
-0.006810138002038002 -0.1417645364999771 0.19848506152629852
-0.00393470237031579 -0.15111207962036133 0.2086184024810791
0.02498774044215679 -0.1562766283750534 0.24624204635620117
0.010325122624635696 -0.15495215356349945 0.25161802768707275
0.10155254602432251 -0.14131462574005127 0.16856610774993896
0.08523077517747879 -0.141656294465065 0.17935188114643097
0.11591131240129471 -0.1377740502357483 0.15756666660308838
0.04200652241706848 -0.14167433977127075 0.193958580493927
0.0003247869899496436 -0.15224741399288177 0.25049370527267456
-0.025886861607432365 -0.1523534208536148 0.24410690367221832
-0.014524905011057854 -0.15550068020820618 0.2509672939777374
-0.044652294367551804 -0.15223193168640137 0.22312156856060028
-0.04924029856920242 -0.15166671574115753 0.2042578160762787
-0.05024796724319458 -0.15480756759643555 0.2176164835691452
-0.03854098543524742 -0.1550854742527008 0.23634271323680878
-0.0292369332164526 -0.15659448504447937 0.24423518776893616
-0.0467427633702755 -0.1928541660308838 0.2291240692138672
-0.14316843450069427 -0.13707061111927032 -0.1330859661102295
-0.14034903049468994 -0.15180321037769318 -0.13240467011928558
-0.14378120005130768 -0.15370561182498932 -0.1279183328151703
-0.16822215914726257 -0.15326282382011414 -0.09834115207195282
-0.18686743080615997 -0.13573336601257324 -0.05748276039958
-0.05209025740623474 -0.20449978113174438 0.21568629145622253
-0.05241895467042923 -0.19191646575927734 0.21689671277999878
-0.03705297037959099 -0.2045021653175354 0.24120327830314636
-0.010105680674314499 -0.20442068576812744 0.25425857305526733
-0.020396433770656586 -0.1971203088760376 0.25103500485420227
-0.03302668407559395 -0.19508656859397888 0.2444186955690384
-0.05609530210494995 -0.1863914132118225 0.19868965446949005
0.036741968244314194 -0.16744409501552582 0.23972748219966888
0.058728475123643875 -0.16693951189517975 0.2236723005771637
0.057512737810611725 -0.1697837859392166 0.22361214458942413
0.06265899538993835 -0.2046293169260025 0.20764626562595367
0.06652607768774033 -0.2009955197572708 0.21711938083171844
0.05346453934907913 -0.20426423847675323 0.22939974069595337
0.026474280282855034 -0.2045000046491623 0.24822884798049927
0.014594352804124355 -0.2044454663991928 0.25315481424331665
0.0011151689104735851 -0.20436875522136688 0.25508415699005127
0.05789155140519142 -0.20467625558376312 0.17890527844429016
0.0456225723028183 -0.20488353073596954 0.15552467107772827
-0.05791178718209267 -0.20443353056907654 0.19193482398986816
0.019896507263183594 -0.20469160377979279 0.1413104236125946
-0.023994212970137596 -0.20463788509368896 0.1427733153104782
0.15439660847187042 -0.2258412092924118 0.14608487486839294
0.14105455577373505 -0.22504456341266632 0.15119773149490356
0.12118534743785858 -0.2222946584224701 0.16387559473514557
0.14526459574699402 -0.14568960666656494 0.14558212459087372
0.1654120832681656 -0.2169457972049713 0.1428598314523697
0.1722526103258133 -0.15709112584590912 0.14027811586856842
1.147389531135559 -0.23828086256980896 0.13252055644989014
1.1153534650802612 -0.24236458539962769 0.1325092613697052
1.1473191976547241 -0.24288006126880646 0.1359030306339264
1.193971872329712 -0.2396543025970459 0.14194345474243164
1.2392512559890747 -0.2303820103406906 0.14977535605430603
1.3205970525741577 -0.19877085089683533 0.1661367267370224
0.31705522537231445 -0.22777844965457916 0.13769952952861786
0.367584764957428 -0.22872021794319153 0.13499923050403595
0.2842414081096649 -0.22567488253116608 0.1392020583152771
0.23850582540035248 -0.20710036158561707 0.13803315162658691
0.23836149275302887 -0.21286091208457947 0.1396745890378952
0.316961407661438 -0.23456479609012604 0.13971209526062012
0.3547840118408203 -0.23273508250713348 0.13844363391399384
0.19086982309818268 -0.1768052577972412 0.13941039144992828
0.8636537194252014 -0.242655411362648 0.12933020293712616
0.8775124549865723 -0.247206911444664 0.13314451277256012
0.908687949180603 -0.24641935527324677 0.13228590786457062
1.0066372156143188 -0.2440945953130722 0.1302749216556549
0.9970239996910095 -0.24760758876800537 0.13218717277050018
1.0597842931747437 -0.24138280749320984 0.12876233458518982
1.0895068645477295 -0.24224506318569183 0.13069814443588257
0.6171406507492065 -0.2432738095521927 0.13538680970668793
0.8417797088623047 -0.24679623544216156 0.13330736756324768
0.7688385248184204 -0.2456829845905304 0.13372257351875305
0.6504499316215515 -0.24162043631076813 0.13298091292381287
0.7212139368057251 -0.24589098989963531 0.13478977978229523
0.3989637494087219 -0.2342206984758377 0.13750147819519043
0.5143823027610779 -0.2431836724281311 0.13748633861541748
0.49010714888572693 -0.23722560703754425 0.1353345662355423
0.4632003903388977 -0.240375816822052 0.13775482773780823
0.5158656239509583 -0.23800237476825714 0.13479697704315186
0.5520592927932739 -0.24288798868656158 0.13657724857330322
0.45548415184020996 -0.23550893366336823 0.13561221957206726
0.5882259011268616 -0.24269819259643555 0.1355692446231842
0.6489066481590271 -0.24541859328746796 0.1355549395084381
0.6887790560722351 -0.24455074965953827 0.13432691991329193
1.487605333328247 -0.19801367819309235 0.09756940603256226
1.3486030101776123 -0.1991499662399292 0.16875356435775757
1.3801710605621338 -0.1988154947757721 0.16606281697750092
1.406001091003418 -0.19770826399326324 0.1588667631149292
1.491513967514038 -0.1984015554189682 -0.09196021407842636
1.467678189277649 -0.19788576662540436 -0.12086139619350433
1.3562321662902832 -0.19898004829883575 -0.16867132484912872
1.3255314826965332 -0.19834160804748535 -0.16690242290496826
1.507259726524353 -0.1981341689825058 -0.06139827147126198
1.3866511583328247 -0.19795754551887512 -0.16445446014404297
1.5049874782562256 -0.19863297045230865 0.06696122139692307
1.4406232833862305 -0.19787853956222534 -0.14196446537971497
1.416121006011963 -0.1981089562177658 -0.15511079132556915
1.516221046447754 -0.1977970153093338 -0.026825038716197014
1.4485759735107422 -0.19715020060539246 0.13624989986419678
1.5181260108947754 -0.1981649100780487 0.01274734828621149
1.4287782907485962 -0.1981583833694458 0.148961141705513
1.4175280332565308 -0.21415627002716064 -0.15596994757652283
1.4598278999328613 -0.20958398282527924 -0.12920182943344116
1.49164879322052 -0.228919118642807 -0.09304232895374298
-0.18527598679065704 -0.13278746604919434 -0.0683889165520668
-0.16599993407726288 -0.13259488344192505 -0.1063937246799469
1.1007014513015747 -0.24468041956424713 -0.11653546243906021
1.147464394569397 -0.24468235671520233 -0.1264050006866455
1.111466646194458 -0.25506553053855896 -0.12043794244527817
1.1783075332641602 -0.24213455617427826 -0.13318973779678345
1.1952664852142334 -0.24033355712890625 -0.13708649575710297
0.8626111149787903 -0.24433633685112 -0.11820729821920395
0.8317101001739502 -0.24847324192523956 -0.12330935895442963
0.7906280159950256 -0.24339580535888672 -0.12394751608371735
0.7240288257598877 -0.24220213294029236 -0.12929576635360718
0.7480287551879883 -0.24680761992931366 -0.13032498955726624
0.6966013312339783 -0.24672996997833252 -0.1350606083869934
0.6709880232810974 -0.24374307692050934 -0.13613635301589966
0.9078474044799805 -0.2454521209001541 -0.11516715586185455
0.6185458898544312 -0.24134674668312073 -0.13976606726646423
0.6163334250450134 -0.244828999042511 -0.14210368692874908
0.5722056031227112 -0.24214203655719757 -0.14555351436138153
0.5528445243835449 -0.24280868470668793 -0.14770029485225677
0.5088546872138977 -0.2376960813999176 -0.14952927827835083
0.4398444592952728 -0.23925751447677612 -0.1579495668411255
0.46449196338653564 -0.23659512400627136 -0.1540835052728653
0.5084783434867859 -0.2410452514886856 -0.1514379382133484
1.009995698928833 -0.2459215223789215 -0.10961297899484634
1.0544086694717407 -0.2471463829278946 -0.1114157885313034
0.37497279047966003 -0.23149020969867706 -0.16198091208934784
0.352936327457428 -0.23186655342578888 -0.16505979001522064
0.32090869545936584 -0.2283077985048294 -0.1672351360321045
0.976921558380127 -0.24350681900978088 -0.10845151543617249
0.9559323191642761 -0.24722863733768463 -0.11229727417230606
0.9769623875617981 -0.248752161860466 -0.1113995760679245
0.8785413503646851 -0.24881254136562347 -0.11925911158323288
0.2975904941558838 -0.228186696767807 -0.17011253535747528
1.088923454284668 -0.2554921507835388 -0.11689581722021103
1.0726746320724487 -0.2432895451784134 -0.11135520040988922
0.208466038107872 -0.2078852355480194 -0.1773362010717392
0.2389393448829651 -0.21753498911857605 -0.17503099143505096
0.1767665594816208 -0.19730164110660553 -0.1803777664899826
0.19046662747859955 -0.10100525617599487 0.018721764907240868
0.08786340802907944 -0.10127127170562744 0.16981986165046692
-0.016149554401636124 -0.1363055258989334 0.1943286806344986
-0.027320940047502518 -0.1512870192527771 0.20606324076652527
-0.05334355682134628 -0.15338052809238434 0.20034100115299225
0.05256480723619461 -0.13775266706943512 0.187800332903862
0.0227835513651371 -0.1399715393781662 0.19508498907089233
0.08307892829179764 -0.13749073445796967 0.1764683872461319
-0.057868555188179016 -0.14581304788589478 0.19125035405158997
-0.17224955558776855 -0.15538161993026733 -0.08501274883747101
-0.15899673104286194 -0.15536187589168549 -0.10778387635946274
-0.1796679049730301 -0.17355716228485107 -0.05271846055984497
-0.06214791163802147 -0.19101813435554504 0.18960288166999817
-0.06419219076633453 -0.20144881308078766 0.18574972450733185
-0.06942243874073029 -0.1883394569158554 0.18408165872097015
-0.01325701642781496 -0.21703137457370758 0.12550599873065948
0.0030703775119036436 -0.21735742688179016 0.12417928129434586
-0.005229544825851917 -0.20697148144245148 0.13210651278495789
0.06684432178735733 -0.20818178355693817 0.17979761958122253
0.050152070820331573 -0.20992571115493774 0.1490384042263031
0.06111922115087509 -0.2110118716955185 0.16113001108169556
0.027492420747876167 -0.20819689333438873 0.1360836774110794
0.008929875679314137 -0.21107205748558044 0.1281615048646927
-0.05609329044818878 -0.20576877892017365 0.1626281887292862
-0.04279360547661781 -0.20677520334720612 0.14785538613796234
0.043805886059999466 -0.2174125760793686 0.13824662566184998
0.06060393527150154 -0.2193724811077118 0.15369533002376556
-0.0239491555839777 -0.20732484757900238 0.1358555555343628
-0.05737997591495514 -0.2122655212879181 0.15219087898731232
0.07125475257635117 -0.2084827423095703 0.19930577278137207
-0.041816066950559616 -0.21530781686306 0.1374821960926056
0.0701277107000351 -0.21921339631080627 0.1700156033039093
0.07533328235149384 -0.21800032258033752 0.18850751221179962
0.0281321220099926 -0.21619945764541626 0.12974843382835388
-0.053807005286216736 -0.22122325003147125 0.14522701501846313
-0.02880425564944744 -0.2174748331308365 0.12991170585155487
-0.05216486379504204 -0.2352544069290161 0.1432131677865982
0.07745852321386337 -0.2474081665277481 0.18879476189613342
0.08037795126438141 -0.23227402567863464 0.18944209814071655
0.0748874619603157 -0.23500825464725494 0.18315936625003815
0.0741080567240715 -0.20258723199367523 0.20916740596294403
0.07850906997919083 -0.2162390947341919 0.1942993402481079
0.17754586040973663 -0.2285429686307907 0.1411130577325821
0.0873628556728363 -0.21692851185798645 0.1973034292459488
1.2959638833999634 -0.24859437346458435 0.16254378855228424
1.2132208347320557 -0.2517927289009094 0.14750799536705017
1.0568820238113403 -0.2588922381401062 0.13345202803611755
0.8296322822570801 -0.2611268162727356 0.1352238655090332
0.6447199583053589 -0.258835107088089 0.13679812848567963
0.43736761808395386 -0.251726359128952 0.13851884007453918
1.1636377573013306 -0.2548663020133972 0.13989993929862976
1.1090890169143677 -0.25840088725090027 0.1349850594997406
1.3298900127410889 -0.24750956892967224 0.16843919456005096
0.9667766690254211 -0.26100775599479675 0.134081169962883
1.4788731336593628 -0.23303578794002533 0.11053489148616791
1.3554612398147583 -0.2443426549434662 0.16960370540618896
1.408449411392212 -0.2414812594652176 0.15941399335861206
1.4000741243362427 -0.24103513360023499 -0.16222694516181946
1.516420602798462 -0.22865712642669678 -0.03367244824767113
1.5195132493972778 -0.2285618633031845 0.002818953711539507
1.3798612356185913 -0.242806538939476 0.1669497787952423
1.5127804279327393 -0.22816313803195953 0.04777510091662407
1.3144984245300293 -0.24855929613113403 -0.1657690405845642
1.3403687477111816 -0.24671950936317444 -0.16937139630317688
1.500556230545044 -0.22933520376682281 0.07850611209869385
1.4608486890792847 -0.23583829402923584 0.1282520294189453
1.4366239309310913 -0.20885688066482544 -0.1451306790113449
1.4724446535110474 -0.2086358219385147 -0.11665032804012299
1.441264271736145 -0.23799017071723938 0.14308035373687744
1.4911408424377441 -0.21279478073120117 -0.0929364413022995
1.5176653861999512 -0.22923558950424194 0.024569684639573097
1.5050289630889893 -0.2308560311794281 -0.0689859688282013
1.3747377395629883 -0.24736309051513672 -0.16767530143260956
1.4503828287124634 -0.24874474108219147 -0.13473013043403625
1.423822045326233 -0.24950069189071655 -0.1510084718465805
-0.18115365505218506 -0.12916460633277893 -0.07143967598676682
-0.17389295995235443 -0.13032491505146027 -0.08827657997608185
-0.1590140014886856 -0.12952931225299835 -0.11248336732387543
-0.14649736881256104 -0.1297408938407898 -0.12834517657756805
1.1343317031860352 -0.25968050956726074 -0.12439645826816559
1.0478202104568481 -0.25840693712234497 -0.11204260587692261
1.0000978708267212 -0.2629629075527191 -0.11114314943552017
0.9562349915504456 -0.2631371319293976 -0.11302304267883301
0.5254223346710205 -0.2562656104564667 -0.15079247951507568
0.803199291229248 -0.2607891261577606 -0.12648990750312805
0.3559788465499878 -0.24634233117103577 -0.16568420827388763
0.17363102734088898 -0.22987040877342224 -0.18169209361076355
0.01819557696580887 -0.20317129790782928 -0.1953326165676117
0.017123010009527206 -0.2029660940170288 -0.19542141258716583
-0.18848979473114014 -0.10272201895713806 0.044278260320425034
-0.18037959933280945 -0.10342562943696976 0.07003812491893768
-0.18612375855445862 -0.10120835155248642 0.045231763273477554
-0.005258422810584307 -0.10345849394798279 -0.19359266757965088
-0.10194370895624161 -0.10283350944519043 -0.1644493192434311
-0.10055289417505264 -0.10128903388977051 -0.1632670909166336
-0.058565832674503326 -0.10270624607801437 -0.18439339101314545
-0.06298109889030457 -0.10277361422777176 0.18312519788742065
-0.022262101992964745 -0.10123982280492783 0.19032521545886993
-0.06906098872423172 -0.10125278681516647 0.17853762209415436
-0.07593820989131927 -0.10381652414798737 -0.17814724147319794
-0.15962715446949005 -0.10357830673456192 -0.10989997535943985
-0.14581167697906494 -0.10129909962415695 -0.12457095086574554
-0.1315726786851883 -0.10299002379179001 -0.1421031355857849
-0.013864920474588871 -0.1012008786201477 -0.19082637131214142
-0.03232637792825699 -0.10321548581123352 -0.1907995194196701
-0.05306119844317436 -0.1012229323387146 -0.18393130600452423
-0.10000751912593842 -0.10257289558649063 0.16560187935829163
0.08572054654359818 -0.10271129757165909 0.17346787452697754
0.050953544676303864 -0.10130087286233902 0.18474382162094116
0.05671496316790581 -0.10384239256381989 0.1851949840784073
-0.19280323386192322 -0.10275441408157349 -0.017203573137521744
-0.1916428506374359 -0.10126111656427383 -0.0039184982888400555
-0.18395374715328217 -0.10129901021718979 -0.05364351347088814
-0.13300691545009613 -0.10297130793333054 0.14084619283676147
-0.1299910545349121 -0.10125135630369186 0.1402481347322464
-0.1558484137058258 -0.1012488380074501 0.11115702986717224
-0.025837987661361694 -0.10382812470197678 0.1920001357793808
0.010076538659632206 -0.10268259793519974 0.19322100281715393
-0.15725617110729218 -0.10245117545127869 0.11241789162158966
-0.1770806759595871 -0.10121958702802658 0.07287456095218658
-0.16929452121257782 -0.10367273539304733 0.09426400810480118
-0.18028773367404938 -0.10291273146867752 -0.0708228200674057
-0.16570399701595306 -0.10122597962617874 -0.09587933868169785
-0.1934632658958435 -0.10380345582962036 0.009901285171508789
0.026933230459690094 -0.10125916451215744 0.18952608108520508
-0.10380229353904724 -0.10123573988676071 0.16060210764408112
-0.18882966041564941 -0.10374743491411209 -0.04280664771795273
0.027364002540707588 -0.10404757410287857 0.19180457293987274
-0.03189724683761597 -0.14310400187969208 0.1951082944869995
0.021549852564930916 -0.13542909920215607 0.19386446475982666
-0.044178254902362823 -0.1358868032693863 0.18982218205928802
-0.06513408571481705 -0.138349249958992 0.1841595321893692
-0.08793596923351288 -0.14682641625404358 0.17449593544006348
-0.07956928759813309 -0.17608642578125 0.17335237562656403
-0.08920452743768692 -0.17617130279541016 0.1633496880531311
-0.14962290227413177 -0.17224319279193878 -0.11275159567594528
-0.1667715609073639 -0.17237365245819092 -0.08554986119270325
-0.12713274359703064 -0.14322888851165771 -0.14792843163013458
-0.10835125297307968 -0.1756657361984253 0.1513873040676117
-0.11668123304843903 -0.14319734275341034 0.15655028820037842
-0.19081251323223114 -0.1431513875722885 -0.042316921055316925
-0.18453773856163025 -0.17564694583415985 -0.024535488337278366
-0.19485121965408325 -0.1429997682571411 -0.016781307756900787
-0.16474999487400055 -0.17319509387016296 0.08949039876461029
-0.18097949028015137 -0.14307425916194916 0.07386964559555054
-0.17647580802440643 -0.17297601699829102 0.06316608190536499
-0.18962281942367554 -0.14300626516342163 0.04801279306411743
-0.09486988931894302 -0.1760079264640808 -0.1598096787929535
-0.10355804860591888 -0.14298082888126373 -0.16508464515209198
-0.08831758797168732 -0.1451900601387024 -0.17379151284694672
-0.1485968679189682 -0.17318056523799896 0.11398504674434662
-0.13857342302799225 -0.14307710528373718 0.1377713680267334
-0.15581950545310974 -0.14307449758052826 0.11785101145505905
-0.18384984135627747 -0.17477062344551086 0.03396116942167282
-0.12757712602615356 -0.17426760494709015 0.13657861948013306
-0.19460320472717285 -0.1431504189968109 0.01947665959596634
-0.1869651824235916 -0.1744227260351181 0.0010295880492776632
-0.11303793638944626 -0.17326080799102783 -0.14873383939266205
-0.16986355185508728 -0.1429985761642456 0.09680959582328796
-0.13190492987632751 -0.17631004750728607 -0.13067631423473358
-0.15247955918312073 -0.17841464281082153 -0.10244333744049072
-0.17352887988090515 -0.17808742821216583 -0.06165732070803642
-0.16626758873462677 -0.17939895391464233 0.07490582019090652
-0.15301679074764252 -0.1787189543247223 0.10140959173440933
-0.1817263960838318 -0.17976661026477814 0.008996429853141308
-0.17756256461143494 -0.17805269360542297 0.04939502105116844
-0.10730285197496414 -0.18050380051136017 -0.1454378068447113
-0.1296909600496292 -0.17819222807884216 0.13051031529903412
-0.09390610456466675 -0.18046632409095764 0.1532004028558731
-0.0860266163945198 -0.18380512297153473 0.14874225854873657
-0.05562679097056389 -0.20672030746936798 0.1173197478055954
-0.07244294136762619 -0.19197067618370056 0.15667425096035004
-0.06732933968305588 -0.1965893656015396 0.15227846801280975
-0.06432213634252548 -0.20136888325214386 0.1695432811975479
-0.07933441549539566 -0.18342843651771545 0.16552335023880005
-0.07086674869060516 -0.19256243109703064 0.1443576067686081
-0.015997467562556267 -0.23698224127292633 0.1246824637055397
0.008790283463895321 -0.23702722787857056 0.12381571531295776
0.06116357445716858 -0.23700003325939178 0.1534275859594345
-0.03882913663983345 -0.2370682805776596 0.13387718796730042
0.023993534967303276 -0.2518097758293152 0.127420112490654
0.04258130490779877 -0.23703697323799133 0.13611532747745514
0.04327324032783508 -0.2541378140449524 0.13707789778709412
0.07113921642303467 -0.25847116112709045 0.17572914063930511
-0.018233494833111763 -0.2571050822734833 0.12659886479377747
-0.03648621216416359 -0.25596991181373596 0.13334690034389496
0.06622716784477234 -0.2566886246204376 0.16326168179512024
0.0018105563940480351 -0.25525450706481934 0.12392885982990265
0.05737640708684921 -0.25639328360557556 0.1505913883447647
-0.03276415541768074 -0.27701666951179504 0.2698958218097687
-0.06241527199745178 -0.277120441198349 0.2449295073747635
-0.048494357615709305 -0.2770005762577057 0.261195570230484
-0.009710953570902348 -0.2770449221134186 0.27227455377578735
-0.02843879722058773 -0.2762097716331482 0.26529645919799805
-0.0517861507833004 -0.2757498025894165 0.24775943160057068
-0.06453853100538254 -0.27278760075569153 0.21763306856155396
-0.03522050380706787 -0.2704307734966278 0.25280410051345825
-0.05373469740152359 -0.2700956463813782 0.23228974640369415
0.007580114062875509 -0.27347710728645325 0.267039030790329
-0.0037724238354712725 -0.2699396312236786 0.2626480758190155
0.02031354047358036 -0.2698875367641449 0.25835686922073364
0.05920928344130516 -0.2692220211029053 0.17948095500469208
0.022109365090727806 -0.26923346519470215 0.14138919115066528
0.05965365841984749 -0.2699472904205322 0.2186567783355713
-0.05337515473365784 -0.26925814151763916 0.1654040813446045
-0.013022528029978275 -0.26927074790000916 0.13878165185451508
-0.060884587466716766 -0.2698203921318054 0.2012220174074173
0.07236563414335251 -0.27032843232154846 0.20686036348342896
0.06795892864465714 -0.26762810349464417 0.2021142840385437
0.07548920065164566 -0.2586172819137573 0.19236931204795837
0.0644158124923706 -0.265453040599823 0.17221814393997192
0.08619681745767593 -0.253232479095459 0.19494742155075073
0.08991246670484543 -0.23618647456169128 0.1929357796907425
0.16740651428699493 -0.27468234300613403 0.13561691343784332
0.14467234909534454 -0.2994210720062256 0.13961344957351685
0.1211855486035347 -0.259635865688324 0.16014280915260315
0.16478495299816132 -0.3103240132331848 0.12990431487560272
0.18757933378219604 -0.32270485162734985 0.1232776865363121
0.18316546082496643 -0.2694672644138336 0.13467703759670258
1.1823595762252808 -0.2608984708786011 0.14196422696113586
0.2731029987335205 -0.23963060975074768 0.1399066299200058
0.3111574053764343 -0.2567061483860016 0.13772018253803253
0.19581753015518188 -0.372707337141037 0.039272744208574295
0.1724971979856491 -0.3698592782020569 0.046801112592220306
0.1932068020105362 -0.36963945627212524 0.03681798279285431
1.0437431335449219 -0.3821602463722229 0.06912834197282791
1.0473068952560425 -0.382436603307724 -0.05590882524847984
0.016604412347078323 -0.20556595921516418 -0.1955261379480362
-0.008891674689948559 -0.20347312092781067 -0.19611597061157227
-0.057056035846471786 -0.19147467613220215 -0.18769226968288422
-0.07318946719169617 -0.1791985034942627 -0.181670680642128
-0.03523159399628639 -0.19559842348098755 -0.19305752217769623
-0.0824253037571907 -0.1931140124797821 -0.1668224185705185
-0.08896209299564362 -0.18105517327785492 -0.16268424689769745
-0.09435215592384338 -0.19296281039714813 -0.142685666680336
-0.08407579362392426 -0.20511148869991302 -0.15398404002189636
-0.08698722720146179 -0.2042052149772644 -0.1354120522737503
-0.09396340698003769 -0.19467729330062866 -0.13156987726688385
-0.09248153865337372 -0.18944168090820312 -0.15170447528362274
-0.10411775857210159 -0.18713486194610596 -0.12988600134849548
-0.11415400356054306 -0.18282189965248108 -0.12792526185512543
-0.08094291388988495 -0.21923930943012238 -0.1380002498626709
-0.08512889593839645 -0.19126474857330322 -0.08874034881591797
-0.0967278853058815 -0.18291941285133362 -0.06766486912965775
-0.06596698611974716 -0.19712311029434204 -0.025722630321979523
-0.06742355227470398 -0.2031010389328003 -0.06021536886692047
-0.056368663907051086 -0.21021567285060883 -0.018399622291326523
-0.05119016021490097 -0.2099083811044693 0.0679834857583046
-0.05595513433218002 -0.20440702140331268 0.01683543063700199
-0.05039297789335251 -0.2203538566827774 0.0028611065354198217
-0.07555851340293884 -0.1857798844575882 0.0783548653125763
-0.06535604596138 -0.1922610104084015 0.08478154987096786
-0.07081008702516556 -0.21420782804489136 -0.09826278686523438
-0.0581502802670002 -0.21928033232688904 -0.05029521510004997
-0.08584681153297424 -0.18217986822128296 0.08456998318433762
-0.08143121004104614 -0.18410062789916992 0.006319649051874876
-0.06620553135871887 -0.2241947203874588 -0.09043147414922714
-0.07579194009304047 -0.20211108028888702 -0.09289200603961945
-0.06706655025482178 -0.1914837509393692 0.01940491423010826
-0.07626987993717194 -0.18904712796211243 -0.029437309131026268
-0.05619407817721367 -0.20160195231437683 0.06266462057828903
-0.049383554607629776 -0.22209642827510834 0.10568369925022125
-0.047391291707754135 -0.2225104570388794 0.060128387063741684
0.01577552780508995 -0.2627192437648773 0.1289067566394806
0.03737659007310867 -0.2607632875442505 0.1361321657896042
0.03806627169251442 -0.26708725094795227 0.14384078979492188
0.050742294639348984 -0.2669723629951477 0.15403157472610474
-0.05089479312300682 -0.25944849848747253 0.1452573984861374
-0.042412664741277695 -0.26816606521606445 0.14955346286296844
-0.02908068150281906 -0.26514798402786255 0.13577812910079956
-0.0042317588813602924 -0.2656329870223999 0.13001413643360138
0.15093281865119934 -0.3694424033164978 0.03590795770287514
0.19663387537002563 -0.3692367374897003 -0.08752185106277466
0.17657285928726196 -0.36934423446655273 -0.09757387638092041
0.1555534303188324 -0.36928391456604004 -0.08932076394557953
0.20038281381130219 -0.37217286229133606 -0.08937564492225647
-0.02117236889898777 -0.30199989676475525 0.16667567193508148
-0.0030018372926861048 -0.3020000159740448 0.15822884440422058
-0.02557886578142643 -0.3020000159740448 0.1779676228761673
0.009215018711984158 -0.30200129747390747 0.14664630591869354
0.019602632150053978 -0.3019999861717224 0.14918893575668335
0.039251476526260376 -0.3020000159740448 0.194509819149971
0.046589165925979614 -0.30199962854385376 0.1678454726934433
0.041874486953020096 -0.30199986696243286 0.20044447481632233
0.04120511934161186 -0.3019999563694 0.16494813561439514
-0.0471334271132946 -0.3020118772983551 0.23346002399921417
-0.03567855432629585 -0.3020004630088806 0.2443014681339264
-0.0337124839425087 -0.3020023703575134 0.2517458498477936
0.02330785058438778 -0.30200034379959106 0.1451362520456314
-0.04134831950068474 -0.3019999861717224 0.23292645812034607
-0.02232886105775833 -0.3019998073577881 0.250532329082489
-0.015431643463671207 -0.3019990622997284 0.2550007402896881
0.03779362142086029 -0.3019990622997284 0.15114837884902954
0.00020968478929717094 -0.3020000755786896 0.24379600584506989
-0.03992917016148567 -0.3020000159740448 0.20872867107391357
0.033236291259527206 -0.3019999861717224 0.15381422638893127
-0.0403478629887104 -0.3019997477531433 0.19555465877056122
0.010246414691209793 -0.3020000755786896 0.24266278743743896
0.024580763652920723 -0.3020000159740448 0.22288422286510468
0.028858676552772522 -0.3019999563694 0.2238091677427292
0.4641067683696747 -0.2930842638015747 0.13180582225322723
0.6453002095222473 -0.29777437448501587 0.13059724867343903
0.3370206356048584 -0.35264527797698975 0.11790014058351517
0.6128494739532471 -0.35346993803977966 0.11849306523799896
0.4190060496330261 -0.3243334889411926 0.12531110644340515
1.1415622234344482 -0.3351653516292572 0.12265975028276443
1.077775001525879 -0.34170636534690857 0.11783043295145035
1.1938228607177734 -0.32574617862701416 0.13081282377243042
1.1571053266525269 -0.288332462310791 0.13413526117801666
1.333282232284546 -0.27098843455314636 0.1652686893939972
1.3270577192306519 -0.29512524604797363 0.15916961431503296
0.7855744957923889 -0.29303741455078125 0.13062681257724762
0.9243481755256653 -0.2983369529247284 0.12856382131576538
0.8508465886116028 -0.3479979336261749 0.11862827837467194
1.0777431726455688 -0.29541829228401184 0.12787972390651703
0.7320609092712402 -0.33251699805259705 0.12295732647180557
1.0398240089416504 -0.3847748935222626 0.06872525066137314
1.0395525693893433 -0.3913692533969879 0.010286957956850529
0.8339707255363464 -0.39912885427474976 0.002115881536155939
0.9357948899269104 -0.39629822969436646 0.006530660670250654
0.26765626668930054 -0.3843693137168884 -0.01822821982204914
0.2000330090522766 -0.3785972595214844 -0.02076028101146221
0.41934293508529663 -0.3935430645942688 -0.013127346523106098
0.5617400407791138 -0.39849382638931274 -0.007683857809752226
0.686962366104126 -0.40044233202934265 -0.002471631858497858
1.0897542238235474 -0.38785988092422485 0.04614228755235672
1.0927295684814453 -0.3863952159881592 -0.03613654524087906
1.092142939567566 -0.3957521915435791 0.011080258525907993
1.429229974746704 -0.2709260582923889 0.14364822208881378
1.3268898725509644 -0.2731766998767853 -0.16389089822769165
1.5154045820236206 -0.2496856451034546 -0.015517938882112503
1.3561742305755615 -0.2804313898086548 0.16357944905757904
1.404381275177002 -0.27341383695602417 -0.15481846034526825
1.397939682006836 -0.2758474349975586 0.1565210223197937
1.430431842803955 -0.27155011892318726 -0.14266467094421387
1.5079675912857056 -0.25718367099761963 -0.047397542744874954
1.378549575805664 -0.2768958806991577 0.16131457686424255
1.3537743091583252 -0.2698192000389099 -0.1656264215707779
1.4902594089508057 -0.25340476632118225 0.08917485922574997
1.4919339418411255 -0.2564418613910675 -0.08541642129421234
1.503981590270996 -0.2531631588935852 0.06113994121551514
1.4721038341522217 -0.2590485215187073 -0.11156795173883438
1.0452847480773926 -0.3358648717403412 -0.09764908254146576
1.0006787776947021 -0.34362292289733887 -0.09532584995031357
0.9496296048164368 -0.34520241618156433 -0.09761826694011688
0.9654998183250427 -0.29116228222846985 -0.10775548964738846
0.3039252758026123 -0.34978172183036804 -0.14860309660434723
0.7746128439903259 -0.3392412066459656 -0.11442716419696808
0.8576644062995911 -0.2931934595108032 -0.11669666320085526
0.32007381319999695 -0.2764877676963806 -0.16375921666622162
0.10067791491746902 -0.26082849502563477 -0.181479349732399
0.2686684727668762 -0.3144790232181549 -0.15980389714241028
0.11143729090690613 -0.312221497297287 -0.16944950819015503
0.5097178220748901 -0.29389137029647827 -0.145926371216774
1.166741132736206 -0.29341673851013184 -0.12562625110149384
1.1616326570510864 -0.3338925540447235 -0.11514818668365479
1.1039236783981323 -0.33312398195266724 -0.10447212308645248
1.062896728515625 -0.29056432843208313 -0.10840753465890884
0.009584931656718254 -0.23595817387104034 -0.19115974009037018
0.5083322525024414 -0.3325805366039276 -0.13789775967597961
0.0038574617356061935 -0.2681152820587158 -0.18436944484710693
-0.027003614231944084 -0.25411659479141235 -0.183924600481987
-0.04006229713559151 -0.2211923748254776 -0.18799220025539398
-0.056829772889614105 -0.23479396104812622 -0.1797184944152832
-0.0744984969496727 -0.23012767732143402 -0.16738846898078918
-0.07271085679531097 -0.21025842428207397 -0.1752992570400238
0.14752958714962006 -0.37991371750831604 -0.02157030999660492
0.15020452439785004 -0.37361496686935425 -0.05223687365651131
1.459540605545044 -0.2912548780441284 -0.05451937019824982
0.5359174013137817 -0.4100000262260437 0.0669727474451065
0.5516156554222107 -0.4100000262260437 0.05283798649907112
0.5338866114616394 -0.4100000262260437 0.08629453182220459
0.5533148646354675 -0.4100000262260437 0.08629453182220459
0.5690130591392517 -0.4100000262260437 0.07215975970029831
0.571043848991394 -0.4100000262260437 0.05283798649907112
0.7041597962379456 -0.4100000262260437 0.060832493007183075
0.684838056564331 -0.4100000262260437 0.05880169942975044
0.684838056564331 -0.4100000262260437 0.0782298892736435
0.6989728212356567 -0.4100000262260437 0.09392813593149185
0.7182945609092712 -0.4100000262260437 0.09595894068479538
0.7182945609092712 -0.4100000262260437 0.07653073221445084
-0.017871497198939323 -0.2919999957084656 0.2503937780857086
0.0024856470990926027 -0.29200002551078796 0.24211905896663666
0.03992917016148567 -0.29200002551078796 0.19127137959003448
0.04096851497888565 -0.2920001447200775 0.1639968603849411
0.02557884156703949 -0.29200002551078796 0.22203242778778076
0.030483189970254898 -0.2920001447200775 0.15185615420341492
0.01741981878876686 -0.29199981689453125 0.14970961213111877
-0.001932824496179819 -0.29200002551078796 0.15759456157684326
-0.041381482034921646 -0.2920001149177551 0.23324592411518097
-0.039251480251550674 -0.29200002551078796 0.20549021661281586
-0.023407595232129097 -0.29200002551078796 0.17547118663787842
-0.03332384303212166 -0.291999876499176 0.24670274555683136
0.012080068700015545 -0.29200029373168945 0.2310783565044403
-0.023015208542346954 -0.2920001745223999 0.18147245049476624
0.03511916100978851 -0.29200059175491333 0.1971837729215622
0.030059637501835823 -0.29199761152267456 0.15591417253017426
0.03817163407802582 -0.29200273752212524 0.16771762073040009
-0.004102085717022419 -0.2919999659061432 0.16264113783836365
-0.037408649921417236 -0.2920008897781372 0.23409602046012878
-0.02755805477499962 -0.2920021414756775 0.24590076506137848
0.014928113669157028 -0.29200032353401184 0.1533248871564865
-0.03765374794602394 -0.2919994592666626 0.21181026101112366
-0.008782063610851765 -0.2920003831386566 0.2445365935564041
0.07302346080541611 -0.15800008177757263 0.22837106883525848
0.08136360347270966 -0.14899326860904694 0.2571839690208435
1.4638643264770508 -0.21699436008930206 -0.17068015038967133
1.459775447845459 -0.21700188517570496 -0.17384006083011627
0.7003042697906494 -0.4100004732608795 0.08421947062015533
0.7079188227653503 -0.41000059247016907 0.08956398069858551
0.7029044032096863 -0.4100000858306885 0.07807739824056625
0.7128878831863403 -0.410000205039978 0.08290617167949677
0.7091720104217529 -0.410000205039978 0.07715855538845062
0.552408754825592 -0.4100000858306885 0.07183187454938889
0.5454279780387878 -0.4100000262260437 0.0682007372379303
0.5520213842391968 -0.410000205039978 0.07821758091449738
0.5464163422584534 -0.4100000262260437 0.08081138134002686
0.540560781955719 -0.41000038385391235 0.07640500366687775
0.7090258598327637 -0.41000011563301086 -0.07509969919919968
0.7141949534416199 -0.41000059247016907 -0.07039076834917068
0.7107059359550476 -0.4100003242492676 -0.08160186558961868
0.717991054058075 -0.40999990701675415 -0.08235733211040497
0.7213246822357178 -0.41000059247016907 -0.07506590336561203
0.5606116652488708 -0.4100005030632019 -0.08866589516401291
0.5526965856552124 -0.4099999964237213 -0.09107333421707153
0.5600453019142151 -0.4100000262260437 -0.08113016188144684
0.5489014983177185 -0.41000041365623474 -0.08391997963190079
0.5539120435714722 -0.4100000858306885 -0.07901658117771149
0.13358841836452484 -0.041000109165906906 -0.1122482642531395
0.1299925595521927 -0.04099973291158676 -0.11764367669820786
0.13638730347156525 -0.04099979251623154 -0.11514976620674133
0.1258227676153183 -0.04100065305829048 -0.11845726519823074
0.1278558373451233 -0.04100033640861511 -0.1273830235004425
0.12925446033477783 -0.041000157594680786 -0.12472428381443024
0.13627265393733978 -0.0409998781979084 -0.13087837398052216
0.13604657351970673 -0.04099973663687706 -0.1275869458913803
0.14133022725582123 -0.040999602526426315 -0.12219546735286713
0.1433354616165161 -0.04099924862384796 -0.1251455545425415
0.14257684350013733 -0.04099993780255318 -0.11577165871858597
0.14222867786884308 -0.028999198228120804 -0.11483766883611679
0.1343514323234558 -0.029000570997595787 -0.13089297711849213
0.14266273379325867 -0.028999673202633858 -0.1266251653432846
0.12524941563606262 -0.02900015003979206 -0.12326240539550781
0.13046932220458984 -0.02900049276649952 -0.11318786442279816
0.14194925129413605 -0.05578991398215294 -0.12419763207435608
0.13788044452667236 -0.056032270193099976 -0.1275501847267151
0.13066986203193665 -0.05596419796347618 -0.12665574252605438
0.1282762736082077 -0.05596775934100151 -0.12191937863826752
0.13051605224609375 -0.05600736662745476 -0.11592963337898254
0.13806071877479553 -0.05602913722395897 -0.11536514014005661
0.1868363618850708 -0.04099958389997482 -0.019783034920692444
0.1865139603614807 -0.05603288859128952 -0.015598731115460396
0.18697357177734375 -0.05610666424036026 -0.021329019218683243
0.18080097436904907 -0.05600067228078842 -0.02593575045466423
0.18001355230808258 -0.04099980741739273 -0.025769127532839775
0.17467434704303741 -0.056048765778541565 -0.022581206634640694
0.17407682538032532 -0.04099995270371437 -0.01835164986550808
0.17443281412124634 -0.05604241043329239 -0.016530469059944153
0.1813826560974121 -0.040999844670295715 -0.012357254512608051
0.17979608476161957 -0.056107327342033386 -0.011972242034971714
0.1867661029100418 -0.04099961370229721 -0.02691168338060379
0.1888768970966339 -0.041000161319971085 -0.014742403291165829
0.1747545599937439 -0.041000064462423325 -0.026327094063162804
0.17867746949195862 -0.041000109165906906 -0.009330403991043568
0.17114101350307465 -0.04100027680397034 -0.018129650503396988
0.18972793221473694 -0.028999479487538338 -0.020694419741630554
0.1735401749610901 -0.029000548645853996 -0.02585751749575138
0.18396678566932678 -0.028999527916312218 -0.027595901861786842
0.17335934937000275 -0.029001660645008087 -0.011956128291785717
0.18597905337810516 -0.028999820351600647 -0.011211691424250603
0.06487816572189331 -0.02899416722357273 -0.16912268102169037
0.07325783371925354 -0.02900020219385624 -0.1751209944486618
0.07180405408143997 -0.036001935601234436 -0.17503489553928375
0.06508441269397736 -0.03600166365504265 -0.168856680393219
0.08183690905570984 -0.029008986428380013 -0.17080481350421906
0.08255139738321304 -0.03600741922855377 -0.1704786717891693
0.0668705552816391 -0.03600213676691055 -0.15924380719661713
0.06828901916742325 -0.028996676206588745 -0.1580611616373062
0.07922171801328659 -0.0360022708773613 -0.15754081308841705
0.08079256862401962 -0.029002664610743523 -0.15876691043376923
-0.17694830894470215 -0.055797215551137924 0.07124658674001694
-0.16334661841392517 -0.0560007281601429 0.09836561977863312
-0.17083017528057098 -0.05600576475262642 0.08437497168779373
-0.12175527215003967 -0.055999405682086945 -0.14656798541545868
-0.12306538969278336 -0.056499071419239044 -0.14624091982841492
-0.13830551505088806 -0.05599890649318695 -0.1311863213777542
-0.11509457230567932 -0.055997367948293686 -0.1518237590789795
-0.10220632702112198 -0.05580296367406845 -0.16102643311023712
-0.18933090567588806 -0.05599076300859451 0.021861117333173752
-0.1823282688856125 -0.055996689945459366 0.05549190938472748
-0.18775399029254913 -0.05595070496201515 0.03280417621135712
-0.19110716879367828 -0.05652594938874245 -0.013272683136165142
-0.19066621363162994 -0.05598590895533562 -0.0023786185774952173
-0.18985767662525177 -0.05599403381347656 -0.017731819301843643
-0.02869229204952717 -0.05580645054578781 -0.18855887651443481
-0.059229426085948944 -0.05587562918663025 -0.18137381970882416
-0.03878198191523552 -0.05599326267838478 -0.1865767389535904
-0.18517206609249115 -0.05600891634821892 -0.04490536078810692
-0.16289180517196655 -0.055611491203308105 -0.09987950325012207
-0.18029838800430298 -0.05599609389901161 -0.06179602071642876
-0.17464770376682281 -0.05600369721651077 -0.07647967338562012
0.00945888739079237 -0.056514643132686615 -0.1908266246318817
-0.011617776937782764 -0.055851105600595474 -0.19032473862171173
-0.0004333901160862297 -0.05599232390522957 -0.19055381417274475
0.02019212581217289 -0.056252531707286835 -0.18938735127449036
0.03456788882613182 -0.056483350694179535 -0.18807317316532135
-0.16289480030536652 -0.05600136145949364 -0.09874849021434784
0.04287704825401306 -0.056002188473939896 -0.18571333587169647
0.06135891377925873 -0.05586472153663635 -0.18050673604011536
0.07225969433784485 -0.056495048105716705 0.1769425868988037
0.09863798320293427 -0.05585872754454613 0.16326379776000977
0.08223950862884521 -0.056008681654930115 0.1718614399433136
0.06594905257225037 -0.055999550968408585 0.17876553535461426
0.04366562142968178 -0.0559975728392601 0.1855573207139969
-0.041038524359464645 -0.05598990619182587 0.18614816665649414
-7.328703941311687e-05 -0.05598992109298706 0.19065289199352264
-0.019976114854216576 -0.0562564879655838 0.18939994275569916
-0.11166533827781677 -0.05598817765712738 0.15454940497875214
-0.08053282648324966 -0.055995382368564606 0.17275355756282806
-0.09529569000005722 -0.05599913001060486 0.16500164568424225
-0.14868952333927155 -0.05580798164010048 0.11946360021829605
-0.12829874455928802 -0.05578463524580002 0.14115457236766815
-0.1400960236787796 -0.05599593743681908 0.1291486769914627
0.15464496612548828 -0.056011855602264404 0.11153619736433029
0.13920147716999054 -0.0559888519346714 0.1302294284105301
0.16408702731132507 -0.05598678067326546 0.09683369845151901
0.17255935072898865 -0.05585556849837303 0.08131831884384155
0.1800449639558792 -0.055994417518377304 0.06242934614419937
0.18600311875343323 -0.05593916401267052 0.04166398569941521
0.18986013531684875 -0.05599343404173851 0.01794717088341713
-0.05896035209298134 -0.055862557142972946 0.18145886063575745
0.08411278575658798 -0.05619597062468529 -0.17162933945655823
0.0208300668746233 -0.056005530059337616 0.1895388662815094
0.1149904802441597 -0.05599406734108925 0.1519799530506134
0.12757210433483124 -0.05585075169801712 0.14172209799289703
-0.08113067597150803 -0.05599187687039375 -0.17249490320682526
-0.1489945650100708 -0.05585106089711189 -0.11900360137224197
0.03690795600414276 -0.043999530375003815 -0.1871054321527481
0.04696888476610184 -0.04400007426738739 -0.1804850995540619
0.03247726708650589 -0.055999405682086945 -0.1856938749551773
0.028000613674521446 -0.04399910941720009 -0.1783396601676941
0.028575263917446136 -0.05600079521536827 -0.17458482086658478
0.035111624747514725 -0.043999478220939636 -0.16832807660102844
0.03806200996041298 -0.056000858545303345 -0.16795264184474945
0.044215746223926544 -0.043999526649713516 -0.1709624081850052
0.047462765127420425 -0.055999577045440674 -0.17601028084754944
-0.008820765651762486 -0.044001247733831406 -0.17701447010040283
-0.0071241590194404125 -0.04400009661912918 -0.18727226555347443
-0.009965069591999054 -0.05600032955408096 -0.1826082170009613
0.000682580575812608 -0.044000424444675446 -0.19100473821163177
-0.0029995781369507313 -0.0559990368783474 -0.17262256145477295
0.004698412027209997 -0.044001366943120956 -0.17264267802238464
0.0060155149549245834 -0.05599943548440933 -0.1743014007806778
0.009169095195829868 -0.05599953979253769 -0.18449611961841583
0.008895060047507286 -0.044000688940286636 -0.18474799394607544
-0.04738706350326538 -0.04400109499692917 -0.1791621744632721
-0.036930788308382034 -0.04399918019771576 -0.18718010187149048
-0.04719487577676773 -0.05599932745099068 -0.17899662256240845
-0.041814714670181274 -0.0559995211660862 -0.16889534890651703
-0.03352644667029381 -0.0439993180334568 -0.16936655342578888
-0.031584855169057846 -0.056000079959630966 -0.17042061686515808
-0.02789781428873539 -0.04400131478905678 -0.17792698740959167
-0.02870219759643078 -0.05599956586956978 -0.18131540715694427
-0.08197999745607376 -0.04399982467293739 -0.17113719880580902
-0.0829104334115982 -0.05599901080131531 -0.16320551931858063
-0.0722552016377449 -0.056003913283348083 -0.17524375021457672
-0.08159519731998444 -0.04399942606687546 -0.1606406569480896
-0.07445783168077469 -0.05599968507885933 -0.15619255602359772
-0.07086922973394394 -0.043998949229717255 -0.15643402934074402
-0.06620173901319504 -0.055999528616666794 -0.16062089800834656
-0.06438132375478745 -0.044000979512929916 -0.1667577028274536
-0.06484551727771759 -0.055999379605054855 -0.16853030025959015
-0.0712135061621666 -0.04400017857551575 -0.17500175535678864
-0.11115026473999023 -0.04399922862648964 -0.15513701736927032
-0.10244064033031464 -0.05600176751613617 -0.1556081771850586
-0.11615737527608871 -0.04399900138378143 -0.14400500059127808
-0.11381035298109055 -0.056000128388404846 -0.1408172845840454
-0.10505150258541107 -0.04400104656815529 -0.13730637729167938
-0.1032489612698555 -0.055999692529439926 -0.1375819891691208
-0.09786413609981537 -0.043999653309583664 -0.14392974972724915
-0.0973917692899704 -0.05599954351782799 -0.14664596319198608
-0.10012122243642807 -0.043998971581459045 -0.15382707118988037
-0.1446443349123001 -0.04400072619318962 -0.12187743186950684
-0.14418645203113556 -0.055999867618083954 -0.1226634606719017
-0.14061057567596436 -0.055998895317316055 -0.11398641020059586
-0.1389065384864807 -0.043999649584293365 -0.1130085438489914
-0.12895584106445312 -0.05599898844957352 -0.11369787901639938
-0.1262807548046112 -0.04400032013654709 -0.126534566283226
-0.12592695653438568 -0.05599943920969963 -0.12412761151790619
-0.12875494360923767 -0.04400036484003067 -0.11413948237895966
-0.13283061981201172 -0.05599970743060112 -0.13071581721305847
-0.13755550980567932 -0.04399972781538963 -0.13042761385440826
-0.16656428575515747 -0.04399994760751724 -0.09324171394109726
-0.15444980561733246 -0.043999314308166504 -0.10033708065748215
-0.16150060296058655 -0.04399995505809784 -0.08224920928478241
-0.1666710525751114 -0.05600045993924141 -0.09017977118492126
-0.16157057881355286 -0.05600009858608246 -0.08252149075269699
-0.1504361778497696 -0.05599886178970337 -0.08359768241643906
-0.15302370488643646 -0.044000044465065 -0.08258181065320969
-0.14765146374702454 -0.04400091618299484 -0.08952347934246063
-0.1499299556016922 -0.055999062955379486 -0.09725479781627655
-0.18009993433952332 -0.04399918019771576 -0.06217150017619133
-0.18033987283706665 -0.055997926741838455 -0.0498385988175869
-0.18042291700839996 -0.0439998097717762 -0.05058527737855911
-0.17018063366413116 -0.044001009315252304 -0.046899840235710144
-0.168674036860466 -0.05600038543343544 -0.04755590856075287
-0.1634039282798767 -0.04400010406970978 -0.05428587645292282
-0.16365963220596313 -0.05599994957447052 -0.05393495783209801
-0.16751088201999664 -0.05599750205874443 -0.06472880393266678
-0.16776683926582336 -0.04399840161204338 -0.06454386562108994
-0.19007661938667297 -0.044000569730997086 -0.01948629692196846
-0.18545286357402802 -0.04399978369474411 -0.02673957496881485
-0.18601937592029572 -0.05600207671523094 -0.02675452083349228
-0.1831831932067871 -0.04399902746081352 -0.0095481276512146
-0.18327198922634125 -0.055999673902988434 -0.0101444311439991
-0.17367921769618988 -0.05600033327937126 -0.012099610641598701
-0.1707456409931183 -0.0439986027777195 -0.016949087381362915
-0.1716904193162918 -0.05599934235215187 -0.021981123834848404
-0.17720800638198853 -0.0439993180334568 -0.027822216972708702
-0.17722931504249573 -0.056000374257564545 -0.027596624568104744
-0.18966028094291687 -0.0439998023211956 0.02212773635983467
-0.18687783181667328 -0.04400070384144783 0.012101040221750736
-0.18790407478809357 -0.05599895492196083 0.012444144114851952
-0.1844031661748886 -0.05599936470389366 0.02764117904007435
-0.17812348902225494 -0.04399913549423218 0.02859696000814438
-0.17318636178970337 -0.055999357253313065 0.02538788691163063
-0.17099086940288544 -0.044000428169965744 0.01665780320763588
-0.17356613278388977 -0.055998295545578 0.011864140629768372
-0.1787794828414917 -0.04399929940700531 0.009871067479252815
-0.17643940448760986 -0.043999142944812775 0.06460920721292496
-0.17909346520900726 -0.0560002475976944 0.06271146982908249
-0.17065104842185974 -0.05599981173872948 0.06530299037694931
-0.18223418295383453 -0.04399901255965233 0.05573885887861252
-0.16747607290744781 -0.04400039464235306 0.06396578997373581
-0.16365745663642883 -0.05599958449602127 0.05877533555030823
-0.16311310231685638 -0.04399997368454933 0.05555196851491928
-0.167241632938385 -0.05599939450621605 0.04777842015028
-0.17209219932556152 -0.04399893805384636 0.04609597474336624
-0.17762234807014465 -0.05600040405988693 0.048355523496866226
-0.165231853723526 -0.04399912804365158 0.09584540128707886
-0.1663796752691269 -0.05599699169397354 0.08781073242425919
-0.157179057598114 -0.04399971663951874 0.0999746322631836
-0.15200664103031158 -0.056001074612140656 0.09932545572519302
-0.14967310428619385 -0.044000137597322464 0.0963955670595169
-0.14814768731594086 -0.05600045248866081 0.08846071362495422
-0.14881610870361328 -0.04400103911757469 0.08620339632034302
-0.15553146600723267 -0.05599880591034889 0.0812467485666275
-0.15679463744163513 -0.04399922117590904 0.0815393328666687
-0.16483153402805328 -0.04399975761771202 0.0852796658873558
-0.13987785577774048 -0.04399901255965233 0.129743292927742
-0.14422284066677094 -0.05600356310606003 0.12123135477304459
-0.1263638436794281 -0.04399993643164635 0.12659887969493866
-0.13211213052272797 -0.056000057607889175 0.1304374784231186
-0.1260843575000763 -0.05599984899163246 0.12437529116868973
-0.1272975504398346 -0.05599931627511978 0.11594300717115402
-0.12812967598438263 -0.043999478220939636 0.11498267948627472
-0.13760915398597717 -0.05599894002079964 0.11212832480669022
-0.13868969678878784 -0.04399977996945381 0.11251291632652283
-0.10971102863550186 -0.04399988800287247 0.1557539403438568
-0.11616595089435577 -0.04400021955370903 0.14779943227767944
-0.11647411435842514 -0.05599886178970337 0.14777550101280212
-0.10056056082248688 -0.0439993254840374 0.15397265553474426
-0.10297434777021408 -0.056000299751758575 0.15554651618003845
-0.09774976968765259 -0.05600006505846977 0.14901281893253326
-0.09743735194206238 -0.04399972781538963 0.1463264375925064
-0.09909835457801819 -0.05600075051188469 0.14130645990371704
-0.10130007565021515 -0.04399978369474411 0.13927076756954193
-0.10873837023973465 -0.05600091442465782 0.13732238113880157
-0.1109623834490776 -0.044000621885061264 0.13827522099018097
-0.07341038435697556 -0.044000182300806046 0.17527377605438232
-0.073033906519413 -0.055999044328927994 0.17499493062496185
-0.06579194962978363 -0.05599908530712128 0.1707252860069275
-0.06391571462154388 -0.0439983569085598 0.167056605219841
-0.06603562831878662 -0.055998943746089935 0.1602116972208023
-0.07090193033218384 -0.0440000481903553 0.15692156553268433
-0.07522610574960709 -0.05599943920969963 0.15659365057945251
-0.08140367269515991 -0.04400137811899185 0.15963168442249298
-0.08256648480892181 -0.05599925294518471 0.16208961606025696
-0.08163783699274063 -0.0439995676279068 0.17095527052879333
-0.04639056324958801 -0.043999139219522476 0.18081818521022797
-0.04550895094871521 -0.043998654931783676 0.17226804792881012
-0.04694990813732147 -0.05601057782769203 0.17904463410377502
-0.0387602262198925 -0.04397399723529816 0.18714728951454163
-0.03650917857885361 -0.05586636811494827 0.18650442361831665
-0.030735529959201813 -0.056000132113695145 0.18369100987911224
-0.02823137491941452 -0.04400349408388138 0.17594128847122192
-0.029198307543992996 -0.05583161860704422 0.17336957156658173
-0.03654598817229271 -0.044001903384923935 0.16810086369514465
-0.03861309587955475 -0.05597653612494469 0.16826309263706207
-0.04421064630150795 -0.0560137964785099 0.17087741196155548
0.004122596234083176 -0.04399977624416351 0.18987178802490234
-0.0067572882398962975 -0.04400036856532097 0.18851229548454285
0.00970176700502634 -0.043998681008815765 0.1796608418226242
0.008213886059820652 -0.0559995174407959 0.18584831058979034
0.008123340085148811 -0.055999092757701874 0.17653888463974
0.0008115424425341189 -0.04400056600570679 0.17217682301998138
-0.003912500571459532 -0.055996235460042953 0.1723572164773941
-0.00824003666639328 -0.04400048404932022 0.17666451632976532
-0.00919349305331707 -0.05599919334053993 0.1840452253818512
0.045134782791137695 -0.043998878449201584 0.18402643501758575
0.032148681581020355 -0.05600256100296974 0.18575741350650787
0.04754728451371193 -0.05599996820092201 0.1771540641784668
0.04586942866444588 -0.04400006681680679 0.17302383482456207
0.03777759522199631 -0.05599873140454292 0.1677895188331604
0.028056634590029716 -0.043999381363391876 0.17564116418361664
0.028704460710287094 -0.05599914491176605 0.17480269074440002
0.078947052359581 -0.044000573456287384 0.17398028075695038
0.07022775709629059 -0.043999966233968735 0.17421165108680725
0.07110290229320526 -0.05600215494632721 0.17503811419010162
0.0828339084982872 -0.0440007820725441 0.16166844964027405
0.0804145485162735 -0.05600111931562424 0.15898941457271576
0.06947627663612366 -0.04400014132261276 0.15696300566196442
0.06999702006578445 -0.05599939450621605 0.15704767405986786
0.0643419623374939 -0.05600066855549812 0.16610273718833923
0.06458085775375366 -0.044000156223773956 0.16812345385551453
0.10929928719997406 -0.043999552726745605 0.15617118775844574
0.10761959105730057 -0.055999815464019775 0.1560007631778717
0.11584828048944473 -0.043999768793582916 0.1480887085199356
0.11479055136442184 -0.0559995099902153 0.1425642967224121
0.11322862654924393 -0.044000234454870224 0.14010000228881836
0.10763689130544662 -0.05599851533770561 0.1373060643672943
0.10207436233758926 -0.04399893432855606 0.1381300687789917
0.09876503050327301 -0.055999595671892166 0.14196591079235077
0.09784606844186783 -0.04399864375591278 0.15058183670043945
0.09862449765205383 -0.05599776282906532 0.15204164385795593
0.14332833886146545 -0.044000037014484406 0.12540596723556519
0.14448615908622742 -0.05599921569228172 0.1213592067360878
0.14178302884101868 -0.04399959743022919 0.11462204158306122
0.1355053335428238 -0.05599993094801903 0.11152297258377075
0.12537124752998352 -0.055999644100666046 0.11994149535894394
0.13087260723114014 -0.04399970546364784 0.1129365786910057
0.1253495067358017 -0.04399872198700905 0.12183477729558945
0.12926934659481049 -0.05599981173872948 0.12873423099517822
0.13379274308681488 -0.04399734362959862 0.1311534345149994
0.16363011300563812 -0.04399948939681053 0.09745290130376816
0.16665910184383392 -0.0560009628534317 0.08871421217918396
0.16629084944725037 -0.04399914667010307 0.08698520064353943
0.15956507623195648 -0.056000906974077225 0.08177285641431808
0.1557745635509491 -0.044000208377838135 0.08146119117736816
0.15071073174476624 -0.05599934980273247 0.0838407576084137
0.1477631777524948 -0.0439993180334568 0.08870858699083328
0.148051455616951 -0.055999260395765305 0.09246712923049927
0.15351727604866028 -0.04399842396378517 0.09970510005950928
0.15472090244293213 -0.055999644100666046 0.10013614594936371
0.1817803680896759 -0.043999988585710526 0.057054005563259125
0.18177790939807892 -0.05600089952349663 0.055579472333192825
0.17848935723304749 -0.04400041326880455 0.04857034608721733
0.1772797703742981 -0.05600021034479141 0.04760577157139778
0.1703280657529831 -0.04399993270635605 0.04722149297595024
0.16769398748874664 -0.05600009486079216 0.04824007675051689
0.16413234174251556 -0.0440007820725441 0.05202861502766609
0.16312526166439056 -0.055999673902988434 0.05594838038086891
0.16563883423805237 -0.04400058463215828 0.06308344006538391
0.16912147402763367 -0.056000228971242905 0.0649082139134407
0.17725513875484467 -0.04399943724274635 0.06434136629104614
0.188328355550766 -0.04399983212351799 0.013185560703277588
0.18126969039440155 -0.05599973350763321 0.009488712064921856
0.187803253531456 -0.043999042361974716 0.02523891255259514
0.1745370328426361 -0.043999217450618744 0.010855206288397312
0.17371658980846405 -0.05600087344646454 0.012803163379430771
0.17114220559597015 -0.0559987798333168 0.021111678332090378
0.1719563752412796 -0.044000472873449326 0.02306235022842884
0.18192847073078156 -0.055997882038354874 0.028723647817969322
0.17893481254577637 -0.043999847024679184 0.0280351173132658
-0.01718561351299286 -0.003999993205070496 0.16614899039268494
-0.0791655108332634 -0.003999996464699507 0.14708484709262848
-0.06739962100982666 -0.0559999980032444 0.15284015238285065
-0.003935950808227062 -0.0560000017285347 0.16699406504631042
0.13883806765079498 -0.003999993205070496 0.0916103720664978
0.12662839889526367 -0.0559999980032444 0.10777963697910309
0.1536053568124771 -0.056000009179115295 0.06562689691781998
0.15494203567504883 -0.003999995533376932 0.060245394706726074
0.04738275334239006 -0.003999990411102772 0.16017286479473114
0.06012384966015816 -0.056000005453825 0.15584371984004974
0.16651272773742676 -0.003999990411102772 0.01316864788532257
0.16702713072299957 -0.056000005453825 0.0020360166672617197
0.10480852425098419 -0.003999988082796335 0.13005857169628143
0.10229932516813278 -0.0560000017285347 0.13104146718978882
0.1589914709329605 -0.0039999946020543575 -0.05121222138404846
0.15515464544296265 -0.0559999980032444 -0.06188545748591423
0.1275079995393753 -0.003999997861683369 -0.10790254175662994
0.11977160722017288 -0.0559999942779541 -0.11643794924020767
0.0768066793680191 -0.00400000112131238 -0.1483313888311386
0.06624080240726471 -0.0559999942779541 -0.15334732830524445
0.01452857069671154 -0.004000002983957529 -0.16640475392341614
0.0026730357203632593 -0.0559999942779541 -0.16702167689800262
-0.04993979632854462 -0.004000004846602678 -0.15939804911613464
-0.06129970774054527 -0.0559999942779541 -0.15538926422595978
-0.10688171535730362 -0.004000005777925253 -0.12836691737174988
-0.11598435789346695 -0.0559999905526638 -0.12021289020776749
-0.14771440625190735 -0.004000005312263966 -0.07798852026462555
-0.15309573709964752 -0.0559999905526638 -0.06682203710079193
-0.1662837415933609 -0.004000004380941391 -0.015855595469474792
-0.1670103818178177 -0.0559999942779541 -0.003306882455945015
-0.1597909927368164 -0.0040000020526349545 0.04866613447666168
-0.15562008321285248 -0.0559999942779541 0.060709599405527115
-0.1292150914669037 -0.003999999258667231 0.105852872133255
-0.12065043300390244 -0.0559999942779541 0.11552724242210388
-0.04186940938234329 -0.0439995676279068 -0.16912120580673218
-0.14405754208564758 -0.04399970546364784 0.12105489522218704
0.03316213935613632 -0.0440000481903553 0.18574868142604828
0.03776213154196739 -0.04399973899126053 0.1680312603712082
-0.03165527805685997 -0.04399775713682175 0.18436451256275177
0.18200184404850006 -0.028997929766774178 -0.055804722011089325
0.17560842633247375 -0.028997555375099182 -0.06533820182085037
0.16360926628112793 -0.028998589143157005 -0.05970878154039383
0.1663012057542801 -0.029000377282500267 -0.0492585189640522
0.1759236752986908 -0.028996776789426804 -0.04715639725327492
0.16639888286590576 -0.03166927024722099 -0.08922086656093597
0.16567687690258026 -0.02900031767785549 -0.0868077501654625
0.14708943665027618 -0.028996843844652176 -0.0924750566482544
0.15457232296466827 -0.0350646935403347 -0.10007430613040924
0.15604279935359955 -0.028997741639614105 -0.08113053441047668
0.1581108123064041 -0.028991935774683952 -0.10022559762001038
0.16485318541526794 -0.030426722019910812 -0.09601819515228271
0.09921922534704208 -0.03600054606795311 -0.1413862705230713
0.10712020099163055 -0.035999197512865067 -0.13741238415241241
0.11453016847372055 -0.03600121662020683 -0.1420147716999054
0.17920710146427155 -0.034512653946876526 -0.043381862342357635
0.19668042659759521 -0.015221760608255863 -0.01910846121609211
0.19357556104660034 -0.01920774206519127 -0.02736605703830719
0.1945667266845703 -0.033928729593753815 -0.020105810835957527
0.19299153983592987 -0.021044880151748657 -0.010183911770582199
0.19278663396835327 -0.03429648280143738 -0.01227161567658186
0.1856382191181183 -0.03327459096908569 -0.004590424709022045
0.14441430568695068 -0.035919517278671265 -0.13453060388565063
0.14071640372276306 -0.03601453825831413 -0.13054974377155304
0.14581404626369476 -0.035349152982234955 -0.12098079174757004
0.190952867269516 -0.0340602807700634 -0.02821100875735283
0.18359297513961792 -0.03273656964302063 -0.03380850702524185
0.19113022089004517 -0.036299798637628555 -0.020649883896112442
0.18823905289173126 -0.03631453216075897 -0.011222213506698608
0.18064433336257935 -0.033193327486515045 -0.06807298958301544
0.18471555411815643 -0.02293885499238968 -0.0663108080625534
0.1866157352924347 -0.03322583809494972 -0.05304981395602226
0.17081499099731445 -0.03417104482650757 -0.07025104016065598
0.18703733384609222 -0.022866765037178993 -0.051088277250528336
0.06216859072446823 -0.054571740329265594 -0.19045427441596985
0.055122267454862595 -0.05613604187965393 -0.16141125559806824
0.07287074625492096 -0.05578296631574631 -0.2075648158788681
0.08698892593383789 -0.04213958978652954 -0.2041240781545639
0.07404211908578873 -0.04924430325627327 -0.21268434822559357
0.07363706082105637 -0.03676438704133034 -0.20953510701656342
0.05320541188120842 -0.05509163439273834 -0.1606842577457428
0.16929058730602264 -0.05399260297417641 0.0016258476534858346
0.1708916574716568 -0.05600465461611748 0.00019716318638529629
0.1671174019575119 -0.05503658577799797 -0.02713896706700325
0.2077682912349701 -0.008487246930599213 -0.02984907478094101
0.24666933715343475 -0.03893982246518135 0.0028900799807161093
0.23092979192733765 -0.0600210577249527 0.0006674788310192525
0.22458919882774353 -0.06180169805884361 -0.018841929733753204
0.14330336451530457 -0.03784948214888573 -0.08810358494520187
0.15799833834171295 -0.0377499982714653 -0.05783027783036232
0.11493918299674988 -0.04476243257522583 -0.1227165088057518
0.16749411821365356 -0.037585556507110596 -0.016241461038589478
0.053210776299238205 -0.03647374361753464 -0.16064263880252838
0.08402328938245773 -0.036250460892915726 -0.14688433706760406
0.09633765369653702 -0.038065437227487564 -0.13803152740001678
0.14486229419708252 -0.0549694262444973 -0.08805083483457565
0.1368316113948822 -0.05623729154467583 -0.10209118574857712
0.15260756015777588 -0.057240989059209824 -0.07637540251016617
0.11521775275468826 -0.055255915969610214 -0.12421914935112
0.11684717983007431 -0.05646244063973427 -0.1242600530385971
0.16147908568382263 -0.05608349293470383 -0.055716365575790405
0.16605916619300842 -0.05605615675449371 -0.03979475796222687
0.17048482596874237 -0.056077051907777786 -0.012844271957874298
0.1602921187877655 -0.054846297949552536 -0.05430791899561882
0.08523306995630264 -0.05519111454486847 -0.14602404832839966
0.09164014458656311 -0.0560000017285347 -0.14392074942588806
0.07572886347770691 -0.05585716664791107 -0.15302619338035583
0.10459306836128235 -0.04233895242214203 -0.17530469596385956
0.10564219951629639 -0.04970507696270943 -0.17430047690868378
0.08763420581817627 -0.05028700828552246 -0.20322604477405548
0.12966406345367432 -0.04337277263402939 -0.15660086274147034
0.1276625096797943 -0.05217110365629196 -0.1571298986673355
0.24280744791030884 -0.02886352874338627 -0.038374774158000946
0.2440112680196762 -0.03876272961497307 -0.03559241071343422
0.23866340517997742 -0.03239817917346954 -0.052307553589344025
0.24675261974334717 -0.03351037949323654 -0.020129768177866936
0.20184044539928436 -0.04076399654150009 -0.09834350645542145
0.21821479499340057 -0.044424645602703094 -0.08127152174711227
0.19244694709777832 -0.04958758503198624 -0.10373134166002274
0.15082983672618866 -0.05421735346317291 -0.13330203294754028
0.1858392357826233 -0.056076422333717346 -0.10066589713096619
0.21157363057136536 -0.06221098080277443 -0.026860401034355164
0.23813848197460175 -0.04410899430513382 -0.0498163141310215
0.2283426821231842 -0.0370270311832428 -0.0709150955080986
0.21107688546180725 -0.05674327164888382 -0.07378321886062622
0.2246394008398056 -0.05832487717270851 -0.04809008166193962
0.21048687398433685 -0.060397058725357056 -0.05934084206819534
0.1565612107515335 -0.04869420453906059 -0.1323462277650833
0.23556067049503326 -0.05433892086148262 -0.03313174471259117
0.16752728819847107 -0.057101987302303314 -0.10980077087879181
0.21732954680919647 -0.051898300647735596 -0.07604973018169403
0.23071666061878204 -0.049084682017564774 -0.059186629951000214
0.20341449975967407 -0.06093553081154823 -0.05526787042617798
0.24482841789722443 -0.044390879571437836 -0.016683608293533325
0.20239239931106567 -0.060563504695892334 -0.050311386585235596
0.09963317960500717 -0.03612799197435379 -0.17203187942504883
0.06287020444869995 -0.03628510981798172 -0.19037730991840363
0.13016319274902344 -0.038055550307035446 -0.15302038192749023
0.1020980104804039 -0.0382566899061203 -0.17462323606014252
0.08596446365118027 -0.03801702708005905 -0.20113012194633484
0.08568718284368515 -0.05449335649609566 -0.20069806277751923
0.09986606985330582 -0.05325722321867943 -0.17914226651191711
0.23906366527080536 -0.016882941126823425 -0.023977795615792274
0.23303256928920746 -0.01589571312069893 -0.038576897233724594
0.22709350287914276 -0.0077155218459665775 -0.015661397948861122
0.23580491542816162 -0.023113420233130455 -0.04916105046868324
0.155983105301857 -0.03708779439330101 -0.12904377281665802
0.15540249645709991 -0.040403276681900024 -0.1323872059583664
0.24495092034339905 -0.02475542202591896 -0.017053496092557907
0.20678898692131042 -0.03352648392319679 -0.09268688410520554
0.21004612743854523 -0.026916852220892906 -0.08449360728263855
0.20929434895515442 -0.02006148174405098 -0.07253372669219971
0.22560089826583862 -0.01929401606321335 -0.05811029672622681
0.21883578598499298 -0.011749903671443462 -0.04375529661774635
0.20492836833000183 -0.015371306799352169 -0.05997316166758537
0.22633863985538483 -0.02985033579170704 -0.07110080122947693
0.21653150022029877 -0.0064791240729391575 -0.020820248872041702
0.17078150808811188 -0.03042583167552948 -0.10734187066555023
0.05227617919445038 -0.04575610160827637 -0.1600935459136963
0.07041497528553009 -0.04584130272269249 -0.15276332199573517
0.1324680745601654 -0.04364539310336113 -0.1037163957953453
0.17183811962604523 -0.04716411232948303 -0.022427529096603394
0.1746535301208496 -0.0468808114528656 -0.011652464047074318
0.1712445765733719 -0.045912280678749084 -0.016726909205317497
0.17744415998458862 -0.04672453925013542 -0.02804463542997837
0.1858411431312561 -0.045954518020153046 -0.02690383978188038
0.12606802582740784 -0.04637821763753891 -0.11750128120183945
0.14303839206695557 -0.04559814929962158 -0.11619790643453598
0.134389266371727 -0.03616514429450035 -0.13229437172412872
0.18286959826946259 -0.02363361045718193 -0.08013040572404861
0.031036902219057083 -0.307500422000885 0.16248950362205505
0.025359489023685455 -0.30750083923339844 0.1578414887189865
0.024307625368237495 -0.29953432083129883 0.1563829779624939
0.017754821106791496 -0.30749621987342834 0.16315309703350067
0.029248930513858795 -0.30750134587287903 0.16992932558059692
0.03173726797103882 -0.2994931638240814 0.16975292563438416
0.021470464766025543 -0.3074987828731537 0.17074105143547058
0.018194014206528664 -0.2994966208934784 0.16167084872722626
0.03176836669445038 -0.29950156807899475 0.16530753672122955
0.020741604268550873 -0.2995010018348694 0.17026925086975098
0.03338930755853653 -0.29947909712791443 0.16114890575408936
0.027188804000616074 -0.29952898621559143 0.17370373010635376
-0.02613331936299801 -0.3074996769428253 0.2284107506275177
-0.020596515387296677 -0.30749940872192383 0.2405519336462021
-0.028111077845096588 -0.3074997067451477 0.241219624876976
-0.018002305179834366 -0.30750277638435364 0.23270268738269806
-0.03135164454579353 -0.30749982595443726 0.2340765744447708
-0.02450738474726677 -0.29949554800987244 0.2282332330942154
-0.01632535085082054 -0.2994951903820038 0.23494651913642883
-0.03209712356328964 -0.2994939982891083 0.23562605679035187
-0.021404579281806946 -0.299495667219162 0.2418588250875473
-0.03323023393750191 -0.2994462549686432 0.23023374378681183
-0.005876111797988415 -0.30750054121017456 0.20825225114822388
-0.003576747141778469 -0.3075031340122223 0.2178182452917099
-0.015685299411416054 -0.3075040280818939 0.20958082377910614
-0.013374567031860352 -0.30750247836112976 0.21971076726913452
-0.01662561669945717 -0.2994976043701172 0.21704916656017303
-0.006059580482542515 -0.2994975745677948 0.21978595852851868
-0.00394632201641798 -0.29950404167175293 0.20911209285259247
-0.011300833895802498 -0.2995123565196991 0.20587299764156342
-0.0023187201004475355 -0.29950761795043945 0.207718625664711
-0.018216362223029137 -0.2995070219039917 0.21002307534217834
0.0033496576361358166 -0.3075019121170044 0.18209989368915558
0.006487788166850805 -0.30750221014022827 0.1920580416917801
0.003569389693439007 -0.29949891567230225 0.18960024416446686
0.014277549460530281 -0.30750131607055664 0.19123852252960205
0.012208339758217335 -0.29949870705604553 0.1925063282251358
0.015315700322389603 -0.3075050711631775 0.18143875896930695
0.016528872773051262 -0.2994990646839142 0.1860324591398239
0.012531347572803497 -0.2994983494281769 0.17973467707633972
0.0051465523429214954 -0.2994995415210724 0.18105407059192657
0.019421307370066643 -0.2995709776878357 0.18566273152828217
0.00967143289744854 -0.2995171844959259 0.19602654874324799
0.00038384526851587 -0.29951217770576477 0.1867760568857193
1.4537923336029053 -0.23563191294670105 -0.17047278583049774
1.4595588445663452 -0.235260009765625 -0.14746272563934326
1.4660422801971436 -0.23547406494617462 -0.15939927101135254
1.4477425813674927 -0.23491531610488892 -0.16981075704097748
1.451934576034546 -0.23834218084812164 -0.15902666747570038
1.4527342319488525 -0.23545511066913605 -0.14630143344402313
1.4540785551071167 -0.23725415766239166 -0.16214071214199066
1.4519379138946533 -0.2342877984046936 -0.15789695084095
1.3015050888061523 -0.10500000417232513 0.013415061868727207
1.3143374919891357 -0.10500000417232513 0.03624066710472107
1.3092526197433472 -0.10500000417232513 -0.02956189215183258
1.3002923727035522 -0.10500000417232513 -0.008996652439236641
1.342237114906311 -0.10500000417232513 0.05011023208498955
1.3670309782028198 -0.10500000417232513 0.04732518643140793
1.3869690895080566 -0.10500000417232513 0.03454691171646118
1.3988046646118164 -0.10500000417232513 0.012599424459040165
1.3992877006530762 -0.10500000417232513 -0.011075048707425594
1.3872426748275757 -0.10500000417232513 -0.03431111201643944
1.3662415742874146 -0.10500000417232513 -0.047753557562828064
1.3476778268814087 -0.10500000417232513 -0.05015513673424721
1.3270869255065918 -0.10500000417232513 -0.045165032148361206
0.10967664420604706 -0.35155656933784485 0.11442888528108597
0.08759992569684982 -0.3449942469596863 0.13136930763721466
0.08999094367027283 -0.3438344895839691 0.14655907452106476
1.3881574869155884 -0.13569988310337067 -0.15452353656291962
1.3781874179840088 -0.13569988310337067 -0.158748596906662
1.3861165046691895 -0.13569991290569305 -0.142283096909523
1.3703343868255615 -0.1356997936964035 -0.15189991891384125
1.3748228549957275 -0.1356997787952423 -0.1415773630142212
1.3405883312225342 -0.13569970428943634 -0.15223200619220734
1.3479045629501343 -0.13569945096969604 -0.14299724996089935
1.3479690551757812 -0.13569943606853485 -0.162384495139122
1.3588740825653076 -0.13569888472557068 -0.1557067632675171
1.35745108127594 -0.13569983839988708 -0.14715467393398285
1.3204885721206665 -0.13569948077201843 -0.1403697282075882
1.3128465414047241 -0.13570009171962738 -0.14380303025245667
1.3297643661499023 -0.1356976330280304 -0.14688220620155334
1.3120723962783813 -0.13570120930671692 -0.15538178384304047
1.323758602142334 -0.13569959998130798 -0.15832263231277466
1.2964909076690674 -0.13569962978363037 -0.13223271071910858
1.2842458486557007 -0.13570058345794678 -0.1350431740283966
1.282779574394226 -0.13570010662078857 -0.14357902109622955
1.2894253730773926 -0.13569991290569305 -0.15016351640224457
1.300439715385437 -0.13569916784763336 -0.14511065185070038
1.2659624814987183 -0.13569818437099457 -0.11679001897573471
1.2558032274246216 -0.13569937646389008 -0.12566573917865753
1.2594647407531738 -0.13570080697536469 -0.13395431637763977
1.2749390602111816 -0.13569927215576172 -0.12749654054641724
1.267583966255188 -0.13570068776607513 -0.13600623607635498
1.2420903444290161 -0.13569986820220947 -0.09849871695041656
1.2335140705108643 -0.13569959998130798 -0.10395081341266632
1.2508803606033325 -0.1357003152370453 -0.10377509891986847
1.2486289739608765 -0.13569894433021545 -0.11472923308610916
1.236383318901062 -0.13570024073123932 -0.1158827468752861
1.1918610334396362 -0.1356995850801468 0.026145271956920624
1.1943001747131348 -0.13569940626621246 0.03764694556593895
1.1981202363967896 -0.13569964468479156 0.020717967301607132
1.2084623575210571 -0.13569916784763336 0.02427840046584606
1.207141399383545 -0.13569976389408112 0.036519039422273636
1.2107927799224854 -0.13569988310337067 0.04897415637969971
1.2013009786605835 -0.13569888472557068 0.05312735214829445
1.2182843685150146 -0.1357002556324005 0.05628761276602745
1.2005752325057983 -0.13569989800453186 0.062110282480716705
1.216102123260498 -0.1356997787952423 0.06443484872579575
1.2078447341918945 -0.13570022583007812 0.06771724671125412
1.2220298051834106 -0.1357000470161438 0.09419111162424088
1.2222036123275757 -0.1356995701789856 0.07538958638906479
1.2132071256637573 -0.13569943606853485 0.08396291732788086
1.2310810089111328 -0.13570056855678558 0.07939313352108002
1.2312544584274292 -0.13570091128349304 0.08954484760761261
1.244372844696045 -0.1356992870569229 0.0985071212053299
1.2512421607971191 -0.1356998234987259 0.10590924322605133
1.2355811595916748 -0.1357000321149826 0.1013379767537117
1.2486531734466553 -0.1357003003358841 0.11483512073755264
1.2394728660583496 -0.135700061917305 0.11670567095279694
1.2329497337341309 -0.13570010662078857 0.11001196503639221
1.268797755241394 -0.13570089638233185 0.13610783219337463
1.2563600540161133 -0.13569974899291992 0.12441887706518173
1.2576301097869873 -0.1357010304927826 0.132215678691864
1.2648216485977173 -0.13569916784763336 0.11681060492992401
1.2746738195419312 -0.13570013642311096 0.12511073052883148
1.2956361770629883 -0.13570012152194977 0.14980456233024597
1.2872511148452759 -0.13569879531860352 0.13247516751289368
1.282348394393921 -0.13569840788841248 0.14487828314304352
1.2974977493286133 -0.13569985330104828 0.13343362510204315
1.3008067607879639 -0.13570015132427216 0.141204372048378
0.5557922124862671 -0.3920002281665802 -0.07825077325105667
0.5616008043289185 -0.3919998109340668 -0.08594143390655518
0.5547139048576355 -0.39199936389923096 -0.09177611768245697
0.5488041639328003 -0.3920001685619354 -0.08484099805355072
0.7127437591552734 -0.391999751329422 0.08147986233234406
0.7104695439338684 -0.3919994831085205 0.08799906075000763
0.7070255279541016 -0.39199936389923096 0.07652441412210464
0.7010579109191895 -0.3919999897480011 0.08026786148548126
0.7019850015640259 -0.3919989764690399 0.08770851045846939
0.5467541813850403 -0.39200010895729065 0.08101963251829147
0.5536368489265442 -0.39200013875961304 0.07495775818824768
0.5462606549263 -0.3919999897480011 0.06806769222021103
0.5403966307640076 -0.3920002579689026 0.0755767822265625
0.7197826504707336 -0.3919993042945862 -0.07241931557655334
0.720314085483551 -0.3919996917247772 -0.0802091583609581
0.7107718586921692 -0.3919999897480011 -0.08235383033752441
0.7106277942657471 -0.3919994831085205 -0.07184313237667084
1.2861663103103638 -0.3358169198036194 0.020093508064746857
1.33186674118042 -0.3402247130870819 0.01786838285624981
1.2951847314834595 -0.3292264938354492 0.02113218791782856
1.2316299676895142 -0.3084222674369812 -0.007471144199371338
1.2628366947174072 -0.3117276430130005 -0.005214232951402664
1.2868963479995728 -0.3260301351547241 -0.010483174584805965
1.240582823753357 -0.3003021478652954 0.0065054516308009624
1.2959357500076294 -0.31424012780189514 0.008669727481901646
1.2504470348358154 -0.30396416783332825 0.002124977996572852
1.2675316333770752 -0.33999478816986084 0.002199446316808462
1.327925682067871 -0.35040736198425293 -0.005789918825030327
1.3289542198181152 -0.3527089059352875 0.001506887492723763
1.265002727508545 -0.33545002341270447 -0.004726423881947994
1.3281410932540894 -0.344334214925766 -0.011816449463367462
1.2273738384246826 -0.3289712965488434 0.013100800104439259
1.2606308460235596 -0.33891913294792175 0.008389399386942387
1.2694275379180908 -0.3378935158252716 0.01600143127143383
1.2498080730438232 -0.30814996361732483 0.019012315198779106
1.2316511869430542 -0.2990007996559143 0.013653887435793877
1.1878582239151 -0.2833540141582489 0.007458266336470842
1.2319729328155518 -0.317257821559906 -0.008599790744483471
1.3002746105194092 -0.3149738311767578 0.000897403690032661
1.3309080600738525 -0.3254522383213043 -0.009497201070189476
1.187714695930481 -0.2844383418560028 0.0011936150258406997
1.2128198146820068 -0.2971351444721222 -0.004357794765383005
1.3332773447036743 -0.3311779201030731 0.01719258353114128
1.3333864212036133 -0.32425519824028015 0.011890574358403683
1.333490014076233 -0.32059669494628906 0.005475967191159725
1.3321658372879028 -0.3210749328136444 -0.004485609941184521
1.2398585081100464 -0.3189569413661957 0.023431433364748955
1.2417539358139038 -0.31264224648475647 0.022914286702871323
1.2233123779296875 -0.32307735085487366 0.0199095718562603
1.3301081657409668 -0.3499145209789276 0.010889134369790554
1.3292956352233887 -0.33455637097358704 -0.013989967294037342
1.2244478464126587 -0.32753318548202515 0.000488496501930058
1.2974090576171875 -0.34550634026527405 0.011324122548103333
1.2897261381149292 -0.33410781621932983 -0.009991422295570374
1.3597121238708496 -0.35871100425720215 -0.013028912246227264
1.3563235998153687 -0.3528491258621216 -0.020959530025720596
1.367424726486206 -0.35408467054367065 -0.01079688873142004
1.3702208995819092 -0.340027779340744 0.015144028700888157
1.3641153573989868 -0.35084012150764465 0.017747705802321434
1.3733469247817993 -0.3462989628314972 0.008268501609563828
1.3442659378051758 -0.3159226179122925 0.009366472251713276
1.3393000364303589 -0.32490047812461853 0.01822018437087536
1.3526922464370728 -0.3237972557544708 0.02045702561736107
1.3525696992874146 -0.33715367317199707 0.025238340720534325
1.363205075263977 -0.33414116501808167 0.02122766524553299
1.3590983152389526 -0.3324398398399353 -0.023077020421624184
1.3671624660491943 -0.32390645146369934 -0.011960459873080254
1.3673938512802124 -0.34220296144485474 -0.018783515319228172
1.3438435792922974 -0.3637808561325073 0.003330144565552473
1.3451735973358154 -0.36188653111457825 -0.010007986798882484
1.3578705787658691 -0.36327511072158813 -0.0027689971029758453
1.3342580795288086 -0.35681435465812683 0.009524842724204063
1.3335775136947632 -0.3582563102245331 -0.003283214755356312
1.3541597127914429 -0.3151325583457947 -0.008644800633192062
1.3583332300186157 -0.32505539059638977 -0.0195328239351511
1.344597339630127 -0.33103469014167786 0.023492513224482536
1.3469330072402954 -0.31413862109184265 -0.0065061175264418125
1.3578356504440308 -0.31463369727134705 0.0008484824793413281
1.342964768409729 -0.34411969780921936 0.02390052191913128
1.3473910093307495 -0.35683175921440125 0.01827787049114704
1.3566757440567017 -0.3496716320514679 0.022228708490729332
1.369084358215332 -0.3221777677536011 0.0026587066240608692
1.3741837739944458 -0.3349538743495941 -0.008045179769396782
1.3603187799453735 -0.3196413218975067 0.013476372696459293
1.3481093645095825 -0.3248157501220703 -0.021276431158185005
1.367908000946045 -0.35711076855659485 0.003964684903621674
1.3554797172546387 -0.36152708530426025 0.010611295700073242
1.3720062971115112 -0.3307605981826782 0.010422807186841965
1.3527854681015015 -0.34507089853286743 -0.02472183108329773
1.336448073387146 -0.3504338562488556 0.01840895414352417
1.3369039297103882 -0.32504379749298096 -0.01717515103518963
1.3422367572784424 -0.3379003405570984 -0.024449635297060013
1.3358561992645264 -0.3440822660923004 -0.020502664148807526
1.3411922454833984 -0.3556063771247864 -0.01758216880261898
1.3734239339828491 -0.3470013737678528 -0.006099782418459654
1.448935866355896 -0.19995777308940887 -0.1628900021314621
1.4504231214523315 -0.19995670020580292 -0.1536957323551178
1.4586875438690186 -0.19992384314537048 -0.15848447382450104
0.07342417538166046 -0.132969930768013 0.24416595697402954
0.0798787921667099 -0.13291196525096893 0.2360156923532486
0.08241474628448486 -0.1329326033592224 0.2454603761434555
0.2122460901737213 -0.036664023995399475 -0.0017565637826919556
0.21281234920024872 -0.0408535860478878 -0.00024234692682512105
0.21787826716899872 -0.040326472371816635 -0.0026144906878471375
0.22438578307628632 -0.035430993884801865 -0.0017695467686280608
0.2231675684452057 -0.026736559346318245 -0.00023454343318007886
0.2217736840248108 -0.028656885027885437 -0.0020224174950271845
0.2243921011686325 -0.039578452706336975 2.382187267357949e-05
0.2126980423927307 -0.029309144243597984 -0.0016056111780926585
0.2109130471944809 -0.029666148126125336 -6.898740684846416e-05
0.2230425477027893 -0.029194863513112068 8.787196566117927e-05
0.221801295876503 -0.03938085213303566 -4.2967835724994075e-06
0.21246904134750366 -0.037980977445840836 5.056754525867291e-05
0.21368178725242615 -0.02902442216873169 -4.143935257161502e-06
0.2245093435049057 -0.03404119238257408 -0.02004755660891533
0.218000128865242 -0.033999670296907425 -0.023607200011610985
0.21781207621097565 -0.04054317623376846 -0.020242877304553986
0.2117156684398651 -0.03443903103470802 -0.01999087631702423
0.21710556745529175 -0.027429435402154922 -0.020242705941200256
0.21981772780418396 -0.02835266850888729 -0.014877470210194588
0.22398655116558075 -0.03575818985700607 -0.014880752190947533
0.21631577610969543 -0.039929382503032684 -0.01458191592246294
0.21196727454662323 -0.031827881932258606 -0.014585648663341999
0.2129911631345749 -0.03627227246761322 -0.008884221315383911
0.21210402250289917 -0.031557586044073105 -0.010030878707766533
0.21602092683315277 -0.02868998423218727 -0.009004178456962109
0.22153696417808533 -0.03934473171830177 -0.008947147987782955
0.2130211591720581 -0.038268204778432846 -0.009893187321722507
0.22094586491584778 -0.038398828357458115 -0.009004286490380764
0.2225257009267807 -0.029919389635324478 -0.009019071236252785
0.2210654467344284 -0.03919088840484619 -0.011200997047126293
0.22064657509326935 -0.029326653108000755 -0.011004271917045116
0.2128564417362213 -0.03535505384206772 -0.01100411918014288
0.21496303379535675 -0.029267901554703712 -0.011004163883626461
0.22070007026195526 -0.02795841358602047 -0.011004205793142319
0.22408953309059143 -0.035497140139341354 -0.011004334315657616
0.21914994716644287 -0.029022546485066414 -0.005967200733721256
0.21483083069324493 -0.029050324112176895 -0.005050857085734606
0.22329527139663696 -0.0303459782153368 -0.006135425064712763
0.22352337837219238 -0.032606180757284164 -0.004956231452524662
0.2223648726940155 -0.0370837077498436 -0.0070042978040874004
0.22053824365139008 -0.03971540182828903 -0.004949090536683798
0.22062745690345764 -0.0283937007188797 -0.007106252480298281
0.21634769439697266 -0.03905574604868889 -0.0070041874423623085
0.2121521383523941 -0.035475049167871475 -0.005009797401726246
0.21288025379180908 -0.03181967884302139 -0.006897473707795143
0.21175728738307953 -0.0320008248090744 -0.0070564476773142815
0.21592165529727936 -0.04008468985557556 -0.007021991070359945
0.2222539186477661 -0.03850957006216049 -0.007004303392022848
1.4323073625564575 -0.10199646651744843 -0.0830155462026596
1.43825364112854 -0.10000104457139969 -0.08558030426502228
1.4327456951141357 -0.10000129789113998 -0.07718698680400848
0.02832615189254284 -0.29835355281829834 0.16258451342582703
0.02884002774953842 -0.2988259792327881 0.16513533890247345
0.027865411713719368 -0.2984212636947632 0.16755972802639008
1.4446057081222534 -0.03999973088502884 -0.08136823028326035
1.4445946216583252 -0.05199362337589264 -0.08020953088998795
1.4309265613555908 -0.052000075578689575 -0.09447415173053741
1.4302312135696411 -0.040001031011343 -0.09492882341146469
1.2936985492706299 -0.03866346925497055 -0.09488102048635483
1.2697677612304688 -0.052000001072883606 -0.0946241095662117
1.268726110458374 -0.04000148922204971 -0.09470942616462708
1.4058912992477417 -0.03866632655262947 -0.09494996070861816
1.255532145500183 -0.05199987068772316 -0.08093307912349701
1.2550901174545288 -0.040000252425670624 -0.08025047183036804
1.2552164793014526 -0.03866007924079895 0.056659258902072906
1.2553986310958862 -0.0520000196993351 0.08019136637449265
1.255103588104248 -0.04000033438205719 0.08019160479307175
1.2553454637527466 -0.038688112050294876 -0.057342253625392914
1.2686941623687744 -0.04000964015722275 0.09464327245950699
1.2690626382827759 -0.05199965834617615 0.09445754438638687
1.2934705018997192 -0.03867262229323387 0.09478865563869476
1.4310024976730347 -0.05199766531586647 0.09433355182409286
1.4303406476974487 -0.04000014439225197 0.09482771158218384
1.4067014455795288 -0.038660693913698196 0.09475704282522202
1.4446728229522705 -0.04000968486070633 0.08127649873495102
1.444574236869812 -0.051999531686306 0.08029007166624069
1.3893169164657593 -0.052000001072883606 -0.031910836696624756
1.3161150217056274 -0.052000001072883606 0.037071943283081055
1.3331400156021118 -0.052000001072883606 0.047479502856731415
1.3998836278915405 -0.052000001072883606 -0.007960980758070946
1.3155347108840942 -0.052000001072883606 -0.036592546850442886
1.3032987117767334 -0.052000001072883606 -0.019271554425358772
1.3516387939453125 -0.052000001072883606 0.050123099237680435
1.3335258960723877 -0.052000001072883606 -0.04777752608060837
1.2997609376907349 -0.052000001072883606 0.004142142366617918
1.3546087741851807 -0.052000001072883606 -0.050064314156770706
1.3972681760787964 -0.052000001072883606 0.018079988658428192
1.3844655752182007 -0.052000001072883606 0.03653346002101898
1.368759036064148 -0.052000001072883606 0.046667635440826416
1.3054691553115845 -0.052000001072883606 0.02324523963034153
1.3714439868927002 -0.052000001072883606 -0.04547050595283508
1.4447158575057983 -0.03898274153470993 0.05694452300667763
1.444774866104126 -0.03850313648581505 -0.05677264183759689
1.2854701280593872 0.18954823911190033 0.0354282520711422
1.2820478677749634 0.1875741183757782 0.04087803512811661
1.2884153127670288 0.18951351940631866 0.04598120599985123
1.2840580940246582 0.18705394864082336 0.046662792563438416
1.2928954362869263 0.18777252733707428 0.04048643633723259
1.2888623476028442 0.18697945773601532 0.0348266176879406
1.3051586151123047 0.18749484419822693 -0.06586134433746338
1.312534213066101 0.18838007748126984 -0.057625725865364075
1.312762975692749 0.18954607844352722 -0.06665658950805664
1.3131474256515503 0.18696388602256775 -0.06675644963979721
1.3051408529281616 0.18733765184879303 -0.05892679840326309
1.4073532819747925 0.18732988834381104 -0.04210761561989784
1.4110515117645264 0.18950362503528595 -0.03507940471172333
1.412718653678894 0.1879047304391861 -0.04617149755358696
1.4181960821151733 0.18725143373012543 -0.04040499031543732
1.3955851793289185 0.1873958557844162 0.060035187751054764
1.3917759656906128 0.189479261636734 0.06794025748968124
1.3961989879608154 0.18698690831661224 0.06740488111972809
1.3884763717651367 0.18949803709983826 0.05735369399189949
1.386372447013855 0.1869412511587143 0.05893466994166374
1.3856176137924194 0.18950000405311584 0.06426946818828583
1.2555376291275024 0.09998290985822678 0.058279071003198624
1.2550008296966553 0.09998972713947296 -0.05601081997156143
1.2916991710662842 0.09998837858438492 -0.0944993644952774
1.4061403274536133 0.0999889001250267 -0.09501557052135468
1.4444773197174072 0.09998905658721924 -0.058309417217969894
1.4447451829910278 0.09998409450054169 0.057326119393110275
1.407260537147522 0.09999138116836548 0.09474340826272964
1.2933889627456665 0.09998844563961029 0.09488146007061005
1.2885054349899292 -0.03799948841333389 0.09072057902812958
1.2885708808898926 0.09998280555009842 0.09129194915294647
1.2847784757614136 -0.03980643302202225 0.07002836465835571
1.2852827310562134 0.09999524056911469 0.0720507949590683
1.2806313037872314 0.09999082237482071 0.06563643366098404
1.2785007953643799 -0.039773259311914444 0.06472160667181015
1.2602967023849487 0.09999065846204758 0.06195557862520218
1.2603400945663452 -0.03799554705619812 0.061825282871723175
1.2593833208084106 -0.03856180980801582 -0.0615602545440197
1.258030891418457 0.09996717423200607 -0.06115664541721344
1.2805116176605225 -0.03982357308268547 -0.06548801064491272
1.278599739074707 0.09999358654022217 -0.0649368166923523
1.2846577167510986 0.09999264776706696 -0.07016856968402863
1.2854406833648682 -0.03974596783518791 -0.07224567234516144
1.2879990339279175 0.0999935194849968 -0.08969855308532715
1.2878719568252563 -0.03800181299448013 -0.08858255296945572
1.4120632410049438 -0.039210233837366104 -0.08899959176778793
1.4111759662628174 0.09997910261154175 -0.09192221611738205
1.414556622505188 -0.03970912843942642 -0.07225734740495682
1.4149317741394043 0.09999531507492065 -0.0713483989238739
1.4194185733795166 -0.03982922434806824 -0.06551902741193771
1.4201651811599731 0.0999932661652565 -0.0653584897518158
1.4397575855255127 0.09999220073223114 -0.06199921667575836
1.4400089979171753 -0.037996530532836914 -0.06178878992795944
1.441062331199646 -0.03877301514148712 0.06129923835396767
1.4406397342681885 0.09998585283756256 0.0616622194647789
1.4196966886520386 -0.03981906175613403 0.0653391033411026
1.4214919805526733 0.09999332576990128 0.06484496593475342
1.41539466381073 0.09999402612447739 0.06997822225093842
1.4146463871002197 -0.03973419964313507 0.07184824347496033
1.4116923809051514 0.09998908638954163 0.09063669294118881
1.4111186265945435 -0.03858070448040962 0.09146575629711151
1.4418374300003052 -0.039981089532375336 -0.06081042066216469
1.4097620248794556 -0.03997359797358513 -0.09298714250326157
1.2890853881835938 -0.03993367403745651 -0.09177329391241074
1.2890639305114746 -0.03998687118291855 0.09187200665473938
1.2580960988998413 -0.039980448782444 0.06067584827542305
1.265626311302185 -0.03999919071793556 -0.07154207676649094
1.2731413841247559 -0.04000017046928406 -0.08521872013807297
1.282700538635254 -0.04000015929341316 -0.08065196126699448
1.2661254405975342 -0.03999997675418854 -0.08119775354862213
1.2723608016967773 -0.03999996557831764 -0.06701820343732834
1.2801862955093384 -0.03999986872076988 -0.0688907653093338
1.4313958883285522 -0.04000028595328331 -0.06805377453565598
1.4207133054733276 -0.039999522268772125 -0.06827335059642792
1.41665780544281 -0.040000393986701965 -0.0777902603149414
1.4236047267913818 -0.040000393986701965 -0.08507764339447021
1.4347381591796875 -0.040000833570957184 -0.08066718280315399
1.4339792728424072 -0.04000070318579674 0.07099106162786484
1.4346915483474731 -0.03999995440244675 0.07892625778913498
1.4285868406295776 -0.03999992460012436 0.08524083346128464
1.4171606302261353 -0.039999619126319885 0.0803556814789772
1.4194096326828003 -0.03999980911612511 0.06932508945465088
1.4268099069595337 -0.040000222623348236 0.06683344393968582
1.2805458307266235 -0.03999960049986839 0.06915441900491714
1.2720788717269897 -0.03999964892864227 0.08532082289457321
1.2655422687530518 -0.039999764412641525 0.07966748625040054
1.2827385663986206 -0.04000018537044525 0.08025563508272171
1.2729278802871704 -0.04000045731663704 0.06688636541366577
1.265881061553955 -0.03999972715973854 0.07109542936086655
1.2711472511291504 0.10000316798686981 -0.05114208534359932
1.279775857925415 0.10000460594892502 -0.05056728422641754
1.2686296701431274 0.10000135749578476 -0.057326748967170715
1.3968381881713867 0.10000056773424149 -0.07385218888521194
1.397260069847107 0.10000407695770264 -0.08132968842983246
1.3910866975784302 0.10000000894069672 -0.07551079243421555
1.395689606666565 0.10000155121088028 0.07469658553600311
1.4014490842819214 0.10000007599592209 0.06779009848833084
1.2959554195404053 0.10000251233577728 0.08924559503793716
1.4052209854125977 0.09999658912420273 -0.07954608649015427
1.2924164533615112 0.09999804198741913 0.08222182095050812
1.4014490842819214 0.10000006854534149 -0.06784909218549728
1.302051305770874 0.09999439120292664 0.08645915240049362
1.4004842042922974 0.10000298917293549 -0.08905380219221115
1.3058840036392212 0.10000050812959671 -0.07514907419681549
1.2955652475357056 0.09999784827232361 -0.054538194090127945
1.4043511152267456 0.09999728947877884 0.05459516867995262
1.4044467210769653 0.09999805688858032 -0.05452510714530945
1.4175751209259033 0.10000009834766388 -0.051525991410017014
1.300361156463623 0.0999961569905281 0.07895879447460175
1.299063801765442 0.10000048577785492 -0.0694039911031723
1.419623613357544 0.10000050067901611 0.050778426229953766
1.4245622158050537 0.10000160336494446 -0.04604083299636841
1.2806079387664795 0.100001260638237 0.050870686769485474
1.2751283645629883 0.09999405592679977 0.044382188469171524
1.4074617624282837 0.10000540316104889 -0.08623552322387695
1.3038870096206665 0.10000033676624298 0.07414577156305313
1.29875910282135 0.10000015050172806 0.06845957040786743
1.4371857643127441 0.0999891385436058 0.057222794741392136
1.4284546375274658 0.09999866783618927 0.0524270236492157
1.4355112314224243 0.1000032052397728 0.04689844697713852
1.2600001096725464 0.10000000149011612 0.04141949489712715
1.3090617656707764 0.10000000894069672 0.07545436918735504
1.4250273704528809 0.1000002920627594 0.04409310221672058
1.295436978340149 0.09999675303697586 0.05440163612365723
1.2600001096725464 0.10000000149011612 -0.04147854819893837
1.2658644914627075 0.10000190883874893 -0.04711231216788292
1.2605394124984741 0.09999309480190277 -0.05378290265798569
1.2748849391937256 0.09999967366456985 -0.04361022636294365
1.2599999904632568 0.1309368908405304 0.03704848885536194
1.260000467300415 0.1432250738143921 0.03796742483973503
1.25999915599823 0.10389069467782974 0.036893509328365326
1.2600001096725464 0.13105256855487823 0.010096205398440361
1.2599998712539673 0.10389745980501175 -0.01013233046978712
1.2599998712539673 0.1040235385298729 0.00998995453119278
1.2599999904632568 0.13090072572231293 -0.009985779412090778
1.2600003480911255 0.14320555329322815 -0.038123369216918945
1.259986162185669 0.10418909043073654 -0.03728902339935303
1.2599992752075195 0.1310645043849945 -0.036967720836400986
1.4179742336273193 0.17790858447551727 -0.046504437923431396
1.4208766222000122 0.1778889298439026 -0.0418185330927372
1.4050017595291138 0.17786931991577148 -0.049182649701833725
1.3997488021850586 0.1778566688299179 -0.05362725630402565
1.3970685005187988 0.1775624305009842 -0.06677495688199997
1.3929738998413086 0.17793715000152588 -0.0707201138138771
1.3070365190505981 0.17781655490398407 -0.07073522359132767
1.3009792566299438 0.17786630988121033 -0.05532023310661316
1.2961061000823975 0.1780642420053482 -0.049555301666259766
1.2825602293014526 0.17810267210006714 -0.046804968267679214
1.279190182685852 0.17784713208675385 -0.042498987168073654
1.2770799398422241 0.1460694521665573 -0.04042382910847664
1.2771252393722534 0.1462627649307251 0.04024265706539154
1.279150366783142 0.1778934746980667 0.041633088141679764
1.281660556793213 0.17777074873447418 0.04628795385360718
1.294724464416504 0.17834733426570892 0.04879350587725639
1.30083429813385 0.17758584022521973 0.0549972765147686
1.3029382228851318 0.17769932746887207 0.06671342253684998
1.308919906616211 0.17747458815574646 0.0709424838423729
1.308373212814331 0.17788289487361908 0.07082793116569519
1.3059779405593872 0.17782604694366455 0.069965660572052
1.3970853090286255 0.1778629571199417 0.06645330041646957
1.3933358192443848 0.1778489202260971 0.070522740483284
1.3987098932266235 0.17784938216209412 0.056121520698070526
1.405763030052185 0.17790938913822174 0.04890377074480057
1.4015077352523804 0.1775067150592804 0.05139651522040367
1.4176647663116455 0.1777825653553009 0.04666127637028694
1.420446753501892 0.17774204909801483 0.043138012290000916
1.4209905862808228 0.17752878367900848 0.04085073992609978
1.3405342102050781 0.14032450318336487 -0.07395891100168228
1.3594567775726318 0.14045773446559906 -0.07405256479978561
1.353177547454834 0.14580370485782623 -0.07284974306821823
1.278972864151001 0.17752878367900848 0.04010897874832153
1.3544394969940186 0.14468224346637726 0.07396247982978821
1.3098338842391968 0.1775064766407013 0.07099637389183044
1.3457459211349487 0.1444966346025467 0.07394289970397949
1.3596103191375732 0.13970735669136047 0.07407862693071365
1.3404673337936401 0.14008839428424835 0.07418099045753479
1.4210271835327148 0.17752878367900848 0.04010897874832153
1.3486441373825073 0.14542610943317413 -0.07504479587078094
1.4208450317382812 0.17809471487998962 0.04126954451203346
1.4208314418792725 0.17818520963191986 -0.04167024418711662
1.4207338094711304 0.17800354957580566 0.011249374598264694
1.3910763263702393 0.1782662570476532 0.07085496187210083
1.348436951637268 0.17802472412586212 0.07060401886701584
1.303005337715149 0.17762693762779236 -0.06676730513572693
1.2792431116104126 0.18698839843273163 0.04185525327920914
1.2790846824645996 0.17811596393585205 -0.040692366659641266
1.2794585227966309 0.17800381779670715 -2.952665090560913e-05
1.3703683614730835 0.19551236927509308 0.02963748201727867
1.3859336376190186 0.1955089271068573 0.006122013553977013
1.3484662771224976 0.19553756713867188 0.03622380271553993
1.3179106712341309 0.19559094309806824 0.01763116754591465
1.3159897327423096 0.19549688696861267 -0.011757765896618366
1.3323085308074951 0.19555172324180603 -0.031839050352573395
1.3647706508636475 0.1955348551273346 -0.03304453566670418
1.379783034324646 0.19550424814224243 -0.019983183592557907
1.3487571477890015 0.1870242804288864 -0.06039153039455414
1.3827509880065918 0.18701134622097015 -0.05110206827521324
1.3966987133026123 0.18701118230819702 0.0382181778550148
1.4093230962753296 0.18700386583805084 -0.010507214814424515
1.4028897285461426 0.18700982630252838 -0.02865728922188282
1.3757330179214478 0.1870003193616867 0.054440390318632126
1.407662034034729 0.18701358139514923 0.017089935019612312
1.3444653749465942 0.18702161312103271 0.060301829129457474
1.3115049600601196 0.18705937266349792 0.04727023094892502
1.2895197868347168 0.1870320737361908 0.00926058180630207
1.2983318567276 0.18700635433197021 -0.03086281195282936
1.3203847408294678 0.1870119869709015 -0.0526905283331871
1.4012888669967651 0.1869909167289734 0.05028713494539261
1.2984168529510498 0.18697971105575562 -0.05048920586705208
1.306017518043518 0.18698060512542725 0.07043495774269104
1.2987874746322632 0.1869731992483139 0.05050830543041229
1.4205855131149292 0.18695983290672302 0.04420728608965874
1.3043025732040405 0.18697890639305115 -0.06945355981588364
1.4197443723678589 0.18700021505355835 -0.04494509845972061
1.3957231044769287 0.18698853254318237 -0.0695677399635315
1.4002718925476074 0.18698957562446594 -0.05099043995141983
1.2804118394851685 0.1869908571243286 -0.04570275545120239
1.3912172317504883 0.18691696226596832 0.0710027664899826
1.3894072771072388 0.1869899481534958 0.0678156241774559
1.4109859466552734 0.18697048723697662 -0.03557835891842842
1.4210002422332764 0.178794726729393 -0.04122056066989899
1.2791306972503662 0.178325355052948 -0.04232245311141014
1.4206706285476685 0.17806199193000793 -0.010064153000712395
1.248100757598877 0.10403593629598618 0.03704128414392471
1.2481002807617188 0.1310800164937973 0.03692152351140976
1.2481003999710083 0.10392149537801743 0.010110460221767426
1.248100996017456 0.13094501197338104 0.00991788599640131
1.248100757598877 0.10400599986314774 -0.009983188472688198
1.2481008768081665 0.13105610013008118 -0.010100687853991985
1.2480878829956055 0.10389252752065659 -0.03702734410762787
1.2481024265289307 0.13085658848285675 -0.037089765071868896
1.4373186826705933 0.10601106286048889 0.04780779033899307
1.4350826740264893 0.10601897537708282 0.05818195268511772
1.4287301301956177 0.10600896924734116 0.05094105750322342
1.2936792373657227 0.10599774867296219 0.08750105649232864
1.299948811531067 0.10600164532661438 0.08873771876096725
1.2933073043823242 0.10598782449960709 0.08024124056100845
1.3021160364151 0.10600414127111435 0.08080632984638214
1.4034278392791748 0.10600000619888306 -0.07891195267438889
1.4079912900924683 0.10600735992193222 -0.08553925156593323
1.3975952863693237 0.10600017756223679 -0.0814899131655693
1.3996126651763916 0.10600382834672928 -0.08853698521852493
1.2603331804275513 0.10599470883607864 -0.052492767572402954
1.2675848007202148 0.10599600523710251 -0.05777239799499512
1.2703973054885864 0.10602246969938278 -0.04848770424723625
1.4193917512893677 -0.02799989841878414 0.06914561241865158
1.428004264831543 -0.027999596670269966 0.06700228899717331
1.434615969657898 -0.027999095618724823 0.07227155566215515
1.425343632698059 -0.027997110038995743 0.0855741947889328
1.4338910579681396 -0.027999358251690865 0.08069194108247757
1.4170137643814087 -0.027999702841043472 0.07859055697917938
1.4165468215942383 -0.02799951657652855 -0.0766858235001564
1.4223464727401733 -0.02799947001039982 -0.0846191868185997
1.432859182357788 -0.028000086545944214 -0.08283371478319168
1.4346431493759155 -0.02800014056265354 -0.07186270505189896
1.4235438108444214 -0.027999581769108772 -0.06663037091493607
1.2721409797668457 -0.027999306097626686 -0.06645845621824265
1.271234154701233 -0.02799937129020691 -0.08530496805906296
1.2645666599273682 -0.027998536825180054 -0.07582172006368637
1.2826588153839111 -0.028000948950648308 -0.0719795674085617
1.2815285921096802 -0.028000185266137123 -0.08158871531486511
1.2657084465026855 -0.027999363839626312 0.08072251826524734
1.274184226989746 -0.02799954079091549 0.0665305033326149
1.2819654941558838 -0.027999740093946457 0.07129591703414917
1.2745239734649658 -0.027999354526400566 0.08528755605220795
1.2825480699539185 -0.027999771758913994 0.08012597262859344
1.2661129236221313 -0.027999771758913994 0.07106059044599533
1.306158423423767 -0.06200000271201134 -0.025821952149271965
1.3579514026641846 -0.06200000271201134 -0.05001961439847946
1.329511284828186 -0.06200000271201134 -0.04644571617245674
1.3797019720077515 -0.06200000271201134 -0.04065367951989174
1.3924221992492676 -0.06200000271201134 -0.026956859976053238
1.3990732431411743 -0.06200000271201134 -0.01082452479749918
1.3995741605758667 -0.06200000271201134 0.009123355150222778
1.3919925689697266 -0.06200000271201134 0.02756306901574135
1.3780620098114014 -0.06200000271201134 0.041850071400403976
1.3521194458007812 -0.06200000271201134 0.050792302936315536
1.3255349397659302 -0.06200000271201134 0.04404792934656143
1.306491732597351 -0.06200000271201134 0.026071792468428612
1.2995952367782593 -0.06200000271201134 0.0008213187102228403
