ply
format ascii 1.0
element vertex 10097
property float x
property float y
property float z
end_header
-0.29638513922691345 -0.01560910139232874 -0.22160662710666656
-0.2914450764656067 -0.021310431882739067 -0.22159993648529053
-0.30150002241134644 -0.026999933645129204 -0.22260907292366028
-0.288554310798645 -0.02671891637146473 -0.22160379588603973
-0.28525739908218384 -0.008310219272971153 -0.2215997576713562
-0.28821662068367004 -0.014549626037478447 -0.22160011529922485
-0.30150002241134644 -0.006972468923777342 -0.22121505439281464
-0.2821033000946045 -0.02017279900610447 -0.22160622477531433
-0.2817858159542084 -0.017813803628087044 -0.2191147804260254
-0.2923380136489868 -0.021596577018499374 -0.21897593140602112
-0.28780215978622437 -0.026510462164878845 -0.21911169588565826
-0.3015000522136688 -0.029261907562613487 -0.2191089391708374
-0.3295624852180481 -0.029492845758795738 -0.21927493810653687
-0.2963745892047882 -0.017636261880397797 -0.2236340045928955
-0.2913321554660797 -0.02107122540473938 -0.22360555827617645
-0.28652721643447876 -0.025890126824378967 -0.2236102819442749
-0.28753116726875305 -0.016731644049286842 -0.22358472645282745
-0.2855202555656433 -0.008299749344587326 -0.22360938787460327
-0.29188013076782227 -0.01275519747287035 -0.22360371053218842
-0.2819361686706543 -0.01855609193444252 -0.22360533475875854
-0.30150002241134644 -0.007000111509114504 -0.22499796748161316
-0.021162545308470726 0.006245535332709551 -0.1341772973537445
-0.026619654148817062 0.013449403457343578 -0.10961931198835373
-0.02333943173289299 0.00687726866453886 -0.07640703022480011
-0.019241277128458023 -0.001345337717793882 -0.14407561719417572
-0.01691027358174324 0.0033359266817569733 -0.1850000023841858
-0.023435184732079506 -0.011829972267150879 -0.13022007048130035
-0.029066190123558044 -0.017587954178452492 -0.1329064965248108
-0.027330143377184868 -0.02058142051100731 -0.1850000023841858
-0.017170051112771034 -0.009966431185603142 -0.18500001728534698
-0.0374365858733654 0.0195339135825634 -0.09892363101243973
-0.024162650108337402 0.01424218900501728 -0.1849997341632843
-0.037323806434869766 0.018023980781435966 -0.1849992573261261
-0.05327717587351799 -0.015946531668305397 -0.13062304258346558
-0.05809610337018967 -0.012153887189924717 -0.08660110086202621
-0.05423664301633835 -0.012044943869113922 -0.18499326705932617
-0.05492028221487999 0.0061365701258182526 -0.18499545753002167
-0.05868826061487198 0.008477305993437767 -0.12149399518966675
-0.05431179702281952 0.014236871153116226 -0.12119890004396439
-0.04973796755075455 0.013053882867097855 -0.1849987506866455
-0.02072618529200554 -0.008648958057165146 -0.14400067925453186
-0.023453662171959877 -0.006876187864691019 -0.07731511443853378
-0.05666287615895271 -0.000564385496545583 -0.18499654531478882
-0.06125364080071449 0.0016588108846917748 -0.10958614945411682
-0.0590483732521534 -0.004773917607963085 -0.1465655267238617
-0.02217225357890129 0.00021182341151870787 -0.08122057467699051
-0.036588460206985474 -0.020529262721538544 -0.13150890171527863
-0.03875511884689331 -0.022153500467538834 -0.1849973052740097
-0.04756045341491699 0.018064916133880615 -0.13158690929412842
-0.043427906930446625 0.02019927278161049 -0.08529042452573776
-0.047646764665842056 -0.019245613366365433 -0.1849990338087082
-0.06206505745649338 -0.004523135256022215 -0.07330037653446198
-0.049535296857357025 -0.018477145582437515 -0.023443281650543213
-0.03573446720838547 0.019107088446617126 -0.023448066785931587
-0.043206505477428436 -0.019488831982016563 -0.02345716767013073
-0.3072400689125061 -0.004500002134591341 -0.2542332410812378
-0.3040516674518585 -0.004499723669141531 -0.24639002978801727
-0.3019317090511322 -0.00450001610442996 -0.24519583582878113
-0.31802746653556824 -0.004500001668930054 -0.2606907784938812
-0.32868140935897827 -0.004500053357332945 -0.25478193163871765
-0.3201988935470581 -0.0044923266395926476 -0.25543472170829773
-0.3350803852081299 -0.004498777911067009 -0.22950085997581482
-0.3300071656703949 -0.0044990405440330505 -0.219862163066864
-0.32556015253067017 -0.004503090865910053 -0.22367063164710999
-0.33825668692588806 -0.0044999937526881695 -0.22533635795116425
-0.3031677007675171 -0.004493943881243467 -0.23629814386367798
-0.3072691857814789 -0.004472876898944378 -0.22874939441680908
-0.30150002241134644 -0.004500000271946192 -0.21976417303085327
-0.31557199358940125 -0.00449854601174593 -0.22366297245025635
-0.3127060532569885 -0.004498091526329517 -0.2543990910053253
-0.3344550132751465 -0.004500002134591341 -0.257540225982666
-0.3431435227394104 -0.004500007256865501 -0.24510878324508667
-0.3387775421142578 -0.0044983453117311 -0.23858201503753662
-0.3378913104534149 -0.0044866385869681835 -0.24446822702884674
-0.34291064739227295 -0.004500002134591341 -0.23411785066127777
-0.28907424211502075 -0.007202854845672846 -0.21962542831897736
-0.2829412817955017 -0.012159300968050957 -0.21936315298080444
-0.3023245930671692 -0.029500003904104233 -0.24703717231750488
-0.3098755478858948 -0.029500003904104233 -0.2565610110759735
-0.3216080367565155 -0.029500003904104233 -0.261142760515213
-0.3372947871685028 -0.029500003904104233 -0.2552812695503235
-0.34396734833717346 -0.029500003904104233 -0.24049240350723267
-0.340219110250473 -0.029500003904104233 -0.2279426008462906
-0.30150002241134644 -0.027000000700354576 -0.2261090874671936
-0.2979256808757782 -0.15996487438678741 -0.19219860434532166
-0.2893831431865692 -0.16000241041183472 -0.19627682864665985
-0.2989456355571747 -0.16000033915042877 -0.20846106112003326
-0.3114367425441742 -0.1594260036945343 -0.17975789308547974
-0.34455424547195435 -0.16000626981258392 -0.20406588912010193
-0.25842320919036865 -0.15998956561088562 -0.19165904819965363
-0.27837592363357544 -0.1599997729063034 -0.19195175170898438
-0.2990560531616211 -0.16002099215984344 -0.16862572729587555
-0.30016347765922546 -0.1601085513830185 -0.21920089423656464
-0.3451603353023529 -0.16011430323123932 -0.21934856474399567
-0.2512102723121643 -0.15999993681907654 -0.17333079874515533
-0.2576304078102112 -0.1600489616394043 -0.16893059015274048
-0.25724029541015625 -0.1629991978406906 -0.16898970305919647
-0.34896785020828247 -0.02851036936044693 -0.027099978178739548
-0.35844627022743225 -0.027402473613619804 -0.027099978178739548
-0.35465916991233826 -0.02694791741669178 0.004065551795065403
-0.3370758891105652 -0.06267789751291275 -0.027099978178739548
-0.33298856019973755 -0.04808485507965088 -0.027099978178739548
-0.33400365710258484 -0.056188903748989105 0.004065551795065403
-0.3417136073112488 -0.03237828612327576 0.004065551795065403
-0.3397863209247589 -0.033925071358680725 -0.027099978178739548
-0.3432895243167877 -0.06927736848592758 0.0040518478490412235
-0.344540536403656 -0.06949196010828018 -0.027099978178739548
-0.3367914855480194 -0.038214921951293945 0.004064834211021662
-0.33402928709983826 -0.04440547898411751 0.004065551795065403
-0.35696113109588623 -0.07307104021310806 -0.027099978178739548
-0.356748104095459 -0.07267305999994278 0.004065551795065403
-0.36766931414604187 -0.06947791576385498 0.004065586254000664
-0.37093260884284973 -0.06720089912414551 -0.027099978178739548
-0.3741929233074188 -0.06355154514312744 0.004065551795065403
-0.3772541880607605 -0.05793018639087677 -0.027099978178739548
-0.37855082750320435 -0.05321149900555611 0.004065551795065403
-0.37855082750320435 -0.04678850620985031 -0.027099978178739548
-0.3772542178630829 -0.04206983000040054 0.004065551795065403
-0.37184464931488037 -0.03320286422967911 -0.027099978178739548
-0.370124489068985 -0.031987838447093964 0.004065551795065403
-0.02637956663966179 0.1192900538444519 0.010075164027512074
-0.026377234607934952 0.10326708108186722 -0.02203105203807354
-0.02607736922800541 0.08632328361272812 0.018314586952328682
-0.02714116871356964 0.11939660459756851 0.024896321818232536
-0.02628328837454319 0.014350377954542637 0.01675664819777012
-0.02638348937034607 0.06142445653676987 0.0160048920661211
-0.026379866525530815 0.06146395578980446 -0.022771060466766357
-0.025249406695365906 -0.008711240254342556 0.01676546223461628
-0.02637811191380024 -0.04577770084142685 0.0176226869225502
-0.021379563957452774 -0.045409977436065674 0.017374631017446518
-0.021302009001374245 -0.0008028219453990459 0.016929002478718758
-0.03847227618098259 -0.018917134031653404 -0.023461662232875824
-0.02900652587413788 -0.014939732849597931 -0.07143424451351166
-0.03212248533964157 -0.016463469713926315 -0.023443758487701416
-0.027128595858812332 0.013139467686414719 -0.023366322740912437
-0.02280919812619686 0.0024203010834753513 -0.022944502532482147
-0.05212276428937912 0.01801546849310398 -0.06770896166563034
-0.052675072103738785 0.01830979622900486 -0.023443235084414482
-0.04211552441120148 0.020623493939638138 -0.02344326116144657
-0.06206679716706276 0.006459460593760014 -0.0575941726565361
-0.06299960613250732 -0.0014106619637459517 -0.02344355918467045
-0.024028807878494263 -0.006297016050666571 -0.02294459566473961
-0.05774640291929245 0.013500957749783993 -0.06440240889787674
-0.05511900782585144 -0.01558330375701189 -0.023444272577762604
-0.026627754792571068 -0.011233256198465824 -0.023396365344524384
-0.06136887148022652 0.00880345143377781 -0.023443108424544334
-0.05989610776305199 -0.010547772981226444 -0.02344292774796486
-0.021381359547376633 -0.061984769999980927 -0.02260046824812889
-0.026376105844974518 -0.06046716123819351 -0.022685928270220757
-0.021384811028838158 0.10316260159015656 -0.022427193820476532
-0.06310540437698364 -0.023141367360949516 -0.023443054407835007
-0.03225639462471008 -0.037617869675159454 -0.023443052545189857
-0.031374357640743256 -0.06084724888205528 -0.022283535450696945
-0.06305325776338577 0.025005623698234558 -0.023443054407835007
-0.032244328409433365 0.03884388506412506 -0.023443050682544708
-0.05669661611318588 -0.032060377299785614 -0.023443054407835007
-0.06165130436420441 -0.027811763808131218 -0.023443054407835007
-0.05940474569797516 0.03201849386096001 -0.023443054407835007
-0.0313752256333828 0.06175222247838974 -0.022288044914603233
-0.026626156643033028 -0.04644640162587166 0.023447450250387192
-0.026376018300652504 -0.06049598753452301 0.015972252935171127
-0.026775987818837166 -0.07944614440202713 0.024131758138537407
-0.026379574090242386 -0.06379179656505585 -0.020424744114279747
-0.02637980692088604 -0.07930246740579605 0.010088110342621803
-0.02855048142373562 -0.04644613713026047 0.03162461146712303
-0.0303999911993742 -0.04644613713026047 0.02686244435608387
-0.0569632388651371 -0.046985406428575516 0.027062775567173958
-0.05751778185367584 -0.04707293584942818 0.03205494210124016
-0.022037077695131302 -0.046451400965452194 0.025728382170200348
-0.02492615208029747 0.11940276622772217 0.029521865770220757
-0.021537065505981445 0.11940270662307739 0.023454254493117332
-0.02138054557144642 0.11927126348018646 0.010075614787638187
-0.03190230205655098 0.11949479579925537 0.032116327434778214
-0.02138034626841545 0.08550380170345306 0.017428601160645485
-0.021759573370218277 0.007595549337565899 0.01674680784344673
-0.02153380587697029 -0.07944613695144653 0.02343122474849224
-0.021380092948675156 -0.07929541915655136 0.010087257251143456
-0.03196745365858078 -0.079546257853508 0.02711840346455574
-0.024864982813596725 -0.07944613695144653 0.029461447149515152
-0.03185347840189934 -0.07961297035217285 0.032112885266542435
-0.022212237119674683 0.08640764653682709 0.02628796547651291
-0.02938472479581833 0.08640270680189133 0.031860511749982834
-0.05617570877075195 0.08674648404121399 0.032057225704193115
-0.05633684992790222 0.08671297878026962 0.027056915685534477
-0.02940754033625126 0.08640270680189133 0.026705842465162277
-0.054300568997859955 0.13008908927440643 0.03205832093954086
-0.05177457258105278 0.12563124299049377 0.032057683914899826
-0.055251482874155045 0.12261178344488144 0.03205619379878044
-0.055797040462493896 0.09241121262311935 0.03205542638897896
-0.05865214020013809 0.09854866564273834 0.032058268785476685
-0.06249971315264702 0.09276023507118225 0.03199988603591919
-0.05835726857185364 0.16432245075702667 0.032057024538517
-0.05616041645407677 0.17241746187210083 0.03205711394548416
-0.06227470934391022 0.17698714137077332 0.03207286074757576
-0.04935561493039131 0.17319363355636597 0.032056599855422974
-0.04308029264211655 0.1773136556148529 0.03205636888742447
-0.037953462451696396 0.09936509281396866 0.0320560596883297
-0.03746519982814789 0.09372177720069885 0.03205817937850952
-0.04371098428964615 0.09436062723398209 0.03205890581011772
-0.045067813247442245 0.16767001152038574 0.03205706551671028
-0.05925998464226723 0.12679651379585266 0.032056961208581924
-0.0424332432448864 0.09939507395029068 0.032056644558906555
-0.05136825144290924 0.09791626036167145 0.032057903707027435
-0.049758076667785645 0.1600474715232849 0.03205695003271103
-0.052495796233415604 0.16022779047489166 0.02701183408498764
-0.053921494632959366 0.1297299563884735 0.027056394144892693
-0.05907696485519409 0.12772585451602936 0.027056118473410606
-0.043980397284030914 0.09816409647464752 0.027057146653532982
-0.040560655295848846 0.09232926368713379 0.027054710313677788
-0.051108334213495255 0.09611604362726212 0.027055243030190468
-0.051600903272628784 0.1251700222492218 0.027057809755206108
-0.05659142881631851 0.10001087933778763 0.027055732905864716
-0.05637754872441292 0.12280814349651337 0.027056876569986343
-0.032261691987514496 0.1199006512761116 0.027073675766587257
-0.04332462325692177 0.17757467925548553 0.02699420601129532
-0.06205488368868828 0.1770465224981308 0.027057986706495285
-0.05490703508257866 0.1718769669532776 0.027025025337934494
-0.037157218903303146 0.09886841475963593 0.027054548263549805
-0.058822229504585266 0.09399440884590149 0.027057014405727386
-0.06250014156103134 0.0928899496793747 0.027056945487856865
-0.062073156237602234 -0.13702666759490967 0.027112960815429688
-0.06270192563533783 -0.053859200328588486 0.03205706924200058
-0.06260388344526291 -0.053373564034700394 0.027057906612753868
-0.061948928982019424 -0.1373690664768219 0.0320563018321991
-0.043099988251924515 -0.13740664720535278 0.03205537050962448
-0.04330935701727867 -0.13754794001579285 0.026997419074177742
-0.04882090166211128 -0.13377654552459717 0.03205670416355133
-0.05859263986349106 -0.13088156282901764 0.032056909054517746
-0.05660773068666458 -0.1226358413696289 0.03205697983503342
-0.04930960386991501 -0.1211756020784378 0.032056987285614014
-0.045387979596853256 -0.12714408338069916 0.03205675259232521
-0.054995857179164886 -0.12261419743299484 0.027082936838269234
-0.04602591693401337 -0.011112360283732414 0.016564080491662025
-0.05109535530209541 -0.01277052890509367 0.016563942655920982
-0.04515276849269867 -0.014998502098023891 0.016557058319449425
-0.03215881064534187 0.038960352540016174 0.016556940972805023
-0.0390775166451931 0.02570534497499466 0.016595566645264626
-0.03249027207493782 0.02767183445394039 0.016564013436436653
-0.057732146233320236 0.03286920115351677 0.01655694656074047
-0.052378714084625244 -0.00372300879098475 0.016558758914470673
-0.05668977275490761 -0.01759256236255169 0.016557373106479645
-0.045420702546834946 0.016104012727737427 0.016561273485422134
-0.04024333134293556 0.01870160922408104 0.01652313582599163
-0.05216815322637558 -0.02491167187690735 0.01655828393995762
-0.06294740736484528 -0.0246109776198864 0.01655694656074047
-0.05864524468779564 -0.03122352808713913 0.01655694656074047
-0.03011459670960903 -0.012152851559221745 0.016599535942077637
-0.03618848696351051 -0.013813395984470844 0.01656273379921913
-0.03392452374100685 -0.03658781573176384 0.01655694469809532
-0.06274773180484772 0.026785049587488174 0.01655694656074047
-0.05232013761997223 0.008407595567405224 0.01655804179608822
-0.02865748293697834 0.02382510155439377 0.016561197116971016
-0.031458787620067596 -0.04038257896900177 0.01655694656074047
-0.044692184776067734 -0.02213805541396141 0.016557207331061363
-0.0313744880259037 0.0618116669356823 0.015577529557049274
-0.031373754143714905 -0.06059805676341057 0.015632053837180138
-0.029958568513393402 0.01708969660103321 0.016613729298114777
-0.03137611970305443 0.04982786625623703 0.0065569463185966015
-0.03137611970305443 0.052714619785547256 -0.008443054743111134
-0.03137611970305443 0.04982786625623703 -0.013443054631352425
-0.03137611970305443 0.05271461606025696 0.0015569645911455154
-0.03137611970305443 0.06137487292289734 -0.013443054631352425
-0.03137611970305443 0.05848812311887741 -0.01844305545091629
-0.03137611970305443 0.052714619785547256 -0.01844305545091629
-0.03137611970305443 0.052714619785547256 0.01155694667249918
-0.03137611970305443 0.05848812311887741 0.01155694667249918
-0.03137625753879547 0.06096389517188072 0.0044128140434622765
-0.03137611970305443 0.05848812311887741 -0.008443054743111134
-0.03137611970305443 -0.057285383343696594 -0.01844305545091629
-0.03137611970305443 -0.05975975841283798 -0.011300218291580677
-0.03138585016131401 -0.05009691044688225 -0.009254686534404755
-0.03137611970305443 -0.05151188001036644 0.0015569458482787013
-0.03137611970305443 -0.04862513020634651 0.0065569463185966015
-0.03137611970305443 -0.06017213687300682 0.0065569463185966015
-0.03137611970305443 -0.057285383343696594 0.01155694667249918
-0.03137611970305443 -0.05151188001036644 0.01155694667249918
-0.03137611970305443 -0.05151187255978584 -0.018443049862980843
-0.03137611970305443 -0.057285383343696594 0.0015569458482787013
-0.20995832979679108 0.10176817327737808 0.021880513057112694
-0.19689235091209412 0.12087307870388031 0.010702704079449177
-0.2011626660823822 0.10394436120986938 0.014287468045949936
-0.19703371822834015 0.1119481697678566 0.010821309871971607
-0.21248659491539001 0.12972131371498108 0.023787815123796463
-0.2176467925310135 0.1231653168797493 0.028117751702666283
-0.21895365417003632 0.1154247596859932 0.029214298352599144
-0.21617649495601654 0.10606694966554642 0.02688012830913067
-0.20326431095600128 0.13007208704948425 0.016049426048994064
-0.1836615353822708 0.1018693819642067 0.030550284311175346
-0.18682065606117249 0.10179353505373001 0.04116562008857727
-0.20361997187137604 0.10202186554670334 0.018002867698669434
-0.1909414380788803 0.10189696401357651 0.01826755702495575
-0.18638378381729126 0.11268644034862518 0.0231576357036829
-0.19448739290237427 0.10730520635843277 0.017436496913433075
-0.18408341705799103 0.10542759299278259 0.03253070265054703
-0.19030460715293884 0.10179721564054489 0.04417886212468147
-0.21218357980251312 0.1018989235162735 0.03533646836876869
-0.19897642731666565 0.10523108392953873 0.0453014075756073
-0.2044299691915512 0.10189899802207947 0.044013842940330505
-0.206453338265419 0.11127660423517227 0.042673509567976
-0.2120896875858307 0.10914415121078491 0.034777361899614334
-0.19881798326969147 0.1216900497674942 0.0514807254076004
-0.19412094354629517 0.12933394312858582 0.047539420425891876
-0.17707131803035736 0.11628174781799316 0.03323310241103172
-0.19694213569164276 0.10656994581222534 0.049906592816114426
-0.18529456853866577 0.1304166167974472 0.04013323038816452
-0.17976287007331848 0.10682468861341476 0.03549167141318321
-0.17963872849941254 0.12541653215885162 0.035387419164180756
-0.19963790476322174 0.11459881067276001 0.052168723195791245
-0.17881083488464355 0.11413896083831787 0.03469272330403328
-0.18227320909500122 0.1063174307346344 0.03759800270199776
-0.19526901841163635 0.1252368539571762 0.04850277677178383
-0.18926189839839935 0.12907634675502777 0.04346219077706337
-0.18958935141563416 0.1034664511680603 0.04373695328831673
-0.19585491716861725 0.10799653828144073 0.04899440333247185
-0.19831600785255432 0.11710888147354126 0.05105952173471451
-0.17957819998264313 0.12123879045248032 0.03533662483096123
-0.18264047801494598 0.12642322480678558 0.037906162440776825
-0.12089358270168304 0.11324972659349442 0.1035810261964798
-0.12285985797643661 0.12416551262140274 0.10523094981908798
-0.12540018558502197 0.10556427389383316 0.10736251622438431
-0.13018929958343506 0.10363348573446274 0.11138109117746353
-0.1285901665687561 0.1286618709564209 0.11003924161195755
-0.13429424166679382 0.1279781311750412 0.11482550948858261
-0.13957759737968445 0.12165892124176025 0.119258813560009
-0.13987943530082703 0.11261849850416183 0.11951208859682083
-0.13619562983512878 0.10571057349443436 0.11642099171876907
-0.13189446926116943 0.10968373715877533 0.11279981583356857
-0.13132359087467194 0.12252543121576309 0.11234646290540695
-0.12662087380886078 0.11356418579816818 0.10840124636888504
-0.1272042691707611 0.1202547699213028 0.10888350009918213
-0.13508693873882294 0.11922872066497803 0.1154894083738327
-0.12796805799007416 0.11357194930315018 0.1218172088265419
-0.11798913031816483 0.12119598686695099 0.11958441138267517
-0.11771290749311447 0.11492108553647995 0.11421921104192734
-0.12870542705059052 0.1189095750451088 0.12094070762395859
-0.11967235803604126 0.10985361784696579 0.11658323556184769
-0.11995639652013779 0.1088763177394867 0.12167742103338242
-0.11508291959762573 0.1190546527504921 0.12558068335056305
-0.11310283839702606 0.10939492285251617 0.11802365630865097
-0.11814536899328232 0.11557948589324951 0.12768059968948364
-0.11190357059240341 0.1053553894162178 0.12750811874866486
-0.10242648422718048 0.11341869086027145 0.12407872080802917
-0.10362982749938965 0.10946264863014221 0.12062790989875793
-0.10391155630350113 0.11239654570817947 0.13054338097572327
-0.10227387398481369 0.10219614207744598 0.12166765332221985
-0.1091075912117958 0.10805075615644455 0.13171789050102234
-0.10825900733470917 0.10321984440088272 0.12343546748161316
-0.09886088222265244 0.1027040034532547 0.13376235961914062
-0.10226362943649292 0.09683968126773834 0.1288660317659378
-0.09175777435302734 0.10296840965747833 0.12672416865825653
-0.09193137288093567 0.100357785820961 0.13210825622081757
-0.10012154281139374 0.09490934759378433 0.12472648918628693
-0.08702228963375092 0.09280578792095184 0.1223553866147995
-0.09260769188404083 0.08471426367759705 0.130205437541008
-0.08707932382822037 0.08423683047294617 0.13236048817634583
-0.08856488019227982 0.0865337997674942 0.12043445557355881
-0.09127485752105713 0.08386918157339096 0.1216544657945633
-0.08303511887788773 0.08677522838115692 0.13032297790050507
-0.08086599409580231 0.08629409968852997 0.1256927251815796
-0.0935356542468071 0.08353335410356522 0.12543749809265137
-0.07776310294866562 0.05413190647959709 0.12366192787885666
-0.07694023847579956 0.0626886859536171 0.11435824632644653
-0.08268558233976364 0.06088383495807648 0.11970014870166779
-0.07150901108980179 0.06223798170685768 0.12398933619260788
-0.06995575875043869 0.05829869955778122 0.11501029133796692
-0.0741017609834671 0.05635664239525795 0.12533581256866455
-0.07744467258453369 0.052094101905822754 0.11363589763641357
-0.06362801045179367 0.045472651720047 0.11428774148225784
-0.06679833680391312 0.04588738828897476 0.10870369523763657
-0.07427288591861725 0.039122842252254486 0.11429160088300705
-0.06670879572629929 0.04783283546566963 0.11987035721540451
-0.06833046674728394 0.032028112560510635 0.11448710411787033
-0.06395617872476578 0.029960716143250465 0.11338090896606445
-0.07000274211168289 0.043188534677028656 0.1069631353020668
-0.0685361698269844 0.02773083932697773 0.10122579336166382
-0.06324627995491028 0.023503612726926804 0.09534008055925369
-0.05890505015850067 0.027819981798529625 0.10891066491603851
-0.06361386924982071 0.016633551567792892 0.10482817888259888
-0.05708688497543335 0.02294337749481201 0.09696482121944427
-0.05481167510151863 0.014385475777089596 0.100181445479393
-0.052140574902296066 0.010660062544047832 0.09091104567050934
-0.06288246810436249 0.006329030729830265 0.08698739111423492
-0.05728622153401375 0.009091720916330814 0.09893693029880524
-0.06411568075418472 0.008816097863018513 0.09479697048664093
-0.05854792520403862 0.011721758171916008 0.0851912796497345
-0.06184609979391098 0.010762946680188179 0.08676501363515854
-0.05282122269272804 0.004983304068446159 0.07888471335172653
-0.05233089625835419 -0.0015832113567739725 0.08719087392091751
-0.057788558304309845 -0.0009118038578890264 0.08959847688674927
-0.04509264975786209 -0.014405190013349056 0.05610085651278496
-0.048974327743053436 -0.003937782719731331 0.06828920543193817
-0.05056070536375046 -0.012419361621141434 0.07357673346996307
-0.05863746628165245 -0.00882790982723236 0.07644807547330856
-0.055305834859609604 -0.0014368771808221936 0.06936410814523697
-0.04795379564166069 -0.00784438755363226 0.07506940513849258
-0.05814807489514351 -0.006004785653203726 0.06646315008401871
-0.05438370257616043 -0.014933512546122074 0.06988576799631119
-0.05693945288658142 -0.016954345628619194 0.05584944784641266
-0.0559651255607605 -0.010926210321485996 0.05327477678656578
-0.05590132996439934 -0.015528577379882336 0.03885722905397415
-0.0503690242767334 -0.020191453397274017 0.05707888305187225
-0.05231798440217972 -0.009469057433307171 0.05120856314897537
-0.04753635451197624 -0.010224051773548126 0.05181686207652092
-0.046340614557266235 -0.018918756395578384 0.05421577766537666
-0.044647641479969025 -0.0188779067248106 0.04462631046772003
-0.052798107266426086 -0.023469874635338783 0.0420803539454937
-0.04765969514846802 -0.023793473839759827 0.037060655653476715
-0.052578117698431015 -0.012475548312067986 0.035942643880844116
-0.055679548531770706 -0.021183637902140617 0.03589436784386635
-0.047169849276542664 -0.013331512920558453 0.030985405668616295
-0.03915732353925705 0.01890856772661209 0.03294311463832855
-0.024295935407280922 0.012251194566488266 0.0343950130045414
-0.04133540019392967 -0.012266951613128185 0.03995220363140106
-0.029540715739130974 0.017230994999408722 0.03718777373433113
-0.03351747617125511 -0.012144766747951508 0.03747289627790451
-0.05080822482705116 0.011687208898365498 0.029477320611476898
-0.026814984157681465 -0.008693121373653412 0.03751303628087044
-0.05345312878489494 0.005740511231124401 0.03310156986117363
-0.05279054120182991 -0.002904372289776802 0.04141392558813095
-0.023568181321024895 -0.004717808682471514 0.0353192575275898
-0.02170649543404579 0.0013279893901199102 0.03678444027900696
-0.04943882301449776 -0.007457460276782513 0.04645109921693802
-0.022840814664959908 0.007646497804671526 0.04291720688343048
-0.043521709740161896 0.018303751945495605 0.03368891403079033
-0.03145230561494827 0.017681965604424477 0.027886833995580673
-0.04880879819393158 0.015722746029496193 0.03701624646782875
-0.03584381565451622 -0.00869047362357378 0.05449150502681732
-0.05538421869277954 0.0035605800803750753 0.04596371576189995
-0.05612066015601158 0.010792121291160583 0.04840531945228577
-0.026812082156538963 -0.0011333730071783066 0.055421240627765656
-0.03729487210512161 0.02135108783841133 0.04511239379644394
-0.033570077270269394 0.02314847707748413 0.05727440118789673
-0.06107233464717865 0.006560708396136761 0.06819665431976318
-0.04588731378316879 0.020793693140149117 0.044765062630176544
-0.03974953666329384 0.023677006363868713 0.0507400818169117
-0.04900620877742767 -0.0050854976288974285 0.061470359563827515
-0.05367005988955498 0.017250338569283485 0.048609524965286255
-0.0256055761128664 0.008749944157898426 0.05730171129107475
-0.027173666283488274 0.014776866883039474 0.05638064071536064
-0.048347264528274536 0.026212872937321663 0.05392901971936226
-0.030049176886677742 0.018729135394096375 0.06422495096921921
-0.04152607172727585 -0.0028149292338639498 0.06879037618637085
-0.03329770639538765 0.001655215979553759 0.06868806481361389
-0.03769306093454361 0.02402791753411293 0.05264146998524666
-0.03011760301887989 0.009317073039710522 0.06831298023462296
-0.02763422392308712 0.006084286142140627 0.06201517954468727
-0.052127402275800705 0.0023578032851219177 0.07443974167108536
-0.061354368925094604 0.010856843553483486 0.059298720210790634
-0.060418397188186646 0.017611607909202576 0.056674759835004807
-0.03738446161150932 0.02738080732524395 0.07536844164133072
-0.04488678649067879 0.031561221927404404 0.06062797084450722
-0.037230219691991806 0.008878802880644798 0.07707790285348892
-0.03974422812461853 0.032087668776512146 0.07106878608465195
-0.036235224455595016 0.018624398857355118 0.0780494287610054
-0.05578063800930977 0.024090485647320747 0.05474269017577171
-0.030561834573745728 0.012815379537642002 0.06918933242559433
-0.04975065961480141 0.007996367290616035 0.0811062604188919
-0.04613295570015907 0.012966358102858067 0.08376193791627884
-0.04413828253746033 0.021435046568512917 0.08498495817184448
-0.06136667728424072 0.011456286534667015 0.0798722356557846
-0.07189320772886276 0.02115759812295437 0.07472608238458633
-0.058492474257946014 0.02027670107781887 0.087816521525383
-0.05370345339179039 0.025018062442541122 0.08896183222532272
-0.05178235098719597 0.04191363602876663 0.06412077695131302
-0.05521520599722862 0.031828902661800385 0.05773993954062462
-0.04501095041632652 0.032487597316503525 0.08371473848819733
-0.052340347319841385 0.03551092371344566 0.0882936641573906
-0.06485508382320404 0.03046327456831932 0.059082791209220886
-0.06761593371629715 0.02098296582698822 0.06345833837985992
-0.045721910893917084 0.03779588267207146 0.08020472526550293
-0.055247142910957336 0.049643903970718384 0.08260077983140945
-0.06798462569713593 0.021266432479023933 0.08350040763616562
-0.07771815359592438 0.03217446804046631 0.08064945787191391
-0.048467427492141724 0.043558269739151 0.07815167307853699
-0.04632193222641945 0.04194117337465286 0.07011257857084274
-0.07091503590345383 0.030721837654709816 0.08713706582784653
-0.05802058055996895 0.04371858388185501 0.06027628853917122
-0.06155211851000786 0.03520941734313965 0.09068825095891953
-0.06371206790208817 0.041182927787303925 0.05814873427152634
-0.07409548759460449 0.029823802411556244 0.06453395634889603
-0.06810450553894043 0.050247982144355774 0.08841472864151001
-0.06195428967475891 0.054801154881715775 0.08412463217973709
-0.07245926558971405 0.04330633580684662 0.08890382200479507
-0.06384588778018951 0.06655356287956238 0.07081291824579239
-0.046797916293144226 0.04144798219203949 0.0715150386095047
-0.08566796779632568 0.04367729276418686 0.06424954533576965
-0.0800391212105751 0.04092774540185928 0.08365749567747116
-0.0887044221162796 0.04687603935599327 0.07361675053834915
-0.07345576584339142 0.04512462392449379 0.05594859644770622
-0.06133418530225754 0.062496744096279144 0.06721338629722595
-0.0796641856431961 0.04263221099972725 0.05895628780126572
-0.08627528697252274 0.05404586344957352 0.08076152205467224
-0.060761578381061554 0.05758046731352806 0.06199294328689575
-0.09692614525556564 0.05973009765148163 0.06342927366495132
-0.06976666301488876 0.07210320234298706 0.07300608605146408
-0.07377985864877701 0.06911492347717285 0.07867459952831268
-0.07302111387252808 0.0540432408452034 0.05215829610824585
-0.0665169507265091 0.05520390346646309 0.0552484430372715
-0.08064493536949158 0.055775225162506104 0.0842306986451149
-0.07961886376142502 0.06475350260734558 0.08170769363641739
-0.08998613804578781 0.07804843038320541 0.07119870185852051
-0.0896964967250824 0.06741566956043243 0.07624756544828415
-0.08388812839984894 0.054127197712659836 0.05097160115838051
-0.08193746954202652 0.0787971168756485 0.07207041233778
-0.09254471212625504 0.058469269424676895 0.051104042679071426
-0.0711953416466713 0.0674404501914978 0.04873146489262581
-0.09659179300069809 0.06605290621519089 0.06901825219392776
-0.08165032416582108 0.05921576917171478 0.04675040766596794
-0.10557741671800613 0.07702081650495529 0.03773651272058487
-0.07973814755678177 0.08649808913469315 0.062417853623628616
-0.08070910722017288 0.06662635505199432 0.04146965220570564
-0.08038538694381714 0.09477933496236801 0.04762554168701172
-0.09520499408245087 0.06827516853809357 0.03877325728535652
-0.07445947825908661 0.08555927872657776 0.050133638083934784
-0.0740075558423996 0.08279713988304138 0.0450480580329895
-0.1027536615729332 0.07844312489032745 0.05861593037843704
-0.09565314650535583 0.08394531905651093 0.06443887948989868
-0.07596530020236969 0.08008719235658646 0.03976923227310181
-0.0866813138127327 0.0875307023525238 0.06402759253978729
-0.08855438232421875 0.10086610168218613 0.04647114500403404
-0.0913638323545456 0.07265682518482208 0.031625885516405106
-0.09558376669883728 0.10116183757781982 0.046947281807661057
-0.10122930258512497 0.09603366255760193 0.049870774149894714
-0.10202708095312119 0.07738246023654938 0.028452973812818527
-0.10495481640100479 0.07519126683473587 0.049675676971673965
-0.07781676203012466 0.07506535947322845 0.0382390171289444
-0.08517492562532425 0.07672099769115448 0.029646342620253563
-0.107417993247509 0.0907074585556984 0.04569753631949425
-0.11133129149675369 0.09207525104284286 0.033859893679618835
-0.1091882511973381 0.1014118418097496 0.03371409326791763
-0.08054105192422867 0.09462812542915344 0.023625021800398827
-0.08308850228786469 0.08568538725376129 0.022928329184651375
-0.10283996164798737 0.10377775877714157 0.039793889969587326
-0.08951711654663086 0.11043807119131088 0.027640683576464653
-0.0842660591006279 0.10684546828269958 0.023806756362318993
-0.09090962260961533 0.08191598951816559 0.0186318289488554
-0.0837303102016449 0.10701383650302887 0.010569875128567219
-0.1124626100063324 0.09192217141389847 0.021067330613732338
-0.10882693529129028 0.08933500200510025 0.010415572673082352
-0.08349159359931946 0.09950911998748779 0.0075334589928388596
-0.08781252801418304 0.09443283826112747 0.0013079671189188957
-0.097120001912117 0.113930344581604 0.02494513988494873
-0.09410800784826279 0.09062805026769638 -0.0005339061026461422
-0.1145130842924118 0.10311584919691086 0.01648145541548729
-0.09201816469430923 0.12055948376655579 0.002489343285560608
-0.09951943904161453 0.08506672084331512 0.010764173232018948
-0.11212781816720963 0.10985888540744781 0.016688328236341476
-0.1072273850440979 0.11266126483678818 0.021431777626276016
-0.10325011610984802 0.08841873705387115 0.004284807946532965
-0.1024727001786232 0.11628539860248566 0.01849519833922386
-0.10567310452461243 0.12430539727210999 -0.005445497576147318
-0.11083506047725677 0.11975149810314178 -0.000788684468716383
-0.08801349252462387 0.12140139937400818 -0.018663326278328896
-0.11135072261095047 0.0982334166765213 -0.01436576247215271
-0.11667779088020325 0.1069982573390007 -0.0069068861193954945
-0.08520826697349548 0.10886028409004211 -0.017246289178729057
-0.1164848804473877 0.11688828468322754 -0.016693690791726112
-0.11465262621641159 0.11635565012693405 -0.0048868185840547085
-0.09893752634525299 0.12249036878347397 0.0029109015595167875
-0.10003748536109924 0.09692123532295227 -0.024790644645690918
-0.09582875669002533 0.0960528627038002 -0.0182669535279274
-0.1102067083120346 0.12603579461574554 -0.021378161385655403
-0.09255242347717285 0.1273406594991684 -0.02807924523949623
-0.10721246153116226 0.09666328132152557 -0.01929444819688797
-0.08591658622026443 0.1188240647315979 -0.03900275006890297
-0.08884984254837036 0.10229664295911789 -0.02224785089492798
-0.08737597614526749 0.10650414228439331 -0.0307182464748621
-0.09332337230443954 0.09995199739933014 -0.030010145157575607
-0.10381124913692474 0.1298629194498062 -0.027387041598558426
-0.09679574519395828 0.12698771059513092 -0.015548530034720898
-0.10424572229385376 0.09938614815473557 -0.03864264860749245
-0.11075762659311295 0.10271972417831421 -0.04635642096400261
-0.11570867896080017 0.10788797587156296 -0.04240953177213669
-0.11792214214801788 0.11442167311906815 -0.05395786836743355
-0.11366705596446991 0.12540537118911743 -0.033098723739385605
-0.08804192394018173 0.12472619116306305 -0.06472983211278915
-0.09159629046916962 0.1292121261358261 -0.056169863790273666
-0.10955041646957397 0.13095414638519287 -0.05098004266619682
-0.08705764263868332 0.11502865701913834 -0.0717715248465538
-0.08954572677612305 0.10817650705575943 -0.0667547658085823
-0.09575444459915161 0.10240976512432098 -0.058588575571775436
-0.10275591909885406 0.10103727877140045 -0.058935657143592834
-0.11516576260328293 0.1073533147573471 -0.05844419449567795
-0.09677249193191528 0.13186660408973694 -0.04965781047940254
-0.10413291305303574 0.13343048095703125 -0.06020333617925644
-0.11830317974090576 0.12059365957975388 -0.06295091658830643
-0.11084344983100891 0.10346812754869461 -0.07138897478580475
-0.1007930338382721 0.1334947645664215 -0.06779340654611588
-0.11753576993942261 0.12791238725185394 -0.08784083276987076
-0.10546273738145828 0.10164286941289902 -0.08623122423887253
-0.0967339426279068 0.13212569057941437 -0.07863215357065201
-0.09301547706127167 0.12837889790534973 -0.08893494307994843
-0.11872932314872742 0.10999919474124908 -0.08270687609910965
-0.08861222118139267 0.11926698684692383 -0.0851660892367363
-0.12075664848089218 0.11660320311784744 -0.08371222764253616
-0.1205524206161499 0.1234932467341423 -0.0899406373500824
-0.09618096053600311 0.10440058261156082 -0.09065603464841843
-0.11490769684314728 0.13127410411834717 -0.094865582883358
-0.10197141021490097 0.1319275051355362 -0.10633577406406403
-0.11869058758020401 0.13155104219913483 -0.11327297240495682
-0.11479420214891434 0.10210304707288742 -0.10692210495471954
-0.11796226352453232 0.10453218221664429 -0.10183095186948776
-0.09186222404241562 0.1248314157128334 -0.09533785283565521
-0.09112261980772018 0.11595232039690018 -0.10029301792383194
-0.09388493746519089 0.10796212404966354 -0.09835932403802872
-0.12402515113353729 0.11709361523389816 -0.09860973060131073
-0.10430421680212021 0.1336786299943924 -0.09033478796482086
-0.10754118859767914 0.10160596668720245 -0.11824294179677963
-0.12283660471439362 0.12746849656105042 -0.10871024429798126
-0.09947799146175385 0.12815828621387482 -0.11441624909639359
-0.09536493569612503 0.12180966883897781 -0.11350861936807632
-0.1234331801533699 0.10911955684423447 -0.10516273230314255
-0.09751205891370773 0.11192187666893005 -0.12058491259813309
-0.11958155035972595 0.1323545128107071 -0.13318362832069397
-0.11733428388834 0.10019576549530029 -0.1285371631383896
-0.10253268480300903 0.12128999829292297 -0.1323748081922531
-0.10711430758237839 0.12760519981384277 -0.13325844705104828
-0.09772311896085739 0.11644753068685532 -0.1227886751294136
-0.1309307962656021 0.11090251058340073 -0.12128762900829315
-0.1276545226573944 0.11743413656949997 -0.1108076423406601
-0.10076751559972763 0.10507086664438248 -0.1155490055680275
-0.10510523617267609 0.10701004415750504 -0.1325518786907196
-0.127521812915802 0.12401237338781357 -0.11536308377981186
-0.11633547395467758 0.13046841323375702 -0.1412016749382019
-0.13037250936031342 0.10093175619840622 -0.13886305689811707
-0.13046540319919586 0.10535137355327606 -0.12710028886795044
-0.10807733237743378 0.11279827356338501 -0.14402829110622406
-0.10940033197402954 0.11946873366832733 -0.1460278183221817
-0.13555210828781128 0.11698343604803085 -0.12791071832180023
-0.13149593770503998 0.12940572202205658 -0.1349891722202301
-0.13581611216068268 0.12304943799972534 -0.1316167116165161
-0.11511978507041931 0.10298842191696167 -0.14420343935489655
-0.12515133619308472 0.10035514086484909 -0.15114019811153412
-0.1423824578523636 0.11314031481742859 -0.1386404186487198
-0.1439765840768814 0.10452134907245636 -0.1474188268184662
-0.11617807298898697 0.10675826668739319 -0.15237991511821747
-0.1425696760416031 0.13084743916988373 -0.16989949345588684
-0.14365069568157196 0.13122187554836273 -0.1642138808965683
-0.14674896001815796 0.12173754721879959 -0.1460065096616745
-0.11908593773841858 0.12556147575378418 -0.155777245759964
-0.12445944547653198 0.1216207891702652 -0.16605687141418457
-0.12008656561374664 0.11448513716459274 -0.16259580850601196
-0.13626059889793396 0.12847186625003815 -0.17097754776477814
-0.1464657038450241 0.09904314577579498 -0.16803891956806183
-0.1591062992811203 0.13000501692295074 -0.17278489470481873
-0.14608168601989746 0.1284223198890686 -0.15388832986354828
-0.14923648536205292 0.10112185031175613 -0.1594795435667038
-0.15243838727474213 0.10711803287267685 -0.15421505272388458
-0.1561034619808197 0.11232494562864304 -0.15535709261894226
-0.13377434015274048 0.1101822555065155 -0.1770762801170349
-0.1333218514919281 0.10366751998662949 -0.1707397699356079
-0.17001967132091522 0.10452300310134888 -0.17259570956230164
-0.15860354900360107 0.10660167038440704 -0.19738394021987915
-0.15704987943172455 0.10335098952054977 -0.19257962703704834
-0.1527048647403717 0.10018880665302277 -0.18290530145168304
-0.1631585657596588 0.11976048350334167 -0.16278405487537384
-0.16424690186977386 0.11510997265577316 -0.16286048293113708
-0.15968985855579376 0.12675371766090393 -0.16534462571144104
-0.17223387956619263 0.12457112967967987 -0.17388305068016052
-0.1419452726840973 0.12352670729160309 -0.18261179327964783
-0.1702681928873062 0.09877452999353409 -0.18553593754768372
-0.1678341031074524 0.1004941314458847 -0.17709150910377502
-0.13996969163417816 0.11774669587612152 -0.18391405045986176
-0.16931895911693573 0.09897121787071228 -0.1929178535938263
-0.19102850556373596 0.1258280724287033 -0.18954844772815704
-0.1646764874458313 0.12871679663658142 -0.1942272037267685
-0.16022604703903198 0.1245025172829628 -0.196743443608284
-0.15901516377925873 0.11806244403123856 -0.19954422116279602
-0.15242035686969757 0.11283515393733978 -0.19467943906784058
-0.17382103204727173 0.10882483422756195 -0.17223019897937775
-0.1904466301202774 0.11015868186950684 -0.18340672552585602
-0.18661698698997498 0.11746473610401154 -0.180667445063591
-0.1926269382238388 0.1298123002052307 -0.2034800946712494
-0.19877737760543823 0.12068679183721542 -0.18989413976669312
-0.1817256510257721 0.11557495594024658 -0.21525627374649048
-0.18050730228424072 0.12128056585788727 -0.2126125693321228
-0.18423642218112946 0.09867160767316818 -0.19281098246574402
-0.18788745999336243 0.10090310871601105 -0.1891447752714157
-0.17268872261047363 0.11103545129299164 -0.20923544466495514
-0.2165655940771103 0.1265784651041031 -0.20882435142993927
-0.19862934947013855 0.10392852872610092 -0.19188202917575836
-0.19488732516765594 0.12822064757347107 -0.21131637692451477
-0.19104355573654175 0.1032794937491417 -0.21701012551784515
-0.18296289443969727 0.09932533651590347 -0.20539116859436035
-0.18998309969902039 0.12550248205661774 -0.21395526826381683
-0.20107409358024597 0.11084724217653275 -0.22613166272640228
-0.21194136142730713 0.11107202619314194 -0.19540756940841675
-0.21729345619678497 0.09598585963249207 -0.22338451445102692
-0.1981782466173172 0.09696698933839798 -0.20825161039829254
-0.20433376729488373 0.098452128469944 -0.20135582983493805
-0.2423878163099289 0.1195133700966835 -0.21529673039913177
-0.22331690788269043 0.12332142889499664 -0.2286980301141739
-0.20899583399295807 0.11909551918506622 -0.2281397432088852
-0.21814344823360443 0.0948137417435646 -0.21584932506084442
-0.22515343129634857 0.09572147578001022 -0.2122212052345276
-0.2273533195257187 0.10008181631565094 -0.20706923305988312
-0.21683147549629211 0.10416415333747864 -0.23239704966545105
-0.2291143834590912 0.11691054701805115 -0.20549622178077698
-0.22816327214241028 0.10928650200366974 -0.20338717103004456
-0.23110315203666687 0.12526735663414001 -0.21987611055374146
-0.21998943388462067 0.12657877802848816 -0.22037450969219208
-0.24254465103149414 0.09546443074941635 -0.24095644056797028
-0.24256113171577454 0.08960647135972977 -0.22759510576725006
-0.2299526333808899 0.11348152160644531 -0.23836450278759003
-0.23541437089443207 0.10610362887382507 -0.24148662388324738
-0.23742567002773285 0.09166920930147171 -0.2323131561279297
-0.24102775752544403 0.12224820256233215 -0.23052778840065002
-0.24728980660438538 0.11707110702991486 -0.23905833065509796
-0.2557719349861145 0.11771008372306824 -0.22347614169120789
-0.2511541247367859 0.12026861310005188 -0.22652369737625122
-0.24777959287166595 0.08981138467788696 -0.2218228578567505
-0.2514120936393738 0.09537263214588165 -0.2159251719713211
-0.24558812379837036 0.10294251143932343 -0.21128910779953003
-0.25883883237838745 0.10136408358812332 -0.21556738018989563
-0.2703026533126831 0.10806010663509369 -0.22261473536491394
-0.24776920676231384 0.11208835244178772 -0.24315129220485687
-0.2585426867008209 0.1035083457827568 -0.24854817986488342
-0.2584374248981476 0.094903364777565 -0.24870917201042175
-0.2663753926753998 0.10209904611110687 -0.2181018590927124
-0.26057082414627075 0.11667374521493912 -0.23528312146663666
-0.27210402488708496 0.11174850165843964 -0.23067714273929596
-0.26659122109413147 0.11177684366703033 -0.24234101176261902
-0.2646441161632538 0.08083716034889221 -0.22924312949180603
-0.2715345025062561 0.10317657142877579 -0.24957221746444702
-0.26467639207839966 0.08829467743635178 -0.22103744745254517
-0.28059935569763184 0.08257885277271271 -0.22297729551792145
-0.25684654712677 0.08698544651269913 -0.24304154515266418
-0.2826469838619232 0.1061677485704422 -0.23765653371810913
-0.257941335439682 0.08341152220964432 -0.23699302971363068
-0.28257831931114197 0.10330141335725784 -0.2451808899641037
-0.27991917729377747 0.07970382273197174 -0.2537553906440735
-0.2680423855781555 0.07711491733789444 -0.24128122627735138
-0.2960072159767151 0.08815685659646988 -0.2273310124874115
-0.28091707825660706 0.08857455104589462 -0.25442981719970703
-0.28548866510391235 0.1018126979470253 -0.22977252304553986
-0.2743399143218994 0.0803530290722847 -0.22461916506290436
-0.2756311893463135 0.07483335584402084 -0.24857652187347412
-0.29050424695014954 0.09085583686828613 -0.2521156072616577
-0.294143408536911 0.09464796632528305 -0.2459440976381302
-0.2868848741054535 0.08227938413619995 -0.22293230891227722
-0.30441686511039734 0.070711150765419 -0.22609762847423553
-0.27423641085624695 0.07398055493831635 -0.23121389746665955
-0.3014659285545349 0.08749444037675858 -0.23286767303943634
-0.29752635955810547 0.09379410743713379 -0.23832952976226807
-0.30235588550567627 0.08052197843790054 -0.25181570649147034
-0.3047868013381958 0.08418140560388565 -0.2448553591966629
-0.28278833627700806 0.06885797530412674 -0.22831785678863525
-0.27841126918792725 0.06693130731582642 -0.24119487404823303
-0.2976135015487671 0.06455080211162567 -0.2244955450296402
-0.3037196695804596 0.06999003887176514 -0.25537165999412537
-0.28459909558296204 0.061648644506931305 -0.23246076703071594
-0.3002987504005432 0.06149131432175636 -0.25687292218208313
-0.30997011065483093 0.07803339511156082 -0.2394755780696869
-0.291177898645401 0.06171523407101631 -0.25414782762527466
-0.3145793676376343 0.0665571540594101 -0.23329328000545502
-0.28617408871650696 0.054633449763059616 -0.24196964502334595
-0.2924661338329315 0.05958142131567001 -0.22682340443134308
-0.28532707691192627 0.06258479505777359 -0.24982702732086182
-0.3173796534538269 0.06319881975650787 -0.24506330490112305
-0.31656497716903687 0.06037289649248123 -0.24953237175941467
-0.31664860248565674 0.05009036511182785 -0.2532747983932495
-0.2914085388183594 0.04705261439085007 -0.23398739099502563
-0.29498326778411865 0.04740191251039505 -0.22903554141521454
-0.3186569809913635 0.061284057796001434 -0.24102771282196045
-0.30592477321624756 0.04222880303859711 -0.22468869388103485
-0.3109200596809387 0.03975972533226013 -0.22447191178798676
-0.29475119709968567 0.04303968325257301 -0.24998466670513153
-0.323699414730072 0.04902831092476845 -0.23937927186489105
-0.3090718388557434 0.024814939126372337 -0.25555485486984253
-0.3032638132572174 0.028167637065052986 -0.25346601009368896
-0.291223406791687 0.043882474303245544 -0.24382926523685455
-0.3139592707157135 0.04245283827185631 -0.25574997067451477
-0.3143857717514038 0.05281969904899597 -0.22710417211055756
-0.29619190096855164 0.0300360806286335 -0.23522964119911194
-0.29752814769744873 0.021615589037537575 -0.24023480713367462
-0.3039131164550781 0.028306709602475166 -0.2264409065246582
-0.31287631392478943 0.025641562417149544 -0.2239956110715866
-0.3249174654483795 0.028531378135085106 -0.25112077593803406
-0.2995144724845886 0.021268043667078018 -0.24766643345355988
-0.32324346899986267 0.01242665946483612 -0.254807710647583
-0.31997305154800415 0.005170625634491444 -0.2235005646944046
-0.33796271681785583 0.004308986943215132 -0.23373082280158997
-0.33408620953559875 0.0074972244910895824 -0.227152019739151
-0.3271420896053314 0.007501936051994562 -0.22332310676574707
-0.33426597714424133 0.016288725659251213 -0.25059643387794495
-0.3393016457557678 0.02240663953125477 -0.24289695918560028
-0.3329819142818451 0.019948357716202736 -0.2218509018421173
-0.32338911294937134 0.023025624454021454 -0.21875029802322388
-0.3387821316719055 0.019190052524209023 -0.22887128591537476
-0.34269142150878906 0.03799927607178688 -0.2309892773628235
-0.33029302954673767 0.035251446068286896 -0.2474961280822754
-0.3413035571575165 0.03216896578669548 -0.22413034737110138
-0.3369752764701843 0.032748278230428696 -0.24442128837108612
-0.3172568380832672 0.026952700689435005 -0.21932066977024078
-0.33664774894714355 0.04598066583275795 -0.23807281255722046
-0.33041128516197205 0.025050511583685875 -0.21782107651233673
-0.31421762704849243 0.038090284913778305 -0.214812234044075
-0.3376106023788452 0.029884548857808113 -0.21904054284095764
-0.3287779688835144 0.04824215918779373 -0.24007587134838104
-0.34281226992607117 0.0497903972864151 -0.22348564863204956
-0.33886978030204773 0.057239413261413574 -0.22420087456703186
-0.3124464452266693 0.05777527019381523 -0.20672613382339478
-0.3245023488998413 0.058871496468782425 -0.228940948843956
-0.3442978858947754 0.058159373700618744 -0.19526904821395874
-0.340067595243454 0.040371015667915344 -0.20922692120075226
-0.3316207826137543 0.05849630758166313 -0.22903616726398468
-0.3334532380104065 0.03508927300572395 -0.20936375856399536
-0.32674679160118103 0.0329921618103981 -0.21017347276210785
-0.31945356726646423 0.03701145574450493 -0.20818258821964264
-0.32768765091896057 0.03917704150080681 -0.19807855784893036
-0.32110103964805603 0.06450256705284119 -0.21762332320213318
-0.31638574600219727 0.06127897650003433 -0.2160997837781906
-0.33252131938934326 0.06705387681722641 -0.21418988704681396
-0.32631155848503113 0.06770198792219162 -0.21368896961212158
-0.33793020248413086 0.06674537807703018 -0.2068265974521637
-0.3427805006504059 0.05934327840805054 -0.20942722260951996
-0.31283390522003174 0.04829908907413483 -0.204840749502182
-0.343770831823349 0.052118200808763504 -0.19822967052459717
-0.3308420479297638 0.07171474397182465 -0.19753922522068024
-0.32490307092666626 0.07151208072900772 -0.198526069521904
-0.33646175265312195 0.04161958768963814 -0.19687291979789734
-0.3325204849243164 0.041242342442274094 -0.1876300722360611
-0.31749796867370605 0.0673823133111 -0.2013302445411682
-0.3417043089866638 0.06516898423433304 -0.1939602941274643
-0.3189746141433716 0.04194934666156769 -0.19735009968280792
-0.34196338057518005 0.048461031168699265 -0.18781854212284088
-0.3128921389579773 0.051624659448862076 -0.18515290319919586
-0.3358808159828186 0.07076572626829147 -0.1901819407939911
-0.3210202157497406 0.04227950796484947 -0.18571726977825165
-0.31652912497520447 0.04565872251987457 -0.18297618627548218
-0.31230396032333374 0.05810757726430893 -0.1736617535352707
-0.315088152885437 0.0663667842745781 -0.1851404905319214
-0.3396202623844147 0.04518122971057892 -0.18288667500019073
-0.32166746258735657 0.0713232085108757 -0.18833430111408234
-0.32902100682258606 0.07265735417604446 -0.1812247335910797
-0.32541361451148987 0.04011106118559837 -0.1770583838224411
-0.33626505732536316 0.06936723738908768 -0.17138074338436127
-0.32029226422309875 0.03985854610800743 -0.16903512179851532
-0.34044119715690613 0.06636299192905426 -0.17491132020950317
-0.3434734344482422 0.06020344793796539 -0.17192615568637848
-0.31286174058914185 0.0478760302066803 -0.15448737144470215
-0.34434598684310913 0.05111313611268997 -0.16455574333667755
-0.31499817967414856 0.06290708482265472 -0.16554516553878784
-0.32109081745147705 0.07013924419879913 -0.1741270273923874
-0.3322739005088806 0.038924820721149445 -0.17210593819618225
-0.3376995325088501 0.04004412516951561 -0.16749054193496704
-0.3257519602775574 0.06965096294879913 -0.16515235602855682
-0.3311766982078552 0.0695730522274971 -0.16521422564983368
-0.34218522906303406 0.05919530615210533 -0.15659339725971222
-0.336125910282135 0.0631021186709404 -0.1519811451435089
-0.3151783049106598 0.04194276034832001 -0.1611718237400055
-0.342300146818161 0.04349514842033386 -0.16412287950515747
-0.32030168175697327 0.0652550682425499 -0.15847556293010712
-0.32321107387542725 0.060871779918670654 -0.14579127728939056
-0.33036455512046814 0.0640946552157402 -0.15023289620876312
-0.32498958706855774 0.033579133450984955 -0.16066384315490723
-0.34161174297332764 0.050907671451568604 -0.13826176524162292
-0.33587759733200073 0.055489152669906616 -0.13805346190929413
-0.3199872374534607 0.02750435844063759 -0.14619964361190796
-0.3475089967250824 0.03543098270893097 -0.12819401919841766
-0.31571972370147705 0.03301788866519928 -0.14226305484771729
-0.31539925932884216 0.05442887544631958 -0.1480146199464798
-0.31428876519203186 0.04443541541695595 -0.14223819971084595
-0.3441590368747711 0.03863298147916794 -0.15329952538013458
-0.3341764807701111 0.03197970241308212 -0.1575915515422821
-0.329770565032959 0.05326463654637337 -0.1335596889257431
-0.33921799063682556 0.04207753390073776 -0.12417560815811157
-0.32811397314071655 0.023500051349401474 -0.14835400879383087
-0.3475230038166046 0.03698646277189255 -0.13898339867591858
-0.3470936417579651 0.03164292126893997 -0.1419343501329422
-0.34365442395210266 0.023786358535289764 -0.14401623606681824
-0.31959328055381775 0.048313386738300323 -0.13428917527198792
-0.31979861855506897 0.03333459794521332 -0.12455794960260391
-0.34017232060432434 0.030052194371819496 -0.1512668877840042
-0.3251124322414398 0.04192839190363884 -0.12429139763116837
-0.33374887704849243 0.03537512570619583 -0.11737773567438126
-0.3178474009037018 0.025344902649521828 -0.12883523106575012
-0.33592915534973145 0.020046014338731766 -0.1459224969148636
-0.33375558257102966 0.007016519550234079 -0.13734428584575653
-0.34657055139541626 0.027457306161522865 -0.11706089973449707
-0.3269026279449463 0.008588879369199276 -0.13455744087696075
-0.33268725872039795 0.02514379285275936 -0.1114121526479721
-0.35750114917755127 0.004893782082945108 -0.11240459978580475
-0.3519587218761444 0.018131937831640244 -0.13048048317432404
-0.34855592250823975 0.011707826517522335 -0.13547249138355255
-0.3262396454811096 -0.000933725037612021 -0.12228459119796753
-0.3227483630180359 0.01469720434397459 -0.1173584833741188
-0.32754701375961304 0.01735633984208107 -0.11119858920574188
-0.34147316217422485 0.022625254467129707 -0.1101849302649498
-0.3558959662914276 0.01102544367313385 -0.12021610140800476
-0.3235229253768921 0.00685869948938489 -0.11933989077806473
-0.34160512685775757 0.005847696214914322 -0.13703256845474243
-0.35471421480178833 -0.00843047071248293 -0.09644205868244171
-0.3458399772644043 -0.030031701549887657 -0.1192500963807106
-0.3415180444717407 -0.029233543202280998 -0.11729561537504196
-0.3496986925601959 -0.00881185196340084 -0.0950913205742836
-0.33713823556900024 -0.026860373094677925 -0.11386294662952423
-0.35995402932167053 -0.009871575981378555 -0.09920576214790344
-0.3370193541049957 -0.02963668666779995 -0.1008722335100174
-0.3375842571258545 -0.02442300319671631 -0.09728235006332397
-0.3653366267681122 -0.017930831760168076 -0.11260409653186798
-0.33763232827186584 -0.01032207440584898 -0.09850522130727768
-0.34366169571876526 -0.007654384709894657 -0.09611312299966812
-0.35751405358314514 -0.02157352864742279 -0.12180918455123901
-0.3590725064277649 -0.013898375444114208 -0.12209413200616837
-0.3513387143611908 -0.023832887411117554 -0.12335924059152603
-0.3671899437904358 -0.019609719514846802 -0.10134654492139816
-0.36534905433654785 -0.028099996969103813 -0.11253976821899414
-0.3471532464027405 -0.020307160913944244 -0.08856022357940674
-0.34057414531707764 -0.0406041145324707 -0.09709705412387848
-0.36060404777526855 -0.036841440945863724 -0.11264518648386002
-0.3554418683052063 -0.03916473686695099 -0.11285495012998581
-0.3420565724372864 -0.02501901052892208 -0.08998727053403854
-0.3532651364803314 -0.0217684768140316 -0.08538032323122025
-0.3441549241542816 -0.04569609463214874 -0.0994199737906456
-0.3702811598777771 -0.029818035662174225 -0.09988125413656235
-0.36846548318862915 -0.03769867494702339 -0.1041911169886589
-0.3594537079334259 -0.02100246213376522 -0.08700870722532272
-0.3651604950428009 -0.04725433140993118 -0.1001536101102829
-0.36928051710128784 -0.03155524656176567 -0.0809425637125969
-0.35729900002479553 -0.04684183746576309 -0.10521534085273743
-0.3738469183444977 -0.043326761573553085 -0.0709129124879837
-0.34197622537612915 -0.03470310568809509 -0.08326435089111328
-0.3497089147567749 -0.047730859369039536 -0.10245075821876526
-0.35393404960632324 -0.026921341195702553 -0.07740266621112823
-0.3414607346057892 -0.04194276034832001 -0.0803387388586998
-0.3590453565120697 -0.05470386892557144 -0.09379403293132782
-0.35058462619781494 -0.0554313138127327 -0.08911760151386261
-0.37270915508270264 -0.04042333737015724 -0.08985836058855057
-0.3466549515724182 -0.031178515404462814 -0.07748090475797653
-0.3715083599090576 -0.047133829444646835 -0.08921550959348679
-0.3643169403076172 -0.031153926625847816 -0.07081148773431778
-0.36969122290611267 -0.05355555936694145 -0.0835493952035904
-0.34280428290367126 -0.05741244554519653 -0.05001422017812729
-0.34176868200302124 -0.04817986115813255 -0.06950163841247559
-0.36480197310447693 -0.05958087742328644 -0.07729607820510864
-0.34295734763145447 -0.04064566269516945 -0.06917613744735718
-0.3549315333366394 -0.06062421575188637 -0.07884242385625839
-0.3462899923324585 -0.05411551892757416 -0.08421950042247772
-0.35549548268318176 -0.03027278743684292 -0.0686829537153244
-0.34847292304039 -0.035554543137550354 -0.05787112936377525
-0.3476978838443756 -0.05902514606714249 -0.07221829146146774
-0.3710133731365204 -0.04292111098766327 -0.04412294924259186
-0.3732112944126129 -0.05279984325170517 -0.06411298364400864
-0.36963656544685364 -0.059338800609111786 -0.060137566179037094
-0.35826849937438965 -0.03252662718296051 -0.057778630405664444
-0.344036340713501 -0.03979171812534332 -0.06091045215725899
-0.361227810382843 -0.06211935356259346 -0.07274170964956284
-0.35181596875190735 -0.034230366349220276 -0.05050809681415558
-0.3671867549419403 -0.03728630393743515 -0.04846877604722977
-0.35502398014068604 -0.0654296875 -0.05316194146871567
-0.36292386054992676 -0.0643780305981636 -0.05518608167767525
-0.3597355782985687 -0.03383896127343178 -0.043839141726493835
-0.3691317141056061 -0.03969750180840492 -0.04270876571536064
-0.34807088971138 -0.0629277378320694 -0.04989025369286537
-0.37132054567337036 -0.04420004040002823 -0.03892931714653969
-0.37209776043891907 -0.05070814490318298 -0.027106352150440216
-0.34231245517730713 -0.041241422295570374 -0.02710111252963543
-0.3537048399448395 -0.06635233014822006 -0.027103181928396225
-0.34570735692977905 -0.06259643286466599 -0.02710687182843685
-0.33965232968330383 -0.05188242718577385 -0.027098990976810455
-0.36389750242233276 -0.06416055560112 -0.02710683085024357
-0.369489848613739 -0.05876883864402771 -0.027100395411252975
-0.3688882291316986 -0.03994772583246231 -0.03753164783120155
-0.3506845235824585 -0.03467334434390068 -0.027099963277578354
-0.3613186478614807 -0.034530218690633774 -0.027099983766674995
-0.3695305287837982 -0.04110874608159065 -0.027099967002868652
-0.3701755702495575 -0.042033251374959946 -0.035302113741636276
0.01410136092454195 -0.36081957817077637 -0.24207082390785217
0.014101340435445309 -0.3560199737548828 -0.23210300505161285
-0.0005828115390613675 -0.3592737317085266 -0.2368326634168625
-0.0005820335354655981 -0.3399756848812103 -0.22853372991085052
0.014101347886025906 -0.3395884931087494 -0.22866028547286987
-0.00124633451923728 -0.33728164434432983 -0.22950102388858795
0.014101095497608185 -0.33101823925971985 -0.23455984890460968
-0.001245026825927198 -0.33200711011886597 -0.23394113779067993
-0.0005824514082632959 -0.3540503680706024 -0.23068009316921234
0.01410114485770464 -0.3472727835178375 -0.2599676251411438
0.014101161621510983 -0.3579656779766083 -0.2536872923374176
-0.0012726691784337163 -0.35030505061149597 -0.25896382331848145
-0.0012466757325455546 -0.32897260785102844 -0.2402343899011612
-0.0005822985549457371 -0.34663304686546326 -0.2278204709291458
0.014101343229413033 -0.3470900356769562 -0.22795408964157104
-0.0005828824359923601 -0.35777547955513 -0.2533307671546936
-0.0005801382358185947 -0.36095431447029114 -0.24574701488018036
0.3046332597732544 -0.24348530173301697 0.013606451451778412
0.32469674944877625 -0.24990281462669373 0.014737937599420547
0.315838485956192 -0.24302679300308228 0.01352284848690033
0.30305206775665283 -0.2725001275539398 0.018722474575042725
0.2947453558444977 -0.2573791444301605 0.016052095219492912
0.29662638902664185 -0.26599475741386414 0.01757536642253399
0.3129650354385376 -0.2740975320339203 0.019004078581929207
0.29752978682518005 -0.24926170706748962 0.014624868519604206
0.32683297991752625 -0.2601751685142517 0.01654886081814766
0.32257041335105896 -0.2695200443267822 0.018196947872638702
0.30923089385032654 -0.2511189579963684 -0.03326424956321716
0.3244406580924988 -0.27464109659194946 -0.03050173819065094
0.3202260434627533 -0.2868812680244446 -0.07210270315408707
0.2949245572090149 -0.26851433515548706 -0.01535686757415533
0.29815909266471863 -0.261980265378952 -0.06475511938333511
0.295463889837265 -0.26295334100723267 -0.046904295682907104
0.2983691096305847 -0.280696839094162 -0.042399827390909195
0.32531556487083435 -0.26391464471817017 -0.04163182154297829
0.32621708512306213 -0.268197625875473 -0.03523184359073639
0.30266106128692627 -0.2835555076599121 -0.040413256734609604
0.3222182095050812 -0.256944477558136 -0.035356760025024414
0.3091333508491516 -0.2832815945148468 -0.030009742826223373
0.3191865086555481 -0.2513870298862457 -0.020898424088954926
0.31497064232826233 -0.2859441041946411 -0.04831019043922424
0.3244864046573639 -0.2785043716430664 -0.06919491291046143
0.2927238643169403 -0.27369317412376404 -0.06807100027799606
0.29408809542655945 -0.2807729244232178 -0.06658504158258438
0.31373026967048645 -0.25933918356895447 -0.07078888267278671
0.3068137764930725 -0.29122790694236755 -0.06952128559350967
0.30262938141822815 -0.2649000883102417 -0.09638440608978271
0.31450045108795166 -0.2997490465641022 -0.12236098945140839
0.32149985432624817 -0.2684786319732666 -0.08242610841989517
0.3167310059070587 -0.26820388436317444 -0.09900065511465073
0.32149457931518555 -0.28727054595947266 -0.08904176205396652
0.32262152433395386 -0.2784828841686249 -0.10063225030899048
0.2918093204498291 -0.2759697139263153 -0.10881856828927994
0.28993329405784607 -0.28134942054748535 -0.10705292969942093
0.2902580797672272 -0.2905120253562927 -0.11142526566982269
0.2959459722042084 -0.29364731907844543 -0.09801263362169266
0.30564337968826294 -0.2726006805896759 -0.13093145191669464
0.3003856837749481 -0.2965444028377533 -0.0982857197523117
0.29364171624183655 -0.2750742733478546 -0.12353360652923584
0.304527223110199 -0.3081270754337311 -0.14201824367046356
0.3048557937145233 -0.3119632303714752 -0.16191695630550385
0.3201252222061157 -0.29102998971939087 -0.11855809390544891
0.301064670085907 -0.3034747540950775 -0.12280233949422836
0.3193616271018982 -0.2871509790420532 -0.13042563199996948
0.31662964820861816 -0.27909961342811584 -0.13007935881614685
0.31033021211624146 -0.2745162844657898 -0.1323048323392868
0.29019370675086975 -0.2993275225162506 -0.12916810810565948
0.29023250937461853 -0.30711737275123596 -0.14702436327934265
0.28680434823036194 -0.2845867872238159 -0.15450163185596466
0.28486648201942444 -0.2889687120914459 -0.1471983790397644
0.3130970597267151 -0.30306971073150635 -0.15303394198417664
0.2852979004383087 -0.293577641248703 -0.13954047858715057
0.2904421389102936 -0.2845560312271118 -0.17161154747009277
0.2933637499809265 -0.3142743408679962 -0.1615663319826126
0.31396448612213135 -0.29715290665626526 -0.16029587388038635
0.3121836483478546 -0.2905547022819519 -0.16221196949481964
0.30737707018852234 -0.28719839453697205 -0.16853119432926178
0.3002977669239044 -0.28572744131088257 -0.17466476559638977
0.2799999713897705 -0.2969680726528168 -0.16358478367328644
0.293696790933609 -0.2851250469684601 -0.1760467290878296
0.28350114822387695 -0.30499690771102905 -0.15640470385551453
0.27274471521377563 -0.3027094900608063 -0.18363961577415466
0.3068840205669403 -0.3018905222415924 -0.18438537418842316
0.3017043471336365 -0.3156379759311676 -0.18098002672195435
0.30641135573387146 -0.3093717694282532 -0.18039827048778534
0.27974045276641846 -0.30236783623695374 -0.16439704596996307
0.27801358699798584 -0.31096023321151733 -0.1745409220457077
0.2776185870170593 -0.2943090498447418 -0.18137489259243011
0.28405818343162537 -0.3159964382648468 -0.17286808788776398
0.30184030532836914 -0.2938540279865265 -0.18791456520557404
0.2800808548927307 -0.32873809337615967 -0.20415577292442322
0.2852591574192047 -0.29269590973854065 -0.19904543459415436
0.27799192070961 -0.2939436733722687 -0.1952088475227356
0.29844680428504944 -0.31269174814224243 -0.20256514847278595
0.27130717039108276 -0.3100413978099823 -0.1861553192138672
0.27133291959762573 -0.3185877501964569 -0.19092273712158203
0.29859545826911926 -0.30564817786216736 -0.20274721086025238
0.2767711579799652 -0.32310423254966736 -0.19145385921001434
0.2920742630958557 -0.2998829185962677 -0.20707888901233673
0.2884010076522827 -0.29510948061943054 -0.20320162177085876
0.286651611328125 -0.3264084458351135 -0.20487163960933685
0.29751652479171753 -0.3181536793708801 -0.1960173100233078
0.2680959403514862 -0.3006919324398041 -0.20119807124137878
0.2665768265724182 -0.3056544363498688 -0.19592852890491486
0.29006415605545044 -0.3093728721141815 -0.21615450084209442
0.26847919821739197 -0.32856592535972595 -0.2041914314031601
0.2639121413230896 -0.3019828498363495 -0.21723908185958862
0.28748926520347595 -0.32327723503112793 -0.21520604193210602
0.2844061553478241 -0.3185358941555023 -0.2235133945941925
0.26269054412841797 -0.31649789214134216 -0.1994144171476364
0.26351311802864075 -0.3246142864227295 -0.20293843746185303
0.2560608386993408 -0.30688682198524475 -0.2141944169998169
0.27948489785194397 -0.305245578289032 -0.22325482964515686
0.27811047434806824 -0.3108474314212799 -0.22824321687221527
0.26902011036872864 -0.33228233456611633 -0.21094192564487457
0.2753499746322632 -0.301491379737854 -0.2201022505760193
0.2567439079284668 -0.31369999051094055 -0.2067115306854248
0.2523886561393738 -0.32354235649108887 -0.21028485894203186
0.2699495553970337 -0.3169965147972107 -0.2365460842847824
0.26059186458587646 -0.30663272738456726 -0.23165297508239746
0.26109829545021057 -0.3379419445991516 -0.22788801789283752
0.27505868673324585 -0.33159610629081726 -0.22267067432403564
0.27253732085227966 -0.324575275182724 -0.23425397276878357
0.25031957030296326 -0.3302071690559387 -0.21403303742408752
0.25209346413612366 -0.336545467376709 -0.21936336159706116
0.25923287868499756 -0.3137485682964325 -0.24016335606575012
0.24820855259895325 -0.3081263601779938 -0.22885671257972717
0.2673330307006836 -0.3310014605522156 -0.23536176979541779
0.24410562217235565 -0.3192267417907715 -0.21610742807388306
0.23545578122138977 -0.3289933204650879 -0.2194441705942154
0.24488362669944763 -0.3127498924732208 -0.21957392990589142
0.25565966963768005 -0.3374057412147522 -0.2386683225631714
0.23374532163143158 -0.34560683369636536 -0.23526786267757416
0.2428690642118454 -0.3148099482059479 -0.24472841620445251
0.2440083771944046 -0.321588397026062 -0.2494337260723114
0.25678661465644836 -0.3262994587421417 -0.2451011687517166
0.2376156747341156 -0.33540886640548706 -0.22115810215473175
0.23549507558345795 -0.3280399739742279 -0.2533591687679291
0.23180723190307617 -0.31908127665519714 -0.22369368374347687
0.22296005487442017 -0.3283115327358246 -0.22350460290908813
0.22780145704746246 -0.34157609939575195 -0.22706183791160583
0.232942596077919 -0.34533268213272095 -0.24313192069530487
0.24837619066238403 -0.33424511551856995 -0.24692150950431824
0.2328042984008789 -0.3148713707923889 -0.22790275514125824
0.24052266776561737 -0.34014496207237244 -0.24671894311904907
0.22425925731658936 -0.3148197829723358 -0.2383105307817459
0.22311531007289886 -0.3231617510318756 -0.25356441736221313
0.21112316846847534 -0.34803876280784607 -0.23431454598903656
0.21756255626678467 -0.3183109164237976 -0.24831253290176392
0.19572128355503082 -0.3199516236782074 -0.24360163509845734
0.21860526502132416 -0.318490207195282 -0.23118244111537933
0.23313631117343903 -0.3354410231113434 -0.2530345916748047
0.21896393597126007 -0.34327399730682373 -0.2534372806549072
0.20735299587249756 -0.3397098481655121 -0.22736141085624695
0.21158577501773834 -0.3258921504020691 -0.22751381993293762
0.21354758739471436 -0.3379499018192291 -0.2574002146720886
0.2078510969877243 -0.3309297561645508 -0.2583252191543579
0.20363566279411316 -0.3510417938232422 -0.23953425884246826
0.20748218894004822 -0.3232937157154083 -0.2542179822921753
0.20050324499607086 -0.3518811762332916 -0.24412159621715546
0.19125936925411224 -0.3474600911140442 -0.2320774346590042
0.19672180712223053 -0.3347477614879608 -0.22755153477191925
0.20039837062358856 -0.35025593638420105 -0.25065770745277405
0.19306041300296783 -0.3223130702972412 -0.23629002273082733
0.1959809809923172 -0.326229989528656 -0.23076564073562622
0.17350928485393524 -0.33535340428352356 -0.22932468354701996
0.18663935363292694 -0.3459377586841583 -0.2584044635295868
0.1813262552022934 -0.33998891711235046 -0.2607133388519287
0.17339220643043518 -0.3341524302959442 -0.2604399025440216
0.17906640470027924 -0.33028173446655273 -0.2586914598941803
0.10659869760274887 -0.3333221673965454 -0.2570485472679138
0.15747112035751343 -0.32479962706565857 -0.2478957623243332
0.17617039382457733 -0.3272387385368347 -0.23325403034687042
0.15110011398792267 -0.35724014043807983 -0.24421249330043793
0.15337006747722626 -0.3563970625400543 -0.25027915835380554
0.16780869662761688 -0.35373780131340027 -0.2530251145362854
0.15446825325489044 -0.3467699885368347 -0.2602371275424957
0.14917153120040894 -0.3411004841327667 -0.26137974858283997
0.13564300537109375 -0.32761257886886597 -0.25188392400741577
0.15065625309944153 -0.32517245411872864 -0.2438211590051651
0.16070929169654846 -0.3430863618850708 -0.22932888567447662
0.14774122834205627 -0.326635479927063 -0.23872706294059753
0.1480705291032791 -0.3561697006225586 -0.23876319825649261
0.14656242728233337 -0.3511911928653717 -0.2581125795841217
0.14501754939556122 -0.3306131660938263 -0.23340559005737305
0.10196322947740555 -0.3560556471347809 -0.23403948545455933
0.07739219069480896 -0.35308629274368286 -0.23056460916996002
0.12556195259094238 -0.3375054895877838 -0.22984474897384644
0.11783260852098465 -0.3546062707901001 -0.25634273886680603
0.07192685455083847 -0.34049615263938904 -0.2596273720264435
0.07024071365594864 -0.34693682193756104 -0.22799448668956757
0.07914154976606369 -0.33218589425086975 -0.254611998796463
0.08098653703927994 -0.3283059298992157 -0.24472858011722565
0.09690406918525696 -0.3594837486743927 -0.24005694687366486
0.09142731130123138 -0.3294483423233032 -0.23772670328617096
0.065088652074337 -0.3607904016971588 -0.24497663974761963
0.0939314216375351 -0.3333960175514221 -0.23237395286560059
0.09250127524137497 -0.35864493250846863 -0.25143957138061523
0.034111250191926956 -0.3523238003253937 -0.25819292664527893
0.06030142307281494 -0.34630656242370605 -0.25997215509414673
0.0702744871377945 -0.32963332533836365 -0.2498934417963028
0.034102797508239746 -0.3407018482685089 -0.22830909490585327
0.03410131484270096 -0.3329906165599823 -0.2322269082069397
0.03410634025931358 -0.33662280440330505 -0.2577302157878876
0.03410426154732704 -0.3559865355491638 -0.2323840707540512
0.03411578759551048 -0.35997721552848816 -0.23804336786270142
0.03410143032670021 -0.3595767021179199 -0.2507920265197754
0.034101348370313644 -0.32856810092926025 -0.24212564527988434
0.034101326018571854 -0.3440743088722229 -0.2602135241031647
0.03410136327147484 -0.34877991676330566 -0.22820250689983368
-0.0012468155473470688 -0.34238383173942566 -0.259972482919693
0.03410133719444275 -0.3304537534713745 -0.2519533038139343
0.014101339504122734 -0.32862499356269836 -0.2463650405406952
-0.0012442859588190913 -0.3296715021133423 -0.24998006224632263
-0.0012456815456971526 -0.33483195304870605 -0.25660932064056396
0.014101305045187473 -0.33499976992607117 -0.2575037479400635
-0.03910993039608002 -0.35130709409713745 -0.22874408960342407
-0.09212341904640198 -0.34769290685653687 -0.22738386690616608
-0.030761709436774254 -0.33620262145996094 -0.2571633756160736
-0.03627887740731239 -0.3572481870651245 -0.23258620500564575
-0.03531727194786072 -0.33240124583244324 -0.25315138697624207
-0.029152248054742813 -0.36076289415359497 -0.23937025666236877
-0.04108384624123573 -0.3304181396961212 -0.2488475739955902
-0.030240461230278015 -0.3292602300643921 -0.2445124238729477
-0.03489645570516586 -0.3614675998687744 -0.24625715613365173
-0.030487656593322754 -0.3577956557273865 -0.2541733384132385
-0.3001754879951477 -0.01273065060377121 -0.22744162380695343
-0.2998094856739044 -0.022729219868779182 -0.22811752557754517
-0.3008228838443756 -0.020161064341664314 -0.22610652446746826
-0.290409117937088 -0.02609272114932537 -0.22811110317707062
-0.29095906019210815 -0.027019746601581573 -0.226117342710495
-0.29228124022483826 -0.007247406989336014 -0.2281017303466797
-0.29045844078063965 -0.007173378486186266 -0.22610719501972198
-0.2833174169063568 -0.013548539020121098 -0.22811104357242584
-0.2842271625995636 -0.011045431718230247 -0.22611349821090698
-0.28219032287597656 -0.019470417872071266 -0.22611837089061737
-0.2841601073741913 -0.021985815837979317 -0.22810475528240204
-0.29172998666763306 -0.010189345106482506 -0.22810927033424377
-0.29923170804977417 -0.015944158658385277 -0.22810959815979004
-0.28472259640693665 -0.016321050003170967 -0.2281091958284378
-0.2921919524669647 -0.024145768955349922 -0.22810885310173035
-0.2964325547218323 -0.0220868568867445 -0.2361093908548355
-0.290670245885849 -0.023559562861919403 -0.23610877990722656
-0.2880837023258209 -0.011333043687045574 -0.23610921204090118
-0.28528881072998047 -0.018858565017580986 -0.23610921204090118
-0.29869988560676575 -0.016489187255501747 -0.23610903322696686
-0.2954394519329071 -0.011141709983348846 -0.23610936105251312
-0.32112887501716614 -0.02950000762939453 -0.2236718088388443
-0.31124594807624817 -0.029500003904104233 -0.2294541448354721
-0.307653546333313 -0.029500003904104233 -0.24125726521015167
-0.3400770127773285 -0.029500003904104233 -0.23637884855270386
-0.3376255929470062 -0.029500003904104233 -0.2488752007484436
-0.32645338773727417 -0.029500003904104233 -0.2560218572616577
-0.3328574597835541 -0.029500003904104233 -0.22588850557804108
-0.31367361545562744 -0.029500003904104233 -0.25247904658317566
-0.339461088180542 -0.25050002336502075 -0.24272000789642334
-0.33461400866508484 -0.25050002336502075 -0.25229957699775696
-0.3393704295158386 -0.22550003230571747 -0.2433871328830719
-0.3358692526817322 -0.22550003230571747 -0.25046175718307495
-0.32810401916503906 -0.22550003230571747 -0.25615254044532776
-0.32304704189300537 -0.25050002336502075 -0.2569754123687744
-0.3172391951084137 -0.22550003230571747 -0.2559722363948822
-0.3113345801830292 -0.2504884600639343 -0.25284382700920105
-0.3090224266052246 -0.22550006210803986 -0.25020116567611694
-0.30869147181510925 -0.24460291862487793 -0.24932816624641418
-0.3063325881958008 -0.24351508915424347 -0.24378660321235657
-0.3058125376701355 -0.22550003230571747 -0.24206368625164032
-0.3059433400630951 -0.24211810529232025 -0.23742914199829102
-0.30444201827049255 -0.22550001740455627 -0.22374899685382843
-0.3057766258716583 -0.25050002336502075 -0.22374901175498962
-0.30389732122421265 -0.25051215291023254 -0.24227839708328247
-0.30444589257240295 -0.22550003230571747 -0.24651387333869934
-0.34125491976737976 -0.25050002336502075 -0.24466712772846222
-0.34130293130874634 -0.22550003230571747 -0.24415741860866547
-0.334457129240036 -0.22550003230571747 -0.2551394999027252
-0.33482638001441956 -0.25050002336502075 -0.2545706629753113
-0.32534223794937134 -0.25050002336502075 -0.25864988565444946
-0.32218480110168457 -0.22550003230571747 -0.258888304233551
-0.314334511756897 -0.250499963760376 -0.25711435079574585
-0.3126092255115509 -0.22550003230571747 -0.25597894191741943
-0.3065221607685089 -0.25050002336502075 -0.24987775087356567
-0.3408786356449127 -0.22550001740455627 -0.22374899685382843
-0.3398776948451996 -0.25050002336502075 -0.22374901175498962
-0.30506521463394165 -0.2505126893520355 -0.2355269342660904
-0.3064439296722412 -0.22550001740455627 -0.22374899685382843
-0.33887672424316406 -0.22550001740455627 -0.22374899685382843
-0.305400013923645 -0.22550001740455627 -0.21949002146720886
-0.3399345874786377 -0.25050002336502075 -0.2194826900959015
-0.30547034740448 -0.25050002336502075 -0.219414621591568
-0.34010714292526245 -0.22550003230571747 -0.2196696400642395
-0.266396701335907 -0.17300006747245789 -0.17388145625591278
-0.2618314027786255 -0.16500002145767212 -0.1730419248342514
-0.26970699429512024 -0.1649993658065796 -0.1779189109802246
-0.259340763092041 -0.17299996316432953 -0.17444445192813873
-0.2565845847129822 -0.16499972343444824 -0.1781059205532074
-0.2696840465068817 -0.17300015687942505 -0.18121686577796936
-0.2656570076942444 -0.164999321103096 -0.1865495890378952
-0.262723833322525 -0.17300041019916534 -0.18728700280189514
-0.25768667459487915 -0.1649996042251587 -0.18421299755573273
-0.2560560703277588 -0.17299939692020416 -0.1802036166191101
-0.26750805974006653 -0.16300247609615326 -0.18818344175815582
-0.2560179531574249 -0.1629921942949295 -0.18700896203517914
-0.2660907804965973 -0.16500337421894073 -0.1889398843050003
-0.25475361943244934 -0.1630069464445114 -0.17552873492240906
-0.2536976635456085 -0.16499708592891693 -0.18052272498607635
-0.2575230300426483 -0.1649956852197647 -0.1874312311410904
-0.2720702290534973 -0.16499288380146027 -0.18210908770561218
-0.2725217342376709 -0.16299349069595337 -0.17898139357566833
-0.2687601149082184 -0.1650126576423645 -0.17215104401111603
-0.2641201913356781 -0.16299885511398315 -0.1704423725605011
-0.257332980632782 -0.1649927794933319 -0.17252027988433838
-0.2992820739746094 -0.17299966514110565 -0.17655189335346222
-0.29137924313545227 -0.16500000655651093 -0.17325083911418915
-0.2985515892505646 -0.16500025987625122 -0.17601275444030762
-0.28622007369995117 -0.17300014197826385 -0.17826972901821136
-0.28648391366004944 -0.16499993205070496 -0.17832782864570618
-0.2989141345024109 -0.16500025987625122 -0.183615043759346
-0.29711994528770447 -0.17299962043762207 -0.18561720848083496
-0.2895919382572174 -0.16499952971935272 -0.18642258644104004
-0.28931379318237305 -0.17299985885620117 -0.18575289845466614
-0.2918119728565216 -0.17299968004226685 -0.17336110770702362
-0.2847956418991089 -0.16299621760845184 -0.185120090842247
-0.28607314825057983 -0.16300088167190552 -0.17361441254615784
-0.2832821011543274 -0.16500402987003326 -0.1794692426919937
-0.2884456217288971 -0.1649939864873886 -0.18809625506401062
-0.30157041549682617 -0.1629958599805832 -0.18330834805965424
-0.29553109407424927 -0.1629955917596817 -0.18897920846939087
-0.2976686358451843 -0.16500608623027802 -0.18821582198143005
-0.3022214472293854 -0.16500133275985718 -0.18069657683372498
-0.30069035291671753 -0.16299419105052948 -0.17427559196949005
-0.2987898886203766 -0.16500568389892578 -0.1725502461194992
-0.2969633638858795 -0.1630164384841919 -0.16956302523612976
-0.2895573675632477 -0.16499699652194977 -0.17137739062309265
-0.2507771849632263 -0.16299985349178314 -0.17426522076129913
-0.2577722668647766 -0.1630001962184906 -0.19161656498908997
-0.25107342004776 -0.1599375307559967 -0.18735316395759583
-0.2510598301887512 -0.16299304366111755 -0.1869075894355774
-0.3451859951019287 -0.25784388184547424 -0.22020022571086884
-0.34522920846939087 -0.25732648372650146 -0.22344692051410675
-0.3401179015636444 -0.26570335030555725 -0.2202357053756714
-0.30015799403190613 -0.25878721475601196 -0.22000373899936676
-0.3070027828216553 -0.2651379704475403 -0.21725217998027802
-0.3036923408508301 -0.2652716040611267 -0.2203984409570694
-0.33910679817199707 -0.2649415135383606 -0.21734410524368286
-0.30014121532440186 -0.25615763664245605 -0.22368746995925903
-0.3001640737056732 -0.16366776823997498 -0.2201690375804901
-0.298656165599823 -0.16300086677074432 -0.20775386691093445
-0.28503668308258057 -0.16299894452095032 -0.19312961399555206
-0.30150842666625977 -0.16300010681152344 -0.16989140212535858
-0.3445400297641754 -0.1629975140094757 -0.20386676490306854
-0.30016034841537476 -0.16304554045200348 -0.22338160872459412
-0.3451603353023529 -0.16327238082885742 -0.22344273328781128
-0.32365888357162476 -0.16526377201080322 -0.22370879352092743
-0.3271677494049072 -0.21353819966316223 -0.2239692658185959
-0.3451603353023529 -0.16359974443912506 -0.2200932800769806
-0.3228124678134918 -0.2500602602958679 -0.2237856686115265
-0.31952163577079773 -0.22354423999786377 -0.22417506575584412
-0.03929968923330307 -0.3306838274002075 -0.23785877227783203
-0.0012492453679442406 -0.33215031027793884 -0.23326745629310608
-0.05231573432683945 -0.3429837226867676 -0.2594914138317108
-0.13296480476856232 -0.35159799456596375 -0.2590368986129761
-0.1509954333305359 -0.3421078324317932 -0.25634005665779114
-0.12441222369670868 -0.3636215925216675 -0.2343110293149948
-0.11314009875059128 -0.36555635929107666 -0.24222390353679657
-0.1276399791240692 -0.3340626060962677 -0.24451354146003723
-0.12171594053506851 -0.33425211906433105 -0.23897291719913483
-0.11356261372566223 -0.364236056804657 -0.2496691346168518
-0.12872953712940216 -0.343234121799469 -0.22835330665111542
-0.1199631616473198 -0.35635918378829956 -0.25778451561927795
-0.14340397715568542 -0.3572347164154053 -0.22811071574687958
-0.13472574949264526 -0.3360503613948822 -0.2506271004676819
-0.1344938725233078 -0.3375420868396759 -0.2330954372882843
-0.13198038935661316 -0.36125490069389343 -0.2547680139541626
-0.18381135165691376 -0.3442930281162262 -0.2572355568408966
-0.17107483744621277 -0.3510843813419342 -0.22634351253509521
-0.16307929158210754 -0.3352505564689636 -0.24781082570552826
-0.16810676455497742 -0.3610552251338959 -0.23031635582447052
-0.16814781725406647 -0.3362109363079071 -0.2346983104944229
-0.1687045693397522 -0.36568742990493774 -0.23710836470127106
-0.16596312820911407 -0.3665521740913391 -0.24254591763019562
-0.14870908856391907 -0.3659117817878723 -0.24775713682174683
-0.17652156949043274 -0.3411938548088074 -0.22905045747756958
-0.18023306131362915 -0.35599109530448914 -0.2573528587818146
-0.19290591776371002 -0.3358951807022095 -0.25113341212272644
-0.1686038076877594 -0.3343035578727722 -0.2409667819738388
-0.19108954071998596 -0.34368717670440674 -0.2271101325750351
-0.17703624069690704 -0.36440613865852356 -0.2500361204147339
-0.19265934824943542 -0.3610832691192627 -0.25316157937049866
-0.20258685946464539 -0.36094510555267334 -0.23189736902713776
-0.21367575228214264 -0.3622475564479828 -0.2361716479063034
-0.1993992179632187 -0.36475494503974915 -0.24225981533527374
-0.21700535714626312 -0.3448019325733185 -0.25772151350975037
-0.2067362368106842 -0.33751150965690613 -0.25419265031814575
-0.19313982129096985 -0.33301153779029846 -0.24366331100463867
-0.21790587902069092 -0.3499741852283478 -0.22594816982746124
-0.20690220594406128 -0.35603824257850647 -0.22797639667987823
-0.2047712802886963 -0.3346156179904938 -0.2329840213060379
-0.22061240673065186 -0.3294782340526581 -0.24339893460273743
-0.20834405720233917 -0.36252614855766296 -0.24808849394321442
-0.22566573321819305 -0.36119726300239563 -0.2433139979839325
-0.2047424167394638 -0.332231342792511 -0.23809978365898132
-0.22867433726787567 -0.35537803173065186 -0.25357043743133545
-0.21886076033115387 -0.3514001667499542 -0.256998211145401
-0.22885863482952118 -0.3402998447418213 -0.2258693426847458
-0.22686360776424408 -0.3350532650947571 -0.22855186462402344
-0.23820610344409943 -0.3534476161003113 -0.22957316040992737
-0.24458301067352295 -0.35540711879730225 -0.24819017946720123
-0.23237808048725128 -0.3342239558696747 -0.2547959089279175
-0.24733728170394897 -0.3343346118927002 -0.25639182329177856
-0.224422886967659 -0.33002784848213196 -0.24818918108940125
-0.2435149997472763 -0.35697802901268005 -0.23813804984092712
-0.2405371516942978 -0.3279252350330353 -0.25076550245285034
-0.24946588277816772 -0.32309117913246155 -0.24765442311763763
-0.24530425667762756 -0.32288458943367004 -0.24071872234344482
-0.23441141843795776 -0.32740458846092224 -0.23577813804149628
-0.24397395551204681 -0.3286805748939514 -0.2295321822166443
-0.2510589361190796 -0.34308701753616333 -0.25663653016090393
-0.27094167470932007 -0.329917848110199 -0.2246808260679245
-0.25462275743484497 -0.34328019618988037 -0.22620277106761932
-0.273192435503006 -0.32732605934143066 -0.2567569613456726
-0.25995808839797974 -0.3470056653022766 -0.22991874814033508
-0.26044952869415283 -0.3501412868499756 -0.2341826856136322
-0.25915324687957764 -0.32514315843582153 -0.25418585538864136
-0.2656814754009247 -0.3498080372810364 -0.2417108565568924
-0.25424543023109436 -0.3486769497394562 -0.25275853276252747
-0.2521839439868927 -0.3213561475276947 -0.23544979095458984
-0.2695334255695343 -0.32130715250968933 -0.2263243943452835
-0.2666960656642914 -0.31491363048553467 -0.23341667652130127
-0.2823224663734436 -0.3301578164100647 -0.2554132342338562
-0.2780793309211731 -0.3336646556854248 -0.22630666196346283
-0.28129443526268005 -0.33724984526634216 -0.23015841841697693
-0.28050047159194946 -0.34156808257102966 -0.2365863025188446
-0.2700159251689911 -0.3171059489250183 -0.2524542510509491
-0.27590882778167725 -0.3420751988887787 -0.24945634603500366
-0.28235626220703125 -0.3405577540397644 -0.2445833683013916
-0.26196950674057007 -0.3156817853450775 -0.24195334315299988
-0.2777908146381378 -0.3372915983200073 -0.2530078589916229
-0.28483226895332336 -0.31070607900619507 -0.2547241747379303
-0.2959546744823456 -0.32957130670547485 -0.23319269716739655
-0.27110955119132996 -0.31182610988616943 -0.24733109772205353
-0.29576972126960754 -0.3315073847770691 -0.2432311773300171
-0.27729371190071106 -0.30521827936172485 -0.2404487133026123
-0.2775636315345764 -0.3111262917518616 -0.2290501594543457
-0.3088795244693756 -0.2993360459804535 -0.22444477677345276
-0.2842530608177185 -0.304313987493515 -0.2512316107749939
-0.29820653796195984 -0.31911200284957886 -0.2265140265226364
-0.2852226793766022 -0.29858002066612244 -0.24549561738967896
-0.2959212362766266 -0.3270030617713928 -0.2504872977733612
-0.30251267552375793 -0.31282633543014526 -0.25490060448646545
-0.2839972674846649 -0.30085551738739014 -0.2336210012435913
-0.30683156847953796 -0.32069599628448486 -0.23669098317623138
-0.3000766932964325 -0.2982988655567169 -0.2557276487350464
-0.2946278154850006 -0.3034861981868744 -0.22496068477630615
-0.29043254256248474 -0.2972927689552307 -0.2293325662612915
-0.295122891664505 -0.292642205953598 -0.25233766436576843
-0.31216391921043396 -0.31270620226860046 -0.24720054864883423
-0.3123045563697815 -0.3104130029678345 -0.23111791908740997
-0.3122492730617523 -0.3040696084499359 -0.2274341732263565
-0.2884133458137512 -0.29302269220352173 -0.23946784436702728
-0.31073197722435 -0.29292842745780945 -0.2559618651866913
-0.31066349148750305 -0.31660452485084534 -0.24284470081329346
-0.31680065393447876 -0.27600938081741333 -0.22388365864753723
-0.31291183829307556 -0.30471667647361755 -0.2521771788597107
-0.2962215542793274 -0.28049319982528687 -0.2435242384672165
-0.32382842898368835 -0.2927999794483185 -0.24690786004066467
-0.299731582403183 -0.27959761023521423 -0.24978099763393402
-0.3232004940509796 -0.28348562121391296 -0.25254321098327637
-0.2959831953048706 -0.2807188034057617 -0.23705892264842987
-0.3226562738418579 -0.291761577129364 -0.230402410030365
-0.29902753233909607 -0.2811043858528137 -0.2300090342760086
-0.321079283952713 -0.30173441767692566 -0.2389833927154541
-0.3023790717124939 -0.28768208622932434 -0.2255914807319641
-0.30630674958229065 -0.2690905034542084 -0.22738541662693024
-0.3212263286113739 -0.28196340799331665 -0.2258700132369995
-0.3102400004863739 -0.2741124927997589 -0.2552658021450043
-0.314503014087677 -0.26646554470062256 -0.22416990995407104
-0.3050495982170105 -0.2661537826061249 -0.25046026706695557
-0.3275656998157501 -0.2870841324329376 -0.2364625483751297
-0.3308442533016205 -0.2781941592693329 -0.2438100427389145
-0.3017026484012604 -0.2664918899536133 -0.23493586480617523
-0.3211957812309265 -0.2684442102909088 -0.25567206740379333
-0.33073505759239197 -0.2559114098548889 -0.22735440731048584
-0.33067917823791504 -0.27206119894981384 -0.23172779381275177
-0.334628164768219 -0.26431208848953247 -0.23692576587200165
-0.3022793233394623 -0.26321038603782654 -0.2431238889694214
-0.3348163366317749 -0.25508981943130493 -0.24732157588005066
-0.3298787474632263 -0.2357378602027893 -0.22505606710910797
-0.31063392758369446 -0.2461176961660385 -0.2279735952615738
-0.31617704033851624 -0.24732914566993713 -0.254993200302124
-0.3352874517440796 -0.24764779210090637 -0.23129431903362274
-0.3368666470050812 -0.25272586941719055 -0.24141694605350494
-0.33070090413093567 -0.2538192570209503 -0.25240281224250793
-0.3275269567966461 -0.23116523027420044 -0.2552907466888428
-0.30852413177490234 -0.21747508645057678 -0.24467833340168
-0.3109346926212311 -0.21987535059452057 -0.23007842898368835
-0.33850404620170593 -0.23594549298286438 -0.23577195405960083
-0.31658777594566345 -0.21108774840831757 -0.254006028175354
-0.33585861325263977 -0.21392394602298737 -0.22890152037143707
-0.31172293424606323 -0.21465817093849182 -0.25028538703918457
-0.3398800790309906 -0.21809926629066467 -0.23946626484394073
-0.33948081731796265 -0.2178640067577362 -0.24352224171161652
-0.3078960180282593 -0.21318000555038452 -0.2405829131603241
-0.33704113960266113 -0.21749825775623322 -0.24894846975803375
-0.30836722254753113 -0.21390071511268616 -0.23544444143772125
-0.3320174515247345 -0.2194855660200119 -0.25360798835754395
-0.31409093737602234 -0.2134416103363037 -0.22694943845272064
-0.33891764283180237 -0.2060582935810089 -0.2337544858455658
0.03410134091973305 -0.3675272464752197 -0.22221411764621735
0.03440461307764053 -0.3807034194469452 -0.21994416415691376
0.03328949585556984 -0.3827003538608551 -0.22194157540798187
0.03334081545472145 -0.3054880201816559 -0.22193096578121185
0.03342415392398834 -0.30518588423728943 -0.21994945406913757
0.03410133346915245 -0.32052430510520935 -0.22223058342933655
0.034101493656635284 -0.32182472944259644 -0.2591201066970825
0.03410119563341141 -0.3661935329437256 -0.259190171957016
0.013680932112038136 -0.3802986443042755 -0.21993833780288696
0.014101346023380756 -0.367465078830719 -0.2222466617822647
0.01434189174324274 -0.38111451268196106 -0.2219422310590744
0.014803054742515087 -0.30518218874931335 -0.21995016932487488
0.01490116212517023 -0.3054940402507782 -0.2219315767288208
0.014101355336606503 -0.3205922245979309 -0.22228126227855682
0.014101441949605942 -0.32183200120925903 -0.25910675525665283
0.014101400040090084 -0.3660701513290405 -0.2592761516571045
0.0015977087896317244 -0.2336176037788391 -0.22043703496456146
0.04660496488213539 -0.2335820496082306 -0.22045299410820007
0.00158882443793118 -0.2339114248752594 -0.21717225015163422
0.013296195305883884 -0.3802502751350403 -0.21694332361221313
0.04661393538117409 -0.23414453864097595 -0.2171081155538559
0.03484285622835159 -0.38038843870162964 -0.21694323420524597
0.030102092772722244 -0.3838571608066559 -0.21993933618068695
0.02369512990117073 -0.3846975266933441 -0.2169279009103775
0.0249258354306221 -0.38404420018196106 -0.22313952445983887
0.017165305092930794 -0.38366833329200745 -0.22105634212493896
0.046601347625255585 -0.23025773465633392 -0.2205497771501541
0.04622022807598114 -0.23301416635513306 -0.23853431642055511
0.046430304646492004 -0.23001864552497864 -0.23708908259868622
0.0016806412022560835 -0.23001743853092194 -0.23661492764949799
0.002183315809816122 -0.23302513360977173 -0.23716530203819275
0.001601345487870276 -0.23019839823246002 -0.22077181935310364
0.04232963174581528 -0.23001700639724731 -0.2425054907798767
0.035776473581790924 -0.2300208956003189 -0.23450861871242523
0.006494932342320681 -0.23001408576965332 -0.2313963770866394
0.011621670797467232 -0.23001523315906525 -0.2283065766096115
0.0262781772762537 -0.23076573014259338 -0.23237618803977966
0.030019041150808334 -0.23001591861248016 -0.2376110702753067
0.015966689214110374 -0.2300240844488144 -0.23210713267326355
0.010936333797872066 -0.23002518713474274 -0.23827417194843292
0.005328596569597721 -0.2300231158733368 -0.2423386573791504
0.028521711006760597 -0.23002086579799652 -0.22883513569831848
0.03393116593360901 -0.23002488911151886 -0.22916755080223083
0.02559852786362171 -0.2330181896686554 -0.22527740895748138
0.005430823192000389 -0.2330377995967865 -0.22467322647571564
0.018616387620568275 -0.23301702737808228 -0.22665150463581085
0.04081093892455101 -0.2330181896686554 -0.24277102947235107
0.039580732583999634 -0.23300737142562866 -0.23712508380413055
0.028832726180553436 -0.23302501440048218 -0.24234731495380402
0.03709695115685463 -0.23300053179264069 -0.22509178519248962
0.006008938420563936 -0.23301616311073303 -0.24256809055805206
0.01224189717322588 -0.23301446437835693 -0.24222861230373383
0.021322598680853844 -0.23303566873073578 -0.23420503735542297
0.011874370276927948 -0.23464810848236084 -0.22873789072036743
0.014902225695550442 -0.23297367990016937 -0.2301967889070511
0.0070980931632220745 -0.23467852175235748 -0.23094695806503296
0.01444945763796568 -0.23363545536994934 -0.23589693009853363
0.010711392387747765 -0.23375725746154785 -0.23722676932811737
0.007765912916511297 -0.23329433798789978 -0.23586441576480865
0.02968379482626915 -0.23450277745723724 -0.22876468300819397
0.034560032188892365 -0.2330683171749115 -0.2296016812324524
0.034796979278326035 -0.23366008698940277 -0.23569031059741974
0.028346965089440346 -0.23333202302455902 -0.23657281696796417
0.01715146005153656 -0.3796057105064392 -0.22192038595676422
0.031241703778505325 -0.3792197108268738 -0.22193259000778198
0.028198840096592903 -0.37081214785575867 -0.2219190150499344
0.01941516436636448 -0.37124767899513245 -0.22198161482810974
0.021359093487262726 -0.30408933758735657 -0.22288626432418823
0.016661223024129868 -0.31050577759742737 -0.22192420065402985
0.029705334454774857 -0.3152587413787842 -0.22296598553657532
0.020455610007047653 -0.31752270460128784 -0.22267860174179077
0.03069200925529003 -0.3089413344860077 -0.2226806879043579
0.026654893532395363 -0.30450868606567383 -0.2231590896844864
0.027342474088072777 -0.3763431906700134 -0.23612625896930695
0.022025037556886673 -0.37424802780151367 -0.23613184690475464
0.022584274411201477 -0.37252289056777954 -0.23144321143627167
0.023329468443989754 -0.38037335872650146 -0.23612211644649506
0.019848737865686417 -0.37614887952804565 -0.23147712647914886
0.027273423969745636 -0.37831220030784607 -0.23143719136714935
0.020940089598298073 -0.38028624653816223 -0.2314358651638031
0.028128737583756447 -0.3809274137020111 -0.23144349455833435
0.027832819148898125 -0.37321072816848755 -0.23145973682403564
0.019321884959936142 -0.3746258318424225 -0.228346586227417
0.022531580179929733 -0.3703515827655792 -0.2234540432691574
0.028581097722053528 -0.37410789728164673 -0.22834816575050354
0.023744167760014534 -0.3716672360897064 -0.2283204197883606
0.029063580557703972 -0.3791359066963196 -0.22834309935569763
0.02478589490056038 -0.3825227618217468 -0.2283245176076889
0.019528865814208984 -0.37970155477523804 -0.22825384140014648
0.018811060115695 -0.3809967041015625 -0.22343042492866516
0.017610082402825356 -0.3750072121620178 -0.22345058619976044
0.02945619821548462 -0.3726506531238556 -0.22345225512981415
0.03045203723013401 -0.3793012201786041 -0.22345229983329773
0.027650048956274986 -0.3113864064216614 -0.23612193763256073
0.02310996875166893 -0.3079051077365875 -0.23612505197525024
0.025440318509936333 -0.3068329095840454 -0.2314339429140091
0.021418968215584755 -0.31327271461486816 -0.2361229509115219
0.0210272166877985 -0.3074203133583069 -0.23144449293613434
0.024722415953874588 -0.31533733010292053 -0.23144902288913727
0.02726765349507332 -0.31173837184906006 -0.2314479798078537
0.018718091771006584 -0.31267616152763367 -0.23142129182815552
0.02938610315322876 -0.31086549162864685 -0.23145043849945068
0.019387638196349144 -0.3083687126636505 -0.22834184765815735
0.028777841478586197 -0.30826234817504883 -0.22831952571868896
0.024118179455399513 -0.3056012988090515 -0.22830860316753387
0.02887978032231331 -0.3134172856807709 -0.22834481298923492
0.024497399106621742 -0.3164161443710327 -0.22834785282611847
0.01942293532192707 -0.3137436807155609 -0.22831422090530396
0.01910136453807354 -0.3139045536518097 -0.22344306111335754
0.017281202599406242 -0.30945611000061035 -0.2234552949666977
0.024677563458681107 -0.3174377977848053 -0.22346177697181702
0.0259479358792305 -0.24301810562610626 -0.2286251038312912
0.024185165762901306 -0.23501747846603394 -0.23431400954723358
0.0245804563164711 -0.2430180311203003 -0.23482099175453186
0.03791113570332527 -0.2430180013179779 -0.2337222546339035
0.03176245838403702 -0.24301882088184357 -0.24009272456169128
0.03811229392886162 -0.23501823842525482 -0.23489616811275482
0.03357508406043053 -0.24301859736442566 -0.22633105516433716
0.02752990461885929 -0.23501794040203094 -0.22723469138145447
0.03063911199569702 -0.2350178211927414 -0.23969623446464539
0.03395600989460945 -0.23501789569854736 -0.22676707804203033
0.023011287674307823 -0.23501507937908173 -0.22730787098407745
0.023625573143363 -0.23502610623836517 -0.23839300870895386
0.03605253994464874 -0.23502139747142792 -0.22447505593299866
0.04030691087245941 -0.23501095175743103 -0.2346351593732834
0.03280322998762131 -0.2350233495235443 -0.2424388825893402
0.03196611627936363 -0.2350444793701172 -0.23719453811645508
0.0350944809615612 -0.23501920700073242 -0.23141466081142426
0.029483744874596596 -0.2299993485212326 -0.23728102445602417
0.03547180816531181 -0.2300056666135788 -0.23127667605876923
0.027805780991911888 -0.23000246286392212 -0.22994540631771088
0.004400753881782293 -0.24301747977733612 -0.23276856541633606
0.004431871697306633 -0.23501741886138916 -0.23460084199905396
0.00731143681332469 -0.2430180162191391 -0.23863175511360168
0.017762532457709312 -0.24301756918430328 -0.23311293125152588
0.014816354028880596 -0.24301813542842865 -0.2387213408946991
0.017475344240665436 -0.2350180298089981 -0.23583877086639404
0.007671446539461613 -0.24301783740520477 -0.2269517034292221
0.0153737161308527 -0.2430182248353958 -0.22761894762516022
0.015390686690807343 -0.2350180745124817 -0.22746412456035614
0.01032748818397522 -0.2350178062915802 -0.239729642868042
0.0071325101889669895 -0.2350175827741623 -0.22735202312469482
0.017928892746567726 -0.23502378165721893 -0.23943467438220978
0.02019728161394596 -0.23501773178577423 -0.23147991299629211
0.015644045546650887 -0.2350170910358429 -0.22474274039268494
0.007475565653294325 -0.2350182980298996 -0.22439023852348328
0.0015437048859894276 -0.2350185066461563 -0.2323622852563858
0.007856933400034904 -0.23502080142498016 -0.24194617569446564
0.015401115640997887 -0.23504528403282166 -0.2323913425207138
0.013643575832247734 -0.22999945282936096 -0.23638543486595154
0.014563748612999916 -0.2299967259168625 -0.22997960448265076
0.008259567432105541 -0.2300015389919281 -0.22983253002166748
0.007477459963411093 -0.22999994456768036 -0.23577944934368134
-0.018681533634662628 0.012010158970952034 0.07457858324050903
-0.005968501791357994 0.01718541607260704 0.07990268617868423
-0.01983683370053768 0.022275980561971664 0.07627496123313904
-0.008630242198705673 0.0161910243332386 0.07295462489128113
-0.012942219153046608 0.017155444249510765 0.06790506839752197
-0.016641145572066307 0.021095044910907745 0.06678479164838791
-0.017278306186199188 0.02436945214867592 0.0717870369553566
-0.013804142363369465 0.019790763035416603 0.08144903928041458
-0.0027517247945070267 0.028782106935977936 0.0739356130361557
-0.0014605532633140683 0.03321031853556633 0.07863744348287582
0.01052290853112936 0.026536311954259872 0.07961442321538925
-0.003116019070148468 0.031733982264995575 0.08357414603233337
-0.0008788211271166801 0.025313081219792366 0.08577040582895279
0.0013836713042110205 0.026311703026294708 0.07403600960969925
0.007075865287333727 0.03526704013347626 0.08642784506082535
0.006670399568974972 0.03262074664235115 0.07446514070034027
0.012532278895378113 0.031145568937063217 0.08575797826051712
0.010183149948716164 0.03984461724758148 0.07645439356565475
0.019555864855647087 0.039728932082653046 0.083987295627594
0.014176901429891586 0.031341444700956345 0.07566004991531372
0.016939373686909676 0.03789942339062691 0.07214458286762238
0.01605776511132717 0.04529059678316116 0.07833173871040344
0.021404307335615158 0.03537804260849953 0.08172756433486938
0.02519167587161064 0.038142502307891846 0.07171954214572906
0.024284405633807182 0.047907017171382904 0.07894998788833618
0.028599973767995834 0.039679188281297684 0.07491691410541534
0.021839963272213936 0.049045056104660034 0.06982608139514923
0.024383723735809326 0.04511101916432381 0.0648186132311821
0.0282679945230484 0.053947173058986664 0.07000339031219482
0.030036862939596176 0.04532408341765404 0.07682495564222336
0.03445013612508774 0.0611722357571125 0.052017223089933395
0.036743033677339554 0.055829063057899475 0.06499308347702026
0.04281018674373627 0.05241847410798073 0.052787527441978455
0.037361010909080505 0.049495719373226166 0.06698107719421387
0.03218627721071243 0.04526737704873085 0.060990381985902786
0.028604796156287193 0.05014270916581154 0.05788097530603409
0.03262901306152344 0.0586915984749794 0.050578489899635315
0.03817129507660866 0.06196453049778938 0.05324099212884903
0.04022818058729172 0.051754556596279144 0.04499474912881851
0.045081716030836105 0.06168663874268532 0.04712444171309471
0.03374478965997696 0.05634766072034836 0.04512910917401314
0.037975020706653595 0.05533420667052269 0.03836312144994736
0.043931495398283005 0.06949260085821152 0.02613656409084797
0.048407670110464096 0.06178820878267288 0.03828314319252968
0.039262499660253525 0.06293946504592896 0.024070756509900093
0.047298919409513474 0.06844973564147949 0.02919498085975647
0.05066912621259689 0.06079144403338432 0.010341573506593704
0.05215858295559883 0.06263630837202072 0.020504362881183624
0.04477676376700401 0.05890872702002525 0.018321823328733444
0.045657914131879807 0.07183366268873215 -0.003851888468489051
0.051611632108688354 0.07369334995746613 0.0007602020050399005
0.053464241325855255 0.0699136033654213 0.010259675793349743
0.04645144194364548 0.06257737427949905 0.0009490809170529246
0.055756185203790665 0.06461737304925919 -0.0009494883706793189
0.05088421329855919 0.07525194436311722 -0.014219365082681179
0.048989858478307724 0.06849170476198196 -0.024656962603330612
0.055721648037433624 0.06483360379934311 -0.03619784861803055
0.05292670056223869 0.07112542539834976 -0.043190114200115204
-0.10418763011693954 0.11316661536693573 0.10759235918521881
-0.09860952198505402 0.11685223132371902 0.11540193855762482
-0.10305394232273102 0.1214202418923378 0.10680673271417618
-0.0968957170844078 0.12142595648765564 0.10247825086116791
-0.08900994807481766 0.11522293835878372 0.10792567580938339
-0.09471488744020462 0.11541259288787842 0.10095682740211487
-0.08673085272312164 0.11791303753852844 0.11394863575696945
-0.09409176558256149 0.12150395661592484 0.11076633632183075
-0.09827454388141632 0.11059527844190598 0.1034744456410408
-0.09650959819555283 0.10944047570228577 0.11220939457416534
-0.09019896388053894 0.10955017060041428 0.10934963077306747
-0.09339038282632828 0.1188606321811676 0.11666753888130188
-0.09003038704395294 0.10645132511854172 0.11356179416179657
-0.07582887262105942 0.10710139572620392 0.11738517135381699
-0.08539950102567673 0.11408083140850067 0.12239650636911392
-0.08673309534788132 0.10480200499296188 0.1242845430970192
-0.09037460386753082 0.11241736263036728 0.12214345484972
-0.08200068026781082 0.1051892340183258 0.11383318901062012
-0.0781007781624794 0.10436032712459564 0.12764625251293182
-0.07652325928211212 0.09270188212394714 0.1259452998638153
-0.08287479728460312 0.09863214194774628 0.12023808807134628
-0.07422555238008499 0.10706233978271484 0.12322012335062027
-0.07008142024278641 0.08342310786247253 0.11947890371084213
-0.07722488045692444 0.094798244535923 0.1181296706199646
-0.07182261347770691 0.10219314694404602 0.12630349397659302
-0.07322143018245697 0.09637703001499176 0.11621986329555511
-0.06816158443689346 0.0875590592622757 0.12821048498153687
-0.06577168405056 0.0908358097076416 0.1280415952205658
-0.06732920557260513 0.08710725605487823 0.11536922305822372
-0.06045328453183174 0.07093112915754318 0.12100452184677124
-0.058837417513132095 0.08812861889600754 0.12266519665718079
-0.0627317875623703 0.09085116535425186 0.11792782694101334
-0.0623193085193634 0.07752221077680588 0.11272893846035004
-0.0563226118683815 0.07796894758939743 0.1110275611281395
-0.06084127724170685 0.06902240216732025 0.11698189377784729
-0.05639788135886192 0.07725020498037338 0.12374956905841827
-0.04961257800459862 0.059587009251117706 0.11235073953866959
-0.05841183662414551 0.06648857146501541 0.1077301874756813
-0.05480148643255234 0.057543110102415085 0.10206426680088043
-0.04827064275741577 0.06801175326108932 0.11509772390127182
-0.04815797507762909 0.0712752491235733 0.11246544867753983
-0.04950540512800217 0.06595749408006668 0.10144729167222977
-0.052528467029333115 0.06113765761256218 0.09836713969707489
-0.049942824989557266 0.0495479479432106 0.09951659291982651
-0.03809389844536781 0.047587864100933075 0.0893256738781929
-0.04404991865158081 0.05315369367599487 0.1034906879067421
-0.04810822382569313 0.057374872267246246 0.09146576374769211
-0.04454207792878151 0.044678062200546265 0.09404114633798599
-0.036419518291950226 0.04450966790318489 0.07848548889160156
-0.03977657109498978 0.04193871095776558 0.08723925054073334
-0.0405723974108696 0.05075100436806679 0.08181630074977875
-0.042967651039361954 0.047666266560554504 0.07507836073637009
-0.03557994216680527 0.0379006564617157 0.05731780827045441
-0.03656274080276489 0.03262089937925339 0.06987353414297104
-0.04173785820603371 0.034517981112003326 0.05001072585582733
-0.037988483905792236 0.03469401225447655 0.04679528996348381
-0.031247451901435852 0.02668093331158161 0.04761567711830139
-0.028626278042793274 0.02239222824573517 0.02699132263660431
-0.03284042328596115 0.022592466324567795 0.045115213841199875
-0.03196409344673157 0.029058299958705902 0.03259532153606415
-0.04149862378835678 0.024843422695994377 0.033098749816417694
-0.040028370916843414 0.026918651536107063 0.02916879951953888
-0.036299727857112885 0.02853604033589363 0.025907747447490692
-0.15668454766273499 0.10197567194700241 0.01624912954866886
-0.14818105101585388 0.11406402289867401 0.010208557359874249
-0.15004971623420715 0.10802827775478363 0.011516494676470757
-0.16693830490112305 0.12847574055194855 0.02334265038371086
-0.1714709997177124 0.1205735057592392 0.02651633881032467
-0.16830383241176605 0.1054731085896492 0.024294249713420868
-0.1615085005760193 0.1018252745270729 0.019709046930074692
-0.1717076301574707 0.11312294006347656 0.026682049036026
-0.15675081312656403 0.13075795769691467 0.016209285706281662
-0.14891961216926575 0.12248183786869049 0.010725706815719604
-0.14769618213176727 0.10189662873744965 0.0165998712182045
-0.13934335112571716 0.10229385644197464 0.03799222782254219
-0.13766567409038544 0.10189909487962723 0.025967871770262718
-0.150406152009964 0.10451141744852066 0.016421552747488022
-0.14143018424510956 0.11218908429145813 0.020472174510359764
-0.13743141293525696 0.10877471417188644 0.028810745105147362
-0.16557441651821136 0.10188627988100052 0.027726324275135994
-0.15623678267002106 0.10189221799373627 0.04422469809651375
-0.16399328410625458 0.10190003365278244 0.03739085793495178
-0.14364653825759888 0.10167399048805237 0.04349435120820999
-0.15555565059185028 0.106544628739357 0.044303636997938156
-0.1631702333688736 0.1129264086484909 0.038650769740343094
-0.16577181220054626 0.10638624429702759 0.029389318078756332
-0.15270936489105225 0.12465915828943253 0.05000258982181549
-0.14540474116802216 0.13083255290985107 0.04488781467080116
-0.13063545525074005 0.11459481716156006 0.034546270966529846
-0.15249480307102203 0.10681992769241333 0.04985350742936134
-0.13693109154701233 0.1291140615940094 0.03895451873540878
-0.13251309096813202 0.12377249449491501 0.035860978066921234
-0.13627132773399353 0.1036345437169075 0.03849179297685623
-0.1547858715057373 0.11660414934158325 0.051456570625305176
-0.15049953758716583 0.12501725554466248 0.048455242067575455
-0.13461251556873322 0.10818236321210861 0.03733101859688759
-0.14381711184978485 0.1288706660270691 0.04377616196870804
-0.1323452740907669 0.11815430968999863 0.035743486136198044
-0.15326228737831116 0.1153278648853302 0.05038973689079285
-0.14956989884376526 0.10645847022533417 0.04780428856611252
-0.1417941302061081 0.1034792810678482 0.042359642684459686
-0.13688990473747253 0.1268688142299652 0.0389256626367569
-0.09104621410369873 0.10876728594303131 0.09838366508483887
-0.09909670799970627 0.1034494936466217 0.10402068495750427
-0.0897400826215744 0.12031080573797226 0.09746909886598587
-0.09548569470643997 0.1279604732990265 0.10149223357439041
-0.10231266170740128 0.128515362739563 0.10627251863479614
-0.10774344950914383 0.12447552382946014 0.1100752055644989
-0.11026005446910858 0.11568360030651093 0.11183736473321915
-0.10678228735923767 0.10670539736747742 0.10940220952033997
-0.3782636523246765 -0.013110191561281681 -0.003580797463655472
-0.38477271795272827 -0.023270893841981888 -0.006992582231760025
-0.3760581612586975 -0.017865434288978577 -0.00395552720874548
-0.3847839832305908 -0.017583779990673065 -0.005300410091876984
-0.3789977729320526 -0.011487417854368687 -0.005964862648397684
-0.382383793592453 -0.01811491698026657 -0.010478269308805466
-0.3782965838909149 -0.013034528121352196 -0.010133768431842327
-0.37621673941612244 -0.01756681688129902 -0.009840428829193115
-0.38542279601097107 -0.017156856134533882 -0.009234465658664703
-0.3818293511867523 -0.020961742848157883 -0.009702429175376892
-0.38825395703315735 -0.02609182707965374 -0.01455739513039589
-0.3824233114719391 -0.02750653773546219 -0.013713952153921127
-0.38545018434524536 -0.025862010195851326 -0.017527319490909576
-0.38362836837768555 -0.033329565078020096 -0.017835402861237526
-0.3804183006286621 -0.029338475316762924 -0.020951222628355026
-0.3811990022659302 -0.036748383194208145 -0.026186538860201836
-0.3527919054031372 -0.0056304833851754665 -0.01597198098897934
-0.3580133318901062 -0.007498196326196194 -0.016131818294525146
-0.3580375909805298 -0.00246434542350471 -0.016279365867376328
-0.3562331795692444 -0.001508203917182982 -0.012231068685650826
-0.35148584842681885 -0.006272371858358383 -0.012139631435275078
-0.35821834206581116 -0.00756225548684597 -0.012202594429254532
-0.3521183431148529 -0.0009367963066324592 -0.012034681625664234
-0.3602917492389679 -0.0007890177657827735 -0.012063948437571526
-0.35794952511787415 -0.01074699591845274 -0.012132351286709309
-0.3527255654335022 -0.0004665197338908911 -0.006863185204565525
-0.3592616617679596 -1.1730896403605584e-05 -0.006460134871304035
-0.3507421314716339 -0.007248972076922655 -0.006847048178315163
-0.35507503151893616 -0.010581018403172493 -0.00676066754385829
-0.3598500192165375 -0.009006846696138382 -0.006788198836147785
-0.3617134690284729 -0.005250889342278242 -0.00667162099853158
-0.3614509105682373 -0.0036097662523388863 0.0037369790952652693
-0.36017581820487976 -0.009154773317277431 -0.0011389550054445863
-0.3599882423877716 -0.008861662819981575 0.004003142938017845
-0.36180147528648376 -0.003661693772301078 -0.0011228807270526886
-0.35517579317092896 -0.010761689394712448 -0.0011821185471490026
-0.3517545163631439 -0.009248782880604267 0.00396323949098587
-0.3505415618419647 -0.0073736850172281265 -0.0010917289182543755
-0.35173752903938293 -0.001436040736734867 0.0038959248922765255
-0.35130587220191956 -0.001315441681072116 -0.0010596519568935037
-0.3578803241252899 9.35329298954457e-05 0.0038921432569622993
-0.35748404264450073 0.0007857901509851217 -0.001050359453074634
-0.35067886114120483 -0.0030601255130022764 -0.006441189907491207
-0.3589981496334076 0.000610300456173718 -0.0027732381131500006
-0.35372868180274963 -0.010951399803161621 -0.002790970029309392
-0.34959709644317627 -0.006259117275476456 -0.0027768623549491167
-0.35271376371383667 0.0006854535895399749 -0.0027621041517704725
-0.3606806695461273 -0.010372985154390335 -0.004723225720226765
-0.35785868763923645 0.0012526758946478367 -0.004727885592728853
-0.35062354803085327 -0.0013633439084514976 -0.0048049623146653175
-0.3506041467189789 -0.009109335951507092 -0.00481245294213295
-0.36063408851623535 -0.007163689937442541 -0.008696499280631542
-0.36138567328453064 -0.007349464111030102 -0.002884441753849387
-0.36138513684272766 -0.0109873590990901 -0.010002517141401768
-0.3640304505825043 -0.00569605128839612 -0.009957208298146725
-0.3645673990249634 -0.0045865485444664955 -0.005388091318309307
-0.03627894073724747 -0.057171836495399475 0.011349801905453205
-0.036274105310440063 -0.05181793496012688 0.011181261390447617
-0.036279965192079544 -0.048924606293439865 0.006841825321316719
-0.03937450423836708 -0.04883299767971039 0.006599915213882923
-0.03627337887883186 -0.051489029079675674 0.002086907858029008
-0.03627109155058861 -0.05697544664144516 0.0017076621297746897
-0.03937907516956329 -0.05836710333824158 0.003294861875474453
-0.036273639649152756 -0.05970260500907898 0.0062547060661017895
-0.03937644138932228 -0.051574405282735825 0.00882016308605671
-0.03937945514917374 -0.05342453718185425 0.01116946991533041
-0.03937472775578499 -0.059032220393419266 0.009293154813349247
-0.039376601576805115 -0.057684265077114105 0.006937542464584112
-0.039381660521030426 -0.053260013461112976 0.0014249602099880576
-0.039375633001327515 -0.05354328826069832 0.003780728206038475
-0.046589236706495285 -0.05206800624728203 0.009303966537117958
-0.04635010287165642 -0.05236219987273216 0.004672863055020571
-0.046166881918907166 -0.0564366839826107 0.004478238057345152
-0.04575423151254654 -0.05686992034316063 0.009095072746276855
-0.036260541528463364 -0.0519268698990345 -0.0182320699095726
-0.0390426330268383 -0.0503019355237484 -0.016450144350528717
-0.03629272058606148 -0.05681591480970383 -0.008689004927873611
-0.03626927360892296 -0.04890238866209984 -0.013391817919909954
-0.036273058503866196 -0.051909711211919785 -0.008787333965301514
-0.039379481226205826 -0.05715266615152359 -0.018322067335247993
-0.03625212237238884 -0.057277612388134 -0.018102236092090607
-0.036276787519454956 -0.05972692742943764 -0.012920058332383633
-0.03937617689371109 -0.057512570172548294 -0.014661861583590508
-0.03937624394893646 -0.05928647890686989 -0.011779463849961758
-0.03937569260597229 -0.05176273360848427 -0.014945403672754765
-0.03938204422593117 -0.05411793664097786 -0.008852897211909294
-0.039380624890327454 -0.049923188984394073 -0.010486733168363571
-0.04663239046931267 -0.05158456042408943 -0.014743153937160969
-0.0462384894490242 -0.05778924375772476 -0.014018268324434757
-0.04627265781164169 -0.05381973460316658 -0.00974568072706461
-0.04964883252978325 -0.13413065671920776 0.04005686566233635
-0.05890101194381714 -0.13017986714839935 0.04005678743124008
-0.05619051679968834 -0.12229423224925995 0.040056969970464706
-0.045345474034547806 -0.12784656882286072 0.04005683213472366
-0.04885076358914375 -0.12144877761602402 0.04005696624517441
-0.03626103326678276 0.05819803103804588 0.011409005150198936
-0.036274246871471405 0.052463505417108536 0.010881773196160793
-0.039385806769132614 0.06011578068137169 0.0089298440143466
-0.03623238578438759 0.06100185215473175 0.006556869950145483
-0.03626292571425438 0.05835659056901932 0.001845450373366475
-0.03938031941652298 0.060389868915081024 0.004831555299460888
-0.039384692907333374 0.05090508982539177 0.004203977063298225
-0.036273639649152756 0.05029740557074547 0.006254696752876043
-0.03619011119008064 0.053009212017059326 0.0019187836442142725
-0.03937626630067825 0.05361223220825195 0.004419507458806038
-0.039380986243486404 0.05229462683200836 0.009434720501303673
-0.03937683254480362 0.05864635109901428 0.005581604782491922
-0.03938082605600357 0.0559329129755497 0.011063337326049805
-0.0394008569419384 0.05596281960606575 0.0012592118000611663
-0.04653375968337059 0.058795735239982605 0.005764905363321304
-0.046251095831394196 0.05266539752483368 0.005335285793989897
-0.046302374452352524 0.05504608154296875 0.010396983474493027
-0.03625534847378731 0.05815018713474274 -0.008551751263439655
-0.03627902269363403 0.05249057337641716 -0.00905376672744751
-0.03936469182372093 0.05950634926557541 -0.011300444602966309
-0.036235958337783813 0.061009153723716736 -0.013467027805745602
-0.039391592144966125 0.05959756672382355 -0.015470044687390327
-0.037803392857313156 0.05833492800593376 -0.018181173130869865
-0.03623921051621437 0.05289388447999954 -0.0181454885751009
-0.03937610611319542 0.05203750357031822 -0.017348358407616615
-0.036273639649152756 0.05029740557074547 -0.013745304197072983
-0.0393834225833416 0.051201239228248596 -0.012967213988304138
-0.03938264772295952 0.05475258082151413 -0.008938565850257874
-0.04655797779560089 0.058545563369989395 -0.01434110663831234
-0.04619142785668373 0.05332624539732933 -0.015258729457855225
-0.04626864567399025 0.054837245494127274 -0.00947544351220131
-0.0464259572327137 0.16263806819915771 0.04005707427859306
-0.05882306396961212 0.16779863834381104 0.04005684703588486
-0.054728370159864426 0.16071854531764984 0.0400569774210453
-0.05238707363605499 0.17392927408218384 0.0400577150285244
-0.04600175842642784 0.17011356353759766 0.04005742073059082
-0.42138299345970154 0.053696926683187485 0.04717186093330383
-0.4287518560886383 0.05373989790678024 0.04224652051925659
-0.4378194510936737 0.05370800197124481 0.04590273275971413
-0.4395470917224884 0.05363031476736069 0.05480324476957321
-0.4203128218650818 0.053633734583854675 0.05441255122423172
-0.43286994099617004 0.05356743186712265 0.062014613300561905
-0.4238727390766144 0.053584612905979156 0.06004197522997856
-0.43483853340148926 0.03294520080089569 0.060644008219242096
-0.4287070333957672 0.032992150634527206 0.061936549842357635
-0.4397278428077698 0.03298060968518257 0.05165398493409157
-0.43822404742240906 0.03294859454035759 0.04635646566748619
-0.4386485517024994 0.03293101489543915 0.057173073291778564
-0.4301270544528961 0.03292705863714218 0.0416116863489151
-0.4258395731449127 0.03298692777752876 0.04293280467391014
-0.42067089676856995 0.03296458348631859 0.0477026030421257
-0.42097294330596924 0.0329522080719471 0.05695077404379845
-0.4279979467391968 0.032773226499557495 0.06325717270374298
-0.44035476446151733 0.0305982306599617 0.0580439493060112
-0.4288659989833832 0.030586346983909607 0.06421122699975967
-0.4199695587158203 0.03058585338294506 0.058775827288627625
-0.4202614724636078 0.030577989295125008 0.045403044670820236
-0.42869052290916443 0.030582766979932785 0.04043018817901611
-0.4406907558441162 0.03059733659029007 0.047438930720090866
-0.4363206624984741 0.029713189229369164 0.06299956887960434
-0.43738001585006714 0.029750637710094452 0.04217032715678215
-0.4172710180282593 0.029758688062429428 0.05216696113348007
-0.3173149526119232 -0.005248438101261854 0.003388973418623209
-0.3317120373249054 -0.005851070862263441 0.0038381717167794704
-0.32888656854629517 -0.003080907743424177 0.003423352725803852
-0.3312947452068329 0.008604240603744984 0.003589894622564316
-0.3317843973636627 -0.0948672890663147 0.0033306607510894537
-0.32896390557289124 -0.09691929817199707 0.003337201662361622
-0.3308916687965393 -0.10836228728294373 0.003694122191518545
-0.317507803440094 -0.09419523924589157 0.003171696327626705
-0.31754136085510254 -0.09683389216661453 0.0035532545298337936
-0.4294936954975128 0.02904520183801651 0.06488067656755447
-0.44275152683258057 0.029048243537545204 0.05375189334154129
-0.43394938111305237 0.02926899679005146 0.03916230425238609
-0.42076730728149414 0.029059091582894325 0.04355914518237114
-0.41849732398986816 0.029480105265975 0.0599791444838047
-0.31225287914276123 -0.12231319397687912 0.07384124398231506
-0.3112315237522125 -0.12308089435100555 0.07226395606994629
-0.31113889813423157 0.02161223627626896 0.07245659828186035
-0.3309869170188904 -0.09409254044294357 0.0031052047852426767
-0.3243986666202545 -0.09402380883693695 0.003717270214110613
-0.31815505027770996 0.029808228835463524 0.07220787554979324
-0.3186035454273224 0.02862429805099964 0.07385242730379105
-0.3130565583705902 0.026180047541856766 0.07242327183485031
-0.44140109419822693 0.02946876548230648 0.03277810290455818
-0.42140111327171326 0.02946876548230648 0.032778091728687286
-0.42179471254348755 0.029528941959142685 0.023591483011841774
-0.44140109419822693 0.02941969968378544 0.02377772517502308
-0.3726983964443207 0.031822770833969116 0.06399311125278473
-0.3707822859287262 0.02981693483889103 0.06204457953572273
-0.3670681118965149 0.03165440633893013 0.05261269956827164
-0.38991421461105347 0.031506434082984924 0.04223541170358658
-0.3716539740562439 0.03150805085897446 0.04210089147090912
-0.3820255994796753 0.03145775943994522 0.03878113627433777
-0.39495033025741577 0.03164352476596832 0.051881443709135056
-0.38771751523017883 0.031831566244363785 0.06491760164499283
-0.41743576526641846 0.029363032430410385 0.04531468078494072
-0.4253477156162262 0.029190098866820335 0.03870747238397598
-0.4409058690071106 0.02924172393977642 0.04323574900627136
-0.43284305930137634 0.029513908550143242 0.06631665676832199
-0.44001561403274536 0.029427584260702133 0.062320202589035034
-0.4442824423313141 0.029449675232172012 0.052973803132772446
-0.4158446788787842 0.029454555362462997 0.053466808050870895
-0.42397817969322205 0.029618415981531143 0.065189890563488
-0.31449824571609497 -0.12769140303134918 0.07241789251565933
-0.31229639053344727 -0.12162500619888306 0.004599977284669876
-0.31219786405563354 0.022361842915415764 0.005278019700199366
-0.46348416805267334 0.029793910682201385 0.0722438171505928
-0.4677620232105255 0.027032654732465744 0.07251255959272385
-0.46403229236602783 0.028435934334993362 0.07384360581636429
-0.4705841839313507 0.023008469492197037 0.07225749641656876
-0.4695373475551605 0.022276921197772026 0.07386258989572525
-0.31709039211273193 0.02764863334596157 0.0042580002918839455
-0.3209226131439209 0.028855951502919197 0.005106468219310045
-0.3791789412498474 0.02948209084570408 0.03904200345277786
-0.3886219263076782 0.029507780447602272 0.04075866937637329
-0.3944920599460602 0.02965047024190426 0.05099497362971306
-0.39243799448013306 0.02978675253689289 0.06014970690011978
-0.3821936845779419 0.029875151813030243 0.06654047220945358
-0.36720311641693115 0.0296724084764719 0.0525774210691452
-0.3709757626056671 0.0295343529433012 0.042750272899866104
-0.46392494440078735 -0.12970319390296936 0.07225750386714935
-0.31922030448913574 -0.12976142764091492 0.07246292382478714
-0.4631941318511963 -0.12866351008415222 0.07384125888347626
-0.3149486780166626 -0.12645921111106873 0.005753232166171074
-0.31949713826179504 -0.12859652936458588 0.004511362873017788
-0.4684993028640747 -0.12642927467823029 0.07245282828807831
-0.47062864899635315 -0.12189345806837082 0.07244185358285904
-0.3128081262111664 0.022289765998721123 0.004359646234661341
-0.318398654460907 -0.09382119029760361 0.004065551795065403
-0.4599180221557617 0.027664050459861755 0.004123298451304436
-0.4694187343120575 -0.12175073474645615 0.0045202854089438915
-0.4694971740245819 0.021778492256999016 0.004557600244879723
-0.4663131535053253 -0.12682700157165527 0.0046283164992928505
-0.4617138206958771 -0.12866874039173126 0.00459989532828331
-0.46243494749069214 0.028745777904987335 0.005099262110888958
-0.46680599451065063 0.0260786022990942 0.004676433280110359
-0.4514301121234894 0.009182448498904705 0.0032962067052721977
-0.45295250415802 -0.0029219728894531727 0.003822062164545059
-0.4650050699710846 -0.004756801761686802 0.0031339137349277735
-0.45017188787460327 -0.09427332133054733 0.00395335303619504
-0.4573986530303955 -0.0062142638489604 0.004065551795065403
-0.4646267890930176 -0.0947021096944809 0.003589311381801963
-0.4508727490901947 -0.10909410566091537 0.0033164056949317455
-0.45002442598342896 -0.005853448994457722 0.003658032277598977
-0.452792227268219 -0.09691371768712997 0.0033369073644280434
-0.34643498063087463 -0.0019394976552575827 -0.2194640189409256
-0.2757660448551178 -0.0019225019495934248 -0.21994726359844208
-0.28961625695228577 -0.042906418442726135 -0.21768376231193542
-0.2813611924648285 -0.046016838401556015 -0.2169196754693985
-0.33978766202926636 -0.04333466663956642 -0.21733471751213074
0.31748324632644653 0.02106456644833088 0.13857610523700714
0.31838998198509216 0.021098708733916283 0.1299298107624054
0.31116431951522827 0.02110021375119686 0.13489019870758057
0.3118869960308075 0.024798689410090446 0.1319519430398941
0.3182574510574341 0.02475271001458168 0.1303323209285736
0.31342464685440063 0.024745943024754524 0.13798196613788605
0.3197830617427826 0.02473747730255127 0.13680323958396912
-0.46737411618232727 0.06099993363022804 -0.04534679278731346
-0.47437652945518494 0.0610000342130661 -0.04920545592904091
-0.47000589966773987 0.049000002443790436 -0.04607103392481804
-0.4761139750480652 0.06100001558661461 -0.056428201496601105
-0.47569867968559265 0.048999980092048645 -0.05121120437979698
-0.47261521220207214 0.061000049114227295 -0.061910513788461685
-0.4746397137641907 0.049000032246112823 -0.06021951511502266
-0.4577711224555969 0.061000142246484756 -0.05465667322278023
-0.4604446589946747 0.061000071465969086 -0.04830876737833023
-0.4576891362667084 0.04900016263127327 -0.054648470133543015
-0.4665836989879608 0.061000026762485504 -0.06399320065975189
-0.4680737257003784 0.04899999126791954 -0.06381724774837494
-0.4601841866970062 0.06100009009242058 -0.06087440997362137
-0.46120330691337585 0.048999931663274765 -0.06201988086104393
-0.4573386013507843 0.061000093817710876 -0.08523786067962646
-0.4646547734737396 0.06099994480609894 -0.07542027533054352
-0.4577515125274658 0.04900007322430611 -0.08221135288476944
-0.46974021196365356 0.06099998950958252 -0.09341476112604141
-0.47003912925720215 0.04899997636675835 -0.09367481619119644
-0.4747055768966675 0.06099996715784073 -0.0898551493883133
-0.4754013419151306 0.060999929904937744 -0.07991646230220795
-0.4633175730705261 0.06099993735551834 -0.09323545545339584
-0.46064820885658264 0.04900002107024193 -0.09161561727523804
0.29786065220832825 0.010000000707805157 -0.03830224648118019
0.2942066788673401 0.010000000707805157 -0.0349118672311306
0.2925109267234802 0.010000000707805157 -0.03308429196476936
0.2959913909435272 0.010000000707805157 -0.036652591079473495
0.28940311074256897 0.010000000707805157 -0.029187196865677834
0.29090842604637146 0.010000000707805157 -0.03117450140416622
0.3039282560348511 0.010000000707805157 -0.042664553970098495
0.2998097836971283 0.010000000707805157 -0.03985663130879402
0.30183398723602295 0.010000000707805157 -0.04131195321679115
0.28669875860214233 0.010000000707805157 -0.02500000037252903
0.2879987359046936 0.010000000707805157 -0.02712731994688511
0.28442472219467163 0.010000000707805157 -0.020564332604408264
0.2855064272880554 0.010000000707805157 -0.022810548543930054
0.30608731508255005 0.010000000707805157 -0.04391107335686684
0.3083058297634125 0.010000000707805157 -0.045048464089632034
0.31289899349212646 0.010000000707805157 -0.04698462039232254
0.31057825684547424 0.010000000707805157 -0.0460737943649292
0.2826036512851715 0.010000000707805157 -0.01592431776225567
0.28345632553100586 0.010000000707805157 -0.018267029896378517
0.3152622580528259 0.010000000707805157 -0.04777862876653671
0.28075963258743286 0.010000000707805157 -0.0086824344471097
0.2818687856197357 0.010000000707805157 -0.01354205422103405
0.2812536060810089 0.010000000707805157 -0.011126037687063217
0.32254788279533386 0.010000000707805157 -0.04944153130054474
0.31766214966773987 0.010000000707805157 -0.048453859984874725
0.32009270787239075 0.010000000707805157 -0.04900860786437988
0.2801398038864136 0.010000000707805157 -0.0037365113385021687
0.2803880572319031 0.010000000707805157 -0.006217163521796465
0.32750773429870605 0.010000000707805157 -0.04993787035346031
0.3250216245651245 0.010000000707805157 -0.04975152760744095
0.2800155580043793 0.010000000707805157 0.0012465210165828466
0.2800155580043793 0.010000000707805157 -0.0012465210165828466
0.33249229192733765 0.010000000707805157 -0.04993787035346031
0.33000001311302185 0.010000000707805157 -0.05000000074505806
0.2803880572319031 0.010000000707805157 0.006217163521796465
0.2801398038864136 0.010000000707805157 0.0037365113385021687
0.33745214343070984 0.010000000707805157 -0.04944153130054474
0.3349784016609192 0.010000000707805157 -0.04975152760744095
0.33990734815597534 0.010000000707805157 -0.04900860786437988
0.2812536060810089 0.010000000707805157 0.011126037687063217
0.28075963258743286 0.010000000707805157 0.0086824344471097
0.2826036512851715 0.010000000707805157 0.01592431776225567
0.2818687856197357 0.010000000707805157 0.01354205422103405
0.34942176938056946 0.010000000707805157 -0.0460737943649292
0.34233787655830383 0.010000000707805157 -0.048453859984874725
0.3447377681732178 0.010000000707805157 -0.04777862876653671
0.34710103273391724 0.010000000707805157 -0.04698462039232254
0.28669875860214233 0.010000000707805157 0.02500000037252903
0.3516941964626312 0.010000000707805157 -0.045048464089632034
0.35391271114349365 0.010000000707805157 -0.04391107335686684
0.28442472219467163 0.010000000707805157 0.020564332604408264
0.2855064272880554 0.010000000707805157 0.022810548543930054
0.28345632553100586 0.010000000707805157 0.018267029896378517
0.35816603899002075 0.010000000707805157 -0.04131195321679115
0.3560717701911926 0.010000000707805157 -0.042664553970098495
0.3601902425289154 0.010000000707805157 -0.03985663130879402
0.29090842604637146 0.010000000707805157 0.03117450140416622
0.2879987359046936 0.010000000707805157 0.02712731994688511
0.28940311074256897 0.010000000707805157 0.029187196865677834
0.2942066788673401 0.010000000707805157 0.0349118672311306
0.2925109267234802 0.010000000707805157 0.03308429196476936
0.2959913909435272 0.010000000707805157 0.036652591079473495
0.3674890995025635 0.010000000707805157 -0.03308429196476936
0.36213940382003784 0.010000000707805157 -0.03830224648118019
0.36400866508483887 0.010000000707805157 -0.036652591079473495
0.3657933473587036 0.010000000707805157 -0.0349118672311306
0.29786065220832825 0.010000000707805157 0.03830224648118019
0.37059691548347473 0.010000000707805157 -0.029187196865677834
0.36909160017967224 0.010000000707805157 -0.03117450140416622
0.3720012903213501 0.010000000707805157 -0.02712731994688511
0.3039282560348511 0.010000000707805157 0.042664553970098495
0.2998097836971283 0.010000000707805157 0.03985663130879402
0.30183398723602295 0.010000000707805157 0.04131195321679115
0.3744935989379883 0.010000000707805157 -0.022810548543930054
0.37330129742622375 0.010000000707805157 -0.02500000037252903
0.37557530403137207 0.010000000707805157 -0.020564332604408264
0.31057825684547424 0.010000000707805157 0.0460737943649292
0.30608731508255005 0.010000000707805157 0.04391107335686684
0.3083058297634125 0.010000000707805157 0.045048464089632034
0.3152622580528259 0.010000000707805157 0.04777862876653671
0.37654373049736023 0.010000000707805157 -0.018267029896378517
0.31289899349212646 0.010000000707805157 0.04698462039232254
0.378131240606308 0.010000000707805157 -0.01354205422103405
0.3773963749408722 0.010000000707805157 -0.01592431776225567
0.3787464201450348 0.010000000707805157 -0.011126037687063217
0.379611998796463 0.010000000707805157 -0.006217163521796465
0.37924039363861084 0.010000000707805157 -0.0086824344471097
0.3250216245651245 0.010000000707805157 0.04975152760744095
0.31766214966773987 0.010000000707805157 0.048453859984874725
0.32109856605529785 0.010000000707805157 0.049215659499168396
0.3799844980239868 0.010000000707805157 -0.0012465210165828466
0.3798602223396301 0.010000000707805157 -0.0037365113385021687
0.33000001311302185 0.010000000707805157 0.05000000074505806
0.32750773429870605 0.010000000707805157 0.04993787035346031
0.3799844980239868 0.010000000707805157 0.0012465210165828466
0.3349784016609192 0.010000000707805157 0.04975152760744095
0.33249229192733765 0.010000000707805157 0.04993787035346031
0.379611998796463 0.010000000707805157 0.006217163521796465
0.3798602223396301 0.010000000707805157 0.0037365113385021687
0.33990734815597534 0.010000000707805157 0.04900860786437988
0.33745214343070984 0.010000000707805157 0.04944153130054474
0.3787464201450348 0.010000000707805157 0.011126037687063217
0.37924039363861084 0.010000000707805157 0.0086824344471097
0.34233787655830383 0.010000000707805157 0.048453859984874725
0.37654373049736023 0.010000000707805157 0.018267029896378517
0.378131240606308 0.010000000707805157 0.01354205422103405
0.3773963749408722 0.010000000707805157 0.01592431776225567
0.34942176938056946 0.010000000707805157 0.0460737943649292
0.3447377681732178 0.010000000707805157 0.04777862876653671
0.34710103273391724 0.010000000707805157 0.04698462039232254
0.37557530403137207 0.010000000707805157 0.020564332604408264
0.3516941964626312 0.010000000707805157 0.045048464089632034
0.37330129742622375 0.010000000707805157 0.02500000037252903
0.3744935989379883 0.010000000707805157 0.022810548543930054
0.3560717701911926 0.010000000707805157 0.042664553970098495
0.35391271114349365 0.010000000707805157 0.04391107335686684
0.3720012903213501 0.010000000707805157 0.02712731994688511
0.37059691548347473 0.010000000707805157 0.029187196865677834
0.3601902425289154 0.010000000707805157 0.03985663130879402
0.35816603899002075 0.010000000707805157 0.04131195321679115
0.3674890995025635 0.010000000707805157 0.03308429196476936
0.36909160017967224 0.010000000707805157 0.03117450140416622
0.36400866508483887 0.010000000707805157 0.036652591079473495
0.36213940382003784 0.010000000707805157 0.03830224648118019
0.3657933473587036 0.010000000707805157 0.0349118672311306
-0.46219027042388916 0.0490000881254673 -0.04662882909178734
-0.4648715555667877 0.048999954015016556 -0.07568172365427017
-0.4758358299732208 0.04899997264146805 -0.08736627548933029
-0.47418227791786194 0.04899997636675835 -0.07839836925268173
-0.04173747077584267 -0.027976857498288155 -0.4094000458717346
-0.04981216788291931 -0.008367744274437428 -0.4094000458717346
-0.02867955155670643 -0.041352178901433945 -0.4094000458717346
0.008353976532816887 -0.04971497878432274 -0.4094000458717346
-0.011566613800823689 -0.04889718070626259 -0.4094000458717346
-0.0480511337518692 0.015246524475514889 -0.4094000458717346
-0.037465136498212814 0.033598851412534714 -0.4094000458717346
0.024735521525144577 -0.04359378293156624 -0.4094000458717346
0.0480511337518692 -0.015246524475514889 -0.4094000458717346
0.037465136498212814 -0.033598851412534714 -0.4094000458717346
-0.024735521525144577 0.04359378293156624 -0.4094000458717346
0.04981216788291931 0.008367744274437428 -0.4094000458717346
-0.008353976532816887 0.04971497878432274 -0.4094000458717346
0.011566613800823689 0.04889718070626259 -0.4094000458717346
0.02867955155670643 0.041352178901433945 -0.4094000458717346
0.04173747077584267 0.027976857498288155 -0.4094000458717346
0.3106141686439514 0.024393873289227486 0.14515236020088196
0.32015669345855713 0.024510564282536507 0.1454639732837677
0.30615097284317017 0.0244919341057539 0.127327099442482
0.3038051426410675 0.024093424901366234 0.13688676059246063
0.3257969617843628 0.024476218968629837 0.14081737399101257
0.3259044587612152 0.024539204314351082 0.12758474051952362
0.31984594464302063 0.024322282522916794 0.12299460172653198
0.3134755790233612 0.02451549842953682 0.1225525364279747
0.3542781174182892 0.05700022354722023 0.12571179866790771
0.3320022225379944 0.05700003728270531 0.12942032516002655
0.33331072330474854 0.05699971690773964 0.13871020078659058
0.33774271607398987 0.05699998140335083 0.12146807461977005
0.3473936915397644 0.05700000375509262 0.12054983526468277
0.3418477177619934 0.05699998140335083 0.1443924605846405
0.3557298481464386 0.056999340653419495 0.13606810569763184
0.3497668206691742 0.05700000002980232 0.1429319530725479
0.35279372334480286 0.05700000375509262 0.14033015072345734
0.3531784117221832 0.05700000375509262 0.13988415896892548
0.37576380372047424 0.05699963867664337 0.11511635035276413
0.36779141426086426 0.0569998174905777 0.11484049260616302
0.3613613545894623 0.056999143213033676 0.1191098764538765
0.3821367621421814 0.05699939653277397 0.12128616124391556
0.35886961221694946 0.05699998140335083 0.1260380744934082
0.3618432581424713 0.056999944150447845 0.13468411564826965
0.3711473047733307 0.05699997395277023 0.13889488577842712
0.38303425908088684 0.05699978023767471 0.12838242948055267
0.37982311844825745 0.05700020119547844 0.1350613683462143
0.40646669268608093 0.05700000002980232 0.10810425877571106
0.40078455209732056 0.05699989199638367 0.10377747565507889
0.3909305930137634 0.05700008571147919 0.1040419414639473
0.38487446308135986 0.05699988454580307 0.11162172257900238
0.38577407598495483 0.05699998885393143 0.12151118367910385
0.3956996500492096 0.05699998512864113 0.12765373289585114
0.4084899127483368 0.05699746310710907 0.11786162853240967
0.40449443459510803 0.057000044733285904 0.12439485639333725
0.4532953202724457 0.05699962005019188 0.05702287331223488
0.43486517667770386 0.0570000559091568 0.05964658036828041
0.43330079317092896 0.05699995160102844 0.06969775259494781
0.44340020418167114 0.05699998885393143 0.05441221967339516
0.4566538333892822 0.05700000375509262 0.0629810243844986
0.4564652442932129 0.05700000375509262 0.06241650506854057
0.45728766918182373 0.056999944150447845 0.06580052524805069
0.44834280014038086 0.05700003728270531 0.0784282460808754
0.4388640224933624 0.05700000748038292 0.07697190344333649
0.45666468143463135 0.05700000375509262 0.06998340040445328
0.4568217694759369 0.05700000375509262 0.06941577792167664
0.4569508135318756 0.05700000375509262 0.06884106993675232
0.4547169506549835 0.05699994042515755 0.07405263930559158
0.4597398638725281 0.05700012296438217 0.02905471809208393
0.4502699077129364 0.05699998140335083 0.030625978484749794
0.4453469514846802 0.056998636573553085 0.03608328849077225
0.44846075773239136 0.05700457841157913 0.05034679174423218
0.4449024796485901 0.057000067085027695 0.044838953763246536
0.4467252790927887 0.041197169572114944 0.04817487671971321
0.46815672516822815 0.05699944123625755 0.036923617124557495
0.4550894498825073 0.05699998885393143 0.05309715121984482
0.46767091751098633 0.05700000375509262 0.04547160863876343
0.46827852725982666 0.05700000375509262 0.043479807674884796
0.46376514434814453 0.05699986219406128 0.0512862354516983
0.4646807014942169 0.05700000002980232 0.0020250570960342884
0.45742160081863403 0.056999996304512024 0.002683104947209358
0.45142677426338196 0.056999947875738144 0.007992057129740715
0.46932485699653625 0.05700000375509262 0.004194092005491257
0.4687631130218506 0.05700000002980232 0.003786043729633093
0.4707985818386078 0.05699988082051277 0.005372538696974516
0.47439470887184143 0.05700009688735008 0.011678721755743027
0.4506867527961731 0.056999947875738144 0.017802590504288673
0.4662838876247406 0.05699997767806053 0.02570706233382225
0.4560771882534027 0.05700000748038292 0.024451633915305138
0.47283703088760376 0.05700002238154411 0.019840268418192863
0.47387298941612244 0.04114937409758568 0.01668752171099186
0.45304837822914124 0.057000257074832916 -0.005930536892265081
0.4510357677936554 0.056999996304512024 -0.01866661012172699
0.45036396384239197 0.05700001120567322 -0.011729512363672256
0.47459039092063904 0.0570000484585762 -0.01447354443371296
0.4692963659763336 0.05699979513883591 -0.024277761578559875
0.4577770233154297 0.056999996304512024 -0.025516699999570847
0.4573649764060974 0.057000432163476944 -0.002724009333178401
0.47190776467323303 0.05699993297457695 -0.006598795298486948
0.466124027967453 0.056999944150447845 -0.002268766285851598
0.46719762682914734 0.05699998140335083 -0.04694291949272156
0.46459126472473145 0.056999947875738144 -0.049959175288677216
0.4640166461467743 0.05700000375509262 -0.0504458025097847
0.4612264037132263 0.05699997395277023 -0.05229838192462921
0.4516105651855469 0.05699993297457695 -0.052619051188230515
0.4448833465576172 0.05699998512864113 -0.04480457305908203
0.44501128792762756 0.05700000375509262 -0.03695497661828995
0.45681676268577576 0.05699998140335083 -0.028857005760073662
0.46847525238990784 0.05699973180890083 -0.038751594722270966
0.4496738016605377 0.05700000375509262 -0.03103182651102543
0.46440836787223816 0.057000283151865005 -0.03182310238480568
0.4500423073768616 0.057000041007995605 -0.07792963832616806
0.4412752091884613 0.05699983611702919 -0.07795289158821106
0.4355970025062561 0.05700007826089859 -0.07411620020866394
0.45634835958480835 0.05700002610683441 -0.07133542001247406
0.43304550647735596 0.057000018656253815 -0.0673498883843422
0.4347001612186432 0.05700003355741501 -0.060220763087272644
0.4499078691005707 0.05700007453560829 -0.054852407425642014
0.45708170533180237 0.05700010061264038 -0.0632789209485054
0.43958768248558044 0.05700002238154411 -0.055700160562992096
0.40789371728897095 0.05699982866644859 -0.11927612870931625
0.40578576922416687 0.04105186089873314 -0.12344039231538773
0.40383413434028625 0.05699995532631874 -0.12488008290529251
0.3841567635536194 0.057000063359737396 -0.11564313620328903
0.3876436650753021 0.05699995905160904 -0.10671716928482056
0.3953744173049927 0.05700014904141426 -0.12745562195777893
0.3889463245868683 0.05699770152568817 -0.1248011589050293
0.39438796043395996 0.05699995160102844 -0.1032262071967125
0.40840619802474976 0.05699973180890083 -0.11244921386241913
0.40311485528945923 0.05699996277689934 -0.10465056449174881
0.3593754470348358 0.05700000375509262 -0.1290501207113266
0.3614567816257477 0.056999895721673965 -0.13396677374839783
0.35968661308288574 0.05700000375509262 -0.13019873201847076
0.35951676964759827 0.05700000375509262 -0.12962830066680908
0.3731117844581604 0.05699998885393143 -0.1384822279214859
0.3664325177669525 0.05699998885393143 -0.13770730793476105
0.38315609097480774 0.05700016766786575 -0.12897714972496033
0.3591548204421997 0.05700000002980232 -0.1231713816523552
0.37903037667274475 0.05700002238154411 -0.13564589619636536
0.3715449869632721 0.05699862539768219 -0.1143876388669014
0.36518335342407227 0.05700000748038292 -0.11581487208604813
0.3808743953704834 0.057000137865543365 -0.11868126690387726
0.37596720457077026 0.041420381516218185 -0.11532582342624664
0.31893467903137207 0.057000257074832916 -0.14432144165039062
0.31123992800712585 0.05699922889471054 -0.14346632361412048
0.3058336079120636 0.057000018656253815 -0.13880005478858948
0.3263810873031616 0.05700022727251053 -0.13890191912651062
0.3038392961025238 0.05700001120567322 -0.1301276683807373
0.3101740777492523 0.05700010061264038 -0.1213986873626709
0.3280397355556488 0.05699959769845009 -0.12924252450466156
0.3214350938796997 0.057000041007995605 -0.12101786583662033
0.30120742321014404 0.057000041007995605 -0.12822215259075165
0.29548177123069763 0.0570000521838665 -0.1369025856256485
0.2868892550468445 0.056999996304512024 -0.13853777945041656
0.2767438292503357 0.05700000375509262 -0.12674814462661743
0.27937912940979004 0.05699991062283516 -0.11863663792610168
0.27922698855400085 0.05700007453560829 -0.1340927928686142
0.2875501215457916 0.05699995160102844 -0.11435288190841675
0.29942384362220764 0.05700012296438217 -0.12048974633216858
0.2941220700740814 0.05699963867664337 -0.11551185697317123
0.25177615880966187 0.05700000375509262 -0.11774097383022308
0.2538818120956421 0.05699922889471054 -0.12261198461055756
0.2520873248577118 0.05700000375509262 -0.11888959258794785
0.2519175112247467 0.05700000375509262 -0.11831916123628616
0.27501025795936584 0.057000014930963516 -0.11938682943582535
0.2700245678424835 0.056999996304512024 -0.12544412910938263
0.26088401675224304 0.05699992924928665 -0.127302348613739
0.2516542673110962 0.05700001120567322 -0.11159783601760864
0.25826528668403625 0.05700002983212471 -0.10403528064489365
0.2752281129360199 0.05700001120567322 -0.11221105605363846
0.2698672115802765 0.0570000521838665 -0.10432828962802887
0.22725018858909607 0.057002052664756775 -0.06757330149412155
0.22125054895877838 0.05699969455599785 -0.07703960686922073
0.2116415947675705 0.056999996304512024 -0.07833884656429291
0.20253156125545502 0.056999944150447845 -0.06790746748447418
0.2046947330236435 0.057000093162059784 -0.05977829918265343
0.2060767561197281 0.05699992924928665 -0.07485323399305344
0.21266405284404755 0.05700011923909187 -0.054181210696697235
0.22302831709384918 0.056999992579221725 -0.05729107931256294
0.2144465297460556 0.05699869617819786 -0.046968553215265274
0.19100245833396912 0.057000093162059784 -0.0423206202685833
0.19450031220912933 0.057000137865543365 -0.03280866518616676
0.19634953141212463 0.056998949497938156 -0.05086177587509155
0.2048550844192505 0.056999970227479935 -0.05346274375915527
0.20087812840938568 0.056999724358320236 -0.02927393652498722
0.21504124999046326 0.056999750435352325 -0.036725740879774094
0.20866909623146057 0.056999992579221725 -0.030017612501978874
0.20463021099567413 0.0410689115524292 -0.028917277231812477
0.20768490433692932 0.05700019747018814 -0.02128145657479763
0.20119743049144745 0.05700000375509262 -0.025482451543211937
0.1941070556640625 0.05699998885393143 -0.02565832808613777
0.18555410206317902 0.05700007826089859 -0.014776780270040035
0.18802344799041748 0.057000018656253815 -0.006270327605307102
0.18782588839530945 0.056999992579221725 -0.02083967998623848
0.1981605440378189 0.056999947875738144 -0.0013669555773958564
0.2098756581544876 0.056998927146196365 -0.013712610118091106
0.20724844932556152 0.05699997767806053 -0.006248527206480503
0.20837931334972382 0.056999195367097855 0.007509281393140554
0.18544083833694458 0.05699994042515755 0.012232705019414425
0.1882236748933792 0.0570000521838665 0.021743938326835632
0.18995532393455505 0.05699995532631874 0.004531605169177055
0.19911520183086395 0.056999947875738144 0.001571328961290419
0.19533507525920868 0.05699997395277023 0.025834690779447556
0.2092863917350769 0.056999560445547104 0.018190527334809303
0.202924445271492 0.05700008198618889 0.024966491386294365
0.20550084114074707 0.05700104311108589 0.029030578210949898
0.19729585945606232 0.05700003728270531 0.03057401441037655
0.19196870923042297 0.05700000748038292 0.036868639290332794
0.2157869189977646 0.05700016766786575 0.038698770105838776
0.19218696653842926 0.056999992579221725 0.04555121064186096
0.2107991725206375 0.05699998512864113 0.03147577494382858
0.19793425500392914 0.05699978023767471 0.05208031088113785
0.2129511833190918 0.056999947875738144 0.0489170141518116
0.20629096031188965 0.05699992924928665 0.052893128246068954
0.22474779188632965 0.05699998140335083 0.05931716412305832
0.2026188224554062 0.05699985474348068 0.06483842432498932
0.20444954931735992 0.05699998885393143 0.07287538051605225
0.2070855349302292 0.05699997395277023 0.05702294781804085
0.21579879522323608 0.05700018256902695 0.0542067252099514
0.21220359206199646 0.05700023099780083 0.07887577265501022
0.22707630693912506 0.056999608874320984 0.06776735931634903
0.22253262996673584 0.05700002610683441 0.076019786298275
0.27242282032966614 0.057000014930963516 0.10666633397340775
0.2514146864414215 0.05699985474348068 0.11296892166137695
0.2523866891860962 0.057000044733285904 0.12004248052835464
0.25770556926727295 0.057001400738954544 0.10427694022655487
0.265381783246994 0.056999992579221725 0.10318206250667572
0.2579360604286194 0.05700003355741501 0.12621016800403595
0.27574825286865234 0.05700022354722023 0.11488819122314453
0.2730759382247925 0.05699998140335083 0.12287893146276474
0.2664937973022461 0.05700002610683441 0.12693552672863007
0.28935733437538147 0.05700002610683441 0.11438868939876556
0.2863411605358124 0.05700000375509262 0.1147666648030281
0.2857629954814911 0.05700000375509262 0.11490802466869354
0.2827663719654083 0.05699996277689934 0.1160450354218483
0.27804937958717346 0.056999728083610535 0.12081951647996902
0.30134978890419006 0.05700050666928291 0.1257689893245697
0.29637086391448975 0.05700002983212471 0.1167532280087471
0.27694839239120483 0.05699998140335083 0.12877961993217468
0.29058751463890076 0.05699995905160904 0.1385623663663864
0.28156670928001404 0.05699997767806053 0.1364453285932541
0.29770031571388245 0.057000044733285904 0.1349780410528183
0.3773963749408722 0.020000001415610313 -0.01592431776225567
0.37654373049736023 0.020000001415610313 -0.018267029896378517
0.37557530403137207 0.020000001415610313 -0.020564332604408264
0.33000001311302185 0.020000001415610313 -0.05000000074505806
0.3744935989379883 0.020000001415610313 -0.022810548543930054
0.32750773429870605 0.020000001415610313 -0.04993787035346031
0.37330129742622375 0.020000001415610313 -0.02500000037252903
0.3250216245651245 0.020000001415610313 -0.04975152760744095
0.3720012903213501 0.020000001415610313 -0.02712731994688511
0.32254788279533386 0.020000001415610313 -0.04944153130054474
0.37059691548347473 0.020000001415610313 -0.029187196865677834
0.32009270787239075 0.020000001415610313 -0.04900860786437988
0.36909160017967224 0.020000001415610313 -0.03117450140416622
0.31766214966773987 0.020000001415610313 -0.048453859984874725
0.3674890995025635 0.020000001415610313 -0.03308429196476936
0.3152622580528259 0.020000001415610313 -0.04777862876653671
0.3657933473587036 0.020000001415610313 -0.0349118672311306
0.31289899349212646 0.020000001415610313 -0.04698462039232254
0.36400866508483887 0.020000001415610313 -0.036652591079473495
0.31057825684547424 0.020000001415610313 -0.0460737943649292
0.36213940382003784 0.020000001415610313 -0.03830224648118019
0.3083058297634125 0.020000001415610313 -0.045048464089632034
0.3601902425289154 0.020000001415610313 -0.03985663130879402
0.30608731508255005 0.020000001415610313 -0.04391107335686684
0.35816603899002075 0.020000001415610313 -0.04131195321679115
0.3039282560348511 0.020000001415610313 -0.042664553970098495
0.3560717701911926 0.020000001415610313 -0.042664553970098495
0.30183398723602295 0.020000001415610313 -0.04131195321679115
0.35391271114349365 0.020000001415610313 -0.04391107335686684
0.2998097836971283 0.020000001415610313 -0.03985663130879402
0.3516941964626312 0.020000001415610313 -0.045048464089632034
0.29786065220832825 0.020000001415610313 -0.03830224648118019
0.34942176938056946 0.020000001415610313 -0.0460737943649292
0.34710103273391724 0.020000001415610313 -0.04698462039232254
0.2959913909435272 0.020000001415610313 -0.036652591079473495
0.3447377681732178 0.020000001415610313 -0.04777862876653671
0.2942066788673401 0.020000001415610313 -0.0349118672311306
0.34233787655830383 0.020000001415610313 -0.048453859984874725
0.2925109267234802 0.020000001415610313 -0.03308429196476936
0.33990734815597534 0.020000001415610313 -0.04900860786437988
0.29090842604637146 0.020000001415610313 -0.03117450140416622
0.33745214343070984 0.020000001415610313 -0.04944153130054474
0.28940311074256897 0.020000001415610313 -0.029187196865677834
0.3349784016609192 0.020000001415610313 -0.04975152760744095
0.2879987359046936 0.020000001415610313 -0.02712731994688511
0.33249229192733765 0.020000001415610313 -0.04993787035346031
0.28669875860214233 0.020000001415610313 -0.02500000037252903
0.2855064272880554 0.020000001415610313 -0.022810548543930054
0.28442472219467163 0.020000001415610313 -0.020564332604408264
0.28345632553100586 0.020000001415610313 -0.018267029896378517
0.2826036512851715 0.020000001415610313 -0.01592431776225567
0.2818687856197357 0.020000001415610313 -0.01354205422103405
0.2812536060810089 0.020000001415610313 -0.011126037687063217
0.28075963258743286 0.020000001415610313 -0.0086824344471097
0.2803880572319031 0.020000001415610313 -0.006217163521796465
0.2801398038864136 0.020000001415610313 -0.0037365113385021687
0.2800155580043793 0.020000001415610313 -0.0012465210165828466
0.2800155580043793 0.020000001415610313 0.0012465210165828466
0.2801398038864136 0.020000001415610313 0.0037365113385021687
0.2803880572319031 0.020000001415610313 0.006217163521796465
0.28075963258743286 0.020000001415610313 0.0086824344471097
0.2812536060810089 0.020000001415610313 0.011126037687063217
0.2818687856197357 0.020000001415610313 0.01354205422103405
0.2826036512851715 0.020000001415610313 0.01592431776225567
0.28345632553100586 0.020000001415610313 0.018267029896378517
0.28442472219467163 0.020000001415610313 0.020564332604408264
0.2855064272880554 0.020000001415610313 0.022810548543930054
0.28669875860214233 0.020000001415610313 0.02500000037252903
0.2879987359046936 0.020000001415610313 0.02712731994688511
0.28940311074256897 0.020000001415610313 0.029187196865677834
0.29090842604637146 0.020000001415610313 0.03117450140416622
0.2925109267234802 0.020000001415610313 0.03308429196476936
0.2942066788673401 0.020000001415610313 0.0349118672311306
0.2959913909435272 0.020000001415610313 0.036652591079473495
0.29786065220832825 0.020000001415610313 0.03830224648118019
0.2998097836971283 0.020000001415610313 0.03985663130879402
0.30183398723602295 0.020000001415610313 0.04131195321679115
0.3039282560348511 0.020000001415610313 0.042664553970098495
0.30608731508255005 0.020000001415610313 0.04391107335686684
0.3083058297634125 0.020000001415610313 0.045048464089632034
0.31057825684547424 0.020000001415610313 0.0460737943649292
0.31289899349212646 0.020000001415610313 0.04698462039232254
0.3152622580528259 0.020000001415610313 0.04777862876653671
0.31766214966773987 0.020000001415610313 0.048453859984874725
0.32009270787239075 0.020000001415610313 0.04900860786437988
0.32254788279533386 0.020000001415610313 0.04944153130054474
0.3250216245651245 0.020000001415610313 0.04975152760744095
0.32750773429870605 0.020000001415610313 0.04993787035346031
0.33000001311302185 0.020000001415610313 0.05000000074505806
0.33249229192733765 0.020000001415610313 0.04993787035346031
0.3349784016609192 0.020000001415610313 0.04975152760744095
0.33745214343070984 0.020000001415610313 0.04944153130054474
0.33990734815597534 0.020000001415610313 0.04900860786437988
0.34233787655830383 0.020000001415610313 0.048453859984874725
0.3447377681732178 0.020000001415610313 0.04777862876653671
0.34710103273391724 0.020000001415610313 0.04698462039232254
0.34942176938056946 0.020000001415610313 0.0460737943649292
0.3516941964626312 0.020000001415610313 0.045048464089632034
0.35391271114349365 0.020000001415610313 0.04391107335686684
0.3560717701911926 0.020000001415610313 0.042664553970098495
0.35816603899002075 0.020000001415610313 0.04131195321679115
0.3601902425289154 0.020000001415610313 0.03985663130879402
0.36213940382003784 0.020000001415610313 0.03830224648118019
0.36400866508483887 0.020000001415610313 0.036652591079473495
0.3657933473587036 0.020000001415610313 0.0349118672311306
0.3674890995025635 0.020000001415610313 0.03308429196476936
0.36909160017967224 0.020000001415610313 0.03117450140416622
0.37059691548347473 0.020000001415610313 0.029187196865677834
0.3720012903213501 0.020000001415610313 0.02712731994688511
0.37330129742622375 0.020000001415610313 0.02500000037252903
0.3744935989379883 0.020000001415610313 0.022810548543930054
0.37557530403137207 0.020000001415610313 0.020564332604408264
0.37654373049736023 0.020000001415610313 0.018267029896378517
0.3773963749408722 0.020000001415610313 0.01592431776225567
0.378131240606308 0.020000001415610313 0.01354205422103405
0.3787464201450348 0.020000001415610313 0.011126037687063217
0.37924039363861084 0.020000001415610313 0.0086824344471097
0.379611998796463 0.020000001415610313 0.006217163521796465
0.3798602223396301 0.020000001415610313 0.0037365113385021687
0.3799844980239868 0.020000001415610313 0.0012465210165828466
0.3799844980239868 0.020000001415610313 -0.0012465210165828466
0.3798602223396301 0.020000001415610313 -0.0037365113385021687
0.379611998796463 0.020000001415610313 -0.006217163521796465
0.37924039363861084 0.020000001415610313 -0.0086824344471097
0.3787464201450348 0.020000001415610313 -0.011126037687063217
0.378131240606308 0.020000001415610313 -0.01354205422103405
-0.41799840331077576 0.05600010231137276 -0.04829096794128418
-0.42826542258262634 0.0559999905526638 -0.05465476214885712
-0.4319078326225281 0.05599932372570038 -0.046615079045295715
-0.42394453287124634 0.056000348180532455 -0.04193970561027527
-0.4220203459262848 0.05600011348724365 -0.054737068712711334
-0.44972923398017883 0.056001048535108566 -0.09474236518144608
-0.4500563144683838 0.048000041395425797 -0.09543319046497345
-0.446097195148468 0.05600036680698395 -0.08854711800813675
-0.4456835091114044 0.05600113794207573 -0.10120443999767303
-0.4368591010570526 0.056000255048274994 -0.09090565145015717
-0.4379996955394745 0.0559999942779541 -0.0993083044886589
-0.43793436884880066 0.048000141978263855 -0.09950365871191025
-0.4709148108959198 0.048999812453985214 -0.06960047036409378
-0.45481985807418823 0.0490000881254673 -0.04649278521537781
-0.4623221457004547 0.04899964481592178 -0.04067029803991318
-0.48133787512779236 0.048999689519405365 -0.05913626775145531
-0.4580124020576477 0.04900052398443222 -0.06636061519384384
-0.4522115886211395 0.048999931663274765 -0.05711620673537254
-0.4799542725086212 0.04900012165307999 -0.047508370131254196
-0.4723716080188751 0.04900040850043297 -0.041009191423654556
-0.4678778350353241 0.04899950698018074 -0.09977829456329346
-0.48010745644569397 0.04899945855140686 -0.09221240133047104
-0.4567447602748871 0.04900006204843521 -0.09530103206634521
-0.4578394293785095 0.04900209233164787 -0.07262585312128067
-0.4520353078842163 0.04899870604276657 -0.08543229103088379
-0.4802969992160797 0.04900004714727402 -0.07754173129796982
-0.47026580572128296 0.04900108650326729 -0.07036557793617249
0.07500109821557999 -0.13096044957637787 0.0364859402179718
0.08198325335979462 -0.13080257177352905 0.03603086248040199
0.08254984021186829 -0.12522639334201813 0.04507743939757347
0.0801648199558258 -0.1310652792453766 0.03258299082517624
-0.011566613800823689 0.04889718070626259 -0.41940003633499146
0.008353976532816887 0.04971497878432274 -0.41940003633499146
0.04981216788291931 -0.008367744274437428 -0.41940003633499146
0.024735521525144577 0.04359378293156624 -0.41940003633499146
0.04173747077584267 -0.027976857498288155 -0.41940003633499146
0.037465136498212814 0.033598851412534714 -0.41940003633499146
0.02867955155670643 -0.041352178901433945 -0.41940003633499146
0.0480511337518692 0.015246524475514889 -0.41940003633499146
0.011566613800823689 -0.04889718070626259 -0.41940003633499146
-0.008353976532816887 -0.04971497878432274 -0.41940003633499146
-0.024735521525144577 -0.04359378293156624 -0.41940003633499146
-0.037465136498212814 -0.033598851412534714 -0.41940003633499146
-0.0480511337518692 -0.015246524475514889 -0.41940003633499146
-0.04981216788291931 0.008367744274437428 -0.41940003633499146
-0.04173747077584267 0.027976857498288155 -0.41940003633499146
-0.02867955155670643 0.041352178901433945 -0.41940003633499146
0.32819411158561707 0.023802505806088448 0.13417139649391174
0.3343520164489746 0.09062570333480835 -0.13492323458194733
0.34597280621528625 0.08084896206855774 -0.1308673620223999
0.341293066740036 0.08777468651533127 -0.1366337686777115
0.34954899549484253 0.06939620524644852 -0.12915968894958496
0.3515784740447998 0.07074117660522461 -0.13365136086940765
0.33635565638542175 0.06749308854341507 -0.1344984471797943
0.3387673795223236 0.06744061410427094 -0.13987421989440918
0.33648818731307983 0.03399994224309921 -0.13572441041469574
0.34653565287590027 0.08192120492458344 -0.137960746884346
0.33716100454330444 0.08376768976449966 -0.1295711249113083
0.3344731330871582 0.08464357256889343 -0.14629937708377838
0.3480643630027771 0.0729181244969368 -0.1407233476638794
0.3434561789035797 0.07345656305551529 -0.1421920210123062
0.3419603109359741 0.033999960869550705 -0.14194975793361664
0.34457531571388245 0.06549979001283646 -0.1417885273694992
0.33513790369033813 0.07562834024429321 -0.14179211854934692
0.3329702615737915 0.07474265247583389 -0.1370564103126526
0.3277808725833893 0.07786312699317932 -0.1394290328025818
0.3509196937084198 0.06741824746131897 -0.1374829262495041
0.3386398255825043 0.07087244093418121 -0.12870371341705322
0.34555038809776306 0.07039739936590195 -0.12676438689231873
0.327108770608902 0.09305701404809952 -0.14036144316196442
0.33136889338493347 0.0924718901515007 -0.1419791877269745
0.3343638479709625 0.08979398012161255 -0.1446826457977295
0.32992327213287354 0.07928552478551865 -0.144937202334404
0.33310651779174805 0.07874461263418198 -0.1311023086309433
0.3276049792766571 0.08825323730707169 -0.1332082897424698
0.32476699352264404 0.09143857657909393 -0.1367410272359848
0.32685309648513794 0.08411193639039993 -0.13298696279525757
0.32513168454170227 0.07995232194662094 -0.1359219253063202
0.338485449552536 0.03400014340877533 -0.1287507563829422
0.3456110954284668 0.041119299829006195 0.144413024187088
0.3553667664527893 0.04132799059152603 0.12812024354934692
0.3542761206626892 0.041238464415073395 0.13929501175880432
0.35309484601020813 0.041415002197027206 0.1399848759174347
0.3497544229030609 0.0413321852684021 0.12158970534801483
0.3409348428249359 0.04122684895992279 0.1202787458896637
0.3336713910102844 0.04118489474058151 0.1257573515176773
0.3317764401435852 0.041280049830675125 0.13297398388385773
0.3361915946006775 0.04137639328837395 0.14218838512897491
0.37447306513786316 0.041328057646751404 0.13836590945720673
0.37737929821014404 0.04141002893447876 0.11563149839639664
0.3810451924800873 0.04123074188828468 0.13333778083324432
0.3673757314682007 0.04124018922448158 0.11495523899793625
0.3614184558391571 0.04132073000073433 0.11903028190135956
0.35897570848464966 0.04141321778297424 0.12565569579601288
0.36046701669692993 0.04140360653400421 0.13234061002731323
0.36673232913017273 0.0413806177675724 0.13774092495441437
0.4029742181301117 0.041401948779821396 0.12570472061634064
0.40711709856987 0.041298650205135345 0.10906151682138443
0.40028950572013855 0.04130583629012108 0.10366147756576538
0.39051899313926697 0.041208893060684204 0.10420407354831696
0.38447943329811096 0.041399795562028885 0.1130581647157669
0.3915993273258209 0.04136389493942261 0.12668149173259735
0.4566482901573181 0.041415002197027206 0.06296295672655106
0.4557897746562958 0.04137246683239937 0.07249800115823746
0.45681032538414 0.041415002197027206 0.06946106255054474
0.446336030960083 0.04142015427350998 0.054402727633714676
0.4378458261489868 0.041156262159347534 0.05682675540447235
0.43268707394599915 0.04132257401943207 0.06574547290802002
0.4359945058822632 0.041412875056266785 0.07450927793979645
0.44302740693092346 0.041220784187316895 0.07852292060852051
0.46752533316612244 0.04137497767806053 0.03556987643241882
0.4677668511867523 0.041415002197027206 0.04520349204540253
0.46795740723609924 0.041415002197027206 0.044636353850364685
0.4617428481578827 0.0411999374628067 0.030085798352956772
0.4683132767677307 0.04141494631767273 0.043225985020399094
0.45145103335380554 0.04137677699327469 0.029647372663021088
0.44554653763771057 0.041223928332328796 0.03615621477365494
0.44449156522750854 0.04136133939027786 0.04264917969703674
0.4561406672000885 0.04132344201207161 0.05349620431661606
0.4715465307235718 0.04141171649098396 0.021681714802980423
0.4733634293079376 0.04141669720411301 0.008564908988773823
0.4692763686180115 0.041415002197027206 0.004159057978540659
0.46808308362960815 0.041204437613487244 0.0034587972331792116
0.4606877565383911 0.041305672377347946 0.0015934061957523227
0.4502682685852051 0.04131857678294182 0.017288269475102425
0.45665955543518066 0.04141983762383461 0.0247532669454813
0.4651619791984558 0.04131157323718071 0.025774432346224785
0.46584028005599976 0.04141511768102646 -0.002077297307550907
0.4719856083393097 0.041357170790433884 -0.02171855792403221
0.4724312722682953 0.041094060987234116 -0.0073509300127625465
0.46154817938804626 0.04125368595123291 -0.026200080290436745
0.4520151615142822 0.041343845427036285 -0.02099009044468403
0.4506509602069855 0.041408292949199677 -0.009799912571907043
0.45624426007270813 0.041160017251968384 -0.0034543615765869617
0.45963725447654724 0.04112533852458 -0.029359042644500732
0.46802955865859985 0.041317373514175415 -0.04464220255613327
0.4645766615867615 0.041421618312597275 -0.05030849203467369
0.467394083738327 0.04134584218263626 -0.03519599512219429
0.46397238969802856 0.041415002197027206 -0.05048126354813576
0.4570043981075287 0.041335638612508774 -0.05331393703818321
0.4478798806667328 0.041206736117601395 -0.05003822594881058
0.4439663589000702 0.04139518365263939 -0.03965432196855545
0.44990959763526917 0.04126764088869095 -0.030751366168260574
0.4479484558105469 0.04123314470052719 -0.054473698139190674
0.45467695593833923 0.041317202150821686 -0.05905153229832649
0.45175743103027344 0.041339337825775146 -0.07683036476373672
0.443560391664505 0.04127057269215584 -0.07860703021287918
0.43704745173454285 0.04141944274306297 -0.07539000362157822
0.4331023693084717 0.04140700399875641 -0.0686313733458519
0.43411844968795776 0.04118306189775467 -0.06168670952320099
0.43819043040275574 0.04140938073396683 -0.05647965520620346
0.40447697043418884 0.041419029235839844 -0.10599898546934128
0.4084145128726959 0.04128624498844147 -0.11240504682064056
0.3954751491546631 0.041406165808439255 -0.12752865254878998
0.3895127475261688 0.041091859340667725 -0.12478520721197128
0.38547593355178833 0.04129365086555481 -0.1205579861998558
0.38430070877075195 0.041429322212934494 -0.11546254903078079
0.38596439361572266 0.04131662845611572 -0.10878805816173553
0.39609819650650024 0.041230458766222 -0.10272190719842911
0.3824256658554077 0.04136589542031288 -0.13137520849704742
0.38223233819007874 0.041057467460632324 -0.12131983041763306
0.3750910460948944 0.04140534624457359 -0.13808532059192657
0.3667509853839874 0.041270483285188675 -0.13787810504436493
0.3594703674316406 0.041415002197027206 -0.12945160269737244
0.35908961296081543 0.04121170938014984 -0.12408918887376785
0.36277297139167786 0.041299715638160706 -0.11775046586990356
0.37045058608055115 0.04130459204316139 -0.11429837346076965
0.3261439800262451 0.04124682769179344 -0.139352947473526
0.32765281200408936 0.04141194745898247 -0.12779097259044647
0.30535390973091125 0.04135136306285858 -0.13845230638980865
0.30430275201797485 0.04132271930575371 -0.1288014054298401
0.3111947774887085 0.041265372186899185 -0.12091229856014252
0.32028064131736755 0.04142693057656288 -0.12072427570819855
0.29286685585975647 0.04136190935969353 -0.11474824696779251
0.2992607057094574 0.04125569760799408 -0.11990685015916824
0.2997117340564728 0.04141361638903618 -0.13198044896125793
0.29361972212791443 0.041333846747875214 -0.13785579800605774
0.30091896653175354 0.041412353515625 -0.1244572252035141
0.2845951020717621 0.04134815186262131 -0.13790638744831085
0.2782154083251953 0.04127878323197365 -0.13245771825313568
0.27688324451446533 0.04133553057909012 -0.12416980415582657
0.2821551561355591 0.04128425195813179 -0.11629098653793335
0.27293360233306885 0.04130043461918831 -0.10712509602308273
0.26315101981163025 0.04127638787031174 -0.10272751748561859
0.27562057971954346 0.041368983685970306 -0.11738074570894241
0.27108800411224365 0.04134899377822876 -0.12471704930067062
0.265584260225296 0.04117216542363167 -0.12701593339443207
0.2574232220649719 0.04140525683760643 -0.12595748901367188
0.2534571588039398 0.04123419150710106 -0.12191913276910782
0.2518710792064667 0.041415002197027206 -0.11814246326684952
0.251299113035202 0.04133078455924988 -0.11448431760072708
0.254244327545166 0.041259799152612686 -0.10725900530815125
0.2211918830871582 0.0412934385240078 -0.0560937225818634
0.2261047214269638 0.041421230882406235 -0.07110442221164703
0.2170802801847458 0.04127254709601402 -0.07866217195987701
0.20822346210479736 0.041411805897951126 -0.07661613821983337
0.20303070545196533 0.04127633944153786 -0.07023022323846817
0.20458360016345978 0.04132186993956566 -0.05963932350277901
0.2131010890007019 0.041244618594646454 -0.054364223033189774
0.21487022936344147 0.04125695675611496 -0.045301444828510284
0.21053744852542877 0.041325297206640244 -0.051362574100494385
0.21153071522712708 0.04142265394330025 -0.031965237110853195
0.2150561660528183 0.0414082407951355 -0.037301864475011826
0.20142762362957 0.041442807763814926 -0.05310441553592682
0.19542813301086426 0.04124746099114418 -0.0502205453813076
0.1912204623222351 0.04134529456496239 -0.041645459830760956
0.19449873268604279 0.04141223803162575 -0.03255932405591011
0.2040199190378189 0.04128951579332352 -0.003299485659226775
0.20793257653713226 0.04126753285527229 -0.020433804020285606
0.20306001603603363 0.04131374508142471 -0.02488107420504093
0.20996861159801483 0.04124194383621216 -0.013143368996679783
0.19431588053703308 0.041295237839221954 -0.025751471519470215
0.18645817041397095 0.04141012951731682 -0.01907424069941044
0.18731741607189178 0.04130467027425766 -0.007245540618896484
0.19554825127124786 0.04126694053411484 -0.001854732632637024
0.20919941365718842 0.04133690893650055 0.018581373617053032
0.2053641378879547 0.04140996187925339 0.004199150018393993
0.19418759644031525 0.04131433367729187 0.0017654492985457182
0.1867440938949585 0.04112182930111885 0.008443432860076427
0.1864149272441864 0.04140293598175049 0.019200339913368225
0.19331315159797668 0.041318364441394806 0.025200288742780685
0.20164883136749268 0.04141451045870781 0.02555340714752674
0.21099108457565308 0.041399918496608734 0.050690412521362305
0.20911084115505219 0.041348110884428024 0.030194193124771118
0.21536128222942352 0.04118662327528 0.043640606105327606
0.20049314200878143 0.041397321969270706 0.029106466099619865
0.19327746331691742 0.04141458868980408 0.0345248281955719
0.19125895202159882 0.04141312465071678 0.042021166533231735
0.19519340991973877 0.041280463337898254 0.05017535015940666
0.20298710465431213 0.04126717895269394 0.05331513285636902
0.21975456178188324 0.0414002425968647 0.07796240597963333
0.22493338584899902 0.04125611484050751 0.05971766635775566
0.22657857835292816 0.04097579047083855 0.06968183815479279
0.21668650209903717 0.04121273383498192 0.054423682391643524
0.2104899287223816 0.04142442345619202 0.05511549115180969
0.20457559823989868 0.04125070944428444 0.06002120301127434
0.20257627964019775 0.04140940308570862 0.06867346167564392
0.20831772685050964 0.041310228407382965 0.07690494507551193
0.2703905403614044 0.04118339344859123 0.12501151859760284
0.27431395649909973 0.041292138397693634 0.10927101969718933
0.2747640311717987 0.04131754860281944 0.11997777968645096
0.26628541946411133 0.041404400020837784 0.10324431955814362
0.25997254252433777 0.04109219089150429 0.10387710481882095
0.2536909282207489 0.04130995273590088 0.1077461689710617
0.251311331987381 0.04130486771464348 0.11597997695207596
0.25556638836860657 0.04130733013153076 0.12451575696468353
0.2637469470500946 0.04141654446721077 0.1274193376302719
0.2921319603919983 0.041331999003887177 0.13833200931549072
0.2994091808795929 0.041420094668865204 0.12040968239307404
0.2953832447528839 0.04122846573591232 0.1161937490105629
0.30076339840888977 0.041056446731090546 0.13120508193969727
0.2872733473777771 0.041328877210617065 0.11434312909841537
0.28565067052841187 0.041415002197027206 0.11493903398513794
0.27905821800231934 0.04126867279410362 0.11950520426034927
0.27658891677856445 0.041320059448480606 0.1264580935239792
0.2792963683605194 0.041418563574552536 0.1339407116174698
0.2839691936969757 0.04121983051300049 0.13755561411380768
0.2162514328956604 0.019999850541353226 0.026660257950425148
0.39106249809265137 0.02000000700354576 0.09962909668684006
0.3033398687839508 0.019999850541353226 -0.11374862492084503
0.41234150528907776 0.020000001415610313 0.09904689341783524
0.42844417691230774 0.020000001415610313 0.08609271049499512
0.28713399171829224 0.01999998837709427 0.10807482898235321
0.44566068053245544 0.01999993808567524 0.014357847161591053
0.23031999170780182 0.02000000700354576 -0.060780856758356094
0.4296800494194031 0.02000000700354576 0.06078086420893669
0.23112884163856506 0.020000001415610313 -0.08379068970680237
0.2689375579357147 0.02000000700354576 -0.09962909668684006
0.24400831758975983 0.020000001415610313 -0.09847524017095566
0.31564173102378845 0.01999993436038494 0.11566061526536942
0.34435826539993286 0.01999993436038494 -0.11566061526536942
0.23178339004516602 0.020000001415610313 0.08706679195165634
0.2692190706729889 0.02000000700354576 0.09967998415231705
0.23037093877792358 0.02000000700354576 0.06106248497962952
0.24344514310359955 0.020000001415610313 0.0983353927731514
0.4437485933303833 0.019999850541353226 -0.026660293340682983
0.21433937549591064 0.01999993808567524 -0.014357964508235455
0.3566601574420929 0.019999850541353226 0.11374862492084503
0.37286612391471863 0.01999998837709427 -0.10807479172945023
0.4296290874481201 0.02000000700354576 -0.06106249615550041
0.3907809853553772 0.02000000700354576 -0.09967998415231705
0.4380747973918915 0.01999998837709427 0.042866092175245285
0.22192515432834625 0.01999998837709427 -0.04286590963602066
0.23507153987884521 0.020000001415610313 -0.09173991531133652
0.4128779470920563 0.020000001415610313 -0.09898918867111206
0.42866310477256775 0.020000001415610313 -0.0850721150636673
0.42183202505111694 0.020000001415610313 -0.09504426270723343
0.4205535650253296 0.020000001415610313 0.09593271464109421
-0.42669662833213806 0.04800020530819893 -0.04223614186048508
-0.4205148220062256 0.048000797629356384 -0.043574634939432144
-0.4183487296104431 0.048000238835811615 -0.049361441284418106
-0.42196425795555115 0.047999683767557144 -0.054864466190338135
-0.4300071895122528 0.04800036922097206 -0.05351538583636284
-0.43124207854270935 0.048000115901231766 -0.0461469367146492
-0.4370393455028534 0.04799987003207207 -0.0909651443362236
-0.4451141655445099 0.048000503331422806 -0.0882023423910141
-0.44482776522636414 0.047999851405620575 -0.10116318613290787
-0.47008880972862244 0.04599973186850548 -0.040018800646066666
-0.46032071113586426 0.04599877446889877 -0.04141199216246605
-0.48007985949516296 0.04599818214774132 -0.04737228900194168
-0.4799554646015167 0.045998066663742065 -0.06283306330442429
-0.4656847417354584 0.04599964991211891 -0.06968729943037033
-0.4606301784515381 0.04599972814321518 -0.0682239755988121
-0.45351746678352356 0.04600023850798607 -0.060558829456567764
-0.45269376039505005 0.046000417321920395 -0.050605665892362595
-0.47828516364097595 0.04599786549806595 -0.07500612735748291
-0.4728751480579376 0.0460006520152092 -0.09869764000177383
-0.48167872428894043 0.04599839448928833 -0.08792778104543686
-0.46361613273620605 0.04600043222308159 -0.09902694076299667
-0.45368918776512146 0.04600001499056816 -0.09208567440509796
-0.45395520329475403 0.0459994412958622 -0.07748685777187347
-0.15874339640140533 0.23517684638500214 -0.25981462001800537
-0.15921175479888916 0.22354267537593842 -0.2581571936607361
-0.1587458848953247 0.21275594830513 -0.26087385416030884
-0.15668083727359772 0.23773683607578278 -0.2604019045829773
-0.15673339366912842 0.22671659290790558 -0.261603981256485
-0.15663155913352966 0.21515150368213654 -0.25972238183021545
-0.15176284313201904 0.2270728498697281 -0.2589760720729828
-0.14976555109024048 0.23513220250606537 -0.2607472538948059
0.07770544290542603 -0.12520508468151093 0.02489827387034893
0.08543374389410019 -0.12532620131969452 0.027660349383950233
0.06869100034236908 -0.1252325028181076 0.0386652871966362
0.06997170299291611 -0.12523153424263 0.029419485479593277
0.07168757915496826 -0.12504863739013672 0.04328843578696251
0.08903848379850388 -0.12527327239513397 0.036460503935813904
0.12716101109981537 0.11861253529787064 -0.41940003633499146
0.1473298817873001 0.09187217056751251 -0.41940003633499146
-0.08331238478422165 0.15284457802772522 -0.41940003633499146
-0.04443100094795227 0.16796666383743286 -0.41940003633499146
0.13296303153038025 -0.11268732696771622 -0.41940003633499146
-0.07169785350561142 -0.1581328958272934 -0.41940003633499146
-0.03247867897152901 -0.17123883962631226 -0.41940003633499146
0.09878163784742355 -0.14293041825294495 -0.41940003633499146
0.09878163784742355 0.14293041825294495 -0.41940003633499146
0.062019359320402145 -0.16265305876731873 -0.41940003633499146
-0.10436845570802689 -0.13931849598884583 -0.41940003633499146
0.07077857851982117 0.15862983465194702 -0.41940003633499146
0.03925154358148575 0.16929693520069122 -0.41940003633499146
0.01748441718518734 -0.17301200330257416 -0.41940003633499146
-0.1263529658317566 0.12005221098661423 -0.41940003633499146
0.1739307940006256 -0.01121068000793457 -0.41940003633499146
0.1710098534822464 0.030037036165595055 -0.41940003633499146
-0.0033813018817454576 0.17404305934906006 -0.41940003633499146
-0.13414572179317474 -0.11041665822267532 -0.41940003633499146
0.1614796668291092 -0.06519196182489395 -0.41940003633499146
0.16231803596019745 0.06238361448049545 -0.41940003633499146
-0.1527385264635086 -0.08281218260526657 -0.41940003633499146
-0.15885184705257416 0.07171957194805145 -0.41940003633499146
-0.16961269080638885 -0.040114060044288635 -0.41940003633499146
-0.17341649532318115 0.016686491668224335 -0.41940003633499146
0.2545064389705658 0.08085622638463974 -0.16271819174289703
0.25111013650894165 0.07789714634418488 -0.16911479830741882
0.25856050848960876 0.07904353737831116 -0.17203518748283386
0.25448718667030334 0.08755166828632355 -0.16122597455978394
0.25131139159202576 0.0916706845164299 -0.16560430824756622
0.24938781559467316 0.09313831478357315 -0.170760378241539
0.2557470500469208 0.0912228599190712 -0.17424152791500092
0.25557729601860046 0.08657529205083847 -0.17686593532562256
0.25738704204559326 0.0822800025343895 -0.1755923628807068
0.3254375755786896 0.02109903283417225 0.14195604622364044
0.3281942307949066 0.02110345847904682 0.1313965916633606
0.31657683849334717 0.021098485216498375 0.1466141641139984
0.3062766492366791 0.021099701523780823 0.14223752915859222
0.30378714203834534 0.0211004838347435 0.13284069299697876
0.3087603449821472 0.02109995298087597 0.12391886860132217
0.3203830420970917 0.02109944447875023 0.12273077666759491
0.35077276825904846 0.03400002419948578 -0.13856567442417145
0.3510221242904663 0.03400002047419548 -0.13078300654888153
0.3458355665206909 0.03400002047419548 -0.12672312557697296
0.33576443791389465 0.04099999740719795 0.11675429344177246
0.33061254024505615 0.04099472612142563 0.1384768933057785
0.38525623083114624 0.04120587557554245 0.11978163570165634
0.36338645219802856 0.040999893099069595 0.11254283040761948
0.38340526819229126 0.04140545427799225 0.126134991645813
0.39147281646728516 0.04100000485777855 0.10030466318130493
0.4081674814224243 0.04121781513094902 0.11772573739290237
0.4064752459526062 0.04099361598491669 0.12677009403705597
0.44983378052711487 0.041416484862565994 0.07770051807165146
0.4302878677845001 0.041023507714271545 0.06134723499417305
0.45356106758117676 0.041295912116765976 0.05760421231389046
0.4561624526977539 0.0410834439098835 0.0778045654296875
0.4572543501853943 0.04141843318939209 0.0655691996216774
0.4649500250816345 0.041409753262996674 0.04991362616419792
0.4724036753177643 0.04103834554553032 0.04185904562473297
0.4456331729888916 0.04100648686289787 0.017889143899083138
0.45186758041381836 0.0413995124399662 0.007499653846025467
0.47421300411224365 0.04120584949851036 -0.012517569586634636
0.47727087140083313 0.04098961874842644 -0.017947658896446228
0.4725666344165802 0.04101220518350601 -0.04009315371513367
0.4425427317619324 0.040999893099069595 -0.033386774361133575
0.4576890170574188 0.041393980383872986 -0.0681060403585434
0.41090384125709534 0.04105383902788162 -0.12440185993909836
0.3944304585456848 0.04100000113248825 -0.13336960971355438
0.37528058886528015 0.04099462181329727 -0.14095692336559296
0.3596065938472748 0.04119099676609039 -0.13135269284248352
0.3554159104824066 0.04100005701184273 -0.12362898141145706
0.3715604245662689 0.040999989956617355 -0.10936927050352097
0.3186231553554535 0.041116487234830856 -0.14407598972320557
0.3292236626148224 0.04100678116083145 -0.13044056296348572
0.3220662474632263 0.04100000858306885 -0.14790427684783936
0.3120505213737488 0.04142468422651291 -0.14358863234519958
0.25274038314819336 0.0410013273358345 -0.1263527125120163
0.2267589122056961 0.04129200056195259 -0.06366004794836044
0.2208874523639679 0.04100235179066658 -0.04204756021499634
0.189336359500885 0.04108744114637375 -0.04624738544225693
0.21293117105960846 0.0410095676779747 -0.0007018695469014347
0.21745726466178894 0.040999896824359894 0.03338667005300522
0.20920637249946594 0.0412386879324913 0.010304386727511883
0.1873733550310135 0.04108104109764099 0.04085209593176842
0.21449624001979828 0.04141434654593468 0.03607561066746712
0.22969892621040344 0.04100251570343971 0.06148938462138176
0.28681573271751404 0.04102230817079544 0.14196765422821045
0.30097877979278564 0.041394151747226715 0.1274353265762329
0.42468658089637756 0.04100000113248825 -0.09391453862190247
0.42963239550590515 0.04100000113248825 -0.08422688394784927
0.4147835969924927 0.04100000113248825 -0.09954510629177094
0.3910127878189087 0.04100000858306885 -0.10037770122289658
0.3126910924911499 0.04099997505545616 -0.11605353653430939
0.2678467929363251 0.04100017249584198 -0.10031040012836456
0.3464146554470062 0.04099998250603676 -0.11594989150762558
0.24713997542858124 0.04100000113248825 -0.09978915750980377
0.23909687995910645 0.04100000113248825 -0.09693649411201477
0.23091672360897064 0.04100000113248825 -0.08709222078323364
0.22962228953838348 0.04100000485777855 -0.06101272627711296
0.2156962752342224 0.040999989956617355 -0.024970419704914093
0.23030821979045868 0.04100000113248825 0.08376998454332352
0.23441341519355774 0.04100000113248825 0.09282495826482773
0.24429406225681305 0.04100000113248825 0.09938347339630127
0.2689872682094574 0.04100000858306885 0.10037770867347717
0.28843945264816284 0.04099998623132706 0.109369195997715
0.3135853111743927 0.040999989956617355 0.11594988405704498
0.41422683000564575 0.04100000113248825 0.09963240474462509
0.4246593117713928 0.04100000113248825 0.0940946415066719
0.42967689037323 0.04100000113248825 0.08386319875717163
0.4303046762943268 0.04100000485777855 -0.06147284433245659
0.4393692910671234 0.04099998250603676 0.04156035557389259
0.4469352066516876 0.040999989956617355 -0.002885130699723959
0.08907537162303925 0.2279980629682541 -0.08706646412611008
0.09612037986516953 0.21199989318847656 -0.08617904037237167
0.08672823756933212 0.21199986338615417 -0.0896279513835907
0.08972686529159546 0.2120000123977661 -0.09737644344568253
0.0954696536064148 0.21199999749660492 -0.09764699637889862
0.0991630032658577 0.21199990808963776 -0.09310659021139145
0.0984392762184143 0.22800026834011078 -0.09532736241817474
0.09853124618530273 0.22800226509571075 -0.1943916380405426
0.09759964048862457 0.21199998259544373 -0.19390574097633362
0.09187694638967514 0.2120000123977661 -0.1917317658662796
0.09122808277606964 0.21200010180473328 -0.20404033362865448
0.08636493235826492 0.21199992299079895 -0.1977883130311966
0.09892039746046066 0.21200017631053925 -0.2011929452419281
-0.014752454124391079 0.22799988090991974 -0.19195854663848877
-0.013132454827427864 0.21199987828731537 -0.19163571298122406
-0.018227411434054375 0.2120000123977661 -0.19481715559959412
-0.008604276925325394 0.22799654304981232 -0.19322900474071503
-0.007226660847663879 0.21199989318847656 -0.1955806165933609
-0.01890520378947258 0.21199999749660492 -0.20000387728214264
-0.014211866073310375 0.2120000123977661 -0.2041560858488083
-0.017933690920472145 0.22799989581108093 -0.20221370458602905
-0.006811584811657667 0.22799783945083618 -0.1991710066795349
-0.008212482556700706 0.2120000272989273 -0.20204772055149078
-0.008436684496700764 0.21799686551094055 -0.0875784382224083
-0.007135257124900818 0.2019999623298645 -0.08993446081876755
-0.011466342955827713 0.20200003683567047 -0.0859464555978775
-0.016492022201418877 0.20200002193450928 -0.08694438636302948
-0.016647780314087868 0.20200000703334808 -0.09712965786457062
-0.01921260356903076 0.20200003683567047 -0.09149542450904846
-0.0066063664853572845 0.2180018573999405 -0.09323101490736008
-0.00896530132740736 0.2019999623298645 -0.0971207320690155
-0.4253872036933899 0.04799962788820267 -0.039203424006700516
-0.4156581461429596 0.04800448566675186 -0.0463983379304409
-0.41847866773605347 0.04799565300345421 -0.055332597345113754
-0.42735639214515686 0.04799916222691536 -0.05791138857603073
-0.43479788303375244 0.048009853810071945 -0.04789581894874573
-0.4333093464374542 0.04799698293209076 -0.09532932937145233
-0.4411264657974243 0.04800715297460556 -0.08524192124605179
-0.45057085156440735 0.048001766204833984 -0.10105548799037933
-0.4400128424167633 0.048003170639276505 -0.10360259562730789
-0.4509975016117096 0.04799891263246536 -0.08986416459083557
-0.4306001365184784 0.04599709063768387 -0.05684380233287811
-0.42804333567619324 0.046002715826034546 -0.03994131460785866
-0.43392112851142883 0.04599926993250847 -0.0460701547563076
-0.4491231441497803 0.04599636420607567 -0.08723688125610352
-0.4519382417201996 0.04600017890334129 -0.09748367220163345
-0.49729567766189575 0.04599906876683235 -0.06669089943170547
-0.4808697998523712 0.04599994048476219 -0.042947858572006226
-0.493876188993454 0.04600009694695473 -0.0840417817234993
-0.44650158286094666 0.04599781706929207 -0.10322257876396179
-0.4334762990474701 0.046002957969903946 -0.09366026520729065
-0.43939951062202454 0.04599964991211891 -0.08624400943517685
-0.4184836447238922 0.0459991991519928 -0.05556324124336243
-0.49106690287590027 0.0460008941590786 -0.05137195438146591
-0.482159823179245 0.04600129276514053 -0.09594741463661194
-0.14854879677295685 0.21568597853183746 -0.26071837544441223
-0.1452421396970749 0.2280144989490509 -0.26073646545410156
-0.16457174718379974 0.23638100922107697 -0.26072782278060913
-0.17072941362857819 0.22540049254894257 -0.2607344090938568
-0.16599005460739136 0.2155151665210724 -0.2607259154319763
0.0682680681347847 -0.12499908357858658 0.045142073184251785
0.0683276429772377 -0.12001235783100128 0.04527434706687927
0.07150212675333023 -0.11999418586492538 0.039821233600378036
0.21444135904312134 -0.04629291594028473 -0.40200215578079224
0.2294834703207016 -0.038734592497348785 -0.4020009934902191
0.2245509922504425 -0.04718519002199173 -0.40198633074760437
0.22511985898017883 -0.031057052314281464 -0.40199947357177734
0.22922246158123016 -0.03641883656382561 -0.3901863992214203
0.210772305727005 -0.036677196621894836 -0.40199998021125793
0.21742181479930878 -0.029899654909968376 -0.40199941396713257
0.2197810262441635 0.02954849973320961 -0.40200138092041016
0.22574391961097717 0.03167972341179848 -0.40199998021125793
0.22552412748336792 0.031421959400177 -0.39006373286247253
0.21181446313858032 0.03401211276650429 -0.4020012617111206
0.21258170902729034 0.04469207301735878 -0.4020006060600281
0.22004714608192444 0.04795123264193535 -0.4019986689090729
0.22925859689712524 0.0374688059091568 -0.40200039744377136
0.22655172646045685 0.04557737708091736 -0.40199941396713257
-0.03805480897426605 -0.169678196310997 -0.3995000123977661
-0.08597492426633835 -0.15170080959796906 -0.3995000123977661
-0.17436978220939636 -2.5442288276167346e-09 -0.3995000123977661
-0.16638246178627014 0.05055427551269531 -0.3995000123977661
-0.12208838760852814 -0.1235615611076355 -0.3995000123977661
-0.15159936249256134 0.08487960696220398 -0.3995000123977661
-0.14992211759090424 -0.08888735622167587 -0.3995000123977661
-0.13263334333896637 0.11222882568836212 -0.3995000123977661
-0.1674218773841858 -0.04644166678190231 -0.3995000123977661
-0.10228552669286728 0.1408548504114151 -0.3995000123977661
-0.05810113623738289 0.1640934944152832 -0.3995000123977661
-0.004947930108755827 0.174221470952034 -0.3995000123977661
0.04864582046866417 0.1671406626701355 -0.3995000123977661
0.08669121563434601 0.15057072043418884 -0.3995000123977661
0.12028444558382034 0.12583349645137787 -0.3995000123977661
0.14639058709144592 0.09357728064060211 -0.3995000123977661
0.16319958865642548 0.06003962457180023 -0.3995000123977661
0.17135800421237946 0.027982601895928383 -0.3995000123977661
0.17381280660629272 -0.008343097753822803 -0.3995000123977661
0.1678900420665741 -0.04426656290888786 -0.3995000123977661
0.15449316799640656 -0.08035875856876373 -0.3995000123977661
0.12990392744541168 -0.11537713557481766 -0.3995000123977661
0.09657291322946548 -0.1450013518333435 -0.3995000123977661
0.05638999864459038 -0.16433830559253693 -0.3995000123977661
0.011761687695980072 -0.17389442026615143 -0.3995000123977661
0.2433561235666275 0.08308926969766617 -0.17539851367473602
0.24905797839164734 0.08784187585115433 -0.16183972358703613
0.24428963661193848 0.08968867361545563 -0.17486809194087982
0.24856173992156982 0.08250348269939423 -0.161872997879982
0.2474929392337799 0.07875709980726242 -0.17288944125175476
0.2466764748096466 0.07898653298616409 -0.16450031101703644
0.3289817273616791 0.021100003272294998 0.1261652708053589
0.3087097704410553 0.021100003272294998 0.14773479104042053
0.3067927956581116 0.021100003272294998 0.12171261012554169
0.3010733127593994 0.021100003272294998 0.13092905282974243
0.31868264079093933 0.02110000140964985 0.14930108189582825
0.3309745490550995 0.021100003272294998 0.13568440079689026
0.3192453682422638 0.021100003272294998 0.11923739314079285
0.30180567502975464 0.021100003272294998 0.1402430236339569
0.3276709020137787 0.021100003272294998 0.1440228968858719
0.35327768325805664 0.03399988263845444 -0.12223777174949646
0.3448657691478729 0.03399999067187309 -0.11895226687192917
0.35916292667388916 0.034000005573034286 -0.13052690029144287
0.3306244909763336 0.033999957144260406 -0.1417974829673767
0.34993642568588257 0.03399995341897011 -0.14835450053215027
0.34019050002098083 0.03399999067187309 -0.14901220798492432
0.35743311047554016 0.034000005573034286 -0.14165543019771576
0.33344346284866333 0.03400002419948578 -0.12298695743083954
0.32914096117019653 0.033999986946582794 -0.1322055459022522
0.438620924949646 0.04100000113248825 -0.10085544735193253
0.34927231073379517 0.04100000113248825 0.14727318286895752
0.3847423195838928 0.04100000113248825 0.13774468004703522
0.21080896258354187 0.04100000113248825 0.08811429142951965
0.19576716423034668 0.04099999740719795 0.06286747753620148
0.2541750967502594 0.04100000113248825 0.12736128270626068
0.230536550283432 0.04100000113248825 0.109897680580616
0.20002882182598114 0.04100007936358452 -0.07170461863279343
0.47725602984428406 0.04100000113248825 0.018074432387948036
0.2964974045753479 0.04100000113248825 -0.14438754320144653
0.33532214164733887 0.041000138968229294 -0.12187091261148453
0.3440444767475128 0.0410001315176487 -0.11896603554487228
0.30639082193374634 0.04100000113248825 0.1459849774837494
0.3019629716873169 0.04100000113248825 0.14031602442264557
0.33092716336250305 0.040999799966812134 -0.14232103526592255
0.43163248896598816 0.04100000113248825 0.10858431458473206
0.22617267072200775 0.04100000113248825 -0.10620946437120438
0.1818973422050476 0.04099999740719795 0.006051418371498585
0.3375418186187744 0.04100004956126213 -0.14778351783752441
0.3040177524089813 0.04100000113248825 0.12453533709049225
0.32408857345581055 0.04100000113248825 0.14712515473365784
0.3137948513031006 0.04100000113248825 0.1190580353140831
0.3551289141178131 0.04100025072693825 -0.14544042944908142
0.18361376225948334 0.04099999740719795 -0.023284900933504105
0.26868894696235657 0.04100000113248825 -0.1349494755268097
0.32983723282814026 0.04100000113248825 0.12774860858917236
0.32296666502952576 0.04100000113248825 0.1208621934056282
0.4603334367275238 0.04100000113248825 -0.07123211771249771
0.09483024477958679 0.22800195217132568 -0.09799160063266754
0.08673921972513199 0.22799809277057648 -0.09065253287553787
0.08900807797908783 0.22799770534038544 -0.09707099199295044
0.09889818727970123 0.22799843549728394 -0.08935468643903732
0.09433864802122116 0.22799670696258545 -0.08579430729150772
0.09323322027921677 0.22799864411354065 -0.20465722680091858
0.08747564256191254 0.2279985249042511 -0.20107027888298035
0.09867419302463531 0.22799891233444214 -0.20079578459262848
0.09125448018312454 0.2279995232820511 -0.1917295604944229
0.08687439560890198 0.22800052165985107 -0.1963515728712082
-0.01899941824376583 0.22800342738628387 -0.19570419192314148
-0.010559044778347015 0.22800058126449585 -0.2040894776582718
-0.018169261515140533 0.21799391508102417 -0.09575456380844116
-0.01233799010515213 0.2180008888244629 -0.09857805073261261
-0.01333697885274887 0.2180003821849823 -0.0857110247015953
-0.017328839749097824 0.21800635755062103 -0.08726558834314346
-0.019374577328562737 0.21799655258655548 -0.09154321253299713
0.15352222323417664 -0.05793793871998787 0.09437040239572525
0.14651893079280853 -0.05101238936185837 0.07794718444347382
0.15602971613407135 -0.017094265669584274 0.09331423789262772
0.1498877853155136 -0.017064057290554047 0.08035758882761002
0.1431388556957245 -0.016444329172372818 0.06273869425058365
0.13790357112884521 -0.03267494961619377 0.0510098934173584
0.1386839896440506 -0.015760105103254318 0.04674273729324341
0.13680782914161682 -0.025802399963140488 0.04385912045836449
0.13526321947574615 -0.018130745738744736 0.03392533212900162
-0.4206351041793823 0.043502841144800186 -0.040253326296806335
-0.4156413674354553 0.04350023344159126 -0.048181161284446716
-0.4382968842983246 0.04349999129772186 -0.10344057530164719
-0.47927263379096985 0.04350109398365021 -0.09755323082208633
-0.4943588972091675 0.04349927604198456 -0.08369052410125732
-0.49686509370803833 0.043500468134880066 -0.06423268467187881
-0.4909834861755371 0.043498583137989044 -0.051500920206308365
-0.4772808253765106 0.043500836938619614 -0.040786195546388626
-0.35748350620269775 -0.16320694983005524 -0.14746764302253723
-0.3538067042827606 -0.1630014330148697 -0.14367081224918365
-0.35264065861701965 -0.16502520442008972 -0.14265720546245575
-0.3486629128456116 -0.1629989594221115 -0.14650516211986542
-0.3485388457775116 -0.1649995893239975 -0.1503870189189911
-0.3504409193992615 -0.1630001962184906 -0.15160638093948364
-0.3550451993942261 -0.1650160551071167 -0.1522275060415268
-0.35567593574523926 -0.1630001664161682 -0.15164686739444733
-0.32722631096839905 -0.16300129890441895 -0.1497015804052353
-0.3257961571216583 -0.16300009191036224 -0.14471372961997986
-0.32779574394226074 -0.16500331461429596 -0.14886151254177094
-0.3224523067474365 -0.1650344729423523 -0.1428043246269226
-0.3200637698173523 -0.16299910843372345 -0.14433446526527405
-0.3186454176902771 -0.16301128268241882 -0.14931969344615936
-0.3184494972229004 -0.16498561203479767 -0.14936563372612
-0.3229443430900574 -0.16332128643989563 -0.15241581201553345
-0.1582101583480835 0.2124914824962616 -0.27000004053115845
-0.14804376661777496 0.21656256914138794 -0.2700001299381256
-0.14507238566875458 0.22694379091262817 -0.2699998915195465
-0.14865882694721222 0.23410151898860931 -0.27000007033348083
-0.1563134789466858 0.2380099892616272 -0.2700001895427704
-0.1670224815607071 0.23438766598701477 -0.2699998915195465
-0.17049206793308258 0.22358866035938263 -0.2700001895427704
-0.16593390703201294 0.2156100571155548 -0.27000004053115845
0.06466889381408691 -0.11999934911727905 0.039858076721429825
0.0645434707403183 -0.12499382346868515 0.03911446034908295
0.08369732648134232 -0.12499888986349106 0.02193925343453884
0.09139376133680344 -0.12499925494194031 0.028736108914017677
0.09165293723344803 -0.12499935925006866 0.04181332886219025
0.0820348784327507 -0.12499971687793732 0.04931079223752022
0.07413270324468613 -0.12499653548002243 0.021723149344325066
0.06672222167253494 -0.12499271333217621 0.027174390852451324
0.07345038652420044 -0.12500064074993134 0.0487472265958786
0.14036548137664795 -0.04367276281118393 0.06305892020463943
0.14628159999847412 -0.054838743060827255 0.08232983201742172
0.38885095715522766 0.009000001475214958 -0.047717154026031494
0.4045051336288452 0.009000001475214958 -0.013760597445070744
0.3638549745082855 0.009000001475214958 -0.06733841449022293
0.4030746519565582 0.009000001475214958 0.01860707625746727
0.33691641688346863 0.009000001475214958 -0.0751686841249466
0.3071751892566681 0.009000001475214958 -0.07195272296667099
0.39320307970046997 0.009000001475214958 0.04082129895687103
0.2840898334980011 0.009000001475214958 -0.0596463643014431
0.34913668036460876 0.009000001475214958 0.07279575616121292
0.3746345341205597 0.009000001475214958 0.06103963777422905
0.2697301506996155 0.009000001475214958 -0.04494593292474747
0.2582549452781677 0.009000001475214958 -0.023469408974051476
0.3193149268627167 0.009000001475214958 0.07500793039798737
0.260558545589447 0.009000001475214958 0.029932595789432526
0.2547711133956909 0.009000001475214958 0.002458035247400403
0.2765255868434906 0.009000001475214958 0.052970901131629944
0.2928963601589203 0.009000001475214958 0.06539043039083481
-0.48945337533950806 -0.22300000488758087 -0.04291302710771561
-0.4907618463039398 -0.22300000488758087 -0.04406775161623955
-0.4920111298561096 -0.22300000488758087 -0.04528631642460823
-0.49319812655448914 -0.22300000488758087 -0.04656561464071274
-0.494319885969162 -0.22300000488758087 -0.04790246859192848
-0.49635669589042664 -0.22300000488758087 -0.0507354773581028
-0.49537360668182373 -0.22300000488758087 -0.049293581396341324
-0.4972666800022125 -0.22300000488758087 -0.05222461000084877
-0.48667198419570923 -0.22300000488758087 -0.04080621525645256
-0.4880889356136322 -0.22300000488758087 -0.04182495176792145
-0.4988584816455841 -0.22300000488758087 -0.05532953143119812
-0.49810129404067993 -0.22300000488758087 -0.0537572056055069
-0.48055097460746765 -0.22300000488758087 -0.03747290372848511
-0.4821417033672333 -0.22300000488758087 -0.03819067403674126
-0.4836946725845337 -0.22300000488758087 -0.03898681700229645
-0.4852060079574585 -0.22300000488758087 -0.03985943645238876
-0.4772722125053406 -0.22300000488758087 -0.03627954423427582
-0.47892647981643677 -0.22300000488758087 -0.03683532774448395
-0.5006476640701294 -0.22300000488758087 -0.06024518236517906
-0.4995363652706146 -0.22300000488758087 -0.05693768709897995
-0.500133216381073 -0.22300000488758087 -0.05857757851481438
-0.47389090061187744 -0.22300000488758087 -0.03541858121752739
-0.4755922853946686 -0.22300000488758087 -0.03580688685178757
-0.5010782480239868 -0.22300000488758087 -0.06193634495139122
-0.5014240741729736 -0.22300000488758087 -0.06364691257476807
-0.47044065594673157 -0.22300000488758087 -0.03489850088953972
-0.47217226028442383 -0.22300000488758087 -0.03511554002761841
-0.5018578767776489 -0.22300000488758087 -0.06710907071828842
-0.5016841888427734 -0.22300000488758087 -0.06537256389856339
-0.4669557809829712 -0.22300000488758087 -0.03472461178898811
-0.4687004089355469 -0.22300000488758087 -0.034768130630254745
-0.4634709060192108 -0.22300000488758087 -0.03489850088953972
-0.4652111828327179 -0.22300000488758087 -0.034768130630254745
-0.5016841888427734 -0.22300000488758087 -0.07407660037279129
-0.501944899559021 -0.22300000488758087 -0.06885199248790741
-0.501944899559021 -0.22300000488758087 -0.07059717178344727
-0.5018578767776489 -0.22300000488758087 -0.07234015315771103
-0.46173930168151855 -0.22300000488758087 -0.03511554002761841
-0.4583192765712738 -0.22300000488758087 -0.03580688685178757
-0.46002066135406494 -0.22300000488758087 -0.03541858121752739
-0.5006476640701294 -0.22300000488758087 -0.07920404523611069
-0.5014240741729736 -0.22300000488758087 -0.07580231130123138
-0.5010782480239868 -0.22300000488758087 -0.07751282304525375
-0.4566393196582794 -0.22300000488758087 -0.03627954423427582
-0.4995363652706146 -0.22300000488758087 -0.0825115367770195
-0.500133216381073 -0.22300000488758087 -0.08087164908647537
-0.4988584816455841 -0.22300000488758087 -0.08411963284015656
-0.4517698585987091 -0.22300000488758087 -0.03819067403674126
-0.45336055755615234 -0.22300000488758087 -0.03747290372848511
-0.4549850821495056 -0.22300000488758087 -0.03683532774448395
-0.4487055540084839 -0.22300000488758087 -0.03985943645238876
-0.4502168893814087 -0.22300000488758087 -0.03898681700229645
-0.4458226263523102 -0.22300000488758087 -0.04182495176792145
-0.44723957777023315 -0.22300000488758087 -0.04080621525645256
-0.494319885969162 -0.22300000488758087 -0.09154675900936127
-0.49810129404067993 -0.22300000488758087 -0.08569195866584778
-0.4972666800022125 -0.22300000488758087 -0.08722461014986038
-0.49635669589042664 -0.22300000488758087 -0.08871369063854218
-0.49537360668182373 -0.22300000488758087 -0.09015564620494843
-0.4920111298561096 -0.22300000488758087 -0.09416290372610092
-0.49319812655448914 -0.22300000488758087 -0.09288360923528671
-0.44314974546432495 -0.22300000488758087 -0.04406775161623955
-0.4444582164287567 -0.22300000488758087 -0.04291302710771561
-0.44071343541145325 -0.22300000488758087 -0.04656561464071274
-0.44190043210983276 -0.22300000488758087 -0.04528631642460823
-0.48945337533950806 -0.22300000488758087 -0.09653613716363907
-0.4907618463039398 -0.22300000488758087 -0.09538141638040543
-0.48667198419570923 -0.22300000488758087 -0.09864295274019241
-0.4880889356136322 -0.22300000488758087 -0.09762421250343323
-0.43755486607551575 -0.22300000488758087 -0.0507354773581028
-0.43853795528411865 -0.22300000488758087 -0.049293581396341324
-0.4395916759967804 -0.22300000488758087 -0.04790246859192848
-0.4852060079574585 -0.22300000488758087 -0.09958978742361069
-0.43581026792526245 -0.22300000488758087 -0.0537572056055069
-0.43664488196372986 -0.22300000488758087 -0.05222461000084877
-0.4350530505180359 -0.22300000488758087 -0.05532953143119812
-0.48055097460746765 -0.22300000488758087 -0.10197626054286957
-0.4836946725845337 -0.22300000488758087 -0.10046234726905823
-0.4821417033672333 -0.22300000488758087 -0.10125848650932312
-0.4772722125053406 -0.22300000488758087 -0.10316962003707886
-0.47892647981643677 -0.22300000488758087 -0.10261383652687073
-0.4332639276981354 -0.22300000488758087 -0.06024518236517906
-0.433778315782547 -0.22300000488758087 -0.05857757851481438
-0.43437519669532776 -0.22300000488758087 -0.05693768709897995
-0.43283331394195557 -0.22300000488758087 -0.06193634495139122
-0.47389090061187744 -0.22300000488758087 -0.10403064638376236
-0.4755922853946686 -0.22300000488758087 -0.10364227741956711
-0.47217226028442383 -0.22300000488758087 -0.10433368384838104
-0.4319666624069214 -0.22300000488758087 -0.06885199248790741
-0.4320536255836487 -0.22300000488758087 -0.06710907071828842
-0.43222740292549133 -0.22300000488758087 -0.06537256389856339
-0.43248751759529114 -0.22300000488758087 -0.06364691257476807
-0.4652111828327179 -0.22300000488758087 -0.104681096971035
-0.4687004089355469 -0.22300000488758087 -0.104681096971035
-0.4669557809829712 -0.22300000488758087 -0.10472461581230164
-0.4634709060192108 -0.22300000488758087 -0.10455066710710526
-0.47044065594673157 -0.22300000488758087 -0.10455066710710526
-0.43222740292549133 -0.22300000488758087 -0.07407660037279129
-0.4320536255836487 -0.22300000488758087 -0.07234015315771103
-0.4319666624069214 -0.22300000488758087 -0.07059717178344727
-0.46002066135406494 -0.22300000488758087 -0.10403064638376236
-0.46173930168151855 -0.22300000488758087 -0.10433368384838104
-0.43283331394195557 -0.22300000488758087 -0.07751282304525375
-0.43248751759529114 -0.22300000488758087 -0.07580231130123138
-0.4566393196582794 -0.22300000488758087 -0.10316962003707886
-0.4583192765712738 -0.22300000488758087 -0.10364227741956711
-0.433778315782547 -0.22300000488758087 -0.08087164908647537
-0.4332639276981354 -0.22300000488758087 -0.07920404523611069
-0.45336055755615234 -0.22300000488758087 -0.10197626054286957
-0.4549850821495056 -0.22300000488758087 -0.10261383652687073
-0.4350530505180359 -0.22300000488758087 -0.08411963284015656
-0.43437519669532776 -0.22300000488758087 -0.0825115367770195
-0.4517698585987091 -0.22300000488758087 -0.10125848650932312
-0.4487055540084839 -0.22300000488758087 -0.09958978742361069
-0.4502168893814087 -0.22300000488758087 -0.10046234726905823
-0.43755486607551575 -0.22300000488758087 -0.08871369063854218
-0.43664488196372986 -0.22300000488758087 -0.08722461014986038
-0.43581026792526245 -0.22300000488758087 -0.08569195866584778
-0.43853795528411865 -0.22300000488758087 -0.09015564620494843
-0.4458226263523102 -0.22300000488758087 -0.09762421250343323
-0.44723957777023315 -0.22300000488758087 -0.09864295274019241
-0.44071343541145325 -0.22300000488758087 -0.09288360923528671
-0.4444582164287567 -0.22300000488758087 -0.09653613716363907
-0.4395916759967804 -0.22300000488758087 -0.09154675900936127
-0.44190043210983276 -0.22300000488758087 -0.09416290372610092
-0.44314974546432495 -0.22300000488758087 -0.09538141638040543
0.21188722550868988 -0.04254472255706787 -0.3901486396789551
0.2173338383436203 -0.04762137308716774 -0.39036184549331665
0.2257201373577118 -0.04616318270564079 -0.390205055475235
0.21098646521568298 0.03783180192112923 -0.39013269543647766
0.22569116950035095 0.0064572738483548164 -0.3339991569519043
0.22948628664016724 0.0036228967364877462 -0.3400011956691742
0.23027324676513672 0.0006082359468564391 -0.3339993357658386
0.22607167065143585 -0.006575560662895441 -0.3340007960796356
0.21898627281188965 0.005088967736810446 -0.33400049805641174
0.22194072604179382 0.006607055198401213 -0.33999988436698914
0.21715384721755981 -0.0032527532894164324 -0.3340018689632416
0.2173854261636734 0.002601103624328971 -0.3400004506111145
-0.2167777568101883 0.00042729394044727087 -0.3339976668357849
-0.21866367757320404 -0.005182350054383278 -0.34000030159950256
-0.21920327842235565 -0.00511729484423995 -0.3339996039867401
-0.2223714143037796 0.007037022151052952 -0.33399903774261475
-0.2274138480424881 -0.00610763393342495 -0.3340010941028595
-0.22991149127483368 0.0020957025699317455 -0.3339996039867401
-0.23012591898441315 0.0008737302850931883 -0.3400002717971802
-0.2265649288892746 0.006183839403092861 -0.33999791741371155
-0.18677924573421478 0.0905444398522377 -0.3995000720024109
-0.20384952425956726 0.03911718726158142 -0.3995000720024109
0.03911717236042023 0.20384953916072845 -0.3995000720024109
0.0905444473028183 0.18677924573421478 -0.3995000720024109
-0.0905444473028183 -0.18677924573421478 -0.3995000720024109
-0.03911717236042023 -0.20384953916072845 -0.3995000720024109
-0.0011304677464067936 0.2071230709552765 -0.3995000123977661
0.20384952425956726 -0.03911718726158142 -0.3995000720024109
0.18677924573421478 -0.0905444398522377 -0.3995000720024109
-0.12871575355529785 -0.1624222695827484 -0.3995000422000885
-0.03734959661960602 0.203997403383255 -0.3995000422000885
0.2071230709552765 0.0011304677464067936 -0.3995000123977661
-0.16099731624126434 -0.1310139149427414 -0.3995000720024109
-0.08061732351779938 0.19107791781425476 -0.3995000422000885
0.203997403383255 0.03734951466321945 -0.3995000422000885
0.15415701270103455 -0.13931596279144287 -0.39950013160705566
-0.1920366734266281 -0.07954417914152145 -0.39950016140937805
-0.11619914323091507 0.17159982025623322 -0.3995000422000885
0.18942038714885712 0.08488047868013382 -0.3995000720024109
0.11619914323091507 -0.1715998351573944 -0.3995000422000885
0.16099731624126434 0.1310139149427414 -0.3995000720024109
-0.15415701270103455 0.13931596279144287 -0.39950013160705566
0.08061732351779938 -0.19107791781425476 -0.3995000422000885
0.03734959661960602 -0.203997403383255 -0.3995000422000885
-0.20691817998886108 -0.018103020265698433 -0.39950013160705566
0.12871575355529785 0.1624222695827484 -0.3995000422000885
0.0011304677464067936 -0.2071230709552765 -0.3995000123977661
0.11982411891222 0.08591744303703308 -0.10520758479833603
0.12213321030139923 0.07859428972005844 -0.11835430562496185
0.1204669401049614 0.08481014519929886 -0.12225271016359329
0.12126502394676208 0.08103721588850021 -0.10721541196107864
0.12213418632745743 0.07817684859037399 -0.11230447143316269
0.11840348690748215 0.09133291989564896 -0.11836618185043335
0.11769678443670273 0.09315259009599686 -0.11163843423128128
0.11848723888397217 0.09037704765796661 -0.1064130887389183
0.3194211423397064 0.07500000298023224 0.14894825220108032
0.3159202039241791 0.07500166445970535 0.14991632103919983
0.3077114522457123 0.07500002533197403 0.14696775376796722
0.3469979166984558 0.07500000298023224 0.1475529819726944
0.3827953040599823 0.07500000298023224 0.13850262761116028
0.4091418385505676 0.07500000298023224 0.12532715499401093
0.43772196769714355 0.07500000298023224 0.10225843638181686
0.46122148633003235 0.07500000298023224 0.06922387331724167
0.4752047061920166 0.07500000298023224 0.031247537583112717
0.4781195819377899 0.07500000298023224 -0.005561183672398329
0.4716184735298157 0.07500000298023224 -0.045430511236190796
0.45165425539016724 0.07500000298023224 -0.08491912484169006
0.42156103253364563 0.07500000298023224 -0.11720195412635803
0.3828467130661011 0.07500000298023224 -0.13862988352775574
0.35160213708877563 0.07500000298023224 -0.14735376834869385
0.3415781259536743 0.07500000298023224 -0.1491609662771225
0.24383264780044556 0.07500001043081284 0.12060336023569107
0.26921582221984863 0.07500000298023224 0.13518542051315308
0.3131673038005829 0.07500001043081284 -0.14726226031780243
0.28461337089538574 0.07500001043081284 -0.14110209047794342
0.25782012939453125 0.07500001043081284 -0.12946054339408875
0.2338293343782425 0.07500001043081284 -0.11278898268938065
0.21357358992099762 0.07500000298023224 -0.09173443168401718
0.1995490938425064 0.0750950425863266 -0.07017908990383148
0.19850000739097595 0.07139738649129868 -0.06781770288944244
0.19635288417339325 0.07058748602867126 -0.06324359774589539
0.19445453584194183 0.0748341754078865 -0.059457410126924515
0.18590481579303741 0.07500000298023224 -0.034746814519166946
0.18188631534576416 0.07500000298023224 -0.0057451180182397366
0.18364687263965607 0.07500001043081284 0.023480158299207687
0.19111745059490204 0.07500001043081284 0.05178876966238022
0.20400609076023102 0.07500001043081284 0.0780758410692215
0.2218095064163208 0.07500001043081284 0.10131621360778809
0.48612555861473083 0.07499802857637405 -0.00102626730222255
0.48302000761032104 0.07302716374397278 0.03451917693018913
0.48718106746673584 0.07309529185295105 0.00018019633716903627
0.48234856128692627 0.0750153511762619 0.035677436739206314
0.14294686913490295 -0.058136239647865295 0.10296490788459778
0.12259139865636826 -0.06058371812105179 0.1195153295993805
0.14025317132472992 -0.05984828248620033 0.10302678495645523
0.15989013016223907 -0.009655638597905636 0.03485943377017975
0.16093969345092773 -0.010121732950210571 0.0911625549197197
0.14501217007637024 -0.009856615215539932 0.033560242503881454
0.175398051738739 -0.009220318868756294 0.07564758509397507
0.16965411603450775 -0.008657215163111687 0.06112060323357582
0.17341455817222595 -0.009095437824726105 0.08276093751192093
0.14586932957172394 -0.01068812981247902 0.054550331085920334
0.1594478040933609 -0.011247891932725906 0.0901791974902153
0.1498991996049881 -0.012141972780227661 0.07256071269512177
0.1392146199941635 -0.011502067558467388 0.031052300706505775
0.15556944906711578 -0.015108932740986347 0.09557779878377914
0.14222855865955353 -0.006718161515891552 0.1063532754778862
-0.4232245981693268 0.04350000247359276 -0.11301914602518082
-0.4309830665588379 0.0434996634721756 -0.1165272668004036
-0.4888353943824768 0.04350052401423454 -0.0396101251244545
-0.5010042190551758 0.043498046696186066 -0.05340612307190895
-0.3929906189441681 0.04346691444516182 -0.033357251435518265
-0.39113301038742065 0.04356936737895012 -0.04094811901450157
-0.39831674098968506 0.04352318122982979 -0.029581759124994278
-0.49779292941093445 0.04349858686327934 -0.09144417941570282
-0.48345473408699036 0.043500903993844986 -0.10309480130672455
-0.47426846623420715 0.043499331921339035 -0.033011987805366516
-0.41106510162353516 0.04350045695900917 -0.07995940744876862
-0.5039809346199036 0.04350194334983826 -0.0730513259768486
-0.3171660602092743 -0.16435842216014862 -0.16149112582206726
-0.35889914631843567 -0.1643880307674408 -0.16134922206401825
-0.37161463499069214 -0.164313405752182 -0.14797627925872803
-0.3042653203010559 -0.16439639031887054 -0.14806124567985535
-0.3170221447944641 -0.1642262041568756 -0.13453646004199982
-0.35845622420310974 -0.16473454236984253 -0.1353977918624878
-0.469770222902298 -0.12968045473098755 0.0029994635842740536
-0.46863245964050293 -0.13438919186592102 -0.018240753561258316
-0.46702635288238525 -0.13302282989025116 0.0029396461322903633
-0.45105627179145813 -0.13249747455120087 0.0030471256468445063
-0.44645899534225464 0.030356764793395996 0.0029978661332279444
-0.4734814763069153 0.030462011694908142 0.0030000179540365934
-0.4503955841064453 0.03329072892665863 0.00299999606795609
-0.46930229663848877 0.03334381431341171 0.002999920630827546
0.11771605908870697 -0.054946865886449814 0.12468563765287399
0.11763385683298111 -0.00593453599140048 0.1276269406080246
0.11500561237335205 -0.0009063993347808719 0.1272851824760437
0.11656922847032547 -0.05847020819783211 0.12117467820644379
0.11521606892347336 -0.05415983498096466 0.12384878844022751
-0.1635603904724121 0.2351188063621521 -0.2704326808452606
-0.14642252027988434 0.22714859247207642 -0.27034077048301697
-0.14958252012729645 0.2172432839870453 -0.2704240679740906
-0.16419003903865814 0.2159392237663269 -0.27034997940063477
-0.1691608428955078 0.22712579369544983 -0.2699643075466156
-0.15432168543338776 0.23612216114997864 -0.2704189121723175
-0.15673893690109253 0.21409796178340912 -0.27021974325180054
0.3395051658153534 -0.009790243580937386 -0.17453446984291077
0.3652661144733429 -0.009246443398296833 -0.166805237531662
0.3430130183696747 -0.008404174819588661 -0.17003566026687622
0.37229618430137634 -0.04590274393558502 -0.19452640414237976
0.3474917411804199 -0.024274352937936783 -0.19799339771270752
0.36096906661987305 -0.03922899812459946 -0.19763648509979248
0.40095004439353943 -0.057140983641147614 -0.18683862686157227
0.377704381942749 -0.05062546953558922 -0.19533511996269226
0.398821622133255 -0.05851713940501213 -0.18861514329910278
0.3839664161205292 -0.017220472916960716 -0.18985474109649658
0.34300467371940613 -0.01686183363199234 -0.19723965227603912
0.33934417366981506 -0.010407794266939163 -0.19147026538848877
0.3421490788459778 -0.015936072915792465 -0.23119878768920898
0.07600198686122894 -0.10282512754201889 0.02018090710043907
0.0891055092215538 -0.08996456116437912 0.04674855247139931
0.08084473013877869 -0.09889227151870728 0.050389595329761505
0.08878113329410553 -0.08889362215995789 0.023583658039569855
0.06708983331918716 -0.11098895967006683 0.025327948853373528
0.08436694741249084 -0.09464839100837708 0.0211955513805151
0.09362632781267166 -0.0843525156378746 0.030886048451066017
0.09369511902332306 -0.08443234860897064 0.03961256518959999
0.06391230970621109 -0.11403224617242813 0.031942084431648254
0.06334945559501648 -0.11332129687070847 0.037244852632284164
0.06608651578426361 -0.11034872382879257 0.04361529275774956
0.07280327379703522 -0.1047215536236763 0.04959305375814438
0.11878310143947601 -0.06031179055571556 0.10431191325187683
0.12824423611164093 -0.053324632346630096 0.08091729879379272
0.13388465344905853 -0.04571763053536415 0.0660112276673317
0.12409869581460953 -0.0588640421628952 0.09860309213399887
0.14844246208667755 0.0011559153208509088 0.027996068820357323
0.1309913545846939 -0.026568248867988586 0.036783501505851746
0.14405769109725952 0.0064130183309316635 0.018858542665839195
0.12695744633674622 -0.04902007430791855 0.06419362872838974
0.149584099650383 0.009653721936047077 0.02339954301714897
0.1560666859149933 -0.009227706119418144 0.03246256709098816
0.16282880306243896 -0.007741820532828569 0.038231074810028076
0.31199127435684204 0.01900000125169754 -0.07308296114206314
0.3381153643131256 0.01900000125169754 -0.07504871487617493
0.40506625175476074 0.01900000125169754 0.00374673237092793
0.40137916803359985 0.01900000125169754 0.02398223616182804
0.36318138241767883 0.01900000125169754 -0.06756055355072021
0.39180102944374084 0.01900000125169754 0.04281625896692276
0.3872116208076477 0.01900000125169754 -0.049670856446027756
0.3736461102962494 0.01900000125169754 0.06175028532743454
0.4028257727622986 0.01900000125169754 -0.019864078611135483
0.3406851291656494 0.01900000125169754 0.07500792294740677
0.3071751892566681 0.01900000125169754 0.07195272296667099
0.2840898334980011 0.01900000125169754 0.0596463643014431
0.2697301506996155 0.01900000125169754 0.04494593292474747
0.2582549452781677 0.01900000125169754 0.023469408974051476
0.2547711133956909 0.01900000125169754 -0.002458035247400403
0.260558545589447 0.01900000125169754 -0.029932595789432526
0.2765255868434906 0.01900000125169754 -0.052970901131629944
0.2928963601589203 0.01900000125169754 -0.06539043039083481
0.3965801000595093 -0.010330683551728725 -0.17907759547233582
0.3636274039745331 -0.010283057577908039 -0.1877903789281845
0.38396206498146057 -0.009583130478858948 -0.16192293167114258
0.3908942937850952 -0.008880390785634518 -0.16358157992362976
0.360857218503952 -0.017351685091853142 -0.19495657086372375
0.39984145760536194 -0.01684742607176304 -0.18448679149150848
0.4016988277435303 -0.015029482543468475 -0.1846078783273697
0.41396966576576233 -0.06094449386000633 -0.21258611977100372
0.41196978092193604 -0.05906934291124344 -0.20550636947155
0.37516582012176514 -0.013113255612552166 -0.1898859441280365
-0.5006777048110962 -0.21299991011619568 -0.07990957051515579
-0.4662970006465912 -0.2129848748445511 -0.10494489222764969
-0.495518296957016 -0.21300692856311798 -0.09010124951601028
-0.4527322053909302 -0.21300551295280457 -0.10195165872573853
-0.48767781257629395 -0.212996706366539 -0.09821145981550217
-0.4386599063873291 -0.21299472451210022 -0.09123259782791138
-0.4774206280708313 -0.2130069136619568 -0.10321355611085892
-0.43147698044776917 -0.21299268305301666 -0.0712907463312149
-0.43562158942222595 -0.213015615940094 -0.05349544435739517
-0.4443414807319641 -0.21300822496414185 -0.04280726984143257
-0.4554618000984192 -0.21300551295280457 -0.03642619401216507
-0.4702049493789673 -0.21301433444023132 -0.03458710014820099
-0.48206278681755066 -0.2130069136619568 -0.038057513535022736
-0.49141132831573486 -0.2129967212677002 -0.04437047615647316
-0.4985489249229431 -0.21300697326660156 -0.054372306913137436
-0.5019890666007996 -0.2129889875650406 -0.06603992730379105
0.22166508436203003 -0.029622385278344154 -0.3901435434818268
0.2128288447856903 -0.01834140345454216 -0.3900004029273987
0.21150821447372437 -0.03425760194659233 -0.3902323842048645
0.214040145277977 0.04596898704767227 -0.390360563993454
0.2227274775505066 0.04751124233007431 -0.39012569189071655
0.2282911092042923 0.035923875868320465 -0.3900063633918762
0.21316346526145935 0.017646079882979393 -0.3900032043457031
0.21613503992557526 0.030377406626939774 -0.3901640474796295
0.22863441705703735 0.04240436479449272 -0.39012253284454346
0.22338801622390747 -0.006678264122456312 -0.3399999439716339
0.2177274227142334 -0.0036213304847478867 -0.3400006890296936
0.22900231182575226 -0.003986819181591272 -0.3400006592273712
0.1856132298707962 -0.11709758639335632 -0.38700011372566223
0.2009619176387787 -0.1172124445438385 -0.3870004415512085
0.19464553892612457 -0.12097661942243576 -0.3869991898536682
0.20248526334762573 -0.10839688032865524 -0.38700300455093384
0.18609900772571564 -0.10582731664180756 -0.38700032234191895
0.1948881894350052 -0.10258015245199203 -0.38700029253959656
0.13426505029201508 -0.17240649461746216 -0.3869999051094055
0.14003124833106995 -0.17980633676052094 -0.38700535893440247
0.13837073743343353 -0.1786903738975525 -0.3750648498535156
0.14975112676620483 -0.17835785448551178 -0.38700196146965027
0.15294842422008514 -0.17118537425994873 -0.3870019316673279
0.14909252524375916 -0.1635848432779312 -0.38700100779533386
0.13873544335365295 -0.16297312080860138 -0.3869996666908264
0.11250220984220505 -0.2008649855852127 -0.3339996039867401
0.11936944723129272 -0.19431732594966888 -0.33399948477745056
0.11666393280029297 -0.19956731796264648 -0.3400675654411316
0.10634982585906982 -0.19825869798660278 -0.3340000510215759
0.10863514989614487 -0.20007897913455963 -0.34000006318092346
0.11261628568172455 -0.18588723242282867 -0.3340000510215759
0.11781597882509232 -0.1887836456298828 -0.3400007486343384
0.10441276431083679 -0.19418764114379883 -0.34000012278556824
0.10465772449970245 -0.19166813790798187 -0.33399954438209534
0.10816438496112823 -0.18709096312522888 -0.3399997055530548
0.06730404496192932 -0.21197548508644104 -0.3869996964931488
0.08256024867296219 -0.21740123629570007 -0.386999249458313
0.07311362773180008 -0.2186545431613922 -0.3869996666908264
0.083455391228199 -0.20417995750904083 -0.38700011372566223
0.085617795586586 -0.20918391644954681 -0.38700011372566223
0.07700829952955246 -0.20063644647598267 -0.3870003819465637
0.06925696134567261 -0.20416291058063507 -0.38699984550476074
-0.0048088389448821545 -0.23158609867095947 -0.38699448108673096
0.008890663273632526 -0.2255978286266327 -0.3870006501674652
0.00490295235067606 -0.2314467430114746 -0.38699987530708313
-0.009266633540391922 -0.2239692509174347 -0.3869965970516205
0.007754514925181866 -0.21817652881145477 -0.38700011372566223
-0.006178161595016718 -0.216428741812706 -0.3869999647140503
0.000872836506459862 -0.2143799513578415 -0.38699889183044434
-0.08267031610012054 -0.21704424917697906 -0.38699981570243835
-0.067038394510746 -0.20895957946777344 -0.38699638843536377
-0.07247243821620941 -0.21865634620189667 -0.38700011372566223
-0.08562710136175156 -0.20961834490299225 -0.3870006799697876
-0.0729447677731514 -0.20142388343811035 -0.3869990408420563
-0.08216238021850586 -0.20251378417015076 -0.38699832558631897
-0.1349562108516693 -0.1682300865650177 -0.3870003819465637
-0.13436610996723175 -0.1715625822544098 -0.3753577172756195
-0.1359245479106903 -0.17654336988925934 -0.3870008587837219
-0.15299730002880096 -0.17299526929855347 -0.3869982957839966
-0.14503636956214905 -0.18060535192489624 -0.38699501752853394
-0.14926451444625854 -0.16390745341777802 -0.38699984550476074
-0.14053377509117126 -0.16226160526275635 -0.38700082898139954
-0.1949281394481659 -0.12093249708414078 -0.3869993984699249
-0.18430931866168976 -0.1099054142832756 -0.3869999647140503
-0.1867697387933731 -0.11805137991905212 -0.3869972229003906
-0.2021777480840683 -0.11556542664766312 -0.3870004713535309
-0.19959628582000732 -0.11851352453231812 -0.37525564432144165
-0.1890082061290741 -0.10383252799510956 -0.3870002031326294
-0.20179636776447296 -0.10785288363695145 -0.3869989216327667
-0.19667822122573853 -0.10293608903884888 -0.38699668645858765
-0.22768424451351166 -0.04472916200757027 -0.3869997262954712
-0.2110298126935959 -0.04034815728664398 -0.3869999945163727
-0.2169063687324524 -0.04777988791465759 -0.3869996666908264
-0.21231456100940704 -0.03405127301812172 -0.3870001435279846
-0.22429144382476807 -0.030694009736180305 -0.3869974613189697
-0.21749280393123627 -0.029976138845086098 -0.3869948983192444
-0.22884151339530945 -0.03585809841752052 -0.3869999349117279
-0.22771836817264557 -0.005441603250801563 -0.3400009572505951
-0.21818619966506958 0.004697705619037151 -0.3399994373321533
-0.2254745066165924 0.0311723742634058 -0.38699957728385925
-0.21111570298671722 0.03872187063097954 -0.3870026767253876
-0.21520522236824036 0.030483853071928024 -0.3869948387145996
-0.21295490860939026 0.044691648334264755 -0.38699910044670105
-0.22952204942703247 0.0401742160320282 -0.38700082898139954
-0.2218957096338272 0.04810494929552078 -0.38699871301651
-0.20288436114788055 0.11208149045705795 -0.3869996666908264
-0.18644589185714722 0.11781031638383865 -0.3869994580745697
-0.18443657457828522 0.11138194054365158 -0.3869999051094055
-0.18709328770637512 0.10497525334358215 -0.3869996964931488
-0.19759739935398102 0.10292018949985504 -0.38699907064437866
-0.19254228472709656 0.1208067312836647 -0.3870002329349518
-0.1990298330783844 0.11917244642972946 -0.3870023488998413
-0.15306513011455536 0.16990827023983002 -0.38699859380722046
-0.13637587428092957 0.16530455648899078 -0.387001633644104
-0.14588698744773865 0.16201622784137726 -0.38700059056282043
-0.13462457060813904 0.17326588928699493 -0.38700029253959656
-0.14982421696186066 0.17802710831165314 -0.3870020806789398
-0.14083030819892883 0.18030868470668793 -0.38700219988822937
-0.06990932673215866 0.21679314970970154 -0.3870009481906891
-0.06720894575119019 0.2099381685256958 -0.3754236698150635
-0.0673929750919342 0.20777848362922668 -0.38700032234191895
-0.0828460082411766 0.2033637911081314 -0.3869996666908264
-0.07359372824430466 0.20101545751094818 -0.3869990408420563
-0.08575243502855301 0.21093985438346863 -0.38699987530708313
-0.07993943989276886 0.21888011693954468 -0.38699978590011597
-0.009219342842698097 0.220480814576149 -0.38699954748153687
0.007065212354063988 0.21717816591262817 -0.3869994282722473
-0.001044729957357049 0.21428580582141876 -0.3869999945163727
0.008310602977871895 0.2284826934337616 -0.38700124621391296
-0.008208205923438072 0.2271845042705536 -0.38700002431869507
-0.00757072027772665 0.22836153209209442 -0.38700002431869507
-0.007913819514214993 0.22778619825839996 -0.38700002431869507
-0.0030255632009357214 0.23269373178482056 -0.3869988024234772
0.06717853993177414 0.21019022166728973 -0.3869989216327667
0.0826527550816536 0.20298612117767334 -0.38699936866760254
0.07246460765600204 0.20134425163269043 -0.3869999647140503
0.08555684238672256 0.21230275928974152 -0.38699984550476074
0.07210230827331543 0.21841540932655334 -0.38700321316719055
0.08020222187042236 0.2183672934770584 -0.3869996666908264
0.13495546579360962 0.17433975636959076 -0.3869982659816742
0.15287654101848602 0.1727251559495926 -0.38700225949287415
0.1489185094833374 0.1629893183708191 -0.3869973123073578
0.1365625113248825 0.16474013030529022 -0.3869974911212921
0.14820274710655212 0.179350346326828 -0.38700005412101746
0.14025945961475372 0.17976605892181396 -0.38700005412101746
0.11580964177846909 0.17299935221672058 -0.3780010938644409
0.14137917757034302 0.15260757505893707 -0.37800002098083496
0.09184596687555313 0.1866896003484726 -0.37800222635269165
-0.20018339157104492 -0.05805685743689537 -0.37799206376075745
-0.20767776668071747 -0.01377156749367714 -0.3780015707015991
0.04989183321595192 0.2022722065448761 -0.3779994547367096
-0.1920790672302246 -0.0795617550611496 -0.37800002098083496
-0.18450166285037994 -0.09604528546333313 -0.37800002098083496
0.02248379960656166 0.20678552985191345 -0.3780030608177185
-0.16803377866744995 -0.12310077250003815 -0.37799257040023804
-0.007722355425357819 0.20815172791481018 -0.37800005078315735
-0.15328367054462433 -0.1404583901166916 -0.37800002098083496
-0.14137917757034302 -0.15260757505893707 -0.37800002098083496
-0.04959716275334358 0.2021779865026474 -0.3780003786087036
-0.11580964177846909 -0.17299935221672058 -0.3780010938644409
-0.07424011826515198 0.19445683062076569 -0.37800005078315735
-0.09184596687555313 -0.1866896003484726 -0.37800222635269165
-0.09194231778383255 0.1867663413286209 -0.3780016303062439
-0.11575495451688766 0.17288576066493988 -0.37800222635269165
-0.04989183321595192 -0.2022722065448761 -0.3779994547367096
-0.15023541450500488 0.14436793327331543 -0.37800124287605286
-0.02248379960656166 -0.20678552985191345 -0.3780030608177185
-0.16853217780590057 0.12276073545217514 -0.3780038356781006
0.0032546725124120712 -0.20812126994132996 -0.37800005078315735
0.022504257038235664 -0.20687614381313324 -0.3779847323894501
-0.19045715034008026 0.08394202589988708 -0.3780020475387573
0.04977485537528992 -0.20224277675151825 -0.3779774308204651
-0.1997397243976593 0.05805014818906784 -0.3780030608177185
-0.20552460849285126 0.03293465077877045 -0.37800005078315735
0.0919170081615448 -0.18679377436637878 -0.3780010938644409
-0.20772786438465118 0.013580124825239182 -0.378019243478775
0.11575495451688766 -0.17288576066493988 -0.37800222635269165
0.15023541450500488 -0.14436793327331543 -0.37800124287605286
0.16853217780590057 -0.12276073545217514 -0.3780038356781006
0.19045715034008026 -0.08394202589988708 -0.3780020475387573
0.1997397243976593 -0.05805014818906784 -0.3780030608177185
0.20552460849285126 -0.03293465077877045 -0.37800005078315735
0.20771555602550507 -0.013758786953985691 -0.3780016303062439
0.20754826068878174 0.013765710406005383 -0.3780030608177185
0.20439425110816956 0.03934516757726669 -0.37800005078315735
0.20003536343574524 0.05821181461215019 -0.377989262342453
0.1920790672302246 0.0795617550611496 -0.37800002098083496
0.18504787981510162 0.09504956752061844 -0.37800002098083496
0.16803377866744995 0.12310077250003815 -0.37799257040023804
0.15328367054462433 0.1404583901166916 -0.37800002098083496
0.18578818440437317 0.10640022903680801 -0.38700607419013977
0.20291078090667725 0.10943037271499634 -0.3869979679584503
0.19502751529216766 0.10256357491016388 -0.3869994878768921
0.200694739818573 0.11740762740373611 -0.3869999349117279
0.1862235814332962 0.11812610924243927 -0.3870042860507965
0.19531866908073425 0.12084531784057617 -0.3870006501674652
0.11776728928089142 0.10175749659538269 -0.26709645986557007
0.12579494714736938 0.07500000298023224 -0.269401490688324
0.09240768104791641 0.15606194734573364 -0.2627471685409546
0.07443737238645554 0.17727188766002655 -0.08328666538000107
0.08168652653694153 0.16505834460258484 -0.028454706072807312
0.09357911348342896 0.14290598034858704 0.043259397149086
0.07796652615070343 0.1776682436466217 -0.2618432939052582
0.06929881870746613 0.18738587200641632 -0.19928395748138428
0.06929934024810791 0.18601810932159424 -0.15078406035900116
0.11016511172056198 0.10660923272371292 0.06640824675559998
0.11944157630205154 0.07499710470438004 0.08065780252218246
0.11581975966691971 0.09890453517436981 -0.11301212757825851
0.11921733617782593 0.08775501698255539 -0.10226080566644669
0.071793332695961 0.1850176602602005 -0.22949954867362976
0.10963607579469681 0.12230800092220306 -0.2652738392353058
0.07489177584648132 0.18151479959487915 -0.2492254674434662
0.23338796198368073 0.10279694199562073 0.14542631804943085
0.2523297965526581 0.07501071691513062 0.15846814215183258
0.21908718347549438 0.07500098645687103 0.1438482254743576
0.2535192668437958 0.0963476374745369 0.15494592487812042
0.20532014966011047 0.11199178546667099 0.1292765885591507
0.18167753517627716 0.07501036673784256 0.12335718423128128
0.17832118272781372 0.1206982359290123 0.11103510111570358
0.14624300599098206 0.10318440198898315 0.09406787902116776
0.13741658627986908 0.132725790143013 0.08023471385240555
0.2592819631099701 0.07500004023313522 0.14858633279800415
0.2607792019844055 0.10044492781162262 0.14618654549121857
0.2758764326572418 0.07499994337558746 0.1417234241962433
0.27621108293533325 0.10153783112764359 0.14101578295230865
0.3089066445827484 0.09335969388484955 0.14895004034042358
0.3491075932979584 0.07499998807907104 0.14948877692222595
0.35133180022239685 0.08696744590997696 0.14926303923130035
0.36086326837539673 0.07500037550926208 0.15331125259399414
0.36560794711112976 0.08147911727428436 0.15637312829494476
0.37354376912117004 0.07510295510292053 0.16845306754112244
0.16777174174785614 0.07498650997877121 -0.08630929887294769
0.4795961081981659 0.07500004023313522 -0.01749018207192421
0.4729960560798645 0.07504206895828247 -0.04868986830115318
0.17290636897087097 0.07502312958240509 -0.09018499404191971
0.15763254463672638 0.07500382512807846 -0.26861050724983215
0.1896088719367981 0.07503826916217804 -0.07826954126358032
0.17279355227947235 0.07515116035938263 -0.08316921442747116
0.16845665872097015 0.07508041709661484 -0.08171186596155167
0.19835881888866425 0.07500451058149338 -0.2603847086429596
0.18107900023460388 0.07528234273195267 -0.07091391086578369
0.26026612520217896 0.07500181347131729 -0.24126742780208588
0.47258251905441284 0.07499999552965164 0.06236090511083603
0.3077670931816101 0.07500895857810974 -0.22264829277992249
0.35125553607940674 0.07500363886356354 -0.20269158482551575
0.4274258017539978 0.07508952170610428 0.14542202651500702
0.4003037214279175 0.07500586658716202 -0.17549121379852295
0.43382933735847473 0.07501062750816345 -0.15087275207042694
0.4556097984313965 0.0750032439827919 -0.13057291507720947
0.47831007838249207 0.07500872015953064 -0.10026955604553223
0.48420438170433044 0.0750240683555603 -0.08948203176259995
0.4744075834751129 0.0750073790550232 -0.06983815878629684
0.48474279046058655 0.09570690989494324 -0.002732944907620549
0.477967768907547 0.09080860763788223 0.044207122176885605
0.4522205591201782 0.0856754332780838 0.09665529429912567
0.47988757491111755 0.09861905127763748 -0.013214183039963245
0.47187742590904236 0.10499069094657898 -0.05015002191066742
0.4737953245639801 0.10523586720228195 -0.07100732624530792
0.4806733727455139 0.10265025496482849 -0.08573485165834427
0.23083238303661346 0.15584126114845276 -0.23243775963783264
0.16960331797599792 0.16302834451198578 -0.25004878640174866
0.22242912650108337 0.13602709770202637 -0.24106670916080475
0.26741015911102295 0.11330176144838333 -0.23068290948867798
0.4660221040248871 0.10896479338407516 -0.10715876519680023
0.446962833404541 0.11723295599222183 -0.1270373910665512
0.16984432935714722 0.1261192113161087 -0.25833240151405334
0.1590806096792221 0.11510453373193741 -0.26244109869003296
0.1433621644973755 0.10128723829984665 -0.26607054471969604
0.1130153015255928 0.14904646575450897 -0.26164817810058594
0.13579195737838745 0.16919058561325073 -0.25554323196411133
0.3047691881656647 0.12093105167150497 -0.21356412768363953
0.2840782105922699 0.1511111557483673 -0.21348904073238373
0.21068890392780304 0.10586556792259216 -0.25178173184394836
0.1410965770483017 0.14657248556613922 -0.25936293601989746
0.3441583216190338 0.11354447901248932 -0.19735969603061676
0.33438077569007874 0.14544275403022766 -0.19259198009967804
0.3861384093761444 0.10454107820987701 -0.1771128922700882
0.3731476962566376 0.13875536620616913 -0.17446795105934143
0.4101134240627289 0.12972712516784668 -0.1542341262102127
0.4296099841594696 0.12365426123142242 -0.14094117283821106
0.08623620122671127 0.23000387847423553 -0.09005934745073318
0.08939996361732483 0.23000158369541168 -0.09756902605295181
0.0947866290807724 0.23031781613826752 -0.0985865667462349
0.0997062623500824 0.23001424968242645 -0.09322704374790192
0.09529062360525131 0.23000317811965942 -0.08528008311986923
0.09073957800865173 0.2300088256597519 -0.20472025871276855
0.09859862178564072 0.22999876737594604 -0.20178651809692383
0.09820479899644852 0.2301834225654602 -0.19312229752540588
0.08936513215303421 0.23000626266002655 -0.1922370344400406
0.08629160374403 0.2299986481666565 -0.1983104646205902
-0.019860556349158287 0.23029690980911255 -0.19691964983940125
-0.016770699992775917 0.2300010621547699 -0.1925630271434784
-0.015551467426121235 0.22999659180641174 -0.2045169174671173
-0.0063609411008656025 0.2300022393465042 -0.20070458948612213
-0.009946594946086407 0.2299986183643341 -0.19177453219890594
-0.019319333136081696 0.2200384885072708 -0.09582710266113281
-0.009696803987026215 0.21999907493591309 -0.09796937555074692
-0.00627297256141901 0.21999406814575195 -0.08994103968143463
-0.015034820884466171 0.2200039178133011 -0.08526699990034103
0.17802010476589203 0.0037827484775334597 0.07876715809106827
0.17550776898860931 -0.0014154415111988783 0.08446278423070908
0.11756215244531631 0.021156758069992065 0.12610766291618347
0.1201208159327507 0.024200644344091415 0.12289416044950485
0.1271633505821228 0.024959228932857513 0.11792682111263275
0.11490163207054138 0.017885303124785423 0.12600912153720856
-0.48527106642723083 0.06590712070465088 -0.03558903932571411
-0.47253167629241943 0.07541932910680771 -0.03053831122815609
-0.486301988363266 0.06987176090478897 -0.10400152951478958
-0.498562753200531 0.05850149318575859 -0.09165000170469284
-0.5041031241416931 0.05393248423933983 -0.07785900682210922
-0.5050581097602844 0.05260897055268288 -0.06892380863428116
-0.4955275058746338 0.05822810158133507 -0.044099047780036926
-0.42928382754325867 0.102816641330719 -0.02560190111398697
-0.3894575238227844 0.1229049414396286 -0.023719780147075653
-0.38466957211494446 0.09626693278551102 -0.03763047978281975
-0.38535362482070923 0.0959164947271347 -0.031498514115810394
-0.3841765820980072 0.12682557106018066 -0.02573276124894619
-0.38013431429862976 0.1316119134426117 -0.03585405647754669
-0.3810116946697235 0.1301133632659912 -0.028703434392809868
-0.3894798457622528 0.12919510900974274 -0.05134827271103859
-0.4102998971939087 0.123039111495018 -0.09434031695127487
-0.4189986288547516 0.11980696767568588 -0.11872660368680954
-0.419924259185791 0.0946650430560112 -0.11581866443157196
-0.3988102674484253 0.1266333907842636 -0.06860927492380142
-0.4233952760696411 0.09458088129758835 -0.11898411065340042
-0.4262033998966217 0.1152024045586586 -0.12224216014146805
-0.4408722519874573 0.10549569875001907 -0.11931253969669342
-0.4677731990814209 0.08492880314588547 -0.1111249253153801
-0.4460322856903076 0.03129575774073601 -0.008349076844751835
-0.4447866976261139 -0.0005690869875252247 -0.006941881962120533
-0.44920170307159424 0.03404863551259041 -0.009747794829308987
-0.4693892300128937 0.03479964658617973 -0.013652753084897995
-0.47413939237594604 0.03154899552464485 -0.013554529286921024
-0.47539222240448 -0.00013419137394521385 -0.012614447623491287
-0.1667337268590927 -0.15020447969436646 0.0037646943237632513
-0.1497960090637207 -0.14761754870414734 -0.013571066781878471
-0.1409158706665039 -0.14649689197540283 0.007136743050068617
-0.13066652417182922 -0.1469380110502243 -0.02327042631804943
-0.11551617085933685 -0.14741334319114685 0.009736523032188416
-0.06826158612966537 -0.15183620154857635 0.012604312971234322
-0.07061029970645905 -0.151992529630661 -0.07056709378957748
-0.2571205198764801 -0.15895108878612518 -0.16637928783893585
-0.24403221905231476 -0.1590277999639511 -0.1801145076751709
-0.2987968325614929 -0.15837210416793823 -0.16610532999038696
-0.31269001960754395 -0.15372775495052338 -0.18048954010009766
-0.29883864521980286 -0.15763793885707855 -0.19416113197803497
-0.25727900862693787 -0.15903893113136292 -0.1936178356409073
-0.3589021861553192 -0.16295041143894196 -0.1339525282382965
-0.37273186445236206 -0.15909700095653534 -0.148036926984787
-0.47270676493644714 -0.09804441034793854 -0.018209990113973618
-0.471487432718277 -0.13144391775131226 -0.02003498375415802
-0.45246315002441406 -0.1343497931957245 -0.015301065519452095
-0.4460393488407135 -0.047279201447963715 -0.01001415029168129
-0.4491676092147827 -0.13069544732570648 -0.014142957516014576
0.10513509064912796 0.0001520158548373729 0.109526127576828
0.09755043685436249 -0.019782505929470062 0.09081114083528519
0.09755026549100876 -0.04422357305884361 0.0883597806096077
0.10627327859401703 -0.05155494064092636 0.10745588690042496
0.1147904172539711 -0.05993445962667465 0.10684406012296677
0.1084899827837944 -0.05629315599799156 0.10646187514066696
0.10178651660680771 -0.05261116847395897 0.09130030125379562
0.10755140334367752 -0.056932445615530014 0.09759380668401718
0.11548501253128052 -0.06173655018210411 0.09319046139717102
0.11181335896253586 -0.06260008364915848 0.09422634541988373
0.10878001898527145 -0.06017608568072319 0.09485337883234024
0.07293437421321869 -0.10211089253425598 0.05208780989050865
0.06202104315161705 -0.10990452021360397 0.04198795557022095
0.06027277559041977 -0.10685477405786514 0.04616018384695053
0.05921050161123276 -0.1125933825969696 0.03514472022652626
-0.08914325386285782 -0.14470307528972626 0.015151264145970345
-0.0939011201262474 -0.14768797159194946 0.013195824809372425
-0.0843638926744461 -0.14747121930122375 0.014894239604473114
-0.08758549392223358 -0.1448572725057602 0.018191128969192505
-0.3200832009315491 0.11796100437641144 -0.04200000688433647
-0.32363298535346985 0.1292424201965332 -0.04200000688433647
-0.32736170291900635 0.11370497196912766 -0.04200000688433647
-0.31996771693229675 0.1250273883342743 -0.04200000688433647
-0.3330700397491455 0.1160944253206253 -0.04200000688433647
-0.33140915632247925 0.1294720321893692 -0.04200000688433647
-0.33585014939308167 0.12200000137090683 -0.04200000688433647
-0.3174368441104889 0.1400613784790039 0.008001002483069897
-0.3186579644680023 0.14115720987319946 -0.0022204574197530746
-0.33693745732307434 0.1410641372203827 -0.004731237888336182
-0.3364812731742859 0.14023667573928833 0.007999816909432411
-0.34728413820266724 0.13030019402503967 -0.004217183217406273
-0.34536221623420715 0.13462452590465546 0.008001291193068027
-0.34622207283973694 0.1350845992565155 -0.006145740859210491
-0.3322971761226654 0.14399279654026031 -0.007088561542332172
-0.3424215316772461 0.1408189982175827 -0.008193651214241982
-0.35018572211265564 0.13378459215164185 -0.007091841660439968
-0.32078656554222107 0.1442599892616272 -0.004846358206123114
-0.14872190356254578 0.23193152248859406 -0.27100202441215515
-0.16923201084136963 0.22404924035072327 -0.2709706723690033
-0.17635998129844666 -0.14909012615680695 0.007100785616785288
-0.2407235950231552 -0.1495727002620697 0.0015406087040901184
-0.17580904066562653 -0.15226352214813232 0.004318101331591606
-0.16819405555725098 -0.15222251415252686 -0.017100729048252106
-0.14231440424919128 -0.14832989871501923 -0.028096437454223633
-0.15061526000499725 -0.1523471474647522 -0.03606317564845085
-0.11750568449497223 -0.1524621546268463 -0.05527802184224129
0.36608925461769104 0.00960342213511467 -0.16554570198059082
0.390665739774704 0.008142350241541862 -0.15842516720294952
0.331844300031662 0.010516495443880558 -0.17536193132400513
0.33775418996810913 0.010382448323071003 -0.1691824197769165
0.33486950397491455 -0.00021337704674806446 -0.1764688491821289
0.331775963306427 0.010605722665786743 -0.2276037484407425
0.33573952317237854 -0.002902632812038064 -0.22842155396938324
0.37894105911254883 -0.05115845426917076 -0.23398934304714203
0.40088748931884766 -0.05888984352350235 -0.23128864169120789
0.4227464497089386 -0.061136387288570404 -0.2250971496105194
0.3516709804534912 -0.029438566416502 -0.2321571409702301
0.362652450799942 -0.04055013135075569 -0.23184558749198914
0.08567038923501968 -0.09162616729736328 0.05056384950876236
0.06228753924369812 -0.11017031222581863 0.02453305944800377
0.10402429848909378 -0.07385177165269852 0.08196529746055603
0.04973346367478371 -0.11823902279138565 0.03259911388158798
0.07332183420658112 -0.10182839632034302 0.017284180968999863
0.12273737043142319 -0.05554984509944916 0.08350212126970291
0.1642579734325409 -0.008311457931995392 -0.10516958683729172
0.17670436203479767 0.002555539133027196 -0.11367478221654892
0.17312823235988617 0.0018149479292333126 -0.10619042813777924
0.1598796397447586 -0.01197427324950695 -0.09749845415353775
-0.02294107712805271 -0.14639759063720703 0.016159148886799812
0.00579577824100852 -0.1391013115644455 0.017221130430698395
-0.009312693029642105 -0.14269870519638062 0.018039168789982796
-0.017801769077777863 -0.14154057204723358 0.020048053935170174
-0.039390549063682556 -0.14917393028736115 0.014398155733942986
-0.037395961582660675 -0.14441201090812683 0.01913413219153881
0.022746171802282333 -0.13063396513462067 0.023612402379512787
0.01615331508219242 -0.13037623465061188 0.02338094636797905
-0.00282331183552742 -0.13648316264152527 0.021258508786559105
-0.06390039622783661 -0.15039989352226257 0.014182844199240208
0.19182638823986053 0.011112780310213566 -0.1206052228808403
0.18480157852172852 0.008604397065937519 -0.11562618613243103
0.11224685609340668 -0.06512632220983505 0.03521409630775452
0.1243128553032875 -0.03316497802734375 0.005062693264335394
0.12663018703460693 -0.030885161831974983 -0.02163737826049328
0.14342062175273895 0.007377478759735823 -0.00395395839586854
0.14721621572971344 0.007793995086103678 -0.0358840748667717
0.1324068158864975 -0.02811102382838726 -0.04747965186834335
0.15149344503879547 0.005927485879510641 -0.056598883122205734
0.16016782820224762 0.006227680016309023 -0.0789026990532875
0.17242354154586792 0.009294343180954456 -0.0970664992928505
0.11036514490842819 -0.06713944673538208 -0.02932673878967762
0.10655714571475983 -0.07115666568279266 0.004421149380505085
0.1462199091911316 -0.026690158993005753 -0.08567911386489868
0.13279275596141815 -0.04227740690112114 -0.07244426757097244
0.11960296332836151 -0.05727789178490639 -0.05287865921854973
0.1581193506717682 0.010118969716131687 0.026464596390724182
0.14994938671588898 0.012774769216775894 0.018403789028525352
0.16840822994709015 0.014599865302443504 0.026539010927081108
0.15599682927131653 0.014937760308384895 0.015934519469738007
0.16196498274803162 0.005218546837568283 0.03236740827560425
0.16787050664424896 0.006406485103070736 0.05345582962036133
0.1804610937833786 0.005125113297253847 0.09039398282766342
0.18356823921203613 0.007757280487567186 0.08714966475963593
0.19164371490478516 0.009503121487796307 0.09825555980205536
0.20181593298912048 0.011435255408287048 0.11108271032571793
0.1899305284023285 0.01332220621407032 0.08839888870716095
0.2183760404586792 0.014673985540866852 0.11943244934082031
0.3237011134624481 0.01900000125169754 -0.14940181374549866
0.1886245161294937 0.01900000125169754 -0.04871905595064163
0.4727303981781006 0.01900000125169754 0.045261163264513016
0.3765091001987457 0.01900000125169754 0.14193947613239288
0.3362988233566284 0.01900000125169754 0.14940181374549866
0.2834904193878174 0.01900000125169754 -0.14193929731845856
0.1808805912733078 0.01900000125169754 -0.008561785332858562
0.24990415573120117 0.01900000125169754 -0.12607361376285553
0.45477911829948425 0.01900000125169754 0.0818454697728157
0.18286149203777313 0.01900000125169754 0.02487456426024437
0.4360876679420471 0.01900000125169754 0.10494717955589294
0.28831085562705994 0.01900000125169754 0.14381428062915802
0.22391237318515778 0.01900000125169754 -0.10494717210531235
0.45592260360717773 0.01900000125169754 -0.0800749883055687
0.42995914816856384 0.01900000125169754 -0.11148414015769958
0.19193315505981445 0.01900000125169754 0.05698636546730995
0.41009601950645447 0.01900000125169754 0.12607353925704956
0.20522120594978333 0.01900000125169754 -0.08184582740068436
0.24802525341510773 0.01900000125169754 0.12486009299755096
0.3924492299556732 0.01900000125169754 -0.13568344712257385
0.2145414799451828 0.01900000125169754 0.0953407734632492
0.4734260141849518 0.01900000125169754 -0.043005961924791336
0.36060091853141785 0.01900000125169754 -0.14605504274368286
0.4793608486652374 0.01900000125169754 0.0011181439040228724
0.3993059992790222 0.00558627350255847 -0.1595580279827118
0.41333702206611633 0.01172845158725977 -0.14669886231422424
0.3988018333911896 -0.009104913100600243 -0.17867013812065125
0.40232762694358826 -0.005194151308387518 -0.1840195208787918
0.3887840509414673 -0.0008427214343100786 -0.1608721911907196
0.3960740268230438 0.002341920742765069 -0.16289879381656647
0.392974317073822 -0.003919375594705343 -0.16477259993553162
0.42363783717155457 0.012865525670349598 -0.14355811476707458
0.42904311418533325 0.014855954796075821 -0.135054811835289
0.380657434463501 -0.049489621073007584 -0.23726774752140045
0.3950740396976471 -0.055784739553928375 -0.23536863923072815
0.36755043268203735 -0.03535241261124611 -0.24024571478366852
0.36521878838539124 -0.04000266268849373 -0.23689252138137817
0.3533448874950409 -0.026724081486463547 -0.236791729927063
0.3358364999294281 0.017480934038758278 -0.23417159914970398
0.34743452072143555 -0.014838208444416523 -0.2368895709514618
0.3326435685157776 0.012493391521275043 -0.2312130481004715
0.39353886246681213 -0.04978196695446968 -0.23966753482818604
0.38264214992523193 -0.04506177455186844 -0.24045149981975555
0.4132922887802124 -0.05799655243754387 -0.23287175595760345
0.42627379298210144 -0.05524478107690811 -0.23124828934669495
0.4119083881378174 -0.053840454667806625 -0.23626631498336792
0.4277125895023346 0.024571159854531288 -0.22563882172107697
0.4312223196029663 0.02024039998650551 -0.2292240560054779
0.4162518382072449 0.023216400295495987 -0.23337024450302124
0.4305694103240967 0.0172557532787323 -0.23215903341770172
0.40983846783638 0.020360426977276802 -0.23804712295532227
0.4275173544883728 -0.054510898888111115 -0.22862209379673004
0.41997772455215454 -0.059318505227565765 -0.217881441116333
0.4128222167491913 0.022562220692634583 -0.20114274322986603
0.41138172149658203 0.024858390912413597 -0.20153853297233582
-0.46025407314300537 -0.17697963118553162 -0.021694494411349297
-0.45025089383125305 -0.18054987490177155 -0.022836849093437195
-0.44317615032196045 -0.17327803373336792 -0.020528821274638176
-0.4278603494167328 -0.17398373782634735 -0.025327632203698158
-0.41478174924850464 -0.16749413311481476 -0.021646002307534218
-0.4117560386657715 -0.16477704048156738 -0.01655636727809906
-0.4162976145744324 -0.18100287020206451 -0.033457327634096146
-0.4110144078731537 -0.17162173986434937 -0.030470049008727074
-0.410661906003952 -0.18069204688072205 -0.03630709648132324
-0.413188636302948 -0.19999951124191284 -0.03644876554608345
-0.4049808084964752 -0.20000168681144714 -0.044001612812280655
-0.4020049571990967 -0.17640861868858337 -0.04693251848220825
-0.4029339849948883 -0.2000008374452591 -0.05878918245434761
-0.4007934033870697 -0.1761799454689026 -0.053379613906145096
-0.4055750072002411 -0.177869513630867 -0.040709979832172394
-0.40294644236564636 -0.17892596125602722 -0.06287005543708801
-0.4251457452774048 -0.20000571012496948 -0.03285592421889305
-0.4136464595794678 -0.20000001788139343 -0.05514957755804062
-0.4118333160877228 -0.20000192523002625 -0.07343740016222
-0.503434419631958 -0.2091609686613083 -0.05752326548099518
-0.5054948925971985 -0.20929746329784393 -0.07151234149932861
-0.46025505661964417 -0.20922403037548065 -0.03178974986076355
-0.4971497654914856 -0.20997925102710724 -0.04621650651097298
-0.4471510648727417 -0.20944684743881226 -0.03676968812942505
-0.4894840717315674 -0.2092875838279724 -0.0384378544986248
-0.43550896644592285 -0.20926102995872498 -0.04755767062306404
-0.47624653577804565 -0.2092495560646057 -0.032493703067302704
-0.4301792085170746 -0.20999495685100555 -0.05943220481276512
-0.42862650752067566 -0.209212064743042 -0.0675005316734314
-0.43039172887802124 -0.20938740670681 -0.08129309117794037
-0.43576526641845703 -0.20929370820522308 -0.0919223353266716
-0.4450589120388031 -0.20926178991794586 -0.10136070102453232
-0.4597415626049042 -0.20939940214157104 -0.10750211030244827
-0.47685542702674866 -0.2091955542564392 -0.10693947225809097
-0.4862658381462097 -0.21002855896949768 -0.1025770902633667
-0.4950628876686096 -0.20930393040180206 -0.095890112221241
-0.5022618174552917 -0.2093767672777176 -0.08466615527868271
0.2124958485364914 -0.014646253548562527 -0.37800002098083496
0.21310745179653168 -0.014579853974282742 -0.3749997019767761
0.2104811817407608 -0.0361180417239666 -0.37500008940696716
0.20598171651363373 -0.058395881205797195 -0.3779996633529663
0.20619013905525208 -0.05494699999690056 -0.3750002980232239
0.2072601616382599 -0.05906436964869499 -0.3750089108943939
0.2063838541507721 0.058147333562374115 -0.3899998068809509
0.22714875638484955 0.06405065208673477 -0.39000001549720764
0.23584669828414917 0.032084014266729355 -0.3900000751018524
0.2467651665210724 -0.026186056435108185 -0.39000004529953003
0.3100966513156891 -0.004108445718884468 -0.39000004529953003
0.30748942494392395 -0.031234988942742348 -0.3899996876716614
0.2464633733034134 0.026185227558016777 -0.39000004529953003
0.30778050422668457 0.03112563118338585 -0.38999995589256287
0.2064255326986313 -0.05808190256357193 -0.3899998664855957
0.22566920518875122 -0.06428555399179459 -0.39000001549720764
0.22927306592464447 -0.06062313914299011 -0.39000004529953003
0.23429948091506958 -0.036452922970056534 -0.39000004529953003
0.23874622583389282 -0.02954249083995819 -0.3900000751018524
0.205551877617836 0.058841221034526825 -0.3750031888484955
0.21079641580581665 0.035137828439474106 -0.37500011920928955
0.21299633383750916 0.014585696160793304 -0.3750004172325134
0.21353207528591156 0.015575726516544819 -0.3779996633529663
0.204690083861351 0.05891488865017891 -0.37800002098083496
0.20794057846069336 -0.011798701249063015 -0.3399997353553772
0.20766659080982208 0.011772504076361656 -0.3400000035762787
0.23022985458374023 -0.016387663781642914 -0.340131551027298
0.23036672174930573 0.016493234783411026 -0.3401068150997162
0.1913687139749527 -0.08219671994447708 -0.33999955654144287
0.2214539498090744 -0.06347325444221497 -0.3400730788707733
0.21045227348804474 -0.09380307793617249 -0.34007155895233154
0.19916920363903046 -0.05996362119913101 -0.3400000035762787
0.19285458326339722 -0.12091191858053207 -0.3752126395702362
0.18455401062965393 -0.1102210283279419 -0.3753989636898041
0.19765666127204895 -0.10325441509485245 -0.3752369284629822
0.15171480178833008 -0.14269161224365234 -0.33999955654144287
0.1773594468832016 -0.149152010679245 -0.339777410030365
0.16568593680858612 -0.160035640001297 -0.34008967876434326
0.16664905846118927 -0.12446725368499756 -0.3400000035762787
0.1859551966190338 -0.13531704246997833 -0.34004512429237366
0.13437721133232117 -0.17107224464416504 -0.37528833746910095
0.15098758041858673 -0.16562649607658386 -0.3750588893890381
0.15244944393634796 -0.1739266961812973 -0.3751029372215271
0.0937618836760521 -0.1859757900238037 -0.3399997353553772
0.10097583383321762 -0.20667684078216553 -0.3400430679321289
0.12843164801597595 -0.19077034294605255 -0.34002548456192017
0.11402858793735504 -0.17395828664302826 -0.3400000035762787
0.06961306929588318 -0.2029993087053299 -0.375241756439209
0.08256638795137405 -0.20294098556041718 -0.37536969780921936
0.08416765183210373 -0.21546819806098938 -0.3752506971359253
0.04765457659959793 -0.20246738195419312 -0.3400000035762787
0.05546296760439873 -0.22319191694259644 -0.3400353491306305
0.02449990063905716 -0.2068285197019577 -0.33999955654144287
0.023694168776273727 -0.2298254370689392 -0.340139240026474
-0.0022877289447933435 -0.2324046641588211 -0.3751651644706726
-0.005486189853399992 -0.21586136519908905 -0.37518376111984253
0.0060277883894741535 -0.21601735055446625 -0.3754143714904785
0.00894417054951191 -0.2257365882396698 -0.3754015266895294
-0.02449990063905716 -0.2068285197019577 -0.33999955654144287
-0.05647696554660797 -0.22430875897407532 -0.3401399254798889
-0.04765457659959793 -0.20246738195419312 -0.3400000035762787
-0.024191277101635933 -0.22879864275455475 -0.34004926681518555
-0.08497080951929092 -0.2140239030122757 -0.37540823221206665
-0.07629429548978806 -0.21934542059898376 -0.3749654293060303
-0.08337026834487915 -0.20347052812576294 -0.37516534328460693
-0.06743716448545456 -0.20805110037326813 -0.375379741191864
-0.11417879909276962 -0.17418807744979858 -0.33999955654144287
-0.10099916905164719 -0.20662593841552734 -0.34004342555999756
-0.12890475988388062 -0.19098889827728271 -0.340087354183197
-0.09363800287246704 -0.18573080003261566 -0.3400000035762787
-0.15226419270038605 -0.14656442403793335 -0.37799516320228577
-0.15200771391391754 -0.1666271984577179 -0.37511709332466125
-0.14397890865802765 -0.16207030415534973 -0.3752688467502594
-0.136063352227211 -0.16529332101345062 -0.37520283460617065
-0.15171480178833008 -0.14269161224365234 -0.33999955654144287
-0.1871984750032425 -0.13542647659778595 -0.34017589688301086
-0.16664905846118927 -0.12446725368499756 -0.3400000035762787
-0.16554498672485352 -0.15959236025810242 -0.3400283455848694
-0.19476133584976196 -0.0864027664065361 -0.3764951229095459
-0.19576556980609894 -0.10268698632717133 -0.375311017036438
-0.1866205781698227 -0.1049400046467781 -0.37514549493789673
-0.18599015474319458 -0.11725203692913055 -0.3750138282775879
-0.19943197071552277 -0.0600430890917778 -0.33999955654144287
-0.21753960847854614 -0.07974334806203842 -0.33979693055152893
-0.2215462028980255 -0.0634518563747406 -0.34010443091392517
-0.1911163330078125 -0.08208868652582169 -0.3400000035762787
-0.21016116440296173 -0.09336557984352112 -0.34003621339797974
-0.19031666219234467 -0.08392598479986191 -0.3779900074005127
-0.22176603972911835 -0.04777800291776657 -0.3752971291542053
-0.22928225994110107 -0.0376296229660511 -0.37516963481903076
-0.22559228539466858 -0.031522128731012344 -0.37506839632987976
-0.2109633982181549 -0.0378689207136631 -0.3753754794597626
-0.2079406976699829 0.011787708848714828 -0.3399997353553772
-0.20766659080982208 -0.011772504076361656 -0.3400000035762787
-0.2294217199087143 0.015855152159929276 -0.34003087878227234
-0.22989147901535034 -0.01614738442003727 -0.34009242057800293
-0.2294360101222992 0.038501691073179245 -0.3753474950790405
-0.22554241120815277 0.046367544680833817 -0.3749609589576721
-0.21130694448947906 0.03474443778395653 -0.37516698241233826
-0.1913687139749527 0.08219671994447708 -0.33999955654144287
-0.2215273231267929 0.06342050433158875 -0.3400995135307312
-0.21045169234275818 0.09380225837230682 -0.3400721848011017
-0.19916920363903046 0.05996362119913101 -0.3400000035762787
-0.19634798169136047 0.12030615657567978 -0.3750108480453491
-0.18530283868312836 0.11531154066324234 -0.37510281801223755
-0.15171480178833008 0.14269161224365234 -0.33999955654144287
-0.1773594468832016 0.149152010679245 -0.339777410030365
-0.16568593680858612 0.160035640001297 -0.34008967876434326
-0.16664905846118927 0.12446725368499756 -0.3400000035762787
-0.1859551966190338 0.13531704246997833 -0.34004512429237366
-0.14580988883972168 0.16186437010765076 -0.3751843571662903
-0.14531151950359344 0.18043163418769836 -0.37494030594825745
-0.13763946294784546 0.17799630761146545 -0.37502434849739075
-0.13448455929756165 0.1722835749387741 -0.3751988708972931
-0.11417879909276962 0.17418807744979858 -0.33999955654144287
-0.10085289180278778 0.2079266607761383 -0.340136855840683
-0.09363800287246704 0.18573080003261566 -0.3400000035762787
-0.12917309999465942 0.1910810023546219 -0.34013310074806213
-0.07115942984819412 0.21750502288341522 -0.3751078248023987
-0.07133740186691284 0.20186202228069305 -0.3751813769340515
-0.02449990063905716 0.2068285197019577 -0.33999955654144287
-0.05551290884613991 0.2232421189546585 -0.3400540351867676
-0.023725736886262894 0.22987090051174164 -0.3401086628437042
-0.04765457659959793 0.20246738195419312 -0.3400000035762787
-0.022478733211755753 0.20686018466949463 -0.37799271941185
-0.022475773468613625 0.2118108570575714 -0.37800002098083496
-0.006252502091228962 0.2165510356426239 -0.3754349648952484
-0.009209927171468735 0.22405952215194702 -0.37533828616142273
-0.0033770736772567034 0.23236298561096191 -0.3753747045993805
0.006231044419109821 0.2303335964679718 -0.3753901422023773
0.02449990063905716 0.2068285197019577 -0.33999955654144287
0.05613593012094498 0.22384092211723328 -0.3401109278202057
0.04765457659959793 0.20246738195419312 -0.3400000035762787
0.02376740425825119 0.22989217936992645 -0.3401579260826111
0.06966660916805267 0.20366059243679047 -0.3751090168952942
0.11417879909276962 0.17418807744979858 -0.33999955654144287
0.10097527503967285 0.20660260319709778 -0.3400404453277588
0.12897883355617523 0.19100837409496307 -0.34009435772895813
0.09363800287246704 0.18573080003261566 -0.3400000035762787
0.15226419270038605 0.14656442403793335 -0.37799516320228577
0.14272281527519226 0.16190838813781738 -0.37515339255332947
0.1468760222196579 0.18018609285354614 -0.3751065135002136
0.15188008546829224 0.16661998629570007 -0.3750914931297302
0.15171480178833008 0.14269161224365234 -0.33999955654144287
0.18689197301864624 0.13539384305477142 -0.3401240110397339
0.16664905846118927 0.12446725368499756 -0.3400000035762787
0.16582778096199036 0.16054920852184296 -0.3401569724082947
0.052418772131204605 0.20758330821990967 -0.3780050575733185
-0.17358694970607758 0.125324085354805 -0.3779996633529663
-0.09327707439661026 -0.19271206855773926 -0.3779996633529663
-0.051323264837265015 -0.20672428607940674 -0.37800002098083496
-0.19467148184776306 0.08644083887338638 -0.37800002098083496
-0.2117282599210739 0.024300916120409966 -0.3780105710029602
-0.20502939820289612 0.058897946029901505 -0.3779962658882141
0.19475337862968445 -0.08641370385885239 -0.37671443819999695
0.17358694970607758 -0.125324085354805 -0.3779996633529663
0.021740349009633064 0.21299275755882263 -0.3779996633529663
-0.11959043145179749 -0.177059143781662 -0.37800121307373047
-0.14697708189487457 -0.15416467189788818 -0.37800002098083496
0.14657291769981384 -0.15471191704273224 -0.3780105710029602
0.11920274794101715 -0.17690880596637726 -0.3779962658882141
-0.09327678382396698 0.19271220266819 -0.37800687551498413
0.1908406913280487 0.09459827095270157 -0.37800002098083496
0.1729360669851303 0.1254788190126419 -0.37800121307373047
-0.1729360669851303 -0.1254788190126419 -0.37800121307373047
0.09360600262880325 -0.19168710708618164 -0.3780004382133484
0.05200441926717758 -0.20677916705608368 -0.37752076983451843
-0.1908406913280487 -0.09459827095270157 -0.37800002098083496
0.14697708189487457 0.15416467189788818 -0.37800002098083496
-0.14586590230464935 0.15554623305797577 -0.3780226409435272
-0.11904539167881012 0.17680922150611877 -0.37799450755119324
0.11959043145179749 0.177059143781662 -0.37800121307373047
0.022475773468613625 -0.2118108570575714 -0.37800002098083496
-0.21353207528591156 -0.015575727447867393 -0.3779996633529663
-0.204690083861351 -0.05891488492488861 -0.37800002098083496
-0.021740414202213287 -0.21299266815185547 -0.3779996633529663
0.1913687139749527 0.08219671249389648 -0.33999955654144287
0.19916920363903046 0.05996362119913101 -0.3400000035762787
0.19031666219234467 0.08392598479986191 -0.3779900074005127
0.19476133584976196 0.0864027664065361 -0.3764951229095459
0.18691806495189667 0.10466185957193375 -0.37507620453834534
0.1848226636648178 0.10869039595127106 -0.3754277229309082
0.18997034430503845 0.12023469805717468 -0.37535345554351807
0.1981898695230484 0.11995288729667664 -0.37522679567337036
0.22144083678722382 0.06347054243087769 -0.3400793969631195
0.21769975125789642 0.07926502823829651 -0.339804083108902
0.21016116440296173 0.09336557984352112 -0.34003621339797974
0.4934552311897278 0.019163666293025017 -0.04195402190089226
0.4898911416530609 0.12828253209590912 -0.04394915699958801
0.4946078062057495 0.12140212953090668 -0.02365383692085743
0.5072876214981079 0.08434553444385529 -0.0017681538593024015
0.49976152181625366 0.085231713950634 -0.013092784211039543
0.5043672919273376 0.09556689858436584 -0.005131750833243132
0.5030068755149841 0.05722670629620552 -0.009366713464260101
0.5095653533935547 0.06286486238241196 -0.0007835141150280833
0.5040209889411926 0.01908993534743786 -0.009719972498714924
0.5113404989242554 0.043304409831762314 -0.00031822919845581055
0.5128241777420044 0.017968174070119858 -0.00019832130055874586
0.4979991018772125 0.059559013694524765 -0.019117388874292374
0.49869173765182495 0.11681801825761795 -0.012681955471634865
0.4986051321029663 0.017731545493006706 -0.0203641839325428
0.5111216902732849 0.06562333554029465 0.004823649767786264
0.5034631490707397 0.11297747492790222 -0.0031953391153365374
0.5144678950309753 0.033511850982904434 0.007228500209748745
0.5153058767318726 0.017808375880122185 0.007401830982416868
0.493479460477829 0.0568733848631382 0.07582646608352661
0.4903492033481598 0.019155465066432953 0.08836324512958527
0.4973054826259613 0.017588522285223007 0.07390757650136948
0.5040944814682007 0.01901966705918312 0.05880797654390335
0.4997248351573944 0.05170704796910286 0.06318329274654388
0.5118594765663147 0.019571393728256226 0.03324788063764572
0.5085441470146179 0.017255332320928574 0.04315462335944176
0.5012228488922119 0.07548384368419647 0.05067061260342598
0.48970040678977966 0.10282127559185028 0.06731103360652924
0.4816795885562897 0.09908002614974976 0.08472896367311478
0.5084831714630127 0.07197808474302292 0.022273465991020203
0.4970853626728058 0.10443935543298721 0.047484301030635834
0.5001257061958313 0.10753430426120758 0.033606283366680145
0.5030723214149475 0.10998278856277466 0.0146131981164217
0.4671398401260376 0.056135304272174835 0.11575211584568024
0.4448910653591156 0.05511387810111046 0.13769903779029846
0.4597497880458832 0.019213493913412094 0.12803083658218384
0.4809068739414215 0.05317843332886696 0.09808756411075592
0.4700462520122528 0.018537038937211037 0.1166289895772934
0.4799497127532959 0.017522338777780533 0.10345826297998428
0.4293159246444702 0.09916544705629349 0.1415688395500183
0.42458605766296387 0.04881982132792473 0.1532936841249466
0.4393754005432129 0.10005900263786316 0.13348637521266937
0.40455666184425354 0.07403497397899628 0.16067621111869812
0.40120914578437805 0.019681084901094437 0.16802677512168884
0.45316794514656067 0.0973614752292633 0.12211465835571289
0.3689049482345581 0.10507890582084656 0.16821573674678802
0.34277456998825073 0.11038553714752197 0.17160433530807495
0.3482714593410492 0.08930712193250656 0.1747216433286667
0.4703829288482666 0.09849876910448074 0.10207237303256989
0.4242232143878937 0.019261475652456284 0.15605281293392181
0.4430663287639618 0.018370578065514565 0.14251086115837097
0.36106568574905396 0.035403408110141754 0.17960070073604584
0.3544841706752777 0.01801571436226368 0.18140476942062378
0.36372238397598267 0.017700456082820892 0.17958979308605194
0.3775194585323334 0.01882149837911129 0.17639711499214172
0.3843616545200348 0.10393962264060974 0.16364078223705292
0.3830631673336029 0.0707249566912651 0.16977369785308838
0.3906902074813843 0.019614480435848236 0.17228436470031738
0.34902235865592957 0.06301647424697876 0.1778489649295807
0.3535462021827698 0.044829558581113815 0.17979107797145844
0.4120844006538391 0.10072005540132523 0.15211717784404755
0.34475481510162354 0.07475878298282623 0.17557838559150696
0.3456970155239105 0.04451543837785721 0.17800219357013702
0.3498265743255615 0.03573448956012726 0.18009604513645172
0.3478967547416687 0.018539728596806526 0.1804591566324234
0.3293192386627197 0.11221644282341003 0.16754718124866486
0.3362358808517456 0.018410973250865936 0.17277684807777405
0.3014989495277405 0.12088380008935928 0.16396816074848175
0.3280521035194397 0.08163215965032578 0.1683744192123413
0.33832672238349915 0.06389407813549042 0.17261530458927155
0.31633225083351135 0.018238630145788193 0.16798828542232513
0.32856324315071106 0.056134600192308426 0.16921310126781464
0.2856937050819397 0.10063231736421585 0.14051376283168793
0.3065767288208008 0.09527891129255295 0.1456526666879654
0.14324690401554108 0.17271341383457184 -0.040202878415584564
0.1069919541478157 0.17170892655849457 -0.04399726539850235
0.09513810276985168 0.17818595468997955 -0.07903055101633072
0.14414949715137482 0.14761216938495636 0.044344156980514526
0.11283942312002182 0.15900932252407074 0.00405666371807456
0.3221939206123352 0.15678080916404724 -0.15149147808551788
0.25853848457336426 0.1712256222963333 -0.15453457832336426
0.26683083176612854 0.16691520810127258 -0.1746537685394287
0.25756412744522095 0.1633395105600357 -0.19914568960666656
0.13359428942203522 0.17981074750423431 -0.07791030406951904
0.3228980302810669 0.15290819108486176 -0.1758035570383072
0.13244740664958954 0.18362317979335785 -0.10519237071275711
0.1045408621430397 0.18330517411231995 -0.10671304166316986
0.10838473588228226 0.18700703978538513 -0.14039158821105957
0.18857188522815704 0.1644604355096817 -0.23848435282707214
0.33483731746673584 0.09025370329618454 0.14767144620418549
0.3607725501060486 0.08760589361190796 0.1444128304719925
0.17331267893314362 0.17747090756893158 -0.2127338945865631
0.14630141854286194 0.18387268483638763 -0.19832992553710938
0.10971788316965103 0.1840219348669052 -0.22194039821624756
0.13188080489635468 0.17808277904987335 -0.23579373955726624
0.13099804520606995 0.17378222942352295 -0.2480481117963791
0.1413746327161789 0.15954335033893585 0.008343634195625782
0.1394510418176651 0.18528668582439423 -0.12360892444849014
0.14888495206832886 0.18556098639965057 -0.1331690549850464
0.36775660514831543 0.14500769972801208 -0.14186397194862366
0.3888787627220154 0.08629434555768967 0.13565470278263092
0.20599141716957092 0.1675025075674057 -0.22255739569664001
0.1623462289571762 0.18514317274093628 -0.14078901708126068
0.10631538927555084 0.187849223613739 -0.161587193608284
0.17260542511940002 0.18312478065490723 -0.17740505933761597
0.12985169887542725 0.18725742399692535 -0.1707030087709427
0.11115885525941849 0.18715938925743103 -0.19446755945682526
0.1661626398563385 0.15792813897132874 0.01571265049278736
0.4169948995113373 0.08659014850854874 0.11948931962251663
0.19176293909549713 0.14246219396591187 0.06095920503139496
0.1886260062456131 0.1291983723640442 0.09307976812124252
0.39656832814216614 0.13639914989471436 -0.13037872314453125
0.439143568277359 0.08792021870613098 0.09963180124759674
0.47614341974258423 0.10073671489953995 -0.019799871370196342
0.1827472448348999 0.18333321809768677 -0.14700941741466522
0.4187476634979248 0.12871448695659637 -0.11686459183692932
0.20747080445289612 0.17570142447948456 -0.19298644363880157
0.4552247226238251 0.08967498689889908 0.07813384383916855
0.4421396851539612 0.11918577551841736 -0.09502320736646652
0.21076004207134247 0.1797705590724945 -0.15179957449436188
0.46509119868278503 0.09140704572200775 0.05937231332063675
0.47226446866989136 0.09341038763523102 0.038834743201732635
0.20826515555381775 0.13275651633739471 0.08399739861488342
0.2299201935529709 0.12171577662229538 0.10749124735593796
0.21698983013629913 0.17741352319717407 -0.16940611600875854
0.46029433608055115 0.11062943190336227 -0.06851539015769958
0.4769120216369629 0.09602832794189453 0.014806496910750866
0.4704766571521759 0.10503002256155014 -0.043851424008607864
0.2589940130710602 0.10943283140659332 0.12912513315677643
0.08955991268157959 0.22934943437576294 -0.0779043510556221
0.07357074320316315 0.22987931966781616 -0.09584525227546692
0.10675787180662155 0.22956180572509766 -0.0785326287150383
0.10700894892215729 0.22924619913101196 -0.09567698836326599
0.08959387242794037 0.23003527522087097 -0.20985722541809082
0.07255962491035461 0.22926871478557587 -0.19507449865341187
0.10658648610115051 0.22951753437519073 -0.21153812110424042
0.07467912882566452 0.22999264299869537 -0.1790684461593628
-0.026906024664640427 0.22933557629585266 -0.19409818947315216
-0.010315228253602982 0.23000000417232513 -0.209602952003479
-0.009976158849895 0.2293352633714676 -0.17752960324287415
0.004902949091047049 0.22995227575302124 -0.19548740983009338
0.007072352338582277 0.2294033318758011 -0.1780308336019516
-0.025652920827269554 0.21960514783859253 -0.07803595066070557
-0.010122588835656643 0.21982651948928833 -0.0789918527007103
-0.02723492868244648 0.2191808521747589 -0.09577479213476181
-0.010493889451026917 0.21923239529132843 -0.11236898601055145
0.004943152889609337 0.22000427544116974 -0.09554173797369003
0.006965248845517635 0.21947979927062988 -0.11194586008787155
0.1052737757563591 0.018547000363469124 0.10736919194459915
0.105317123234272 0.02331463061273098 0.09882188588380814
0.11562595516443253 0.025562075898051262 0.10845980793237686
0.09825272113084793 0.018947036936879158 0.0913311168551445
0.09733045846223831 0.0005426809657365084 0.09190308302640915
0.18248336017131805 0.01489640399813652 0.14491696655750275
0.13981705904006958 0.004844162613153458 0.11933620274066925
0.15779732167720795 0.0036757837515324354 0.10368198901414871
0.15619955956935883 -0.001523295883089304 0.09857040643692017
0.12854428589344025 -0.0034880577586591244 0.1188507080078125
0.13424809277057648 0.004064030479639769 0.11885326355695724
-0.5007967352867126 0.05539340153336525 -0.05128185823559761
-0.49392417073249817 0.06307188421487808 -0.03902662917971611
-0.503700315952301 0.05645916238427162 -0.05122939497232437
-0.504111647605896 0.05552225559949875 -0.03598015382885933
-0.5084869861602783 0.053994834423065186 -0.07678493112325668
-0.5050455927848816 0.05445408076047897 -0.059195443987846375
-0.47932595014572144 0.07282865792512894 -0.030530309304594994
-0.4811842441558838 0.07147730141878128 -0.02538791485130787
-0.4542330205440521 0.08949289470911026 -0.026115717366337776
-0.5009591579437256 0.060415904968976974 -0.09320378303527832
-0.48277565836906433 0.07574846595525742 -0.1079895943403244
-0.48997557163238525 0.07024010270833969 -0.11074086278676987
-0.4245973527431488 0.10687000304460526 -0.023412657901644707
-0.3897865414619446 0.12513528764247894 -0.021429749205708504
-0.453532874584198 0.09749149531126022 -0.11664062738418579
-0.4414716064929962 -0.0019865846261382103 -0.009519482962787151
-0.4432057738304138 0.029381833970546722 -0.010886052623391151
-0.44602885842323303 0.03608933836221695 -0.01194076333194971
-0.4717760384082794 0.03710572049021721 -0.015923012048006058
-0.47590214014053345 0.030587077140808105 -0.016068218275904655
-0.4774976074695587 -1.8940938389278017e-05 -0.01503354124724865
-0.15932263433933258 -0.14707636833190918 0.007704618386924267
-0.14035920798778534 -0.144007608294487 0.010029464028775692
-0.11499439924955368 -0.1449456363916397 0.011925981380045414
-0.09241212159395218 -0.10873993486166 0.015936540439724922
-0.24299167096614838 -0.1370304673910141 0.003793096635490656
-0.23961198329925537 -0.14776283502578735 0.002053407486528158
-0.25692954659461975 -0.1524990350008011 -0.16552820801734924
-0.2989850342273712 -0.153048574924469 -0.16548292338848114
-0.29878464341163635 -0.15306216478347778 -0.19455648958683014
-0.25673139095306396 -0.15249143540859222 -0.19443435966968536
-0.4358365535736084 -0.17482464015483856 -0.1150880828499794
-0.446749746799469 -0.17633171379566193 -0.12182871997356415
-0.4440019428730011 -0.17184793949127197 -0.1305045634508133
-0.4241476058959961 -0.1699727326631546 -0.10877546668052673
-0.42394036054611206 -0.16757534444332123 -0.11932150274515152
-0.4286295175552368 -0.17575079202651978 -0.10605871677398682
-0.43788397312164307 -0.18328304588794708 -0.1098661869764328
-0.4448107182979584 -0.1865515112876892 -0.11368554085493088
-0.42912378907203674 -0.1818586140871048 -0.1017012745141983
-0.40043550729751587 -0.16988851130008698 -0.0656767189502716
-0.39394721388816833 -0.1633286029100418 -0.07050888240337372
-0.39291369915008545 -0.16199760138988495 -0.07769747823476791
-0.40131038427352905 -0.16508497297763824 -0.030175359919667244
-0.39817139506340027 -0.16957251727581024 -0.047877177596092224
-0.39531776309013367 -0.16647431254386902 -0.05852959305047989
-0.39669013023376465 -0.16650840640068054 -0.04259307309985161
-0.3863724172115326 -0.16127151250839233 -0.05054429545998573
-0.40019354224205017 -0.16277703642845154 -0.016329990699887276
-0.3025582432746887 -0.1532769352197647 -0.14824584126472473
-0.3171898424625397 -0.15381194651126862 -0.1629568189382553
-0.3169719874858856 -0.15381677448749542 -0.13305939733982086
-0.3590027987957001 -0.15744973719120026 -0.13347676396369934
-0.35902705788612366 -0.15744858980178833 -0.1625007688999176
-0.3671153485774994 -0.154682457447052 -0.009962866082787514
-0.36191439628601074 -0.15746250748634338 -0.011357245966792107
-0.3644256591796875 -0.1523820459842682 -0.008346159011125565
-0.362758606672287 -0.15484154224395752 -0.005453385412693024
-0.322561651468277 -0.10620930045843124 -0.010000552050769329
-0.3213225305080414 -0.10276950895786285 -0.009999999776482582
-0.3219659924507141 -0.10317488014698029 0.0030000205151736736
-0.318867951631546 -0.10740485787391663 -0.010000063106417656
-0.317496120929718 -0.10357917845249176 -0.00999985821545124
-0.36590075492858887 -0.08497954159975052 -0.004322473891079426
-0.36867836117744446 -0.08180879056453705 -0.006191540975123644
-0.4223378598690033 -0.16429154574871063 -0.016117535531520844
-0.38480085134506226 -0.1593380719423294 -0.013140643946826458
-0.373751163482666 -0.15905213356018066 -0.014293640851974487
-0.37272265553474426 -0.15907022356987 -0.014971056021749973
-0.3726422190666199 -0.15908688306808472 -0.015506531111896038
-0.3837045431137085 -0.1605566143989563 -0.01589740253984928
-0.47552648186683655 -0.07984299212694168 -0.018979476764798164
-0.4749431014060974 -0.12891949713230133 -0.021585717797279358
-0.47033992409706116 -0.13719069957733154 -0.0210548248142004
-0.4515031576156616 -0.13667032122612 -0.017891792580485344
-0.4460320770740509 -0.1322411298751831 -0.017048770561814308
-0.4438886344432831 -0.02302364818751812 -0.010091940872371197
-0.44355443120002747 -0.0497167631983757 -0.01219981163740158
0.08031187951564789 -0.05278785526752472 0.0732528418302536
0.07663355767726898 -0.09743540734052658 0.058927200734615326
0.08407420665025711 -0.0924346074461937 0.063723124563694
0.08765371888875961 -0.0864313617348671 0.07131173461675644
0.0767216831445694 -0.0924587994813919 0.06316747516393661
0.09366033971309662 -0.08361945301294327 0.07344649732112885
0.09830927848815918 -0.07307178527116776 0.08413955569267273
0.047780271619558334 -0.11555705964565277 0.03666927292943001
0.03382490575313568 -0.12186700105667114 0.0296013206243515
0.027727119624614716 -0.13010360300540924 0.02264983393251896
0.041950080543756485 -0.11728912591934204 0.033642496913671494
-0.007177278865128756 -0.13791826367378235 0.022507444024086
-0.005789757706224918 -0.134864941239357 0.025700265541672707
-0.06705471873283386 -0.14690589904785156 0.01790192909538746
-0.08585480600595474 -0.14678502082824707 0.027035225182771683
-0.09010383486747742 -0.10805737227201462 0.018725024536252022
-0.349629282951355 0.10949230939149857 -0.005183212924748659
-0.32359087467193604 0.11452800035476685 0.00800000037997961
-0.3315597176551819 0.11483264714479446 0.00800000037997961
-0.3353632986545563 0.11978773772716522 0.00800000037997961
-0.3347749412059784 0.1258055567741394 0.00800000037997961
-0.3305921256542206 0.12950600683689117 0.008000001311302185
-0.3244054317474365 0.12969742715358734 0.00800000037997961
-0.31904539465904236 0.12284600734710693 0.00800000037997961
-0.30611199140548706 0.1352846622467041 -0.002715497510507703
-0.31138405203819275 0.13741016387939453 -0.0009500493761152029
-0.30799296498298645 0.13081565499305725 0.0008319549961015582
-0.3063156008720398 0.15144053101539612 -0.00434309896081686
-0.30709922313690186 0.11373558640480042 0.0005022161640226841
-0.30925795435905457 0.13341693580150604 0.008001169189810753
-0.30387023091316223 0.11676260828971863 -0.0020146695896983147
-0.003645390272140503 0.18299737572669983 0.014904743060469627
0.02044825069606304 0.17903868854045868 0.018274683505296707
0.04099411144852638 0.17977562546730042 0.015880683436989784
-0.010609626770019531 0.18564878404140472 0.009928886778652668
-0.2743689715862274 0.16080953180789948 -0.0020366215612739325
-0.2669786214828491 0.16586318612098694 -0.003476973855867982
-0.2799856662750244 0.16361784934997559 -0.005796901881694794
-0.25888973474502563 0.16329121589660645 -0.0005984642193652689
-0.24467733502388 0.17361785471439362 -0.005650782957673073
-0.2248467653989792 0.17438139021396637 5.422853791969828e-05
-0.2742080092430115 0.16695377230644226 -0.008608165197074413
-0.22342753410339355 0.17062166333198547 0.002118984702974558
-0.20861095190048218 0.17436568439006805 0.002884580986574292
-0.20238053798675537 0.17824512720108032 0.0014794375747442245
-0.20118297636508942 0.18102428317070007 -0.001823456841520965
-0.22671261429786682 0.17690880596637726 -0.003606850979849696
-0.1759726107120514 0.18196538090705872 0.003258791519328952
-0.14085432887077332 0.18532152473926544 0.005402727052569389
-0.16936983168125153 0.1844273954629898 0.0014966552844271064
-0.36355748772621155 0.13288913667201996 -0.010270390659570694
-0.3900091052055359 0.12035809457302094 -0.011865546926856041
-0.36680468916893005 0.1273742914199829 -0.0085437698289752
-0.1124514639377594 0.1854969710111618 0.008424888364970684
-0.13086125254631042 0.18168850243091583 0.008733280003070831
-0.18446052074432373 0.1771731972694397 0.004830936435610056
-0.09759648144245148 0.18285588920116425 0.011151064187288284
-0.3733411133289337 0.13112375140190125 -0.013808378018438816
-0.38294708728790283 0.12760762870311737 -0.01612798310816288
-0.07013729959726334 0.18121552467346191 0.013767034746706486
-0.08359871059656143 0.18640021979808807 0.009937973693013191
-0.06339234113693237 0.18320362269878387 0.01405878085643053
-0.06498760730028152 0.1887378841638565 0.0075006429105997086
-0.08686517179012299 0.18933628499507904 0.00502214627340436
-0.19029396772384644 0.18335750699043274 -0.0038365228101611137
-0.3605286777019501 0.13753175735473633 -0.014511683955788612
-0.34360530972480774 0.14456987380981445 -0.013582916930317879
-0.47261983156204224 0.07449275255203247 -0.02005816251039505
-0.4782920777797699 0.06587934494018555 -0.018789928406476974
-0.45488038659095764 0.0800815299153328 -0.015742620453238487
-0.3075691759586334 0.15599671006202698 -0.008332289755344391
-0.1518099009990692 0.1868913471698761 0.0008633248507976532
-0.13007083535194397 0.18828526139259338 0.0021285179536789656
-0.3122417628765106 0.1556948572397232 -0.011393900960683823
-0.44120264053344727 0.0961209088563919 -0.018968768417835236
-0.43468645215034485 0.09573348611593246 -0.014866742305457592
-0.10140193998813629 0.18686999380588531 0.008222965523600578
-0.41620102524757385 0.10398929566144943 -0.012346266768872738
-0.03691289201378822 0.1872534602880478 0.009803151711821556
-0.04312669113278389 0.18285782635211945 0.015490605495870113
-0.4058411121368408 0.11464124172925949 -0.014962595887482166
-0.39986830949783325 0.11321321874856949 -0.011223040521144867
-0.4116126596927643 0.1134587749838829 -0.018748760223388672
-0.29211801290512085 0.15787985920906067 -0.004361811559647322
-0.007808787748217583 0.1803426891565323 0.017537616193294525
-0.0010120624210685492 0.1764260083436966 0.019118424504995346
0.0178174190223217 0.174844428896904 0.020340852439403534
-0.07179103791713715 0.1520620733499527 0.015088211745023727
-0.06642225384712219 0.17942552268505096 0.01690318062901497
-0.006033341400325298 0.17647336423397064 0.023780183866620064
-0.0002620931772980839 0.14800791442394257 0.0211031436920166
-0.0042428141459822655 0.1520470678806305 0.024571536108851433
-0.248722642660141 0.06230523809790611 -0.1889646053314209
-0.24600030481815338 0.06499956548213959 -0.18695896863937378
-0.24301877617835999 0.06281698495149612 -0.18896909058094025
-0.2431933730840683 0.0671754702925682 -0.18899576365947723
-0.2477138340473175 0.06842733174562454 -0.18894976377487183
-0.2573883831501007 0.03663027286529541 -0.18897069990634918
-0.254000723361969 0.03500039130449295 -0.18695910274982452
-0.2552476227283478 0.03148839622735977 -0.18897713720798492
-0.2520996332168579 0.038146670907735825 -0.18898455798625946
-0.2507432997226715 0.03342178463935852 -0.18898749351501465
-0.003188813803717494 -0.23575471341609955 -0.2715357542037964
-0.005378499161452055 -0.23590099811553955 -0.2775445878505707
-0.0011648481013253331 -0.23664188385009766 -0.27780023217201233
-0.16767778992652893 0.21474477648735046 -0.27099791169166565
-0.15089794993400574 0.23776164650917053 -0.2709983289241791
-0.17218726873397827 0.22791799902915955 -0.271002858877182
-0.16243648529052734 0.23906072974205017 -0.27100232243537903
-0.1430157572031021 0.2271110862493515 -0.2710055410861969
-0.14883427321910858 0.2140415459871292 -0.27100440859794617
-0.1577097773551941 0.21107198297977448 -0.2709968388080597
-0.15246345102787018 0.22415947914123535 -0.29604384303092957
-0.1561407595872879 0.23043225705623627 -0.29604434967041016
-0.1546393185853958 0.22950796782970428 -0.2894062101840973
-0.16317512094974518 0.2264757752418518 -0.29604390263557434
-0.16167472302913666 0.22924302518367767 -0.28933990001678467
-0.15853096544742584 0.21986421942710876 -0.29604417085647583
-0.1661161184310913 0.242413729429245 -0.27999982237815857
-0.16194425523281097 0.23455852270126343 -0.2800000309944153
-0.16656385362148285 0.23305344581604004 -0.2800000309944153
-0.1709580421447754 0.23895145952701569 -0.27999988198280334
-0.2431754767894745 -0.15249820053577423 -0.17964208126068115
-0.24624983966350555 -0.15186700224876404 -0.0007316016708500683
-0.2448418140411377 -0.1478807032108307 0.005610193125903606
-0.24710993468761444 -0.15231411159038544 0.007993258535861969
-0.23963651061058044 -0.14791899919509888 0.0020875888876616955
-0.049041662365198135 -0.22672578692436218 -0.224981889128685
-0.04488839954137802 -0.22988362610340118 -0.22405096888542175
-0.050238754600286484 -0.21650618314743042 -0.22397804260253906
-0.046468183398246765 -0.23012849688529968 -0.24578475952148438
0.049300920218229294 -0.226734459400177 -0.22600111365318298
0.04645278677344322 -0.23008833825588226 -0.24598045647144318
0.04889535903930664 -0.2277170866727829 -0.24314375221729279
0.044844210147857666 -0.22994013130664825 -0.2240336537361145
0.04929102957248688 -0.22071285545825958 -0.22396579384803772
0.050726767629384995 -0.22324545681476593 -0.23346158862113953
-0.021600943058729172 -0.23000000417232513 -0.22378727793693542
-0.030890969559550285 -0.2107347697019577 -0.22333112359046936
-0.05524219945073128 -0.20568090677261353 -0.22323711216449738
0.052385248243808746 -0.21006987988948822 -0.22370566427707672
-0.0010866872034966946 -0.2131279706954956 -0.2232709378004074
0.0008672158583067358 -0.23000000417232513 -0.22376880049705505
0.40053191781044006 0.014125288464128971 -0.14951494336128235
0.3348594605922699 0.014624944888055325 -0.16541787981987
0.3694995939731598 0.01448979601264 -0.16023561358451843
0.32809337973594666 0.01454005017876625 -0.17475998401641846
0.3268257677555084 0.014953621663153172 -0.22838875651359558
0.1866333931684494 0.008484450168907642 -0.19482320547103882
0.19777880609035492 0.012671788223087788 -0.20102205872535706
0.07823318988084793 -0.09797491133213043 -0.17349578440189362
0.05585885047912598 -0.11462929844856262 -0.174956277012825
0.16675545275211334 -0.0054808612912893295 -0.18444272875785828
0.1134166270494461 -0.06428299844264984 -0.1746058315038681
0.13490396738052368 -0.040129441767930984 -0.17754413187503815
0.08840078115463257 -0.08967813104391098 -0.17622266709804535
0.007074645720422268 -0.13882145285606384 -0.1779319792985916
0.03602798655629158 -0.1262553185224533 -0.17446096241474152
-0.06415574252605438 -0.1517615020275116 -0.18624858558177948
-0.02560458518564701 -0.14738121628761292 -0.18051421642303467
0.20728716254234314 0.014811953529715538 -0.12450490891933441
-0.10857769846916199 -0.15274900197982788 -0.19799652695655823
0.21047846972942352 0.014801333658397198 -0.2049003690481186
0.1501110941171646 0.011866714805364609 -0.029521288350224495
0.16106055676937103 0.014721994288265705 -0.049809712916612625
0.15236333012580872 0.014088572934269905 -0.009668413549661636
0.18534120917320251 0.014506300911307335 -0.1022602990269661
0.16950422525405884 0.013962389901280403 -0.07726966589689255
0.15988798439502716 0.01034723874181509 -0.07011000066995621
0.16428355872631073 0.010840401984751225 0.0313274972140789
0.1697436422109604 0.011938415467739105 0.04770124703645706
0.1750669777393341 0.010471194051206112 0.06650684773921967
0.1774185597896576 0.014393594115972519 0.05783379450440407
0.1965908706188202 0.014980915933847427 0.09041330218315125
0.26091352105140686 0.018957050517201424 0.18293863534927368
0.25590449571609497 0.018022028729319572 0.18258781731128693
0.2616957426071167 0.015244859270751476 0.18051238358020782
0.2344730943441391 0.016200022771954536 0.17321620881557465
0.26669520139694214 0.019025679677724838 0.18072549998760223
0.2751829922199249 0.017911331728100777 0.17336860299110413
0.2782208025455475 0.015194051899015903 0.1669945865869522
0.2863312065601349 0.018441159278154373 0.16834142804145813
0.2970053255558014 0.015211323276162148 0.16344484686851501
0.2939462661743164 0.01892230100929737 0.16696253418922424
0.31704747676849365 0.01529739610850811 0.1649884730577469
0.33454930782318115 0.015457957051694393 0.17001013457775116
0.35240310430526733 0.01527179405093193 0.17894738912582397
0.4206213355064392 0.01634531281888485 0.15645207464694977
0.44440513849258423 0.015737589448690414 0.13904163241386414
0.4847791790962219 0.01657421514391899 0.09497850388288498
0.4658518135547638 0.015370500274002552 0.11722315847873688
0.46066585183143616 0.016342643648386 0.1247674822807312
0.4514690041542053 0.015215452760457993 0.1311204731464386
0.38238266110420227 0.015057998709380627 0.1707669198513031
0.38350003957748413 0.016150224953889847 0.17290547490119934
0.4004357159137726 0.015852946788072586 0.16620445251464844
0.41255423426628113 0.015116006135940552 0.1582757979631424
0.4320017993450165 0.01508809719234705 0.1460203230381012
0.47262898087501526 0.015161337330937386 0.1078677549958229
0.4818693995475769 0.015137078240513802 0.09504663199186325
0.4938760995864868 0.015214391984045506 0.07410214841365814
0.5024580955505371 0.015322530642151833 0.05565008893609047
0.5099535584449768 0.015055864118039608 0.02285827323794365
0.5114135146141052 0.015134826302528381 0.00452116085216403
0.5040527582168579 0.016093973070383072 -0.007007642649114132
0.4958764314651489 0.01521871518343687 -0.018709618598222733
0.49062681198120117 0.015479637309908867 -0.045323412865400314
0.49036622047424316 0.015456199645996094 -0.061137523502111435
0.4925287067890167 0.018525322899222374 -0.05699826031923294
0.4943172037601471 0.015349633060395718 -0.07395576685667038
0.49872028827667236 0.01909855380654335 -0.07591190934181213
0.4947934150695801 0.018756408244371414 -0.06840511411428452
0.5044419765472412 0.017705170437693596 -0.08297567814588547
0.1808805912733078 0.015000000596046448 0.008561785332858562
0.18286149203777313 0.015000000596046448 -0.02487456426024437
0.24990400671958923 0.015000000596046448 0.12607352435588837
0.283490926027298 0.015000000596046448 0.14193947613239288
0.19193315505981445 0.015000000596046448 -0.05698636546730995
0.22391237318515778 0.015000000596046448 0.10494717210531235
0.2145414799451828 0.015000000596046448 -0.0953407734632492
0.20522120594978333 0.015000000596046448 0.08184582740068436
0.1886245161294937 0.015000000596046448 0.04871905595064163
0.24802535772323608 0.015000000596046448 -0.12486016750335693
0.28137049078941345 0.015000000596046448 -0.14122703671455383
0.317722886800766 0.015000000596046448 -0.14885959029197693
0.362167626619339 0.015000000596046448 -0.1462387591600418
0.4069841504096985 0.015000000596046448 -0.12819524109363556
0.4360876679420471 0.015000000596046448 -0.10494717955589294
0.45477911829948425 0.015000000596046448 -0.0818454697728157
0.4727303981781006 0.015000000596046448 -0.045261163264513016
0.4793608486652374 0.015000000596046448 -0.0011181439040228724
0.4734260141849518 0.015000000596046448 0.043005961924791336
0.45592260360717773 0.015000000596046448 0.0800749883055687
0.4375592768192291 0.015000000596046448 0.10343838483095169
0.41197478771209717 0.015000000596046448 0.12486010044813156
0.37168917059898376 0.015000000596046448 0.14381428062915802
0.32370123267173767 0.015000000596046448 0.14940181374549866
0.4116177558898926 0.0011023781262338161 -0.19474022090435028
0.412325918674469 -0.004442390985786915 -0.20144948363304138
0.41470590233802795 0.005239721853286028 -0.18903402984142303
0.42925480008125305 0.010242091491818428 -0.18020041286945343
0.4449929893016815 0.01489830482751131 -0.16573020815849304
0.5049146413803101 0.01878899335861206 -0.09858597815036774
0.5066114068031311 0.018645811825990677 -0.08871660381555557
0.504130482673645 0.015016281045973301 -0.09212957322597504
0.4998893737792969 0.07567266374826431 -0.08074222505092621
0.49631136655807495 0.06748025119304657 -0.07495652139186859
0.502597451210022 0.04224728047847748 -0.08192215114831924
0.49332568049430847 0.05707048997282982 -0.06769300252199173
0.4911595284938812 0.07597576826810837 -0.0609748400747776
0.49082741141319275 0.0756966695189476 -0.050504617393016815
0.4896903932094574 0.10456720739603043 -0.05395403504371643
0.4889354109764099 0.12841485440731049 -0.05455911532044411
0.4920368492603302 0.09964647889137268 -0.06853780150413513
0.4897012412548065 0.1305152177810669 -0.06487172842025757
0.49297603964805603 0.12810899317264557 -0.07350442558526993
0.4964565336704254 0.11021304130554199 -0.07932427525520325
0.4990597665309906 0.09087484329938889 -0.08149569481611252
0.3297575116157532 0.017583534121513367 -0.23343008756637573
0.37517789006233215 0.024590227752923965 -0.23598124086856842
0.4011315703392029 0.024644074961543083 -0.2344299554824829
0.38381174206733704 0.021782537922263145 -0.24031668901443481
0.3419960141181946 0.022334812209010124 -0.233441561460495
0.3567396104335785 0.021769382059574127 -0.2380533367395401
0.37068769335746765 0.017491547390818596 -0.24217762053012848
0.35493287444114685 0.016368504613637924 -0.24001215398311615
0.38619402050971985 0.017740411683917046 -0.24247559905052185
0.4176146388053894 0.016458556056022644 -0.23721781373023987
0.4007359743118286 0.015576586127281189 -0.24122512340545654
0.3534430265426636 0.025319073349237442 -0.23048603534698486
0.36865243315696716 0.025253282859921455 -0.22408869862556458
0.3855307996273041 0.02569037489593029 -0.21386058628559113
0.41407325863838196 0.0071756006218492985 -0.19386981427669525
0.4122875928878784 0.026526765897870064 -0.19656018912792206
-0.4326256811618805 -0.20899952948093414 -0.10247195512056351
-0.41142579913139343 -0.20900511741638184 -0.06915459036827087
-0.46000128984451294 -0.20899847149848938 -0.02344140037894249
-0.4255032539367676 -0.20900124311447144 -0.033249761909246445
-0.41643664240837097 -0.20900002121925354 -0.04749297723174095
-0.4442813992500305 -0.20899982750415802 -0.11135916411876678
-0.4747905135154724 -0.2089957743883133 -0.1164877861738205
-0.4619262218475342 -0.18762880563735962 -0.11841205507516861
-0.4593934714794159 -0.20899996161460876 -0.1166633814573288
-0.47284963726997375 -0.17875032126903534 -0.11911047995090485
-0.45158466696739197 -0.18934118747711182 -0.11601639539003372
-0.459057480096817 -0.1815968006849289 -0.12041694670915604
-0.4573325514793396 -0.174551323056221 -0.12629643082618713
-0.3367234468460083 -0.0447809137403965 -0.21588574349880219
-0.2915607690811157 -0.04482797160744667 -0.21620933711528778
-0.3346468210220337 -0.04514702036976814 -0.1958603709936142
-0.34476548433303833 -0.03760342672467232 -0.2169429212808609
-0.34506502747535706 -0.037623532116413116 -0.19036462903022766
-0.3402429521083832 -0.04316838085651398 -0.19335171580314636
0.003188813803717494 0.23575471341609955 -0.2715357542037964
0.005378499161452055 0.23590099811553955 -0.2775445878505707
0.0011648481013253331 0.23664188385009766 -0.27780023217201233
0.20764853060245514 0.05926179140806198 -0.37500423192977905
0.22140131890773773 0.061745647341012955 -0.37499991059303284
0.22696982324123383 0.0641544833779335 -0.3750002682209015
0.23521409928798676 0.033260419964790344 -0.3749999701976776
0.24529096484184265 0.026296420022845268 -0.3750000596046448
0.3074318468570709 0.0313587412238121 -0.37500008940696716
0.3100966513156891 0.004108445718884468 -0.3750000596046448
0.30776020884513855 -0.030864782631397247 -0.375000536441803
0.2446802258491516 -0.026334019377827644 -0.3750000596046448
0.23509496450424194 -0.033703528344631195 -0.3750004768371582
0.22694480419158936 -0.0640893504023552 -0.37500008940696716
0.22135913372039795 -0.06175675243139267 -0.37499991059303284
0.22915521264076233 -0.017673198133707047 -0.3749999701976776
0.2291785329580307 0.01770554482936859 -0.3749999701976776
0.21817797422409058 -0.07879437506198883 -0.3395978510379791
0.20927798748016357 -0.09502347558736801 -0.3749997913837433
0.18679434061050415 -0.10492254048585892 -0.37509191036224365
0.17249681055545807 -0.12569168210029602 -0.37500113248825073
0.18694087862968445 -0.13372373580932617 -0.37499991059303284
0.20112228393554688 -0.11710865795612335 -0.3751619756221771
0.20248021185398102 -0.11079743504524231 -0.37502557039260864
0.20053884387016296 -0.1237916648387909 -0.37486109137535095
0.185748890042305 -0.11658667027950287 -0.375111848115921
0.19559840857982635 -0.13015609979629517 -0.3370799720287323
0.15354447066783905 -0.14778748154640198 -0.37497735023498535
0.16415882110595703 -0.16086815297603607 -0.3749999701976776
0.14050987362861633 -0.16136905550956726 -0.3750400245189667
0.1377660483121872 -0.16377899050712585 -0.37519246339797974
0.11886649578809738 -0.17686548829078674 -0.3750002086162567
0.12991584837436676 -0.18961656093597412 -0.37499985098838806
0.14682362973690033 -0.1799081414937973 -0.37540677189826965
0.09422656893730164 -0.2152172178030014 -0.3369391858577728
0.13887037336826324 -0.18929868936538696 -0.3376208543777466
0.09382840245962143 -0.19170233607292175 -0.3750009834766388
0.09925683587789536 -0.2072964608669281 -0.3749997317790985
0.05120641738176346 -0.2068539410829544 -0.3750002682209015
0.05724336579442024 -0.22261211276054382 -0.37499985098838806
0.07523772865533829 -0.2010275423526764 -0.3750089704990387
0.06744437664747238 -0.21112293004989624 -0.37539854645729065
0.07653791457414627 -0.21913540363311768 -0.375044047832489
0.07035356014966965 -0.2169141322374344 -0.3751772940158844
0.08512679487466812 -0.2088082730770111 -0.37501418590545654
0.06573659926652908 -0.22533099353313446 -0.3375028371810913
0.02262992039322853 -0.211892768740654 -0.3750002086162567
0.022350095212459564 -0.22875981032848358 -0.3749997615814209
0.004525972995907068 -0.2129519283771515 -0.3750000298023224
-0.02261365018785 -0.21212869882583618 -0.3750007748603821
-0.02234768681228161 -0.2287861704826355 -0.37499991059303284
-0.009107000194489956 -0.225697323679924 -0.37550777196884155
0.004348369315266609 -0.23156724870204926 -0.37541651725769043
0.010729046538472176 -0.23505248129367828 -0.3750918507575989
-0.004208224825561047 -0.2349623441696167 -0.3750000298023224
-0.01490696705877781 -0.23451289534568787 -0.33712542057037354
-0.05120640993118286 -0.2068539559841156 -0.3750001788139343
-0.05722581967711449 -0.22259625792503357 -0.37499988079071045
-0.06857244670391083 -0.2016601711511612 -0.3750000298023224
-0.09382839500904083 -0.19170232117176056 -0.3750009834766388
-0.09925469756126404 -0.20731677114963531 -0.37499985098838806
-0.06925168633460999 -0.2157077044248581 -0.37518590688705444
-0.07367534935474396 -0.2011314183473587 -0.3752528727054596
-0.09422039985656738 -0.21524327993392944 -0.337087482213974
-0.11629689484834671 -0.2007216513156891 -0.33964449167251587
-0.11886650323867798 -0.17686548829078674 -0.3750001788139343
-0.1298980861902237 -0.18960589170455933 -0.3749998211860657
-0.15367679297924042 -0.14796428382396698 -0.3750007748603821
-0.1538662165403366 -0.14577695727348328 -0.37479960918426514
-0.16415265202522278 -0.1608540117740631 -0.3749999403953552
-0.15203598141670227 -0.1746867597103119 -0.3751714825630188
-0.13774749636650085 -0.17812292277812958 -0.3750539720058441
-0.14603972434997559 -0.18041007220745087 -0.37504053115844727
-0.1621513068675995 -0.17007732391357422 -0.3370828926563263
-0.17240208387374878 -0.1256483793258667 -0.37500059604644775
-0.18694157898426056 -0.13373373448848724 -0.3749997615814209
-0.19443237781524658 -0.08454670757055283 -0.37540343403816223
-0.2092902511358261 -0.09502917528152466 -0.37499985098838806
-0.18463736772537231 -0.1098746731877327 -0.375211626291275
-0.20293466746807098 -0.11117073893547058 -0.37520846724510193
-0.19716760516166687 -0.12804394960403442 -0.37497079372406006
-0.19414247572422028 -0.12089037150144577 -0.3751680552959442
-0.21051940321922302 -0.1042698472738266 -0.3371295928955078
-0.20497924089431763 -0.059105873107910156 -0.3750006854534149
-0.22141462564468384 -0.06173812225461006 -0.3749998211860657
-0.2129332721233368 -0.014593392610549927 -0.37500113248825073
-0.22916729748249054 -0.017696525901556015 -0.3749999701976776
-0.21382437646389008 -0.045794833451509476 -0.3750322163105011
-0.2321234941482544 -0.03665635362267494 -0.3750000298023224
-0.22785837948322296 -0.04391089454293251 -0.37542182207107544
-0.21556253731250763 -0.03047402948141098 -0.37508928775787354
-0.23210351169109344 0.0013707345351576805 -0.3395116627216339
-0.23356713354587555 0.026129139587283134 -0.3369142711162567
-0.21261782944202423 0.014515298418700695 -0.37497738003730774
-0.22915320098400116 0.017703251913189888 -0.37499988079071045
-0.20508307218551636 0.05911416560411453 -0.37500113248825073
-0.22140124440193176 0.06172274425625801 -0.37499991059303284
-0.22508765757083893 0.03106648288667202 -0.37504908442497253
-0.21575775742530823 0.047025613486766815 -0.37530022859573364
-0.21605701744556427 0.03053748421370983 -0.3753403127193451
-0.21190260350704193 0.04219396412372589 -0.3751356899738312
-0.21866434812545776 0.07777689397335052 -0.33954209089279175
-0.19501572847366333 0.08648038655519485 -0.3750006854534149
-0.20927798748016357 0.09502347558736801 -0.3749997913837433
-0.17249679565429688 0.12569168210029602 -0.3750009834766388
-0.18694087862968445 0.13372373580932617 -0.37499991059303284
-0.2017558217048645 0.11572711169719696 -0.37530675530433655
-0.20215554535388947 0.10858515650033951 -0.37516093254089355
-0.18460142612457275 0.10914267599582672 -0.3753594160079956
-0.18927747011184692 0.10381516814231873 -0.37512338161468506
-0.18952085077762604 0.11996769905090332 -0.3751813471317291
-0.19651269912719727 0.10299040377140045 -0.3752894401550293
-0.19559895992279053 0.1301555633544922 -0.33707988262176514
-0.15354447066783905 0.14778748154640198 -0.37497735023498535
-0.16415882110595703 0.16086815297603607 -0.3749999701976776
-0.1394260674715042 0.16219890117645264 -0.3751148581504822
-0.11903068423271179 0.17703582346439362 -0.3750007748603821
-0.1299426108598709 0.18960846960544586 -0.3749999403953552
-0.15186193585395813 0.17519919574260712 -0.3754063844680786
-0.15254268050193787 0.16910400986671448 -0.37513020634651184
-0.09380219131708145 0.19160152971744537 -0.3750007748603821
-0.09924768656492233 0.2072851061820984 -0.37499991059303284
-0.05125568434596062 0.2068082094192505 -0.37619632482528687
-0.057243265211582184 0.2226119488477707 -0.37499985098838806
-0.07864648103713989 0.2189144343137741 -0.3752706050872803
-0.07875600457191467 0.20120859146118164 -0.3750443756580353
-0.0846368819475174 0.2056235820055008 -0.375242680311203
-0.08446506410837173 0.2145175188779831 -0.3751808702945709
-0.06567268818616867 0.22532221674919128 -0.33759254217147827
-0.0226136427372694 0.21212875843048096 -0.3750007748603821
-0.022350093349814415 0.22875981032848358 -0.3749997913837433
0.02260378748178482 0.21223245561122894 -0.37500113248825073
0.022363752126693726 0.2287580668926239 -0.37499985098838806
-0.0006377111421898007 0.21452006697654724 -0.3750000596046448
0.005289382766932249 0.21576598286628723 -0.37533122301101685
0.009123960509896278 0.22395442426204681 -0.3753892481327057
-0.00020013866014778614 0.23094120621681213 -0.3750000298023224
0.05134715512394905 0.2071642279624939 -0.37500107288360596
0.057241424918174744 0.2226094901561737 -0.37499985098838806
0.07629331946372986 0.20035181939601898 -0.37514597177505493
0.09366771578788757 0.19137398898601532 -0.3762815296649933
0.09923598915338516 0.20729802548885345 -0.37499991059303284
0.08095875382423401 0.21789227426052094 -0.3751258850097656
0.07460930198431015 0.2190328687429428 -0.37548455595970154
0.08211115747690201 0.20282286405563354 -0.3752042353153229
0.08576542884111404 0.211201012134552 -0.3753807544708252
0.06748828291893005 0.2132636308670044 -0.3753287196159363
0.07203418016433716 0.22429969906806946 -0.3747623562812805
0.11538343131542206 0.20135818421840668 -0.33957305550575256
0.0942433550953865 0.2151927649974823 -0.3369625508785248
0.11910487711429596 0.17710892856121063 -0.37500086426734924
0.12993745505809784 0.18960174918174744 -0.3749999701976776
0.1536768078804016 0.14796428382396698 -0.37500059604644775
0.1538662165403366 0.14577695727348328 -0.37479960918426514
0.16415537893772125 0.16085797548294067 -0.3749999403953552
0.13510018587112427 0.16750851273536682 -0.37506353855133057
0.13749928772449493 0.17802171409130096 -0.37519365549087524
0.15166999399662018 0.17519356310367584 -0.37506550550460815
0.17249681055545807 0.12569168210029602 -0.37500113248825073
0.18694157898426056 0.13373373448848724 -0.3749997615814209
0.1943526566028595 0.08446680009365082 -0.37516555190086365
0.2092902511358261 0.09502917528152466 -0.37499985098838806
0.19684915244579315 0.10307163000106812 -0.3752371072769165
0.20281924307346344 0.11151735484600067 -0.3751227855682373
0.18535029888153076 0.11507085710763931 -0.37511494755744934
0.21053627133369446 0.10440263152122498 -0.33693739771842957
0.28172197937965393 0.04431202635169029 0.16916581988334656
0.2772826552391052 0.08700866252183914 0.16958323121070862
0.2684275507926941 0.05594789236783981 0.1774034947156906
0.26686057448387146 0.07808342576026917 0.1766991764307022
0.2850048243999481 0.07901439070701599 0.16684140264987946
0.29664602875709534 0.06406896561384201 0.16558514535427094
0.28889018297195435 0.1219729408621788 0.1645028442144394
0.27210143208503723 0.12197748571634293 0.17072626948356628
0.28121939301490784 0.1245022714138031 0.1660274863243103
0.27051737904548645 0.10475890338420868 0.1728912591934204
0.4891913831233978 0.13547579944133759 -0.07921529561281204
0.4937707185745239 0.12969866394996643 -0.08053020387887955
0.4892406463623047 0.1334000527858734 -0.08804402500391006
0.4848833680152893 0.13501118123531342 -0.051599662750959396
0.49213409423828125 0.12613490223884583 -0.016573769971728325
0.5007680654525757 0.1181003600358963 0.000527445285115391
0.4830186367034912 0.10465436428785324 0.07739526778459549
0.4951968491077423 0.11047383397817612 0.04275932163000107
0.49977216124534607 0.11435065418481827 0.01872032880783081
0.48725345730781555 0.10871827602386475 0.06189029663801193
0.47540655732154846 0.10519593209028244 0.08764860033988953
0.3676396310329437 0.11114542931318283 0.16519570350646973
0.42468392848968506 0.10436256974935532 0.14058558642864227
0.40700191259384155 0.10601241141557693 0.15057361125946045
0.4643259346485138 0.10267607867717743 0.10599750280380249
0.39540159702301025 0.10636232048273087 0.15720458328723907
0.45376816391944885 0.10289882868528366 0.11724432557821274
0.44293054938316345 0.10361798107624054 0.12638093531131744
0.34517982602119446 0.1159953773021698 0.1670839488506317
0.32940420508384705 0.11742287129163742 0.16607506573200226
0.31672415137290955 0.12594015896320343 0.15946289896965027
0.2963314354419708 0.12713097035884857 0.1612250804901123
0.468185693025589 0.11451572179794312 0.05012369900941849
0.4602486491203308 0.11302866786718369 0.06869176775217056
0.44793155789375305 0.11076965183019638 0.08802226185798645
0.4319273829460144 0.10939250886440277 0.10635414719581604
0.4148811101913452 0.1113634705543518 0.12036232650279999
0.39934036135673523 0.11196506023406982 0.12973672151565552
0.3819319009780884 0.11322636157274246 0.13747936487197876
0.36248862743377686 0.117389015853405 0.14366032183170319
0.3318401873111725 0.12258315831422806 0.1470021903514862
0.3073669970035553 0.12924696505069733 0.14502961933612823
0.2866828143596649 0.13326001167297363 0.1399712860584259
0.2648395001888275 0.1400955319404602 0.1310693472623825
0.23718221485614777 0.15122149884700775 0.1128397136926651
0.25394904613494873 0.14524993300437927 0.12507891654968262
0.40555137395858765 0.16495998203754425 -0.12453204393386841
0.41766077280044556 0.16192461550235748 -0.11649621278047562
0.4277937412261963 0.15846435725688934 -0.10866333544254303
0.4352668821811676 0.15558801591396332 -0.10133291035890579
0.4447641372680664 0.15021857619285583 -0.09056320786476135
0.456825852394104 0.14374510943889618 -0.07283870875835419
0.46766987442970276 0.13724561035633087 -0.05027931183576584
0.473053514957428 0.13233911991119385 -0.0321398563683033
0.47626811265945435 0.12853841483592987 -0.014183597639203072
0.4766014814376831 0.1213284283876419 0.010392354801297188
0.47229886054992676 0.11810631304979324 0.038273558020591736
0.3340380787849426 0.12585577368736267 0.15081116557121277
0.33302757143974304 0.12446630001068115 0.14819251000881195
0.3003131151199341 0.133662611246109 0.1488678902387619
0.36009451746940613 0.12017617374658585 0.14615635573863983
0.36554884910583496 0.12025035917758942 0.1484871506690979
0.4565742015838623 0.15021613240242004 -0.08154571801424026
0.446378618478775 0.15333156287670135 -0.09163026511669159
0.4581497013568878 0.1461828202009201 -0.07327573001384735
0.4282212257385254 0.11361471563577652 0.11813394725322723
0.42630693316459656 0.11340384930372238 0.1149698793888092
0.4160199463367462 0.11444668471813202 0.12509793043136597
0.46662911772727966 0.1161116436123848 0.0582086443901062
0.39512383937835693 0.11595988273620605 0.13929347693920135
0.38574668765068054 0.11578039079904556 0.1377600133419037
0.4727742373943329 0.11854954808950424 0.04989837482571602
0.3396267294883728 0.12467643618583679 0.15280553698539734
0.46660977602005005 0.1446198970079422 -0.0644693523645401
0.46942976117134094 0.14090053737163544 -0.05285918712615967
0.4779472053050995 0.125637486577034 0.003109297016635537
0.48134368658065796 0.13049669563770294 -0.010880952700972557
0.4622321128845215 0.11574586480855942 0.07207507640123367
0.4689575731754303 0.11637385934591293 0.0659494623541832
0.43822482228279114 0.11227422207593918 0.1016363650560379
0.44934073090553284 0.1133260652422905 0.08954624831676483
0.4523294270038605 0.11418124288320541 0.09230323880910873
0.4749627709388733 0.13559308648109436 -0.034266673028469086
0.3949349522590637 0.11590445041656494 0.1357780396938324
0.4766700565814972 0.13780277967453003 -0.041397079825401306
0.4813595414161682 0.12248903512954712 0.026093214750289917
0.2891388535499573 0.13560999929904938 0.14249683916568756
0.48062995076179504 0.1253109574317932 0.011637371964752674
0.476949006319046 0.1222614124417305 0.02144734188914299
0.13495363295078278 0.2155350297689438 -0.11191388219594955
0.13790564239025116 0.2175437957048416 -0.11962586641311646
0.18642036616802216 0.1790715605020523 0.05159720033407211
0.13288560509681702 0.21436898410320282 -0.09821466356515884
0.2584902346134186 0.20238427817821503 -0.15387006103992462
0.16948804259300232 0.18924042582511902 0.020678408443927765
0.38497719168663025 0.17198577523231506 -0.13492663204669952
0.19880613684654236 0.17298561334609985 0.07111608237028122
0.37173014879226685 0.17649070918560028 -0.13967809081077576
0.21309879422187805 0.21098113059997559 -0.15125542879104614
0.20776866376399994 0.16714631021022797 0.08248864859342575
0.21875886619091034 0.1607319861650467 0.09530148655176163
0.13384339213371277 0.21184475719928741 -0.08176414668560028
0.3496559262275696 0.1810801774263382 -0.14551620185375214
0.18382933735847473 0.21573877334594727 -0.14674119651317596
0.16943170130252838 0.2175655961036682 -0.14297229051589966
0.13766680657863617 0.2082265019416809 -0.062685526907444
0.1438380777835846 0.20436091721057892 -0.040942396968603134
0.15169042348861694 0.21708323061466217 -0.1343613713979721
0.3126174807548523 0.19049496948719025 -0.15147365629673004
0.14378337562084198 0.21823880076408386 -0.12793785333633423
0.1552996188402176 0.19742444157600403 -0.010472008027136326
0.07268750667572021 0.22838564217090607 -0.11249949038028717
0.07396472245454788 0.22998717427253723 -0.11026018112897873
0.08039961755275726 0.22991487383842468 -0.11065718531608582
0.08039961755275726 0.2297581434249878 -0.11113269627094269
0.08991710096597672 0.22964341938495636 -0.1113768070936203
0.07222987711429596 0.22793376445770264 -0.09437115490436554
0.09046004712581635 0.22822044789791107 -0.11281949281692505
0.08915102481842041 0.22818221151828766 -0.21240992844104767
0.0728052482008934 0.2284432202577591 -0.17765648663043976
0.09051334112882614 0.228472039103508 -0.1773514747619629
0.07224378734827042 0.2225555032491684 -0.17760619521141052
0.089302659034729 0.2299513816833496 -0.17924661934375763
0.10562651604413986 0.22981420159339905 -0.1948724091053009
0.09371855854988098 0.2298884391784668 -0.18328936398029327
0.10719193518161774 0.2284337729215622 -0.19399575889110565
-0.009853191673755646 0.22978118062019348 -0.21073563396930695
-0.009118129499256611 0.22857768833637238 -0.21226905286312103
-0.02673705853521824 0.22901593148708344 -0.211771160364151
0.006730061490088701 0.22942480444908142 -0.19505828619003296
-0.02552712894976139 0.22999225556850433 -0.20982716977596283
-0.0174590814858675 0.22991040349006653 -0.2103007733821869
-0.0016939810011535883 0.22965450584888458 -0.20295068621635437
0.007756553590297699 0.22775577008724213 -0.1956314593553543
-0.027396896854043007 0.21805189549922943 -0.07926300913095474
-0.027919696643948555 0.19106924533843994 -0.07722345739603043
-0.00909586064517498 0.21864522993564606 -0.07806461304426193
0.007006618194282055 0.21921777725219727 -0.09485802799463272
-0.0029888106510043144 0.21896778047084808 -0.08452577143907547
-0.009223624132573605 0.2178286910057068 -0.07750750333070755
0.007832472212612629 0.2177291214466095 -0.09441892802715302
0.13304822146892548 0.029171669855713844 0.11651323735713959
0.11962556093931198 0.029552558436989784 0.10693279653787613
0.106341652572155 0.026799367740750313 0.09704031050205231
0.26573607325553894 0.12342332303524017 0.17055343091487885
0.2569746971130371 0.10280362516641617 0.17233586311340332
0.261225163936615 0.08717984706163406 0.17614220082759857
0.2637374997138977 0.056564077734947205 0.17954781651496887
0.2559775710105896 0.03503799811005592 0.181646466255188
0.2587764263153076 0.06612338125705719 0.1789240539073944
0.23871812224388123 0.01915137842297554 0.1766568124294281
0.21090881526470184 0.018644703552126884 0.16437555849552155
0.21542812883853912 0.015165356919169426 0.16309837996959686
0.18132272362709045 0.01723676733672619 0.1478176862001419
0.1707872450351715 0.017686523497104645 0.14245280623435974
0.14231830835342407 0.009320595301687717 0.12403085827827454
0.13469558954238892 0.020072536543011665 0.11824651062488556
0.04796122387051582 0.17784424126148224 0.021329572424292564
0.033508773893117905 0.17389418184757233 0.02296697162091732
0.04874197021126747 0.1757713109254837 0.024878140538930893
0.05195768177509308 0.1713087558746338 0.028995802626013756
0.058079931885004044 0.1770995706319809 0.02555982582271099
0.06984244287014008 0.17354081571102142 0.03508330509066582
0.06874481588602066 0.16800722479820251 0.03779904916882515
0.08102326095104218 0.16553321480751038 0.04686230048537254
-0.3703197240829468 0.14079345762729645 -0.06921738386154175
-0.13279305398464203 0.19028016924858093 -0.02241084910929203
-0.17553621530532837 0.18744471669197083 -0.026420870795845985
-0.4372234046459198 0.10942835360765457 -0.1293109506368637
-0.45832347869873047 0.0947345644235611 -0.12258618324995041
-0.19398754835128784 0.18603497743606567 -0.1275848001241684
-0.22684061527252197 0.18411663174629211 -0.12955982983112335
-0.2077469676733017 0.1868056356906891 -0.09797745943069458
-0.29452675580978394 0.16979815065860748 -0.07943319529294968
-0.3254561424255371 0.16325484216213226 -0.11989381164312363
-0.31043049693107605 0.1627836376428604 -0.05723140761256218
-0.18938474357128143 0.1790141612291336 -0.18203991651535034
-0.21762922406196594 0.18047305941581726 -0.1763204038143158
-0.16313178837299347 0.18652606010437012 -0.12184319645166397
-0.12734556198120117 0.1865408569574356 -0.10703034698963165
-0.12655161321163177 0.19058014452457428 -0.06395169347524643
-0.2533106207847595 0.1809713989496231 -0.11630647629499435
-0.2853027284145355 0.1747543215751648 -0.16106478869915009
-0.2919158637523651 0.17316517233848572 -0.12810586392879486
-0.2329360693693161 0.18244801461696625 -0.06146939843893051
-0.1560034453868866 0.19016729295253754 -0.04708416759967804
-0.2191666066646576 0.18245971202850342 -0.03330347314476967
-0.26427513360977173 0.17369449138641357 -0.03902662545442581
-0.2738751471042633 0.175922691822052 -0.09014048427343369
-0.26123279333114624 0.1777568906545639 -0.16808094084262848
-0.3455660939216614 0.15153758227825165 -0.07113131880760193
-0.0796063244342804 0.18791256844997406 -0.06573136150836945
-0.11091021448373795 0.1831160932779312 -0.11717388778924942
-0.07828877121210098 0.19032816588878632 -0.023952849209308624
-0.1863320916891098 0.18846841156482697 -0.06307704746723175
-0.08206550776958466 0.18088127672672272 -0.1081797182559967
-0.11362184584140778 0.1769321858882904 -0.147002175450325
-0.2538720667362213 0.17936033010482788 -0.1671939194202423
-0.510837197303772 0.05262640863656998 -0.09486040472984314
-0.5187203288078308 0.0454326868057251 -0.07268410921096802
-0.40507498383522034 0.12925010919570923 -0.13716378808021545
-0.5144160389900208 0.04822370782494545 -0.050413087010383606
-0.16249126195907593 0.18951867520809174 -0.08357517421245575
-0.3865094482898712 0.1394040882587433 -0.140085831284523
-0.35900136828422546 0.15042360126972198 -0.11888625472784042
-0.3646778166294098 0.14971505105495453 -0.14566834270954132
-0.23551017045974731 0.1804237961769104 -0.1715589165687561
-0.33477115631103516 0.16143791377544403 -0.15072758495807648
-0.04265127703547478 0.18362998962402344 -0.06407352536916733
-0.0220404751598835 0.18637637794017792 -0.01729128509759903
-0.16430091857910156 0.17523716390132904 -0.1884099245071411
-0.30976632237434387 0.16880129277706146 -0.15821734070777893
-0.0011450585443526506 0.18332800269126892 -0.023553136736154556
0.024278363212943077 0.18166153132915497 0.0009678777423687279
-0.14594614505767822 0.17113743722438812 -0.1940678358078003
-0.5192528367042542 0.04233306646347046 -0.05914086475968361
-0.5203840732574463 0.041112784296274185 -0.07495687901973724
-0.4930287301540375 0.05949341133236885 -0.024446964263916016
-0.5038484334945679 0.05118362605571747 -0.03154454752802849
-0.5091962814331055 0.051318857818841934 -0.10130010545253754
-0.515694260597229 0.046015750616788864 -0.0910663828253746
-0.5147538781166077 0.04458629712462425 -0.04612008482217789
-0.41239458322525024 0.02290978841483593 -0.007803371641784906
-0.42002740502357483 0.01458992250263691 -0.0084663862362504
-0.4171956479549408 0.0160258486866951 -0.009959664195775986
-0.4114454686641693 0.019886823371052742 -0.0113223223015666
-0.41658225655555725 0.015448348596692085 -0.021749673411250114
-0.3611663579940796 0.02156117558479309 -0.008663362823426723
-0.356316477060318 0.026776514947414398 -0.008915634825825691
-0.36286136507987976 0.021473603323101997 -0.004427590407431126
-0.3572252094745636 0.02801923081278801 -0.004379774909466505
-0.3631976544857025 0.024280451238155365 -0.002692272886633873
-0.3594180941581726 0.032806865870952606 -0.0029707360081374645
-0.36613941192626953 0.020082056522369385 -0.006828927434980869
-0.35021257400512695 0.09289614111185074 -0.0046667554415762424
-0.3553656339645386 0.08577974885702133 -0.005854207091033459
-0.42377179861068726 -0.004255025181919336 -0.008011349476873875
-0.17163445055484772 -0.11029192805290222 0.009376483038067818
-0.22357648611068726 -0.10716065019369125 0.005182336084544659
-0.2407187819480896 -0.1205126941204071 0.0038023514207452536
-0.12803953886032104 -0.11044864356517792 0.012916448526084423
-0.2387516051530838 -0.1068568304181099 0.004189969040453434
-0.24405290186405182 -0.12761850655078888 0.008000064641237259
-0.24502716958522797 -0.1477617472410202 0.00800000037997961
-0.24502716958522797 -0.14776167273521423 0.007024597376585007
-0.2924160361289978 -0.15084509551525116 0.006039421074092388
-0.285972535610199 -0.15260475873947144 0.004478775896131992
-0.28872179985046387 -0.15182054042816162 0.007904590107500553
-0.2941665053367615 -0.11503690481185913 0.00798660796135664
-0.2999975383281708 -0.09603157639503479 0.00819323305040598
-0.24227695167064667 -0.10336558520793915 0.0023023884277790785
-0.24307924509048462 -0.10319603234529495 0.008017005398869514
-0.24219776690006256 -0.10973872244358063 0.006390884052962065
-0.3000005781650543 -0.1518319696187973 0.005776216741651297
-0.30001726746559143 -0.1530710756778717 0.003014178015291691
-0.38677188754081726 -0.16088877618312836 -0.15953147411346436
-0.4197101891040802 -0.16624650359153748 -0.14519928395748138
-0.29832524061203003 -0.15298260748386383 -0.1980203241109848
-0.26951339840888977 -0.15248383581638336 -0.20981845259666443
-0.3403759300708771 -0.15544529259204865 -0.1793462038040161
-0.3581267297267914 -0.15723109245300293 0.0029946432914584875
-0.3616906702518463 -0.1556789129972458 0.002948991721495986
-0.31854426860809326 -0.1072094663977623 0.002999967196956277
-0.3220020830631256 -0.10688470304012299 0.002999912016093731
-0.31774982810020447 -0.10322345048189163 0.0030002002604305744
-0.36478397250175476 -0.08417660742998123 0.0029995120130479336
-0.3647490441799164 -0.08178436756134033 -0.005976913496851921
-0.47408145666122437 -0.20899976789951324 -0.025657106190919876
-0.39391666650772095 -0.06766649335622787 -0.00808134488761425
-0.48320794105529785 -0.20899979770183563 -0.028135079890489578
-0.4121214747428894 -0.04789169132709503 -0.009058643132448196
-0.42232027649879456 -0.020253872498869896 -0.008734134025871754
-0.4203890264034271 0.00036756880581378937 -0.01076181884855032
0.0572996661067009 -0.07588605582714081 0.05012229084968567
0.06175881251692772 -0.035790104418992996 0.059550993144512177
0.06834975630044937 0.0002687089145183563 0.0676824077963829
0.05110003054141998 -0.05304757505655289 0.04840026795864105
0.04230576381087303 -0.06286810338497162 0.041263166815042496
0.000597457168623805 -0.08877836912870407 0.023884933441877365
0.01654323935508728 -0.08195799589157104 0.027907412499189377
0.026029540225863457 -0.07521089911460876 0.031552575528621674
-0.0010552065214142203 -0.10788003355264664 0.02307431772351265
-0.08905209600925446 -0.10466517508029938 0.027004022151231766
-0.0031741675920784473 -0.09134954959154129 0.02660772204399109
-0.0065824296325445175 -0.0879526436328888 0.020216437056660652
-0.008229361847043037 -0.0885232463479042 0.02700100466609001
-0.00317700975574553 -0.11077888309955597 0.02420828863978386
-0.0048632752150297165 -0.11804036796092987 0.026974663138389587
-0.00902729295194149 -0.1388411521911621 0.02701026014983654
-0.06003817170858383 -0.14640167355537415 0.027003398165106773
-0.0874236673116684 -0.10396084189414978 0.01371714286506176
0.03167436271905899 0.10602103173732758 0.030453195795416832
0.04397706314921379 0.13074219226837158 0.03220377489924431
0.0657133162021637 0.12942321598529816 0.04541797563433647
0.10252705216407776 0.13982954621315002 0.0724402666091919
0.0014799801865592599 0.13102202117443085 0.02158363349735737
0.045177213847637177 0.09068318456411362 0.03942142799496651
0.01522049680352211 0.11990726739168167 0.024044180288910866
0.053222741931676865 0.07205411791801453 0.04703349247574806
0.058321841061115265 0.09189513325691223 0.048022180795669556
-0.34816592931747437 0.09544864296913147 -0.0015162803465500474
-0.34723371267318726 0.09487241506576538 0.007990243844687939
-0.30804598331451416 0.1106950044631958 0.007990196347236633
-0.34250813722610474 0.09233862906694412 0.007987838238477707
-0.30783841013908386 0.11046425998210907 -0.005378924310207367
-0.23044532537460327 0.14273285865783691 0.003107848111540079
-0.1392485499382019 0.15360014140605927 0.009630314074456692
-0.06765200942754745 0.1507999151945114 0.019194092601537704
-0.06769635528326035 0.14816249907016754 0.014807320199906826
-0.06668409705162048 0.1473112404346466 0.0269910991191864
-0.06541413813829422 0.14624445140361786 0.011731208302080631
-0.06436324864625931 0.18160152435302734 0.026994217187166214
-0.008102674968540668 0.17987877130508423 0.027017133310437202
-0.00344811100512743 0.13360236585140228 0.027042249217629433
-0.0023929867893457413 0.1328006237745285 0.023910818621516228
-0.0045470367185771465 0.13043101131916046 0.021846653893589973
-0.008950578048825264 0.12977148592472076 0.0177469402551651
0.0019216967048123479 0.124360591173172 0.01891362853348255
-0.24602866172790527 0.06109087914228439 -0.2110011875629425
-0.24193693697452545 0.06501701474189758 -0.210999995470047
-0.24715586006641388 0.06856203824281693 -0.21100002527236938
-0.24966007471084595 0.0637538731098175 -0.2109924703836441
-0.2501791715621948 0.03652630001306534 -0.2109992504119873
-0.25387075543403625 0.030936840921640396 -0.21100056171417236
-0.2546375095844269 0.03883858025074005 -0.21099774539470673
-0.25813087821006775 0.03486265614628792 -0.21099849045276642
-0.0008935946971178055 -0.2355990707874298 -0.2809365391731262
0.20007848739624023 -0.17869213223457336 -0.27681177854537964
0.20198024809360504 -0.13266631960868835 -0.2771031856536865
0.1999821662902832 -0.13497187197208405 -0.2759268879890442
0.1788462996482849 -0.1997806429862976 -0.2782585918903351
0.18449018895626068 -0.19694367051124573 -0.27647626399993896
0.13763265311717987 -0.1985911726951599 -0.2761691212654114
0.18986675143241882 -0.195868581533432 -0.27792128920555115
0.19837254285812378 -0.1862947791814804 -0.2788894772529602
0.13233406841754913 -0.19982145726680756 -0.2771916389465332
0.20026427507400513 -0.178645059466362 -0.28868964314460754
0.18024952709674835 -0.1997726559638977 -0.2873985767364502
0.19781409204006195 -0.18733322620391846 -0.28770798444747925
0.13391096889972687 -0.19960539042949677 -0.2891254425048828
0.1785392314195633 -0.19847258925437927 -0.2894216775894165
0.13930609822273254 -0.19738739728927612 -0.2900313138961792
0.18896067142486572 -0.19637297093868256 -0.28753194212913513
0.19339635968208313 -0.19103607535362244 -0.2894260585308075
0.20215310156345367 -0.13030745089054108 -0.288764625787735
0.20023030042648315 -0.13523714244365692 -0.28994083404541016
-0.1655300110578537 0.2428099662065506 -0.2707933783531189
-0.17312997579574585 0.2363080531358719 -0.27055057883262634
-0.17411401867866516 0.23220954835414886 -0.2688831388950348
-0.15853212773799896 0.2439214587211609 -0.26950299739837646
-0.1763462871313095 0.22916127741336823 -0.2705947756767273
-0.15707182884216309 0.2395440638065338 -0.2687700092792511
-0.14669917523860931 0.2346886694431305 -0.26860588788986206
-0.16960835456848145 0.21724656224250793 -0.2685702443122864
-0.17185565829277039 0.22783945500850677 -0.26874756813049316
-0.14357060194015503 0.22417598962783813 -0.2684035897254944
-0.16645802557468414 0.2365332394838333 -0.2688053250312805
-0.14906440675258636 0.2135310173034668 -0.26830539107322693
-0.16116935014724731 0.2114267647266388 -0.2684042751789093
-0.07038051635026932 0.23196540772914886 -0.26950332522392273
-0.0721060037612915 0.23001062870025635 -0.26790115237236023
-0.16515886783599854 0.24110150337219238 -0.28912636637687683
-0.15959380567073822 0.24428606033325195 -0.287613183259964
-0.15620286762714386 0.242044135928154 -0.28919509053230286
-0.1618242859840393 0.23500017821788788 -0.28925833106040955
-0.16633138060569763 0.23290179669857025 -0.28924065828323364
-0.17089147865772247 0.23872612416744232 -0.28839895129203796
-0.15276263654232025 0.22320467233657837 -0.28951412439346313
-0.16082598268985748 0.22050398588180542 -0.28947144746780396
-0.07002061605453491 0.23154497146606445 -0.2893463373184204
-0.17894837260246277 0.1602102369070053 -0.2881815731525421
-0.17629846930503845 0.22937944531440735 -0.2878442704677582
-0.17719604074954987 0.16319796442985535 -0.2900773882865906
-0.17421729862689972 0.23415271937847137 -0.2890320122241974
-0.1788160502910614 0.16052976250648499 -0.2693760395050049
-0.17687875032424927 0.16291667520999908 -0.26795050501823425
-0.17562420666217804 0.1676214039325714 -0.2679792642593384
-0.12797532975673676 -0.15276294946670532 -0.20580901205539703
-0.18607394397258759 -0.1525031328201294 -0.24533134698867798
-0.15513886511325836 -0.1529131382703781 -0.2205808460712433
-0.19690296053886414 -0.15234500169754028 -0.2403726577758789
-0.04854733869433403 -0.228425070643425 -0.24389740824699402
-0.01631859876215458 -0.23000004887580872 -0.23340587317943573
-0.013287452980875969 -0.22999995946884155 -0.2289702594280243
-0.008385847322642803 -0.22999991476535797 -0.23064543306827545
-0.008810948580503464 -0.2300000786781311 -0.23577743768692017
-0.031038854271173477 -0.23000003397464752 -0.23424167931079865
-0.037430714815855026 -0.23000000417232513 -0.22958359122276306
-0.03915533050894737 -0.22999995946884155 -0.23445461690425873
-0.012922015972435474 -0.23000004887580872 -0.23705096542835236
-0.03232458978891373 -0.22999995946884155 -0.22956235706806183
-0.034105878323316574 -0.23000001907348633 -0.23710320889949799
-0.028330108150839806 -0.23364022374153137 -0.24616247415542603
-0.004442275036126375 -0.23542669415473938 -0.24617575109004974
0.02076019160449505 -0.23454946279525757 -0.24628323316574097
-0.17497333884239197 -0.15569785237312317 -0.24482150375843048
-0.1479739099740982 -0.15671417117118835 -0.22517313063144684
-0.11737661808729172 -0.15864479541778564 -0.21135087311267853
-0.12313789874315262 -0.15477551519870758 -0.2090192586183548
-0.16125063598155975 -0.1577288806438446 -0.235336035490036
-0.09942155331373215 -0.15589632093906403 -0.20230498909950256
0.07833409309387207 -0.10388033837080002 -0.18341276049613953
0.10060153156518936 -0.08002282679080963 -0.17994363605976105
0.11782818287611008 -0.06120404601097107 -0.17942558228969574
-0.010663064196705818 -0.1509357988834381 -0.19013018906116486
0.014881452545523643 -0.1390632838010788 -0.1840071827173233
-0.01918560266494751 -0.14747114479541779 -0.18420737981796265
0.017334025353193283 -0.14283719658851624 -0.18785323202610016
0.10787773877382278 -0.08154742419719696 -0.18669205904006958
0.16969843208789825 -0.015169627033174038 -0.19690899550914764
0.18709060549736023 -0.0025503472425043583 -0.20526450872421265
0.1867780089378357 0.00237233261577785 -0.20341625809669495
0.016114000231027603 -0.14750216901302338 -0.1898532658815384
0.09630750119686127 -0.09500231593847275 -0.18688291311264038
0.07999256998300552 -0.10936904698610306 -0.18695518374443054
0.061083946377038956 -0.11334265023469925 -0.1798934042453766
0.16127006709575653 -0.016384586691856384 -0.19141720235347748
0.16375581920146942 -0.010448298417031765 -0.1887102872133255
0.22481407225131989 0.012515905313193798 -0.22456128895282745
0.2335217148065567 0.014854458160698414 -0.22368045151233673
0.13787204027175903 -0.04413400962948799 -0.18677228689193726
0.1342637538909912 -0.04314234107732773 -0.1819085329771042
-0.03508506342768669 -0.15567158162593842 -0.19267848134040833
-0.047190986573696136 -0.15153926610946655 -0.1874018907546997
0.203207865357399 0.007335606962442398 -0.2130391001701355
0.049008749425411224 -0.125435933470726 -0.1848607063293457
0.14727960526943207 -0.040464192628860474 -0.19086843729019165
0.06256576627492905 -0.12210104614496231 -0.18728838860988617
-0.0717831552028656 -0.15454071760177612 -0.19396254420280457
0.03582356125116348 -0.12793512642383575 -0.18006359040737152
-0.057843342423439026 -0.15914925932884216 -0.19670672714710236
0.20265311002731323 0.0007888583349995315 -0.21519774198532104
0.04159969836473465 -0.13479083776474 -0.18810279667377472
0.11904042959213257 -0.06467591226100922 -0.18437889218330383
0.18376997113227844 0.004862574394792318 -0.19796454906463623
-0.08107244223356247 -0.15942931175231934 -0.20081359148025513
0.12303758412599564 -0.06857749819755554 -0.18797653913497925
0.11300817877054214 -0.099422387778759 -0.1903933435678482
0.05552009493112564 -0.21911200881004333 -0.23567448556423187
0.05687979608774185 -0.20498600602149963 -0.2231239676475525
0.029424205422401428 -0.2105495184659958 -0.22305646538734436
-0.05105617269873619 -0.22300955653190613 -0.2343505173921585
-0.05603494867682457 -0.21872210502624512 -0.2353549599647522
-0.09211719036102295 -0.20369599759578705 -0.2337413728237152
-0.10443930327892303 -0.18746240437030792 -0.22466400265693665
-0.10320667922496796 -0.1919841766357422 -0.22934721410274506
-0.08476470410823822 -0.19390198588371277 -0.22227168083190918
-0.12335565686225891 -0.180786594748497 -0.2287854701280594
-0.11721907556056976 -0.1840517371892929 -0.22957004606723785
-0.14214567840099335 -0.17375347018241882 -0.23424111306667328
-0.14405769109725952 -0.18593686819076538 -0.24696213006973267
0.22412890195846558 0.008048865012824535 -0.23009496927261353
0.2217099666595459 0.002440540585666895 -0.23109161853790283
0.23900745809078217 0.011010966263711452 -0.2433796226978302
0.24437975883483887 0.014383927918970585 -0.24015198647975922
0.2354622185230255 0.00196246150881052 -0.24718979001045227
0.25407540798187256 0.015095270238816738 -0.25664016604423523
0.4295591413974762 0.013441353105008602 -0.18288154900074005
0.4548536241054535 0.01990193873643875 -0.1626119166612625
0.44612225890159607 0.016339078545570374 -0.16843850910663605
0.4871819019317627 0.01982834003865719 -0.12726368010044098
0.49372437596321106 0.016300663352012634 -0.11522769927978516
0.47417494654655457 0.018351752310991287 -0.14325976371765137
0.47320556640625 0.01528557576239109 -0.13966260850429535
0.5048255920410156 0.04496808350086212 -0.090379498898983
0.504856288433075 0.03828815743327141 -0.09407933801412582
0.4992845356464386 0.05150126665830612 -0.10315770655870438
0.5007150769233704 0.07845338433980942 -0.09101548790931702
0.4984978437423706 0.09576638787984848 -0.08804118633270264
0.49569717049598694 0.10875370353460312 -0.08888592571020126
0.5014623999595642 0.07420327514410019 -0.08552742004394531
0.5041414499282837 0.045245684683322906 -0.08557838201522827
0.2492365539073944 0.014358684420585632 -0.25967076420783997
0.2618681490421295 0.01655137538909912 -0.2578526437282562
0.25007790327072144 0.018735596910119057 -0.26507556438446045
0.26936087012290955 0.020561132580041885 -0.25942176580429077
0.24819301068782806 0.02305198274552822 -0.2679901719093323
0.28851765394210815 0.024558227509260178 -0.25384384393692017
0.30186954140663147 0.015741026028990746 -0.24146893620491028
0.28493449091911316 0.01830192282795906 -0.2519567608833313
0.31741994619369507 0.017664913088083267 -0.23827356100082397
0.3173274099826813 0.021292762830853462 -0.2412968873977661
0.3344481587409973 0.025006664916872978 -0.23502804338932037
0.3438664376735687 0.027703210711479187 -0.23053541779518127
0.37181347608566284 0.02729593962430954 -0.21887917816638947
0.3629148006439209 0.030352596193552017 -0.2211618721485138
0.3890417218208313 0.029438020661473274 -0.20766581594944
0.4044366776943207 0.030205946415662766 -0.19828976690769196
0.41451960802078247 0.030307991430163383 -0.1917687952518463
0.47897911071777344 0.13755486905574799 -0.10460281372070312
0.4766399562358856 0.1419263482093811 -0.10126279294490814
0.46470406651496887 0.14413884282112122 -0.12106510996818542
0.4624224007129669 0.14885543286800385 -0.1162877157330513
-0.49078941345214844 1.7774488014765666e-06 -0.019383568316698074
-0.5023176670074463 6.568095705006272e-05 -0.026803040876984596
-0.4953754246234894 -0.20900000631809235 -0.035050906240940094
-0.5132350921630859 -0.00021123657643329352 -0.03840874880552292
-0.5216311812400818 5.0673547775659245e-06 -0.05815374106168747
-0.5062341690063477 -0.20900000631809235 -0.04806472361087799
-0.5222278237342834 1.9295612219139002e-05 -0.07691998034715652
-0.5167946219444275 0.0001831464032875374 -0.0949777364730835
-0.5089101791381836 -0.2090001106262207 -0.08559692651033401
-0.50155109167099 -0.20900022983551025 -0.09805849939584732
-0.5052034258842468 -0.0005113136721774936 -0.11020829528570175
-0.5119605660438538 -0.209000825881958 -0.06699321419000626
-0.4829031527042389 -0.20900148153305054 -0.11342712491750717
-0.4785672128200531 -0.17653551697731018 -0.11765716224908829
-0.4562869369983673 -0.1698083132505417 -0.1304527372121811
-0.4136436879634857 -0.1625305563211441 -0.1506049484014511
-0.2971467077732086 -0.14873874187469482 -0.20262256264686584
-0.353972464799881 -0.15572099387645721 -0.17614932358264923
-0.41058510541915894 -0.15971757471561432 -0.15292426943778992
-0.2993251085281372 -0.1516261100769043 -0.19992943108081818
-0.2158707231283188 -0.15116311609745026 -0.23482148349285126
-0.33186599612236023 -0.047813981771469116 -0.19382411241531372
-0.2744234502315521 -0.04880762845277786 -0.21777042746543884
-0.28617849946022034 -0.04774506017565727 -0.21334335207939148
-0.345969557762146 -0.040895529091358185 -0.18817737698554993
-0.3477032482624054 -0.003325073514133692 -0.19044606387615204
-0.3499949872493744 -0.0030323306564241648 -0.1885211020708084
-0.200179323554039 -0.1857445240020752 -0.27803799510002136
-0.18750745058059692 -0.19273747503757477 -0.27651238441467285
-0.2037699669599533 -0.175717294216156 -0.2765478789806366
-0.1931670904159546 -0.19177719950675964 -0.2780880630016327
-0.18374714255332947 -0.1948084831237793 -0.27823758125305176
-0.2052556872367859 -0.17621895670890808 -0.2783319652080536
-0.20678772032260895 -0.12451107054948807 -0.2764773368835449
-0.2055152952671051 -0.17365795373916626 -0.2878566384315491
-0.20726047456264496 -0.12107290327548981 -0.2889614999294281
-0.20365968346595764 -0.1788916289806366 -0.28925755620002747
-0.19895638525485992 -0.18655678629875183 -0.289117693901062
-0.1877828687429428 -0.19452589750289917 -0.28768834471702576
-0.18723680078983307 -0.19255639612674713 -0.28944459557533264
-0.14335307478904724 -0.1935887336730957 -0.27607178688049316
-0.14315538108348846 -0.19298860430717468 -0.2901069223880768
-0.13853390514850616 -0.1948777735233307 -0.2892970144748688
0.0008935948135331273 0.2355990707874298 -0.2809365391731262
0.23361626267433167 0.026071839034557343 -0.3365606665611267
0.23513349890708923 -0.004387604538351297 -0.33652180433273315
0.23354776203632355 -0.026085449382662773 -0.33650001883506775
0.22938555479049683 -0.05247403308749199 -0.3750004172325134
0.22938397526741028 0.0524759478867054 -0.3750004172325134
0.2283848524093628 -0.05536573380231857 -0.33650001883506775
0.21059004962444305 -0.10442188382148743 -0.33657097816467285
0.2225596308708191 -0.07611288130283356 -0.33648139238357544
0.20952434837818146 -0.10659661144018173 -0.3750002086162567
0.18037813901901245 -0.15108801424503326 -0.33651870489120483
0.16214056313037872 -0.17010420560836792 -0.33650001883506775
0.16012030839920044 -0.1724579632282257 -0.3750007450580597
0.14116989076137543 -0.18787246942520142 -0.3750000298023224
0.11416319757699966 -0.20565150678157806 -0.33648186922073364
0.09143821150064468 -0.21684713661670685 -0.3750007450580597
0.06840013712644577 -0.22482532262802124 -0.3750000298023224
0.04480190947651863 -0.2309083342552185 -0.3364815413951874
0.014880390837788582 -0.23457267880439758 -0.3365839719772339
-0.012619685381650925 -0.23466092348098755 -0.3750000298023224
-0.0452561229467392 -0.23078307509422302 -0.33651769161224365
-0.06606611609458923 -0.22539877891540527 -0.33733829855918884
-0.069355808198452 -0.22490562498569489 -0.37500083446502686
-0.09211739152669907 -0.21619296073913574 -0.3750000298023224
-0.12150866538286209 -0.20139926671981812 -0.3364811837673187
-0.13936454057693481 -0.18921557068824768 -0.33650001883506775
-0.14198535680770874 -0.18764452636241913 -0.37500062584877014
-0.16050437092781067 -0.17164891958236694 -0.3750000298023224
-0.18292102217674255 -0.14780603349208832 -0.3365224301815033
-0.19567535817623138 -0.13013899326324463 -0.33650001883506775
-0.2095191776752472 -0.10663556307554245 -0.3750002682209015
-0.22844251990318298 -0.055372849106788635 -0.3365708887577057
-0.21940606832504272 -0.08477730304002762 -0.33648088574409485
-0.229026198387146 -0.05301327630877495 -0.3750002384185791
-0.2332872897386551 -0.02832047827541828 -0.3750000298023224
-0.23354776203632355 -0.026085449382662773 -0.33650001883506775
-0.23513609170913696 -0.004503533244132996 -0.33651700615882874
-0.2332872897386551 0.02832047827541828 -0.3750000298023224
-0.22939540445804596 0.05246156081557274 -0.3750006854534149
-0.22842630743980408 0.055386219173669815 -0.33658304810523987
-0.2195999026298523 0.0842740386724472 -0.3364807367324829
-0.21054136753082275 0.10439033806324005 -0.33650001883506775
-0.2094767689704895 0.10716879367828369 -0.375000536441803
-0.196912482380867 0.12825943529605865 -0.3750000298023224
-0.1804233342409134 0.15103915333747864 -0.3365154564380646
-0.16214056313037872 0.17010420560836792 -0.33650001883506775
-0.16050437092781067 0.17164891958236694 -0.3750000298023224
-0.15108811855316162 0.18006503582000732 -0.375
-0.14116989076137543 0.18787246942520142 -0.3750000298023224
-0.1393749713897705 0.18925872445106506 -0.33658701181411743
-0.11420551687479019 0.20562848448753357 -0.336481511592865
-0.09418321400880814 0.2153010219335556 -0.33650001883506775
-0.09211739152669907 0.21619296073913574 -0.3750000298023224
-0.06921107321977615 0.22488489747047424 -0.375000536441803
-0.044779758900403976 0.2309131771326065 -0.3364810347557068
-0.01499565877020359 0.23443901538848877 -0.33720728754997253
-0.011880423873662949 0.23502270877361298 -0.37500080466270447
0.012619685381650925 0.23466092348098755 -0.3750000298023224
0.014761731028556824 0.23490236699581146 -0.33682242035865784
0.065888412296772 0.22578267753124237 -0.3366309702396393
0.091982401907444 0.21633611619472504 -0.3750002384185791
0.13938723504543304 0.18925762176513672 -0.33658096194267273
0.1139715164899826 0.20575910806655884 -0.3364804685115814
0.1419571340084076 0.18767669796943665 -0.37500065565109253
0.16050437092781067 0.17164891958236694 -0.3750000298023224
0.16343680024147034 0.16931232810020447 -0.33675774931907654
0.1956026703119278 0.13062037527561188 -0.3366239070892334
0.196912482380867 0.12825943529605865 -0.3750000298023224
0.20944949984550476 0.10723426938056946 -0.37500059604644775
0.222538560628891 0.0761767253279686 -0.33648058772087097
0.2283848524093628 0.05536573380231857 -0.33650001883506775
0.26435884833335876 0.14350837469100952 0.13306228816509247
0.24952498078346252 0.14929601550102234 0.12544412910938263
0.23346185684204102 0.15545475482940674 0.11184502393007278
0.261528879404068 0.14488892257213593 0.13522596657276154
0.2299177348613739 0.15715207159519196 0.11433573067188263
0.2825983166694641 0.1304844170808792 0.1603938490152359
0.2706487476825714 0.12776072323322296 0.16749781370162964
0.43206918239593506 0.1612168699502945 -0.11191032826900482
0.4000431001186371 0.17021948099136353 -0.12973663210868835
0.42949628829956055 0.16086739301681519 -0.11045436561107635
0.3923649489879608 0.1741509735584259 -0.1372671127319336
0.3722948729991913 0.17997317016124725 -0.14426156878471375
0.33222994208335876 0.18854354321956635 -0.15036572515964508
0.358924001455307 0.18118014931678772 -0.14443372189998627
0.15565834939479828 0.22076693177223206 -0.14199325442314148
0.1320263147354126 0.22022730112075806 -0.11875323206186295
0.15540823340415955 0.2194126397371292 -0.13831695914268494
0.1603202372789383 0.1956954449415207 0.004177417140454054
0.15064378082752228 0.20184741914272308 -0.013675610534846783
0.1313171535730362 0.21717499196529388 -0.10131494700908661
0.18758653104305267 0.21799162030220032 -0.15159456431865692
0.38246482610702515 0.1754777729511261 -0.13753186166286469
0.14294518530368805 0.20659084618091583 -0.037516940385103226
0.2179241180419922 0.21300551295280457 -0.15371082723140717
0.21959608793258667 0.16237203776836395 0.09988778829574585
0.13411171734333038 0.21263058483600616 -0.07121587544679642
0.23703208565711975 0.21060845255851746 -0.15734067559242249
0.24327251315116882 0.20802028477191925 -0.15464438498020172
0.28545594215393066 0.20098865032196045 -0.15784424543380737
0.2061903327703476 0.16933688521385193 0.08384507894515991
0.20792517066001892 0.1678258180618286 0.09066858887672424
0.16098348796367645 0.19528943300247192 0.012187033891677856
0.1902458667755127 0.1782570779323578 0.0641418844461441
0.26717838644981384 0.20345014333724976 -0.1551121324300766
0.12967121601104736 0.21495811641216278 -0.07667210698127747
0.16835536062717438 0.18993033468723297 0.0302274189889431
0.17440594732761383 0.18630997836589813 0.041494570672512054
0.1692807674407959 0.18967586755752563 0.03097555786371231
0.14143691956996918 0.20690587162971497 -0.03407210484147072
0.28806158900260925 0.19890263676643372 -0.15455304086208344
0.3161088824272156 0.19386503100395203 -0.15471404790878296
0.33275482058525085 0.18997298181056976 -0.15334385633468628
0.07219526916742325 0.2172297239303589 -0.11270470917224884
0.07172776758670807 0.2143791764974594 -0.09428039938211441
0.08879180997610092 0.21293264627456665 -0.07708141207695007
0.10766616463661194 0.21431386470794678 -0.07769503444433212
0.10772989690303802 0.21734125912189484 -0.09625088423490524
0.09034980833530426 0.21885836124420166 -0.11328864842653275
0.0888761505484581 0.22157298028469086 -0.2126474380493164
0.07205140590667725 0.2226528823375702 -0.19563892483711243
0.09067919850349426 0.22291991114616394 -0.17704112827777863
0.10776083916425705 0.2222251296043396 -0.19416847825050354
0.10731812566518784 0.22080783545970917 -0.21209149062633514
-0.009048867039382458 0.21556903421878815 -0.2129231095314026
-0.027528000995516777 0.21232356131076813 -0.21244560182094574
-0.028082866221666336 0.21097956597805023 -0.19401207566261292
-0.010775701142847538 0.2130383551120758 -0.1766611933708191
0.007805963978171349 0.21625274419784546 -0.1773350089788437
0.008274422958493233 0.21762146055698395 -0.1955520510673523
-0.008788909763097763 0.1963915079832077 -0.07677887380123138
0.008255395106971264 0.20437626540660858 -0.09427788853645325
0.00774298096075654 0.20792517066001892 -0.11283605545759201
-0.011254388839006424 0.20395393669605255 -0.1130446046590805
-0.02825946733355522 0.19557206332683563 -0.09618157893419266
0.2531961500644684 0.13273780047893524 0.1611480414867401
0.19757044315338135 0.14402435719966888 0.1351178139448166
0.17610789835453033 0.15244793891906738 0.11966414004564285
0.17273665964603424 0.12034416198730469 0.12699496746063232
0.22014659643173218 0.13649526238441467 0.14921125769615173
0.20602023601531982 0.09293795377016068 0.15241312980651855
0.23310360312461853 0.09328542649745941 0.16511480510234833
0.09973765164613724 0.10529044270515442 0.07937677204608917
0.2505488991737366 0.127681165933609 0.16433948278427124
0.0901913121342659 0.07831642031669617 0.07726361602544785
0.12149673700332642 0.06379732489585876 0.10387086868286133
0.0674760565161705 0.0136719960719347 0.06610462069511414
0.1456502079963684 0.05212768167257309 0.12255396693944931
0.14532947540283203 0.09656725078821182 0.11479734629392624
0.08320177346467972 0.043038178235292435 0.07695221155881882
0.06522730737924576 0.03390836715698242 0.06259941309690475
0.17649073898792267 0.06891727447509766 0.13995936512947083
0.2069842666387558 0.046227697283029556 0.16004996001720428
0.05898226052522659 0.05750991404056549 0.05396190658211708
0.08758772164583206 0.1732644885778427 0.04928632825613022
0.09997885674238205 0.17089857161045074 0.06000569835305214
0.14298194646835327 0.1376291662454605 0.10268943756818771
0.11478542536497116 0.16943329572677612 0.07149305939674377
0.23711945116519928 0.047174666076898575 0.17359840869903564
0.14473874866962433 0.16099876165390015 0.09635823965072632
0.07065872848033905 0.1785578429698944 0.03268256410956383
0.06598662585020065 0.1826000064611435 0.02486007660627365
0.04857831075787544 0.18569239974021912 0.007047928869724274
0.04689253866672516 0.18109194934368134 0.01342432014644146
-0.09797974675893784 0.17879457771778107 -0.13401681184768677
-0.07394065707921982 0.18193894624710083 -0.10878390073776245
0.023122234269976616 0.18355487287044525 -0.00893921684473753
0.009071624837815762 0.18415673077106476 -0.02172979898750782
0.004932152573019266 0.18882831931114197 -0.03477930650115013
-0.13472917675971985 0.1727769672870636 -0.1844618171453476
-0.1457122564315796 0.17020176351070404 -0.20074771344661713
-0.04598066210746765 0.183917835354805 -0.07706626504659653
-0.12156733870506287 0.17564471065998077 -0.17141297459602356
-0.14139658212661743 0.17236270010471344 -0.20427876710891724
-0.13211099803447723 0.17642396688461304 -0.1961260885000229
-0.10890629142522812 0.18096503615379333 -0.1644895225763321
-0.09630727022886276 0.17995737493038177 -0.1387784630060196
-0.09460826963186264 0.1832561194896698 -0.1460692584514618
-0.07851603627204895 0.1851276159286499 -0.1253264844417572
-0.11110315471887589 0.1769377887248993 -0.15333634614944458
-0.054040953516960144 0.18759457767009735 -0.09723049402236938
-0.03173907473683357 0.18853017687797546 -0.07205682247877121
-0.02754105068743229 0.18458564579486847 -0.05814338102936745
-0.010798606090247631 0.18518713116645813 -0.04245886579155922
-0.15323607623577118 0.16721020638942719 -0.20009808242321014
-0.15471024811267853 0.17109225690364838 -0.1947382241487503
-0.15196235477924347 0.16399545967578888 -0.2060224860906601
-0.1503540724515915 0.16684302687644958 -0.21543653309345245
-0.15761448442935944 0.16688913106918335 -0.1975717544555664
-0.15160046517848969 0.16238319873809814 -0.21063625812530518
-0.34286466240882874 0.15333952009677887 -0.15708838403224945
-0.3894219398498535 0.13239338994026184 -0.14741216599941254
-0.36827170848846436 0.14503927528858185 -0.15033015608787537
-0.3428107500076294 0.1573432832956314 -0.15322934091091156
-0.3199610114097595 0.16496087610721588 -0.15765348076820374
-0.3135792911052704 0.16299670934677124 -0.1625978797674179
-0.2792721092700958 0.17107978463172913 -0.16889430582523346
-0.2777821123600006 0.1747351586818695 -0.16575205326080322
-0.234416663646698 0.17719614505767822 -0.1767592877149582
-0.2091766744852066 0.176148921251297 -0.1827392876148224
-0.18503569066524506 0.17533135414123535 -0.18775327503681183
-0.4955103397369385 0.06294510513544083 -0.11154353618621826
-0.485009104013443 0.06985318660736084 -0.11813376098871231
-0.5025649070739746 0.054639022797346115 -0.10841995477676392
-0.4727098345756531 0.08212870359420776 -0.12112950533628464
-0.4625861346721649 0.08774551749229431 -0.12651897966861725
-0.4372401833534241 0.10646292567253113 -0.13374905288219452
-0.42169055342674255 0.11860600113868713 -0.13522115349769592
-0.4095185101032257 0.12394130975008011 -0.14095133543014526
-0.4145773649215698 0.11759662628173828 -0.14155933260917664
-0.38723936676979065 0.13770681619644165 -0.14408083260059357
-0.25377291440963745 0.17477141320705414 -0.1735735982656479
-0.43807265162467957 0.10249684751033783 -0.13521046936511993
-0.15729404985904694 0.14512650668621063 -0.21980907022953033
-0.15704655647277832 0.14917835593223572 -0.22373706102371216
-0.159314826130867 0.14345486462116241 -0.21197108924388885
-0.4109542667865753 0.019809937104582787 -0.021365394815802574
-0.3829078674316406 0.02302594855427742 -0.04158531874418259
-0.393428236246109 0.026533981785178185 -0.06462226808071136
-0.37465038895606995 0.026523208245635033 -0.03279401361942291
-0.4177060127258301 0.020144512876868248 -0.10303076356649399
-0.424060195684433 0.020573167130351067 -0.13195158541202545
-0.41292276978492737 0.022370371967554092 -0.10336155444383621
-0.3897562623023987 0.02145354263484478 -0.04875332862138748
-0.4003315567970276 0.02025197260081768 -0.062496114522218704
-0.40665867924690247 0.02553420141339302 -0.09348439425230026
-0.41862836480140686 0.025563308969140053 -0.13319656252861023
-0.41442757844924927 0.027176285162568092 -0.11843717098236084
-0.3553042411804199 0.04950963333249092 -0.007066330872476101
-0.353159636259079 0.08335958421230316 -0.01153723057359457
-0.35625267028808594 0.059685610234737396 -0.005364574957638979
-0.3552745580673218 0.04554230347275734 -0.009408649988472462
-0.10381625592708588 -0.10616032034158707 0.013290710747241974
-0.11682390421628952 -0.10590961575508118 0.010053563863039017
-0.154682919383049 -0.10869927704334259 0.009834766387939453
-0.18032574653625488 -0.10668119043111801 0.005675805266946554
-0.11642887443304062 -0.10754881799221039 0.012794184498488903
-0.20894324779510498 -0.10758567601442337 0.005893612280488014
-0.20408904552459717 -0.10571924597024918 0.003645608900114894
-0.14337985217571259 -0.10691361129283905 0.008597972802817822
-0.2254556119441986 -0.1044040396809578 0.0017261473694816232
-0.28886452317237854 -0.09744086861610413 0.007825027219951153
-0.26419520378112793 -0.13036765158176422 0.008000047877430916
-0.25583788752555847 -0.13077691197395325 0.008000052534043789
-0.26006555557250977 -0.13445532321929932 0.008000154979526997
-0.2624663710594177 -0.12671610713005066 0.008000005036592484
-0.25808098912239075 -0.12617544829845428 0.007999900728464127
-0.3000122606754303 -0.09568022936582565 0.003000417025759816
-0.3186693787574768 -0.14107422530651093 0.003000037744641304
-0.3218627870082855 -0.13581176102161407 0.0030000528786331415
-0.3253069818019867 -0.14396224915981293 0.002999858930706978
-0.3535749316215515 -0.14415718615055084 0.0029999923426657915
-0.3574548661708832 -0.14009813964366913 0.002999946242198348
-0.3266783654689789 -0.13789144158363342 0.003000006079673767
-0.35268470644950867 -0.1356288194656372 0.0029999990947544575
-0.34860822558403015 -0.14111921191215515 0.003000036347657442
-0.3332809507846832 -0.08872199803590775 0.003000125754624605
-0.3606022596359253 -0.08065678924322128 0.003002536715939641
-0.3608701229095459 -0.08034797757863998 -0.008786523714661598
-0.4052092134952545 -0.051296912133693695 -0.012214270420372486
-0.3951698839664459 -0.061674702912569046 -0.011863432824611664
-0.4116164445877075 -0.04102756455540657 -0.012028073891997337
-0.4157037138938904 -0.03060537576675415 -0.012576102279126644
-0.37135493755340576 -0.07605157792568207 -0.01044535730034113
-0.38261154294013977 -0.07046680152416229 -0.010372040793299675
-0.4185764491558075 -0.01798458956182003 -0.011866777203977108
-0.42001184821128845 0.0029423164669424295 -0.021412799134850502
-0.41948217153549194 -0.008845822885632515 -0.02169067971408367
-0.45862290263175964 0.0009016591357067227 -0.026069531217217445
-0.4511202871799469 -0.008498022332787514 -0.02554410882294178
-0.45703572034835815 -0.003926846198737621 -0.026435600593686104
0.06702988594770432 -0.012445059604942799 0.06471993029117584
0.060439370572566986 -0.03514476865530014 0.05731138214468956
0.017466874793171883 -0.07767899334430695 0.025890810415148735
0.010046426206827164 -0.08111352473497391 0.022396093234419823
0.049922723323106766 -0.051970161497592926 0.044967733323574066
0.03678475320339203 -0.0653383731842041 0.036319319158792496
0.029795359820127487 -0.07003075629472733 0.030287574976682663
-0.016410112380981445 -0.10748565942049026 0.027000319212675095
-0.02215425670146942 -0.11118266731500626 0.02700016275048256
-0.06918852031230927 -0.12658387422561646 0.026999931782484055
-0.06827286630868912 -0.1318783462047577 0.026999955996870995
-0.07571624964475632 -0.1318320482969284 0.02700003795325756
-0.07210500538349152 -0.1342649757862091 0.026999982073903084
-0.07530542463064194 -0.12717746198177338 0.026999888941645622
-0.05452189967036247 -0.09963714331388474 0.02700001746416092
-0.02522987872362137 -0.10591129958629608 0.027000078931450844
-0.020611248910427094 -0.10275401920080185 0.026999978348612785
0.026875663548707962 0.10674747079610825 0.026344286277890205
0.034066759049892426 0.0992576852440834 0.029553543776273727
0.013538484461605549 0.11720899492502213 0.02101263590157032
0.04177325591444969 0.09023556113243103 0.03584693744778633
0.04792587459087372 0.08090852946043015 0.040734391659498215
0.06616967171430588 0.024299144744873047 0.0631110668182373
0.06011752411723137 0.053015246987342834 0.05479927733540535
0.06281638145446777 0.04316096007823944 0.05828612297773361
-0.35031190514564514 0.08676979690790176 -0.009550797753036022
-0.34392523765563965 0.09158992022275925 -0.0032272953540086746
-0.269522100687027 0.12808004021644592 -0.0006427129846997559
-0.21255703270435333 0.14378035068511963 0.0037832872476428747
-0.21536585688591003 0.1405707597732544 0.00073411496123299
-0.17938584089279175 0.1467457413673401 0.003041683230549097
-0.16335958242416382 0.1502930074930191 0.006954357959330082
-0.13609635829925537 0.1504894644021988 0.006582080852240324
-0.09046115726232529 0.1494661420583725 0.01084257010370493
-0.2703840732574463 0.12563835084438324 -0.0030642147175967693
-0.24039354920387268 0.1342138797044754 -0.002524897688999772
-0.10615605860948563 0.15029698610305786 0.009259738959372044
-0.024018052965402603 0.15023675560951233 0.026999996975064278
-0.038916148245334625 0.1406945437192917 0.026999082416296005
-0.024546034634113312 0.14469651877880096 0.026999974623322487
-0.017937082797288895 0.1500798612833023 0.026999790221452713
-0.01821819320321083 0.14325374364852905 0.027000200003385544
-0.008852262981235981 0.12990856170654297 0.02700606919825077
-0.24987798929214478 0.06791617721319199 -0.2110033631324768
-0.24121691286563873 0.0638933777809143 -0.21099640429019928
-0.24421773850917816 0.06942802667617798 -0.21099844574928284
-0.24988959729671478 0.03286474198102951 -0.21100084483623505
0.02380383387207985 0.23563086986541748 -0.2696392834186554
0.02724287658929825 0.23515835404396057 -0.27427607774734497
0.023531537503004074 0.23476265370845795 -0.274255633354187
0.01899798773229122 0.23631513118743896 -0.27437499165534973
0.023619070649147034 0.2345869541168213 -0.27808526158332825
0.01895281672477722 0.23649871349334717 -0.27793827652931213
0.02725275419652462 0.2355978637933731 -0.26963627338409424
0.027234727516770363 0.23432591557502747 -0.2780182957649231
0.02723914198577404 0.23526282608509064 -0.2825840413570404
0.02370259165763855 0.23598206043243408 -0.2826194763183594
0.0336981825530529 -0.23385052382946014 -0.2778925895690918
0.025406239554286003 -0.2353355586528778 -0.27465978264808655
0.025359705090522766 -0.23590444028377533 -0.27800044417381287
0.03371640667319298 -0.23437434434890747 -0.274709552526474
0.007928685285151005 -0.23656922578811646 -0.2714973986148834
0.007909220643341541 -0.23703685402870178 -0.274868905544281
0.011991944164037704 -0.23579132556915283 -0.2731538414955139
0.014350742101669312 -0.23505713045597076 -0.26662442088127136
0.012370112352073193 -0.2368447631597519 -0.28514984250068665
0.016115373000502586 -0.23628444969654083 -0.2851199209690094
-0.0051190960220992565 -0.23544828593730927 -0.26692456007003784
-0.008038525469601154 -0.23621873557567596 -0.2851158678531647
-0.012304517440497875 -0.2368474155664444 -0.2851521670818329
-0.001142749097198248 -0.23604410886764526 -0.2668989598751068
0.006229018326848745 -0.2370239496231079 -0.2851642370223999
0.001958189532160759 -0.23717494308948517 -0.2851601243019104
0.20288647711277008 -0.12413772940635681 -0.2742353677749634
0.15968076884746552 -0.1786731481552124 -0.2755917012691498
0.12791064381599426 -0.200497105717659 -0.27399778366088867
0.12702791392803192 -0.20080813765525818 -0.29479777812957764
0.17060287296772003 -0.16883277893066406 -0.2902831435203552
0.2027796059846878 -0.12435535341501236 -0.2922312319278717
0.20331691205501556 -0.12305120378732681 -0.2949959635734558
-0.13276703655719757 0.20021788775920868 -0.2678540349006653
-0.05804607644677162 0.23060929775238037 -0.2659810483455658
-0.05916650593280792 0.2305472195148468 -0.29145920276641846
-0.10140632838010788 0.2182808518409729 -0.29013678431510925
-0.14209887385368347 0.19388329982757568 -0.29017144441604614
-0.1802811473608017 0.15523719787597656 -0.29203009605407715
-0.19330453872680664 0.1387784332036972 -0.295003741979599
-0.18033583462238312 0.1550302654504776 -0.26599541306495667
-0.19126495718955994 -0.14858673512935638 -0.2467053383588791
-0.1987162083387375 -0.14892937242984772 -0.24310962855815887
-0.18902507424354553 -0.14445142447948456 -0.2553669214248657
-0.18054887652397156 -0.15393103659152985 -0.2513526976108551
-0.13377369940280914 -0.1944204866886139 -0.25891828536987305
-0.12062643468379974 -0.18716774880886078 -0.24293841421604156
-0.11033935844898224 -0.20833498239517212 -0.2654070258140564
-0.11729178577661514 -0.19497500360012054 -0.25430893898010254
-0.09830977767705917 -0.20225785672664642 -0.2460911124944687
-0.0868215337395668 -0.21762564778327942 -0.24563618004322052
-0.0980847030878067 -0.21603545546531677 -0.2628083825111389
-0.10651364922523499 -0.20448532700538635 -0.25856995582580566
-0.1053435280919075 -0.19509464502334595 -0.24409133195877075
-0.054169028997421265 -0.23131853342056274 -0.25327929854393005
-0.08716719597578049 -0.2208750993013382 -0.2537013292312622
-0.0701446607708931 -0.22468386590480804 -0.24724064767360687
0.2081591784954071 -0.08644334226846695 -0.23505845665931702
0.19030159711837769 -0.11890837550163269 -0.23407459259033203
0.20960688591003418 -0.10580352693796158 -0.24621425569057465
0.026674067601561546 -0.17426098883152008 -0.1996343433856964
-0.0008768676198087633 -0.16397668421268463 -0.19472135603427887
-0.017668772488832474 -0.17392654716968536 -0.19894833862781525
0.14256218075752258 -0.09542161971330643 -0.19753512740135193
0.1389387995004654 -0.0760592445731163 -0.19262713193893433
0.05944263935089111 -0.1419505774974823 -0.1912509649991989
0.20205169916152954 -0.04614658281207085 -0.2185724824666977
0.1833174228668213 -0.07138077169656754 -0.21100667119026184
0.1997111588716507 -0.07422707229852676 -0.22344639897346497
0.14602340757846832 -0.15271234512329102 -0.2218007743358612
0.10960736125707626 -0.16058669984340668 -0.2095181941986084
0.11755585670471191 -0.17844416201114655 -0.22386674582958221
0.14131025969982147 -0.11943115293979645 -0.2040620744228363
0.11722411960363388 -0.13547150790691376 -0.20101122558116913
0.1384776085615158 -0.1411309391260147 -0.21181976795196533
0.004358776845037937 -0.20259644091129303 -0.2150622308254242
0.002158420393243432 -0.19032417237758636 -0.20718567073345184
-0.02896449714899063 -0.19439776241779327 -0.21091870963573456
-0.07310198247432709 -0.21124719083309174 -0.23324398696422577
0.02724490687251091 -0.1578797698020935 -0.19335190951824188
0.19322380423545837 -0.024575335904955864 -0.20983566343784332
0.18007948994636536 -0.041925255209207535 -0.2039911150932312
0.2176007479429245 -0.049447767436504364 -0.23271849751472473
0.05711076408624649 -0.16034848988056183 -0.1971197873353958
0.037455495446920395 -0.19289547204971313 -0.21081513166427612
0.14488109946250916 -0.17008845508098602 -0.23305422067642212
0.13946768641471863 -0.18858914077281952 -0.24564121663570404
0.1091991439461708 -0.19790233671665192 -0.23568402230739594
0.10373490303754807 -0.2116793990135193 -0.24768173694610596
0.22047771513462067 -0.08062603324651718 -0.24647337198257446
0.22656439244747162 -0.05714011564850807 -0.24471692740917206
0.06251521408557892 -0.17934438586235046 -0.20677544176578522
0.07951334863901138 -0.12432033568620682 -0.1896100640296936
0.16588810086250305 -0.09524988383054733 -0.2075703889131546
0.16238775849342346 -0.12533427774906158 -0.21700768172740936
-0.12298757582902908 -0.17013442516326904 -0.22090421617031097
0.21382929384708405 -0.016840893775224686 -0.22462990880012512
-0.07996857911348343 -0.17671950161457062 -0.20921434462070465
-0.15921930968761444 -0.1730768084526062 -0.2468850314617157
0.08756884187459946 -0.14724856615066528 -0.19738620519638062
0.10705547779798508 -0.11870589107275009 -0.1930990368127823
0.16376984119415283 -0.05300943925976753 -0.1976727396249771
0.17161212861537933 -0.14446000754833221 -0.2339620590209961
0.22711685299873352 -0.018460381776094437 -0.23792164027690887
0.08118285983800888 -0.17665302753448486 -0.20963403582572937
0.23389938473701477 -0.02406761422753334 -0.2467067986726761
0.0863645151257515 -0.19007572531700134 -0.2198164016008377
0.17011871933937073 -0.16235078871250153 -0.24680763483047485
0.18352539837360382 -0.10700725764036179 -0.22283287346363068
-0.04490837827324867 -0.17901399731636047 -0.2038152515888214
0.07998205721378326 -0.20948943495750427 -0.23400947451591492
0.07254354655742645 -0.22267264127731323 -0.24548384547233582
0.18970796465873718 -0.13861696422100067 -0.24646367132663727
-0.05699500814080238 -0.19338440895080566 -0.2145538628101349
0.24066199362277985 0.009325357154011726 -0.2511437237262726
0.23804143071174622 0.004337965976446867 -0.2555122375488281
0.24001778662204742 0.00805067177861929 -0.2729097604751587
0.23685795068740845 -0.01551134418696165 -0.2533997595310211
0.2433556467294693 0.011952368542551994 -0.2670140564441681
0.24089588224887848 0.01517337467521429 -0.2747138440608978
0.23768357932567596 0.002242578426375985 -0.28400588035583496
0.2525150775909424 0.18956328928470612 -0.23019912838935852
0.2917541563510895 0.1845979243516922 -0.2159520983695984
0.3047916889190674 0.16305828094482422 -0.21860867738723755
0.21841861307621002 0.14570321142673492 -0.2571493983268738
0.2238263040781021 0.10630697011947632 -0.264700710773468
0.1957327127456665 0.15139168500900269 -0.2627950608730316
0.22183671593666077 0.17063574492931366 -0.24869322776794434
0.2528146803379059 0.1560335010290146 -0.24221844971179962
0.4137895703315735 0.13950960338115692 -0.16844671964645386
0.44405803084373474 0.128280371427536 -0.14876367151737213
0.431515097618103 0.10518297553062439 -0.16619457304477692
0.40747058391571045 0.09679966419935226 -0.18502043187618256
0.35986530780792236 0.09469608962535858 -0.2126995325088501
0.41128718852996826 0.06428932398557663 -0.1893533319234848
0.368167519569397 0.05870604142546654 -0.21520927548408508
0.43565434217453003 0.15397343039512634 -0.14632205665111542
0.3825351595878601 0.13104313611984253 -0.19082404673099518
0.22319753468036652 0.1926623284816742 -0.24044197797775269
0.3196139633655548 0.05534287542104721 -0.2383156716823578
0.4093390703201294 0.1632988154888153 -0.1623334437608719
0.20782741904258728 0.19350381195545197 -0.24584360420703888
0.17779827117919922 0.19650788605213165 -0.25508376955986023
0.164372980594635 0.1829587072134018 -0.26350852847099304
0.1594853699207306 0.2005850225687027 -0.25861886143684387
0.38317981362342834 0.1691170334815979 -0.17689044773578644
0.340835839509964 0.13335174322128296 -0.21179288625717163
0.48460474610328674 0.042296987026929855 -0.12754610180854797
0.3104134500026703 0.09121109545230865 -0.23598645627498627
0.2727123498916626 0.0681440681219101 -0.2551000118255615
0.3545219600200653 0.15733982622623444 -0.1970938891172409
0.3082207143306732 0.1270359456539154 -0.22844573855400085
0.3582841753959656 0.1739964783191681 -0.18869315087795258
0.48967522382736206 0.10310986638069153 -0.1029760017991066
0.4792918264865875 0.08012621849775314 -0.1262582540512085
0.243929922580719 0.03739944100379944 -0.26869669556617737
0.46761491894721985 0.058219507336616516 -0.14475449919700623
0.4523809254169464 0.04398801177740097 -0.16181184351444244
0.2398807406425476 0.06600779294967651 -0.2665356695652008
0.32779499888420105 0.1785079687833786 -0.20230942964553833
0.43614691495895386 0.053703486919403076 -0.17373068630695343
0.47116661071777344 0.11619184911251068 -0.12487652897834778
0.4556729197502136 0.08751128613948822 -0.15051719546318054
0.25512516498565674 0.11355588585138321 -0.2526484429836273
0.4544071555137634 0.14706583321094513 -0.13145364820957184
0.3981747627258301 0.16737855970859528 -0.16715805232524872
0.14395461976528168 0.20479553937911987 -0.25941190123558044
0.18437543511390686 0.19996345043182373 -0.24928045272827148
0.4510946571826935 0.15337349474430084 -0.12657426297664642
0.4426795542240143 0.15449295938014984 -0.13817308843135834
0.42606687545776367 0.16212281584739685 -0.14578810334205627
0.3980760872364044 0.1699945479631424 -0.16227060556411743
0.42242610454559326 0.16125795245170593 -0.15234778821468353
0.299385130405426 0.18665756285190582 -0.20978540182113647
0.33035603165626526 0.1836150735616684 -0.19430884718894958
0.336784303188324 0.18056128919124603 -0.19558997452259064
0.28099873661994934 0.18982471525669098 -0.21575190126895905
0.36899107694625854 0.17646972835063934 -0.1779327690601349
0.2525823712348938 0.1927027851343155 -0.22669708728790283
0.14381863176822662 0.19687050580978394 -0.26540225744247437
0.1344464272260666 0.20158211886882782 -0.26539313793182373
0.12131372094154358 0.20792217552661896 -0.26251348853111267
0.21855509281158447 0.19641736149787903 -0.23837821185588837
-0.49229973554611206 -0.0005291198031045496 -0.12013324350118637
-0.45269185304641724 0.0006891515804454684 -0.14230412244796753
-0.24380892515182495 -0.0014602724695578218 -0.23323242366313934
-0.2400599867105484 -0.03314926475286484 -0.23315677046775818
-0.44632160663604736 -0.004427108447998762 -0.14531899988651276
-0.2286379188299179 -0.08362516760826111 -0.23496757447719574
-0.20690910518169403 -0.13160008192062378 -0.2410856932401657
-0.4497600495815277 -0.00754122668877244 -0.05223968252539635
-0.4468080401420593 -0.0045099882408976555 -0.13598965108394623
-0.42011886835098267 -0.004649285227060318 -0.1421012431383133
-0.2748703956604004 -0.002093557035550475 -0.2150002270936966
-0.23749075829982758 -0.002095246221870184 -0.2150000035762787
-0.23759828507900238 -0.0011903317645192146 -0.24000848829746246
-0.27451595664024353 -0.0024330783635377884 -0.20527784526348114
-0.2151385396718979 -0.09929808974266052 -0.24946407973766327
-0.2273717075586319 -0.0694727748632431 -0.24059535562992096
-0.22596214711666107 -0.06863043457269669 -0.24720723927021027
-0.2320147305727005 -0.06348062306642532 -0.23588930070400238
-0.21574461460113525 -0.10358107835054398 -0.24219410121440887
-0.2026190310716629 -0.12739484012126923 -0.2469368577003479
-0.20430412888526917 -0.12103662639856339 -0.2526151239871979
-0.23603570461273193 -0.025271233171224594 -0.23935630917549133
-0.2347416877746582 -0.02126895636320114 -0.24553164839744568
-0.23333263397216797 -0.03679913654923439 -0.2427913397550583
-0.23211155831813812 -0.04350881278514862 -0.2482578158378601
-0.19351956248283386 -0.14445428550243378 -0.24736523628234863
-0.21481652557849884 -0.10159596055746078 -0.2563574016094208
-0.23346252739429474 -0.04437858983874321 -0.25437769293785095
-0.13891488313674927 -0.1948062926530838 -0.27572789788246155
-0.16740189492702484 -0.17259500920772552 -0.2758757472038269
-0.19031506776809692 -0.1466364562511444 -0.27581125497817993
-0.20801006257534027 -0.11524874716997147 -0.2740795910358429
-0.20879286527633667 -0.1131095141172409 -0.29486948251724243
-0.2053690403699875 -0.12546157836914062 -0.2901219129562378
-0.168173149228096 -0.1716850847005844 -0.2902366518974304
-0.13366588950157166 -0.1963665932416916 -0.2948237657546997
-0.13482481241226196 -0.1958744078874588 -0.2725800573825836
-0.023808853700757027 -0.23572750389575958 -0.26963257789611816
-0.02724287658929825 -0.23515835404396057 -0.27427607774734497
-0.023531530052423477 -0.23476265370845795 -0.2742556631565094
-0.019000548869371414 -0.23631519079208374 -0.2743750214576721
-0.023619070649147034 -0.2345869541168213 -0.27808526158332825
-0.01895281672477722 -0.23649871349334717 -0.27793827652931213
-0.02725120075047016 -0.23552845418453217 -0.2696390151977539
-0.027234727516770363 -0.23432591557502747 -0.2780182957649231
-0.02723914198577404 -0.23526282608509064 -0.2825840413570404
-0.02370259165763855 -0.23598206043243408 -0.2826194763183594
0.005118798930197954 0.2354481965303421 -0.2669246792793274
0.008038525469601154 0.23621873557567596 -0.2851158678531647
0.01240189652889967 0.23703257739543915 -0.28513216972351074
0.001168187358416617 0.23549892008304596 -0.2669215202331543
-0.006228486075997353 0.23702673614025116 -0.2851639986038208
-0.001958189532160759 0.23717494308948517 -0.2851601243019104
-0.007920525968074799 0.23670050501823425 -0.2715202867984772
-0.007907798513770103 0.23703691363334656 -0.2748696506023407
-0.01199168898165226 0.23579126596450806 -0.273153692483902
-0.013201790861785412 0.2362431138753891 -0.2672000527381897
-0.012368544936180115 0.23693014681339264 -0.2851683795452118
-0.016127433627843857 0.23645024001598358 -0.28508976101875305
-0.016071802005171776 0.2356194704771042 -0.2668599784374237
-0.03371265158057213 0.23427455127239227 -0.2779153287410736
-0.02538517490029335 0.23533673584461212 -0.2746587097644806
-0.025385657325387 0.23585383594036102 -0.2779885530471802
-0.03369412571191788 0.23421579599380493 -0.2747178375720978
0.22958022356033325 0.05149604380130768 -0.2950000762939453
-0.20235343277454376 -0.11976465582847595 -0.29500001668930054
-0.21931098401546478 -0.08544362336397171 -0.29500001668930054
0.23522421717643738 0.008349758572876453 -0.2950001358985901
-0.2337540090084076 -0.030747750774025917 -0.2949998378753662
0.23212389647960663 -0.03904051333665848 -0.294999897480011
0.22122526168823242 -0.07994936406612396 -0.29500001668930054
-0.23292310535907745 0.03698080778121948 -0.2949999272823334
0.2034405916929245 -0.1183919757604599 -0.2949998378753662
-0.21811096370220184 0.08809493482112885 -0.29500001668930054
0.175632044672966 -0.1566840261220932 -0.2950000762939453
-0.20114919543266296 0.12196365743875504 -0.2949998378753662
0.1436147391796112 -0.186363086104393 -0.29500001668930054
-0.17187991738319397 0.16113930940628052 -0.29500001668930054
0.11084754019975662 -0.20747339725494385 -0.29500001668930054
0.07179605960845947 -0.22417350113391876 -0.29499998688697815
-0.13502374291419983 0.19261878728866577 -0.29500001668930054
-0.09381092339754105 0.2160707265138626 -0.2949998676776886
0.030230550095438957 -0.23327644169330597 -0.29500001668930054
-0.013474016450345516 -0.2350441813468933 -0.29499998688697815
-0.04861140623688698 0.23015205562114716 -0.29500001668930054
-0.06613020598888397 -0.22608055174350739 -0.2949999272823334
-0.00982386153191328 0.23507580161094666 -0.29500001668930054
-0.11802831292152405 -0.20382694900035858 -0.29500001668930054
0.033897995948791504 0.2329128533601761 -0.2950000762939453
0.07994113117456436 0.22139310836791992 -0.2949998378753662
-0.1560656875371933 -0.17601226270198822 -0.2949999272823334
-0.18304388225078583 -0.14779454469680786 -0.29500001668930054
0.11837834119796753 0.20327219367027283 -0.29500001668930054
0.1530819982290268 0.1788094937801361 -0.2949999272823334
0.19265338778495789 0.13601559400558472 -0.29499998688697815
0.21777252852916718 0.0889284536242485 -0.29500001668930054
0.03186459466814995 0.20781417191028595 -0.08794073760509491
0.06653627753257751 0.2134370654821396 -0.09079838544130325
0.03943508118391037 0.21532809734344482 -0.12445719540119171
0.234475776553154 0.14015688002109528 0.14970622956752777
0.23923568427562714 0.20752277970314026 -0.18348480761051178
0.29798462986946106 0.19545555114746094 -0.1780259609222412
0.24902422726154327 0.20160789787769318 -0.20250162482261658
0.0795951783657074 0.1907000094652176 0.007788978051394224
0.11646381765604019 0.18857057392597198 0.02761814184486866
0.09267503768205643 0.19998639822006226 -0.0175948366522789
0.0044257002882659435 0.21765565872192383 -0.22181031107902527
0.05222322791814804 0.22021064162254333 -0.1564629077911377
0.0183730386197567 0.21577849984169006 -0.15305867791175842
0.08976045250892639 0.2222810983657837 -0.15138143301010132
-0.021720781922340393 0.20679526031017303 -0.1451680064201355
0.019990991801023483 0.200919508934021 -0.066880002617836
0.042151905596256256 0.19636400043964386 -0.031448639929294586
0.05842951685190201 0.20636045932769775 -0.06099493056535721
0.10510895401239395 0.21372544765472412 -0.2528514564037323
0.13761486113071442 0.21789346635341644 -0.21590089797973633
0.14927418529987335 0.21071933209896088 -0.2405732274055481
0.09557552635669708 0.1775834560394287 0.050993412733078
0.11666877567768097 0.1745852828025818 0.06596623361110687
-0.1283932477235794 0.18343764543533325 -0.2300930917263031
-0.15786422789096832 0.1704629361629486 -0.237540602684021
-0.09964614361524582 0.18961402773857117 -0.19149470329284668
-0.008160300552845001 0.18973764777183533 -0.05008236691355705
0.3321720063686371 0.18883243203163147 -0.16520439088344574
0.12567569315433502 0.20151665806770325 -0.013810485601425171
0.10458468645811081 0.20936976373195648 -0.05186278745532036
0.06401550024747849 0.22019389271736145 -0.23225730657577515
-0.09861347079277039 0.19426991045475006 -0.22337862849235535
0.14119191467761993 0.22113636136054993 -0.18156316876411438
0.04384998604655266 0.22110554575920105 -0.1895909309387207
0.12395115941762924 0.22254717350006104 -0.1600576639175415
-0.07623946666717529 0.19647423923015594 -0.18050159513950348
-0.058938246220350266 0.19301004707813263 -0.12865936756134033
0.15121114253997803 0.18180963397026062 0.053590480238199234
0.14296293258666992 0.19310006499290466 0.018440021201968193
0.14094704389572144 0.16698072850704193 0.08854497224092484
0.17503483593463898 0.16978155076503754 0.08692527562379837
-0.07128028571605682 0.2026926428079605 -0.22101490199565887
0.01912062242627144 0.21915176510810852 -0.2245645821094513
-0.04564075917005539 0.20647390186786652 -0.18872040510177612
0.17767025530338287 0.21181124448776245 -0.2178562879562378
0.16155458986759186 0.16116802394390106 0.10487552732229233
0.17148424685001373 0.2188076674938202 -0.17504557967185974
-0.05480916425585747 0.19999778270721436 -0.15962004661560059
0.20918399095535278 0.20314978063106537 -0.2273007333278656
0.09041513502597809 0.21775881946086884 -0.24111153185367584
0.07710140198469162 0.18150094151496887 0.03353014960885048
0.1743411123752594 0.15883950889110565 0.11182244122028351
0.2026851326227188 0.21456769108772278 -0.17791542410850525
-0.03598683699965477 0.2110629379749298 -0.2180594652891159
0.03881329298019409 0.22022473812103271 -0.22775554656982422
0.19530199468135834 0.15014559030532837 0.12961286306381226
0.2094249278306961 0.14656364917755127 0.13770245015621185
0.0032937279902398586 0.21913553774356842 -0.22699525952339172
-0.11368326097726822 0.19219204783439636 -0.23272521793842316
0.028088750317692757 0.2229776680469513 -0.2343088686466217
-0.0010338731808587909 0.22162500023841858 -0.2311641424894333
-0.08270146697759628 0.201970174908638 -0.22757796943187714
-0.09576264023780823 0.21426615118980408 -0.24585390090942383
0.048414647579193115 0.2228802740573883 -0.23780284821987152
-0.14675183594226837 0.17830953001976013 -0.24093936383724213
-0.03778683766722679 0.21239754557609558 -0.22371891140937805
0.07349193096160889 0.21999728679656982 -0.23838122189044952
-0.03606432303786278 0.21504509449005127 -0.22756603360176086
0.0746179148554802 0.22185420989990234 -0.24482378363609314
-0.06322751939296722 0.20773525536060333 -0.22639691829681396
-0.15685735642910004 0.16638876497745514 -0.22836937010288239
-0.16298408806324005 0.16908849775791168 -0.2462465912103653
-0.16512617468833923 0.16055631637573242 -0.2400730550289154
0.23313041031360626 0.13657207787036896 0.15376706421375275
-0.16141103208065033 0.14493383467197418 -0.22669613361358643
-0.16413579881191254 0.14662030339241028 -0.20445631444454193
-0.43738576769828796 0.045257408171892166 -0.14310197532176971
-0.4100075662136078 0.07297755032777786 -0.1501750946044922
-0.38192009925842285 0.09245211631059647 -0.15707425773143768
-0.33445510268211365 0.11401838809251785 -0.16832485795021057
-0.30027392506599426 0.12419088184833527 -0.176005557179451
-0.2493654042482376 0.13329657912254333 -0.18777328729629517
-0.20259340107440948 0.1351909339427948 -0.19917048513889313
-0.17570684850215912 0.1335342973470688 -0.20731967687606812
-0.4772545397281647 0.046246238052845 -0.12472302466630936
-0.45391449332237244 0.007200323045253754 -0.1405775398015976
-0.4525783956050873 -0.0005154398386366665 -0.1326884776353836
-0.4554975926876068 -0.001459360122680664 -0.07517853379249573
-0.45417726039886475 -0.005228521302342415 -0.05474420636892319
-0.4511764645576477 -0.005869164131581783 -0.07955671846866608
-0.4552706778049469 0.002696286654099822 -0.1041167825460434
-0.45682668685913086 -0.0019156455527991056 -0.048973530530929565
-0.4547366201877594 9.581600170349702e-05 -0.10122968256473541
-0.4565010666847229 0.00159281340893358 -0.07444214075803757
-0.45252060890197754 -0.0036415124777704477 -0.09732981771230698
-0.44979679584503174 -0.004967366345226765 -0.10593761503696442
-0.4498234987258911 -0.0037269406020641327 -0.127363920211792
-0.45443665981292725 0.019996212795376778 -0.026501400396227837
-0.4505539536476135 0.02000606618821621 -0.12671124935150146
-0.4358617067337036 0.047894127666950226 -0.13177461922168732
-0.4158693253993988 0.06878859549760818 -0.13584482669830322
-0.39985325932502747 0.06715260446071625 -0.08468997478485107
-0.37509652972221375 0.07433395832777023 -0.039922237396240234
-0.29619720578193665 -0.0965900868177414 -0.19073307514190674
-0.3499203622341156 -0.08430027961730957 -0.1685672551393509
0.032116055488586426 -0.06846407800912857 -0.18500010669231415
0.052240610122680664 -0.049070581793785095 -0.18500006198883057
-0.10504535585641861 -0.10540901869535446 -0.14199979603290558
-0.06879907101392746 -0.10188518464565277 -0.18500012159347534
0.0631701722741127 -0.028209632262587547 -0.1849997341632843
-0.24998261034488678 -0.10227322578430176 -0.14199794828891754
-0.02629057504236698 -0.09366357326507568 -0.18499977886676788
-0.10349840670824051 -0.10500916838645935 -0.1850000023841858
0.06791459769010544 -0.005593685898929834 -0.18500162661075592
-0.252328485250473 -0.10191322863101959 -0.20867905020713806
-0.18579858541488647 -0.1064080148935318 -0.14199984073638916
-0.41564616560935974 -0.030597666278481483 -0.1424403339624405
-0.4091251492500305 -0.04576269909739494 -0.14456845819950104
0.004851850215345621 -0.08352649211883545 -0.18499967455863953
-0.3930291533470154 -0.06349118798971176 -0.1508331298828125
-0.37562692165374756 -0.07401072233915329 -0.15794575214385986
-0.367479532957077 0.10051798820495605 -0.1458328813314438
-0.36938929557800293 0.08900828659534454 -0.08336439728736877
-0.3859703242778778 0.09037742018699646 -0.1409560889005661
-0.4033777415752411 0.07883985340595245 -0.13685567677021027
-0.39351826906204224 0.07472286373376846 -0.09310074150562286
-0.24699749052524567 0.13319945335388184 -0.08394721150398254
-0.24042528867721558 0.13442273437976837 -0.17454804480075836
-0.27497467398643494 0.12674735486507416 -0.07769865542650223
-0.2821798026561737 0.1212274506688118 -0.019266953691840172
-0.3212941884994507 0.11125150322914124 -0.07436289638280869
-0.3116140067577362 0.10859113931655884 -0.01820368692278862
-0.339172899723053 0.1126846969127655 -0.15249107778072357
-0.303787499666214 0.12387337535619736 -0.15982834994792938
-0.2702607810497284 0.1306861937046051 -0.16787640750408173
-0.3367270231246948 0.09552285820245743 -0.018230119720101357
-0.17026419937610626 -0.05010081082582474 -0.14790001511573792
-0.2153536081314087 -0.03021516650915146 -0.14790001511573792
-0.19497297704219818 -0.04664051905274391 -0.14790001511573792
-0.22191432118415833 0.018716800957918167 -0.14790001511573792
-0.22509494423866272 -0.007261619903147221 -0.14790001511573792
-0.1466570496559143 -0.042082469910383224 -0.14790001511573792
-0.21073777973651886 0.035224735736846924 -0.14790001511573792
-0.19768179953098297 0.0448358915746212 -0.14790001511573792
-0.13236205279827118 -0.026348963379859924 -0.14790001511573792
-0.17848791182041168 0.05029117688536644 -0.14790001511573792
-0.1259997934103012 -0.011467262171208858 -0.14790001511573792
-0.12510229647159576 0.004741498734802008 -0.14790001511573792
-0.1539212018251419 0.04602082446217537 -0.14790001511573792
-0.13808783888816833 0.03390803933143616 -0.14790001511573792
-0.12901635468006134 0.020445609465241432 -0.14790001511573792
-0.25241100788116455 -0.09164711833000183 -0.20923152565956116
-0.24802972376346588 -0.08927512913942337 -0.14198093116283417
-0.2730260193347931 -0.017623841762542725 -0.20486688613891602
-0.2671775817871094 -0.038224756717681885 -0.20613157749176025
-0.26436808705329895 -0.06793318688869476 -0.20561130344867706
-0.25838205218315125 -0.0599202923476696 -0.20854933559894562
-0.26673391461372375 -0.07635293155908585 -0.20416377484798431
-0.26203927397727966 -0.08763223141431808 -0.20546208322048187
-0.2590078115463257 -0.05382712185382843 -0.20859235525131226
-0.1035015806555748 -0.09009552747011185 -0.18499957025051117
-0.10589269548654556 -0.08686208724975586 -0.14199838042259216
-0.11829006671905518 -0.08016135543584824 -0.14201760292053223
-0.2131660431623459 -0.08990631252527237 -0.14199981093406677
-0.23349934816360474 -0.07999332249164581 -0.1420000195503235
-0.17819838225841522 -0.098064124584198 -0.141999751329422
-0.14037351310253143 -0.09146681427955627 -0.14199990034103394
-0.2411271184682846 0.06482571363449097 -0.21263471245765686
-0.24699634313583374 0.059953778982162476 -0.2128365933895111
-0.2504037916660309 0.0670941099524498 -0.21258419752120972
-0.2448279857635498 0.06961403042078018 -0.21249499917030334
-0.24996384978294373 0.03221506252884865 -0.21380949020385742
-0.256367027759552 0.030886389315128326 -0.21384839713573456
-0.25840839743614197 0.0376436747610569 -0.2136087864637375
-0.2510911226272583 0.038850780576467514 -0.21357403695583344
0.03172190859913826 0.234812393784523 -0.27778947353363037
0.03159887343645096 0.2347111850976944 -0.2744339406490326
0.014824380166828632 -0.23703926801681519 -0.266433447599411
-0.005190087947994471 -0.23745453357696533 -0.26681819558143616
-0.00553585821762681 -0.2376139611005783 -0.28042611479759216
0.19378437101840973 -0.13801933825016022 -0.27410605549812317
0.17618350684642792 -0.15999703109264374 -0.27405059337615967
0.151504784822464 -0.18335047364234924 -0.27307653427124023
0.18854762613773346 -0.14542676508426666 -0.2917829155921936
0.1703406125307083 -0.16589605808258057 -0.2926875352859497
0.1477527767419815 -0.18672293424606323 -0.29180705547332764
-0.10342773050069809 0.21597892045974731 -0.26738035678863525
-0.12753944098949432 0.2006148099899292 -0.26543647050857544
-0.10718638449907303 0.21219170093536377 -0.2651761472225189
-0.16537603735923767 0.17132362723350525 -0.26618799567222595
-0.1460443139076233 0.18774908781051636 -0.26578935980796814
-0.0785004273056984 0.2248067557811737 -0.2663528025150299
-0.16723455488681793 0.1693316251039505 -0.2917441427707672
-0.1029786542057991 0.21461793780326843 -0.29195255041122437
-0.1361403614282608 0.19477681815624237 -0.2949182093143463
-0.13137580454349518 0.1989390254020691 -0.2915099859237671
-0.07492445409297943 0.225694939494133 -0.29226088523864746
-0.16492240130901337 0.17104274034500122 -0.2947663366794586
-0.08709503710269928 0.22190137207508087 -0.2950064539909363
-0.2374064326286316 -0.006879277992993593 -0.25380939245224
-0.22580382227897644 -0.07396509498357773 -0.2553720474243164
-0.1708066761493683 -0.16512973606586456 -0.2551162838935852
-0.14687791466712952 -0.1867586225271225 -0.25364646315574646
-0.11796680837869644 -0.20617704093456268 -0.2690531015396118
0.22828079760074615 -0.06432867795228958 -0.25181156396865845
-0.027072545140981674 -0.23586206138134003 -0.25349149107933044
-0.00031632432364858687 -0.23749548196792603 -0.25312355160713196
0.12924747169017792 -0.19906271994113922 -0.2529160678386688
0.1492052674293518 -0.1846538484096527 -0.2527393400669098
0.21998350322246552 -0.08981539309024811 -0.2541992664337158
0.1049550399184227 -0.21324612200260162 -0.2545553743839264
0.2085151970386505 -0.1130862683057785 -0.25206804275512695
0.07837273180484772 -0.22399796545505524 -0.2526680529117584
0.19226999580860138 -0.13952545821666718 -0.25332164764404297
0.05887751281261444 -0.22990325093269348 -0.252643883228302
0.16986791789531708 -0.16597303748130798 -0.2536017894744873
0.031171802431344986 -0.2356298863887787 -0.254381000995636
0.23406435549259186 -0.039613500237464905 -0.2529480457305908
0.1877983659505844 0.15251746773719788 -0.26749032735824585
0.16859036684036255 0.17309758067131042 -0.26751625537872314
0.20403116941452026 0.13570989668369293 -0.2649191915988922
0.21695680916309357 0.1063995212316513 -0.27000847458839417
0.1984151303768158 0.13457250595092773 -0.2711537480354309
0.2240504026412964 0.09381424635648727 -0.26913896203041077
0.23410043120384216 0.07239875197410583 -0.268481969833374
0.23835894465446472 0.038484133780002594 -0.2738652527332306
0.23545339703559875 0.03494792431592941 -0.28106239438056946
0.2323424220085144 0.06096367537975311 -0.2744160294532776
0.18737630546092987 0.1463862806558609 -0.2769258916378021
0.19850531220436096 0.13105665147304535 -0.2765863835811615
0.21962596476078033 0.09204721450805664 -0.27761173248291016
0.22975026071071625 0.0618189238011837 -0.28085437417030334
0.14778734743595123 0.18889965116977692 -0.2711644470691681
0.16788892447948456 0.16887004673480988 -0.2746158242225647
0.14938893914222717 0.18493147194385529 -0.27750638127326965
0.18060244619846344 0.15534523129463196 -0.2740336060523987
0.23704387247562408 0.019097156822681427 -0.2829490005970001
0.20855526626110077 0.11531428247690201 -0.275212824344635
0.13089002668857574 0.19863151013851166 -0.2738799750804901
0.11409023404121399 0.20858848094940186 -0.26699432730674744
0.0967910885810852 0.21673409640789032 -0.2528980076313019
-0.15795765817165375 -0.17774415016174316 -0.27362993359565735
-0.17975187301635742 -0.15590617060661316 -0.27368584275245667
-0.19905605912208557 -0.13003642857074738 -0.27325382828712463
-0.19452445209026337 -0.13718357682228088 -0.29189935326576233
-0.15446098148822784 -0.1803409308195114 -0.2946525812149048
-0.17569200694561005 -0.16053073108196259 -0.2918476462364197
-0.031723909080028534 -0.23481260240077972 -0.2777893543243408
-0.031604379415512085 -0.2347102165222168 -0.274434357881546
0.002427230589091778 0.23758678138256073 -0.26657238602638245
0.00553585821762681 0.2376139611005783 -0.28042611479759216
0.1836525946855545 -0.15072840452194214 -0.29499509930610657
-0.1869833618402481 -0.14736308157444 -0.29500025510787964
0.22057990729808807 -0.08868735283613205 -0.29500001668930054
-0.10365425795316696 -0.2139538824558258 -0.29499998688697815
-0.2231850028038025 -0.0819084644317627 -0.29500001668930054
0.23204472661018372 -0.051734160631895065 -0.29500001668930054
-0.0677957609295845 -0.2278725802898407 -0.29500001668930054
-0.028616150841116905 0.23636387288570404 -0.2950005829334259
-0.23477502167224884 -0.03867790475487709 -0.29500001668930054
0.23737064003944397 -0.013378143310546875 -0.2950001657009125
-0.03346056863665581 -0.23527561128139496 -0.29499998688697815
-0.009123140946030617 -0.2373722493648529 -0.29499995708465576
0.009123140946030617 0.2373722493648529 -0.29499995708465576
-0.23738330602645874 0.020593350753188133 -0.29500001668930054
0.23654544353485107 0.02373030036687851 -0.2950001358985901
0.01854235865175724 -0.2370111495256424 -0.29499995708465576
0.028273100033402443 0.2358519583940506 -0.29499995708465576
0.057333532720804214 0.2307289093732834 -0.29500001668930054
0.22949904203414917 0.062150273472070694 -0.29500001668930054
0.05117519944906235 -0.23207280039787292 -0.29500001668930054
-0.2221396565437317 0.0861755907535553 -0.29499998688697815
0.09954928606748581 0.2160831242799759 -0.2950000464916229
0.08880776911973953 -0.2206914722919464 -0.29500001668930054
0.21619196236133575 0.09888705611228943 -0.2950000464916229
0.19698964059352875 0.13314978778362274 -0.2950000464916229
0.14017263054847717 0.19218067824840546 -0.2949998378753662
0.17361104488372803 0.16241618990898132 -0.29500025510787964
0.15934132039546967 -0.17649739980697632 -0.29499995708465576
0.07275974005460739 0.2262425273656845 -0.25374555587768555
0.041508108377456665 0.23125451803207397 -0.24644511938095093
-0.03129887580871582 0.2242026925086975 -0.23622922599315643
-0.07837788015604019 0.22185425460338593 -0.24712108075618744
-0.13211864233016968 0.19401758909225464 -0.2461232841014862
-0.11378052830696106 0.20561879873275757 -0.2468211054801941
-0.05459952726960182 0.22861504554748535 -0.24657268822193146
-0.022057559341192245 0.23322457075119019 -0.2453863024711609
0.01230409275740385 0.2342352271080017 -0.24588486552238464
-0.16079968214035034 0.1731829196214676 -0.24924755096435547
-0.09678522497415543 -0.09097108989953995 -0.18500109016895294
0.0625026598572731 0.04449373483657837 -0.1849994659423828
0.06668175011873245 0.019563984125852585 -0.18499910831451416
-0.0770561620593071 -0.01601472683250904 -0.1849999725818634
0.052311625331640244 0.07275579869747162 -0.18499980866909027
-0.08722098171710968 -0.08560720831155777 -0.18500441312789917
-0.08506894111633301 -0.04121440276503563 -0.1850000023841858
0.040967416018247604 0.09107378870248795 -0.18499977886676788
-0.0339004322886467 0.11103016138076782 -0.18502753973007202
0.022650498896837234 0.11031361669301987 -0.1850108951330185
-0.08407890051603317 -0.07666224986314774 -0.18499726057052612
-0.08561250567436218 -0.06939394026994705 -0.1849997639656067
-0.0830109640955925 0.03691023215651512 -0.18497157096862793
-0.07674342393875122 0.011956160888075829 -0.1850000023841858
-0.09218616038560867 -0.05427433177828789 -0.1849999725818634
-0.0921127200126648 -0.061038944870233536 -0.1850000023841858
-0.16980642080307007 0.132633775472641 -0.21656568348407745
-0.17228056490421295 0.1325998604297638 -0.227191761136055
-0.20764780044555664 0.13650274276733398 -0.18226845562458038
-0.16222819685935974 0.13258586823940277 -0.194906547665596
-0.14814995229244232 0.12992507219314575 -0.21122704446315765
-0.13366034626960754 0.12756510078907013 -0.2039167732000351
-0.21020148694515228 0.14158596098423004 -0.17976857721805573
-0.24041110277175903 0.1343199610710144 -0.1745443195104599
-0.16916270554065704 0.14784330129623413 -0.18705801665782928
-0.12787841260433197 0.15059711039066315 -0.19489343464374542
-0.09997715055942535 0.1497536599636078 -0.20127369463443756
-0.017770133912563324 0.1335851401090622 -0.18704268336296082
0.0035306166391819715 0.12333572655916214 -0.1856338530778885
-0.07629598677158356 0.14788778126239777 -0.19552884995937347
-0.05041239410638809 0.14342404901981354 -0.19058215618133545
-0.20795656740665436 -0.038147538900375366 -0.1378999948501587
-0.2251739650964737 0.000738216913305223 -0.1378999948501587
-0.22165733575820923 0.01909089833498001 -0.1378999948501587
-0.18452271819114685 -0.049835484474897385 -0.1378999948501587
-0.2218204289674759 -0.01895047537982464 -0.1378999948501587
-0.1584414541721344 -0.047614939510822296 -0.1378999948501587
-0.13847088813781738 -0.0348840095102787 -0.13790369033813477
-0.1281043440103531 -0.017854012548923492 -0.1378999948501587
-0.12459082901477814 0.0005314780282787979 -0.1378999948501587
-0.1293485462665558 0.02117694355547428 -0.1378999948501587
-0.13943834602832794 0.035402510315179825 -0.1378999948501587
-0.15364128351211548 0.04556669667363167 -0.1378999948501587
-0.17176508903503418 0.050142355263233185 -0.1378999948501587
-0.19399291276931763 0.04692017287015915 -0.1378999948501587
-0.2112780660390854 0.03466803953051567 -0.1378999948501587
-0.11705613136291504 -0.07980268448591232 -0.13791285455226898
-0.13684296607971191 -0.08975618332624435 -0.1378999501466751
-0.17180635035037994 -0.09791987389326096 -0.13789978623390198
-0.20957522094249725 -0.09133238345384598 -0.13789990544319153
-0.2335471510887146 -0.07971791177988052 -0.13790102303028107
-0.24626335501670837 -0.08852280676364899 -0.13790763914585114
-0.262523889541626 -0.08263812214136124 -0.13790541887283325
-0.2623068392276764 -0.0691402480006218 -0.13790678977966309
-0.2557879090309143 -0.08875516802072525 -0.1378992348909378
-0.264380544424057 -0.07579854875802994 -0.1378926932811737
-0.25852468609809875 -0.061722029000520706 -0.18761061131954193
-0.2558325231075287 -0.06077456846833229 -0.13791482150554657
-0.25765010714530945 -0.05716727674007416 -0.19074298441410065
-0.2556849718093872 -0.05601296201348305 -0.14461219310760498
-0.25655990839004517 -0.05933253467082977 -0.16376903653144836
-0.26039189100265503 -0.04656940698623657 -0.13788707554340363
-0.2739219665527344 0.016616787761449814 -0.2143455445766449
-0.2715701162815094 0.01267354004085064 -0.13790041208267212
-0.2664708197116852 0.033071406185626984 -0.13790038228034973
-0.26559919118881226 0.042065516114234924 -0.21345721185207367
-0.25743505358695984 0.05176441743969917 -0.1378951370716095
-0.25565680861473083 0.05544662848114967 -0.14158406853675842
-0.25906530022621155 0.05434431508183479 -0.21280963718891144
-0.27121222019195557 -0.016528721898794174 -0.1379004418849945
-0.2577824294567108 0.06088857725262642 -0.1795610785484314
-0.2587002217769623 0.05997694656252861 -0.2128211408853531
-0.25693514943122864 0.05808965861797333 -0.1739390790462494
-0.25551652908325195 0.058686062693595886 -0.13795152306556702
-0.2571188509464264 0.06317127496004105 -0.1379602998495102
-0.2631451189517975 0.07035911083221436 -0.13789978623390198
-0.23662911355495453 0.08464348316192627 -0.21197214722633362
-0.24877971410751343 0.09185011684894562 -0.21171915531158447
-0.24601438641548157 0.08852402120828629 -0.1378997564315796
-0.2670426070690155 0.07628884166479111 -0.21226245164871216
-0.2648822069168091 0.06837242096662521 -0.2125391811132431
-0.2584201693534851 0.09012594074010849 -0.21177944540977478
-0.2642570436000824 0.08471797406673431 -0.21196837723255157
-0.26156648993492126 0.08417899906635284 -0.13789990544319153
-0.2641499638557434 0.07761432230472565 -0.1378999650478363
-0.2550167441368103 0.08871642500162125 -0.13789989054203033
-0.23610104620456696 0.08076948672533035 -0.13790000975131989
-0.1143622025847435 0.08290064334869385 -0.18829213082790375
-0.11343114078044891 0.08101672679185867 -0.1379610151052475
-0.10706928372383118 0.08859621733427048 -0.1878630369901657
-0.10345135629177094 0.08880449831485748 -0.13790428638458252
-0.09906558692455292 0.09123754501342773 -0.18709254264831543
-0.0914585217833519 0.06179817020893097 -0.18500685691833496
-0.08398142457008362 0.07516442984342575 -0.18501736223697662
-0.08624265342950821 0.07152500003576279 -0.13789819180965424
-0.08804221451282501 0.08654558658599854 -0.18558090925216675
-0.08691954612731934 0.08211870491504669 -0.13793672621250153
-0.09407902508974075 0.0883544310927391 -0.13791324198246002
-0.09425275772809982 0.06068576127290726 -0.13794764876365662
-0.09275545179843903 0.05602409318089485 -0.18500007688999176
-0.09430713206529617 0.0546087808907032 -0.1379624754190445
-0.07781271636486053 0.004758173134177923 -0.1378999799489975
-0.08319103717803955 0.03354211524128914 -0.13789987564086914
-0.07953294366598129 -0.01967228762805462 -0.1378999501466751
-0.09447649866342545 -0.0558830127120018 -0.13792596757411957
-0.09392762929201126 -0.06166495755314827 -0.1379152536392212
-0.08682205528020859 -0.07043061405420303 -0.13790257275104523
-0.08606438338756561 -0.07982116937637329 -0.13790497183799744
-0.10476433485746384 -0.0879971981048584 -0.13792793452739716
-0.09127716720104218 -0.08681382238864899 -0.13789662718772888
-0.09799536317586899 -0.08927580714225769 -0.13790304958820343
-0.22997909784317017 0.08370139449834824 -0.2120043784379959
-0.2297724038362503 0.0807282105088234 -0.13790014386177063
-0.22028756141662598 0.08885665237903595 -0.211820587515831
-0.22738492488861084 0.06946906447410583 -0.21250097453594208
-0.236607164144516 0.02514355070888996 -0.21404880285263062
-0.07128317654132843 0.22677157819271088 -0.2547668218612671
-0.10179205983877182 0.21470943093299866 -0.2550165355205536
-0.12058219313621521 0.2045428454875946 -0.2534107267856598
-0.14647221565246582 0.18700096011161804 -0.25317275524139404
-0.17258620262145996 0.16326138377189636 -0.2546457350254059
6.068164293537848e-05 0.23748023808002472 -0.2536117136478424
0.020445426926016808 0.23665010929107666 -0.25360533595085144
0.04339269921183586 0.2334318906068802 -0.25361165404319763
-0.023652100935578346 0.2361726462841034 -0.2523828446865082
-0.046351928263902664 0.23293811082839966 -0.2538434863090515
-0.18758006393909454 0.14553526043891907 -0.25378718972206116
-0.2004772424697876 0.12726567685604095 -0.25325456261634827
-0.21086996793746948 0.10896258056163788 -0.25274839997291565
-0.21928134560585022 0.09098470211029053 -0.25387120246887207
-0.21557213366031647 0.09250650554895401 -0.24572698771953583
-0.19723698496818542 0.12609504163265228 -0.24525819718837738
-0.18253129720687866 0.14832466840744019 -0.24687589704990387
0.06620807945728302 0.22712473571300507 -0.25029218196868896
-0.0876471996307373 0.10819931328296661 -0.18773260712623596
-0.19279643893241882 0.1169525608420372 -0.23524563014507294
-0.17689423263072968 0.14292612671852112 -0.23751705884933472
-0.12101314216852188 0.083121158182621 -0.18922072649002075
-0.09178368002176285 0.1308044046163559 -0.19312770664691925
-0.18965396285057068 0.09917452931404114 -0.22419407963752747
-0.17301897704601288 0.11427601426839828 -0.21871381998062134
-0.11230074614286423 0.12021935731172562 -0.1948862075805664
-0.044534653425216675 0.1210131123661995 -0.1860913783311844
-0.20636096596717834 0.09574274718761444 -0.23760901391506195
-0.13847658038139343 0.09256483614444733 -0.19548103213310242
-0.14211414754390717 0.1095757782459259 -0.201340913772583
-0.16450296342372894 0.09934905171394348 -0.2082202285528183
-0.11952689290046692 0.0805295780301094 -0.1379118710756302
-0.142827108502388 0.09182481467723846 -0.13790030777454376
-0.16589811444282532 0.09704640507698059 -0.1379004269838333
-0.18901334702968597 0.09626273065805435 -0.13790050148963928
-0.20697972178459167 0.09188240021467209 -0.13790036737918854
0.21764276921749115 0.2094068080186844 -0.02394324354827404
0.2078056037425995 0.20879186689853668 -0.023329000920057297
0.20039378106594086 0.20391714572906494 -0.018454166129231453
0.22617095708847046 0.20484793186187744 -0.01938290148973465
0.22241441905498505 0.20281767845153809 -0.02717018499970436
0.1999906450510025 0.19498084485530853 -0.009517953731119633
0.20826023817062378 0.18962010741233826 -0.004157182294875383
0.22827190160751343 0.19746793806552887 -0.012115751393139362
0.22781041264533997 0.20162241160869598 -0.018100449815392494
0.2190641313791275 0.1893530786037445 -0.0038895499892532825
0.22774863243103027 0.19380012154579163 -0.010819884017109871
0.2280990034341812 0.17518861591815948 -0.020367421209812164
0.21866333484649658 0.18146802484989166 -0.011830221861600876
0.22311829030513763 0.17466919124126434 -0.022240471094846725
0.228098064661026 0.18092094361782074 -0.012191250920295715
0.2279161512851715 0.17600136995315552 -0.030414678156375885
0.22812269628047943 0.18859826028347015 -0.0386105552315712
0.22838211059570312 0.17894762754440308 -0.03583564609289169
0.2246742844581604 0.1885235607624054 -0.03850887715816498
0.21770550310611725 0.19721299409866333 -0.03574549779295921
0.22809766232967377 0.19854697585105896 -0.034780170768499374
0.22809764742851257 0.2027227282524109 -0.026719771325588226
0.20478898286819458 0.18628337979316711 -0.04324689507484436
0.19929692149162292 0.1805729866027832 -0.03753647580742836
0.2137736827135086 0.16744482517242432 -0.024408433586359024
0.22277231514453888 0.18594607710838318 -0.04291041940450668
0.20161132514476776 0.1717827022075653 -0.028746208176016808
0.22492633759975433 0.17121128737926483 -0.028176695108413696
0.21371014416217804 0.18855780363082886 -0.04552134871482849
0.20752060413360596 0.16994182765483856 -0.026905344799160957
0.2027532011270523 0.18273209035396576 -0.039695579558610916
0.21076518297195435 0.1868816316127777 -0.04384513199329376
0.2262604534626007 0.17560388147830963 -0.03256735950708389
0.21896953880786896 0.16978000104427338 -0.026743505150079727
0.20126256346702576 0.17623157799243927 -0.03319508209824562
0.22056488692760468 0.18574285507202148 -0.04270634800195694
0.22512736916542053 0.1208452582359314 -0.08387478440999985
0.22623752057552338 0.12613308429718018 -0.08916259557008743
0.22330625355243683 0.13107608258724213 -0.09410560131072998
0.2143159806728363 0.13408903777599335 -0.0971185490489006
0.21779927611351013 0.11645238846540451 -0.07948192954063416
0.2103397101163864 0.11644773930311203 -0.07947726547718048
0.20419944822788239 0.11905168741941452 -0.08208120614290237
0.2009228765964508 0.12522856891155243 -0.08825809508562088
0.20498356223106384 0.13165107369422913 -0.09468060731887817
0.2136235237121582 0.123069167137146 -0.0861004889011383
0.21407637000083923 0.1272774040699005 -0.09031011164188385
0.21631556749343872 0.12462128698825836 -0.08766653388738632
0.21049511432647705 0.12547613680362701 -0.08851557970046997
0.21612216532230377 0.1086365208029747 -0.09875274449586868
0.2195107340812683 0.11166626960039139 -0.10250912606716156
0.21544307470321655 0.11081354320049286 -0.10247910022735596
0.21493080258369446 0.10741417855024338 -0.1014164388179779
0.21982121467590332 0.10928304493427277 -0.09869737178087234
0.21821361780166626 0.10212712734937668 -0.1056165024638176
0.2156044989824295 0.10279268771409988 -0.10884605348110199
0.21217402815818787 0.10376422107219696 -0.1065961942076683
0.1992579698562622 0.19860690832138062 0.03486954793334007
0.20641323924064636 0.20785871148109436 0.02165660634636879
0.20029619336128235 0.2037581354379654 0.027512824162840843
0.22351045906543732 0.2071213573217392 0.022718029096722603
0.2146034836769104 0.2087758332490921 0.020346740260720253
0.20371763408184052 0.19433125853538513 0.04097580537199974
0.21224281191825867 0.1919032633304596 0.044443316757678986
0.2280614823102951 0.1984749138355255 0.03476559370756149
0.22823767364025116 0.2012161910533905 0.031107192859053612
0.22237923741340637 0.1935770958662033 0.04205316677689552
0.22178249061107635 0.18700209259986877 0.03821028023958206
0.22809910774230957 0.18680042028427124 0.03800944238901138
0.22809742391109467 0.17888890206813812 0.0343334898352623
0.2187574952840805 0.17749664187431335 0.03295096009969711
0.22812484204769135 0.1742749810218811 0.02672223001718521
0.2247200608253479 0.17426106333732605 0.02585539221763611
0.22826549410820007 0.17537055909633636 0.01589788869023323
0.22809727489948273 0.19141502678394318 0.009903018362820148
0.22765898704528809 0.18088097870349884 0.011496988125145435
0.22213774919509888 0.18907736241817474 0.009635007940232754
0.21746113896369934 0.19780687987804413 0.013130420818924904
0.2280990183353424 0.20025025308132172 0.01546915341168642
0.2245730757713318 0.20230484008789062 0.021435802802443504
0.2085905373096466 0.0977528840303421 -0.10530165582895279
0.21277454495429993 0.09730301052331924 -0.10572110861539841
0.20398713648319244 0.18241842091083527 0.005685655400156975
0.2153445929288864 0.16752083599567413 0.026961596682667732
0.19886700809001923 0.17578718066215515 0.015156053006649017
0.22411003708839417 0.16963164508342743 0.02394690364599228
0.2021430879831314 0.1707303822040558 0.02237790636718273
0.22646604478359222 0.18029288947582245 0.008722075261175632
0.20815564692020416 0.16807252168655396 0.026173733174800873
0.2162267118692398 0.18426837027072906 0.0030434506479650736
0.2092083990573883 0.0946325957775116 -0.1096322238445282
0.2036931961774826 0.09446191042661667 -0.11156506091356277
0.21125847101211548 0.16877120733261108 0.02517588995397091
0.2051231861114502 0.1704980880022049 0.022709669545292854
0.2252635657787323 0.1787622570991516 0.010907169431447983
0.2262604534626007 0.1738646924495697 0.017901640385389328
0.2107653170824051 0.18301278352737427 0.004836841020733118
0.2027531862258911 0.1796468049287796 0.00964395236223936
0.21896949410438538 0.16914059221744537 0.024648349732160568
0.20123614370822906 0.1745557337999344 0.01691473089158535
0.22056491672992706 0.18208901584148407 0.006156095303595066
0.19881804287433624 0.09568650275468826 -0.10961005091667175
0.20231017470359802 0.09699714928865433 -0.10707804560661316
0.22425727546215057 0.1065329983830452 -0.04284894838929176
0.21431593596935272 0.10948408395051956 -0.047063566744327545
0.2192857265472412 0.09549862891435623 -0.02709023468196392
0.22606344521045685 0.09996847808361053 -0.03347385302186012
0.2106224000453949 0.09508273005485535 -0.026496248319745064
0.2040185183286667 0.0974370464682579 -0.029858581721782684
0.2009228765964508 0.102296844124794 -0.03679908439517021
0.20498351752758026 0.10750649124383926 -0.04423923045396805
0.19246412813663483 0.0881035178899765 -0.10457203537225723
0.21862657368183136 0.09983496367931366 -0.03329000994563103
0.2195497751235962 0.10378832370042801 -0.038927216082811356
0.21129904687404633 0.09874321520328522 -0.031722232699394226
0.2075444757938385 0.10309822857379913 -0.03794172778725624
0.2127695232629776 0.10563714057207108 -0.04157001152634621
0.19603800773620605 0.09240936487913132 -0.1047932356595993
0.1925656497478485 0.09017673134803772 -0.10965950042009354
0.21197330951690674 0.09701620042324066 -0.048533786088228226
0.21588264405727386 0.09134592115879059 -0.03798871487379074
0.20797613263130188 0.0990542620420456 -0.042720191180706024
0.20640766620635986 0.09359407424926758 -0.04246216267347336
0.20723475515842438 0.0893455222249031 -0.041922908276319504
0.21813781559467316 0.09101194143295288 -0.04544413462281227
0.18885725736618042 0.08602234721183777 -0.1060587614774704
0.20650528371334076 0.09370391815900803 -0.04942486435174942
0.20871007442474365 0.08253129571676254 -0.0459199883043766
0.21379323303699493 0.0828135535120964 -0.050443384796381
0.2133295089006424 0.08850561827421188 -0.05464768037199974
0.18275079131126404 0.08790096640586853 -0.1053360104560852
0.17972832918167114 0.08782005310058594 -0.10112334787845612
0.17953155934810638 0.08679459244012833 -0.09786833822727203
0.19894520938396454 0.08292920142412186 -0.06640179455280304
0.17987661063671112 0.08204236626625061 -0.09545836597681046
0.17775146663188934 0.08248046785593033 -0.10102315247058868
0.19652904570102692 0.08215433359146118 -0.05652841180562973
0.19946004450321198 0.08589718490839005 -0.06041979417204857
0.20770502090454102 0.07889887690544128 -0.061127714812755585
0.17199859023094177 0.08118300884962082 -0.09383261948823929
0.18961749970912933 0.08061954379081726 -0.06755877286195755
-0.016879219561815262 0.1484580785036087 0.015000061132013798
-0.022595982998609543 0.14293234050273895 0.014999737963080406
-0.018127242103219032 0.14409293234348297 0.014999994076788425
-0.022139130160212517 0.15118716657161713 0.015000048093497753
-0.025117026641964912 0.14743995666503906 0.01499977707862854
-0.020716847851872444 -0.11115307360887527 0.01499988790601492
-0.017020465806126595 -0.10844746977090836 0.014999689534306526
-0.018979793414473534 -0.10302866995334625 0.01499994471669197
-0.024349143728613853 -0.1044987216591835 0.014999611303210258
-0.02467183955013752 -0.10916877537965775 0.014999844133853912
-0.35641080141067505 -0.13688485324382782 -0.015000062063336372
-0.3491511940956116 -0.13762888312339783 -0.01500004343688488
-0.3505266308784485 -0.14336994290351868 -0.015000046230852604
-0.35547658801078796 -0.14351049065589905 -0.014999917708337307
-0.31926125288009644 -0.13749095797538757 -0.015000172890722752
-0.3209371566772461 -0.1438034623861313 -0.015000012703239918
-0.32636758685112 -0.14270207285881042 -0.014999999664723873
-0.32607507705688477 -0.13693180680274963 -0.015000094659626484
-0.25579532980918884 -0.13038967549800873 -0.0069999913685023785
-0.2596260607242584 -0.13443438708782196 -0.006999958772212267
-0.25942936539649963 -0.12556464970111847 -0.00700007239356637
-0.26439809799194336 -0.12991346418857574 -0.007000009063631296
-0.0749969631433487 -0.12688679993152618 0.010999889113008976
-0.06817850470542908 -0.12736815214157104 0.010999836958944798
-0.07035013288259506 -0.13402946293354034 0.010999863967299461
-0.07558881491422653 -0.13233493268489838 0.010999909602105618
-0.3537752032279968 -0.14899995923042297 -0.14380159974098206
-0.34973421692848206 -0.14900004863739014 -0.14549987018108368
-0.3491094410419464 -0.1489998996257782 -0.1498076468706131
-0.35454094409942627 -0.148999884724617 -0.15216279029846191
-0.35711973905563354 -0.1489999145269394 -0.14724531769752502
-0.31951650977134705 -0.14899998903274536 -0.15059912204742432
-0.31962156295776367 -0.14899997413158417 -0.14551596343517303
-0.3252358138561249 -0.14900001883506775 -0.1517617553472519
-0.3270566761493683 -0.14900001883506775 -0.14690279960632324
-0.3238334655761719 -0.1489999145269394 -0.1438673585653305
-0.03129826486110687 -0.2149999588727951 -0.23554758727550507
-0.03190450370311737 -0.2149999737739563 -0.2302660346031189
-0.037395209074020386 -0.21500003337860107 -0.23662322759628296
-0.039067693054676056 -0.2150000035762787 -0.23226019740104675
-0.03624838590621948 -0.2149999439716339 -0.2288902848958969
-0.010756898671388626 -0.21500003337860107 -0.22864891588687897
-0.007875368930399418 -0.21499992907047272 -0.23421861231327057
-0.012583907693624496 -0.2149999588727951 -0.23723356425762177
-0.016424570232629776 -0.21499992907047272 -0.23245693743228912
-0.31694310903549194 -0.1293121576309204 0.0740676149725914
-0.3113884925842285 0.022613082081079483 0.07407142221927643
-0.4704110026359558 -0.12257493287324905 0.07407139986753464
-0.311705082654953 0.020045354962348938 0.0935533195734024
-0.3189792335033417 0.029033321887254715 0.09362159669399261
-0.46288472414016724 0.029041461646556854 0.09363458305597305
-0.46600064635276794 -0.12794186174869537 0.09394939243793488
-0.46999236941337585 -0.12098515778779984 0.09355872869491577
-0.31259384751319885 -0.12378014624118805 0.09389273822307587
-0.3172723650932312 -0.1283033937215805 0.09378445148468018
-0.4682343900203705 0.025505563244223595 0.09373631328344345
-0.46644002199172974 -0.12907889485359192 0.07406564056873322
-0.46177026629447937 -0.1294025480747223 0.09291232377290726
-0.3208143711090088 -0.12938866019248962 0.09312370419502258
-0.31115466356277466 -0.12314058840274811 0.07406545430421829
-0.31146544218063354 -0.11943831294775009 0.09301510453224182
-0.3135572075843811 0.02598990872502327 0.09312587976455688
-0.3155779540538788 0.029112569987773895 0.07406590133905411
-0.46547773480415344 0.0293449517339468 0.074064239859581
-0.4699888527393341 0.0215003564953804 0.0936141312122345
-0.4708646237850189 0.022026751190423965 0.0740695670247078
-0.35254767537117004 -0.006840724963694811 -0.004825517535209656
-0.3525503873825073 -0.0039777872152626514 -0.0027338890358805656
-0.35528117418289185 -0.0009823641739785671 -0.004804766271263361
-0.3562958836555481 -0.0015243602683767676 -0.002724866848438978
-0.35414016246795654 -0.007846510969102383 -0.0027370161842554808
-0.3593769669532776 -0.003960259724408388 -0.002733701141551137
-0.36014917492866516 -0.00428513390943408 -0.004787228535860777
-0.35813623666763306 -0.00788442138582468 -0.002714111004024744
-0.35915157198905945 -0.007894225418567657 -0.004841275978833437
-0.35821640491485596 -0.007485483773052692 -0.004880137741565704
-0.3576722741127014 -0.002088152803480625 -0.005461642052978277
-0.35346469283103943 -0.0028624131809920073 -0.006989222951233387
-0.35420235991477966 -0.008083454333245754 -0.007047289051115513
0.02334791235625744 -0.31415095925331116 -0.2201632559299469
0.02742123231291771 -0.31074002385139465 -0.22009284794330597
0.02411109022796154 -0.31492558121681213 -0.220665842294693
0.02773471735417843 -0.31144261360168457 -0.2199430614709854
0.020469341427087784 -0.30940425395965576 -0.2199389934539795
0.02241111546754837 -0.3077101707458496 -0.21993966400623322
0.020850222557783127 -0.31078585982322693 -0.22486793994903564
0.024393770843744278 -0.30786383152008057 -0.22310051321983337
0.025633422657847404 -0.3075626492500305 -0.2220686823129654
0.024751683697104454 -0.3143276274204254 -0.22262297570705414
0.027688246220350266 -0.31106242537498474 -0.2222113013267517
0.027115019038319588 -0.37872645258903503 -0.2195667326450348
0.02705714851617813 -0.37431690096855164 -0.22122544050216675
0.02640688419342041 -0.37978729605674744 -0.2199430614709854
0.021045910194516182 -0.37832576036453247 -0.21993152797222137
0.023124748840928078 -0.37990015745162964 -0.22030363976955414
0.0232282355427742 -0.38055554032325745 -0.22024860978126526
0.020363962277770042 -0.3774295449256897 -0.2211410254240036
0.022251000627875328 -0.3740272521972656 -0.21991801261901855
0.025489196181297302 -0.3735606372356415 -0.2200552374124527
0.022441377863287926 -0.37397879362106323 -0.22220537066459656
0.020802009850740433 -0.3758932948112488 -0.2227955460548401
0.027530666440725327 -0.37687772512435913 -0.2227407991886139
0.023987770080566406 -0.38058534264564514 -0.22322654724121094
-0.28883761167526245 -0.16300000250339508 -0.17920289933681488
-0.28976577520370483 -0.16300000250339508 -0.17741504311561584
-0.2889437675476074 -0.164382666349411 -0.17921023070812225
-0.29232341051101685 -0.16439451277256012 -0.17598260939121246
-0.29214709997177124 -0.1634572446346283 -0.1758280098438263
-0.29445886611938477 -0.16392916440963745 -0.1761450469493866
-0.2889353632926941 -0.1639411747455597 -0.1811784952878952
-0.289740651845932 -0.16356724500656128 -0.18261277675628662
-0.2966017425060272 -0.16397643089294434 -0.18190620839595795
-0.2970512807369232 -0.16300000250339508 -0.1789761334657669
-0.2971697151660919 -0.16428428888320923 -0.1808045506477356
-0.2964198589324951 -0.1638542115688324 -0.18250587582588196
-0.2946453392505646 -0.1640859842300415 -0.18384131789207458
-0.2929670512676239 -0.1649094969034195 -0.1840398907661438
-0.2934655249118805 -0.16300000250339508 -0.18408596515655518
-0.29137587547302246 -0.163601353764534 -0.1838814914226532
-0.29702189564704895 -0.16500000655651093 -0.17905521392822266
-0.29605022072792053 -0.16401398181915283 -0.1771399974822998
-0.2913300096988678 -0.16500000655651093 -0.1761237382888794
-0.28994253277778625 -0.16500000655651093 -0.17719681560993195
-0.2890930771827698 -0.16500000655651093 -0.1810649186372757
-0.25925955176353455 -0.16410000622272491 -0.18200664222240448
-0.2589170038700104 -0.1638362854719162 -0.18061193823814392
-0.2605869770050049 -0.16383618116378784 -0.18343912065029144
-0.25901374220848083 -0.16300000250339508 -0.17897076904773712
-0.25960829854011536 -0.16432689130306244 -0.17752136290073395
-0.2609517574310303 -0.16397754848003387 -0.17637890577316284
-0.25875747203826904 -0.16500000655651093 -0.1797168105840683
-0.26394158601760864 -0.16393597424030304 -0.18395665287971497
-0.2655858099460602 -0.1636318564414978 -0.1832120269536972
-0.2662597894668579 -0.16500000655651093 -0.18269135057926178
-0.267073392868042 -0.16366682946681976 -0.18109488487243652
-0.2669069766998291 -0.16500000655651093 -0.18106487393379211
-0.26575005054473877 -0.16341626644134521 -0.17794360220432281
-0.4532721936702728 -0.012645841576159 0.010062815621495247
-0.45721760392189026 -0.014464715495705605 0.01006056647747755
-0.45397526025772095 -0.013983603566884995 0.014071197248995304
-0.45498713850975037 -0.009280250407755375 0.014076180756092072
-0.456889271736145 -0.009227756410837173 0.010052151046693325
-0.45857366919517517 -0.01291655097156763 0.014074946753680706
-0.45605963468551636 -0.05288225784897804 0.01406006421893835
-0.4533260762691498 -0.04854369908571243 0.010062902234494686
-0.45609021186828613 -0.05265489220619202 0.010045811533927917
-0.4585120677947998 -0.04914537072181702 0.010060518980026245
-0.45807555317878723 -0.04829713702201843 0.014068382792174816
-0.4535675644874573 -0.048690084367990494 0.014067495241761208
-0.4530541002750397 -0.0875663235783577 0.010064907371997833
-0.4576070308685303 -0.09034634381532669 0.010052752681076527
-0.4539611339569092 -0.09018824994564056 0.014070924371480942
-0.455711305141449 -0.08523634076118469 0.014070622622966766
-0.45726484060287476 -0.08566290140151978 0.010069545358419418
-0.4585757255554199 -0.08865740150213242 0.014065544120967388
-0.32374632358551025 -0.013676268048584461 0.014065587893128395
-0.32525399327278137 -0.009176322259008884 0.010031389072537422
-0.3261263966560364 -0.014902304857969284 0.010026175528764725
-0.3283577263355255 -0.013530061580240726 0.014076418243348598
-0.3251494765281677 -0.009245375171303749 0.014073118567466736
-0.3228732645511627 -0.0497884601354599 0.010065848007798195
-0.32740533351898193 -0.05219509080052376 0.010047412477433681
-0.3262384533882141 -0.052744459360837936 0.014091592282056808
-0.32551732659339905 -0.047170963138341904 0.014098262414336205
-0.3278850317001343 -0.04818854108452797 0.010066872462630272
-0.3231357932090759 -0.08805429935455322 0.014057916589081287
-0.32588788866996765 -0.08522933721542358 0.010059177875518799
-0.3238562047481537 -0.09013491868972778 0.010056087747216225
-0.32855820655822754 -0.08851711452007294 0.01006254367530346
-0.3280424177646637 -0.08592290431261063 0.014076783321797848
-0.3262901306152344 -0.09069890528917313 0.014061490073800087
-0.43954867124557495 0.029059749096632004 0.053886428475379944
-0.4375787079334259 0.02921433374285698 0.05809243395924568
-0.43930163979530334 0.03009096160531044 0.054958172142505646
-0.4242446720600128 0.028972620144486427 0.06023148074746132
-0.4206112027168274 0.02967201918363571 0.05512586608529091
-0.42408663034439087 0.03002297692000866 0.06034943461418152
-0.438150554895401 0.02979881875216961 0.05058526247739792
-0.42465049028396606 0.029042022302746773 0.0607798770070076
-0.4211174547672272 0.029068386182188988 0.056711532175540924
-0.43021222949028015 0.029049156233668327 0.06220396235585213
-0.43408289551734924 0.029040487483143806 0.061145439743995667
-0.43266499042510986 0.028963973745703697 0.061451178044080734
-0.43128079175949097 0.02994285710155964 0.062258098274469376
-0.42132458090782166 0.029920944944024086 0.051007505506277084
-0.4208553433418274 0.030100056901574135 0.05614527687430382
-0.4373306930065155 0.03006439283490181 0.058883022516965866
-0.438149631023407 0.029085153713822365 0.05796583369374275
-0.46448835730552673 0.04600054398179054 -0.0487472228705883
-0.46966829895973206 0.04600132629275322 -0.04869682714343071
-0.4636208415031433 0.048998620361089706 -0.048487480729818344
-0.46824711561203003 0.048997778445482254 -0.04821847006678581
-0.47327253222465515 0.04899577796459198 -0.05271972715854645
-0.4742533266544342 0.04600922390818596 -0.05402298644185066
-0.4722653031349182 0.049005813896656036 -0.05851602181792259
-0.46792206168174744 0.04899479076266289 -0.06183331832289696
-0.4706723392009735 0.046002261340618134 -0.06034550443291664
-0.46336859464645386 0.046002067625522614 -0.06010046601295471
-0.4616214632987976 0.04600048437714577 -0.05863874778151512
-0.46247267723083496 0.049002766609191895 -0.05977053567767143
-0.46043115854263306 0.04600158706307411 -0.05307779088616371
-0.4609299600124359 0.04900294542312622 -0.05274124816060066
-0.460878849029541 0.046000007539987564 -0.05386035889387131
-0.4729504883289337 0.0460049994289875 -0.0532197505235672
-0.4702696204185486 0.046000946313142776 -0.04945831745862961
-0.44286954402923584 0.04799981042742729 -0.09055375307798386
-0.44399121403694153 0.04600043222308159 -0.09070508927106857
-0.4455559551715851 0.04699713736772537 -0.09134090691804886
-0.44251003861427307 0.04600042104721069 -0.09062120318412781
-0.4389948546886444 0.046994224190711975 -0.0958910807967186
-0.4390906095504761 0.04715351760387421 -0.09316200762987137
-0.43878206610679626 0.04800000041723251 -0.09501059353351593
-0.4407723546028137 0.04667717218399048 -0.09118688106536865
-0.44566965103149414 0.04694171994924545 -0.0978294089436531
-0.440824031829834 0.04632805287837982 -0.09686406701803207
-0.4436758756637573 0.04749755188822746 -0.0993138775229454
-0.4401918649673462 0.0480000264942646 -0.09181072562932968
-0.47269386053085327 0.04600236564874649 -0.08106926083564758
-0.47135597467422485 0.046000514179468155 -0.08985745161771774
-0.47377458214759827 0.048999495804309845 -0.08606266975402832
-0.47058677673339844 0.048995234072208405 -0.07917152345180511
-0.4707055389881134 0.046001121401786804 -0.07922560721635818
-0.47150540351867676 0.048999056220054626 -0.07981137931346893
-0.4638441205024719 0.046002645045518875 -0.07845008373260498
-0.4701223373413086 0.045997511595487595 -0.09060821682214737
-0.4703666865825653 0.048999153077602386 -0.09038536250591278
-0.4641713798046112 0.04600389674305916 -0.09061771631240845
-0.4637656509876251 0.049002278596162796 -0.09054721891880035
-0.4611193835735321 0.046002645045518875 -0.08777706325054169
-0.4622499346733093 0.048993583768606186 -0.08937772363424301
-0.46053141355514526 0.04900306090712547 -0.08237545937299728
-0.4606339633464813 0.04599864035844803 -0.08418294787406921
-0.4624830484390259 0.04900437593460083 -0.07967626303434372
-0.4730493724346161 0.04900001361966133 -0.08474453538656235
-0.4643450081348419 0.04600371792912483 -0.07904225587844849
-0.42446500062942505 0.04706163704395294 -0.044508568942546844
-0.4261467158794403 0.04600032418966293 -0.04475683346390724
-0.4266242980957031 0.04799945652484894 -0.04482527822256088
-0.4278608560562134 0.046000003814697266 -0.04559481516480446
-0.4286893606185913 0.04724647104740143 -0.04681256785988808
-0.42896753549575806 0.046000003814697266 -0.04724770411849022
-0.42914485931396484 0.04687165096402168 -0.04894614219665527
-0.4241558611392975 0.04680662974715233 -0.05288102477788925
-0.42263734340667725 0.04600062593817711 -0.05213013291358948
-0.42224663496017456 0.04800000041723251 -0.0519561842083931
-0.42128729820251465 0.04700625687837601 -0.05075015872716904
-0.4222794473171234 0.04706905782222748 -0.04548327252268791
-0.42335939407348633 0.04600035026669502 -0.04493699595332146
-0.4208133816719055 0.04707368090748787 -0.049301501363515854
-0.4210699200630188 0.04713249206542969 -0.04708319902420044
-0.42146754264831543 0.0468362495303154 -0.04671997204422951
-0.42523321509361267 0.047096237540245056 -0.05277979001402855
-0.4230678975582123 0.0480000264942646 -0.0522972010076046
-0.4264182150363922 0.04654668644070625 -0.053225077688694
-0.42325258255004883 0.047999992966651917 -0.04504120349884033
-0.42098674178123474 0.04696892201900482 -0.0491611585021019
-0.42150065302848816 0.04700930789113045 -0.05073196440935135
0.22542892396450043 0.03648517280817032 -0.26702791452407837
0.21664853394031525 0.034441523253917694 -0.26704710721969604
0.22152815759181976 0.033665869385004044 -0.2647549510002136
0.22561872005462646 0.039315711706876755 -0.26494869589805603
0.2214256227016449 0.04424067586660385 -0.2660503089427948
0.21579277515411377 0.04243212938308716 -0.2663387358188629
0.21507628262043 0.036434564739465714 -0.2649589478969574
0.22010351717472076 0.03880978003144264 -0.2619066536426544
0.22420312464237213 -0.04261259362101555 -0.2662475109100342
0.2151850312948227 -0.04125402495265007 -0.266620934009552
0.219723179936409 -0.04433489963412285 -0.2655554711818695
0.22542452812194824 -0.03661872819066048 -0.26653239130973816
0.21850329637527466 -0.033313293009996414 -0.26641058921813965
0.21500718593597412 -0.03708730638027191 -0.2649371027946472
0.22010421752929688 -0.03880912810564041 -0.26190686225891113
0.42471545934677124 0.031999897211790085 -0.08119603991508484
0.42442888021469116 0.020000150427222252 -0.08092646300792694
0.4102631211280823 0.019999999552965164 -0.09455892443656921
0.4102858304977417 0.031999945640563965 -0.09488482028245926
0.2733515202999115 0.03386165201663971 -0.09483035653829575
0.24914032220840454 0.019999980926513672 -0.09447867423295975
0.2497866004705429 0.03199998661875725 -0.09489165991544724
0.38719525933265686 0.031992923468351364 -0.09484159201383591
0.2353065460920334 0.03199990838766098 -0.08119089156389236
0.23544111847877502 0.019999999552965164 -0.08026312291622162
0.23574218153953552 0.032001793384552 0.059474024921655655
0.2354196310043335 0.020000053569674492 0.08020394295454025
0.23511329293251038 0.03200000524520874 0.08024843782186508
0.23516447842121124 0.03386353701353073 -0.056645188480615616
0.24882054328918457 0.031999845057725906 0.09469504654407501
0.24916982650756836 0.019999980926513672 0.09448996186256409
0.2727676033973694 0.031993865966796875 0.09481677412986755
0.41028374433517456 0.019999993965029716 0.09456588327884674
0.41030439734458923 0.03199994936585426 0.09487608075141907
0.38605737686157227 0.03379924222826958 0.09491726011037827
0.42472076416015625 0.031999848783016205 0.0811300277709961
0.42448529601097107 0.01999993808567524 0.08077811449766159
0.42493367195129395 0.033760737627744675 0.05581986531615257
0.42482149600982666 0.03199132904410362 -0.05733165517449379
0.2717815339565277 0.261525958776474 0.037447746843099594
0.2710084021091461 0.2615140378475189 0.04460027068853378
0.2724091410636902 0.25900477170944214 0.038367461413145065
0.2623950242996216 0.26150915026664734 0.04319539666175842
0.26968052983283997 0.2590045928955078 0.04556155577301979
0.2660921812057495 0.25954803824424744 0.03550076112151146
0.2893292307853699 0.26149824261665344 -0.05720243975520134
0.294365257024765 0.25900495052337646 -0.06027524545788765
0.2943446934223175 0.26150748133659363 -0.06061605364084244
0.28415995836257935 0.2615010440349579 -0.06147995963692665
0.28795602917671204 0.25899627804756165 -0.057426128536462784
0.29273512959480286 0.2615051567554474 -0.06665059924125671
0.28670403361320496 0.26150259375572205 -0.06690813601016998
0.29201462864875793 0.25900569558143616 -0.06734342873096466
0.2839915156364441 0.25900185108184814 -0.06399918347597122
0.38680675625801086 0.26150786876678467 -0.040831126272678375
0.3880145847797394 0.2589970827102661 -0.03759178891777992
0.3931758403778076 0.2615259289741516 -0.03523356840014458
0.3978952467441559 0.2614997923374176 -0.04094719514250755
0.3929407298564911 0.26149439811706543 -0.04584958031773567
0.38874292373657227 0.25899454951286316 -0.04426427185535431
0.37550559639930725 0.26151347160339355 0.06072017922997475
0.3732849657535553 0.2614925801753998 0.06715863198041916
0.37529778480529785 0.2590108811855316 0.06513264030218124
0.36670103669166565 0.26151081919670105 0.06604958325624466
0.36791712045669556 0.2589908540248871 0.06729063391685486
0.37009647488594055 0.259391188621521 0.05718120560050011
0.37672924995422363 0.25902071595191956 0.06105898693203926
0.36621803045272827 0.26150980591773987 0.0593332014977932
0.3655454218387604 0.2590034604072571 0.06119780242443085
0.23527681827545166 0.033999912440776825 0.0570833683013916
0.23546697199344635 0.17199024558067322 0.05815684422850609
0.2350417822599411 0.17198967933654785 -0.056352343410253525
0.27228453755378723 0.1719934642314911 -0.09465929120779037
0.38606902956962585 0.033998653292655945 -0.09490122646093369
0.3860403895378113 0.17199276387691498 -0.09500474482774734
0.4249098598957062 0.034000396728515625 -0.05590306222438812
0.4249582886695862 0.17199519276618958 -0.05635078251361847
0.425015926361084 0.1719912737607956 0.055961914360523224
0.3868381679058075 0.1719951629638672 0.09487086534500122
0.27393099665641785 0.03399863839149475 0.09490121901035309
0.2736452519893646 0.17199306190013885 0.09496305137872696
0.2688891589641571 0.033999908715486526 0.09164153784513474
0.268149733543396 0.17198383808135986 0.0901808813214302
0.26540276408195496 0.0321449413895607 0.0720842108130455
0.2650240361690521 0.1719944328069687 0.07121732831001282
0.26207974553108215 0.03200482577085495 0.06698275357484818
0.2598639130592346 0.1719953566789627 0.06535352766513824
0.25741955637931824 0.03216729685664177 0.06447826325893402
0.2400197833776474 0.1719902753829956 0.06192045658826828
0.2393055409193039 0.033999282866716385 0.06151989474892616
0.23894575238227844 0.033999811857938766 -0.061370424926280975
0.238359272480011 0.1719852238893509 -0.06129883974790573
0.25842955708503723 0.032144349068403244 -0.06473124772310257
0.2592501938343048 0.1719934046268463 -0.06511538475751877
0.264766126871109 0.03210292011499405 -0.07003401219844818
0.2648506462574005 0.17199651896953583 -0.07070308178663254
0.2681911289691925 0.17199306190013885 -0.09034077078104019
0.26861628890037537 0.033999327570199966 -0.09104828536510468
0.391110897064209 0.03399992734193802 -0.09164155274629593
0.3911907970905304 0.1719857007265091 -0.09188973158597946
0.3952341675758362 0.0321129634976387 -0.07003332674503326
0.39527779817581177 0.17199498414993286 -0.07034629583358765
0.4011678099632263 0.17199574410915375 -0.0649837926030159
0.40157046914100647 0.032144345343112946 -0.06473125517368317
0.42169883847236633 0.17198997735977173 -0.0612700879573822
0.4219668209552765 0.03399939462542534 -0.060952186584472656
0.42198869585990906 0.0339997373521328 0.06093650311231613
0.41969528794288635 0.17199043929576874 0.06200205162167549
0.4025801420211792 0.032182492315769196 0.0644780844449997
0.40047672390937805 0.17199654877185822 0.06522536277770996
0.39792031049728394 0.03200483322143555 0.06698275357484818
0.3950755298137665 0.17199474573135376 0.07091306895017624
0.39459744095802307 0.03213527426123619 0.07208426296710968
0.39155685901641846 0.17199194431304932 0.0910501554608345
0.39113959670066833 0.033998820930719376 0.09161199629306793
0.4232195317745209 0.17198733985424042 0.05967314541339874
0.2704191207885742 0.17198240756988525 0.09334486722946167
0.26222655177116394 0.03200007230043411 -0.07166945189237595
0.2565808594226837 0.03199994936585426 -0.06723985821008682
0.2384442389011383 0.03200360760092735 -0.061079517006874084
0.2445492148399353 0.03199988976120949 -0.07537785172462463
0.26887714862823486 0.03200222924351692 -0.09167176485061646
0.25473669171333313 0.03200000151991844 -0.08532451093196869
0.2496001124382019 0.031999845057725906 -0.06780292093753815
0.2622661888599396 0.032000016421079636 -0.08051536232233047
0.24783343076705933 0.0320001095533371 -0.08282772451639175
0.398252010345459 0.03200007602572441 -0.07108092308044434
0.40437811613082886 0.03200005367398262 -0.06681893020868301
0.3916764557361603 0.03200038522481918 -0.08998826891183853
0.4125799536705017 0.031999897211790085 -0.08270972222089767
0.4151401221752167 0.03199997544288635 -0.07582137733697891
0.4041984975337982 0.03200004622340202 -0.08510348200798035
0.3972586393356323 0.032000306993722916 -0.07954589277505875
0.4125463366508484 0.031999919563531876 -0.06936231255531311
0.4197596311569214 0.03200065717101097 -0.06172686070203781
0.4215557873249054 0.03200383111834526 0.06107952818274498
0.4131946265697479 0.031999919563531876 0.06941789388656616
0.41448891162872314 0.03200002387166023 0.0799814984202385
0.40197569131851196 0.03200012445449829 0.06744199246168137
0.3967953622341156 0.03199995681643486 0.07495222240686417
0.40637344121932983 0.03199988603591919 0.08555269241333008
0.3987228572368622 0.03200002759695053 0.08155554533004761
0.39112287759780884 0.032002389430999756 0.09167174249887466
0.2631700336933136 0.03200015053153038 0.07385557889938354
0.2564143240451813 0.031999990344047546 0.06691785901784897
0.2683236002922058 0.03200041130185127 0.08998821675777435
0.25155147910118103 0.032000087201595306 0.0849127322435379
0.24501942098140717 0.03199997544288635 0.07905830442905426
0.2472027838230133 0.03200008347630501 0.0694519504904747
0.2599649131298065 0.032000139355659485 0.08336614072322845
0.2510022819042206 0.17199912667274475 -0.050124865025281906
0.25959649682044983 0.17200355231761932 -0.05043109133839607
0.24841691553592682 0.1719989776611328 -0.05742198973894119
0.27427124977111816 0.17200084030628204 0.0887739434838295
0.38081735372543335 0.17200049757957458 -0.0696115642786026
0.38004830479621887 0.1719992756843567 -0.0788235068321228
0.3730687201023102 0.17200103402137756 -0.07542625814676285
0.377509206533432 0.1719997376203537 -0.085703544318676
0.37594857811927795 0.1720016598701477 0.0746106505393982
0.3815044164657593 0.17200006544589996 0.0676274299621582
0.27332600951194763 0.17199863493442535 0.08086830377578735
0.28227028250694275 0.17200033366680145 0.08637095987796783
0.2739982306957245 0.1719997674226761 -0.053630612790584564
0.384455144405365 0.17199814319610596 0.05445509031414986
0.28542956709861755 0.17200061678886414 -0.07500056177377701
0.38751813769340515 0.17199991643428802 -0.053047917783260345
0.3835882842540741 0.17199979722499847 -0.05610454082489014
0.2802843153476715 0.17199921607971191 0.07899261265993118
0.3984803855419159 0.17200016975402832 -0.05124116688966751
0.27687498927116394 0.1719999462366104 -0.05736339092254639
0.3992367088794708 0.17200033366680145 0.0509674958884716
0.2600924074649811 0.17200277745723724 0.0506967157125473
0.27895212173461914 0.17200025916099548 -0.068993479013443
0.4048355519771576 0.17200085520744324 -0.04512537270784378
0.38782593607902527 0.17199920117855072 -0.08278097957372665
0.25489556789398193 0.17198975384235382 0.043783411383628845
0.4121178388595581 0.17200040817260742 0.057366013526916504
0.4084951877593994 0.17199990153312683 0.051852576434612274
0.2868957817554474 0.17200016975402832 0.07527496665716171
0.27951356768608093 0.17200089991092682 0.07036016881465912
0.24000000953674316 0.1720000058412552 0.041449036449193954
0.41856059432029724 0.17199793457984924 0.04976062476634979
0.3831510841846466 0.17200028896331787 -0.08938724547624588
0.41768544912338257 0.171999990940094 0.056222423911094666
0.2755730450153351 0.17199824750423431 0.0544985830783844
0.40410515666007996 0.17200008034706116 0.04595255106687546
0.24000000953674316 0.1720000058412552 -0.041449036449193954
0.24452288448810577 0.17200081050395966 -0.047324731945991516
0.24056373536586761 0.17199935019016266 -0.05410432070493698
0.41323527693748474 0.17199981212615967 0.04727385193109512
0.4054246246814728 0.17200003564357758 0.04167512059211731
0.25493931770324707 0.1719997376203537 -0.043568871915340424
0.23999986052513123 0.1759471595287323 -0.010062417946755886
0.239999920129776 0.17606762051582336 0.009972342289984226
0.23999984562397003 0.2029290348291397 -0.009989564307034016
0.23999975621700287 0.20290715992450714 0.03703637793660164
0.24000008404254913 0.21514086425304413 0.038024209439754486
0.23999981582164764 0.17598699033260345 0.03693721443414688
0.23999996483325958 0.20303872227668762 0.010053278878331184
0.2399996668100357 0.1761222779750824 -0.037106189876794815
0.24000011384487152 0.20300592482089996 -0.03692855313420296
0.2400001436471939 0.2151211053133011 -0.03804923593997955
0.3995908200740814 0.24956034123897552 -0.04487532004714012
0.4008779227733612 0.25002121925354004 -0.04148704931139946
0.3959895372390747 0.24972416460514069 -0.04727339744567871
0.3850576877593994 0.24957004189491272 -0.04903386905789375
0.37909427285194397 0.24993833899497986 -0.05486856400966644
0.3768153190612793 0.2496519386768341 -0.06739258021116257
0.3716842830181122 0.2498592883348465 -0.07092979550361633
0.28335681557655334 0.24955518543720245 -0.06766471266746521
0.28808650374412537 0.25000348687171936 -0.07084828615188599
0.2809321880340576 0.24991998076438904 -0.05482220649719238
0.27514365315437317 0.24987377226352692 -0.04914802685379982
0.262984961271286 0.24992038309574127 -0.0469517819583416
0.2591480612754822 0.2501426041126251 -0.042366817593574524
0.25702640414237976 0.2181941419839859 -0.04017838463187218
0.2591448426246643 0.25011855363845825 0.04230441525578499
0.26283568143844604 0.2503626048564911 0.046860598027706146
0.25710877776145935 0.2181006819009781 0.040223512798547745
0.2754351496696472 0.24982698261737823 0.049149397760629654
0.28081050515174866 0.24970129132270813 0.05492562800645828
0.283093124628067 0.24956314265727997 0.0671708956360817
0.2877042293548584 0.24970076978206635 0.07082372158765793
0.37713634967803955 0.24995887279510498 0.06635486334562302
0.3730229139328003 0.2498171627521515 0.07073976844549179
0.37953558564186096 0.25007364153862 0.053996868431568146
0.38502880930900574 0.24987243115901947 0.04913172125816345
0.39772531390190125 0.2499457448720932 0.0466286726295948
0.40081098675727844 0.24995186924934387 0.04203738644719124
0.3200826346874237 0.21081995964050293 -0.07350791990756989
0.33990567922592163 0.21041962504386902 -0.07419168949127197
0.3256728947162628 0.2167799472808838 -0.07329995185136795
0.3354085683822632 0.21642908453941345 -0.07294169068336487
0.3204646706581116 0.2118634134531021 0.07477760314941406
0.3208257555961609 0.2126123160123825 0.07316034287214279
0.3400000035762787 0.18062739074230194 0.07500000298023224
0.326272189617157 0.21673758327960968 0.07424291968345642
0.33979111909866333 0.2106892615556717 0.07408208400011063
0.33473360538482666 0.21659305691719055 0.07293016463518143
0.3347613513469696 0.21644482016563416 0.0749986544251442
0.3205615282058716 0.21213530004024506 -0.07500321418046951
0.3343529999256134 0.21666115522384644 -0.07500790059566498
0.31363919377326965 0.2674866318702698 0.03173413500189781
0.2948393225669861 0.26750555634498596 0.008082922548055649
0.30337923765182495 0.2674848139286041 0.023929618299007416
0.31902429461479187 0.2590100169181824 0.05912630632519722
0.33167409896850586 0.26748231053352356 0.03575536608695984
0.29708123207092285 0.26748648285865784 -0.014066900126636028
0.27020612359046936 0.25902262330055237 -0.00829712487757206
0.3458634912967682 0.2674853503704071 0.03219051659107208
0.309639573097229 0.26750287413597107 -0.02976417727768421
0.3573240041732788 0.2674839198589325 0.02301667258143425
0.3339402377605438 0.2674996852874756 -0.03598691150546074
0.390571266412735 0.25902828574180603 0.006039343308657408
0.3652188181877136 0.26747778058052063 -0.006339598912745714
0.36347657442092896 0.267471045255661 0.012921526096761227
0.3588849604129791 0.2674899697303772 -0.021314067766070366
0.3520417809486389 0.26748380064964294 -0.028236480429768562
0.32533225417137146 0.25903332233428955 -0.06083483621478081
0.28677791357040405 0.2590169310569763 -0.04271657392382622
0.3640560209751129 0.25901567935943604 -0.05072065070271492
0.37255799770355225 0.25900545716285706 0.04345695674419403
0.38489484786987305 0.25900620222091675 -0.024496234953403473
0.3434578478336334 0.259002149105072 0.058961350470781326
0.2866551876068115 0.25901004672050476 0.04307251423597336
0.27189207077026367 0.2590041160583496 0.01497931033372879
0.3831501603126526 0.2589932978153229 0.0497695617377758
0.28447189927101135 0.25899356603622437 0.06937268376350403
0.28119754791259766 0.25897374749183655 0.05570582300424576
0.40076974034309387 0.2589896619319916 0.04197920486330986
0.39799219369888306 0.2589966952800751 0.04623035714030266
0.3751193881034851 0.2589941918849945 -0.06962521374225616
0.28825876116752625 0.2589866816997528 -0.07079195976257324
0.400738000869751 0.2590000033378601 -0.04013849049806595
0.3965482711791992 0.2589839696884155 -0.036638736724853516
0.3989783525466919 0.2590025067329407 -0.045748718082904816
0.25929751992225647 0.2590000331401825 0.04119008406996727
0.3786068558692932 0.2590000331401825 -0.05594240874052048
0.27720144391059875 0.25899678468704224 -0.049711573868989944
0.28129372000694275 0.2589860260486603 -0.055908508598804474
0.395351767539978 0.2590102553367615 -0.04519786313176155
0.38320526480674744 0.2589913308620453 -0.04976407438516617
0.37199750542640686 0.25899216532707214 0.07073278725147247
0.26027530431747437 0.2590022683143616 -0.045131634920835495
0.2618158757686615 0.25899991393089294 0.046080924570560455
0.2618504464626312 0.2589840888977051 0.041634224355220795
0.2835054099559784 0.2589789628982544 -0.06788069754838943
0.27693262696266174 0.2589988708496094 0.04956754669547081
0.37685200572013855 0.25896281003952026 0.06698478758335114
0.22810012102127075 0.17617769539356232 0.03708968311548233
0.22810019552707672 0.20300859212875366 0.03693519905209541
0.22810015082359314 0.1759541928768158 0.010097118094563484
0.22810009121894836 0.20292961597442627 0.009954073466360569
0.22810019552707672 0.17603924870491028 -0.009952188469469547
0.22809994220733643 0.2030341625213623 -0.010128962807357311
0.22810032963752747 0.1760018765926361 -0.03700554370880127
0.22810016572475433 0.20288096368312836 -0.03704168274998665
0.41643857955932617 0.17800240218639374 0.04747258499264717
0.417654812335968 0.1780013144016266 0.056786902248859406
0.4090825915336609 0.17800027132034302 0.050108812749385834
0.41044846177101135 0.17799989879131317 0.056400954723358154
0.2756812870502472 0.177999809384346 0.08900078386068344
0.2831229567527771 0.1780022531747818 0.0852462500333786
0.27894288301467896 0.17800049483776093 0.07896106690168381
0.27238285541534424 0.17799989879131317 0.08158798515796661
0.3865395784378052 0.1780005395412445 -0.08785880357027054
0.386646032333374 0.17799930274486542 -0.08076593279838562
0.37759459018707275 0.17800061404705048 -0.08672341704368591
0.38017067313194275 0.17799939215183258 -0.07896789163351059
0.24991977214813232 0.17800003290176392 -0.056038111448287964
0.25041791796684265 0.17800083756446838 -0.04927283152937889
0.24382100999355316 0.177999347448349 -0.04755358770489693
0.24092011153697968 0.17799997329711914 -0.05210394412279129
0.24349483847618103 0.17799922823905945 -0.05722447857260704
0.3996591866016388 0.04400003328919411 0.08274900913238525
0.3995910584926605 0.043999943882226944 0.06931646168231964
0.39681926369667053 0.04400002956390381 0.07596579939126968
0.40709003806114197 0.043999943882226944 0.06681441515684128
0.4151674509048462 0.04400000721216202 0.07285140454769135
0.41212165355682373 0.04400003328919411 0.08305147290229797
0.4055883288383484 0.04399997740983963 0.08512106537818909
0.4032309353351593 0.043999988585710526 -0.06717683374881744
0.4032377004623413 0.04400013014674187 -0.08476296812295914
0.3972058594226837 0.04399992153048515 -0.0727066695690155
0.4117025136947632 0.04400011524558067 -0.08362019062042236
0.4152640998363495 0.043999988585710526 -0.07403145730495453
0.4102615416049957 0.04400003328919411 -0.06786635518074036
0.39796918630599976 0.04400007054209709 -0.08050861209630966
0.2457851618528366 0.044000133872032166 -0.08082480728626251
0.24656516313552856 0.044000234454870224 -0.07004217803478241
0.2535857856273651 0.044000059366226196 -0.08522374927997589
0.2621590495109558 0.044000044465065 -0.08108478784561157
0.2616313099861145 0.044000107795000076 -0.07056300342082977
0.25460225343704224 0.04400006681680679 -0.06687729060649872
0.24466681480407715 0.0440000556409359 0.0767509788274765
0.2512587010860443 0.04400002583861351 0.08524949103593826
0.24743147194385529 0.04399983957409859 0.06954394280910492
0.25583210587501526 0.043999992311000824 0.06661312282085419
0.26339593529701233 0.04399999603629112 0.07463257759809494
0.2602287530899048 0.044000044465065 0.08279599249362946
0.10064507275819778 -0.19450001418590546 0.008019338361918926
0.10121819376945496 -0.19450001418590546 -0.010486830025911331
0.1003032699227333 -0.21000000834465027 -0.005760514177381992
0.1004752367734909 -0.21000000834465027 0.006754269823431969
0.1323290765285492 -0.19450001418590546 0.030488573014736176
0.13004469871520996 -0.21000000834465027 0.03033510223031044
0.1415744572877884 -0.21000000834465027 0.027970079332590103
0.1050751805305481 -0.21000000834465027 0.01702883467078209
0.14734172821044922 -0.19450001418590546 0.02494143694639206
0.10689429938793182 -0.19450001418590546 0.019430413842201233
0.152350053191185 -0.21000000834465027 0.02070147730410099
0.1149892583489418 -0.21000000834465027 0.026580672711133957
0.1575416773557663 -0.19450001418590546 0.013247177004814148
0.11618182808160782 -0.19450001418590546 0.02704560197889805
0.15879304707050323 -0.21000000834465027 0.009412706829607487
0.16031326353549957 -0.19450001418590546 -0.0012633211445063353
0.16028915345668793 -0.21000000834465027 -0.0017463095718994737
0.15686573088169098 -0.19450001418590546 -0.014320402406156063
0.1569381058216095 -0.21000000834465027 -0.01405704952776432
0.1498572826385498 -0.21000000834465027 -0.02279794216156006
0.14734172821044922 -0.19450001418590546 -0.02493099868297577
0.1401943564414978 -0.21000000834465027 -0.028595248237252235
0.13406990468502045 -0.19450001418590546 -0.030134273692965508
0.1270248293876648 -0.21000000834465027 -0.030173957347869873
0.12208841741085052 -0.19450001418590546 -0.0291361715644598
0.11421044170856476 -0.21000000834465027 -0.025906598195433617
0.11170918494462967 -0.19450001418590546 -0.024201281368732452
0.10487817972898483 -0.21000000834465027 -0.016860205680131912
0.1647927314043045 -0.2590000033378601 0.0037668119184672832
0.16451844573020935 -0.2695000171661377 0.004920339211821556
0.1640242636203766 -0.2695000171661377 -0.007137583568692207
0.16149625182151794 -0.2590000033378601 -0.01579509675502777
0.11440619081258774 -0.2590000033378601 -0.03110804595053196
0.13120664656162262 -0.2590000033378601 -0.035083696246147156
0.1288827657699585 -0.2695000171661377 -0.035083699971437454
0.1116161197423935 -0.2695000171661377 -0.029612738639116287
0.15831638872623444 -0.2695000171661377 -0.020671727135777473
0.10177302360534668 -0.2590000033378601 -0.020671753212809563
0.09859312325716019 -0.2695000171661377 -0.015795068815350533
0.14847323298454285 -0.2590000033378601 -0.02961275354027748
0.1456831991672516 -0.2695000171661377 -0.03110804222524166
0.09606514126062393 -0.2590000033378601 -0.007137692999094725
0.09529664367437363 -0.2695000171661377 0.0037667786236852407
0.09557092934846878 -0.2590000033378601 0.004920222796499729
0.10144016891717911 -0.2590000033378601 0.020219217985868454
0.10177300125360489 -0.2695000171661377 0.020682169124484062
0.11391159147024155 -0.2590000033378601 0.030864907428622246
0.11440619081258774 -0.2695000171661377 0.031118478626012802
0.12975965440273285 -0.2590000033378601 0.03503011167049408
0.1312066614627838 -0.2695000171661377 0.035094134509563446
0.14408047497272491 -0.2590000033378601 0.03176413103938103
0.15077103674411774 -0.2695000171661377 0.028342504054307938
0.1573825180530548 -0.2590000033378601 0.022174876183271408
0.16066598892211914 -0.2695000171661377 0.0163749810308218
0.127188041806221 -0.210052028298378 0.0571674220263958
0.1187172383069992 -0.21037596464157104 -0.05817971006035805
0.09424233436584473 -0.21007481217384338 0.046800944954156876
0.18442019820213318 -0.21043376624584198 -0.027488259598612785
0.19135034084320068 -0.21049900352954865 0.002731198212131858
0.05829545482993126 -0.21035286784172058 -0.008481028489768505
0.06789984554052353 -0.21026967465877533 0.015402553603053093
0.16602732241153717 -0.21007925271987915 -0.0464535653591156
0.09999056905508041 -0.2100210338830948 -0.05050304904580116
0.17446471750736237 -0.210062637925148 0.04019618406891823
0.15194876492023468 -0.21042992174625397 0.05552670732140541
0.06755875051021576 -0.21009561419487 -0.022466612979769707
0.1910001039505005 -0.258613646030426 0.008213924244046211
0.18709540367126465 -0.25842124223709106 -0.022186724469065666
0.11560654640197754 -0.25889143347740173 -0.05771038308739662
0.10926549136638641 -0.2588857412338257 0.054692212492227554
0.07972747087478638 -0.25888320803642273 0.033934179693460464
0.17152509093284607 -0.25866517424583435 -0.04362272843718529
0.06325792521238327 -0.2588038742542267 -0.024311665445566177
0.06441352516412735 -0.25930753350257874 -0.01828683726489544
0.06212775781750679 -0.2591445744037628 0.0029771807603538036
0.07103843241930008 -0.2585722506046295 0.025274483487010002
0.1452573537826538 -0.2589636445045471 0.05633445084095001
0.15254421532154083 -0.25888457894325256 -0.05405576154589653
0.18112687766551971 -0.2586321532726288 0.033876486122608185
-0.24354183673858643 -0.24849067628383636 -0.03392242640256882
-0.24360689520835876 -0.2479957789182663 -0.03336541727185249
-0.24366900324821472 -0.2474735677242279 -0.03283362090587616
-0.2438361942768097 -0.24575616419315338 -0.031402282416820526
-0.24372802674770355 -0.24692530930042267 -0.032328370958566666
-0.24378380179405212 -0.24635235965251923 -0.03185083344578743
-0.24393031001091003 -0.24450001120567322 -0.030596498399972916
-0.2438850700855255 -0.24513821303844452 -0.030983828008174896
-0.24325552582740784 -0.25017333030700684 -0.03637377917766571
-0.2433306723833084 -0.24979937076568604 -0.03573041036725044
-0.24340353906154633 -0.24939359724521637 -0.03510638698935509
-0.24347399175167084 -0.24895699322223663 -0.034503236413002014
-0.24400945007801056 -0.24316932260990143 -0.029918884858489037
-0.2439718097448349 -0.2438431680202484 -0.030241211876273155
-0.24309922754764557 -0.25082215666770935 -0.0377119779586792
-0.24317830801010132 -0.25051453709602356 -0.03703485429286957
-0.24301844835281372 -0.25109538435935974 -0.038403503596782684
-0.244072824716568 -0.24177731573581696 -0.02937622182071209
-0.24404315650463104 -0.24248012900352478 -0.029630310833454132
-0.24285267293453217 -0.25153616070747375 -0.03982275724411011
-0.24293619394302368 -0.2513335943222046 -0.03910766914486885
-0.2441370040178299 -0.23960472643375397 -0.02882678434252739
-0.24409839510917664 -0.24106261134147644 -0.029157288372516632
-0.2441198229789734 -0.2403378188610077 -0.028973938897252083
-0.24268263578414917 -0.2518324851989746 -0.04127862676978111
-0.2427680790424347 -0.25170260667800903 -0.040546998381614685
-0.2441585808992386 -0.23812097311019897 -0.028642091900110245
-0.24414993822574615 -0.23886516690254211 -0.028716064989566803
-0.244162917137146 -0.2373739778995514 -0.028605042025446892
-0.244162917137146 -0.2366260439157486 -0.028605042025446892
-0.24233652651309967 -0.25198137760162354 -0.044241763651371
-0.24242328107357025 -0.25200000405311584 -0.04349914938211441
-0.24251002073287964 -0.25198137760162354 -0.042756471782922745
-0.24259653687477112 -0.2519254684448242 -0.0420156866312027
-0.2441585808992386 -0.235879048705101 -0.028642091900110245
-0.2422500103712082 -0.2519254684448242 -0.04498254507780075
-0.2441370040178299 -0.23439529538154602 -0.02882678434252739
-0.24414993822574615 -0.23513485491275787 -0.028716064989566803
-0.24207846820354462 -0.25170260667800903 -0.04645123332738876
-0.24216392636299133 -0.2518324851989746 -0.04571966826915741
-0.2441198229789734 -0.2336622029542923 -0.028973938897252083
-0.24191035330295563 -0.2513335943222046 -0.04789062589406967
-0.24199387431144714 -0.25153616070747375 -0.047175537794828415
-0.244072824716568 -0.23222270607948303 -0.02937622182071209
-0.24409839510917664 -0.23293741047382355 -0.029157288372516632
-0.24174731969833374 -0.25082215666770935 -0.04928631708025932
-0.2418280988931656 -0.25109538435935974 -0.04859479144215584
-0.2415158748626709 -0.24979937076568604 -0.05126788467168808
-0.24159103631973267 -0.25017333030700684 -0.05062451586127281
-0.241668239235878 -0.25051453709602356 -0.049963440746068954
-0.2438850700855255 -0.22886180877685547 -0.030983828008174896
-0.24400945007801056 -0.23083069920539856 -0.029918884858489037
-0.24395246803760529 -0.22983092069625854 -0.0304070133715868
-0.24137255549430847 -0.24895699322223663 -0.05249505862593651
-0.24144300818443298 -0.24939359724521637 -0.051891908049583435
-0.24378380179405212 -0.22764767706394196 -0.03185083344578743
-0.2438361942768097 -0.2282438576221466 -0.031402282416820526
-0.24130471050739288 -0.24849067628383636 -0.053075868636369705
-0.24404315650463104 -0.2315198928117752 -0.029630310833454132
-0.24372802674770355 -0.22707471251487732 -0.032328370958566666
-0.24360689520835876 -0.2260042428970337 -0.03336541727185249
-0.24366900324821472 -0.22652645409107208 -0.03283362090587616
-0.24111852049827576 -0.24692530930042267 -0.05466992408037186
-0.2411775439977646 -0.2474735677242279 -0.05416461452841759
-0.24123965203762054 -0.2479957789182663 -0.053632814437150955
-0.24354183673858643 -0.22550934553146362 -0.03392242640256882
-0.24340353906154633 -0.22460642457008362 -0.03510638698935509
-0.24347399175167084 -0.22504302859306335 -0.034503236413002014
-0.2409614771604538 -0.24513821303844452 -0.056014467030763626
-0.24101035296916962 -0.24575616419315338 -0.05559594929218292
-0.24106276035308838 -0.24635235965251923 -0.05514740198850632
-0.2433306723833084 -0.22420065104961395 -0.03573041036725044
-0.24083709716796875 -0.24316932260990143 -0.05707940831780434
-0.24089163541793823 -0.24412930011749268 -0.05661245435476303
-0.24301844835281372 -0.22290462255477905 -0.038403503596782684
-0.24317830801010132 -0.22348548471927643 -0.03703485429286957
-0.24309922754764557 -0.22317786514759064 -0.0377119779586792
-0.24293619394302368 -0.2226664274930954 -0.03910766914486885
-0.24077370762825012 -0.24177731573581696 -0.057622071355581284
-0.24080339074134827 -0.24248012900352478 -0.05736798420548439
-0.24325552582740784 -0.22382669150829315 -0.03637377917766571
-0.24285267293453217 -0.22246384620666504 -0.03982275724411011
-0.24074813723564148 -0.24106261134147644 -0.05784100666642189
-0.24069660902023315 -0.23886516690254211 -0.05828223004937172
-0.2427680790424347 -0.22229741513729095 -0.040546998381614685
-0.24268263578414917 -0.22216755151748657 -0.04127862676978111
-0.24070952832698822 -0.23960472643375397 -0.05817151069641113
-0.24072672426700592 -0.2403378188610077 -0.058024294674396515
-0.24259653687477112 -0.22207455337047577 -0.0420156866312027
-0.2406836301088333 -0.2373739778995514 -0.05839325115084648
-0.24068796634674072 -0.23812097311019897 -0.05835620313882828
-0.24242328107357025 -0.22200001776218414 -0.04349914938211441
-0.24251002073287964 -0.22201865911483765 -0.042756471782922745
-0.24068796634674072 -0.235879048705101 -0.05835620313882828
-0.2406836301088333 -0.2366260439157486 -0.05839325115084648
-0.2422500103712082 -0.22207455337047577 -0.04498254507780075
-0.24233652651309967 -0.22201865911483765 -0.044241763651371
-0.24207846820354462 -0.22229741513729095 -0.04645123332738876
-0.24216392636299133 -0.22216755151748657 -0.04571966826915741
-0.24072672426700592 -0.2336622029542923 -0.058024294674396515
-0.24070952832698822 -0.23439529538154602 -0.05817151069641113
-0.24069660902023315 -0.23513485491275787 -0.05828223004937172
-0.24191035330295563 -0.2226664274930954 -0.04789062589406967
-0.24199387431144714 -0.22246384620666504 -0.047175537794828415
-0.24080339074134827 -0.2315198928117752 -0.05736798420548439
-0.24077370762825012 -0.23222270607948303 -0.057622071355581284
-0.24074813723564148 -0.23293741047382355 -0.05784100666642189
-0.2408747375011444 -0.23015685379505157 -0.05675708130002022
-0.24083709716796875 -0.23083069920539856 -0.05707940831780434
-0.24159103631973267 -0.22382669150829315 -0.05062451586127281
-0.2418280988931656 -0.22290462255477905 -0.04859479144215584
-0.24174731969833374 -0.22317786514759064 -0.04928631708025932
-0.241668239235878 -0.22348548471927643 -0.049963440746068954
-0.2409614771604538 -0.22886180877685547 -0.056014467030763626
-0.24091623723506927 -0.22950001060962677 -0.05640179663896561
-0.24144300818443298 -0.22460642457008362 -0.051891908049583435
-0.2415158748626709 -0.22420065104961395 -0.05126788467168808
-0.24137255549430847 -0.22504302859306335 -0.05249505862593651
-0.24111852049827576 -0.22707471251487732 -0.05466992408037186
-0.24106276035308838 -0.22764767706394196 -0.05514740198850632
-0.24101035296916962 -0.2282438576221466 -0.05559594929218292
-0.24123965203762054 -0.2260042428970337 -0.053632814437150955
-0.24130471050739288 -0.22550934553146362 -0.053075868636369705
-0.2411775439977646 -0.22652645409107208 -0.05416461452841759
0.04243684187531471 -0.2364477813243866 -0.025713708251714706
0.04194766283035278 -0.24759426712989807 -0.021525533869862556
0.04017987847328186 -0.25164923071861267 -0.006390454713255167
0.039450157433748245 -0.24797667562961578 -0.00014285053475759923
0.0410270020365715 -0.2517472207546234 -0.013643201440572739
0.03892655298113823 -0.24074329435825348 0.004340056795626879
0.038991495966911316 -0.23220837116241455 0.003784031141549349
0.03944762796163559 -0.2258729785680771 -0.00012119126768084243
0.040553849190473557 -0.22163160145282745 -0.009592236950993538
0.04185620695352554 -0.22563213109970093 -0.020742541179060936
0.10094919055700302 -0.2113976627588272 -0.05290478095412254
0.0783274695277214 -0.21084336936473846 -0.034986577928066254
0.05916796252131462 -0.21109868586063385 -0.0005864570266567171
0.06085764989256859 -0.21226143836975098 -0.01865595392882824
0.08831986039876938 -0.21068036556243896 0.04340825602412224
0.0435490645468235 -0.2357538789510727 -0.03523614630103111
0.043552666902542114 -0.2370000183582306 -0.03526702895760536
0.041297756135463715 -0.26137322187423706 -0.015961304306983948
0.041437894105911255 -0.26106563210487366 -0.017161132767796516
0.03784177824854851 -0.2308310866355896 0.013627483509480953
0.037809595465660095 -0.23204635083675385 0.013903016224503517
0.04072468355298042 -0.2120077759027481 -0.011054870672523975
0.04086911678314209 -0.21206991374492645 -0.012291443534195423
0.0415760837495327 -0.26069819927215576 -0.01834423840045929
0.043538257479667664 -0.23451080918312073 -0.035143617540597916
0.03788094222545624 -0.22963112592697144 0.013292175717651844
0.04171197488903999 -0.2602718770503998 -0.019507691264152527
0.04101300984621048 -0.21219402551651 -0.013523438014090061
0.04352027550339699 -0.2332739531993866 -0.03498968854546547
0.037926994264125824 -0.2284495085477829 0.012897889129817486
0.041845232248306274 -0.2597876787185669 -0.020648561418056488
0.04115600883960724 -0.2123798131942749 -0.0147477425634861
0.03797983005642891 -0.2272891402244568 0.012445556931197643
0.043495163321495056 -0.23204635083675385 -0.03477466106414795
0.04197552427649498 -0.2592467963695526 -0.021764099597930908
0.03803930804133415 -0.2261529117822647 0.011936279945075512
0.041297756135463715 -0.21262681484222412 -0.015961304306983948
0.04210252687335014 -0.25865066051483154 -0.02285144105553627
0.03810526430606842 -0.22504393756389618 0.011371590197086334
0.04346298426389694 -0.2308310866355896 -0.0344991460442543
0.0422259196639061 -0.2580006420612335 -0.023907899856567383
0.041437894105911255 -0.21293440461158752 -0.017161132767796516
0.03817758709192276 -0.2239641398191452 0.010752380825579166
0.04342382028698921 -0.22963112592697144 -0.03416382148861885
0.042345404624938965 -0.25729846954345703 -0.024930909276008606
0.038256045430898666 -0.22291700541973114 0.010080688633024693
0.0415760837495327 -0.21330182254314423 -0.01834423840045929
0.04246068000793457 -0.2565457820892334 -0.02591784857213497
0.04337776079773903 -0.2284495085477829 -0.03376953303813934
0.03834046423435211 -0.2219049036502838 0.009357910603284836
0.04257145896553993 -0.2557445466518402 -0.02686627395451069
0.04171197488903999 -0.2137281596660614 -0.019507691264152527
0.038430627435445786 -0.2209303230047226 0.00858599878847599
0.043324925005435944 -0.2272891402244568 -0.0333172008395195
0.03852631524205208 -0.21999569237232208 0.007766724098473787
0.041845232248306274 -0.21421237289905548 -0.020648561418056488
0.04267746955156326 -0.2548966705799103 -0.027773866429924965
0.043265450745821 -0.2261529117822647 -0.032807983458042145
0.03862728923559189 -0.21910333633422852 0.00690222205594182
0.04197552427649498 -0.21475321054458618 -0.021764099597930908
0.042778439819812775 -0.2540043294429779 -0.028638368472456932
0.03873329609632492 -0.21825547516345978 0.005994629114866257
0.03852631524205208 -0.2540043294429779 0.007766724098473787
0.03862728923559189 -0.2548966705799103 0.00690222205594182
0.04319947585463524 -0.2250436693429947 -0.03224310278892517
0.04210253804922104 -0.21534943580627441 -0.02285148575901985
0.04287412762641907 -0.2530696988105774 -0.029457643628120422
0.04312716796994209 -0.2239641398191452 -0.03162408620119095
0.0422259196639061 -0.21599936485290527 -0.023907899856567383
0.03884407505393028 -0.2174542248249054 0.005046142730861902
0.043048713356256485 -0.22291700541973114 -0.03095233254134655
0.03873329609632492 -0.2557445466518402 0.005994629114866257
0.038430627435445786 -0.2530696988105774 0.00858599878847599
0.042345404624938965 -0.21670156717300415 -0.024930909276008606
0.04296429827809334 -0.25209513306617737 -0.030229555442929268
0.04296429827809334 -0.2219049036502838 -0.030229555442929268
0.04246068000793457 -0.2174542248249054 -0.02591784857213497
0.038959354162216187 -0.21670156717300415 0.004059204366058111
0.04287412762641907 -0.2209303230047226 -0.029457643628120422
0.04257145896553993 -0.21825547516345978 -0.02686627395451069
0.03884407505393028 -0.2565457820892334 0.005046142730861902
0.043048713356256485 -0.25108301639556885 -0.03095233254134655
0.042778439819812775 -0.21999569237232208 -0.028638368472456932
0.03834046423435211 -0.25209513306617737 0.009357910603284836
0.04267746955156326 -0.21910333633422852 -0.027773866429924965
0.039078835397958755 -0.21599936485290527 0.0030362550169229507
0.04312716796994209 -0.2500358819961548 -0.03162408620119095
0.038959354162216187 -0.25729846954345703 0.004059204366058111
0.039202235639095306 -0.21534937620162964 0.0019797973800450563
0.038256045430898666 -0.25108301639556885 0.010080688633024693
0.04319947585463524 -0.2489563524723053 -0.03224310278892517
0.03932923823595047 -0.21475321054458618 0.0008924560970626771
0.039078835397958755 -0.2580006420612335 0.0030362550169229507
0.03817758709192276 -0.2500358819961548 0.010752380825579166
0.043265450745821 -0.24784711003303528 -0.032807983458042145
0.03945952653884888 -0.21421237289905548 -0.0002230835088994354
0.039202235639095306 -0.25865066051483154 0.0019797973800450563
0.038105279207229614 -0.2489563524723053 0.011371460743248463
0.043324925005435944 -0.2467108815908432 -0.0333172008395195
0.03932923823595047 -0.2592467963695526 0.0008924560970626771
0.03959278389811516 -0.2137281596660614 -0.0013639526441693306
0.03803930804133415 -0.24784711003303528 0.011936279945075512
0.04337776079773903 -0.2455505132675171 -0.03376953303813934
0.03945952653884888 -0.2597876787185669 -0.0002230835088994354
0.03797983005642891 -0.2467108815908432 0.012445556931197643
0.03972867503762245 -0.21330182254314423 -0.002527404809370637
0.03959278389811516 -0.2602718770503998 -0.0013639526441693306
0.04342382028698921 -0.24436889588832855 -0.03416382148861885
0.037926994264125824 -0.2455505132675171 0.012897889129817486
0.0398668609559536 -0.21293440461158752 -0.00371051044203341
0.03972867503762245 -0.26069819927215576 -0.002527404809370637
0.03788094222545624 -0.24436889588832855 0.013292175717651844
0.04346299171447754 -0.24316880106925964 -0.0344991609454155
0.0398668609559536 -0.26106563210487366 -0.00371051044203341
0.04000700265169144 -0.21262681484222412 -0.00491033960133791
0.03784177079796791 -0.2431689351797104 0.01362750306725502
0.04000700265169144 -0.26137322187423706 -0.00491033960133791
0.037809595465660095 -0.24195367097854614 0.013903016224503517
0.043495163321495056 -0.24195367097854614 -0.03477466106414795
0.04014874994754791 -0.2616202235221863 -0.006123962812125683
0.03778448328375816 -0.2407260686159134 0.014118042774498463
0.04014874994754791 -0.2123798131942749 -0.006123962812125683
0.04029174521565437 -0.2618059813976288 -0.007348205894231796
0.03776650130748749 -0.23948921263217926 0.014271973632276058
0.04043564200401306 -0.26193010807037354 -0.008580200374126434
0.04352027550339699 -0.2407260686159134 -0.03498968854546547
0.03775569424033165 -0.2382461577653885 0.014364502392709255
0.04058007150888443 -0.2619922161102295 -0.009816773235797882
0.03775208815932274 -0.2370000183582306 0.014395385980606079
0.04029174521565437 -0.21219402551651 -0.007348205894231796
0.04072468355298042 -0.2619922161102295 -0.011054870672523975
0.043538257479667664 -0.23948921263217926 -0.035143617540597916
0.04043564200401306 -0.21206991374492645 -0.008580200374126434
0.04086911678314209 -0.26193010807037354 -0.012291443534195423
0.03775569424033165 -0.2357538789510727 0.014364502392709255
0.0435490645468235 -0.2382461577653885 -0.03523614630103111
0.04101300984621048 -0.2618059813976288 -0.013523438014090061
0.03776650130748749 -0.23451080918312073 0.014271973632276058
0.04058007150888443 -0.2120077759027481 -0.009816773235797882
0.04115600883960724 -0.2616202235221863 -0.0147477425634861
0.03778448328375816 -0.2332739531993866 0.014118042774498463
0.053148820996284485 -0.21635663509368896 0.005573284812271595
0.05918474867939949 -0.21564771234989166 0.008796374313533306
0.057745859026908875 -0.22685997188091278 0.017049839720129967
0.05265040323138237 -0.22399210929870605 0.0129958251491189
0.06329785287380219 -0.2184685617685318 -0.02775271050632
0.0635572224855423 -0.22788946330547333 -0.033458106219768524
0.057229768484830856 -0.21994030475616455 -0.027503488585352898
0.07253585010766983 -0.21962879598140717 0.029713202267885208
0.1353708952665329 -0.21164053678512573 0.05915633216500282
0.11406319588422775 -0.21162094175815582 0.05688917636871338
0.07826157659292221 -0.22079235315322876 -0.04073821008205414
0.05482988804578781 -0.26192864775657654 -0.005019531585276127
0.05252251774072647 -0.23190635442733765 0.015966806560754776
0.05367954820394516 -0.2583898603916168 0.004283537156879902
0.052933335304260254 -0.2529333829879761 0.010724455118179321
0.05257710814476013 -0.24392837285995483 0.015297528356313705
0.05480184778571129 -0.21211476624011993 -0.004267953336238861
0.05636152625083923 -0.21248379349708557 -0.01508349645882845
0.05745727941393852 -0.22413931787014008 -0.030186040326952934
0.05856193229556084 -0.23469166457653046 -0.033755816519260406
0.058225151151418686 -0.24488414824008942 -0.03263022378087044
0.05708633363246918 -0.2559458613395691 -0.025387102738022804
0.05618320778012276 -0.2613864839076996 -0.015089099295437336
0.060510989278554916 -0.23289260268211365 -0.03462131693959236
0.06409811228513718 -0.24119268357753754 -0.03457265347242355
0.05432872101664543 -0.24043074250221252 0.01805037632584572
0.05763161927461624 -0.24289098381996155 0.018143024295568466
0.10091407597064972 -0.21175837516784668 0.05224540829658508
0.16832420229911804 -0.2116345763206482 0.04754485934972763
0.18107767403125763 -0.21176795661449432 0.034067049622535706
0.1881912797689438 -0.21098116040229797 0.020269405096769333
0.11273471266031265 -0.23698550462722778 0.058108557015657425
0.13935305178165436 -0.23729565739631653 0.0605803020298481
0.16212669014930725 -0.2115069478750229 -0.05066760629415512
0.1469430923461914 -0.21099601686000824 -0.05653327330946922
0.18943805992603302 -0.21078631281852722 -0.015208463184535503
0.1753007471561432 -0.211656853556633 -0.04030214622616768
0.1744784414768219 -0.23692107200622559 -0.043690863996744156
0.12576428055763245 -0.2121511548757553 -0.059256333857774734
0.059693872928619385 -0.25299888849258423 -0.029518259689211845
0.06386753916740417 -0.2502097189426422 -0.03157595917582512
0.05924665555357933 -0.2608850300312042 -0.02040233090519905
0.05669139698147774 -0.26135456562042236 0.002697963500395417
0.058332499116659164 -0.2633402645587921 -0.009701592847704887
0.05924563482403755 -0.2582857608795166 0.008929811418056488
0.05815425515174866 -0.2511194348335266 0.01474683452397585
0.09462206810712814 -0.236904576420784 0.05056535825133324
0.16001549363136292 -0.23699991405010223 0.05409890040755272
0.1745373010635376 -0.23700004816055298 0.04407026246190071
0.18532617390155792 -0.2370000183582306 0.030045678839087486
0.19154521822929382 -0.23699994385242462 0.014611762948334217
0.19311505556106567 -0.23721818625926971 -0.003235161304473877
0.18865720927715302 -0.23700004816055298 -0.023111725226044655
0.15173295140266418 -0.2366708368062973 -0.057158295065164566
0.12643781304359436 -0.23713387548923492 -0.060513969510793686
0.1072421744465828 -0.236912801861763 -0.057362109422683716
0.07892868667840958 -0.2569023370742798 0.03551622852683067
0.09318622201681137 -0.25783273577690125 0.04775914177298546
0.10950411856174469 -0.25672921538352966 0.05631808191537857
0.1298384964466095 -0.257655531167984 0.059060245752334595
0.188198059797287 -0.2574201226234436 0.021195031702518463
0.16048778593540192 -0.25793778896331787 0.05249236896634102
0.17385748028755188 -0.25762495398521423 0.04276706650853157
0.1427203267812729 -0.2572799026966095 0.058578990399837494
0.18015271425247192 -0.25677549839019775 -0.03535223379731178
0.19164788722991943 -0.25729238986968994 -0.0069106025621294975
0.16017484664916992 -0.25719961524009705 -0.052085936069488525
0.14617739617824554 -0.25710153579711914 -0.05716255307197571
0.1268010437488556 -0.25711455941200256 -0.059418369084596634
0.10855473577976227 -0.2576329708099365 -0.056458134204149246
0.08742470294237137 -0.25790348649024963 -0.0453440323472023
0.07445389777421951 -0.25843730568885803 -0.0347304530441761
0.11648678779602051 -0.27950000762939453 -0.024335553869605064
0.10226611793041229 -0.27950000762939453 0.0016146270791068673
0.10538467019796371 -0.27950000762939453 -0.013140114955604076
0.12977682054042816 -0.27950000762939453 -0.02772056683897972
0.11285583674907684 -0.27950000762939453 0.021864622831344604
0.14053328335285187 -0.27950000762939453 -0.025544388219714165
0.15072350203990936 -0.27950000762939453 -0.01858552172780037
0.10550795495510101 -0.27950000762939453 0.012806201353669167
0.12882867455482483 -0.27950000762939453 0.02811555750668049
0.15803790092468262 -0.27950000762939453 -0.0023279706947505474
0.1549573391675949 -0.27950000762939453 0.011787205003201962
0.14707428216934204 -0.27950000762939453 0.022166863083839417
0.15573930740356445 -0.2695000171661377 -0.011355104856193066
0.15739323198795319 -0.2695000171661377 0.003657423658296466
0.11877981573343277 -0.2695000171661377 -0.025408776476979256
0.13091060519218445 -0.2695000171661377 -0.02765817381441593
0.10618368536233902 -0.2695000171661377 -0.014818481169641018
0.14351323246955872 -0.2695000171661377 -0.024335552006959915
0.10224367678165436 -0.2695000171661377 0.0011650680098682642
0.10530924797058105 -0.2695000171661377 0.01241860818117857
0.11301008611917496 -0.2695000171661377 0.022060031071305275
0.129070445895195 -0.2695000171661377 0.02804250828921795
0.14426663517951965 -0.2695000171661377 0.02377963811159134
0.15358680486679077 -0.2695000171661377 0.014682437293231487
-0.21604065597057343 0.057240087538957596 0.08761866390705109
-0.2210700958967209 0.0625736266374588 0.08760512620210648
-0.22046920657157898 0.06030978634953499 0.08512510359287262
-0.2107187807559967 0.06055048853158951 0.0876067504286766
-0.21502521634101868 0.05718802288174629 0.08510427922010422
-0.2133786380290985 0.06791666895151138 0.08760024607181549
-0.21757890284061432 0.0679854080080986 0.08510172367095947
-0.10977029800415039 0.036041222512722015 0.08760587871074677
-0.11791083961725235 0.03847111389040947 0.08760858327150345
-0.11462368816137314 0.03585413098335266 0.0851019024848938
-0.1133095845580101 0.04603774473071098 0.08759775757789612
-0.11791223287582397 0.041907671838998795 0.08510317653417587
-0.10744450241327286 0.04206408932805061 0.08759158849716187
-0.10900501906871796 0.03657848760485649 0.08509674668312073
-0.11156989634037018 0.045795243233442307 0.0851043313741684
-0.12974412739276886 -0.0654798299074173 0.08762252330780029
-0.13874539732933044 -0.06580021977424622 0.08762118220329285
-0.13709649443626404 -0.06729653477668762 0.08509407192468643
-0.13827922940254211 -0.05905669555068016 0.08760736137628555
-0.1324031502008438 -0.057483475655317307 0.0876048356294632
-0.1320512443780899 -0.05725754424929619 0.08509255200624466
-0.2428990602493286 -0.04007650166749954 0.08758653700351715
-0.2429284155368805 -0.040833599865436554 0.08509915322065353
-0.2387925684452057 -0.04576313495635986 0.08759815245866776
-0.23171477019786835 -0.04099611937999725 0.08760601282119751
-0.23769955337047577 -0.04590873420238495 0.08510368317365646
-0.2378997951745987 -0.03521866723895073 0.08759701251983643
-0.2696935534477234 0.08119078725576401 -0.12590013444423676
-0.2552122473716736 0.09489215910434723 -0.1259000450372696
-0.25590023398399353 0.0944448709487915 -0.13790002465248108
-0.2695867419242859 0.08021649718284607 -0.1378999948501587
-0.26916036009788513 0.059504829347133636 -0.12590135633945465
-0.2695409953594208 -0.08031081408262253 -0.13790000975131989
-0.2698686420917511 -0.0803171694278717 -0.1259002834558487
-0.269821435213089 -0.05733170360326767 -0.12590870261192322
-0.256190687417984 -0.09469353407621384 -0.12590013444423676
-0.25585296750068665 -0.09443166106939316 -0.13790002465248108
-0.23113514482975006 -0.09489782899618149 -0.12460975348949432
-0.09414041042327881 -0.09447871893644333 -0.13790000975131989
-0.09478675574064255 -0.0948917493224144 -0.1259000450372696
-0.11520782113075256 -0.09428141266107559 -0.1258976310491562
-0.0803065150976181 -0.08119085431098938 -0.12590013444423676
-0.08044109493494034 -0.08026312291622162 -0.1378999948501587
-0.08075449615716934 0.0596754215657711 -0.1259032040834427
-0.08052130043506622 0.08085960894823074 -0.13790000975131989
-0.08010827004909515 0.0802132785320282 -0.1259000450372696
-0.08006646484136581 -0.056412581354379654 -0.12590527534484863
-0.09380912035703659 0.09469347447156906 -0.12590013444423676
-0.0947834923863411 0.09458671510219574 -0.1378999948501587
-0.2311924248933792 0.09490235149860382 -0.12408260256052017
-0.11778033524751663 0.09481357783079147 -0.12590442597866058
-0.23304878175258636 0.09457168728113174 -0.0019104013917967677
-0.11892030388116837 0.0948995053768158 -0.12390018999576569
-0.1177116185426712 0.09476727992296219 -0.001911334926262498
-0.08004903048276901 0.05551997572183609 -0.12390007078647614
-0.08019588142633438 0.0571662113070488 -0.0019061146304011345
-0.08043067902326584 -0.05779504030942917 -0.12389924377202988
-0.0802331194281578 -0.0573212094604969 -0.0019102904479950666
-0.11776982992887497 -0.09469352662563324 -0.12389945983886719
-0.11927401274442673 -0.0950460433959961 -0.0019035603618249297
-0.23278047144412994 -0.09463227540254593 -0.0019128144485875964
-0.2697734832763672 -0.05681563541293144 -0.1239001527428627
-0.2698345482349396 -0.057022903114557266 -0.0019065843662247062
-0.26959481835365295 0.05768919363617897 -0.12390010803937912
-0.2698806822299957 0.05675629526376724 -0.0019102274673059583
-0.2664930522441864 0.06135451793670654 -0.0019129785941913724
-0.24572135508060455 0.06513974815607071 -0.0019054742297157645
-0.26514139771461487 0.06169889494776726 -0.12390001118183136
-0.24525097012519836 0.0652850791811943 -0.12589648365974426
-0.24011310935020447 0.07077626883983612 -0.0019049006514251232
-0.2398671805858612 0.07106272131204605 -0.12577037513256073
-0.23695220053195953 0.08987854421138763 -0.0019073567818850279
-0.23621317744255066 0.09144856035709381 -0.1239011213183403
-0.1138840764760971 0.09163209795951843 -0.12390025705099106
-0.11328694969415665 0.09063185751438141 -0.0019124860409647226
-0.1103421002626419 0.07182864844799042 -0.12574270367622375
-0.1102665439248085 0.07201698422431946 -0.0019068162655457854
-0.10739395767450333 0.06744284182786942 -0.0019055632874369621
-0.10560590773820877 0.06566961109638214 -0.1258978545665741
-0.10261755436658859 0.0646437555551529 -0.001903533237054944
-0.0829363763332367 0.06101325899362564 -0.12390017509460449
-0.08417993038892746 0.061645541340112686 -0.0019064919324591756
-0.08439052850008011 -0.06171911209821701 -0.0019109926652163267
-0.10405784845352173 -0.06506790220737457 -0.001903188182041049
-0.08501288294792175 -0.061735715717077255 -0.12390084564685822
-0.1050403043627739 -0.06541547179222107 -0.1258942186832428
-0.10973766446113586 -0.07039009779691696 -0.0019054121803492308
-0.1101842001080513 -0.0712536871433258 -0.12577088177204132
-0.11308066546916962 -0.09000220894813538 -0.0019045635126531124
-0.11342442035675049 -0.0905318409204483 -0.1239003986120224
-0.23601563274860382 -0.09183426946401596 -0.12390034645795822
-0.23668420314788818 -0.09071037918329239 -0.0019145772093906999
-0.23986729979515076 -0.07106278091669083 -0.12577801942825317
-0.23994068801403046 -0.0713324099779129 -0.001904021599330008
-0.2451794147491455 -0.06533598899841309 -0.001904807286337018
-0.24525095522403717 -0.0652850866317749 -0.12589648365974426
-0.26593029499053955 -0.06146829575300217 -0.12390032410621643
-0.2659647464752197 -0.06157706305384636 -0.0019079650519415736
-0.11527406424283981 -0.09325867891311646 -0.001910971011966467
-0.10799010097980499 0.07366988807916641 -0.12589994072914124
-0.10311906039714813 0.06773103773593903 -0.1259000152349472
-0.11332356929779053 0.08998817205429077 -0.1258995234966278
-0.100357785820961 0.08528732508420944 -0.12589994072914124
-0.08994265645742416 0.07470731437206268 -0.1259000599384308
-0.0941070020198822 0.06780439615249634 -0.12589989602565765
-0.10674615949392319 0.08091194927692413 -0.1259000301361084
-0.09177586436271667 0.08214510232210159 -0.12590007483959198
-0.1060330793261528 -0.0692201554775238 -0.12589994072914124
-0.08406765013933182 -0.061411693692207336 -0.12589912116527557
-0.10760928690433502 -0.07947283983230591 -0.12589998543262482
-0.09278132021427155 -0.08303888887166977 -0.12590008974075317
-0.10146898031234741 -0.08503245562314987 -0.12590007483959198
-0.08972544968128204 -0.07571987807750702 -0.12590007483959198
-0.09417323768138885 -0.06785037368535995 -0.12590008974075317
-0.24683786928653717 -0.084153912961483 -0.12589995563030243
-0.25569212436676025 -0.08438035845756531 -0.12589991092681885
-0.23631800711154938 -0.09096711874008179 -0.12589740753173828
-0.24231411516666412 -0.07913980633020401 -0.12589994072914124
-0.2433968186378479 -0.07038135081529617 -0.12589989602565765
-0.25085434317588806 -0.06683476269245148 -0.12589995563030243
-0.26031532883644104 -0.07570667564868927 -0.12590007483959198
-0.2571260333061218 -0.0690983310341835 -0.125900000333786
-0.2647596001625061 -0.06172685697674751 -0.12589925527572632
-0.2485651969909668 0.06663917005062103 -0.12589995563030243
-0.24247527122497559 0.07277258485555649 -0.12589998543262482
-0.23612289130687714 0.09167175740003586 -0.12589794397354126
-0.2490500509738922 0.08519072830677032 -0.1259000301361084
-0.24246211349964142 0.07965730875730515 -0.1259000301361084
-0.2591928541660309 0.08102709800004959 -0.1259000152349472
-0.2584906220436096 0.0703127533197403 -0.12590008974075317
-0.20512932538986206 0.04030749946832657 -0.1378999948501587
-0.21840324997901917 0.02546769194304943 -0.1378999948501587
-0.13403108716011047 0.02922491356730461 -0.1378999948501587
-0.14857147634029388 0.04282599687576294 -0.1378999948501587
-0.16504503786563873 -0.04933037608861923 -0.1378999948501587
-0.14669319987297058 -0.041609011590480804 -0.1378999948501587
-0.22435098886489868 0.009077542461454868 -0.1378999948501587
-0.12590345740318298 0.011049414984881878 -0.1378999948501587
-0.22459283471107483 -0.008691269904375076 -0.13790000975131989
-0.18492229282855988 -0.04933464154601097 -0.1378999799489975
-0.16724863648414612 0.0497235469520092 -0.1378999948501587
-0.1254606693983078 -0.008855841122567654 -0.1378999948501587
-0.20322388410568237 -0.0416623130440712 -0.1378999948501587
-0.21713632345199585 -0.02751038409769535 -0.1378999948501587
-0.13277208805084229 -0.02737485058605671 -0.1378999948501587
-0.187139093875885 0.04883785918354988 -0.1378999948501587
-0.1275334656238556 0.08099713921546936 -0.0018970237579196692
-0.12464554607868195 0.07063983380794525 -0.0018952529644593596
-0.11940175294876099 0.07970160245895386 -0.001900038798339665
-0.10250972956418991 -0.04848692566156387 -0.0018996420549228787
-0.09570103883743286 -0.04992072284221649 -0.001899595488794148
-0.09959312528371811 -0.042196452617645264 -0.0018999879248440266
-0.08977258205413818 -0.04728228971362114 -0.0018999454332515597
-0.2610865533351898 0.05727918818593025 -0.0019013790879398584
-0.1175176128745079 0.08594483137130737 -0.0018998375162482262
-0.25002342462539673 -0.04447326064109802 -0.0018994968850165606
-0.24404725432395935 -0.05103977024555206 -0.001899742055684328
-0.26428017020225525 0.051668062806129456 -0.001901576411910355
-0.09490694105625153 -0.05615359917283058 -0.001900428906083107
-0.2544686198234558 0.05554453656077385 -0.0018997431034222245
-0.12050141394138336 0.05442698299884796 -0.001901802490465343
-0.09978979825973511 0.04363781586289406 -0.0018997413571923971
-0.2606109082698822 0.04760907217860222 -0.0019002000335603952
-0.22949862480163574 -0.054426975548267365 -0.0019018023740500212
-0.12201212346553802 -0.05815012380480766 -0.0019000349566340446
-0.11976063251495361 -0.0539906769990921 -0.0019008169183507562
-0.10803063958883286 -0.05167604237794876 -0.0019000116735696793
-0.12388290464878082 -0.06888808310031891 -0.0018997510196641088
-0.25526705384254456 0.048532821238040924 -0.0019000284373760223
-0.2498486191034317 0.04506755247712135 -0.001899062073789537
-0.225484237074852 0.07037567347288132 -0.0018978589214384556
-0.2255440503358841 -0.07029649615287781 -0.0018990908283740282
-0.10512569546699524 0.050677038729190826 -0.0018994987476617098
-0.1303672045469284 -0.07496561110019684 -0.001899459632113576
-0.24348053336143494 0.05124109238386154 -0.0018998817540705204
-0.21644902229309082 0.09000000357627869 -0.0019000244792550802
-0.08559119701385498 -0.05250373110175133 -0.0018991358811035752
-0.22382797300815582 -0.08770357817411423 -0.0019007426453754306
-0.21872350573539734 0.07500973343849182 -0.0019036727026104927
-0.2322763204574585 -0.08164086937904358 -0.0019019590690732002
-0.22654062509536743 -0.07875648885965347 -0.0019004192436113954
-0.08937256783246994 -0.057361867278814316 -0.001901100855320692
-0.23044359683990479 -0.08849701285362244 -0.0019004644127562642
-0.22949862480163574 0.054426975548267365 -0.0019018023740500212
-0.1335510015487671 0.09000000357627869 -0.0019000244792550802
-0.2182249277830124 -0.07521133124828339 -0.0018998247105628252
-0.12409065663814545 0.0891941636800766 -0.0018996929284185171
-0.2224024385213852 -0.0826825425028801 -0.0019002992194145918
-0.1314193159341812 0.07502107322216034 -0.0019001546315848827
-0.16491207480430603 0.09000009298324585 0.0020464654080569744
-0.18498124182224274 0.09000007808208466 0.0021872641518712044
-0.16499890387058258 0.09000010043382645 0.02907923050224781
-0.18513697385787964 0.09000008553266525 0.02917535789310932
-0.21204526722431183 0.0900002270936966 0.029068998992443085
-0.2130713313817978 0.08999989181756973 0.04118391498923302
-0.2118648737668991 0.09000014513731003 0.0020504288841038942
-0.1370442509651184 0.08999993652105331 0.04126983508467674
-0.1378728151321411 0.09000007808208466 0.0022934034932404757
-0.1380123347043991 0.09000035375356674 0.02911822497844696
-0.12808096408843994 -0.0669294148683548 0.07613380998373032
-0.1321742832660675 -0.07072066515684128 0.07579927891492844
-0.1264011561870575 -0.056239865720272064 0.0760515034198761
-0.12122881412506104 -0.0496499203145504 0.07557898014783859
-0.10860718786716461 -0.047153398394584656 0.07597295194864273
-0.10423611849546432 -0.04294302314519882 0.07575317472219467
-0.1083681657910347 0.04704274237155914 0.07580940425395966
-0.10429707169532776 0.043016694486141205 0.07596238702535629
-0.11882401257753372 0.04873175173997879 0.07596419006586075
-0.12615346908569336 0.05579832196235657 0.075791135430336
-0.12387219071388245 0.05171800032258034 0.07596742361783981
-0.12853364646434784 0.0678832158446312 0.07607793062925339
-0.13249273598194122 0.07083573937416077 0.07581138610839844
-0.1345718801021576 0.07294318079948425 0.04408011585474014
-0.22129319608211517 0.06831447780132294 0.07628057152032852
-0.2165713906288147 0.07085824757814407 0.07610035687685013
-0.2153923660516739 0.07288270443677902 0.044165898114442825
-0.22385071218013763 0.05561736971139908 0.07598159462213516
-0.23222120106220245 0.04857848212122917 0.07574095577001572
-0.22769063711166382 0.050423722714185715 0.07639895379543304
-0.24332523345947266 0.0463760569691658 0.07568121701478958
-0.24584683775901794 0.04152312129735947 0.07611829042434692
-0.2428261935710907 -0.04664748162031174 0.07564710825681686
-0.2458801120519638 -0.04189681634306908 0.07602673768997192
-0.2298278510570526 -0.049223653972148895 0.07560382038354874
-0.22453314065933228 -0.0539512038230896 0.07567092776298523
-0.22213800251483917 -0.06633835285902023 0.07602094858884811
-0.21821679174900055 -0.07062426954507828 0.07602200657129288
-0.101793073117733 0.009690118953585625 0.0378480888903141
-0.10042455047369003 0.00994296558201313 0.03626258671283722
-0.10153474658727646 -0.00998464785516262 0.03628953918814659
-0.10143017768859863 0.004867527633905411 0.04266143962740898
-0.10205454379320145 -0.0056540933437645435 0.04234587773680687
-0.24853822588920593 -0.009884684346616268 0.03629296272993088
-0.2485710084438324 0.00999360904097557 0.03508777543902397
-0.24793106317520142 -0.0049142674542963505 0.04260532557964325
-0.24797125160694122 0.006340023595839739 0.041907574981451035
-0.2500057518482208 0.00019250651530455798 0.043596941977739334
-0.2500005066394806 -0.00925077311694622 0.03890455886721611
-0.2499988079071045 0.009216797538101673 0.03882750868797302
-0.09999697655439377 -0.009311663918197155 0.03835489600896835
-0.09999983757734299 -0.0037375043611973524 0.042862292379140854
-0.20362737774848938 0.02129497565329075 0.09359108656644821
-0.18252398073673248 0.03567143902182579 0.09361543506383896
-0.21282702684402466 0.046610936522483826 0.08513199537992477
-0.22994472086429596 0.025040775537490845 0.0851399153470993
-0.21080520749092102 0.0017267480725422502 0.09359858185052872
-0.20827442407608032 -0.013810304924845695 0.09351428598165512
-0.20058155059814453 -0.024958977475762367 0.0935845896601677
-0.14161986112594604 0.012890261597931385 0.09357182681560516
-0.15282770991325378 0.028793925419449806 0.09362340718507767
-0.1391625851392746 -0.0007110066362656653 0.09356948733329773
-0.16315588355064392 -0.03384621441364288 0.09359008818864822
-0.18406620621681213 -0.03465498983860016 0.09359502047300339
-0.14418897032737732 -0.019997861236333847 0.09363847970962524
-0.11704352498054504 -0.01690823957324028 0.0851225033402443
-0.11674781888723373 0.01584463007748127 0.08510315418243408
-0.20196731388568878 -0.05413085222244263 0.08512807637453079
-0.16506730020046234 -0.059481725096702576 0.08511321991682053
-0.22695648670196533 -0.0309124942868948 0.08510234206914902
-0.13131994009017944 -0.041935522109270096 0.08512784540653229
-0.23553164303302765 -0.001363975927233696 0.0851038321852684
-0.18191111087799072 0.05995536968111992 0.0851258859038353
-0.15793143212795258 0.05763848125934601 0.0851207971572876
-0.13476595282554626 0.04553282633423805 0.08512269705533981
-0.22202272713184357 -0.06627442687749863 0.08509298413991928
-0.21748943626880646 -0.0706743374466896 0.08509154617786407
-0.10565467923879623 -0.04537013918161392 0.08510197699069977
-0.10440337657928467 0.04284518584609032 0.08509325981140137
-0.10859294980764389 0.0469103679060936 0.0850931853055954
-0.24245485663414001 0.04666570946574211 0.08506986498832703
-0.22814656794071198 0.049589984118938446 0.08509870618581772
-0.24579104781150818 0.041573666036129 0.08509256690740585
-0.21012839674949646 0.06261343508958817 0.08509621024131775
-0.13313773274421692 -0.0707637369632721 0.08508661389350891
-0.12014001607894897 0.048905808478593826 0.0850987583398819
-0.12585613131523132 0.05410083383321762 0.08509846031665802
-0.12830466032028198 -0.06752137094736099 0.08505981415510178
-0.12595568597316742 -0.05435872822999954 0.08509968966245651
-0.2291451096534729 -0.04925005882978439 0.08509431034326553
-0.2238488495349884 -0.05530884116888046 0.0850936770439148
-0.13003747165203094 -0.06541108340024948 0.08509798347949982
-0.12006218731403351 -0.04887077212333679 0.0850997343659401
-0.21626442670822144 0.07080506533384323 0.08509258925914764
-0.139413982629776 -0.06103788688778877 0.08509571105241776
-0.2456783950328827 -0.04151572659611702 0.08510003983974457
-0.13341601192951202 0.07079386711120605 0.08509276062250137
-0.23873701691627502 -0.03546267747879028 0.0850985199213028
-0.22133468091487885 0.0682457983493805 0.08508553355932236
-0.2237934023141861 0.05557388812303543 0.08507618308067322
-0.24279679358005524 -0.04640688747167587 0.08510150760412216
-0.23188842833042145 -0.03969723731279373 0.08509212732315063
-0.1282273232936859 0.06738714128732681 0.08495566248893738
-0.21200816333293915 0.10189978033304214 0.0021839530672878027
-0.211929589509964 0.10189956426620483 0.029176972806453705
-0.18512244522571564 0.10190001130104065 0.002064655302092433
-0.1849932223558426 0.1018998995423317 0.029054714366793633
-0.16505219042301178 0.10189991444349289 0.00216784980148077
-0.16487160325050354 0.10190004110336304 0.029171008616685867
-0.13798204064369202 0.10189998149871826 0.0021496026311069727
-0.13789571821689606 0.10189981013536453 0.028952810913324356
-0.22693923115730286 -0.07840347290039062 0.004100094083696604
-0.23310744762420654 -0.08496809750795364 0.004100529942661524
-0.22558382153511047 -0.08910511434078217 0.004099425859749317
-0.22222071886062622 -0.08386468887329102 0.004100576974451542
-0.2636207640171051 0.055607836693525314 0.004102637525647879
-0.2616148293018341 0.0478019192814827 0.0041016326285898685
-0.25375092029571533 0.05013216659426689 0.004100515972822905
-0.25645333528518677 0.05706749111413956 0.004099578596651554
-0.08684287220239639 -0.056010652333498 0.004100969526916742
-0.09311608225107193 -0.057188984006643295 0.0041010333225131035
-0.09225457161664963 -0.04720057174563408 0.004099761135876179
-0.09638942033052444 -0.052573539316654205 0.00409990968182683
-0.08686157315969467 -0.04936068132519722 0.004100702237337828
-0.12225114554166794 0.07859507948160172 0.0041001238860189915
-0.12806959450244904 0.0839703157544136 0.004103472921997309
-0.12180878967046738 0.08949289470911026 0.00410053925588727
-0.11725838482379913 0.08335984498262405 0.004100962541997433
-0.25731411576271057 -0.06858380138874054 -0.11389993131160736
-0.25954872369766235 -0.07994705438613892 -0.11389997601509094
-0.2469782829284668 -0.06764817237854004 -0.11390005797147751
-0.24264635145664215 -0.07237454503774643 -0.11390004307031631
-0.2421661615371704 -0.0786483958363533 -0.11389996856451035
-0.2463144212961197 -0.08384029567241669 -0.11389996111392975
-0.25306814908981323 -0.08505687862634659 -0.11389995366334915
-0.09869008511304855 -0.08541856706142426 -0.11390015482902527
-0.10584087669849396 -0.08213641494512558 -0.1139000654220581
-0.10826670378446579 -0.07414568215608597 -0.11390005797147751
-0.10244322568178177 -0.06746455281972885 -0.11389999836683273
-0.09418495744466782 -0.06792899966239929 -0.11389996111392975
-0.08995108306407928 -0.07443064451217651 -0.11390002816915512
-0.09126503765583038 -0.08113791048526764 -0.11389998346567154
-0.10706482827663422 0.08032701909542084 -0.11389987915754318
-0.10758144408464432 0.07223597168922424 -0.11389993131160736
-0.09996166080236435 0.08550485223531723 -0.11389997601509094
-0.09091079980134964 0.08084994554519653 -0.11390003561973572
-0.09067746251821518 0.07184924930334091 -0.11390000581741333
-0.0988345816731453 0.06636674702167511 -0.11390028148889542
-0.25947120785713196 0.0798901617527008 -0.11390005797147751
-0.2541162967681885 0.08465491980314255 -0.11390010267496109
-0.25841376185417175 0.07002724707126617 -0.11389995366334915
-0.24659745395183563 0.0842558965086937 -0.11390002816915512
-0.24132345616817474 0.07546229660511017 -0.11390000581741333
-0.24831074476242065 0.0669390857219696 -0.1139000728726387
-0.18560899794101715 0.04919176921248436 -0.14790001511573792
-0.2038247287273407 0.04124915972352028 -0.14790001511573792
-0.22482576966285706 -0.007415073923766613 -0.1479000300168991
-0.21765179932117462 -0.026697831228375435 -0.14790001511573792
-0.21754524111747742 0.026874450966715813 -0.14790001511573792
-0.20410531759262085 -0.04104726016521454 -0.14790001511573792
-0.22401437163352966 0.010744832456111908 -0.14790001511573792
-0.18608151376247406 -0.04908381402492523 -0.14790001511573792
-0.1662902534008026 -0.049564145505428314 -0.14790001511573792
-0.14778324961662292 -0.04232870414853096 -0.14790001511573792
-0.13351888954639435 -0.028491802513599396 -0.14790001511573792
-0.1257234513759613 -0.010211681947112083 -0.14790001511573792
-0.12561261653900146 0.009660938754677773 -0.14790001511573792
-0.13320352137088776 0.02802656777203083 -0.14790001511573792
-0.14731235802173615 0.04202159121632576 -0.14790001511573792
-0.16573870182037354 0.0494634211063385 -0.14790001511573792
-0.47735944390296936 -0.23803213238716125 -0.000111828361696098
-0.4728609025478363 -0.23772300779819489 0.00040185850230045617
-0.4750216603279114 -0.23941689729690552 0.00014273311535362154
-0.47710099816322327 -0.2355775386095047 -8.449601591564715e-05
-0.47530117630958557 -0.23596400022506714 0.0012072052340954542
-0.4762130379676819 -0.23990632593631744 -0.001472352771088481
-0.4780998229980469 -0.23645852506160736 -0.001845068414695561
-0.01886504888534546 -0.22461599111557007 0.08773472905158997
-0.018085403367877007 -0.22070124745368958 0.08738501369953156
-0.02150106430053711 -0.21756713092327118 0.08890850841999054
-0.020876575261354446 -0.22633691132068634 0.0894302949309349
-0.03200389817357063 -0.2230536788702011 0.09413287043571472
-0.03185711055994034 -0.21872176229953766 0.09306470304727554
-0.02393276058137417 -0.22370590269565582 0.08918333798646927
-0.023082993924617767 -0.21958884596824646 0.08828778564929962
-0.019740721210837364 -0.22054363787174225 0.08623329550027847
-0.030252130702137947 -0.22651299834251404 0.09145504236221313
-0.023757677525281906 -0.23210762441158295 0.08930958062410355
-0.01687975414097309 -0.23095814883708954 0.08616677671670914
-0.013104106299579144 -0.22557330131530762 0.08383437991142273
-0.030665380880236626 -0.2183024287223816 0.09053025394678116
-0.019072463735938072 -0.2128792554140091 0.08479094505310059
-0.026172347366809845 -0.2132018804550171 0.08774566650390625
-0.01344542670994997 -0.21900641918182373 0.08316310495138168
-0.027455661445856094 -0.23059327900409698 0.08777198195457458
-0.03104327991604805 -0.21837785840034485 0.08778634667396545
-0.03154681250452995 -0.22495177388191223 0.08893846720457077
-0.026015112176537514 -0.21316267549991608 0.08509122580289841
-0.01914743147790432 -0.21415618062019348 0.08208707720041275
-0.01467202976346016 -0.2199900895357132 0.0809277817606926
-0.01466457825154066 -0.2263520061969757 0.08174635469913483
-0.020469455048441887 -0.23215574026107788 0.08496155589818954
-0.03337074816226959 -0.21880047023296356 0.08381907641887665
-0.032727837562561035 -0.22780442237854004 0.0847288966178894
-0.027929509058594704 -0.23198577761650085 0.08333858102560043
-0.027943842113018036 -0.2136474996805191 0.0808783546090126
-0.02261378802359104 -0.21388867497444153 0.07861551642417908
-0.016842857003211975 -0.21881268918514252 0.07664155215024948
-0.01624428853392601 -0.22694805264472961 0.07747918367385864
-0.02157239429652691 -0.2327689230442047 0.08049183338880539
-0.02275555580854416 -0.2299688309431076 0.06310947239398956
-0.022557737305760384 -0.22197996079921722 0.06163492053747177
-0.034733209758996964 -0.23450125753879547 0.06837717443704605
-0.04032572731375694 -0.22711196541786194 0.07002092897891998
-0.03584476560354233 -0.21608823537826538 0.0667528361082077
-0.028233671560883522 -0.23488739132881165 0.0660967081785202
-0.028125734999775887 -0.21577155590057373 0.06325935572385788
-0.03994924947619438 -0.22135509550571442 0.06916563212871552
-0.032748349010944366 -0.21506914496421814 0.06463837623596191
-0.04863208159804344 -0.22379079461097717 0.0730900838971138
-0.02599870041012764 -0.23398540914058685 0.06411078572273254
-0.021119026467204094 -0.22667059302330017 0.060752637684345245
-0.04278365522623062 -0.22767314314842224 0.07019874453544617
-0.02420211397111416 -0.2184237390756607 0.06105951964855194
-0.03704388439655304 -0.21452297270298004 0.06590764224529266
-0.037283964455127716 -0.23569943010807037 0.0686965137720108
-0.026330886408686638 -0.23642855882644653 0.06370025128126144
-0.026093432679772377 -0.21501141786575317 0.060735490173101425
-0.03884018585085869 -0.2150295227766037 0.06034478917717934
-0.027914606034755707 -0.21665531396865845 0.05581364780664444
-0.045207053422927856 -0.22458340227603912 0.06446008384227753
-0.03902435302734375 -0.23639120161533356 0.06321486830711365
-0.02819211594760418 -0.23643948137760162 0.058514051139354706
-0.022986266762018204 -0.22625984251499176 0.05488916113972664
-0.04392417520284653 -0.22865332663059235 0.06410329043865204
-0.04457078129053116 -0.220660001039505 0.06106146052479744
-0.045143239200115204 -0.2292969673871994 0.06255479902029037
-0.03847254440188408 -0.23675377666950226 0.06027833744883537
-0.03911557421088219 -0.21555888652801514 0.05815986171364784
-0.03299400955438614 -0.21497827768325806 0.055431921035051346
-0.02692466787993908 -0.2188045084476471 0.05365386977791786
-0.024602442979812622 -0.22494250535964966 0.05265708640217781
-0.02636096626520157 -0.2330692559480667 0.05451066419482231
-0.03177362307906151 -0.23732814192771912 0.057443223893642426
-0.03788737207651138 -0.23744435608386993 0.06124746799468994
-0.027476027607917786 -0.2356477975845337 0.05651864409446716
-0.023717103525996208 -0.22735153138637543 0.05378803610801697
-0.04816639795899391 -0.22947917878627777 0.0646267980337143
-0.03978561609983444 -0.21264387667179108 0.057842087000608444
-0.04657026752829552 -0.2188417613506317 0.0624922476708889
-0.03188972920179367 -0.2129877805709839 0.05396449565887451
-0.04049267992377281 -0.2389218956232071 0.06176289916038513
-0.0646604672074318 -0.22396476566791534 0.06354039907455444
-0.0568900927901268 -0.24165798723697662 0.056821875274181366
-0.06366245448589325 -0.24077977240085602 0.06028779596090317
-0.030862513929605484 -0.23988193273544312 0.056741517037153244
-0.061610180884599686 -0.24650625884532928 0.055323123931884766
-0.03672876954078674 -0.2421824038028717 0.04022901877760887
-0.06990119814872742 -0.24635107815265656 0.04954875633120537
-0.061564017087221146 -0.2502847909927368 0.048018764704465866
-0.0645236074924469 -0.23252661526203156 0.0636076107621193
-0.06591372936964035 -0.22551634907722473 0.05937990918755531
-0.06974023580551147 -0.24247871339321136 0.053097546100616455
-0.06419093161821365 -0.21639497578144073 0.06075544282793999
-0.07159897685050964 -0.2083337903022766 0.04147187992930412
-0.06900222599506378 -0.21089933812618256 0.04888136684894562
-0.06345234811306 -0.2079382985830307 0.05180240049958229
-0.07266956567764282 -0.20894882082939148 0.0340670570731163
-0.06112855672836304 -0.2051716148853302 0.04231521114706993
-0.06014253944158554 -0.2068234235048294 0.03349056467413902
-0.05924457311630249 -0.25046128034591675 0.03703463822603226
-0.07428393512964249 -0.2478029876947403 0.0408872552216053
-0.0809599757194519 -0.22965645790100098 0.025817785412073135
-0.08029387146234512 -0.24171872437000275 0.0274098701775074
-0.07437051087617874 -0.24696309864521027 0.031541161239147186
-0.08139830082654953 -0.24990873038768768 0.021109385415911674
-0.07655797898769379 -0.24864839017391205 0.024745279923081398
-0.08566666394472122 -0.240204855799675 0.02279643528163433
-0.08790651708841324 -0.2589806318283081 0.01584494672715664
-0.06806152313947678 -0.26322510838508606 0.016977794468402863
-0.08556026965379715 -0.22581139206886292 0.02136615850031376
-0.08393286168575287 -0.21569664776325226 0.017533693462610245
-0.08763712644577026 -0.21434782445430756 0.015521069057285786
-0.07857347279787064 -0.21589788794517517 0.023681974038481712
-0.07504335045814514 -0.2126166671514511 0.021197276189923286
-0.07593134045600891 -0.20959597826004028 0.014767466112971306
-0.06068705767393112 -0.2506427764892578 0.0474034808576107
-0.03245029225945473 -0.2439286708831787 0.03343324735760689
-0.07642906159162521 -0.21309927105903625 0.03194797411561012
-0.06002079322934151 -0.2115766555070877 0.05702878534793854
-0.05502772703766823 -0.21133777499198914 0.05337272584438324
-0.06715162843465805 -0.2527613937854767 0.023305999115109444
-0.06102602928876877 -0.2507583498954773 0.030092468485236168
-0.06284046918153763 -0.2587462067604065 0.02752646431326866
-0.06429183483123779 -0.2676006555557251 0.02168875001370907
-0.06629324704408646 -0.2676157057285309 0.015060638077557087
-0.05974361672997475 -0.2753620743751526 0.016360986977815628
-0.06363655626773834 -0.27383187413215637 0.008135938085615635
-0.05055495351552963 -0.2750711143016815 0.014260145835578442
-0.055966321378946304 -0.27586430311203003 0.006762554869055748
-0.02687724120914936 -0.21616224944591522 0.05245528370141983
-0.023462211713194847 -0.22187992930412292 0.05138371139764786
-0.022338097915053368 -0.22621199488639832 0.051479656249284744
-0.023383935913443565 -0.2323223501443863 0.05263257771730423
-0.025319779291749 -0.2356370985507965 0.05346495658159256
-0.028417080640792847 -0.2274724841117859 0.03647021949291229
-0.026696790009737015 -0.23688346147537231 0.05316095054149628
-0.026254132390022278 -0.23640991747379303 0.05290503054857254
-0.030512750148773193 -0.23671641945838928 0.03941981494426727
-0.031222568824887276 -0.21978065371513367 0.03724203258752823
-0.03901277109980583 -0.21471579372882843 0.03793944790959358
-0.08640751242637634 -0.2718866765499115 0.005713596940040588
-0.08480364829301834 -0.2805403470993042 -0.008161645382642746
-0.05385394021868706 -0.28368479013442993 -0.009290587157011032
-0.08296366780996323 -0.28353092074394226 -0.024621794000267982
-0.0689355805516243 -0.28223833441734314 -0.03745826333761215
-0.08124467730522156 -0.28126439452171326 -0.038860172033309937
-0.05311134457588196 -0.2854396104812622 -0.02469421736896038
-0.0656222328543663 -0.28437402844429016 -0.026732202619314194
-0.07961438596248627 -0.27392053604125977 -0.05321134626865387
-0.06712064892053604 -0.27306243777275085 -0.05381865054368973
-0.07811061292886734 -0.26065492630004883 -0.06461546570062637
-0.07249908149242401 -0.2348172664642334 -0.07254348695278168
-0.06879573315382004 -0.25485923886299133 -0.0721750408411026
-0.08021853864192963 -0.23991140723228455 -0.07002247869968414
-0.06538032740354538 -0.259845107793808 -0.07126448303461075
-0.07415949553251266 -0.2529131770133972 -0.06930316239595413
-0.0722288116812706 -0.25983095169067383 -0.06575769931077957
-0.06386486440896988 -0.2632324993610382 -0.06436757743358612
-0.06913568824529648 -0.24404826760292053 -0.0737219825387001
-0.06367252767086029 -0.26098179817199707 -0.07867024093866348
-0.07729858160018921 -0.22622014582157135 -0.06985234469175339
-0.06877703219652176 -0.22781293094158173 -0.07222288101911545
-0.061927735805511475 -0.22686348855495453 -0.07617191970348358
-0.06671085953712463 -0.231185644865036 -0.07686573266983032
-0.04678047448396683 -0.22378669679164886 -0.07883090525865555
-0.046259503811597824 -0.22309716045856476 -0.07218300551176071
-0.06573997437953949 -0.22262389957904816 -0.06870809942483902
-0.06138654425740242 -0.2769257724285126 -0.06100152060389519
-0.059813242405653 -0.2634819746017456 -0.07131852209568024
-0.0574982576072216 -0.27155426144599915 -0.06669741868972778
-0.04774526134133339 -0.26679909229278564 -0.06892004609107971
-0.04808680713176727 -0.2654920220375061 -0.07229889929294586
-0.05903845280408859 -0.2656746506690979 -0.08242422342300415
-0.04624664783477783 -0.270177960395813 -0.06818406283855438
-0.052650466561317444 -0.2633461058139801 -0.09333869069814682
-0.04721001908183098 -0.2667895555496216 -0.09275709837675095
-0.048007018864154816 -0.25955480337142944 -0.099336177110672
-0.04695747792720795 -0.2484855055809021 -0.10292260348796844
-0.04476867988705635 -0.24933631718158722 -0.10680621862411499
-0.04500221461057663 -0.2583894729614258 -0.1035190001130104
-0.0521245151758194 -0.23139788210391998 -0.09779629111289978
-0.0463426373898983 -0.22541339695453644 -0.09407395124435425
-0.04540827125310898 -0.2308063805103302 -0.10112457722425461
-0.044686637818813324 -0.24029502272605896 -0.10642848908901215
-0.05738595128059387 -0.2259722501039505 -0.08895637094974518
-0.0458885133266449 -0.2232428640127182 -0.08684830367565155
-0.047500595450401306 -0.2685309648513794 -0.08168323338031769
-0.05445760861039162 -0.27538132667541504 -0.07006140798330307
-0.0657782107591629 -0.28270912170410156 -0.042133331298828125
-0.06422290951013565 -0.283928245306015 -0.046605587005615234
-0.06074535474181175 -0.2999236285686493 -0.04470168054103851
-0.06551875919103622 -0.28560367226600647 -0.03391623869538307
-0.06197487190365791 -0.28213825821876526 -0.06842952966690063
-0.059501562267541885 -0.2926551103591919 -0.06754709035158157
-0.0588240809738636 -0.28510209918022156 -0.07010523974895477
-0.0508924163877964 -0.29794052243232727 -0.06735403090715408
-0.05272410809993744 -0.29267722368240356 -0.068743996322155
-0.05857964977622032 -0.29440316557884216 -0.05550757423043251
-0.06304068863391876 -0.22931332886219025 -0.08318300545215607
-0.04139355197548866 -0.26282310485839844 -0.09855279326438904
-0.03472587838768959 -0.2618100345134735 -0.08815822750329971
-0.04389292746782303 -0.2676388919353485 -0.09117776155471802
-0.024554476141929626 -0.25861579179763794 -0.07486040145158768
-0.02101336419582367 -0.2610328197479248 -0.09555378556251526
-0.007505621761083603 -0.24514475464820862 -0.08830994367599487
-0.013913791626691818 -0.23647935688495636 -0.0943775624036789
-0.008297033607959747 -0.2385767102241516 -0.08915238082408905
-0.01808449998497963 -0.25913000106811523 -0.0939393863081932
-0.027652928605675697 -0.2546309530735016 -0.10180200636386871
-0.025812381878495216 -0.25223612785339355 -0.10079792141914368
-0.02752210758626461 -0.24266207218170166 -0.10353024303913116
-0.02270963042974472 -0.23993587493896484 -0.1003272607922554
-0.02051912620663643 -0.23525370657444 -0.09904583543539047
-0.009454003535211086 -0.2549700438976288 -0.08834244310855865
-0.015382913872599602 -0.25956904888153076 -0.09643272310495377
-0.02304544486105442 -0.25318169593811035 -0.10304269939661026
-0.007425831630825996 -0.25386956334114075 -0.09113284200429916
-0.006043341010808945 -0.24394141137599945 -0.09183763712644577
-0.011938514187932014 -0.23745977878570557 -0.09705796837806702
-0.01814308948814869 -0.23884180188179016 -0.1016315147280693
-0.022258879616856575 -0.24399107694625854 -0.10402943193912506
-0.017889302223920822 -0.25108179450035095 -0.10006218403577805
-0.010863224975764751 -0.2497984766960144 -0.09498060494661331
-0.014299176633358002 -0.24377785623073578 -0.09847507625818253
-0.020037028938531876 -0.24372099339962006 -0.09460419416427612
-0.021462684497237206 -0.2500603497028351 -0.09471224993467331
-0.015167266130447388 -0.24437761306762695 -0.090847447514534
-0.01645853742957115 -0.2513217329978943 -0.09076276421546936
-0.015040013939142227 -0.23374372720718384 -0.09310227632522583
-0.01427493430674076 -0.26053526997566223 -0.08860054612159729
-0.04334070533514023 -0.2681204676628113 -0.08252342790365219
-0.04047838971018791 -0.23316322267055511 -0.10206200927495956
-0.023629799485206604 -0.23191457986831665 -0.07837314903736115
-0.006606102455407381 -0.24418304860591888 -0.0852903425693512
-0.007542079780250788 -0.2526436448097229 -0.08477487415075302
-0.016902146860957146 -0.2523145079612732 -0.07304064929485321
-0.010353312827646732 -0.2365550994873047 -0.08898390084505081
-0.010227696970105171 -0.23711656033992767 -0.08783344179391861
-0.017936602234840393 -0.2358407825231552 -0.07694251835346222
-0.04925153777003288 -0.2981078624725342 -0.057342447340488434
-0.05282222479581833 -0.3017473816871643 -0.052301596850156784
-0.05756111443042755 -0.30315083265304565 -0.04556718096137047
-0.05180351808667183 -0.30501556396484375 -0.0440572164952755
-0.05378950759768486 -0.3055644631385803 -0.035877153277397156
-0.05866820365190506 -0.3025972843170166 -0.03601108118891716
-0.05408729985356331 -0.30291643738746643 -0.03232279792428017
-0.06145860627293587 -0.287171334028244 -0.028606707230210304
-0.04183526337146759 -0.26993513107299805 -0.06485964357852936
-0.04128141701221466 -0.26577460765838623 -0.0674009621143341
-0.042975470423698425 -0.2926771938800812 -0.06760528683662415
-0.04261225461959839 -0.29676225781440735 -0.0668451264500618
-0.038066715002059937 -0.2841823995113373 -0.06733056902885437
-0.03477436304092407 -0.2880632281303406 -0.06624125689268112
-0.04290663078427315 -0.2756875455379486 -0.06819453090429306
-0.050683990120887756 -0.2737191915512085 0.017284289002418518
-0.05780182406306267 -0.26559969782829285 0.02579713612794876
-0.08783639222383499 -0.2776983678340912 -0.006019928492605686
-0.08538687229156494 -0.28230324387550354 -0.02670898288488388
-0.0808548629283905 -0.21749940514564514 -0.06577841937541962
-0.08314784616231918 -0.276729017496109 -0.046102073043584824
-0.0781894326210022 -0.21287555992603302 -0.06437389552593231
-0.081924207508564 -0.26874321699142456 -0.0566621832549572
-0.08088555186986923 -0.2562565803527832 -0.06569657474756241
-0.07924336940050125 -0.20218580961227417 -0.05550578981637955
-0.08234903216362 -0.20145003497600555 -0.05263219773769379
-0.0807906985282898 -0.19383415579795837 -0.04235488921403885
-0.08384827524423599 -0.1947643905878067 -0.0401921384036541
-0.085747130215168 -0.19182056188583374 -0.023994481191039085
-0.08279802650213242 -0.1903454065322876 -0.02515318989753723
-0.08464822173118591 -0.19316218793392181 -0.009359895251691341
-0.08786875009536743 -0.1964520663022995 -0.005872662644833326
-0.08628043532371521 -0.2011566311120987 0.004825528711080551
-0.0893142893910408 -0.20548015832901 0.006675640121102333
-0.09034110605716705 -0.21802836656570435 0.015298986807465553
-0.0907776728272438 -0.23189938068389893 0.019130825996398926
-0.09062692523002625 -0.25062355399131775 0.017730439081788063
-0.08941751718521118 -0.2677948772907257 0.007369520142674446
-0.10059039294719696 -0.25683170557022095 -0.06751146167516708
-0.09231717139482498 -0.2522536814212799 -0.06823735684156418
-0.10987628251314163 -0.21718129515647888 0.012622715905308723
-0.09875461459159851 -0.22663281857967377 0.01657232455909252
-0.1007801741361618 -0.23877625167369843 0.017942052334547043
-0.08780205249786377 -0.23774202167987823 -0.07071193307638168
-0.10017939656972885 -0.22975118458271027 -0.07110641896724701
-0.10058721154928207 -0.21576394140720367 -0.06692780554294586
-0.11041231453418732 -0.24442777037620544 0.0162183940410614
-0.11005578190088272 -0.25350067019462585 0.013782443478703499
-0.109153613448143 -0.26574766635894775 0.006796062458306551
-0.10216671973466873 -0.20111769437789917 -0.054159894585609436
-0.10761919617652893 -0.27628758549690247 -0.00591312488541007
-0.10356689244508743 -0.1936284750699997 -0.03934945911169052
-0.1061774268746376 -0.28087857365608215 -0.018643397837877274
-0.1053004339337349 -0.19202278554439545 -0.025827880948781967
-0.10436397790908813 -0.28153517842292786 -0.03387456759810448
-0.10643409937620163 -0.1936340630054474 -0.016054991632699966
-0.10835736989974976 -0.20167629420757294 0.0002457632508594543
-0.10202915966510773 -0.2737138569355011 -0.053595319390296936
-0.10862607508897781 -0.2592529356479645 -0.0003760626132134348
-0.10738146305084229 -0.2680801451206207 -0.011031406931579113
-0.10251770168542862 -0.21253633499145508 -0.05267074704170227
-0.10902057588100433 -0.219705730676651 0.0030013106297701597
-0.1095200628042221 -0.2331446260213852 0.007277535740286112
-0.10989254713058472 -0.2290964126586914 0.011133208870887756
-0.10164904594421387 -0.2242376059293747 -0.060107823461294174
-0.10573691874742508 -0.2722041606903076 -0.025110498070716858
-0.10404296219348907 -0.27004602551460266 -0.039612796157598495
-0.10085800290107727 -0.24542474746704102 -0.06599679589271545
-0.10173191875219345 -0.25146743655204773 -0.059397969394922256
-0.10267064720392227 -0.2627599537372589 -0.05136137828230858
-0.10137277841567993 -0.23792453110218048 -0.062472984194755554
-0.109377920627594 -0.2469642609357834 0.006060629151761532
-0.10802314430475235 -0.20964913070201874 -0.005537801422178745
-0.10741231590509415 -0.2039286196231842 -0.015837350860238075
-0.10406049340963364 -0.2037607580423355 -0.039477307349443436
-0.10606826096773148 -0.20402175188064575 -0.03947112709283829
-0.10682433098554611 -0.202128067612648 -0.03247314691543579
-0.10668110847473145 -0.2004634439945221 -0.036014970391988754
-0.10741502046585083 -0.19268441200256348 -0.030112525448203087
-0.10787641257047653 -0.19831624627113342 -0.02669665403664112
-0.10795772075653076 -0.19218739867210388 -0.0246824249625206
-0.10812914371490479 -0.20196788012981415 -0.021982859820127487
-0.10882077366113663 -0.19593580067157745 -0.016610169783234596
-0.10747537016868591 -0.1993063986301422 -0.02956007607281208
-0.10629061609506607 -0.1951877474784851 -0.038776200264692307
-0.11221375316381454 -0.19920431077480316 -0.030005628243088722
-0.1120094582438469 -0.1924428939819336 -0.031705547124147415
-0.10691925138235092 -0.19245490431785583 -0.03592856600880623
-0.11134805530309677 -0.1934519112110138 -0.03746327385306358
-0.11136297881603241 -0.19948922097682953 -0.037295714020729065
-0.11351144313812256 -0.1989114135503769 -0.018906472250819206
-0.11278045177459717 -0.2003394365310669 -0.025153398513793945
-0.11340034008026123 -0.1927013248205185 -0.019842738285660744
-0.10878622531890869 -0.1933373659849167 -0.017921017482876778
-0.10876362025737762 -0.19184358417987823 -0.021244432777166367
-0.11264292150735855 -0.19365184009075165 -0.026344968006014824
-0.3815327286720276 -0.21033219993114471 -0.03700220584869385
-0.38247472047805786 -0.22006937861442566 -0.029087306931614876
-0.37655678391456604 -0.20787468552589417 -0.07879079133272171
-0.3781552314758301 -0.20251421630382538 -0.0656382143497467
-0.38051915168762207 -0.20469515025615692 -0.04623320698738098
-0.375443696975708 -0.21793174743652344 -0.08852221816778183
-0.379785418510437 -0.20242048799991608 -0.055389195680618286
-0.3752657175064087 -0.2266809642314911 -0.09247201681137085
-0.37491413950920105 -0.23680901527404785 -0.09405730664730072
-0.37508752942085266 -0.24705170094966888 -0.09258641302585602
-0.3756171762943268 -0.25722330808639526 -0.08772147446870804
-0.37649449706077576 -0.2657409906387329 -0.07918990403413773
-0.3777892291545868 -0.26971736550331116 -0.07113649696111679
-0.37848588824272156 -0.2717683017253876 -0.06263551861047745
-0.3796321451663971 -0.27129027247428894 -0.05328156799077988
-0.38083454966545105 -0.2680213451385498 -0.04366966709494591
-0.3818850517272949 -0.2592158019542694 -0.03223755210638046
-0.38246339559555054 -0.24456708133220673 -0.02521800622344017
-0.38301193714141846 -0.23262546956539154 -0.02502952516078949
-0.3835034668445587 -0.2504937946796417 -0.02784615382552147
-0.3903284966945648 -0.2716045081615448 -0.061556216329336166
-0.39335235953330994 -0.22483044862747192 -0.028592554852366447
-0.3970940113067627 -0.2352408766746521 -0.0268575269728899
-0.39046353101730347 -0.26970532536506653 -0.049519363790750504
-0.39249008893966675 -0.21806715428829193 -0.031965240836143494
-0.39438396692276 -0.26371097564697266 -0.03924049437046051
-0.39310094714164734 -0.21188892424106598 -0.03749704360961914
-0.392311155796051 -0.2559090256690979 -0.03189467638731003
-0.39140307903289795 -0.20662182569503784 -0.044353559613227844
-0.3897501528263092 -0.20282214879989624 -0.05485754460096359
-0.39275407791137695 -0.24536173045635223 -0.027197908610105515
-0.38916662335395813 -0.20327699184417725 -0.06811486929655075
-0.38784724473953247 -0.20562313497066498 -0.07508387416601181
-0.38602182269096375 -0.21032197773456573 -0.08241190761327744
-0.3858485519886017 -0.21846584975719452 -0.08966802060604095
-0.3854404091835022 -0.2258799523115158 -0.09303321689367294
-0.38571909070014954 -0.23305624723434448 -0.0946657806634903
-0.3856126070022583 -0.24265272915363312 -0.09450476616621017
-0.38567250967025757 -0.25383689999580383 -0.09059752523899078
-0.3893176317214966 -0.26359042525291443 -0.08277428150177002
-0.38663122057914734 -0.26909542083740234 -0.07353440672159195
-0.39792773127555847 -0.2458544671535492 -0.028404172509908676
-0.39130693674087524 -0.21381784975528717 -0.08586619794368744
-0.39924585819244385 -0.23192420601844788 -0.028023134917020798
-0.42897841334342957 -0.26310694217681885 -0.1161423772573471
-0.39552679657936096 -0.26341262459754944 -0.08618868887424469
-0.4515073597431183 -0.26355063915252686 -0.12642714381217957
-0.4389006495475769 -0.26249411702156067 -0.12246425449848175
-0.4717284142971039 -0.2378597855567932 -0.13033418357372284
-0.45116767287254333 -0.2368553727865219 -0.12814494967460632
-0.4728848338127136 -0.2630949914455414 -0.1287064403295517
-0.48650261759757996 -0.23687073588371277 -0.12791916728019714
-0.4931866228580475 -0.26241379976272583 -0.1242961660027504
-0.4976148009300232 -0.2368731051683426 -0.12350955605506897
-0.5076357126235962 -0.23687565326690674 -0.11698932945728302
-0.507167398929596 -0.26368412375450134 -0.11497734487056732
-0.5161690711975098 -0.2368781417608261 -0.10861651599407196
-0.5167271494865417 -0.263168066740036 -0.10528416931629181
-0.524573028087616 -0.23618462681770325 -0.09569386392831802
-0.5223053097724915 -0.2635497450828552 -0.09600301086902618
-0.5271725654602051 -0.26251593232154846 -0.08338943123817444
-0.5302440524101257 -0.23700053989887238 -0.07452963292598724
-0.5287336707115173 -0.2625694274902344 -0.06834802776575089
-0.5276296138763428 -0.2370004802942276 -0.05227454751729965
-0.5273648500442505 -0.26369938254356384 -0.060126833617687225
-0.5240073204040527 -0.2632966935634613 -0.04766792058944702
-0.5175346732139587 -0.23783814907073975 -0.032851703464984894
-0.5164808630943298 -0.2625335454940796 -0.03396913781762123
-0.5070607662200928 -0.26365217566490173 -0.024948732927441597
-0.5051219463348389 -0.23689845204353333 -0.021252164617180824
-0.49373793601989746 -0.26229798793792725 -0.016306376084685326
-0.49162790179252625 -0.23619234561920166 -0.013791125267744064
-0.48174750804901123 -0.26337194442749023 -0.012892337515950203
-0.47769635915756226 -0.2393006831407547 -0.010472653433680534
-0.47170448303222656 -0.23874253034591675 -0.004478443413972855
-0.47550806403160095 -0.23889437317848206 -0.005165364593267441
-0.4737815260887146 -0.2414655238389969 -0.009913469664752483
-0.476260781288147 -0.2334662228822708 -0.010408402420580387
-0.4775790274143219 -0.2363244593143463 -0.004432783927768469
-0.4739934206008911 -0.23377373814582825 -0.004467541817575693
-0.4699713885784149 -0.23498104512691498 -0.00942473579198122
-0.46951690316200256 -0.23828276991844177 -0.009298678487539291
-0.48419368267059326 -0.2168976068496704 -0.012664291076362133
-0.49389684200286865 -0.21538953483104706 -0.01641676016151905
-0.5106950998306274 -0.21680580079555511 -0.027068860828876495
-0.5175815224647522 -0.2152954638004303 -0.03587328642606735
-0.5251834988594055 -0.21575495600700378 -0.04980110004544258
-0.5281413793563843 -0.21673932671546936 -0.0598311722278595
-0.5288963913917542 -0.2165006399154663 -0.07263965159654617
-0.5269653797149658 -0.2151779979467392 -0.08363296091556549
-0.522176206111908 -0.21589255332946777 -0.09724941849708557
-0.5140096545219421 -0.21672366559505463 -0.10943624377250671
-0.506142258644104 -0.21556532382965088 -0.11624979227781296
-0.4952049255371094 -0.21536695957183838 -0.12304724752902985
-0.47966158390045166 -0.21664434671401978 -0.12834231555461884
-0.4670517146587372 -0.21533770859241486 -0.12847472727298737
-0.4627757966518402 -0.26353782415390015 -0.010873980820178986
-0.46464189887046814 -0.2154579758644104 -0.010720009915530682
-0.44037768244743347 -0.215208038687706 -0.1229332759976387
-0.4512764513492584 -0.21668864786624908 -0.12700897455215454
-0.4390667974948883 -0.2632308304309845 -0.016735028475522995
-0.3998037874698639 -0.2633865475654602 -0.03795824199914932
-0.4481222331523895 -0.26220789551734924 -0.012706968933343887
-0.42097553610801697 -0.250113308429718 -0.018308786675333977
-0.4224063456058502 -0.239996537566185 -0.018922248855233192
-0.4252864718437195 -0.23539404571056366 -0.019296592101454735
-0.4267125129699707 -0.24409572780132294 -0.020674625411629677
-0.42344069480895996 -0.24976228177547455 -0.02281460352241993
-0.41576656699180603 -0.2516513168811798 -0.01816696859896183
-0.42157629132270813 -0.24611729383468628 -0.01911325938999653
-0.4075799584388733 -0.23314259946346283 -0.015327796339988708
-0.403679221868515 -0.23759186267852783 -0.016727250069379807
-0.4090215861797333 -0.2324988692998886 -0.017418408766388893
-0.4231215715408325 -0.24223297834396362 -0.016840172931551933
-0.4183697998523712 -0.2507925033569336 -0.016310779377818108
-0.4076734185218811 -0.2507663667201996 -0.014997218735516071
-0.40769046545028687 -0.25099706649780273 -0.01720259338617325
-0.4027482271194458 -0.24447007477283478 -0.016510557383298874
-0.4026869833469391 -0.24242329597473145 -0.014745061285793781
-0.4082332253456116 -0.23255538940429688 -0.008673097006976604
-0.41909196972846985 -0.23251599073410034 -0.009838500060141087
-0.41813597083091736 -0.23305001854896545 -0.01637098379433155
-0.42091697454452515 -0.24089831113815308 -0.010013656690716743
-0.42452606558799744 -0.24203187227249146 -0.010509613901376724
-0.41541314125061035 -0.23491503298282623 -0.00933376606553793
-0.4166204631328583 -0.24885913729667664 -0.009455311112105846
-0.4191167652606964 -0.2514594495296478 -0.009895790368318558
-0.40278610587120056 -0.24199607968330383 -0.0079347537830472
-0.40824082493782043 -0.24701721966266632 -0.008491501212120056
-0.40827229619026184 -0.25150302052497864 -0.008592387661337852
-0.40749391913414 -0.23772233724594116 -0.008413630537688732
-0.41959118843078613 -0.24650487303733826 -0.007809821050614119
-0.42060965299606323 -0.23899883031845093 -0.007928055711090565
-0.4121238589286804 -0.23459629714488983 -0.0069279796443879604
-0.4110669195652008 -0.24904543161392212 -0.006806082092225552
-0.4067082405090332 -0.24144715070724487 -0.00630160141736269
-0.4217776954174042 -0.2356548309326172 -0.008077025413513184
-0.4051704406738281 -0.24690333008766174 -0.006157741416245699
-0.42194628715515137 -0.24760164320468903 -0.008101195096969604
-0.4140196144580841 -0.25158780813217163 -0.007178424391895533
-0.40785571932792664 -0.23348739743232727 -0.006452823057770729
-0.40423130989074707 -0.24264435470104218 -0.0029004341922700405
-0.41863128542900085 -0.23287391662597656 -0.004549823701381683
-0.4247223436832428 -0.241912379860878 -0.00528988940641284
-0.4193011522293091 -0.25105902552604675 -0.0045169321820139885
-0.4089926779270172 -0.25092098116874695 -0.0033781705424189568
-0.41271209716796875 -0.23292914032936096 0.009580178186297417
-0.40880146622657776 -0.23309239745140076 -0.0034132013097405434
-0.4208866059780121 -0.2330528199672699 0.007947378791868687
-0.4260459542274475 -0.24194028973579407 0.007002220489084721
-0.42272093892097473 -0.23551307618618011 0.008541736751794815
-0.4067098796367645 -0.23908080160617828 0.010164779610931873
-0.4087817072868347 -0.2358197569847107 0.010313387960195541
-0.4052298665046692 -0.2422606498003006 0.009454378858208656
-0.40953683853149414 -0.2490629404783249 0.010111653245985508
-0.4237568974494934 -0.24696886539459229 0.008396859280765057
-0.4211340844631195 -0.2509618103504181 0.007614645175635815
-0.418347030878067 -0.2512072026729584 0.009222674183547497
-0.42446884512901306 -0.2401171773672104 0.009203695692121983
-0.42399361729621887 -0.2432582676410675 0.009495864622294903
-0.4186362624168396 -0.23419833183288574 0.010119677521288395
-0.41215091943740845 -0.2346712201833725 0.010876019485294819
-0.40809202194213867 -0.2396193891763687 0.011357326991856098
-0.40990322828292847 -0.2479526847600937 0.011136054061353207
-0.4192824959754944 -0.2497669905424118 0.010042843408882618
-0.42422065138816833 -0.2413095086812973 0.02155178412795067
-0.4206863343715668 -0.2357814610004425 0.021965516731142998
-0.41417479515075684 -0.23585015535354614 0.022724926471710205
-0.4216260015964508 -0.24769675731658936 0.02185623161494732
-0.41474634408950806 -0.24844267964363098 0.022658081725239754
-0.410113126039505 -0.2421652227640152 0.023203235119581223
-0.41023164987564087 -0.2515000104904175 0.008705798536539078
-0.4182019829750061 -0.23328067362308502 -0.018424179404973984
-0.4102620780467987 -0.22979594767093658 -0.017379654571413994
-0.401185542345047 -0.23466888070106506 -0.016476573422551155
-0.4177733361721039 -0.2311507612466812 -0.01777730882167816
-0.4280931353569031 -0.23527207970619202 -0.020414765924215317
-0.40135058760643005 -0.24748452007770538 -0.01780882105231285
-0.4109117388725281 -0.2541860342025757 -0.018459923565387726
-0.417086124420166 -0.25382107496261597 -0.026385530829429626
-0.4024195969104767 -0.2506749927997589 -0.030325550585985184
-0.44167059659957886 -0.2372525930404663 -0.013493398204445839
-0.45369160175323486 -0.23690466582775116 -0.010132424533367157
-0.4084121882915497 -0.2543827295303345 -0.03185286745429039
-0.4175064265727997 -0.22981655597686768 -0.025809481739997864
-0.4002687335014343 -0.23404401540756226 -0.025156276300549507
-0.4401876926422119 -0.21654266119003296 -0.015492507256567478
-0.4501650631427765 -0.21539101004600525 -0.012288521975278854
-0.4047480523586273 -0.21697965264320374 -0.03408431634306908
-0.4085145890712738 -0.21488650143146515 -0.035693466663360596
-0.48013943433761597 -0.2150000035762787 -0.03691736236214638
-0.4923272430896759 -0.2150000035762787 -0.04536472260951996
-0.49613597989082336 -0.2150000035762787 -0.0899706482887268
-0.5023694038391113 -0.2150000035762787 -0.07089632004499435
-0.46930980682373047 -0.2150000035762787 -0.1047712117433548
-0.4820106029510498 -0.2150000035762787 -0.10164045542478561
-0.4991288185119629 -0.2150000035762787 -0.055511604994535446
-0.43311193585395813 -0.2150000035762787 -0.08078785240650177
-0.44405597448349 -0.2150000035762787 -0.0965735986828804
-0.4080127775669098 -0.21484076976776123 -0.0877363383769989
-0.43790459632873535 -0.2150000035762787 -0.04957141354680061
-0.4495864808559418 -0.2150000035762787 -0.03907753899693489
-0.4137992262840271 -0.21488049626350403 -0.03913938254117966
-0.46372514963150024 -0.2150000035762787 -0.03458442538976669
-0.45714467763900757 -0.2150000035762787 -0.10355765372514725
-0.4323666989803314 -0.2150000035762787 -0.06334423273801804
-0.436913400888443 -0.23677393794059753 -0.12317465245723724
-0.42948436737060547 -0.21612803637981415 -0.11703890562057495
-0.4266563057899475 -0.23703908920288086 -0.11642104387283325
-0.39883899688720703 -0.21541127562522888 -0.08937685191631317
-0.4604497253894806 -0.2639997601509094 -0.05347038805484772
-0.4691462218761444 -0.26400226354599 -0.04834069684147835
-0.4681311845779419 -0.2640000879764557 -0.09091673791408539
-0.4735788106918335 -0.26399877667427063 -0.08492886275053024
-0.47300079464912415 -0.2639980614185333 -0.05746017396450043
-0.4030555486679077 -0.2642558515071869 -0.08193850517272949
-0.46087002754211426 -0.2639993131160736 -0.08362839370965958
-0.46701252460479736 -0.263998419046402 -0.07815283536911011
-0.4650162160396576 -0.26399773359298706 -0.060763660818338394
-0.4068557024002075 -0.26438093185424805 -0.04260252043604851
-0.4626311957836151 -0.2639996409416199 -0.08904856443405151
-0.39971083402633667 -0.2664876878261566 -0.07905369251966476
-0.39704275131225586 -0.270669162273407 -0.06521334499120712
-0.3993869423866272 -0.24383045732975006 -0.026255810633301735
-0.41102325916290283 -0.2291385978460312 -0.029682103544473648
-0.40201207995414734 -0.21437214314937592 -0.03627689555287361
-0.4097973108291626 -0.21290652453899384 -0.04075584188103676
-0.40453916788101196 -0.21305815875530243 -0.08628298342227936
-0.39825114607810974 -0.2059251219034195 -0.07562433928251266
-0.39776474237442017 -0.20296181738376617 -0.058123376220464706
-0.40343302488327026 -0.22693827748298645 -0.09547151625156403
-0.4048632085323334 -0.23751959204673767 -0.09720151126384735
-0.40120729804039 -0.2521606981754303 -0.0931810513138771
-0.39879706501960754 -0.26991525292396545 -0.05283614993095398
-0.40244626998901367 -0.20729611814022064 -0.04556820169091225
-0.09322106093168259 -0.2434021532535553 -0.06770439445972443
-0.020225539803504944 -0.25717148184776306 -0.06622888892889023
-0.0393429696559906 -0.2647823393344879 -0.07145171612501144
-0.01995736174285412 -0.23116208612918854 -0.07178013771772385
-0.04318859055638313 -0.2264954000711441 -0.09626994282007217
-0.017465706914663315 -0.23677243292331696 -0.07550506293773651
-0.060336727648973465 -0.20671266317367554 0.049451034516096115
-0.05517449229955673 -0.2582360804080963 0.028110984712839127
-0.05169172212481499 -0.25479719042778015 0.028902769088745117
-0.05285566672682762 -0.24944552779197693 0.03010755218565464
-0.04309316724538803 -0.27350232005119324 0.008924433030188084
-0.03519889712333679 -0.2780447006225586 -0.06569477915763855
-0.03955324366688728 -0.29478541016578674 -0.058062341064214706
-0.0350286029279232 -0.2848662734031677 -0.0569741353392601
-0.04234973341226578 -0.27185824513435364 0.013919375836849213
-0.05710381269454956 -0.26864632964134216 0.022572362795472145
-0.04062630608677864 -0.2528936266899109 0.0242474228143692
-0.05650467425584793 -0.20657336711883545 0.015910182148218155
-0.059028446674346924 -0.20857161283493042 0.03012208826839924
-0.05775345489382744 -0.20943902432918549 0.023267287760972977
-0.05521983280777931 -0.19764825701713562 0.0064819022081792355
-0.04731900617480278 -0.21075280010700226 -0.061165932565927505
-0.04814925044775009 -0.20177309215068817 -0.05377840995788574
-0.0469667874276638 -0.21853847801685333 -0.06562716513872147
-0.04928421229124069 -0.19445174932479858 -0.043349429965019226
-0.05041905865073204 -0.1907646805047989 -0.03407416120171547
-0.05182523652911186 -0.1889588087797165 -0.023175017908215523
-0.05321173369884491 -0.19038596749305725 -0.00935171078890562
-0.015996383503079414 -0.24181565642356873 -0.0727839395403862
-0.025083042681217194 -0.25981149077415466 -0.06272318214178085
-0.02484407089650631 -0.22713200747966766 -0.06679549813270569
-0.03115706704556942 -0.21709315478801727 0.03068837709724903
-0.033670540899038315 -0.21480806171894073 0.025957098230719566
-0.04236522316932678 -0.21196269989013672 0.027448439970612526
-0.03688862919807434 -0.24698200821876526 0.02901242859661579
-0.026078151538968086 -0.29004278779029846 -0.054545849561691284
-0.035952746868133545 -0.29063472151756287 -0.05789658799767494
-0.032963529229164124 -0.296405553817749 -0.05520069599151611
-0.03953554108738899 -0.3016265630722046 -0.04891946166753769
-0.03815312311053276 -0.30463624000549316 -0.038298506289720535
-0.02552451379597187 -0.2973257005214691 -0.03260523080825806
-0.0322691835463047 -0.30306756496429443 -0.032316915690898895
-0.03186599910259247 -0.3016328811645508 -0.03290778025984764
-0.039751481264829636 -0.30354925990104675 -0.04246016964316368
-0.03273194283246994 -0.29496100544929504 -0.054366860538721085
-0.023514611646533012 -0.2911801338195801 -0.05156553164124489
-0.02413216605782509 -0.290535032749176 -0.05042513459920883
-0.02008664608001709 -0.29103660583496094 -0.04500516876578331
-0.0204320065677166 -0.29139453172683716 -0.040415000170469284
-0.021486569195985794 -0.29535070061683655 -0.03476574644446373
-0.022276829928159714 -0.2978665232658386 -0.034058988094329834
-0.025195369496941566 -0.2932639718055725 -0.05387375131249428
-0.0193722452968359 -0.29289987683296204 -0.04309722036123276
-0.036045730113983154 -0.3009565472602844 -0.0525427907705307
-0.038618769496679306 -0.30532193183898926 -0.04392741248011589
-0.03330136090517044 -0.30489274859428406 -0.03501048684120178
-0.02914857678115368 -0.31146299839019775 -0.03644732013344765
-0.018185148015618324 -0.3012148141860962 -0.04581432044506073
-0.020566053688526154 -0.2993946969509125 -0.05574179068207741
-0.01413983479142189 -0.2984957695007324 -0.045411113649606705
-0.02370043843984604 -0.30862054228782654 -0.03876528516411781
-0.018408365547657013 -0.3045729100704193 -0.03545556589961052
-0.03465604409575462 -0.3114902973175049 -0.0476052463054657
-0.029375309124588966 -0.310679167509079 -0.043337270617485046
-0.030357612296938896 -0.3057393729686737 -0.05616036057472229
-0.02584255300462246 -0.3053431510925293 -0.05336010456085205
-0.017369190230965614 -0.30294597148895264 -0.04426167532801628
-0.021645544096827507 -0.30301332473754883 -0.05187205970287323
-0.02970491722226143 -0.30902063846588135 -0.05004017800092697
-0.015724748373031616 -0.30036288499832153 -0.048998285084962845
-0.02079097367823124 -0.30161425471305847 -0.05543933063745499
-0.028870245441794395 -0.3068295121192932 -0.055926743894815445
-0.033287107944488525 -0.3124076724052429 -0.04790583252906799
-0.028921395540237427 -0.31249988079071045 -0.03879779204726219
-0.01561921089887619 -0.30331629514694214 -0.039809491485357285
-0.022462548688054085 -0.3091382682323456 -0.03595375269651413
-0.011591482907533646 -0.3172180652618408 -0.04051131755113602
-0.007300734054297209 -0.3120315968990326 -0.047596730291843414
-0.01968766562640667 -0.3226129710674286 -0.04048711806535721
-0.011579717509448528 -0.31167054176330566 -0.057346850633621216
-0.01795853115618229 -0.3149750530719757 -0.06020253151655197
-0.02468891441822052 -0.32056882977485657 -0.05681219324469566
-0.025238990783691406 -0.32376188039779663 -0.04822058230638504
-0.03903784230351448 -0.2833494246006012 -0.0221418347209692
-0.03991764411330223 -0.282657653093338 -0.012636941857635975
-0.04137858748435974 -0.2794147729873657 -0.0010137591743841767
-0.036383628845214844 -0.27865296602249146 -0.05243119224905968
-0.0388592891395092 -0.2726803719997406 -0.05252241715788841
-0.033459700644016266 -0.2752678394317627 -0.014351296238601208
-0.042548950761556625 -0.24909725785255432 0.02474025823175907
-0.04236745461821556 -0.2475406378507614 0.027533963322639465
-0.05715089663863182 -0.26165956258773804 0.026219474151730537
-0.0415978766977787 -0.2701178193092346 0.013193616643548012
-0.052012041211128235 -0.2726275324821472 0.017145343124866486
-0.035909123718738556 -0.2607904076576233 0.016976088285446167
-0.036961279809474945 -0.2613428235054016 0.016000980511307716
-0.039522625505924225 -0.25406089425086975 0.021456528455018997
-0.04798145219683647 -0.2526230812072754 0.026715973392128944
-0.05089426040649414 -0.27432015538215637 0.01940605603158474
-0.03536168858408928 -0.26053404808044434 0.01927637867629528
-0.04089029133319855 -0.25388404726982117 0.025964898988604546
-0.04775566980242729 -0.2538449168205261 0.02723594568669796
-0.052631676197052 -0.25733381509780884 0.030074715614318848
-0.05693965032696724 -0.26728540658950806 0.026696830987930298
-0.03986344113945961 -0.2711094319820404 0.015583724714815617
-0.03276688978075981 -0.2635119557380676 0.02279193513095379
-0.04298551380634308 -0.2614666819572449 0.030368098989129066
-0.038417961448431015 -0.2644633948802948 0.026499906554818153
-0.038943301886320114 -0.2555764317512512 0.030659183859825134
-0.05056094005703926 -0.25931841135025024 0.03467073664069176
-0.04846855252981186 -0.26952409744262695 0.028527291491627693
-0.05505916848778725 -0.2701629102230072 0.030506912618875504
-0.04823002219200134 -0.2651728391647339 0.03071531280875206
-0.044880907982587814 -0.2718849182128906 0.025116169825196266
-0.048539601266384125 -0.27708154916763306 0.023092666640877724
-0.03986607864499092 -0.26956602931022644 0.024254729971289635
-0.03800269216299057 -0.2738187313079834 0.019374031573534012
-0.043099891394376755 -0.2753952443599701 0.0234812181442976
-0.03623202070593834 -0.270550012588501 0.022762447595596313
-0.0380258671939373 -0.25944292545318604 0.030181316658854485
-0.03462290018796921 -0.26375120878219604 0.0260614026337862
-0.04489526525139809 -0.2594139575958252 0.033720456063747406
-0.050380732864141464 -0.2642253041267395 0.03392491489648819
-0.05182092264294624 -0.2707405090332031 0.030672384425997734
-0.049111317843198776 -0.27487310767173767 0.027621498331427574
-0.047558948397636414 -0.276044100522995 0.03679787367582321
-0.04775450751185417 -0.2698941230773926 0.040343672037124634
-0.04336525499820709 -0.2648434340953827 0.04116319492459297
-0.036640822887420654 -0.26277172565460205 0.03895637020468712
-0.04318748787045479 -0.2796841561794281 0.03248005360364914
-0.034878749400377274 -0.27728942036628723 0.02945559099316597
-0.03090965934097767 -0.27001774311065674 0.03152912110090256
-0.03214973956346512 -0.2656126320362091 0.03487907722592354
-0.044273633509874344 -0.26979848742485046 0.04468163102865219
-0.041738688945770264 -0.26658451557159424 0.0456094816327095
-0.041564490646123886 -0.2821953296661377 0.036444541066884995
-0.0465564988553524 -0.27642151713371277 0.04234073683619499
-0.033198971301317215 -0.2801954746246338 0.03312176093459129
-0.02842845395207405 -0.271877646446228 0.03545184060931206
-0.0327407568693161 -0.26509973406791687 0.041699305176734924
-0.03277171775698662 -0.2815169095993042 0.041903626173734665
-0.03954540938138962 -0.2855513095855713 0.0415513813495636
-0.02945242077112198 -0.28298720717430115 0.03778810426592827
-0.031094148755073547 -0.26722952723503113 0.047811832278966904
-0.034358911216259 -0.27159416675567627 0.0472535602748394
-0.02953820675611496 -0.2739790976047516 0.04336449131369591
-0.04044131562113762 -0.2702239453792572 0.05081259086728096
-0.039365410804748535 -0.2765662968158722 0.048468057066202164
-0.03756457194685936 -0.281809538602829 0.0442499965429306
-0.04452076554298401 -0.27884194254875183 0.04805546998977661
-0.02521711029112339 -0.27338409423828125 0.04108552634716034
-0.03296276554465294 -0.2721284329891205 0.04878782108426094
-0.02795502170920372 -0.2783229351043701 0.04250424727797508
-0.039268333464860916 -0.2838623821735382 0.04521794244647026
-0.03963278979063034 -0.27411553263664246 0.05108843743801117
-0.029617587104439735 -0.28223782777786255 0.0411224290728569
-0.02930242195725441 -0.27081212401390076 0.04761645570397377
-0.023941323161125183 -0.2764447331428528 0.05613633990287781
-0.03501282259821892 -0.27933499217033386 0.06023639813065529
-0.0031499441247433424 -0.2842409610748291 0.040805090218782425
-0.03165510296821594 -0.31005197763442993 0.041061881929636
-0.023555031046271324 -0.2861989140510559 0.050250131636857986
-0.03388841450214386 -0.28952306509017944 0.053711552172899246
-0.05669523775577545 -0.2892843186855316 0.0658707320690155
-0.0168341975659132 -0.25622591376304626 0.06487123668193817
-0.03819055110216141 -0.2599477767944336 0.07383773475885391
-0.053032733500003815 -0.27518442273139954 0.07336607575416565
-0.046431705355644226 -0.2670632600784302 0.07612734287977219
-0.003280545584857464 -0.2902725636959076 0.03969859331846237
-0.010097394697368145 -0.299818754196167 0.03746822476387024
-0.038332004100084305 -0.3111485540866852 0.045813869684934616
-0.04798886924982071 -0.3071075677871704 0.051930997520685196
-0.0047088307328522205 -0.2640904486179352 0.054251015186309814
-0.0006036092527210712 -0.27186575531959534 0.04918314144015312
-0.000471709412522614 -0.2815100848674774 0.043437838554382324
-0.05628283694386482 -0.28509053587913513 0.07047537714242935
-0.05645568668842316 -0.2935379445552826 0.06564193218946457
-0.016422472894191742 -0.3028298020362854 0.03714219853281975
-0.02580644190311432 -0.2563647925853729 0.07152847200632095
-0.02011541835963726 -0.3077796697616577 0.03869331628084183
-0.009146756492555141 -0.25970458984375 0.06029781699180603
-0.05361398681998253 -0.3017355501651764 0.059350721538066864
0.007025882136076689 -0.27755987644195557 0.07041998207569122
-0.02709740214049816 -0.26986169815063477 0.09273380041122437
-0.011456088162958622 -0.266095370054245 0.08675692230463028
0.0007248297333717346 -0.2702459990978241 0.07797418534755707
-0.038127195090055466 -0.2782788574695587 0.09359092265367508
-0.046464450657367706 -0.2917671203613281 0.09008602797985077
-0.04698242247104645 -0.30589666962623596 0.08212239295244217
-0.042534369975328445 -0.31469571590423584 0.07467065006494522
-0.03383864462375641 -0.3205175995826721 0.06673474609851837
-0.023200053721666336 -0.32160288095474243 0.060544177889823914
-0.011242222972214222 -0.31824275851249695 0.0562550313770771
0.00035555445356294513 -0.30929121375083923 0.05541255697607994
0.007120839320123196 -0.29839590191841125 0.05822758749127388
0.009288070723414421 -0.2874394655227661 0.06348041445016861
-0.036026399582624435 -0.22417119145393372 -0.05671777203679085
-0.038476232439279556 -0.21373046934604645 -0.05260566622018814
-0.033073946833610535 -0.25840362906455994 -0.052884068340063095
-0.031037116423249245 -0.25772514939308167 -0.05692325532436371
-0.023484189063310623 -0.2543938159942627 -0.05994212254881859
-0.02355053462088108 -0.23118066787719727 -0.06280211359262466
-0.03349553793668747 -0.24139107763767242 0.02590063028037548
-0.036665722727775574 -0.24854572117328644 0.018996519967913628
-0.03301846235990524 -0.24181944131851196 0.022344371303915977
-0.01924704574048519 -0.28870758414268494 -0.044886790215969086
-0.02217693068087101 -0.2883317172527313 -0.05061350762844086
-0.028284775093197823 -0.2996586263179779 -0.02932463213801384
-0.02304484322667122 -0.295497864484787 -0.03136121854186058
-0.03672228008508682 -0.28408151865005493 -0.02422519400715828
-0.01905466802418232 -0.2912416160106659 -0.0366811603307724
-0.029903147369623184 -0.28028616309165955 -0.02868751622736454
-0.026174070313572884 -0.279427707195282 -0.03430169075727463
-0.03369038179516792 -0.2769564688205719 -0.02418692409992218
-0.03413725644350052 -0.2714158296585083 -0.04611483961343765
-0.0330665297806263 -0.26680517196655273 -0.04437217116355896
-0.03533153980970383 -0.2650930881500244 0.007288574706763029
-0.034796010702848434 -0.27138981223106384 -0.0019524225499480963
-0.03539898246526718 -0.2637823522090912 0.012501821853220463
-0.03282319754362106 -0.257885217666626 0.014134764671325684
-0.03669096529483795 -0.21744565665721893 0.018291009590029716
-0.044102977961301804 -0.21344205737113953 0.010631662793457508
-0.04219120368361473 -0.21606963872909546 0.014661907218396664
-0.04533984884619713 -0.20221839845180511 0.0009062500321306288
-0.040852438658475876 -0.19834303855895996 -0.015917478129267693
-0.042013321071863174 -0.19709941744804382 -0.02754342369735241
-0.03951279819011688 -0.20360000431537628 -0.042087048292160034
-0.02712908573448658 -0.2287762463092804 -0.058589402586221695
-0.026584621518850327 -0.25576815009117126 -0.052062805742025375
-0.02755671553313732 -0.275526762008667 -0.028488092124462128
-0.02858630008995533 -0.2739344835281372 -0.04043712839484215
-0.03003297746181488 -0.24155981838703156 0.019894085824489594
-0.029434330761432648 -0.25581708550453186 0.015367189422249794
-0.028255226090550423 -0.2673659920692444 0.0053328718058764935
-0.04005273059010506 -0.2009722888469696 -0.005880673881620169
-0.03534264117479324 -0.20319142937660217 -0.03772909939289093
-0.03391767293214798 -0.210458904504776 -0.04720204696059227
-0.041604407131671906 -0.20668885111808777 0.004062846768647432
-0.037449322640895844 -0.19943293929100037 -0.02850840613245964
-0.021117117255926132 -0.23005063831806183 -0.05594794452190399
-0.025126708671450615 -0.26940450072288513 -0.038701388984918594
-0.0217452310025692 -0.25757017731666565 -0.05037107691168785
-0.023702040314674377 -0.27227088809013367 -0.03387581557035446
-0.022698158398270607 -0.26729023456573486 -0.04215783625841141
-0.021003101021051407 -0.23120783269405365 0.020910022780299187
-0.02991013042628765 -0.2297452837228775 0.019553491845726967
-0.02092844992876053 -0.24520793557167053 0.020247453823685646
-0.020330896601080894 -0.25770387053489685 0.01515201572328806
-0.019059009850025177 -0.2688244581222534 0.004351705312728882
-0.026698961853981018 -0.27410581707954407 -0.007972133345901966
-0.017331624403595924 -0.2749243378639221 -0.010425087995827198
-0.024645617231726646 -0.27468985319137573 -0.0260024294257164
-0.015623635612428188 -0.2747125029563904 -0.02507142350077629
-0.01386487390846014 -0.2678004801273346 -0.040014974772930145
-0.012860331684350967 -0.25887513160705566 -0.04881018027663231
-0.021264195442199707 -0.2502644956111908 -0.05449119210243225
-0.012372889555990696 -0.24953369796276093 -0.053000178188085556
-0.02750825509428978 -0.20268113911151886 -0.0010418110759928823
-0.021077489480376244 -0.19910210371017456 -0.01058354414999485
-0.02651667408645153 -0.19948342442512512 -0.01125552598387003
-0.012138444930315018 -0.2407122254371643 -0.055023547261953354
-0.012315917760133743 -0.22496572136878967 -0.05337527021765709
-0.021510615944862366 -0.21916735172271729 -0.052326105535030365
-0.017966831102967262 -0.20054973661899567 -0.005002863239496946
-0.017347605898976326 -0.19969134032726288 -0.01015064213424921
-0.013164976611733437 -0.2119189202785492 -0.04609337076544762
-0.019133491441607475 -0.20521962642669678 0.004897129721939564
-0.028248807415366173 -0.20636305212974548 0.005367740523070097
-0.022522183135151863 -0.20838285982608795 -0.043728072196245193
-0.014576255343854427 -0.20257772505283356 -0.034176941961050034
-0.023676058277487755 -0.20226852595806122 -0.03385612741112709
-0.02025250531733036 -0.2153802067041397 0.01460130326449871
-0.02922035939991474 -0.21541988849639893 0.013669055886566639
-0.024846909567713737 -0.19955945014953613 -0.025084903463721275
-0.015757618471980095 -0.19939003884792328 -0.02406427636742592
-0.029804570600390434 -0.2212420403957367 0.016835669055581093
-0.025448543950915337 -0.19363521039485931 -0.025199873372912407
-0.028176087886095047 -0.1944776177406311 -0.00577328447252512
-0.019210409373044968 -0.1953604519367218 -0.01037595421075821
-0.02050173468887806 -0.19303861260414124 -0.004873956087976694
-0.020612774416804314 -0.19839270412921906 -0.004808173514902592
-0.024648403748869896 -0.19123481214046478 -0.00540946377441287
-0.021044068038463593 -0.19123142957687378 -0.0246854517608881
-0.02699780836701393 -0.19906434416770935 -0.005656855180859566
-0.017522327601909637 -0.19517366588115692 -0.024273816496133804
-0.01631489023566246 -0.20594358444213867 0.005365525372326374
-0.017404811456799507 -0.21650591492652893 0.015138884074985981
-0.018682315945625305 -0.22785162925720215 0.019537579268217087
-0.018123706802725792 -0.239013671875 0.02123638615012169
-0.009408283047378063 -0.24954840540885925 -0.05290757119655609
-0.009753619320690632 -0.21976064145565033 -0.050647493451833725
-0.011154381558299065 -0.2071363776922226 -0.040256623178720474
-0.017722945660352707 -0.25244396924972534 0.017677823081612587
-0.01064070500433445 -0.26590409874916077 -0.04219130054116249
-0.006078383419662714 -0.25409960746765137 -0.07036688923835754
-0.01715972274541855 -0.26209813356399536 0.011458784341812134
-0.01633264496922493 -0.2815376818180084 0.017592957243323326
-0.012822682037949562 -0.19937285780906677 -0.023826727643609047
-0.01570076495409012 -0.27112552523612976 0.00019776169210672379
-0.014272992499172688 -0.1983671933412552 -0.010017230175435543
-0.009266206063330173 -0.23173277080059052 -0.05434004217386246
-0.005822458770126104 -0.23075741529464722 -0.07282663136720657
-0.013974608853459358 -0.2751496434211731 -0.014870350249111652
-0.018328409641981125 -0.21323978900909424 0.034610211849212646
-0.012391004711389542 -0.27324774861335754 -0.028134796768426895
-0.011056900955736637 -0.2922948896884918 -0.028284331783652306
-0.008464940823614597 -0.19116726517677307 -0.04989192262291908
-0.00929108913987875 -0.287151038646698 -0.0426451750099659
-0.018867136910557747 -0.24330376088619232 0.03969654440879822
-0.013887711800634861 -0.29197821021080017 -0.0006994377472437918
-0.01785682700574398 -0.2659551203250885 0.03214145451784134
-0.007227590307593346 -0.2734529376029968 -0.05968674272298813
-0.014214872382581234 -0.18260791897773743 0.0008842151728458703
-0.006200247909873724 -0.20337405800819397 -0.06298290938138962
-0.016557415947318077 -0.19422848522663116 0.0203548613935709
-0.010402333922684193 -0.1817937195301056 -0.03102978505194187
-0.0013323156163096428 -0.25144442915916443 -0.06997071206569672
-0.00307657103985548 -0.2768307030200958 -0.05634673312306404
-0.0037444077897816896 -0.2618944048881531 -0.0682634711265564
-0.010486026294529438 -0.29489386081695557 -0.013683784753084183
-0.002616369631141424 -0.24428150057792664 -0.0734020471572876
-0.009721413254737854 -0.29084470868110657 0.0011688261292874813
-0.014301711693406105 -0.23714204132556915 0.0404459573328495
-0.015797631815075874 -0.2168092131614685 0.03752242401242256
-0.017218923196196556 -0.23530885577201843 0.041133273392915726
-0.006483526434749365 -0.18153662979602814 -0.026144299656152725
-0.0029590001795440912 -0.19810770452022552 -0.05722583457827568
-0.005981732159852982 -0.1836187243461609 -0.03760959208011627
-0.010338670574128628 -0.17906655371189117 -0.018307777121663094
-0.01315500307828188 -0.2077229619026184 0.03169889375567436
-0.0073339506052434444 -0.2931444048881531 -0.018803423270583153
-0.0011754250153899193 -0.22985529899597168 -0.07184247672557831
-0.015983739867806435 -0.25597286224365234 0.03791366517543793
-0.00769066670909524 -0.293115496635437 -0.029826322570443153
-0.004154668189585209 -0.21854065358638763 -0.07074955850839615
-0.009593137539923191 -0.18167978525161743 -0.0018786838045343757
-0.013649350963532925 -0.1885625422000885 0.015208982862532139
-0.005075235851109028 -0.2882192134857178 -0.04166688770055771
-0.0017875838093459606 -0.21246705949306488 -0.06695327162742615
-0.005765162408351898 -0.2788054049015045 -0.05630366876721382
-0.01355415303260088 -0.2658981680870056 0.03265434876084328
-0.014648635871708393 -0.27792972326278687 0.024365393444895744
-0.011012379080057144 -0.1891198605298996 0.013018609024584293
-0.01472274586558342 -0.20141088962554932 0.029231226071715355
-0.013544179499149323 -0.28728288412094116 0.012035401538014412
-0.012264077551662922 -0.2783491909503937 0.02270539104938507
-0.005963439121842384 -0.18861441314220428 -0.04752355068922043
-0.007056111004203558 -0.2727862596511841 -0.0095242103561759
-0.002655064221471548 -0.2185540348291397 -0.047042492777109146
-0.002040415769442916 -0.23745407164096832 -0.05192340910434723
-0.003845671657472849 -0.20433147251605988 -0.031694196164608
-0.004483770579099655 -0.2710452079772949 -0.031068526208400726
-0.00908046867698431 -0.2599480450153351 0.012161980383098125
-0.010267668403685093 -0.24863271415233612 0.018111320212483406
-0.005812742747366428 -0.2006729692220688 -0.016396362334489822
-0.008345317095518112 -0.204961359500885 0.001498442841693759
-0.010570116341114044 -0.23519739508628845 0.020325807854533195
-0.00945703312754631 -0.2185400277376175 0.015259386040270329
-0.007741773966699839 -0.20596879720687866 0.0035055375192314386
-0.002191957551985979 -0.2584910988807678 -0.04476316645741463
-0.0076515283435583115 -0.26864853501319885 0.0022401593159884214
-0.0015273194294422865 -0.24542708694934845 -0.05090498551726341
-0.009674589149653912 -0.24176234006881714 0.020305655896663666
-0.0057341232895851135 -0.27370038628578186 -0.013212630525231361
-0.0018009820487350225 -0.21801984310150146 -0.04742582514882088
-0.011486059054732323 -0.2384743094444275 0.04669700935482979
-0.0034005430061370134 -0.268189400434494 -0.03446178510785103
0.002616905141621828 -0.26030048727989197 -0.07372614741325378
9.420444985153154e-05 -0.2883082628250122 -0.052156850695610046
0.002870803000405431 -0.22010397911071777 -0.07562490552663803
-0.005095819942653179 -0.17438606917858124 -0.0030368363950401545
-0.00347147393040359 -0.17386387288570404 -0.01966557465493679
-0.008275102823972702 -0.18556365370750427 0.020885685458779335
-0.010583032853901386 -0.20970973372459412 0.041366104036569595
-0.0005670041427947581 -0.18146003782749176 -0.04580632969737053
-0.009595585986971855 -0.2784978449344635 0.03198404237627983
-0.006263231858611107 -0.2974831759929657 0.0031289001926779747
0.0018680496141314507 -0.19909971952438354 -0.06589772552251816
-0.0023333055432885885 -0.2982045114040375 -0.0301787368953228
0.0011804131790995598 -0.17366886138916016 -0.023155318573117256
0.0011538005201146007 -0.17614516615867615 -0.036232925951480865
0.005153242498636246 -0.18721075356006622 -0.053019929677248
-0.0032301933970302343 -0.3009844720363617 -0.013564242981374264
-0.0011819867650046945 -0.2993704378604889 -0.0018296469934284687
0.00793909840285778 -0.23678086698055267 -0.07821966707706451
0.006846263539046049 -0.2700210511684418 -0.06899405270814896
0.005278926342725754 -0.25732070207595825 -0.07598936557769775
-0.0067093451507389545 -0.22821775078773499 0.047034021466970444
-0.008619273081421852 -0.21778495609760284 0.04553231596946716
-0.01009397767484188 -0.23474380373954773 0.04826173931360245
-0.006063409149646759 -0.21186105906963348 0.04235505312681198
0.005727485753595829 -0.24477919936180115 -0.07885999232530594
2.762815165624488e-05 -0.3009474575519562 -0.02075520157814026
0.004088816232979298 -0.2315656542778015 -0.07904539257287979
-0.01020736526697874 -0.26131319999694824 0.04330543428659439
-0.007983444258570671 -0.24987934529781342 0.047528062015771866
0.0005054720677435398 -0.29713132977485657 -0.038230326026678085
0.005306245759129524 -0.20999260246753693 -0.07349683344364166
-0.0009276040364056826 -0.174428328871727 -0.0038254489190876484
-0.006246086210012436 -0.25728943943977356 0.04425540566444397
0.003276158357039094 -0.29581454396247864 -0.03779924288392067
0.007365325000137091 -0.21154487133026123 -0.07220575958490372
-0.004946412984281778 -0.1805289387702942 0.015483354218304157
0.0027220251504331827 -0.28564777970314026 -0.057373687624931335
-0.0031138528138399124 -0.18257327377796173 0.01661154441535473
-0.006482707802206278 -0.27575594186782837 0.035616204142570496
0.004731820430606604 -0.2878802716732025 -0.05257765203714371
0.00427237106487155 -0.19231155514717102 -0.06125646084547043
0.003151834476739168 -0.2727844715118408 -0.0682918131351471
-0.007334007881581783 -0.1924189031124115 0.030620770528912544
-0.0066321855410933495 -0.2911807894706726 0.018744483590126038
-0.004426100291311741 -0.1902700513601303 0.02710065431892872
0.002811651211231947 -0.1829024702310562 -0.049652937799692154
-0.007570707704871893 -0.20300723612308502 0.03886054456233978
-0.00396248372271657 -0.2861439287662506 0.02419925108551979
-0.0025756205432116985 -0.2960604429244995 0.008738338015973568
-0.0021496452391147614 -0.22930392622947693 0.020994732156395912
0.003184868488460779 -0.201882466673851 -0.02401551604270935
-0.000976764364168048 -0.21050336956977844 0.010335905477404594
0.004976890981197357 -0.2087850421667099 -0.03710274398326874
0.0058672730810940266 -0.2199351042509079 -0.04644997417926788
0.006257054395973682 -0.23438367247581482 -0.0516439788043499
0.007055959664285183 -0.23944854736328125 -0.051060162484645844
0.005673178471624851 -0.2572554051876068 -0.04463573545217514
0.0019456278532743454 -0.2734576165676117 -0.013924285769462585
0.00038856102037243545 -0.2704066038131714 -0.0005121700814925134
0.0038658601697534323 -0.2702302932739258 -0.030649175867438316
-0.0020250948145985603 -0.2504071295261383 0.019011564552783966
0.0010987858986482024 -0.20245511829853058 -0.003581729717552662
-0.0005924792494624853 -0.26060113310813904 0.012764794752001762
0.004698337055742741 -0.27008485794067383 -0.030178476125001907
-0.0014726773370057344 -0.23576270043849945 0.022218575701117516
0.001771697192452848 -0.27208802103996277 -0.00541682168841362
0.003624405013397336 -0.200583353638649 -0.021202296018600464
-0.00042562506860122085 -0.21447919309139252 0.013278910890221596
0.000626296445261687 -0.18287190794944763 0.017881829291582108
0.008178479969501495 -0.29056963324546814 -0.04803461953997612
0.011254002340137959 -0.21898631751537323 -0.0745159238576889
0.011743741109967232 -0.232403963804245 -0.0776740089058876
0.010908077470958233 -0.2644496262073517 -0.07115843892097473
0.006993008311837912 -0.17860707640647888 -0.03860865905880928
-0.002371175680309534 -0.2115284651517868 0.04239428788423538
-0.0010381645988672972 -0.19320090115070343 0.030420292168855667
0.003722738241776824 -0.17389366030693054 -0.008858810178935528
-0.0027629618998616934 -0.2493242770433426 0.04709475487470627
-0.00295248138718307 -0.23456043004989624 0.048226356506347656
-0.002135047223418951 -0.26640331745147705 0.04095536842942238
0.00019450044783297926 -0.28971201181411743 0.0199290718883276
0.003452444914728403 -0.29980504512786865 -0.007311136927455664
0.009652141481637955 -0.2852036952972412 -0.05657427757978439
0.010292675346136093 -0.20062793791294098 -0.06589008122682571
0.003942576237022877 -0.29346197843551636 0.01651250757277012
0.0007039171177893877 -0.2779518961906433 0.03509724885225296
0.01575448177754879 -0.2131948471069336 -0.072208471596241
0.016079748049378395 -0.25480586290359497 -0.0741916373372078
0.015568315051496029 -0.235266774892807 -0.07760852575302124
0.0025162112433463335 -0.29574111104011536 0.01118533220142126
0.0043277982622385025 -0.28632280230522156 0.02510460652410984
0.002672262489795685 -0.26812002062797546 0.03996945917606354
0.013007078319787979 -0.19900667667388916 -0.0659240186214447
0.013872704468667507 -0.21563982963562012 -0.0747474879026413
-0.0008916403749026358 -0.2231009155511856 0.04805126413702965
0.002063408261165023 -0.21569854021072388 0.044743455946445465
0.003833649680018425 -0.19251295924186707 0.029895726591348648
0.0013205939903855324 -0.19862253963947296 0.03694727271795273
0.01438624132424593 -0.2795417606830597 -0.06016593798995018
0.012492399662733078 -0.29185014963150024 -0.045838404446840286
-0.00024482133449055254 -0.21043723821640015 0.04388062655925751
0.010484880767762661 -0.18558382987976074 -0.05308928340673447
0.01316483598202467 -0.27491986751556396 -0.06585614383220673
0.013647438026964664 -0.255176842212677 -0.0760333389043808
0.0014564464800059795 -0.24032342433929443 0.049040526151657104
0.005521365907043219 -0.17334455251693726 -0.0036559500731527805
0.006835996173322201 -0.3013846278190613 -0.0100522730499506
0.01331489160656929 -0.18580754101276398 -0.05107496306300163
0.007866852916777134 -0.29873836040496826 -0.003974126651883125
0.00289454055018723 -0.18214592337608337 0.01935643143951893
0.006292314268648624 -0.1779409497976303 0.008539317175745964
0.009735992178320885 -0.174754336476326 -0.020043475553393364
0.006328373681753874 -0.2991484999656677 -0.028306517750024796
0.0005837387288920581 -0.25880980491638184 0.0458722822368145
0.01011616550385952 -0.1769535392522812 -0.03680921718478203
0.009129638783633709 -0.2979138195514679 -0.03477073460817337
0.008094516582787037 -0.17338383197784424 -0.02358139678835869
0.010269607417285442 -0.29889413714408875 -0.027189934626221657
0.007283453363925219 -0.217680886387825 0.01615467295050621
0.013907765969634056 -0.21358874440193176 -0.04155527055263519
0.014682303182780743 -0.22309112548828125 -0.046879902482032776
0.014912155456840992 -0.23690253496170044 -0.049950383603572845
0.010458488948643208 -0.20080603659152985 -0.010899572633206844
0.011914331465959549 -0.20193761587142944 -0.02196677401661873
0.012739475816488266 -0.20638145506381989 -0.033447835594415665
0.013789857737720013 -0.25881853699684143 -0.042631980031728745
0.012696074321866035 -0.26863643527030945 -0.03182068467140198
0.011556971818208694 -0.27302396297454834 -0.01846453733742237
0.008897711522877216 -0.2710111439228058 -0.0005181267624720931
0.007204141467809677 -0.25994613766670227 0.014022375456988811
0.006083723623305559 -0.23623928427696228 0.022643301635980606
0.008564162068068981 -0.20407937467098236 0.0015922412276268005
0.007052753586322069 -0.23208507895469666 0.021809130907058716
0.007163051050156355 -0.24742794036865234 0.02060519903898239
0.005592004861682653 -0.25545549392700195 0.04656219109892845
0.01390632800757885 -0.17517711222171783 -0.024970293045043945
0.015267947688698769 -0.20111316442489624 -0.04382824897766113
0.0194952804595232 -0.2182445377111435 -0.07348355650901794
0.008756092749536037 -0.20743058621883392 0.008471745066344738
0.014492017216980457 -0.2968556880950928 -0.030910102650523186
0.009109490551054478 -0.1814221292734146 0.01604301482439041
0.008902499452233315 -0.2731121778488159 0.009036717936396599
0.015195011161267757 -0.25187572836875916 -0.047459546476602554
0.01722760871052742 -0.285785049200058 -0.053361427038908005
0.006568510085344315 -0.2722635865211487 0.03842344507575035
0.01675756275653839 -0.1855371743440628 -0.04983079060912132
0.011672965250909328 -0.1741388589143753 -0.0026967960875481367
0.005460989195853472 -0.22910162806510925 0.04906279593706131
0.005832545459270477 -0.2131062000989914 0.04485093429684639
0.009744478389620781 -0.2948835492134094 0.011327915824949741
0.012032287195324898 -0.2999740540981293 -0.00763701694086194
0.019845424219965935 -0.2539696991443634 -0.07452244311571121
0.01860649883747101 -0.2736848294734955 -0.06485675275325775
0.019403107464313507 -0.2011508345603943 -0.06596722453832626
0.0220500361174345 -0.2841769754886627 -0.05476567521691322
0.019076485186815262 -0.2980683445930481 -0.031313735991716385
0.01787150278687477 -0.29456382989883423 -0.04215999320149422
0.008531523868441582 -0.2180444449186325 0.04754231870174408
0.010488403961062431 -0.20970125496387482 0.043568745255470276
0.011871001683175564 -0.2943990230560303 0.01567978970706463
0.008520315401256084 -0.28625136613845825 0.026511812582612038
0.011718341149389744 -0.2796441316604614 0.0333118662238121
0.019460612908005714 -0.2859342098236084 -0.054964981973171234
0.023072168231010437 -0.19990819692611694 -0.06449354439973831
0.024416549131274223 -0.22606922686100006 -0.07498873770236969
0.021844204515218735 -0.21119749546051025 -0.0718977078795433
0.021709343418478966 -0.2714461386203766 -0.06741365045309067
0.01936507783830166 -0.18671688437461853 -0.05324723571538925
0.006543329451233149 -0.24299828708171844 0.04986672103404999
0.014769432134926319 -0.29649487137794495 0.007461290340870619
0.014458253979682922 -0.30002185702323914 -0.0017790674464777112
0.009724709205329418 -0.23723511397838593 0.04984784498810768
0.014365172013640404 -0.17735694348812103 0.009258019737899303
0.015658430755138397 -0.17281165719032288 -0.010117935948073864
0.020835675299167633 -0.18216824531555176 -0.045299090445041656
0.02371099218726158 -0.2649005949497223 -0.06933331489562988
0.014788138680160046 -0.30099058151245117 -0.019551437348127365
0.02367546036839485 -0.25326570868492126 -0.07463441044092178
0.016514534130692482 -0.17623528838157654 -0.03445621579885483
0.018616927787661552 -0.17499200999736786 -0.027196764945983887
0.010038910433650017 -0.2569331228733063 0.04658777266740799
0.02158355712890625 -0.2413102090358734 -0.07712859660387039
0.017435260117053986 -0.30006542801856995 -0.01669164188206196
0.01170674990862608 -0.1853553205728531 0.024320252239704132
0.008123369887471199 -0.1942158043384552 0.03406399115920067
0.009016009047627449 -0.27183330059051514 0.04058777168393135
0.0224730484187603 -0.2278268039226532 -0.07684694975614548
0.011711790226399899 -0.19530139863491058 0.03376270830631256
0.01520630344748497 -0.23178520798683167 0.018179142847657204
0.01799270510673523 -0.2686842083930969 -0.006839005276560783
0.015998493880033493 -0.2220400720834732 0.01439091470092535
0.016519224271178246 -0.21519309282302856 0.009548579342663288
0.017551785334944725 -0.20799905061721802 -0.0004544653638731688
0.01930660381913185 -0.2051142156124115 -0.01443150918930769
0.015487182885408401 -0.24602484703063965 0.01720931939780712
0.02134622260928154 -0.2107776552438736 -0.030348755419254303
0.021867424249649048 -0.2203633040189743 -0.04120061174035072
0.02264239452779293 -0.2423437386751175 -0.04403698444366455
0.021547291427850723 -0.2580558955669403 -0.037638138979673386
0.020007042214274406 -0.26674684882164 -0.024041514843702316
0.016469217836856842 -0.2585825026035309 0.01004200428724289
0.02230468951165676 -0.2593969404697418 -0.036069370806217194
0.020036576315760612 -0.2692304253578186 -0.016558410599827766
0.026059752330183983 -0.2023996263742447 -0.057260043919086456
0.022771786898374557 -0.22149762511253357 -0.04083078354597092
0.01822454296052456 -0.26647746562957764 -0.0017487899167463183
0.027517110109329224 -0.23046991229057312 -0.06889774650335312
0.026971731334924698 -0.25826847553253174 -0.06473066657781601
0.016642149537801743 -0.19301670789718628 0.022702591493725777
0.019710643216967583 -0.1813868284225464 -0.0013257624814286828
0.024309882894158363 -0.18870337307453156 -0.041964951902627945
0.01488345768302679 -0.21510539948940277 0.03887532651424408
0.014270183630287647 -0.24116191267967224 0.04354709014296532
0.015946749597787857 -0.2749812602996826 0.029265690594911575
0.019560253247618675 -0.2923031449317932 -0.0006455251132138073
0.021472159773111343 -0.29386088252067566 -0.016823025420308113
0.025296181440353394 -0.2776208221912384 -0.05113506689667702
0.021608205512166023 -0.18094342947006226 -0.018479036167263985
0.023997461423277855 -0.2935711741447449 -0.0022372896783053875
0.019243517890572548 -0.2231883406639099 0.042279038578271866
0.017401156947016716 -0.21261005103588104 0.03957291319966316
0.016478538513183594 -0.22948624193668365 0.04465916380286217
0.021379707381129265 -0.28052234649658203 0.023617621511220932
0.0215083509683609 -0.28928613662719727 0.01181777473539114
0.02406465820968151 -0.18073901534080505 -0.0261622816324234
0.023040026426315308 -0.17937001585960388 -0.009236975573003292
0.03205053135752678 -0.2413424849510193 -0.0687311589717865
0.03133050352334976 -0.26418039202690125 -0.061366934329271317
0.02951531484723091 -0.2543141543865204 -0.06763213872909546
0.016229139640927315 -0.2537262737751007 0.04277435317635536
0.02544977143406868 -0.18037283420562744 -0.011308575049042702
0.02787497453391552 -0.183969646692276 -0.03325564041733742
0.028945429250597954 -0.22234290838241577 -0.06808654963970184
0.026874439790844917 -0.29282745718955994 -0.02319016493856907
0.019006522372364998 -0.24780701100826263 0.043503645807504654
0.024258147925138474 -0.2901889383792877 -0.03443541005253792
0.03185499086976051 -0.22052684426307678 -0.06664486974477768
0.02280629426240921 -0.18192291259765625 0.004010604228824377
0.019379878416657448 -0.18675856292247772 0.015904467552900314
0.028454255312681198 -0.20403213798999786 -0.059651270508766174
0.02680058963596821 -0.2891310751438141 -0.03687260299921036
0.017415951937437057 -0.27312546968460083 0.03224242478609085
0.027513893321156502 -0.27726197242736816 -0.05401211604475975
0.01997217908501625 -0.2677868902683258 0.03512200713157654
0.02982659824192524 -0.27991291880607605 -0.04929131641983986
0.02228475920855999 -0.18859486281871796 0.016179349273443222
0.01728750951588154 -0.19977504014968872 0.03115387074649334
0.026953479275107384 -0.18999315798282623 -0.0459221713244915
0.01842804066836834 -0.2855030596256256 0.01852710358798504
0.030124181881546974 -0.1966835856437683 -0.0522184744477272
0.020473454147577286 -0.19886066019535065 0.030075231567025185
0.025489794090390205 -0.2145431637763977 0.006072521675378084
0.026616619899868965 -0.20868539810180664 -0.007219041232019663
0.0239578764885664 -0.22902430593967438 0.016298891976475716
0.030375219881534576 -0.2311207354068756 -0.04042721167206764
0.029991833493113518 -0.21927028894424438 -0.034450385719537735
0.030258329585194588 -0.2474113553762436 -0.03896212950348854
0.0298259686678648 -0.25826743245124817 -0.03109627775847912
0.028527364134788513 -0.2647285759449005 -0.019531823694705963
0.026921294629573822 -0.2651630938053131 -0.006131097674369812
0.023755423724651337 -0.2449614703655243 0.015759119763970375
0.029786845669150352 -0.2855089604854584 -0.016193220391869545
0.028155136853456497 -0.20800086855888367 -0.015061954036355019
0.024820601567626 -0.25030428171157837 0.014099746942520142
0.0238342247903347 -0.22280286252498627 0.0351540707051754
0.02405245043337345 -0.25713393092155457 0.03313488885760307
0.03506561368703842 -0.2472011297941208 -0.05985023453831673
0.031074337661266327 -0.22690163552761078 -0.03932914510369301
0.03374074772000313 -0.20537245273590088 -0.04926414415240288
0.027252160012722015 -0.28218212723731995 0.009535238146781921
0.027636246755719185 -0.19045467674732208 0.004088880494236946
0.03195669874548912 -0.2799052298069 -0.034813281148672104
0.02539079263806343 -0.20126725733280182 0.02127477154135704
0.029838331043720245 -0.18791811168193817 -0.01541566476225853
0.034301288425922394 -0.260116308927536 -0.0545542947947979
0.03523717820644379 -0.222561314702034 -0.05911673977971077
0.031139304861426353 -0.1901210993528366 -0.0272655226290226
0.03953033313155174 -0.223612979054451 -0.05836111679673195
0.0374651774764061 -0.23650574684143066 -0.06142720580101013
0.0340980626642704 -0.28654301166534424 -0.012765022926032543
0.029756849631667137 -0.2865362763404846 -0.003112532664090395
0.03268222138285637 -0.28595536947250366 -0.02381177805364132
0.03934946656227112 -0.24853430688381195 -0.0589568130671978
0.028236012905836105 -0.23374368250370026 0.037567343562841415
0.02909518964588642 -0.21145851910114288 0.030521638691425323
0.025926779955625534 -0.22576014697551727 0.03743693232536316
0.025664053857326508 -0.2456270456314087 0.03801032155752182
0.03698216378688812 -0.21002604067325592 -0.05377836152911186
0.035394273698329926 -0.27618318796157837 -0.04307827353477478
0.029824553057551384 -0.18839457631111145 0.0019065524684265256
0.034239351749420166 -0.18733914196491241 -0.01611405983567238
0.034997813403606415 -0.2672198712825775 -0.05166996642947197
0.03677003085613251 -0.2795267403125763 -0.03571063280105591
0.03212219476699829 -0.18978950381278992 0.003486848436295986
0.02859993651509285 -0.26016882061958313 0.03262295573949814
0.03481023758649826 -0.19772978127002716 -0.04273387789726257
0.02691206894814968 -0.2746313512325287 0.0217966977506876
0.028155691921710968 -0.1960209161043167 0.017473602667450905
0.038214825093746185 -0.20316250622272491 -0.046314533799886703
0.03512987866997719 -0.191226989030838 -0.03197025507688522
0.038758013397455215 -0.2617923617362976 -0.054030485451221466
0.030726177617907524 -0.19725778698921204 0.016987748444080353
0.02669496275484562 -0.20664261281490326 0.028453746810555458
0.030897781252861023 -0.2777847349643707 0.01584056206047535
0.03283647820353508 -0.2851516008377075 -0.0015166765078902245
0.03787823021411896 -0.2123783975839615 -0.034940335899591446
0.03581546992063522 -0.2084299474954605 -0.010621706955134869
0.033637747168540955 -0.26400870084762573 0.004191256128251553
0.03877818584442139 -0.24875697493553162 -0.037060532718896866
0.03776367008686066 -0.2605588734149933 -0.027574606239795685
0.03250352665781975 -0.24323421716690063 0.017136598005890846
0.03918270766735077 -0.23531661927700043 -0.0394306443631649
0.03254951909184456 -0.23123791813850403 0.017924511805176735
0.032345738261938095 -0.23351408541202545 0.016973480582237244
0.03397221490740776 -0.21343255043029785 0.0058199516497552395
0.036185260862112045 -0.2653175890445709 -0.015830617398023605
0.0351032130420208 -0.20179122686386108 0.011533373966813087
0.03349459171295166 -0.25564104318618774 0.02700817957520485
0.03910379484295845 -0.22181616723537445 -0.035398006439208984
0.04245728626847267 -0.23238252103328705 -0.05187465623021126
0.037889257073402405 -0.212560772895813 -0.02666465938091278
0.04067446291446686 -0.20484280586242676 -0.03720835968852043
0.04075782746076584 -0.270632266998291 -0.035658977925777435
0.03491993620991707 -0.26968270540237427 0.015284384600818157
0.03478063642978668 -0.26349955797195435 0.0010712230578064919
0.03873768821358681 -0.2781829535961151 -0.018121669068932533
0.03321289271116257 -0.22579175233840942 0.029681021347641945
0.0367533341050148 -0.27778881788253784 0.0003109099925495684
0.0426347590982914 -0.25451818108558655 -0.04900100454688072
0.03788766637444496 -0.19485829770565033 -0.010381054133176804
0.03810853138566017 -0.26082444190979004 0.024180684238672256
0.037258587777614594 -0.24628214538097382 0.030526144430041313
0.04515940323472023 -0.2039286494255066 -0.03585810586810112
0.04660867899656296 -0.21776647865772247 -0.046714071184396744
0.04353395849466324 -0.20678094029426575 -0.041035741567611694
0.047110605984926224 -0.22927232086658478 -0.03656362369656563
0.046878475695848465 -0.23114685714244843 -0.05185187980532646
0.04368579015135765 -0.26756906509399414 -0.040382273495197296
0.03745070472359657 -0.27305951714515686 0.01295450795441866
0.038872554898262024 -0.20618851482868195 0.018494082614779472
0.03548096492886543 -0.20692743360996246 0.01982550509274006
0.03731542080640793 -0.22322508692741394 0.02963746152818203
0.040748480707407 -0.19665150344371796 -0.024684252217411995
0.03467930853366852 -0.23918485641479492 0.03214458376169205
0.046518176794052124 -0.25730228424072266 -0.04654090479016304
0.044475145637989044 -0.24126620590686798 -0.052921637892723083
0.03956826403737068 -0.272137314081192 0.01208109688013792
0.0409967266023159 -0.19590812921524048 -0.0016456557204946876
0.04285253584384918 -0.19536401331424713 -0.017871731892228127
0.03845146298408508 -0.1953623741865158 0.0006945669883862138
0.04408480226993561 -0.27434298396110535 -0.03067251294851303
0.04677199572324753 -0.24856644868850708 -0.0503973551094532
0.04124089330434799 -0.27827906608581543 -0.002885199151933193
0.040866345167160034 -0.2795719802379608 -0.015501562505960464
0.04390879347920418 -0.21917979419231415 -0.04918670281767845
0.043615762144327164 -0.27693280577659607 -0.021624796092510223
0.03962261229753494 -0.24959568679332733 0.022314894944429398
0.046122875064611435 -0.25797271728515625 -0.028147095814347267
0.04486357048153877 -0.26380789279937744 -0.01680980809032917
0.04353141039609909 -0.2644338011741638 -0.005633893888443708
0.04366375878453255 -0.20923689007759094 -0.006672969087958336
0.04211919382214546 -0.2591819763183594 0.006626830901950598
0.04535716772079468 -0.21175351738929749 -0.021438023075461388
0.03993193432688713 -0.25598660111427307 0.018449539318680763
0.04643552377820015 -0.21889720857143402 -0.03082858957350254
0.04717186838388443 -0.24476440250873566 -0.03670119866728783
0.039664655923843384 -0.23000286519527435 0.02217710018157959
0.04089449718594551 -0.229963481426239 0.016499601304531097
0.04170611500740051 -0.21749627590179443 0.01004646997898817
0.04075164720416069 -0.2496076077222824 0.017217988148331642
0.04124566167593002 -0.2503436803817749 0.01402946189045906
0.04115035757422447 -0.24390631914138794 0.016732532531023026
-0.012770564295351505 -0.19550001621246338 -0.023718995973467827
-0.021112624555826187 -0.1933986395597458 0.0014837306225672364
-0.025299113243818283 -0.19950342178344727 0.0009947834769263864
-0.02788633480668068 -0.19299477338790894 0.0006927241920493543
-0.02624456025660038 -0.2755813002586365 -0.03536408767104149
-0.03252093121409416 -0.22262245416641235 0.019927434623241425
-0.022998593747615814 -0.23357747495174408 -0.05870881676673889
-0.02312568388879299 -0.25090256333351135 -0.05633489787578583
0.04327542334794998 -0.24946264922618866 0.025003626942634583
0.046007055789232254 -0.24957780539989471 0.024430900812149048
0.04537835344672203 -0.24413925409317017 0.01678401418030262
0.04555828869342804 -0.24974121153354645 0.016759388148784637
0.04761967808008194 -0.22999976575374603 0.021953582763671875
0.042996734380722046 -0.23000004887580872 0.02473360300064087
0.04768216609954834 -0.24399927258491516 0.021227644756436348
0.04790797084569931 -0.24960483610630035 0.020511534065008163
0.05172577500343323 -0.21194884181022644 0.0021234042942523956
0.05265998840332031 -0.20949667692184448 -0.005875713191926479
0.050295621156692505 -0.25156369805336 0.014374736696481705
0.050725165754556656 -0.21800744533538818 0.010695671662688255
0.05002150684595108 -0.24400383234024048 0.016714636236429214
0.049964629113674164 -0.22996853291988373 0.017205707728862762
0.05157358944416046 -0.26130425930023193 0.003432461991906166
0.05294819921255112 -0.26444241404533386 -0.008335205726325512
0.05433013290166855 -0.2619856894016266 -0.02016955241560936
0.05550578236579895 -0.2545156478881836 -0.030235426500439644
0.05607614666223526 -0.24464209377765656 -0.035121191293001175
0.056214507669210434 -0.23314021527767181 -0.03630644828081131
0.05579520761966705 -0.22373227775096893 -0.032712750136852264
0.05488399788737297 -0.21487747132778168 -0.024910960346460342
0.053822290152311325 -0.2106456458568573 -0.015820559114217758
0.05246454477310181 -0.23000000417232513 0.021655824035406113
0.05391281470656395 -0.2297990918159485 0.017061714082956314
0.05246454477310181 -0.24400001764297485 0.021655824035406113
0.053787391632795334 -0.23791465163230896 0.017539212480187416
0.053954627364873886 -0.2441769391298294 0.01700182445347309
0.047115981578826904 -0.2559981644153595 0.018481295555830002
0.04271450266242027 -0.2559993267059326 0.025048386305570602
0.05603766441345215 -0.21135281026363373 -0.00031443819170817733
0.05923093482851982 -0.21855288743972778 -0.027652744203805923
0.060107722878456116 -0.23249410092830658 -0.03515885770320892
0.057962194085121155 -0.21145404875278473 -0.016787735745310783
0.05473526939749718 -0.21882390975952148 0.010835547000169754
0.05505804345011711 -0.2582930326461792 0.008069233037531376
0.05670875310897827 -0.2635960280895233 -0.0060601127333939075
0.0585741251707077 -0.26055219769477844 -0.02202952839434147
0.05979793518781662 -0.24837027490139008 -0.03250836208462715
0.05869361758232117 -0.25745680928230286 -0.023052895441651344
0.05738363415002823 -0.2621503174304962 -0.011837790720164776
0.05466271936893463 -0.2215445339679718 0.011456375941634178
0.058823198080062866 -0.2173897624015808 -0.024162255227565765
0.059701621532440186 -0.2269926220178604 -0.03168241307139397
0.05781159922480583 -0.21282708644866943 -0.015501732937991619
0.054111167788505554 -0.24152466654777527 0.016178129240870476
0.05567096918821335 -0.25965026021003723 0.0028246159199625254
0.05990457534790039 -0.23889127373695374 -0.033419933170080185
0.05620951950550079 -0.2124229371547699 -0.0017859553918242455
0.054628223180770874 -0.25165855884552 0.011751706711947918
0.059556227177381516 -0.24931025505065918 -0.030437786132097244
-0.4642532467842102 -0.26750215888023376 -0.09060933440923691
-0.46023255586624146 -0.2674992084503174 -0.08484020084142685
-0.46495458483695984 -0.26750311255455017 -0.07849118113517761
-0.4713136851787567 -0.2674974203109741 -0.0797029435634613
-0.47317707538604736 -0.2674995958805084 -0.08637356758117676
-0.46990135312080383 -0.2675025761127472 -0.09037981182336807
-0.4708873927593231 -0.26449719071388245 -0.09057871252298355
-0.47353971004486084 -0.26450619101524353 -0.08270706236362457
-0.4663872718811035 -0.2644992172718048 -0.07761915773153305
-0.4601878523826599 -0.26450103521347046 -0.08392208069562912
-0.4629039764404297 -0.26450133323669434 -0.09010064601898193
-0.4679245352745056 -0.2644979655742645 -0.06979706138372421
-0.4568674564361572 -0.26449957489967346 -0.07389839738607407
-0.480175644159317 -0.26449939608573914 -0.09170558303594589
-0.45193639397621155 -0.2645007073879242 -0.08553784340620041
-0.48039957880973816 -0.2644956111907959 -0.0772731751203537
-0.46942490339279175 -0.2645004093647003 -0.09965413808822632
-0.4576825797557831 -0.26450014114379883 -0.09619813412427902
-0.48106420040130615 -0.26749712228775024 -0.09012377262115479
-0.4801428020000458 -0.26749899983406067 -0.07770860195159912
-0.4615723192691803 -0.2675004005432129 -0.0985962450504303
-0.4727173447608948 -0.2675004005432129 -0.09836336970329285
-0.4725853502750397 -0.2674993574619293 -0.07111582159996033
-0.4616026282310486 -0.2675006687641144 -0.07078081369400024
-0.45356956124305725 -0.26749929785728455 -0.07863082736730576
-0.4530337452888489 -0.26750051975250244 -0.08999647200107574
-0.47430136799812317 -0.26749998331069946 -0.07918107509613037
-0.47621408104896545 -0.2674999237060547 -0.0865296870470047
-0.4578498899936676 -0.2674998641014099 -0.08231647312641144
-0.45942625403404236 -0.26750001311302185 -0.0898098424077034
-0.4645373821258545 -0.2675000727176666 -0.09365475922822952
-0.4713955521583557 -0.26750001311302185 -0.09278325736522675
-0.4659929573535919 -0.267500102519989 -0.07512781023979187
-0.4583200514316559 -0.27950000762939453 -0.08875633031129837
-0.4669449031352997 -0.2795000672340393 -0.09408567100763321
-0.4608285427093506 -0.27950018644332886 -0.07738277316093445
-0.471435010433197 -0.2794998586177826 -0.07643194496631622
-0.4759434759616852 -0.2795000374317169 -0.08260715752840042
-0.47467976808547974 -0.2795001268386841 -0.08995433896780014
-0.4637812077999115 -0.26750218868255615 -0.04880598932504654
-0.4606630802154541 -0.2675049602985382 -0.05524076521396637
-0.46464604139328003 -0.26749926805496216 -0.061084527522325516
-0.47185683250427246 -0.26750242710113525 -0.0503830686211586
-0.472828209400177 -0.26749876141548157 -0.05804028362035751
-0.4738893210887909 -0.2645030915737152 -0.054810333997011185
-0.46732914447784424 -0.2644954025745392 -0.061981186270713806
-0.4670602083206177 -0.2644997537136078 -0.047361813485622406
-0.4600769877433777 -0.2644996643066406 -0.05503141134977341
-0.4648081660270691 -0.2645026743412018 -0.06960871070623398
-0.4762534499168396 -0.26449912786483765 -0.0662759318947792
-0.4569506347179413 -0.26450181007385254 -0.0440334789454937
-0.45235052704811096 -0.2644985616207123 -0.052257683128118515
-0.4547613859176636 -0.26450079679489136 -0.06312130391597748
-0.47560441493988037 -0.26450061798095703 -0.04282562434673309
-0.4658943712711334 -0.2644994258880615 -0.03985641524195671
-0.48219311237335205 -0.26449841260910034 -0.05372699350118637
-0.48177823424339294 -0.26750263571739197 -0.05538201704621315
-0.4775334596633911 -0.2674976587295532 -0.0439019575715065
-0.46769028902053833 -0.2675008773803711 -0.06991669535636902
-0.478177934885025 -0.26749950647354126 -0.0642637088894844
-0.46507489681243896 -0.26749885082244873 -0.03994463384151459
-0.45566338300704956 -0.2675000727176666 -0.045273225754499435
-0.45224738121032715 -0.2674996554851532 -0.054024744778871536
-0.45545557141304016 -0.26750099658966064 -0.0640786737203598
-0.460560142993927 -0.26749998331069946 -0.06144863739609718
-0.46957600116729736 -0.2674998641014099 -0.06385721266269684
-0.457790732383728 -0.2674999237060547 -0.05257158353924751
-0.4657374322414398 -0.2674999237060547 -0.04523731768131256
-0.4758601784706116 -0.26750004291534424 -0.05738788843154907
-0.4746987819671631 -0.26750004291534424 -0.04954881966114044
-0.4665622413158417 -0.27950018644332886 -0.06412407755851746
-0.46076685190200806 -0.27950000762939453 -0.04793591797351837
-0.4577544331550598 -0.27950000762939453 -0.05440543591976166
-0.4753584563732147 -0.2795001268386841 -0.05029258504509926
-0.47466111183166504 -0.2795000970363617 -0.05998055264353752
-0.45996007323265076 -0.2795001268386841 -0.06050723046064377
-0.46737346053123474 -0.2795000374317169 -0.04551517963409424
-0.05696693807840347 -0.2843621075153351 -0.074720099568367
-0.052058182656764984 -0.2758672833442688 -0.07444537431001663
-0.042309507727622986 -0.2758672833442688 -0.07330664247274399
-0.052127014845609665 -0.29285693168640137 -0.07385608553886414
-0.04237833991646767 -0.29285693168640137 -0.0727173462510109
-0.037469588220119476 -0.2843621075153351 -0.07244262844324112
-0.06493301689624786 -0.26420047879219055 -0.10249283164739609
-0.05939695984125137 -0.24963723123073578 -0.11215639859437943
-0.06438085436820984 -0.23268668353557587 -0.10688502341508865
-0.07541994005441666 -0.2300456017255783 -0.09230828285217285
-0.08134298026561737 -0.24495558440685272 -0.08281437307596207
-0.07611551135778427 -0.2618505358695984 -0.0876842588186264
-0.07710771262645721 -0.24470679461956024 0.03635052591562271
-0.08330246806144714 -0.20976614952087402 0.05468110740184784
-0.08008037507534027 -0.2245168834924698 0.06550772488117218
-0.0837516337633133 -0.2410968691110611 0.05944769084453583
-0.09129054099321365 -0.24364447593688965 0.042536623775959015
-0.09460281580686569 -0.22911463677883148 0.03184756264090538
-0.09076705574989319 -0.21209290623664856 0.03783794119954109
-0.08444330096244812 -0.25694042444229126 -0.08034198731184006
-0.05935807153582573 -0.2651015818119049 -0.11602217704057693
-0.08497150242328644 -0.23254653811454773 -0.08319791406393051
-0.13097910583019257 -0.22590425610542297 -0.07666020095348358
-0.13748681545257568 -0.2338639497756958 -0.0753454938530922
-0.11968452483415604 -0.2303725630044937 -0.0736190676689148
-0.07772582024335861 -0.2841065526008606 -0.1688881516456604
-0.07396163046360016 -0.29313215613365173 -0.14929883182048798
-0.08348838239908218 -0.2929038405418396 -0.1655123382806778
-0.06650194525718689 -0.2798444330692291 -0.15506882965564728
-0.14743350446224213 -0.22365802526474 -0.08399205654859543
-0.0606570765376091 -0.2770492136478424 -0.13339288532733917
-0.06545056402683258 -0.2845607399940491 -0.14062538743019104
-0.06745904684066772 -0.27469968795776367 -0.16199089586734772
-0.13038045167922974 -0.21482104063034058 -0.08279474079608917
-0.14639051258563995 -0.21069158613681793 -0.093182273209095
-0.056097302585840225 -0.25794491171836853 -0.1312054693698883
-0.059121791273355484 -0.27159300446510315 -0.12767629325389862
-0.056921109557151794 -0.2588914930820465 -0.14437325298786163
-0.11449497193098068 -0.21476127207279205 -0.08184752613306046
-0.10417132824659348 -0.22900055348873138 -0.07577987760305405
-0.13544340431690216 -0.2046968638896942 -0.09392319619655609
-0.09680960327386856 -0.24607603251934052 -0.0740661770105362
-0.05692066624760628 -0.24771712720394135 -0.12088292092084885
-0.07814860343933105 -0.24276679754257202 -0.1808239370584488
-0.06779913604259491 -0.25715720653533936 -0.17041994631290436
-0.07870033383369446 -0.26060914993286133 -0.18131129443645477
-0.06042354181408882 -0.2656410336494446 -0.1528279185295105
-0.10038337111473083 -0.2160734087228775 -0.08426052331924438
-0.09172090888023376 -0.22752289474010468 -0.08135853707790375
-0.11605469137430191 -0.30673837661743164 -0.10212190449237823
-0.12983357906341553 -0.30586978793144226 -0.10260482877492905
-0.1208830252289772 -0.3119262158870697 -0.11443804949522018
-0.08791809529066086 -0.21531684696674347 -0.09168976545333862
-0.12116438895463943 -0.20040670037269592 -0.095758818089962
-0.07137978821992874 -0.26667526364326477 -0.17216376960277557
-0.07680176943540573 -0.27651169896125793 -0.17344793677330017
-0.13547582924365997 -0.1972285956144333 -0.1050804853439331
-0.10418934375047684 -0.2069130837917328 -0.09083285182714462
-0.07279600203037262 -0.21799783408641815 -0.10571033507585526
-0.10693569481372833 -0.30864134430885315 -0.10828893631696701
-0.05990711227059364 -0.23218274116516113 -0.12139593809843063
-0.07003454118967056 -0.2424669861793518 -0.17247219383716583
-0.06511788070201874 -0.22206027805805206 -0.11735937744379044
-0.12004231661558151 -0.29435935616493225 -0.08641300350427628
-0.13530205190181732 -0.2987358272075653 -0.09444348514080048
-0.08762717992067337 -0.20797207951545715 -0.09933799505233765
-0.13688330352306366 -0.2581635117530823 -0.07293175905942917
-0.1496817022562027 -0.26208066940307617 -0.0788043662905693
-0.1292586326599121 -0.27022239565849304 -0.07345518469810486
-0.14970263838768005 -0.2465071976184845 -0.07798226177692413
-0.13198983669281006 -0.24268096685409546 -0.07178761065006256
-0.11300633102655411 -0.3142090141773224 -0.12554092705249786
-0.05644499137997627 -0.24364100396633148 -0.14086782932281494
-0.05843718722462654 -0.2329774796962738 -0.1282080113887787
-0.10609143227338791 -0.29921966791152954 -0.09358851611614227
-0.12683813273906708 -0.2887454032897949 -0.08259136229753494
-0.14132125675678253 -0.2890535891056061 -0.08727265894412994
-0.10997799783945084 -0.19705742597579956 -0.10223454982042313
-0.12198010087013245 -0.25216802954673767 -0.07001445442438126
-0.11257750540971756 -0.24281246960163116 -0.07084345817565918
-0.09720392525196075 -0.31070706248283386 -0.1262497454881668
-0.05786040425300598 -0.23606161773204803 -0.13916023075580597
-0.06182008236646652 -0.25260689854621887 -0.16041366755962372
-0.061129357665777206 -0.24172095954418182 -0.1572566032409668
-0.09739081561565399 -0.19840140640735626 -0.10645730793476105
-0.12776637077331543 -0.1923302263021469 -0.11195126175880432
-0.07629596441984177 -0.2089715600013733 -0.11411329358816147
-0.06602250784635544 -0.2166975438594818 -0.13830222189426422
-0.09250576794147491 -0.3029298186302185 -0.10712313652038574
-0.06859849393367767 -0.2131449580192566 -0.12948814034461975
-0.10259923338890076 -0.2920496463775635 -0.08748084306716919
-0.11295388638973236 -0.2596978545188904 -0.07074286043643951
-0.13945730030536652 -0.27895215153694153 -0.08000516146421432
-0.14773018658161163 -0.27487853169441223 -0.08196450024843216
-0.06383806467056274 -0.22558128833770752 -0.150750994682312
-0.07013527303934097 -0.22585755586624146 -0.1646846979856491
-0.0863540917634964 -0.200835183262825 -0.11390577256679535
-0.08884772658348083 -0.3058205544948578 -0.12138812988996506
-0.09165914356708527 -0.2929035425186157 -0.09401535987854004
-0.10255803167819977 -0.282045841217041 -0.0802127793431282
-0.11440977454185486 -0.2769653797149658 -0.07538758963346481
-0.11428096890449524 -0.18972496688365936 -0.12008927017450333
-0.07889934629201889 -0.23207026720046997 -0.17816351354122162
-0.1228557676076889 -0.18841275572776794 -0.12927104532718658
-0.10074417293071747 -0.31189942359924316 -0.13996891677379608
-0.10363006591796875 -0.19146299362182617 -0.11970490217208862
-0.08207325637340546 -0.20064325630664825 -0.12579555809497833
-0.07988464832305908 -0.29031217098236084 -0.10170198231935501
-0.08849404007196426 -0.2840527296066284 -0.08796859532594681
-0.07290340214967728 -0.21318237483501434 -0.1535811424255371
-0.07721399515867233 -0.204081192612648 -0.1382381021976471
-0.0800304189324379 -0.2984705865383148 -0.11615271121263504
-0.09435074776411057 -0.194631427526474 -0.12097527831792831
-0.0829235091805458 -0.22165395319461823 -0.1758585125207901
-0.08469105511903763 -0.3045985698699951 -0.13885295391082764
-0.07878286391496658 -0.29998672008514404 -0.12750530242919922
-0.0841970294713974 -0.21347790956497192 -0.17005136609077454
-0.10056634247303009 -0.26422086358070374 -0.0738985538482666
-0.06922046840190887 -0.28670668601989746 -0.11543893814086914
-0.08464737236499786 -0.1990123689174652 -0.14150339365005493
-0.09118687361478806 -0.27118808031082153 -0.07998161017894745
-0.09577490389347076 -0.19265732169151306 -0.13398528099060059
-0.08293680101633072 -0.20557290315628052 -0.15790633857250214
-0.09512299299240112 -0.3072819113731384 -0.1510155200958252
-0.11190269142389297 -0.18878035247325897 -0.13760393857955933
-0.0715571865439415 -0.27310872077941895 -0.09709493815898895
-0.07154763489961624 -0.2936623990535736 -0.1322709619998932
-0.07949348539113998 -0.26952308416366577 -0.08726172894239426
-0.09179054200649261 -0.20466794073581696 -0.16590362787246704
-0.0677272379398346 -0.27657875418663025 -0.10593292117118835
-0.09185408800840378 -0.19666527211666107 -0.14901761710643768
-0.08630533516407013 -0.3011980950832367 -0.1555066853761673
-0.10362328588962555 -0.19132860004901886 -0.1459023356437683
-0.1005423441529274 -0.1957605481147766 -0.15698057413101196
-0.15151305496692657 -0.23426413536071777 -0.08193180710077286
-0.11574341356754303 -0.17912448942661285 0.10958496481180191
-0.10249283909797668 -0.18873420357704163 0.10740633308887482
-0.10229290276765823 -0.17983415722846985 0.09580613672733307
-0.09443626552820206 -0.19321289658546448 0.10046413540840149
-0.08046834915876389 -0.21252551674842834 0.06997165083885193
-0.08391792327165604 -0.20275603234767914 0.06109306588768959
-0.0993843749165535 -0.2248477339744568 0.02628198452293873
-0.13218045234680176 -0.24831631779670715 0.015363517217338085
-0.15250131487846375 -0.24859829246997833 0.015406527556478977
-0.14471395313739777 -0.23286058008670807 0.009727437049150467
-0.09822375327348709 -0.24262776970863342 0.032381512224674225
-0.13148893415927887 -0.23300771415233612 0.010821940377354622
-0.08257703483104706 -0.20392267405986786 0.0760313868522644
-0.08562342077493668 -0.20517025887966156 0.09333552420139313
-0.089045450091362 -0.1914382129907608 0.08488927036523819
-0.1138468086719513 -0.1891070008277893 0.11758095771074295
-0.15944556891918182 -0.26047608256340027 0.024436602368950844
-0.16225063800811768 -0.24462763965129852 0.016081081703305244
-0.14673762023448944 -0.2580380439758301 0.020152611657977104
-0.08027821034193039 -0.21950170397758484 0.08139050751924515
-0.09471236169338226 -0.20452405512332916 0.10944100469350815
-0.11658643186092377 -0.2541494369506836 0.024045899510383606
-0.11795684695243835 -0.2390674203634262 0.0165064949542284
-0.13338732719421387 -0.26349541544914246 0.024996239691972733
-0.11119487881660461 -0.19750547409057617 0.12112697213888168
-0.16132542490959167 -0.20637568831443787 0.013909928500652313
-0.15682360529899597 -0.19230243563652039 0.01840333081781864
-0.14734216034412384 -0.20322053134441376 0.01202499307692051
-0.1015266552567482 -0.25275006890296936 0.035125840455293655
-0.10787850618362427 -0.23533862829208374 0.021053671836853027
-0.13939706981182098 -0.26985660195350647 0.03010324202477932
-0.08176793158054352 -0.23840531706809998 0.07222114503383636
-0.11084245145320892 -0.2579248249530792 0.030928047373890877
-0.15658506751060486 -0.27176633477211 0.03491556644439697
-0.10363400727510452 -0.20786109566688538 0.1198212280869484
-0.09112516045570374 -0.21746012568473816 0.1085226759314537
-0.11358443647623062 -0.20939762890338898 0.12671378254890442
-0.09481582045555115 -0.25681573152542114 0.049759767949581146
-0.08763579279184341 -0.24981698393821716 0.058164410293102264
-0.11731290817260742 -0.26685598492622375 0.03501027822494507
-0.15897125005722046 -0.21963898837566376 0.011019619181752205
-0.12289127707481384 -0.16766291856765747 0.047401294112205505
-0.14222516119480133 -0.1654019057750702 0.044732529670000076
-0.13783378899097443 -0.16149041056632996 0.05608133599162102
-0.10544604063034058 -0.26465561985969543 0.043637122958898544
-0.11187023669481277 -0.22146502137184143 0.12750811874866486
-0.11484130471944809 -0.23739401996135712 0.1270609200000763
-0.10054682940244675 -0.23190933465957642 0.11841914802789688
-0.1341797411441803 -0.17243650555610657 0.03443039953708649
-0.14836639165878296 -0.1728575974702835 0.03315625712275505
-0.10315895825624466 -0.22009983658790588 0.12146680802106857
-0.11902926862239838 -0.1646360456943512 0.062045950442552567
-0.1405382752418518 -0.27796387672424316 0.04196742922067642
-0.15985852479934692 -0.22950971126556396 0.011655065231025219
-0.11125063896179199 -0.21800625324249268 0.017798813059926033
-0.08491049706935883 -0.2455708384513855 0.08260932564735413
-0.08173399418592453 -0.2307792454957962 0.08618330955505371
-0.08921181410551071 -0.25591763854026794 0.07603131234645844
-0.1333070695400238 -0.15988527238368988 0.06828150898218155
-0.14059145748615265 -0.1847623884677887 0.021381568163633347
-0.15366291999816895 -0.1825850009918213 0.02433958277106285
-0.15342922508716583 -0.2806294858455658 0.049658000469207764
-0.14127810299396515 -0.2176242172718048 0.009207513183355331
-0.08627243340015411 -0.23846179246902466 0.09528445452451706
-0.12220145761966705 -0.17438553273677826 0.036806635558605194
-0.09161878377199173 -0.25835490226745605 0.0638016015291214
-0.12627142667770386 -0.27721139788627625 0.04519735276699066
-0.12489418685436249 -0.18028028309345245 0.02866450883448124
-0.14302560687065125 -0.282029926776886 0.050911400467157364
-0.12154857069253922 -0.22121480107307434 0.012749088928103447
-0.11702460795640945 -0.2733970880508423 0.04527749866247177
-0.08523695915937424 -0.2254464030265808 0.09834127128124237
-0.10091361403465271 -0.26727092266082764 0.0568646602332592
-0.1313110738992691 -0.2088112086057663 0.011535144411027431
-0.12040618807077408 -0.16341297328472137 0.07441689819097519
-0.0935526043176651 -0.25037881731987 0.1005014181137085
-0.09407860785722733 -0.23907172679901123 0.10919027030467987
-0.11141183227300644 -0.2755081057548523 0.05766236037015915
-0.10999263823032379 -0.17159876227378845 0.05433407053351402
-0.09147333353757858 -0.25470075011253357 0.08957614749670029
-0.13168704509735107 -0.19201920926570892 0.017713887616991997
-0.09936168789863586 -0.2683825194835663 0.0708586648106575
-0.10843297094106674 -0.17988649010658264 0.040362775325775146
-0.14333957433700562 -0.28514233231544495 0.06299175322055817
-0.10726139694452286 -0.24455863237380981 0.11957541853189468
-0.1162576749920845 -0.20653028786182404 0.017124295234680176
-0.11853183805942535 -0.19149483740329742 0.022525418549776077
-0.12841229140758514 -0.28227901458740234 0.05780394375324249
-0.10285594314336777 -0.17381012439727783 0.06661659479141235
-0.09901660680770874 -0.2643164396286011 0.09040745347738266
-0.1029236689209938 -0.2558757960796356 0.10841643065214157
-0.09770338982343674 -0.18083404004573822 0.05702948197722435
-0.12835811078548431 -0.16209563612937927 0.0844259038567543
-0.10965881496667862 -0.16887331008911133 0.07792947441339493
-0.10582064092159271 -0.27221807837486267 0.08483268320560455
-0.10139279812574387 -0.19445431232452393 0.0335598886013031
-0.1107165589928627 -0.27685806155204773 0.07419091463088989
-0.11567714810371399 -0.25188708305358887 0.12129759788513184
-0.12004481256008148 -0.28130263090133667 0.06916666775941849
-0.10579005628824234 -0.19934023916721344 0.026571424677968025
-0.12136150151491165 -0.1661229431629181 0.0916917696595192
-0.1325872540473938 -0.28484731912612915 0.07033584266901016
-0.09682006388902664 -0.18940207362174988 0.04420541971921921
-0.10935362428426743 -0.2679533064365387 0.10082743316888809
-0.09938722103834152 -0.17729173600673676 0.0808577910065651
-0.11820939183235168 -0.26093828678131104 0.11620573699474335
-0.14153946936130524 -0.2856622338294983 0.07401959598064423
-0.08955066651105881 -0.1883777230978012 0.06844531744718552
-0.10968524217605591 -0.17269062995910645 0.09263446927070618
-0.0896114856004715 -0.1961844116449356 0.050091084092855453
-0.12124920636415482 -0.2811262607574463 0.08231674879789352
-0.11792395263910294 -0.27532002329826355 0.09633854031562805
-0.09970781207084656 -0.21046818792819977 0.027592448517680168
-0.12426426261663437 -0.2703104019165039 0.10928033292293549
-0.12008512765169144 -0.17216923832893372 0.103105328977108
-0.13346993923187256 -0.28305676579475403 0.08847422897815704
-0.12870386242866516 -0.27687764167785645 0.10124315321445465
-0.18759450316429138 -0.2818700969219208 0.08255001157522202
-0.19231736660003662 -0.27943775057792664 0.07287900149822235
-0.2082872986793518 -0.2269853949546814 0.032468464225530624
-0.20452767610549927 -0.2090359777212143 0.03094126656651497
-0.1999076008796692 -0.2715027928352356 0.05859125778079033
-0.19844509661197662 -0.2651827931404114 0.048329249024391174
-0.2013453096151352 -0.19009651243686676 0.036763716489076614
-0.2041417956352234 -0.25194889307022095 0.03977140039205551
-0.19321762025356293 -0.1741984635591507 0.045977573841810226
-0.20825687050819397 -0.23884809017181396 0.03542462736368179
-0.19366759061813354 -0.16569884121418 0.059388384222984314
-0.18473578989505768 -0.15999971330165863 0.06851378828287125
-0.18080924451351166 -0.15758585929870605 0.07775331288576126
-0.17197854816913605 -0.15696664154529572 0.09022761881351471
-0.1688580960035324 -0.16028781235218048 0.10575845092535019
-0.16197140514850616 -0.1670505851507187 0.11807677149772644
-0.15749789774417877 -0.1802825778722763 0.1320936381816864
-0.15438666939735413 -0.1953248679637909 0.14042776823043823
-0.15372535586357117 -0.20885121822357178 0.1444033682346344
-0.1560453325510025 -0.22461386024951935 0.14626048505306244
-0.15818136930465698 -0.24351632595062256 0.14234916865825653
-0.16481220722198486 -0.2585325241088867 0.13511404395103455
-0.16883786022663116 -0.26936817169189453 0.12516240775585175
-0.1752886027097702 -0.27641767263412476 0.11474673449993134
-0.17624618113040924 -0.28032124042510986 0.10481919348239899
-0.18659302592277527 -0.28175869584083557 0.09423299133777618
-0.23322470486164093 -0.19777043163776398 0.09109871089458466
-0.2361922562122345 -0.21136656403541565 0.09490860998630524
-0.23217250406742096 -0.20127542316913605 0.10207097232341766
-0.18512974679470062 -0.2719894051551819 0.12048313766717911
-0.17945381999015808 -0.2573787271976471 0.13676203787326813
-0.1991492658853531 -0.2322685718536377 0.14238040149211884
-0.1888720989227295 -0.2381718009710312 0.1444542407989502
-0.1942150592803955 -0.22189514338970184 0.14565728604793549
-0.20853082835674286 -0.22649940848350525 0.13846713304519653
-0.20152251422405243 -0.21154901385307312 0.141949862241745
-0.21647079288959503 -0.26299819350242615 0.0660451203584671
-0.21335947513580322 -0.2577808201313019 0.05277056619524956
-0.22475969791412354 -0.2049497812986374 0.12038291990756989
-0.21748845279216766 -0.2170262336730957 0.13167089223861694
-0.213177889585495 -0.2059589922428131 0.13367050886154175
-0.22291643917560577 -0.2510070502758026 0.11154775321483612
-0.21006958186626434 -0.25888684391975403 0.12074558436870575
-0.21773923933506012 -0.24466465413570404 0.12452516704797745
-0.2221386581659317 -0.2291678488254547 0.12581297755241394
-0.22476226091384888 -0.2227446734905243 0.12325466424226761
-0.22865405678749084 -0.23100417852401733 0.1156046986579895
-0.17091765999794006 -0.1880391538143158 0.14030295610427856
-0.17056341469287872 -0.17569735646247864 0.13083797693252563
-0.22786681354045868 -0.23820756375789642 0.11389779299497604
-0.19219006597995758 -0.17448166012763977 0.12570779025554657
-0.19115060567855835 -0.16519328951835632 0.11215949803590775
-0.20317678153514862 -0.17221498489379883 0.11522801220417023
-0.19497419893741608 -0.24604196846485138 0.139501690864563
-0.17794957756996155 -0.23962385952472687 0.14580954611301422
-0.20620155334472656 -0.1682092398405075 0.10326528549194336
-0.20427216589450836 -0.17776627838611603 0.04925129935145378
-0.23508793115615845 -0.2307024896144867 0.07059800624847412
-0.23242539167404175 -0.21579213440418243 0.060860298573970795
-0.23333023488521576 -0.23131155967712402 0.06615866720676422
-0.21987034380435944 -0.18154370784759521 0.10647191852331161
-0.21638737618923187 -0.17307308316230774 0.0898752361536026
-0.22480474412441254 -0.18257662653923035 0.09144427627325058
-0.17796717584133148 -0.16700920462608337 0.12017573416233063
-0.18169555068016052 -0.1792917251586914 0.13353073596954346
-0.22732630372047424 -0.19021865725517273 0.10271624475717545
-0.21147672832012177 -0.19383245706558228 0.04155534878373146
-0.219848170876503 -0.2641220688819885 0.08409454673528671
-0.21094731986522675 -0.27154070138931274 0.08197906613349915
-0.22459229826927185 -0.25677624344825745 0.09699220210313797
-0.21330557763576508 -0.2681972086429596 0.09832193702459335
-0.2131476253271103 -0.263453871011734 0.11033034324645996
-0.18980243802070618 -0.2583901584148407 0.13376116752624512
-0.16669951379299164 -0.19940359890460968 0.14504212141036987
-0.22566285729408264 -0.20277728140354156 0.05318668484687805
-0.2166992425918579 -0.20446060597896576 0.04130643606185913
-0.223383367061615 -0.21220874786376953 0.04663105309009552
-0.21351145207881927 -0.1808548867702484 0.11613741517066956
-0.23648272454738617 -0.2218819409608841 0.09579627215862274
-0.23735550045967102 -0.2222348153591156 0.0829433724284172
-0.23562844097614288 -0.23426230251789093 0.08928551524877548
-0.2236914038658142 -0.2133086919784546 0.12407876551151276
-0.22132454812526703 -0.1922425925731659 0.0538121834397316
-0.20593318343162537 -0.183625727891922 0.1267688274383545
-0.18992511928081512 -0.2782723903656006 0.10509044677019119
-0.2140279859304428 -0.24989213049411774 0.04649973660707474
-0.216511070728302 -0.18169347941875458 0.05793442577123642
-0.1960647702217102 -0.1852092146873474 0.13366134464740753
-0.23005418479442596 -0.20093290507793427 0.0628185048699379
-0.18428517878055573 -0.19781920313835144 0.14421270787715912
-0.1668974757194519 -0.21081773936748505 0.14783214032649994
-0.22778426110744476 -0.20008648931980133 0.11235860735177994
-0.21976464986801147 -0.19271089136600494 0.11997561901807785
-0.23568464815616608 -0.2108498066663742 0.07366704195737839
-0.22591857612133026 -0.2541853189468384 0.07298222184181213
-0.1966695636510849 -0.2678975760936737 0.12074301391839981
-0.20891381800174713 -0.17086005210876465 0.0655360221862793
-0.22683551907539368 -0.24743804335594177 0.06331922858953476
-0.2098480761051178 -0.238044872879982 0.13489267230033875
-0.1969739943742752 -0.19706614315509796 0.14003826677799225
-0.23109258711338043 -0.244735985994339 0.0985548347234726
-0.22103869915008545 -0.23948408663272858 0.047514356672763824
-0.2316409945487976 -0.24671068787574768 0.08172338455915451
-0.20388270914554596 -0.2552253305912018 0.12916199862957
-0.1854725331068039 -0.2100788950920105 0.14721465110778809
-0.19769088923931122 -0.16151490807533264 0.07865401357412338
-0.16608569025993347 -0.23041294515132904 0.1476837396621704
-0.22638598084449768 -0.24140509963035583 0.05699095129966736
-0.2015610635280609 -0.2741602957248688 0.10407538712024689
-0.2074752151966095 -0.200507253408432 0.1357228010892868
-0.22643853724002838 -0.1887107938528061 0.06895405799150467
-0.20257730782032013 -0.27664151787757874 0.08893555402755737
-0.17981788516044617 -0.22255787253379822 0.14876635372638702
-0.18240496516227722 -0.1577836275100708 0.09427535533905029
-0.2329494208097458 -0.19766832888126373 0.07828552275896072
-0.23398540914058685 -0.23062092065811157 0.10313206911087036
-0.1683504432439804 -0.2457728087902069 0.14310480654239655
-0.2192680984735489 -0.17736239731311798 0.07364495098590851
-0.2043159008026123 -0.2737666666507721 0.0705878734588623
-0.21879851818084717 -0.22110515832901 0.04060257598757744
-0.22863897681236267 -0.22705629467964172 0.05399961769580841
-0.19276162981987 -0.16044294834136963 0.09585631638765335
-0.21020793914794922 -0.16832873225212097 0.08113400638103485
-0.22743847966194153 -0.18611061573028564 0.08092570304870605
-0.2062797248363495 -0.16602157056331635 0.09241057932376862
-0.18117046356201172 -0.16179817914962769 0.10931561887264252
-0.24340473115444183 -0.20967547595500946 0.13224166631698608
-0.24475623667240143 -0.22229908406734467 0.13131719827651978
-0.24832555651664734 -0.19810593128204346 0.11864523589611053
-0.24518533051013947 -0.20162934064865112 0.12663547694683075
-0.2530754506587982 -0.20155256986618042 0.1081196740269661
-0.2561144232749939 -0.21228989958763123 0.10290291905403137
-0.25594764947891235 -0.22201192378997803 0.10502281785011292
-0.2537524700164795 -0.2288024127483368 0.11137793213129044
-0.2491859644651413 -0.23014459013938904 0.12232490628957748
-0.16494013369083405 -0.1931864619255066 -0.1538163125514984
-0.1700228452682495 -0.1976698338985443 -0.136031374335289
-0.1894003301858902 -0.2535456717014313 -0.10683374851942062
-0.1850408911705017 -0.27329492568969727 -0.10717712342739105
-0.18244972825050354 -0.20854929089546204 -0.12763385474681854
-0.18427665531635284 -0.21718789637088776 -0.1185426265001297
-0.18124990165233612 -0.2885899245738983 -0.11361502856016159
-0.18699412047863007 -0.23217229545116425 -0.10976614058017731
-0.17896021902561188 -0.29883846640586853 -0.12258359789848328
-0.16930493712425232 -0.3079225420951843 -0.12934532761573792
-0.1634806990623474 -0.3137498199939728 -0.1408483386039734
-0.15476787090301514 -0.31634119153022766 -0.1469699889421463
-0.1430438607931137 -0.3170454502105713 -0.15895862877368927
-0.1352245956659317 -0.3128551244735718 -0.17372657358646393
-0.1283552199602127 -0.30587854981422424 -0.18516378104686737
-0.12422115355730057 -0.29569438099861145 -0.19580374658107758
-0.11813384294509888 -0.28434425592422485 -0.20139123499393463
-0.11781638860702515 -0.273449569940567 -0.206698939204216
-0.11278491467237473 -0.2604001462459564 -0.20674580335617065
-0.11310627311468124 -0.2433038055896759 -0.20641298592090607
-0.121621273458004 -0.22407037019729614 -0.20363669097423553
-0.12624788284301758 -0.2141539603471756 -0.19854974746704102
-0.13279205560684204 -0.2028610110282898 -0.1887255311012268
-0.14356374740600586 -0.19352270662784576 -0.17277894914150238
-0.15431223809719086 -0.1917635053396225 -0.16274282336235046
-0.1533806473016739 -0.2783438265323639 -0.2113742232322693
-0.14476540684700012 -0.28550732135772705 -0.20849889516830444
-0.16026900708675385 -0.2886947691440582 -0.2043718546628952
-0.13566948473453522 -0.2666606605052948 -0.21466799080371857
-0.12461721152067184 -0.25835666060447693 -0.212760329246521
-0.14188234508037567 -0.3068496286869049 -0.18811717629432678
-0.16918660700321198 -0.24884314835071564 -0.21237292885780334
-0.15985584259033203 -0.23365235328674316 -0.21178574860095978
-0.15783263742923737 -0.2489776462316513 -0.21548567712306976
-0.15047094225883484 -0.3109031617641449 -0.18064330518245697
-0.1504075676202774 -0.3160388767719269 -0.1653328537940979
-0.17799730598926544 -0.28083059191703796 -0.20117732882499695
-0.16810008883476257 -0.2783527672290802 -0.20766273140907288
-0.17172423005104065 -0.29693639278411865 -0.19244956970214844
-0.19983699917793274 -0.22744758427143097 -0.13217103481292725
-0.1922033280134201 -0.21269714832305908 -0.1392093449831009
-0.19770531356334686 -0.2168908566236496 -0.15041202306747437
-0.20012804865837097 -0.25374698638916016 -0.12001093477010727
-0.19828557968139648 -0.24098509550094604 -0.11942815780639648
-0.14711150527000427 -0.2699832320213318 -0.21461737155914307
-0.19819752871990204 -0.22763684391975403 -0.17837253212928772
-0.18880987167358398 -0.2185138314962387 -0.18438947200775146
-0.19058962166309357 -0.2325628697872162 -0.1933852583169937
-0.19325633347034454 -0.22378027439117432 -0.1233246847987175
-0.19354157149791718 -0.2709806263446808 -0.11477473378181458
-0.128315269947052 -0.2472231090068817 -0.21395036578178406
-0.20498953759670258 -0.25622716546058655 -0.17673814296722412
-0.20569390058517456 -0.27089765667915344 -0.1673600822687149
-0.20811434090137482 -0.26033276319503784 -0.1646154224872589
-0.19453327357769012 -0.2148171216249466 -0.16632898151874542
-0.18921679258346558 -0.2716904282569885 -0.1961008608341217
-0.1826755404472351 -0.2902524471282959 -0.19046269357204437
-0.19316406548023224 -0.2740785777568817 -0.19054093956947327
-0.15804651379585266 -0.312960684299469 -0.17279939353466034
-0.1812228560447693 -0.24473540484905243 -0.20544792711734772
-0.18556693196296692 -0.25812986493110657 -0.2027796357870102
-0.173739492893219 -0.308481365442276 -0.16980145871639252
-0.16430552303791046 -0.3141356408596039 -0.16078370809555054
-0.17664030194282532 -0.3090260326862335 -0.16077043116092682
-0.20572908222675323 -0.23323741555213928 -0.14636673033237457
-0.20068486034870148 -0.2659526765346527 -0.12314734607934952
-0.18572428822517395 -0.3012648820877075 -0.16808117926120758
-0.19088120758533478 -0.2990760803222656 -0.154283806681633
-0.2039726972579956 -0.2635718584060669 -0.1769733428955078
-0.1770857572555542 -0.19981783628463745 -0.14094386994838715
-0.2041538953781128 -0.22873952984809875 -0.15903353691101074
-0.19310542941093445 -0.2822306454181671 -0.12119321525096893
-0.2020963728427887 -0.282220721244812 -0.16386881470680237
-0.20164375007152557 -0.2844211459159851 -0.1497231274843216
-0.16345086693763733 -0.19707250595092773 -0.17564783990383148
-0.17036274075508118 -0.22907042503356934 -0.20647184550762177
-0.16633912920951843 -0.20748810470104218 -0.19151854515075684
-0.15627020597457886 -0.2049991637468338 -0.19252990186214447
-0.16002050042152405 -0.21854251623153687 -0.20418304204940796
-0.20585672557353973 -0.2544776201248169 -0.13197842240333557
-0.2015914022922516 -0.23915140330791473 -0.1804324835538864
-0.19413013756275177 -0.24236571788787842 -0.19280433654785156
-0.199726864695549 -0.243099182844162 -0.18512845039367676
-0.20499013364315033 -0.238068625330925 -0.13582783937454224
-0.12305963784456253 -0.23469647765159607 -0.20911242067813873
-0.16394905745983124 -0.30717960000038147 -0.1827656626701355
-0.1906544715166092 -0.29336193203926086 -0.175746887922287
-0.20505675673484802 -0.23530420660972595 -0.16725683212280273
-0.17779482901096344 -0.20017805695533752 -0.16507473587989807
-0.1598294973373413 -0.26441118121147156 -0.21429990231990814
-0.14672493934631348 -0.2540237009525299 -0.21680791676044464
-0.17615173757076263 -0.21609234809875488 -0.1944953054189682
-0.20379263162612915 -0.2708478569984436 -0.13314379751682281
-0.1724233627319336 -0.20097582042217255 -0.17602939903736115
-0.13876846432685852 -0.296464741230011 -0.19985467195510864
-0.19897963106632233 -0.2727403938770294 -0.18271823227405548
-0.20887331664562225 -0.25256335735321045 -0.143210306763649
-0.19136546552181244 -0.2925337255001068 -0.13145115971565247
-0.18660633265972137 -0.26633763313293457 -0.2003771811723709
-0.1766452193260193 -0.302397757768631 -0.18025076389312744
-0.20653469860553741 -0.2704719007015228 -0.14382776618003845
-0.1348465383052826 -0.23195603489875793 -0.21177159249782562
-0.2093198150396347 -0.24782796204090118 -0.15595851838588715
-0.17332769930362701 -0.26635754108428955 -0.20923110842704773
-0.17632777988910675 -0.20781123638153076 -0.18466819822788239
-0.18882058560848236 -0.24695266783237457 -0.19960375130176544
-0.2083112895488739 -0.2664393484592438 -0.15306346118450165
-0.20342643558979034 -0.24862755835056305 -0.17946547269821167
-0.1852228194475174 -0.20392635464668274 -0.1525774449110031
-0.20046766102313995 -0.2815669775009155 -0.13617396354675293
-0.2074430286884308 -0.24913665652275085 -0.16879123449325562
-0.15652801096439362 -0.2991359531879425 -0.19664351642131805
-0.18117636442184448 -0.3048335909843445 -0.13896240293979645
-0.1789131611585617 -0.2279442548751831 -0.20100733637809753
-0.1940595656633377 -0.2848164737224579 -0.18107923865318298
-0.1410304456949234 -0.21746066212654114 -0.2050788849592209
-0.1454286128282547 -0.24033518135547638 -0.2151091992855072
-0.19543318450450897 -0.2925074100494385 -0.14302445948123932
-0.18482385575771332 -0.20802631974220276 -0.17355898022651672
-0.12952765822410583 -0.28240418434143066 -0.20737706124782562
-0.14343106746673584 -0.2052784264087677 -0.19398780167102814
-0.1499529778957367 -0.22685004770755768 -0.2106083631515503
-0.17598265409469604 -0.3096716105937958 -0.14967980980873108
-0.15036189556121826 -0.19645749032497406 -0.1797284185886383
-0.22052109241485596 -0.24908161163330078 -0.19260545074939728
-0.22207482159137726 -0.2617410719394684 -0.18901222944259644
-0.2173517942428589 -0.2730306088924408 -0.19408723711967468
-0.21411268413066864 -0.24331554770469666 -0.2019686996936798
-0.2067236304283142 -0.24736513197422028 -0.2115076631307602
-0.2028626799583435 -0.2583930790424347 -0.21544495224952698
-0.2041839063167572 -0.26942598819732666 -0.21235793828964233
-0.20982308685779572 -0.2757619023323059 -0.20397038757801056
-0.10538672655820847 -0.19764775037765503 -0.03705251216888428
-0.10455550998449326 -0.19746138155460358 -0.03672110289335251
-0.10631085932254791 -0.1952120065689087 -0.03703944385051727
-0.10748758912086487 -0.19517602026462555 -0.018270716071128845
-0.10655412077903748 -0.19786116480827332 -0.01811450533568859
-0.1085476279258728 -0.19714251160621643 -0.018216447904706
-0.1057978942990303 -0.19600997865200043 -0.02557634375989437
-0.10650824755430222 -0.19583174586296082 -0.025932705029845238
-0.10766399651765823 -0.1971524953842163 -0.02585131675004959
-0.10719070583581924 -0.19526922702789307 -0.029903197661042213
-0.1053411215543747 -0.19413207471370697 -0.03004375286400318
-0.10633997619152069 -0.19546788930892944 -0.029423648491501808
-0.10589078813791275 -0.19366483390331268 -0.03079381212592125
