ply
format ascii 1.0
element vertex 4482
property float x
property float y
property float z
end_header
0.6388142108917236 0.03547358512878418 0.24000000953674316
0.6381028890609741 0.03544638678431511 0.2580000162124634
0.6413393020629883 0.029846619814634323 0.24000002443790436
0.6449328660964966 0.041228052228689194 0.2580000162124634
0.6432850360870361 0.04140232130885124 0.24000003933906555
0.6446436047554016 0.028669258579611778 0.2580000162124634
0.6493746042251587 0.030111039057374 0.24000002443790436
0.6504578590393066 0.031907688826322556 0.2580000162124634
0.6506211161613464 0.03783942386507988 0.23999999463558197
0.6503124833106995 0.03833884000778198 0.2580000162124634
0.2589002549648285 0.037021737545728683 0.2580000162124634
0.26104551553726196 0.030129488557577133 0.2580000162124634
0.2587416172027588 0.032432787120342255 0.24000000953674316
0.2638927102088928 0.04106855019927025 0.2580000162124634
0.2624981701374054 0.040938105434179306 0.24000002443790436
0.267583429813385 0.029036372900009155 0.24000000953674316
0.26922696828842163 0.029859986156225204 0.2580000162124634
0.27121853828430176 0.037629351019859314 0.23999999463558197
0.2701212465763092 0.03892706707119942 0.2580000162124634
-0.12117503583431244 0.03549696132540703 0.23999999463558197
-0.11896002292633057 0.030122704803943634 0.2580000162124634
-0.11643017828464508 0.028241587802767754 0.24000002443790436
-0.12101154029369354 0.03747013583779335 0.257999986410141
-0.11523479223251343 0.04114160314202309 0.2580000162124634
-0.11769222468137741 0.04080537334084511 0.24000002443790436
-0.11116587370634079 0.029674412682652473 0.2580000162124634
-0.10865813493728638 0.03402639180421829 0.23999999463558197
-0.10937132686376572 0.038173869252204895 0.2580000162124634
-0.111328125 0.03997565433382988 0.24000000953674316
-0.12122301757335663 -0.03544813022017479 0.24000002443790436
-0.12141398340463638 -0.03601900860667229 0.257999986410141
-0.11710355430841446 -0.041052985936403275 0.23999997973442078
-0.11656203120946884 -0.04096013307571411 0.2580000162124634
-0.1162392869591713 -0.02837098203599453 0.25800004601478577
-0.11775383353233337 -0.029080383479595184 0.23999999463558197
-0.11052537709474564 -0.039535678923130035 0.2580000162124634
-0.11007434874773026 -0.0389338955283165 0.24000002443790436
-0.10911177098751068 -0.03276345506310463 0.2580000162124634
-0.10951834917068481 -0.03146600350737572 0.23999999463558197
0.2594752311706543 -0.03201446682214737 0.2580000162124634
0.26055628061294556 -0.03980402275919914 0.25800004601478577
0.2589040696620941 -0.03783322870731354 0.24000002443790436
0.2683849632740021 -0.029442913830280304 0.23999999463558197
0.2676045596599579 -0.02872193232178688 0.2580000162124634
0.26106181740760803 -0.030201291665434837 0.23999999463558197
0.2667638063430786 -0.041057780385017395 0.23999999463558197
0.2703944742679596 -0.03921040892601013 0.2580000162124634
0.2711130976676941 -0.03635413944721222 0.23999999463558197
0.6387189626693726 -0.03427572920918465 0.24000000953674316
0.6383245587348938 -0.03391885384917259 0.2580000162124634
0.6431655883789062 -0.04139036685228348 0.23999999463558197
0.6454338431358337 -0.028646457940340042 0.257999986410141
0.644856870174408 -0.028204690665006638 0.24000003933906555
0.6432992815971375 -0.04106077924370766 0.2580000162124634
0.6494555473327637 -0.039402492344379425 0.2580000162124634
0.6515703797340393 -0.03611259162425995 0.23999997973442078
0.6509869694709778 -0.03295708820223808 0.2580000162124634
0.4441342353820801 0.12549978494644165 0.09961529076099396
0.4353814423084259 0.12549997866153717 0.09806211292743683
0.4431023895740509 0.13850021362304688 0.10054153203964233
0.43667837977409363 0.13850001990795135 0.0995539128780365
0.43663710355758667 0.13850001990795135 0.09412652254104614
0.4405902624130249 0.12550003826618195 0.09258467704057693
0.4426679015159607 0.13850000500679016 0.09359587728977203
0.27254346013069153 0.12549999356269836 0.09312553703784943
0.27343979477882385 0.12550006806850433 0.09953256696462631
0.27435633540153503 0.13849985599517822 0.09851185232400894
0.26769548654556274 0.1254999041557312 0.10082835704088211
0.2669478952884674 0.13849997520446777 0.10049173980951309
0.2662728726863861 0.12550000846385956 0.09485668689012527
0.2685993015766144 0.1384999006986618 0.09235755354166031
0.25376754999160767 -0.06008193641901016 0.028142891824245453
0.2496042251586914 -0.056155066937208176 0.028039557859301567
0.25446248054504395 -0.05965171009302139 0.007117364555597305
0.2469504326581955 -0.06302529573440552 0.028221609070897102
0.25369343161582947 -0.06155546382069588 0.02291327528655529
0.24677519500255585 -0.06233775243163109 0.022978439927101135
0.2478451132774353 -0.057007789611816406 0.006356922909617424
0.2493443787097931 -0.05658445507287979 0.022154252976179123
-0.009044349193572998 0.13065077364444733 0.14436180889606476
-0.06664378196001053 0.1332816779613495 0.14320950210094452
-0.05597153306007385 0.12903569638729095 0.16672323644161224
-0.01811092719435692 0.12187441438436508 0.1837906390428543
-0.09881775826215744 0.1308150738477707 0.17740873992443085
-0.1005287915468216 0.12715141475200653 0.1991230696439743
0.7229902744293213 0.10982812196016312 0.17436453700065613
0.7220617532730103 0.12255679816007614 0.14320307970046997
0.6948704719543457 0.11667695641517639 0.15945416688919067
0.30642685294151306 0.10751214623451233 0.17861223220825195
0.18366990983486176 0.10892437398433685 0.18272118270397186
0.22638891637325287 0.09875944256782532 0.19512531161308289
0.6547377705574036 0.10874546319246292 0.1754588782787323
0.6458570957183838 0.10133355110883713 0.18612273037433624
0.6691361665725708 0.10922674089670181 0.17581738531589508
-0.0889553353190422 0.13232804834842682 0.15890437364578247
-0.08275698125362396 0.1344335526227951 0.13831187784671783
-0.13996641337871552 0.1290707141160965 0.2302125245332718
-0.1136995404958725 0.12453136593103409 0.2238606959581375
-0.11669576913118362 0.13260653614997864 0.1772451251745224
-0.1400003433227539 0.1343967169523239 0.1864512413740158
0.2968035042285919 0.11694012582302094 0.16100077331066132
0.6950234174728394 0.12329801917076111 0.14374154806137085
-0.09541921317577362 0.1308763176202774 0.16470307111740112
-0.09267205744981766 0.13203351199626923 0.15883900225162506
-0.10238919407129288 0.13306303322315216 0.1604512333869934
0.18011336028575897 0.11978424340486526 0.16046275198459625
-0.10595177114009857 0.13332714140415192 0.16098307073116302
0.6795117855072021 0.12246545404195786 0.14401528239250183
0.6697815656661987 0.11854584515094757 0.15507934987545013
0.6799479126930237 0.10952334105968475 0.17561207711696625
0.7255445122718811 0.1257736086845398 0.13106979429721832
0.7235412001609802 0.1267576664686203 0.12279526144266129
0.692202091217041 0.12639833986759186 0.1312553435564041
-0.1165500357747078 0.13408397138118744 0.15882472693920135
-0.1161789670586586 0.13244186341762543 0.162043958902359
0.6275944113731384 0.10869071632623672 0.17580360174179077
0.6919295191764832 0.12600326538085938 0.12760400772094727
0.6919405460357666 0.1262487918138504 0.12624268233776093
0.6889689564704895 0.12538665533065796 0.13078761100769043
-0.13999679684638977 0.13709887862205505 0.14624759554862976
0.27829989790916443 0.12650653719902039 0.135597825050354
0.2618710994720459 0.13032536208629608 0.11012349277734756
0.3711353540420532 0.12976470589637756 0.11672095954418182
-0.11908731609582901 0.1336216777563095 0.16588890552520752
0.6540012955665588 0.11884798854589462 0.15442267060279846
0.6080533266067505 0.10786514729261398 0.17602212727069855
0.07859503477811813 0.10594215244054794 0.2008608728647232
0.669451892375946 0.12574779987335205 0.13159017264842987
0.2077694535255432 0.12836188077926636 0.1309187114238739
-0.11926411837339401 0.13444390892982483 0.1623421162366867
0.5967851877212524 0.12814068794250488 0.11638601869344711
0.6846055388450623 0.12475838512182236 0.13421039283275604
-0.11056315898895264 0.13664615154266357 0.12508124113082886
-0.09451095014810562 0.13555288314819336 0.12974749505519867
0.5665505528450012 0.10727772116661072 0.17627981305122375
0.6550213098526001 0.12250297516584396 0.14640142023563385
0.6283870339393616 0.125636488199234 0.1313614547252655
0.7942593097686768 0.12756970524787903 0.11241987347602844
0.6544585824012756 0.12565267086029053 0.13129286468029022
0.6565138697624207 0.08938225358724594 0.20127937197685242
0.44339850544929504 0.09112140536308289 0.19705377519130707
-0.13244383037090302 0.1380728781223297 0.10285034030675888
-0.14000029861927032 0.13789667189121246 0.10556106269359589
0.07989948987960815 0.11602018773555756 0.17985837161540985
0.47342148423194885 0.10064104944467545 0.1856914907693863
0.5796549916267395 0.10768826305866241 0.17607204616069794
0.5395593643188477 0.12565676867961884 0.13303418457508087
0.47695305943489075 0.12541183829307556 0.13449892401695251
0.44887810945510864 0.11766868084669113 0.15629331767559052
0.08183509856462479 0.12124323099851608 0.16574466228485107
0.6324756741523743 0.11909426003694534 0.15314017236232758
0.592560350894928 0.11777661740779877 0.15680870413780212
0.6205736398696899 0.11424626410007477 0.16426709294319153
0.3695617914199829 0.12402227520942688 0.140936017036438
0.5018103718757629 0.12872429192066193 0.11636095494031906
0.11225143074989319 0.13262499868869781 0.11587158590555191
0.06952931731939316 0.12852349877357483 0.14273136854171753
0.6073957681655884 0.12566058337688446 0.13201597332954407
0.5910895466804504 0.1257047802209854 0.13104665279388428
0.8824806213378906 0.11499258875846863 0.16482415795326233
0.8061832189559937 0.1090591698884964 0.17595888674259186
0.8797369003295898 0.09323594719171524 0.200882226228714
0.08673913031816483 0.1294727921485901 0.13573767244815826
0.8068402409553528 0.11642760038375854 0.16099685430526733
0.5566503405570984 0.11591450124979019 0.16040246188640594
0.424428254365921 0.11127053201198578 0.1695965826511383
0.5863015651702881 0.12465199828147888 0.13958710432052612
0.5604161620140076 0.12466730922460556 0.13960909843444824
0.5554770827293396 0.1258382797241211 0.1311640441417694
0.806430995464325 0.12526029348373413 0.13204534351825714
-0.0342082642018795 0.11460316181182861 0.21044839918613434
0.8799779415130615 0.125371515750885 0.13116954267024994
0.7911277413368225 0.10903292149305344 0.1759539693593979
0.7644698023796082 0.10877133905887604 0.1760959029197693
0.7372688055038452 0.1083802878856659 0.17635652422904968
0.790060818195343 0.08806613087654114 0.20529447495937347
0.008929948322474957 0.12758998572826385 0.15544596314430237
0.7901658415794373 0.11905596405267715 0.15435563027858734
0.009198322892189026 0.12981201708316803 0.14508157968521118
0.7458145022392273 0.10847555845975876 0.17625923454761505
0.004678249359130859 0.12655211985111237 0.1611693650484085
0.7915776371955872 0.12563665211200714 0.13172094523906708
0.7460086345672607 0.11053935438394547 0.17455030977725983
0.7559992671012878 0.1144096702337265 0.16579703986644745
0.7390463352203369 0.11481907218694687 0.16391022503376007
0.7647498846054077 0.12568458914756775 0.13166488707065582
0.7692169547080994 0.11905848979949951 0.15347672998905182
0.8783431053161621 0.1273670643568039 0.1119425818324089
0.7382023334503174 0.12264811247587204 0.14471009373664856
-0.007792120799422264 0.1278623789548874 0.15814989805221558
0.7536545991897583 0.12318891286849976 0.1403174251317978
0.6946789026260376 0.10827543586492538 0.1760396808385849
0.7338753938674927 0.12479869276285172 0.13396994769573212
0.7452763915061951 0.12541018426418304 0.13102199137210846
-0.12624284625053406 0.1312856674194336 0.0998920425772667
-0.12645654380321503 0.13655972480773926 0.10085983574390411
-0.11730672419071198 0.13385914266109467 0.10838176310062408
-0.11897832155227661 0.12166126817464828 0.10755330324172974
-0.11916311830282211 0.11837951838970184 0.10765142738819122
-0.12677419185638428 0.11742883920669556 0.09870515763759613
-0.12721464037895203 0.09700165688991547 0.09702904522418976
-0.1090167760848999 0.0970001369714737 0.11727650463581085
-0.10234921425580978 0.10713230818510056 0.12294693291187286
-0.08195921033620834 0.09699934720993042 0.1374344825744629
-0.0949719175696373 0.11825063824653625 0.12990400195121765
-0.10577498376369476 0.1096910908818245 0.12049387395381927
-0.10968687385320663 0.11520056426525116 0.11685902625322342
-0.09677041321992874 0.11207432299852371 0.12819552421569824
-0.09614317864179611 0.11388880014419556 0.12841983139514923
-0.10100644826889038 0.12350840866565704 0.1248130202293396
-0.09032783657312393 0.1224493682384491 0.13273508846759796
-0.06346818804740906 0.09700000286102295 0.14220339059829712
-0.00950000062584877 0.11058517545461655 0.14252206683158875
0.06492329388856888 0.09700159728527069 0.1420290470123291
0.00950000062584877 0.10817061364650726 0.1408487856388092
0.2975247800350189 -0.1389874517917633 0.10601978003978729
0.296730637550354 -0.14542017877101898 0.10618986189365387
0.29788559675216675 -0.14422063529491425 0.1125226840376854
0.2907463312149048 -0.14197249710559845 0.1060987114906311
0.29217833280563354 -0.1446533501148224 0.11252382397651672
0.29548966884613037 -0.13775499165058136 0.11252444982528687
0.26881420612335205 -0.14057999849319458 0.11252392828464508
0.26919224858283997 -0.1417229324579239 0.10609275102615356
0.26453760266304016 -0.14578047394752502 0.11252278834581375
0.263788640499115 -0.14554981887340546 0.10619363933801651
0.2614338994026184 -0.1403055191040039 0.11252237111330032
0.26198941469192505 -0.13929754495620728 0.10602904111146927
1.06850004196167 -0.01347722765058279 0.1634863168001175
1.06850004196167 -0.031227102503180504 0.15446411073207855
1.06850004196167 -0.04408803582191467 0.13926473259925842
1.06850004196167 0.011404072865843773 0.16443806886672974
1.06850004196167 -0.050047654658555984 0.12026722729206085
1.06850004196167 -0.0481732003390789 0.10044550895690918
1.06850004196167 0.034340985119342804 0.15190669894218445
1.06850004196167 -0.0387583002448082 0.08290237188339233
1.06850004196167 -0.01775449886918068 0.06733613461256027
1.06850004196167 0.04638630896806717 0.1345166265964508
1.06850004196167 0.05048445984721184 0.10998749732971191
1.06850004196167 0.02751133032143116 0.07286430895328522
1.06850004196167 0.04166209697723389 0.08677581697702408
1.06850004196167 0.008690859191119671 0.0654071643948555
1.0785000324249268 -0.0461285300552845 0.09488710761070251
1.0785000324249268 -0.03474564105272293 0.07859828323125839
1.0785000324249268 0.026698514819145203 0.07234862446784973
1.0785000324249268 0.0074141849763691425 0.0651741772890091
1.0785000324249268 -0.015639379620552063 0.06697557866573334
1.0785000324249268 0.04104718938469887 0.08589465916156769
1.0785000324249268 0.04908378794789314 0.10391847789287567
1.0785000324249268 0.04956414923071861 0.12370975315570831
1.0785000324249268 0.04232873022556305 0.14221668243408203
1.0785000324249268 0.024432137608528137 0.15946342051029205
1.0785000324249268 0.0002814658801071346 0.16532276570796967
1.0785000324249268 -0.019222266972064972 0.1615075021982193
1.0785000324249268 -0.035727888345718384 0.15043938159942627
1.0785000324249268 -0.046661145985126495 0.13384540379047394
1.0785000324249268 -0.05031817778944969 0.11431250721216202
1.0785000324249268 -0.0990617498755455 0.1378181129693985
1.0785000324249268 -0.10014946013689041 0.09756702929735184
1.0785003900527954 -0.004978850018233061 0.015070346184074879
1.0785000324249268 0.020103350281715393 0.015647990629076958
1.0785000324249268 -0.015009820461273193 0.21554240584373474
1.0785000324249268 0.10087595880031586 0.1275806427001953
1.0785000324249268 0.09784725308418274 0.08742880821228027
1.0785000324249268 0.05075172334909439 0.027098050341010094
1.0785000324249268 -0.08243192732334137 0.17448905110359192
1.0785000324249268 -0.08552403002977371 0.06005105748772621
1.0785000324249268 -0.057480212301015854 0.03115677274763584
1.0785000324249268 0.02520294114947319 0.21348324418067932
1.0785000324249268 0.07946760952472687 0.051603052765131
1.0785000324249268 -0.05286776274442673 0.20182745158672333
1.0785000324249268 0.08807811141014099 0.16575883328914642
1.0785000324249268 0.06146237254142761 0.19597241282463074
1.0785000324249268 -0.029993988573551178 0.018395742401480675
1.0465002059936523 0.08802100270986557 0.06451155245304108
1.0465000867843628 0.09917328506708145 0.09291041642427444
1.0465010404586792 -0.027247697114944458 0.017378050833940506
1.0684994459152222 -0.004868151154369116 0.015129047445952892
1.0465000867843628 0.06472209095954895 0.03633489832282066
1.0465004444122314 -0.04689469188451767 0.024825887754559517
1.0465000867843628 -0.07522642612457275 0.04663078114390373
1.0465000867843628 0.04172031953930855 0.022271955385804176
1.0465000867843628 0.012278704904019833 0.014048444107174873
1.0465002059936523 -0.09374500066041946 0.07544207572937012
1.0465000867843628 -0.09904008358716965 0.09324464946985245
1.046500325202942 -0.10071724653244019 0.1262209117412567
1.0465000867843628 -0.09123101085424423 0.1598384976387024
1.0465000867843628 -0.07360102981328964 0.18439164757728577
1.0465002059936523 -0.04543718695640564 0.20628301799297333
1.0465002059936523 -0.026144964620471 0.2132602483034134
1.0464997291564941 0.003130122320726514 0.21698138117790222
1.0465002059936523 0.026228826493024826 0.21325156092643738
1.046500325202942 0.04244963824748993 0.20729930698871613
1.0465000867843628 0.06374405324459076 0.19418661296367645
1.0465000867843628 0.08946063369512558 0.163276806473732
1.0465000867843628 0.09831658005714417 0.1404813528060913
1.0465004444122314 0.10144808143377304 0.11072372645139694
1.0464998483657837 -0.09588610380887985 0.05122349411249161
1.0465002059936523 -0.10396277904510498 0.05894339084625244
1.0464999675750732 -0.08809680491685867 0.03386411443352699
1.0465000867843628 -0.10008571296930313 0.14892417192459106
1.0465002059936523 -0.09829657524824142 0.1403646171092987
1.046500325202942 0.031423792243003845 0.01748005859553814
1.0465000867843628 0.03809862211346626 0.01269267313182354
1.0465002059936523 -0.10690951347351074 0.15181270241737366
1.0465000867843628 -0.10795115679502487 0.16688571870326996
1.0465002059936523 -0.05465787649154663 0.01688726618885994
1.0465000867843628 -0.060069549828767776 0.012064104899764061
1.046500325202942 -0.0515642985701561 0.008459199219942093
1.0465000867843628 0.07058098167181015 0.018236670643091202
1.0465000867843628 0.05478406324982643 0.014700880274176598
1.0464999675750732 0.04859468340873718 0.006704867351800203
1.0465000867843628 -0.046385351568460464 0.006104147993028164
1.0464999675750732 0.050114259123802185 0.023228280246257782
1.046500325202942 0.11827484518289566 0.10746672749519348
1.0465002059936523 0.11085593700408936 0.10046118497848511
1.0465000867843628 0.11574884504079819 0.08879163861274719
1.046500325202942 -0.031363435089588165 0.22980090975761414
1.0465002059936523 -0.022052818909287453 0.22397364675998688
1.0465002059936523 -0.09975472092628479 0.06736721098423004
1.0465000867843628 -0.11027213931083679 0.07122401148080826
1.0465000867843628 0.06434377282857895 0.02790619060397148
1.0465004444122314 0.07241190969944 0.024611659348011017
1.0464998483657837 0.10055295377969742 0.12495381385087967
1.0465002059936523 0.10882961004972458 0.11792686581611633
1.0465002059936523 -0.08092159777879715 0.18184073269367218
1.046500325202942 -0.0864463746547699 0.18890529870986938
1.0465000867843628 -0.08746200054883957 0.19596445560455322
1.0465002059936523 -0.027999794110655785 0.001173530239611864
1.0464999675750732 -0.0361919105052948 0.0034156155306845903
1.0465002059936523 -0.038164202123880386 0.013109204359352589
1.0464999675750732 0.11810572445392609 0.12765415012836456
1.046500325202942 0.11241056770086288 0.11793611198663712
1.0464998483657837 -0.008879448287189007 -0.004500849638134241
1.0465000867843628 0.014520724304020405 0.23354309797286987
1.046500325202942 0.10635711252689362 0.13467678427696228
1.0465000867843628 -0.07885955274105072 0.18917964398860931
1.0465004444122314 0.07616874575614929 0.03558725118637085
1.0465002059936523 -0.11549963057041168 0.08973071724176407
1.0465000867843628 -0.11200366169214249 0.07510336488485336
1.0464999675750732 -0.11017207056283951 0.08419015258550644
1.0465000867843628 -0.09128794074058533 0.06760602444410324
1.0465000867843628 -0.11883954703807831 0.10317064076662064
1.0465000867843628 -0.08697390556335449 0.05812210589647293
1.0465002059936523 0.02221895381808281 0.22475087642669678
1.046500325202942 -0.10471939295530319 0.083914615213871
1.0465002059936523 0.09849432110786438 0.14690983295440674
1.046500325202942 -0.07679039984941483 0.19622862339019775
1.0465004444122314 -0.06553608924150467 0.19243420660495758
1.0465002059936523 0.0839143916964531 0.03945441171526909
1.0465000867843628 0.07794234901666641 0.04220576211810112
1.046500563621521 -0.11295991390943527 0.0989740788936615
1.0465000867843628 0.03759840503334999 0.21524083614349365
1.0464999675750732 0.08167704194784164 0.04790569096803665
1.0465002059936523 -0.0725749135017395 0.2051408588886261
1.0465002059936523 0.1026926338672638 0.05471686273813248
1.0465000867843628 -0.022057434543967247 0.007766942959278822
1.0465000867843628 -0.04253548011183739 0.022769516333937645
1.0465000867843628 0.11472637951374054 0.14662019908428192
1.0465002059936523 0.1095614954829216 0.13537771999835968
1.0465000867843628 -0.06496161222457886 0.21521663665771484
1.0465000867843628 0.10564649105072021 0.15171752870082855
1.0465002059936523 0.051412589848041534 0.2075519561767578
1.0465002059936523 0.0864059329032898 0.044436365365982056
1.0465000867843628 -0.09916486591100693 0.08312618732452393
1.0465000867843628 -0.06470616906881332 0.20263774693012238
1.0465000867843628 -0.11781664937734604 0.10700998455286026
1.046500325202942 -0.11239904165267944 0.1012611910700798
1.046500325202942 0.09038582444190979 0.05254580080509186
1.0465002059936523 0.03586367517709732 0.22772842645645142
1.0464999675750732 -0.10705480724573135 0.10110966861248016
1.0464999675750732 -0.05490832030773163 0.21155065298080444
1.0464991331100464 0.04038761928677559 0.22704049944877625
1.0465000867843628 -0.11662216484546661 0.11395767331123352
1.0465000867843628 0.10531255602836609 0.1729690432548523
1.0465000867843628 0.03893148526549339 0.2192239612340927
1.0465002059936523 0.04775189235806465 0.2228853702545166
1.0465000867843628 0.06955544650554657 0.21250590682029724
1.0465000867843628 0.0545341894030571 0.21733245253562927
1.0465000867843628 -0.10177674144506454 0.10736587643623352
1.0465002059936523 -0.051637303084135056 0.22103796899318695
1.0465002059936523 -0.11833594739437103 0.12526486814022064
1.0465002059936523 -0.10853563994169235 0.11784793436527252
1.046500325202942 -0.03707026690244675 0.21429727971553802
1.046500325202942 0.09669984132051468 0.06875185668468475
1.0465000867843628 0.09615527093410492 0.0811212956905365
1.0465000867843628 -0.10408296436071396 0.11532172560691833
1.0464999675750732 -0.11497611552476883 0.14510461688041687
1.046500325202942 -0.10963030904531479 0.13544093072414398
1.0464999675750732 0.11096519231796265 0.07321398705244064
1.0465002059936523 0.10170283168554306 0.06615562736988068
1.046500325202942 -0.03642549738287926 0.22791728377342224
1.0465000867843628 -0.04340563714504242 0.2227071076631546
1.0465004444122314 -0.038282714784145355 0.21749015152454376
1.0465000867843628 0.022866809740662575 0.005171512253582478
1.0465002059936523 0.03161228448152542 0.0006109829409979284
1.0465002059936523 0.02374272793531418 0.014536657370626926
1.0464999675750732 0.10566230118274689 0.08365228027105331
1.0465004444122314 -0.10673295706510544 0.13465291261672974
1.0465000867843628 0.03794087469577789 0.005379075650125742
1.0465000867843628 0.10589319467544556 0.10115404427051544
1.0097458362579346 -0.10760977119207382 0.06424953788518906
1.0097582340240479 -0.014691763557493687 -0.0031502714846283197
1.0097544193267822 0.010131077840924263 -0.003572646761313081
1.009744644165039 -0.09559336304664612 0.04416356608271599
1.0097434520721436 -0.07987619936466217 0.026818081736564636
1.0097507238388062 0.03673943132162094 0.001732313889078796
1.009742259979248 -0.061068251729011536 0.012886147946119308
1.0097416639328003 0.061047084629535675 0.012882568873465061
1.0097410678863525 -0.03989794850349426 0.002906323643401265
1.0097419023513794 0.080023393034935 0.02695983648300171
1.009742259979248 0.09584382176399231 0.044509708881378174
1.0097424983978271 0.10788384824991226 0.06483938544988632
1.0097428560256958 0.11566942185163498 0.08714878559112549
1.009743094444275 0.11889257282018661 0.11055636405944824
1.0097434520721436 0.11742647737264633 0.13413876295089722
1.0097438097000122 0.11132900416851044 0.1569666564464569
1.0097440481185913 0.10084011405706406 0.1781402975320816
1.00974440574646 0.08637432754039764 0.19682273268699646
1.0097447633743286 0.06850101053714752 0.2122788429260254
1.0097360610961914 0.04041397199034691 0.22732321918010712
1.0097306966781616 0.0011245839996263385 0.23403964936733246
1.0097893476486206 -0.018310027197003365 0.23264572024345398
1.0097464323043823 -0.04377793148159981 0.22561678290367126
1.009746789932251 -0.06476974487304688 0.21478725969791412
1.0097472667694092 -0.08321047574281693 0.2000216394662857
1.0097476243972778 -0.09836932271718979 0.18190424144268036
1.0097479820251465 -0.10965000838041306 0.1611478179693222
1.0097051858901978 -0.11669192463159561 0.13811151683330536
1.0097812414169312 -0.11906610429286957 0.1121315211057663
1.00974702835083 -0.11546120047569275 0.08629957586526871
1.0365002155303955 0.06892916560173035 0.03818415477871895
1.0365002155303955 0.06265555322170258 0.031286463141441345
1.0365002155303955 0.07118896394968033 0.02441766858100891
1.0364999771118164 0.0770411342382431 0.03359803557395935
1.0364922285079956 0.07321993261575699 0.029943866655230522
1.0370253324508667 0.06813675910234451 0.02899099327623844
1.0365062952041626 0.06877268105745316 0.03474273160099983
1.036500334739685 -0.06816059350967407 0.20546956360340118
1.036500096321106 -0.07591534405946732 0.20186667144298553
1.0365002155303955 -0.0750776082277298 0.1932564675807953
1.036500096321106 -0.06347662210464478 0.19488775730133057
1.0365039110183716 -0.06675413995981216 0.19951806962490082
1.036489725112915 -0.0733007863163948 0.1997651606798172
1.0373109579086304 -0.06775178015232086 0.1958097666501999
1.0565004348754883 -0.03861912712454796 0.21957626938819885
1.0565000772476196 -0.03231418505311012 0.22963857650756836
1.0565003156661987 -0.03231099992990494 0.21243946254253387
1.0565003156661987 -0.02227811887860298 0.22305256128311157
1.0565003156661987 -0.024156488478183746 0.2152595967054367
1.0565003156661987 -0.04471512883901596 0.22321996092796326
1.0565001964569092 -0.05351598188281059 0.21903423964977264
1.0565000772476196 -0.05418001115322113 0.21162091195583344
1.0565000772476196 -0.03793689236044884 0.2145046591758728
1.056499719619751 -0.0456109382212162 0.20571939647197723
1.0565003156661987 -0.11483000218868256 0.0968685895204544
1.0565004348754883 -0.11253282427787781 0.0846853256225586
1.0565004348754883 -0.10080239921808243 0.08702583611011505
1.056501030921936 -0.10217195004224777 0.09916206449270248
1.0439997911453247 0.06457862257957458 0.03002716600894928
1.0440000295639038 0.06886087357997894 0.03669647499918938
1.038001298904419 0.06599931418895721 0.03397837281227112
1.0440000295639038 0.07562083750963211 0.0325767882168293
1.0379784107208252 0.07095589488744736 0.03602847456932068
1.0440009832382202 0.07135700434446335 0.0264008566737175
1.0379985570907593 0.06638157367706299 0.027265002951025963
1.0379815101623535 0.07313448935747147 0.028089093044400215
1.0379997491836548 0.07498814910650253 0.03343983367085457
1.0565000772476196 -0.11550882458686829 0.13270294666290283
1.0565005540847778 -0.11631858348846436 0.12127877026796341
1.0565003156661987 -0.1070813313126564 0.1185624971985817
1.0565003156661987 -0.10095244646072388 0.12520156800746918
1.0565003156661987 -0.10531797260046005 0.13385657966136932
1.0565003156661987 -0.10032317042350769 0.13695918023586273
1.0565001964569092 -0.09902503341436386 0.1475730836391449
1.0565000772476196 -0.1057082861661911 0.15178583562374115
1.0565001964569092 -0.11273197829723358 0.14867019653320312
1.0565004348754883 -0.11346174031496048 0.13836857676506042
1.0565003156661987 0.09249291568994522 0.05193335562944412
1.0565001964569092 0.10286376625299454 0.055830296128988266
1.0565001964569092 0.10017824172973633 0.06735631078481674
1.0565001964569092 0.08715350925922394 0.058652114123106
1.0565000772476196 0.08928773552179337 0.06597508490085602
1.0565001964569092 0.051109910011291504 0.023102372884750366
1.0565003156661987 0.03905855491757393 0.01956368237733841
1.0565004348754883 0.04183861240744591 0.007624207995831966
1.0565003156661987 0.05402308702468872 0.011075921356678009
1.0565001964569092 0.027541132643818855 0.0013677709503099322
1.0565001964569092 0.03542037308216095 0.002717436058446765
1.0565003156661987 0.02190120704472065 0.008154774084687233
1.0565001964569092 0.0342768058180809 0.01644277386367321
1.0565001964569092 0.038689978420734406 0.009979129768908024
1.0565001964569092 0.026514433324337006 0.01676907204091549
1.0565001964569092 -0.10189828276634216 0.05432697385549545
1.0565001964569092 -0.08705507963895798 0.06028830260038376
1.0565003156661987 -0.09234649688005447 0.068263940513134
1.0565003156661987 -0.10224568098783493 0.06460943818092346
1.0565004348754883 -0.09097521007061005 0.052524078637361526
1.0565003156661987 -0.0379430316388607 0.00556425005197525
1.0565003156661987 -0.02853560633957386 0.0007853397983126342
1.0565001964569092 -0.022393951192498207 0.007119213230907917
1.0565001964569092 -0.02431906946003437 0.015236936509609222
1.05649995803833 -0.03526543453335762 0.016557492315769196
1.0565001964569092 -0.03889409825205803 0.011588580906391144
1.0565001964569092 -0.04528151825070381 0.007187400944530964
1.0565001964569092 -0.03938097879290581 0.019499648362398148
1.0565000772476196 -0.053373824805021286 0.010104401968419552
1.0565003156661987 -0.05422736704349518 0.017832811921834946
1.0565000772476196 -0.0481480173766613 0.02397247590124607
1.0565003156661987 -0.10437291860580444 0.08382537961006165
1.0565001964569092 -0.10625625401735306 0.06809096038341522
1.0565000772476196 -0.09790217876434326 0.0685478001832962
1.0565004348754883 -0.0947735607624054 0.07944685220718384
1.0565000772476196 -0.11135607957839966 0.07604681700468063
1.0379798412322998 -0.07483817636966705 0.19874075055122375
1.0380184650421143 -0.07024392485618591 0.20348843932151794
1.0440001487731934 -0.06425632536411285 0.19891642034053802
1.0440034866333008 -0.07469968497753143 0.20241771638393402
1.0439997911453247 -0.07130809873342514 0.19310362637043
1.0379995107650757 -0.07199300825595856 0.19335593283176422
1.0379996299743652 -0.06464026868343353 0.1972796767950058
1.0565001964569092 -0.10112614929676056 0.10762491077184677
1.0565004348754883 -0.11002115160226822 0.11828358471393585
1.0565000772476196 -0.11824041604995728 0.11006345599889755
1.0565003156661987 -0.11252041161060333 0.10082682222127914
1.0565001964569092 0.0217453483492136 0.21887074410915375
1.0565001964569092 0.02647683210670948 0.22812874615192413
1.0565003156661987 0.03784121945500374 0.21736440062522888
1.05649995803833 0.03677535429596901 0.22661271691322327
1.0565001964569092 0.030716324225068092 0.2121604084968567
1.0565001964569092 0.049451835453510284 0.22243055701255798
1.0565000772476196 0.040491893887519836 0.22087940573692322
1.0565001964569092 0.05500960350036621 0.21531568467617035
1.0565000772476196 0.038599979132413864 0.2123708873987198
1.0565000772476196 0.04416124150156975 0.20659130811691284
1.0565001964569092 0.051311518996953964 0.20811329782009125
1.0565001964569092 0.10380356758832932 0.1355850100517273
1.0565000772476196 0.11375544220209122 0.13849972188472748
1.0565001964569092 0.11145557463169098 0.15036426484584808
1.0565000772476196 0.10197075456380844 0.15062835812568665
1.05649995803833 0.09769204258918762 0.14233195781707764
1.0565003156661987 0.11106346547603607 0.1181938573718071
1.0565001964569092 0.11823167651891708 0.1274663805961609
1.0565003156661987 0.10071742534637451 0.12420398741960526
1.0565004348754883 0.10797945410013199 0.13516943156719208
1.0565003156661987 0.09877830743789673 0.09145188331604004
1.0565003156661987 0.11325943470001221 0.09830164164304733
1.0565001964569092 0.104839988052845 0.10005150735378265
1.0565003156661987 0.10618913918733597 0.08396370708942413
1.0565004348754883 0.1152719184756279 0.08803892135620117
1.0565001964569092 0.09795774519443512 0.0825667530298233
1.0565005540847778 0.09998850524425507 0.06723083555698395
1.0565003156661987 0.11037744581699371 0.07188721001148224
1.0565005540847778 0.10797026753425598 0.08233427256345749
1.0565001964569092 0.09441592544317245 0.0755215659737587
1.0565003156661987 0.11776073276996613 0.10643743723630905
1.0565000772476196 0.1166706457734108 0.11385972052812576
1.0565001964569092 0.10874412953853607 0.11787409335374832
1.0565004348754883 0.11173117905855179 0.10125041007995605
1.0565001964569092 0.10359146445989609 0.10346584022045135
1.0565001964569092 0.10196541249752045 0.11157923936843872
0.9822204113006592 0.012329773046076298 -0.005960850976407528
0.9832581281661987 0.005265020299702883 -0.007954198867082596
0.983076274394989 -0.011921457946300507 -0.006331424228847027
0.9805554151535034 -0.012455699034035206 -0.006083799060434103
0.9806190729141235 0.0016605578130111098 -0.00834648683667183
0.9720714092254639 0.008379874750971794 -0.00565010542050004
0.9905792474746704 -0.009326166473329067 -0.005539258476346731
0.979133665561676 -0.013178713619709015 0.0025004304479807615
0.9697005748748779 -0.005760848522186279 0.002499890513718128
0.9682756662368774 0.0014061863766983151 0.0025030397810041904
0.9704473614692688 -0.005250026471912861 -0.005414348561316729
0.9946916699409485 0.0038319029845297337 -0.005387139040976763
0.9851540923118591 0.013129626400768757 0.0025019508320838213
0.9944926500320435 0.006227076984941959 0.0025058621540665627
0.9951254725456238 -0.0031892070546746254 0.002499629743397236
0.972785472869873 0.010556130670011044 0.0025002071633934975
0.9888219237327576 -0.011921703815460205 0.0024999831803143024
0.9344499707221985 -0.002357250778004527 0.0009668295388109982
0.9339876770973206 -9.512296855973545e-06 -0.006903639528900385
0.9339883923530579 1.4405725778487977e-05 -0.0068953451700508595
0.936508059501648 0.009258473291993141 -0.006658822298049927
0.9523900747299194 0.01281814742833376 -0.005136125721037388
0.9423995018005371 0.012058889493346214 0.0008261470939032733
0.9602257013320923 0.0020438500214368105 -0.004952134098857641
0.9597659707069397 0.003374002408236265 0.0008936601225286722
0.9560325741767883 -0.010241629555821419 -0.0049103060737252235
0.9688873291015625 0.010485216975212097 0.23375216126441956
0.9650818109512329 -0.00351012428291142 0.2344469130039215
0.9650678634643555 -0.0008513033972121775 0.22910961508750916
0.9737555980682373 -0.01306669320911169 0.2332203984260559
0.9839961528778076 -0.011718178167939186 0.2334243655204773
0.9810897707939148 -0.012727584689855576 0.22913886606693268
0.9711453914642334 -0.011420500464737415 0.22919867932796478
0.9912285804748535 -0.0032903216779232025 0.23401682078838348
0.9868126511573792 -0.009226971305906773 0.22909536957740784
0.9859192371368408 0.011379559524357319 0.23349887132644653
0.9909072518348694 0.0024272827431559563 0.22905214130878448
0.9843810200691223 0.011451180092990398 0.22917278110980988
0.9755706191062927 0.01243830006569624 0.2290806621313095
0.9858427047729492 -0.013450863771140575 -0.0032406486570835114
0.9734033942222595 -0.011720496229827404 -0.003424154594540596
0.9677519202232361 0.0011998906265944242 -0.004273271653801203
0.9744625091552734 0.012172951363027096 -0.003172073047608137
0.9861290454864502 0.01337174978107214 -0.0032499325461685658
0.9949278235435486 0.006178831681609154 -0.003886537393555045
0.9944369792938232 -0.006926994305104017 -0.003839051816612482
0.9693700075149536 0.11886076629161835 0.10664466768503189
0.9693463444709778 0.1185251921415329 0.12796550989151
0.9693275094032288 0.11353542655706406 0.15137377381324768
0.9696409106254578 -0.020237814635038376 -0.002493402222171426
0.9695467948913574 0.1040663942694664 0.17313119769096375
0.9696340560913086 0.08618863672018051 0.19769202172756195
0.9696686267852783 0.06333860754966736 0.21595720946788788
0.9691216349601746 -0.042403001338243484 0.2266356199979782
0.9698017835617065 0.03672346472740173 0.22863905131816864
1.0095001459121704 0.02142593078315258 0.23228445649147034
0.9689348936080933 -0.07496339082717896 0.20822785794734955
0.969970166683197 -0.10148581862449646 0.17801867425441742
0.9690691232681274 -0.11342625319957733 0.15169481933116913
0.9692637920379639 -0.11916924268007278 0.12325096130371094
0.9697455167770386 -0.11818021535873413 0.10017409175634384
0.9680901765823364 -0.11474103480577469 0.08146871626377106
0.9696786999702454 -0.1064215898513794 0.061233650892972946
0.9707399010658264 -0.09178517758846283 0.03888743743300438
0.9691020846366882 -0.0698455274105072 0.01807297021150589
0.9690508246421814 0.026812328025698662 -0.0011945940786972642
0.9696350693702698 -0.042121537029743195 0.003466110210865736
0.9699016809463501 0.048808496445417404 0.0062726940959692
0.9694679379463196 0.06669197976589203 0.016288062557578087
0.9696583151817322 0.08421579003334045 0.030403904616832733
0.9688790440559387 0.1054292619228363 0.058640334755182266
0.9694293737411499 0.1155339777469635 0.08560477197170258
0.9403481483459473 -0.01225726492702961 -0.006111926399171352
0.9308016896247864 -0.1046513020992279 0.051251184195280075
0.9361714720726013 -0.11762271076440811 0.08010650426149368
0.9215593338012695 -0.032005876302719116 -0.003725853282958269
0.9338691234588623 -0.05819246172904968 0.0072851041331887245
0.8854179978370667 -0.053653839975595474 0.003951973281800747
0.9273653626441956 -0.10182098299264908 0.18339484930038452
0.9333314299583435 -0.08594691753387451 0.20214684307575226
0.931705892086029 0.1224055215716362 0.1139606162905693
0.8854579329490662 0.12214157730340958 0.09692146629095078
0.8854741454124451 0.1225719153881073 0.12760454416275024
0.9312880039215088 0.10207847505807877 0.0473557747900486
0.9456071853637695 0.09870340675115585 0.18571007251739502
0.9310266375541687 0.10984355211257935 0.1692230999469757
0.8854668140411377 -0.030636638402938843 -0.004254722036421299
0.8854014277458191 -2.8044451028108597e-05 -0.008591880090534687
0.9311656951904297 0.09056626260280609 0.03274497762322426
0.9285954833030701 0.07296685874462128 0.01644636131823063
0.9296690821647644 0.036820556968450546 0.23188786208629608
0.8854184746742249 0.05045624077320099 0.22741395235061646
0.8854684829711914 0.026124753057956696 0.2354564517736435
0.9353815913200378 -0.017799722030758858 0.23613318800926208
0.9315248131752014 0.052167657762765884 0.004320336040109396
0.8854074478149414 0.04817647859454155 0.00146599137224257
0.8854755759239197 0.07211759686470032 0.015090977773070335
0.9285509586334229 -0.12246941775083542 0.1117134690284729
0.8854696750640869 -0.12306156754493713 0.10883836448192596
0.8854142427444458 -0.11873850971460342 0.0816616415977478
0.9298795461654663 0.12037910521030426 0.13714995980262756
0.9302895665168762 -0.11524681746959686 0.1567097306251526
0.9341926574707031 -0.06374659389257431 0.21953824162483215
0.885419487953186 -0.0562891885638237 0.22489230334758759
0.8854880928993225 -0.07911785691976547 0.20934255421161652
0.9253600835800171 0.010677770711481571 0.23721374571323395
0.9348577260971069 -0.08970778435468674 0.03204694390296936
0.8854157328605652 0.11591743677854538 0.15752755105495453
0.928717315196991 0.11556726694107056 0.15573713183403015
0.9300022721290588 0.11551693081855774 0.07430220395326614
0.9345493316650391 0.0802561491727829 0.20718252658843994
0.8854118585586548 -0.09841602295637131 0.18955878913402557
0.8854840397834778 0.09056514501571655 0.03144952654838562
0.885481595993042 -0.10826483368873596 0.056170735508203506
0.935650110244751 -0.12109874933958054 0.13129441440105438
0.8856606483459473 0.003642548806965351 0.2382977157831192
0.885388970375061 0.09611181169748306 0.19293095171451569
0.9307742118835449 0.12065516412258148 0.09464642405509949
0.9320737719535828 0.061288412660360336 0.22093985974788666
0.9290539026260376 0.03431706875562668 -0.002606605878099799
0.8854404091835022 -0.09444450587034225 0.03586485609412193
0.8851969242095947 -0.07901695370674133 0.020046820864081383
0.8854253888130188 0.11019180715084076 0.058927781879901886
0.885481595993042 -0.11352057009935379 0.16290825605392456
0.8854822516441345 0.018674520775675774 -0.006912670563906431
0.9012358784675598 -0.03504108637571335 0.23362071812152863
0.8854754567146301 0.071711964905262 0.21520031988620758
0.885479748249054 -0.12146882712841034 0.13634410500526428
0.8855499029159546 -0.028101161122322083 0.23493024706840515
0.9378021955490112 -0.009253503754734993 0.0009018306736834347
0.955871045589447 -0.009595867246389389 0.0008542316500097513
0.9486231207847595 -0.012857897207140923 0.0009516923455521464
0.9518240094184875 0.011802115477621555 0.0009481078013777733
0.9365189075469971 0.007302835583686829 0.0008556100656278431
0.9675722122192383 0.007419311907142401 0.22911155223846436
0.9797134399414062 -0.004288316238671541 0.2290000021457672
0.9803996682167053 0.0041562533006072044 0.22899983823299408
0.973203718662262 -1.56201394929667e-06 0.229000523686409
0.9733617901802063 -0.0013569480506703258 0.2338458150625229
0.9805874824523926 -0.0037837016861885786 0.23394504189491272
0.9788987040519714 0.004704638384282589 0.23391887545585632
0.9896736741065979 0.0021389254834502935 0.233751580119133
0.976580798625946 -0.012001900002360344 0.23352670669555664
0.9870851635932922 -0.008280819281935692 0.2335827350616455
0.9848694205284119 0.010011413134634495 0.23354390263557434
0.9741347432136536 0.011522709392011166 0.2335818111896515
0.9666728973388672 0.004035089164972305 0.233683779835701
0.9676930904388428 -0.0066788350231945515 0.2333977371454239
0.9487134218215942 0.004288306925445795 0.0010000569745898247
0.9510000348091125 -0.0023094010539352894 0.0010000000474974513
0.9441428184509277 -0.0036282662767916918 0.0010000233305618167
0.9425409436225891 0.0014955259393900633 -0.0036144396290183067
0.9507840275764465 0.0027489783242344856 -0.0038986012805253267
0.9466767311096191 -0.004639564547687769 -0.003932527266442776
0.9539955854415894 -0.01006931159645319 -0.003916048910468817
0.9419112205505371 -0.011151058599352837 -0.003415464423596859
0.9512629508972168 0.011935900896787643 -0.003717641578987241
0.9593494534492493 0.00017500009562354535 -0.0033856509253382683
0.935440182685852 -0.0032053629402071238 -0.0036787553690373898
0.936831533908844 0.00708030816167593 -0.0034421260934323072
0.26259276270866394 -0.03997082635760307 0.006779208313673735
0.26713570952415466 -0.015071204863488674 0.006094209849834442
0.2650702893733978 -0.04678477719426155 0.010599181056022644
0.261841356754303 -0.05292132496833801 0.007305185776203871
0.24862495064735413 -0.06539886444807053 0.007235781289637089
0.26064059138298035 -0.07153070718050003 0.008382949978113174
0.23901867866516113 -0.07141925394535065 0.00835800264030695
0.2633489966392517 -0.06817241758108139 0.01498164888471365
0.2588184177875519 -0.07266540080308914 0.016150757670402527
0.23639678955078125 -0.06847545504570007 0.01524615939706564
0.23723497986793518 -0.04211404174566269 0.0070950682274997234
0.24014100432395935 -0.07291561365127563 0.017001910135149956
0.23447200655937195 -0.04228055849671364 0.010265585035085678
0.2319682091474533 -0.0018528420478105545 0.005230433773249388
0.2523246705532074 -0.033721935003995895 0.006445724982768297
0.24522092938423157 -0.029757337644696236 0.0063487207517027855
0.2526557147502899 -0.02608807012438774 0.0062520550563931465
0.2710084319114685 -0.047670211642980576 0.010853622108697891
0.3422849178314209 -0.0908142700791359 0.023071959614753723
-0.04575251415371895 -0.10500000417232513 0.021861543878912926
-0.012554180808365345 -0.10500000417232513 0.04862232133746147
-0.029491152614355087 -0.10500000417232513 0.040740687400102615
-0.050176382064819336 -0.10500000417232513 -0.0064450763165950775
0.009871358051896095 -0.10500000417232513 0.04961613938212395
-0.03945443034172058 -0.10500000417232513 -0.03166317194700241
-0.013658445328474045 -0.10500000417232513 -0.04911094531416893
0.03628408536314964 -0.10500000417232513 0.03560558333992958
0.012554180808365345 -0.10500000417232513 -0.04862232133746147
0.05001293867826462 -0.10500000417232513 0.008113082498311996
0.045967210084199905 -0.10500000417232513 -0.021504808217287064
0.029491152614355087 -0.10500000417232513 -0.040740687400102615
0.042830731719732285 -0.0950000137090683 0.026363926008343697
0.05092440918087959 -0.0950000137090683 0.0005713910213671625
-0.007803625892847776 -0.0950000137090683 -0.049873437732458115
0.020652107894420624 -0.0950000062584877 -0.04645194858312607
0.04225054383277893 -0.0950000137090683 -0.027625223621726036
-0.026405004784464836 -0.0950000137090683 -0.04263533279299736
-0.04115165024995804 -0.0950000137090683 -0.02923697419464588
-0.049861207604408264 -0.0950000137090683 -0.007226924877613783
-0.04673432186245918 -0.0950000137090683 0.02000497840344906
-0.030137639492750168 -0.0950000137090683 0.0402648001909256
-0.006042237393558025 -0.0950000137090683 0.0504755936563015
0.02487955614924431 -0.0950000137090683 0.04423176124691963
-0.1300000101327896 -0.09456391632556915 0.12871021032333374
-0.1300000101327896 -0.10004202276468277 0.13379321992397308
-0.1300000101327896 -0.10169164836406708 0.13566236197948456
-0.1300000101327896 -0.09830126911401749 0.13200855255126953
-0.1300000101327896 -0.09647372364997864 0.1303127557039261
-0.1300000101327896 -0.10470137000083923 0.13963574171066284
-0.1300000101327896 -0.1032460555434227 0.13761158287525177
-0.1300000101327896 -0.08838942646980286 0.12450049072504044
-0.1300000101327896 -0.09257660806179047 0.12720483541488647
-0.1300000101327896 -0.09051674604415894 0.12580054998397827
-0.1300000101327896 -0.10843787342309952 0.14610767364501953
-0.1300000101327896 -0.10605397820472717 0.14172998070716858
-0.1300000101327896 -0.10730050504207611 0.1438891738653183
-0.1300000101327896 -0.10946323722600937 0.1483801305294037
-0.1300000101327896 -0.07931376248598099 0.12040552496910095
-0.1300000101327896 -0.08619996160268784 0.12330811470746994
-0.1300000101327896 -0.08395378291606903 0.12222656607627869
-0.1300000101327896 -0.08165647834539413 0.12125806510448456
-0.1300000101327896 -0.1118432879447937 0.15546387434005737
-0.1300000101327896 -0.11037405580282211 0.15070068836212158
-0.1300000101327896 -0.11116806417703629 0.15306396782398224
-0.1300000101327896 -0.07451547682285309 0.11905542761087418
-0.1300000101327896 -0.07693145424127579 0.11967065930366516
-0.1300000101327896 -0.06960660964250565 0.11818994581699371
-0.1300000101327896 -0.07207183539867401 0.1185615286231041
-0.1300000101327896 -0.11314096301794052 0.16282349824905396
-0.1300000101327896 -0.11239805072546005 0.1578945368528366
-0.1300000101327896 -0.11283096671104431 0.16034962236881256
-0.1300000101327896 -0.06463596224784851 0.11781738698482513
-0.1300000101327896 -0.06712593138217926 0.11794165521860123
-0.1300000101327896 -0.11338942497968674 0.16780176758766174
-0.1300000101327896 -0.1133272722363472 0.1653095781803131
-0.1300000101327896 -0.05965292081236839 0.11794165521860123
-0.1300000101327896 -0.06214288994669914 0.11781738698482513
-0.1300000101327896 -0.11314096301794052 0.17278027534484863
-0.1300000101327896 -0.1133272722363472 0.17029419541358948
-0.1300000101327896 -0.05470701679587364 0.1185615286231041
-0.1300000101327896 -0.05717223882675171 0.11818994581699371
-0.1300000101327896 -0.1118432879447937 0.1801396608352661
-0.1300000101327896 -0.11283096671104431 0.17525391280651093
-0.1300000101327896 -0.11239805072546005 0.17770923674106598
-0.1300000101327896 -0.049847401678562164 0.11967065930366516
-0.1300000101327896 -0.05226337909698486 0.11905542761087418
-0.1300000101327896 -0.11116806417703629 0.18253955245018005
-0.1300000101327896 -0.10946323722600937 0.1872236430644989
-0.1300000101327896 -0.11037405580282211 0.1849028468132019
-0.1300000101327896 -0.04282507300376892 0.12222656607627869
-0.1300000101327896 -0.04512237384915352 0.12125806510448456
-0.1300000101327896 -0.047465093433856964 0.12040552496910095
-0.1300000101327896 -0.10843787342309952 0.18949609994888306
-0.1300000101327896 -0.040578894317150116 0.12330811470746994
-0.1300000101327896 -0.03420224040746689 0.12720483541488647
-0.1300000101327896 -0.0383894257247448 0.12450049072504044
-0.1300000101327896 -0.036262113600969315 0.12580054998397827
-0.1300000101327896 -0.1032460555434227 0.19799195230007172
-0.1300000101327896 -0.10605397820472717 0.1938735395669937
-0.1300000101327896 -0.10470137000083923 0.19596777856349945
-0.1300000101327896 -0.030305134132504463 0.1303127557039261
-0.1300000101327896 -0.0322149321436882 0.12871021032333374
-0.1300000101327896 -0.10004202276468277 0.2018105536699295
-0.1300000101327896 -0.10169164836406708 0.19994117319583893
-0.1300000101327896 -0.028477584943175316 0.13200855255126953
-0.1300000101327896 -0.026736831292510033 0.13379321992397308
-0.1300000101327896 -0.09647372364997864 0.2052907794713974
-0.1300000101327896 -0.09830126911401749 0.20359522104263306
-0.1300000101327896 -0.025087201967835426 0.13566236197948456
-0.1300000101327896 -0.09257660806179047 0.20839868485927582
-0.1300000101327896 -0.09456391632556915 0.20689332485198975
-0.1300000101327896 -0.08838942646980286 0.21110303699970245
-0.1300000101327896 -0.09051674604415894 0.2098032385110855
-0.1300000101327896 -0.019478345289826393 0.1438891738653183
-0.1300000101327896 -0.023532798513770103 0.13761158287525177
-0.1300000101327896 -0.022077485918998718 0.13963574171066284
-0.1300000101327896 -0.020724879577755928 0.14172998070716858
-0.1300000101327896 -0.018340980634093285 0.14610767364501953
-0.1300000101327896 -0.10730050504207611 0.19171461462974548
-0.1300000101327896 -0.08395378291606903 0.2133772075176239
-0.1300000101327896 -0.08619996160268784 0.21229541301727295
-0.1300000101327896 -0.01640479266643524 0.15070068836212158
-0.1300000101327896 -0.017315613105893135 0.1483801305294037
-0.1300000101327896 -0.015610783360898495 0.15306396782398224
-0.1300000101327896 -0.013947882689535618 0.16034962236881256
-0.1300000101327896 -0.014935558661818504 0.15546387434005737
-0.1300000101327896 -0.014380798675119877 0.1578945368528366
-0.1300000101327896 -0.06960660964250565 0.21741382777690887
-0.1300000101327896 -0.07451547682285309 0.2165481001138687
-0.1300000101327896 -0.07207183539867401 0.2170422524213791
-0.1300000101327896 -0.07693145424127579 0.21593311429023743
-0.1300000101327896 -0.07931376248598099 0.21519824862480164
-0.1300000101327896 -0.08165647834539413 0.21434547007083893
-0.1300000101327896 -0.013451578095555305 0.1653095781803131
-0.1300000101327896 -0.013637884519994259 0.16282349824905396
-0.1300000101327896 -0.06463596224784851 0.21778638660907745
-0.1300000101327896 -0.06712593138217926 0.21766212582588196
-0.1300000101327896 -0.013451578095555305 0.17029419541358948
-0.1300000101327896 -0.013389424420893192 0.16780176758766174
-0.1300000101327896 -0.013947882689535618 0.17525391280651093
-0.1300000101327896 -0.013637884519994259 0.17278027534484863
-0.1300000101327896 -0.05226337909698486 0.2165481001138687
-0.1300000101327896 -0.05717223882675171 0.21741382777690887
-0.1300000101327896 -0.05470701679587364 0.2170422524213791
-0.1300000101327896 -0.049847401678562164 0.21593311429023743
-0.1300000101327896 -0.05965292081236839 0.21766212582588196
-0.1300000101327896 -0.06214288994669914 0.21778638660907745
-0.1300000101327896 -0.01640479266643524 0.1849028468132019
-0.1300000101327896 -0.014380798675119877 0.17770923674106598
-0.1300000101327896 -0.014935558661818504 0.1801396608352661
-0.1300000101327896 -0.015610783360898495 0.18253955245018005
-0.1300000101327896 -0.04512237384915352 0.21434547007083893
-0.1300000101327896 -0.047465093433856964 0.21519824862480164
-0.1300000101327896 -0.019478345289826393 0.19171461462974548
-0.1300000101327896 -0.018340980634093285 0.18949609994888306
-0.1300000101327896 -0.017315613105893135 0.1872236430644989
-0.1300000101327896 -0.0383894257247448 0.21110303699970245
-0.1300000101327896 -0.04282507300376892 0.2133772075176239
-0.1300000101327896 -0.040578894317150116 0.21229541301727295
-0.1300000101327896 -0.03420224040746689 0.20839868485927582
-0.1300000101327896 -0.036262113600969315 0.2098032385110855
-0.1300000101327896 -0.023532798513770103 0.19799195230007172
-0.1300000101327896 -0.020724879577755928 0.1938735395669937
-0.1300000101327896 -0.022077485918998718 0.19596777856349945
-0.1300000101327896 -0.030305134132504463 0.2052907794713974
-0.1300000101327896 -0.0322149321436882 0.20689332485198975
-0.1300000101327896 -0.028477584943175316 0.20359522104263306
-0.1300000101327896 -0.025087201967835426 0.19994117319583893
-0.1300000101327896 -0.026736831292510033 0.2018105536699295
-0.14000000059604645 -0.047465093433856964 0.21519824862480164
-0.14000000059604645 -0.04512237384915352 0.21434547007083893
-0.14000000059604645 -0.04282507300376892 0.2133772075176239
-0.14000000059604645 -0.013389424420893192 0.16780176758766174
-0.14000000059604645 -0.040578894317150116 0.21229541301727295
-0.14000000059604645 -0.013451578095555305 0.1653095781803131
-0.14000000059604645 -0.0383894257247448 0.21110303699970245
-0.14000000059604645 -0.013637884519994259 0.16282349824905396
-0.14000000059604645 -0.036262113600969315 0.2098032385110855
-0.14000000059604645 -0.013947882689535618 0.16034962236881256
-0.14000000059604645 -0.03420224040746689 0.20839868485927582
-0.14000000059604645 -0.014380798675119877 0.1578945368528366
-0.14000000059604645 -0.0322149321436882 0.20689332485198975
-0.14000000059604645 -0.014935558661818504 0.15546387434005737
-0.14000000059604645 -0.030305134132504463 0.2052907794713974
-0.14000000059604645 -0.015610783360898495 0.15306396782398224
-0.14000000059604645 -0.028477584943175316 0.20359522104263306
-0.14000000059604645 -0.01640479266643524 0.15070068836212158
-0.14000000059604645 -0.026736831292510033 0.2018105536699295
-0.14000000059604645 -0.017315613105893135 0.1483801305294037
-0.14000000059604645 -0.025087201967835426 0.19994117319583893
-0.14000000059604645 -0.018340980634093285 0.14610767364501953
-0.14000000059604645 -0.023532798513770103 0.19799195230007172
-0.14000000059604645 -0.019478345289826393 0.1438891738653183
-0.14000000059604645 -0.022077485918998718 0.19596777856349945
-0.14000000059604645 -0.020724879577755928 0.14172998070716858
-0.14000000059604645 -0.020724879577755928 0.1938735395669937
-0.14000000059604645 -0.022077485918998718 0.13963574171066284
-0.14000000059604645 -0.019478345289826393 0.19171461462974548
-0.14000000059604645 -0.023532798513770103 0.13761158287525177
-0.14000000059604645 -0.018340980634093285 0.18949609994888306
-0.14000000059604645 -0.025087201967835426 0.13566236197948456
-0.14000000059604645 -0.017315613105893135 0.1872236430644989
-0.14000000059604645 -0.026736831292510033 0.13379321992397308
-0.14000000059604645 -0.01640479266643524 0.1849028468132019
-0.14000000059604645 -0.015610783360898495 0.18253955245018005
-0.14000000059604645 -0.028477584943175316 0.13200855255126953
-0.14000000059604645 -0.014935558661818504 0.1801396608352661
-0.14000000059604645 -0.030305134132504463 0.1303127557039261
-0.14000000059604645 -0.014380798675119877 0.17770923674106598
-0.14000000059604645 -0.0322149321436882 0.12871021032333374
-0.14000000059604645 -0.013947882689535618 0.17525391280651093
-0.14000000059604645 -0.03420224040746689 0.12720483541488647
-0.14000000059604645 -0.013637884519994259 0.17278027534484863
-0.14000000059604645 -0.036262113600969315 0.12580054998397827
-0.14000000059604645 -0.013451578095555305 0.17029419541358948
-0.14000000059604645 -0.0383894257247448 0.12450049072504044
-0.14000000059604645 -0.040578894317150116 0.12330811470746994
-0.14000000059604645 -0.04282507300376892 0.12222656607627869
-0.14000000059604645 -0.04512237384915352 0.12125806510448456
-0.14000000059604645 -0.047465093433856964 0.12040552496910095
-0.14000000059604645 -0.049847401678562164 0.11967065930366516
-0.14000000059604645 -0.05226337909698486 0.11905542761087418
-0.14000000059604645 -0.05470701679587364 0.1185615286231041
-0.14000000059604645 -0.05717223882675171 0.11818994581699371
-0.14000000059604645 -0.05965292081236839 0.11794165521860123
-0.14000000059604645 -0.06214288994669914 0.11781738698482513
-0.14000000059604645 -0.06463596224784851 0.11781738698482513
-0.14000000059604645 -0.06712593138217926 0.11794165521860123
-0.14000000059604645 -0.06960660964250565 0.11818994581699371
-0.14000000059604645 -0.07207183539867401 0.1185615286231041
-0.14000000059604645 -0.07451547682285309 0.11905542761087418
-0.14000000059604645 -0.07693145424127579 0.11967065930366516
-0.14000000059604645 -0.07931376248598099 0.12040552496910095
-0.14000000059604645 -0.08165647834539413 0.12125806510448456
-0.14000000059604645 -0.08395378291606903 0.12222656607627869
-0.14000000059604645 -0.08619996160268784 0.12330811470746994
-0.14000000059604645 -0.08838942646980286 0.12450049072504044
-0.14000000059604645 -0.09051674604415894 0.12580054998397827
-0.14000000059604645 -0.09257660806179047 0.12720483541488647
-0.14000000059604645 -0.09456391632556915 0.12871021032333374
-0.14000000059604645 -0.09647372364997864 0.1303127557039261
-0.14000000059604645 -0.09830126911401749 0.13200855255126953
-0.14000000059604645 -0.10004202276468277 0.13379321992397308
-0.14000000059604645 -0.10169164836406708 0.13566236197948456
-0.14000000059604645 -0.1032460555434227 0.13761158287525177
-0.14000000059604645 -0.10470137000083923 0.13963574171066284
-0.14000000059604645 -0.10605397820472717 0.14172998070716858
-0.14000000059604645 -0.10730050504207611 0.1438891738653183
-0.14000000059604645 -0.10843787342309952 0.14610767364501953
-0.14000000059604645 -0.10946323722600937 0.1483801305294037
-0.14000000059604645 -0.11037405580282211 0.15070068836212158
-0.14000000059604645 -0.11116806417703629 0.15306396782398224
-0.14000000059604645 -0.1118432879447937 0.15546387434005737
-0.14000000059604645 -0.11239805072546005 0.1578945368528366
-0.14000000059604645 -0.11283096671104431 0.16034962236881256
-0.14000000059604645 -0.11314096301794052 0.16282349824905396
-0.14000000059604645 -0.1133272722363472 0.1653095781803131
-0.14000000059604645 -0.11338942497968674 0.16780176758766174
-0.14000000059604645 -0.1133272722363472 0.17029419541358948
-0.14000000059604645 -0.11314096301794052 0.17278027534484863
-0.14000000059604645 -0.11283096671104431 0.17525391280651093
-0.14000000059604645 -0.11239805072546005 0.17770923674106598
-0.14000000059604645 -0.1118432879447937 0.1801396608352661
-0.14000000059604645 -0.11116806417703629 0.18253955245018005
-0.14000000059604645 -0.11037405580282211 0.1849028468132019
-0.14000000059604645 -0.10946323722600937 0.1872236430644989
-0.14000000059604645 -0.10843787342309952 0.18949609994888306
-0.14000000059604645 -0.10730050504207611 0.19171461462974548
-0.14000000059604645 -0.10605397820472717 0.1938735395669937
-0.14000000059604645 -0.10470137000083923 0.19596777856349945
-0.14000000059604645 -0.1032460555434227 0.19799195230007172
-0.14000000059604645 -0.10169164836406708 0.19994117319583893
-0.14000000059604645 -0.10004202276468277 0.2018105536699295
-0.14000000059604645 -0.09830126911401749 0.20359522104263306
-0.14000000059604645 -0.09647372364997864 0.2052907794713974
-0.14000000059604645 -0.09456391632556915 0.20689332485198975
-0.14000000059604645 -0.09257660806179047 0.20839868485927582
-0.14000000059604645 -0.09051674604415894 0.2098032385110855
-0.14000000059604645 -0.08838942646980286 0.21110303699970245
-0.14000000059604645 -0.08619996160268784 0.21229541301727295
-0.14000000059604645 -0.08395378291606903 0.2133772075176239
-0.14000000059604645 -0.08165647834539413 0.21434547007083893
-0.14000000059604645 -0.07931376248598099 0.21519824862480164
-0.14000000059604645 -0.07693145424127579 0.21593311429023743
-0.14000000059604645 -0.07451547682285309 0.2165481001138687
-0.14000000059604645 -0.07207183539867401 0.2170422524213791
-0.14000000059604645 -0.06960660964250565 0.21741382777690887
-0.14000000059604645 -0.06712593138217926 0.21766212582588196
-0.14000000059604645 -0.06463596224784851 0.21778638660907745
-0.14000000059604645 -0.06214288994669914 0.21778638660907745
-0.14000000059604645 -0.05965292081236839 0.21766212582588196
-0.14000000059604645 -0.05717223882675171 0.21741382777690887
-0.14000000059604645 -0.05470701679587364 0.2170422524213791
-0.14000000059604645 -0.05226337909698486 0.2165481001138687
-0.14000000059604645 -0.049847401678562164 0.21593311429023743
-0.1300000101327896 0.03169873729348183 0.20359522104263306
-0.1300000101327896 0.028308356180787086 0.19994117319583893
-0.1300000101327896 0.029957983642816544 0.2018105536699295
-0.1300000101327896 0.033526286482810974 0.2052907794713974
-0.1300000101327896 0.03543609008193016 0.20689332485198975
-0.1300000101327896 0.02529863826930523 0.19596777856349945
-0.1300000101327896 0.026753952726721764 0.19799195230007172
-0.1300000101327896 0.023946033790707588 0.1938735395669937
-0.1300000101327896 0.04161057993769646 0.21110303699970245
-0.1300000101327896 0.03742339462041855 0.20839868485927582
-0.1300000101327896 0.039483267813920975 0.2098032385110855
-0.1300000101327896 0.021562134847044945 0.18949609994888306
-0.1300000101327896 0.022699499502778053 0.19171461462974548
-0.1300000101327896 0.043800048530101776 0.21229541301727295
-0.1300000101327896 0.04604622349143028 0.2133772075176239
-0.1300000101327896 0.020536767318844795 0.1872236430644989
-0.1300000101327896 0.04834352806210518 0.21434547007083893
-0.1300000101327896 0.05548453330993652 0.2165481001138687
-0.1300000101327896 0.050686247646808624 0.21519824862480164
-0.1300000101327896 0.053068555891513824 0.21593311429023743
-0.1300000101327896 0.06039339303970337 0.21741382777690887
-0.1300000101327896 0.0579281710088253 0.2170422524213791
-0.1300000101327896 0.017601951956748962 0.17770923674106598
-0.1300000101327896 0.016859037801623344 0.17278027534484863
-0.1300000101327896 0.017169035971164703 0.17525391280651093
-0.1300000101327896 0.018156714737415314 0.1801396608352661
-0.1300000101327896 0.06287407875061035 0.21766212582588196
-0.1300000101327896 0.0653640478849411 0.21778638660907745
-0.1300000101327896 0.016610577702522278 0.16780176758766174
-0.1300000101327896 0.016672732308506966 0.17029419541358948
-0.1300000101327896 0.07034708559513092 0.21766212582588196
-0.1300000101327896 0.01883193664252758 0.18253955245018005
-0.1300000101327896 0.019625946879386902 0.1849028468132019
-0.1300000101327896 0.06785710901021957 0.21778638660907745
-0.1300000101327896 0.016859037801623344 0.16282349824905396
-0.1300000101327896 0.016672732308506966 0.1653095781803131
-0.1300000101327896 0.0728277638554573 0.21741382777690887
-0.1300000101327896 0.07529298961162567 0.2170422524213791
-0.1300000101327896 0.017169035971164703 0.16034962236881256
-0.1300000101327896 0.018156714737415314 0.15546387434005737
-0.1300000101327896 0.017601951956748962 0.1578945368528366
-0.1300000101327896 0.07773663103580475 0.2165481001138687
-0.1300000101327896 0.08015260845422745 0.21593311429023743
-0.1300000101327896 0.0848776251077652 0.21434547007083893
-0.1300000101327896 0.08717493712902069 0.2133772075176239
-0.1300000101327896 0.08253491669893265 0.21519824862480164
-0.1300000101327896 0.019625946879386902 0.15070068836212158
-0.1300000101327896 0.021562134847044945 0.14610767364501953
-0.1300000101327896 0.020536767318844795 0.1483801305294037
-0.1300000101327896 0.0894211158156395 0.21229541301727295
-0.1300000101327896 0.022699499502778053 0.1438891738653183
-0.1300000101327896 0.09161058813333511 0.21110303699970245
-0.1300000101327896 0.09579776227474213 0.20839868485927582
-0.1300000101327896 0.0937379002571106 0.2098032385110855
-0.1300000101327896 0.023946033790707588 0.14172998070716858
-0.1300000101327896 0.026753952726721764 0.13761158287525177
-0.1300000101327896 0.02529863826930523 0.13963574171066284
-0.1300000101327896 0.09778507053852081 0.20689332485198975
-0.1300000101327896 0.0996948778629303 0.2052907794713974
-0.1300000101327896 0.029957983642816544 0.13379321992397308
-0.1300000101327896 0.028308356180787086 0.13566236197948456
-0.1300000101327896 0.10152242332696915 0.20359522104263306
-0.1300000101327896 0.033526286482810974 0.1303127557039261
-0.1300000101327896 0.03169873729348183 0.13200855255126953
-0.1300000101327896 0.10326316952705383 0.2018105536699295
-0.1300000101327896 0.10491280257701874 0.19994117319583893
-0.1300000101327896 0.03742339462041855 0.12720483541488647
-0.1300000101327896 0.03543609008193016 0.12871021032333374
-0.1300000101327896 0.04161057993769646 0.12450049072504044
-0.1300000101327896 0.039483267813920975 0.12580054998397827
-0.1300000101327896 0.10646720975637436 0.19799195230007172
-0.1300000101327896 0.11052165925502777 0.19171461462974548
-0.1300000101327896 0.1079225242137909 0.19596777856349945
-0.1300000101327896 0.10927513241767883 0.1938735395669937
-0.1300000101327896 0.11165902763605118 0.18949609994888306
-0.1300000101327896 0.04604622349143028 0.12222656607627869
-0.1300000101327896 0.043800048530101776 0.12330811470746994
-0.1300000101327896 0.04834352806210518 0.12125806510448456
-0.1300000101327896 0.11268439143896103 0.1872236430644989
-0.1300000101327896 0.11359521001577377 0.1849028468132019
-0.1300000101327896 0.11438921838998795 0.18253955245018005
-0.1300000101327896 0.11506444215774536 0.1801396608352661
-0.1300000101327896 0.11605212092399597 0.17525391280651093
-0.1300000101327896 0.11561920493841171 0.17770923674106598
-0.1300000101327896 0.05548453330993652 0.11905542761087418
-0.1300000101327896 0.06039339303970337 0.11818994581699371
-0.1300000101327896 0.0579281710088253 0.1185615286231041
-0.1300000101327896 0.053068555891513824 0.11967065930366516
-0.1300000101327896 0.050686247646808624 0.12040552496910095
-0.1300000101327896 0.11636211723089218 0.17278027534484863
-0.1300000101327896 0.11654842644929886 0.17029419541358948
-0.1300000101327896 0.0653640478849411 0.11781738698482513
-0.1300000101327896 0.06287407875061035 0.11794165521860123
-0.1300000101327896 0.11654842644929886 0.1653095781803131
-0.1300000101327896 0.116610586643219 0.16780176758766174
-0.1300000101327896 0.01883193664252758 0.15306396782398224
-0.1300000101327896 0.06785710901021957 0.11781738698482513
-0.1300000101327896 0.0728277638554573 0.11818994581699371
-0.1300000101327896 0.07034708559513092 0.11794165521860123
-0.1300000101327896 0.11636211723089218 0.16282349824905396
-0.1300000101327896 0.11605212092399597 0.16034962236881256
-0.1300000101327896 0.07773663103580475 0.11905542761087418
-0.1300000101327896 0.07529298961162567 0.1185615286231041
-0.1300000101327896 0.08015260845422745 0.11967065930366516
-0.1300000101327896 0.11561920493841171 0.1578945368528366
-0.1300000101327896 0.11359521001577377 0.15070068836212158
-0.1300000101327896 0.11506444215774536 0.15546387434005737
-0.1300000101327896 0.11438921838998795 0.15306396782398224
-0.1300000101327896 0.0848776251077652 0.12125806510448456
-0.1300000101327896 0.08253491669893265 0.12040552496910095
-0.1300000101327896 0.11268439143896103 0.1483801305294037
-0.1300000101327896 0.11165902763605118 0.14610767364501953
-0.1300000101327896 0.0894211158156395 0.12330811470746994
-0.1300000101327896 0.08717493712902069 0.12222656607627869
-0.1300000101327896 0.09579776227474213 0.12720483541488647
-0.1300000101327896 0.09161058813333511 0.12450049072504044
-0.1300000101327896 0.0937379002571106 0.12580054998397827
-0.1300000101327896 0.11052165925502777 0.1438891738653183
-0.1300000101327896 0.10646720975637436 0.13761158287525177
-0.1300000101327896 0.10927513241767883 0.14172998070716858
-0.1300000101327896 0.1079225242137909 0.13963574171066284
-0.1300000101327896 0.0996948778629303 0.1303127557039261
-0.1300000101327896 0.09778507053852081 0.12871021032333374
-0.1300000101327896 0.10491280257701874 0.13566236197948456
-0.1300000101327896 0.10152242332696915 0.13200855255126953
-0.1300000101327896 0.10326316952705383 0.13379321992397308
-0.14000000059604645 0.06039339303970337 0.21741382777690887
-0.14000000059604645 0.06287407875061035 0.21766212582588196
-0.14000000059604645 0.0653640478849411 0.21778638660907745
-0.14000000059604645 0.06785710901021957 0.21778638660907745
-0.14000000059604645 0.11654842644929886 0.1653095781803131
-0.14000000059604645 0.116610586643219 0.16780176758766174
-0.14000000059604645 0.07034708559513092 0.21766212582588196
-0.14000000059604645 0.11636211723089218 0.16282349824905396
-0.14000000059604645 0.0728277638554573 0.21741382777690887
-0.14000000059604645 0.11605212092399597 0.16034962236881256
-0.14000000059604645 0.07529298961162567 0.2170422524213791
-0.14000000059604645 0.11561920493841171 0.1578945368528366
-0.14000000059604645 0.07773663103580475 0.2165481001138687
-0.14000000059604645 0.11506444215774536 0.15546387434005737
-0.14000000059604645 0.11438921838998795 0.15306396782398224
-0.14000000059604645 0.08015260845422745 0.21593311429023743
-0.14000000059604645 0.08253491669893265 0.21519824862480164
-0.14000000059604645 0.11359521001577377 0.15070068836212158
-0.14000000059604645 0.0848776251077652 0.21434547007083893
-0.14000000059604645 0.11268439143896103 0.1483801305294037
-0.14000000059604645 0.08717493712902069 0.2133772075176239
-0.14000000059604645 0.11165902763605118 0.14610767364501953
-0.14000000059604645 0.0894211158156395 0.21229541301727295
-0.14000000059604645 0.11052165925502777 0.1438891738653183
-0.14000000059604645 0.09161058813333511 0.21110303699970245
-0.14000000059604645 0.10927513241767883 0.14172998070716858
-0.14000000059604645 0.0937379002571106 0.2098032385110855
-0.14000000059604645 0.1079225242137909 0.13963574171066284
-0.14000000059604645 0.09579776227474213 0.20839868485927582
-0.14000000059604645 0.10646720975637436 0.13761158287525177
-0.14000000059604645 0.09778507053852081 0.20689332485198975
-0.14000000059604645 0.10491280257701874 0.13566236197948456
-0.14000000059604645 0.0996948778629303 0.2052907794713974
-0.14000000059604645 0.10326316952705383 0.13379321992397308
-0.14000000059604645 0.10152242332696915 0.20359522104263306
-0.14000000059604645 0.10152242332696915 0.13200855255126953
-0.14000000059604645 0.10326316952705383 0.2018105536699295
-0.14000000059604645 0.0996948778629303 0.1303127557039261
-0.14000000059604645 0.10491280257701874 0.19994117319583893
-0.14000000059604645 0.09778507053852081 0.12871021032333374
-0.14000000059604645 0.10646720975637436 0.19799195230007172
-0.14000000059604645 0.09579776227474213 0.12720483541488647
-0.14000000059604645 0.1079225242137909 0.19596777856349945
-0.14000000059604645 0.0937379002571106 0.12580054998397827
-0.14000000059604645 0.10927513241767883 0.1938735395669937
-0.14000000059604645 0.09161058813333511 0.12450049072504044
-0.14000000059604645 0.11052165925502777 0.19171461462974548
-0.14000000059604645 0.0894211158156395 0.12330811470746994
-0.14000000059604645 0.11165902763605118 0.18949609994888306
-0.14000000059604645 0.08717493712902069 0.12222656607627869
-0.14000000059604645 0.11268439143896103 0.1872236430644989
-0.14000000059604645 0.0848776251077652 0.12125806510448456
-0.14000000059604645 0.11359521001577377 0.1849028468132019
-0.14000000059604645 0.08253491669893265 0.12040552496910095
-0.14000000059604645 0.11438921838998795 0.18253955245018005
-0.14000000059604645 0.08015260845422745 0.11967065930366516
-0.14000000059604645 0.11506444215774536 0.1801396608352661
-0.14000000059604645 0.07773663103580475 0.11905542761087418
-0.14000000059604645 0.11561920493841171 0.17770923674106598
-0.14000000059604645 0.07529298961162567 0.1185615286231041
-0.14000000059604645 0.11605212092399597 0.17525391280651093
-0.14000000059604645 0.0728277638554573 0.11818994581699371
-0.14000000059604645 0.11636211723089218 0.17278027534484863
-0.14000000059604645 0.11654842644929886 0.17029419541358948
-0.14000000059604645 0.07034708559513092 0.11794165521860123
-0.14000000059604645 0.06785710901021957 0.11781738698482513
-0.14000000059604645 0.0653640478849411 0.11781738698482513
-0.14000000059604645 0.06287407875061035 0.11794165521860123
-0.14000000059604645 0.06039339303970337 0.11818994581699371
-0.14000000059604645 0.0579281710088253 0.1185615286231041
-0.14000000059604645 0.05548453330993652 0.11905542761087418
-0.14000000059604645 0.053068555891513824 0.11967065930366516
-0.14000000059604645 0.050686247646808624 0.12040552496910095
-0.14000000059604645 0.04834352806210518 0.12125806510448456
-0.14000000059604645 0.04604622349143028 0.12222656607627869
-0.14000000059604645 0.043800048530101776 0.12330811470746994
-0.14000000059604645 0.04161057993769646 0.12450049072504044
-0.14000000059604645 0.039483267813920975 0.12580054998397827
-0.14000000059604645 0.03742339462041855 0.12720483541488647
-0.14000000059604645 0.03543609008193016 0.12871021032333374
-0.14000000059604645 0.033526286482810974 0.1303127557039261
-0.14000000059604645 0.03169873729348183 0.13200855255126953
-0.14000000059604645 0.029957983642816544 0.13379321992397308
-0.14000000059604645 0.028308356180787086 0.13566236197948456
-0.14000000059604645 0.026753952726721764 0.13761158287525177
-0.14000000059604645 0.02529863826930523 0.13963574171066284
-0.14000000059604645 0.023946033790707588 0.14172998070716858
-0.14000000059604645 0.022699499502778053 0.1438891738653183
-0.14000000059604645 0.021562134847044945 0.14610767364501953
-0.14000000059604645 0.020536767318844795 0.1483801305294037
-0.14000000059604645 0.019625946879386902 0.15070068836212158
-0.14000000059604645 0.01883193664252758 0.15306396782398224
-0.14000000059604645 0.018156714737415314 0.15546387434005737
-0.14000000059604645 0.017601951956748962 0.1578945368528366
-0.14000000059604645 0.017169035971164703 0.16034962236881256
-0.14000000059604645 0.016859037801623344 0.16282349824905396
-0.14000000059604645 0.016672732308506966 0.1653095781803131
-0.14000000059604645 0.016610577702522278 0.16780176758766174
-0.14000000059604645 0.016672732308506966 0.17029419541358948
-0.14000000059604645 0.016859037801623344 0.17278027534484863
-0.14000000059604645 0.017169035971164703 0.17525391280651093
-0.14000000059604645 0.017601951956748962 0.17770923674106598
-0.14000000059604645 0.018156714737415314 0.1801396608352661
-0.14000000059604645 0.01883193664252758 0.18253955245018005
-0.14000000059604645 0.019625946879386902 0.1849028468132019
-0.14000000059604645 0.020536767318844795 0.1872236430644989
-0.14000000059604645 0.021562134847044945 0.18949609994888306
-0.14000000059604645 0.022699499502778053 0.19171461462974548
-0.14000000059604645 0.023946033790707588 0.1938735395669937
-0.14000000059604645 0.02529863826930523 0.19596777856349945
-0.14000000059604645 0.026753952726721764 0.19799195230007172
-0.14000000059604645 0.028308356180787086 0.19994117319583893
-0.14000000059604645 0.029957983642816544 0.2018105536699295
-0.14000000059604645 0.03169873729348183 0.20359522104263306
-0.14000000059604645 0.033526286482810974 0.2052907794713974
-0.14000000059604645 0.03543609008193016 0.20689332485198975
-0.14000000059604645 0.03742339462041855 0.20839868485927582
-0.14000000059604645 0.039483267813920975 0.2098032385110855
-0.14000000059604645 0.04161057993769646 0.21110303699970245
-0.14000000059604645 0.043800048530101776 0.21229541301727295
-0.14000000059604645 0.04604622349143028 0.2133772075176239
-0.14000000059604645 0.04834352806210518 0.21434547007083893
-0.14000000059604645 0.050686247646808624 0.21519824862480164
-0.14000000059604645 0.053068555891513824 0.21593311429023743
-0.14000000059604645 0.05548453330993652 0.2165481001138687
-0.14000000059604645 0.0579281710088253 0.2170422524213791
0.03843674808740616 -0.09461450576782227 -0.06841958314180374
0.02585364505648613 -0.09442619234323502 -0.07190053164958954
0.022466110065579414 -0.0947902500629425 -0.07902418076992035
0.04620448499917984 -0.09456179291009903 -0.07443653047084808
0.042496658861637115 -0.09497220069169998 -0.09184344857931137
0.026249952614307404 -0.0946422815322876 -0.08980268239974976
0.03951488807797432 -0.09288323670625687 -0.09329194575548172
0.047616880387067795 -0.09439411014318466 -0.08206804096698761
0.025838928297162056 -0.07967353612184525 -0.06723281741142273
0.031339142471551895 -0.07350733131170273 -0.06859232485294342
0.023772336542606354 -0.07356289774179459 -0.07448704540729523
0.05118533968925476 -0.08519896119832993 -0.07818121463060379
0.050604261457920074 -0.08130544424057007 -0.08579617738723755
0.048111412674188614 -0.07372669875621796 -0.0784921646118164
0.04367886483669281 -0.0903986245393753 -0.06858973950147629
0.020661894232034683 -0.0872420221567154 -0.07356757670640945
0.01940196380019188 -0.08800142258405685 -0.0817461758852005
0.019649501889944077 -0.07989130169153214 -0.08476148545742035
0.02315252088010311 -0.08376821130514145 -0.0922868624329567
0.0475747287273407 -0.0887472927570343 -0.08974625170230865
0.04781968146562576 -0.08163969218730927 -0.07010224461555481
0.025782348588109016 -0.07340379804372787 -0.0896243080496788
0.04082247242331505 -0.07320516556501389 -0.06893526762723923
0.03782574087381363 -0.08306728303432465 -0.06441956758499146
0.03063257597386837 -0.08906377106904984 -0.06586196273565292
0.03291534259915352 -0.07889112830162048 -0.09614045917987823
0.03252327814698219 -0.07337263226509094 -0.09310973435640335
0.04085478186607361 -0.07391763478517532 -0.09256686270236969
0.021209314465522766 -0.07481100410223007 -0.0779808834195137
0.03273653984069824 -0.08790850639343262 -0.09624636918306351
0.0482042133808136 -0.07959942519664764 -0.08948393166065216
0.04596031829714775 -0.07326865941286087 -0.08746463805437088
0.05304761230945587 -0.09273127466440201 -0.12742802500724792
0.060763634741306305 -0.09032232314348221 -0.12407311052083969
0.06362776458263397 -0.08061599731445312 -0.12282741814851761
0.05541100725531578 -0.07413908839225769 -0.12640026211738586
0.04834255203604698 -0.07776222378015518 -0.1294734925031662
0.04679339379072189 -0.08603435009717941 -0.13014692068099976
-0.07037524878978729 -0.09476049989461899 0.04192310571670532
-0.0755111426115036 -0.09457558393478394 0.04679836705327034
-0.08859578520059586 -0.09479695558547974 0.04541120305657387
-0.0930987149477005 -0.09456335753202438 0.03414524346590042
-0.07092312723398209 -0.09474165737628937 0.027349064126610756
-0.0893242210149765 -0.09464986622333527 0.02604973129928112
-0.07910021394491196 -0.09447158128023148 0.02253531850874424
-0.06802138686180115 -0.09442610293626785 0.032362278550863266
-0.09258769452571869 -0.0927421972155571 0.040711596608161926
-0.0704079121351242 -0.08720328658819199 0.04757724329829216
-0.06684741377830505 -0.07826397567987442 0.042263515293598175
-0.07508962601423264 -0.07773157209157944 0.0495527908205986
-0.07197961211204529 -0.0884120911359787 0.022091766819357872
-0.08472026884555817 -0.08810935169458389 0.01963859796524048
-0.07688567042350769 -0.07952198386192322 0.01940794102847576
-0.09598514437675476 -0.08872460573911667 0.03298037126660347
-0.0668114647269249 -0.08294615149497986 0.025901561602950096
-0.06423468887805939 -0.08552238345146179 0.03744373843073845
-0.07178183645009995 -0.07352551072835922 0.025625674054026604
-0.06781322509050369 -0.07348018139600754 0.033927928656339645
-0.08637428283691406 -0.08131081610918045 0.019802791997790337
-0.09044825285673141 -0.07355359196662903 0.02660464309155941
-0.08004862070083618 -0.07326511293649673 0.02190212532877922
-0.0945427417755127 -0.0858399048447609 0.0259051825851202
-0.07873663306236267 -0.08777226507663727 0.05088551715016365
-0.08925691992044449 -0.08167141675949097 0.04890986531972885
-0.0795670673251152 -0.07354743033647537 0.04831850528717041
-0.09016817808151245 -0.07737015187740326 0.04670614376664162
-0.091518834233284 -0.07454033195972443 0.04258480295538902
-0.07018007338047028 -0.07345718890428543 0.042233604937791824
-0.08979389816522598 -0.0888182744383812 0.04761588200926781
-0.09627024084329605 -0.07907242327928543 0.03282511234283447
-0.0937376618385315 -0.07461681962013245 0.03754185140132904
-0.12968279421329498 -0.08890168368816376 0.04776492342352867
-0.12977711856365204 -0.0789688378572464 0.04754793271422386
-0.12545891106128693 -0.09269428253173828 0.057478584349155426
-0.12677280604839325 -0.07411421090364456 0.054457101970911026
-0.12353808432817459 -0.07792621105909348 0.061895739287137985
-0.12294623255729675 -0.0857839584350586 0.06325698643922806
-0.09245795011520386 -0.06299997866153717 0.029368527233600616
-0.08403608202934265 -0.06300000846385956 0.022867051884531975
-0.07373544573783875 -0.06300004571676254 0.024009251967072487
-0.06790076196193695 -0.06300000101327896 0.03401067480444908
-0.07076168805360794 -0.06300000846385956 0.043131664395332336
-0.07944857329130173 -0.06299997866153717 0.047874610871076584
-0.09099268913269043 -0.06300004571676254 0.04334580898284912
0.03927699849009514 -0.06299992650747299 -0.09299027174711227
0.021763933822512627 -0.06299996376037598 -0.08010036498308182
0.028223615139722824 -0.06300000101327896 -0.09149949252605438
0.04721088707447052 -0.06299997866153717 -0.0849829763174057
0.044890739023685455 -0.06299997121095657 -0.07146582007408142
0.03030218929052353 -0.06300000101327896 -0.06862647086381912
0.881422758102417 0.06348468363285065 0.22400277853012085
0.7636131048202515 0.06620458513498306 0.21921618282794952
0.4411897659301758 0.014218038879334927 0.22686080634593964
0.2788611352443695 0.043252963572740555 0.2183489352464676
0.28375422954559326 0.004188909195363522 0.22597457468509674
0.4097900092601776 0.04125721752643585 0.22042270004749298
0.7247071266174316 -0.0028827600181102753 0.23770833015441895
0.7623710632324219 0.007279964629560709 0.2384278029203415
0.6634550094604492 0.005578383803367615 0.23534968495368958
0.023805467411875725 0.04764488339424133 0.2237386405467987
0.001617454458028078 0.07735367119312286 0.217990443110466
-0.05020923912525177 0.05740170180797577 0.22771184146404266
0.25507408380508423 0.04854487255215645 0.21670986711978912
0.13833628594875336 0.0822395533323288 0.20746470987796783
0.13984251022338867 0.045340441167354584 0.2195325493812561
0.752500593662262 0.04091359302401543 0.2303312122821808
0.6569814682006836 0.04772406071424484 0.22457736730575562
0.2751091420650482 0.048502955585718155 0.2168184220790863
0.13785751163959503 0.023767748847603798 0.22386865317821503
0.015838485211133957 -0.0016936938045546412 0.23079557716846466
0.16889917850494385 -0.002811821410432458 0.2263447642326355
0.4780339300632477 0.05844920128583908 0.21534717082977295
0.5208621621131897 0.034370820969343185 0.22478237748146057
0.5820586681365967 0.0645972415804863 0.21493291854858398
0.6331286430358887 0.04768073931336403 0.22387371957302094
0.5074244737625122 0.0769876092672348 0.20652557909488678
0.28640007972717285 0.07686493545770645 0.2058774083852768
-0.10309868305921555 0.047717444598674774 0.23503145575523376
-0.09631072729825974 0.004645954351872206 0.2387920320034027
0.001703841844573617 0.01915537565946579 0.22972866892814636
-0.13398337364196777 0.00036532492958940566 0.24329568445682526
-0.12673655152320862 0.04790525883436203 0.23814231157302856
-0.13998648524284363 0.005321880336850882 0.24409978091716766
0.6261928677558899 -0.002384043764322996 0.23418322205543518
0.6284744739532471 0.020326754078269005 0.2316409796476364
0.5127548575401306 -0.0058118002489209175 0.23005454242229462
0.5252537131309509 0.01730179414153099 0.22871942818164825
0.2463696151971817 0.0038239448331296444 0.22602057456970215
0.2514280676841736 0.044184282422065735 0.21828804910182953
0.8789187073707581 -0.0015955897979438305 0.24208131432533264
0.8809571266174316 0.024913417175412178 0.23834945261478424
0.8221716284751892 -0.0009732664912007749 0.2409680187702179
0.8122012615203857 0.051045872271060944 0.22820919752120972
0.7958041429519653 0.024222461506724358 0.23652558028697968
-0.10280659049749374 -0.0475836805999279 0.2350539267063141
-0.12710033357143402 -0.047721948474645615 0.23823532462120056
-0.07789647579193115 -0.07860124111175537 0.2263415902853012
-0.13998545706272125 -0.07356984913349152 0.2375943809747696
0.4243711531162262 -0.018457863479852676 0.2259194552898407
0.344966858625412 -0.02562114968895912 0.22330154478549957
0.41702800989151 -0.03451879322528839 0.22231870889663696
0.09913182258605957 -0.017446406185626984 0.22581003606319427
0.408694863319397 -0.05566548928618431 0.21522673964500427
0.25554317235946655 -0.04872283339500427 0.21695579588413239
0.43540453910827637 -0.07637759298086166 0.20597174763679504
0.055510181933641434 -0.07629759609699249 0.214265376329422
0.10398337244987488 -0.10429761558771133 0.19959180057048798
-0.022259920835494995 -0.11270327866077423 0.2095807045698166
0.5216844081878662 -0.047103215008974075 0.2206796556711197
0.5275664329528809 -0.033284109085798264 0.22522781789302826
0.2319559007883072 -0.08246293663978577 0.20429149270057678
0.06547241657972336 -0.045769818127155304 0.22215476632118225
-0.003263816237449646 -0.048701658844947815 0.22541038691997528
0.276943176984787 -0.04772453382611275 0.21714453399181366
-0.03415824845433235 -0.023830397054553032 0.2314402461051941
-0.0609496608376503 -0.04975411295890808 0.2300637662410736
0.2814123332500458 -0.021447397768497467 0.2235349714756012
0.7532604932785034 -0.05024506896734238 0.226668581366539
0.5064439177513123 -0.06499538570642471 0.21272188425064087
0.771446704864502 -0.07500778138637543 0.2137344628572464
0.8790702223777771 -0.08796809613704681 0.20646904408931732
0.4914949834346771 -0.09328235685825348 0.1949070394039154
0.6533835530281067 -0.04891088604927063 0.22392421960830688
0.15007303655147552 -0.04482584074139595 0.21948669850826263
0.17149361968040466 -0.06686805188655853 0.21241112053394318
0.25102826952934265 -0.04347436875104904 0.21852819621562958
0.7989502549171448 -0.0273036677390337 0.23587054014205933
0.8816940784454346 -0.038079243153333664 0.23463839292526245
0.6580068469047546 -0.04580923542380333 0.22524873912334442
0.8811904788017273 -0.06133380904793739 0.22467133402824402
0.6614242196083069 -0.021093646064400673 0.2326185703277588
0.5057315826416016 -0.07910048216581345 0.2051563262939453
0.6353384852409363 -0.04860598221421242 0.2233629673719406
0.34407317638397217 -0.09563315659761429 0.1946473866701126
0.6311514377593994 -0.04334401339292526 0.2253963053226471
-0.09734271466732025 -0.12090329825878143 0.22077852487564087
0.2485799640417099 -0.021158812567591667 0.2235572785139084
0.23160448670387268 -0.09859197586774826 0.19554336369037628
-0.13996705412864685 -0.12611280381679535 0.23098328709602356
0.7379339337348938 -0.12545974552631378 0.13200780749320984
0.7513603568077087 -0.12749888002872467 0.11703335493803024
0.7546431422233582 -0.12537547945976257 0.1313709318637848
0.8820067048072815 -0.10871511697769165 0.17725974321365356
0.778270423412323 -0.10874057561159134 0.17626382410526276
0.788800835609436 -0.11648836731910706 0.16027171909809113
0.6492573022842407 -0.12207569181919098 0.1437266618013382
0.6222914457321167 -0.11346056312322617 0.1653740257024765
0.624086320400238 -0.12208855152130127 0.14329160749912262
0.6901700496673584 -0.10774048417806625 0.17633867263793945
0.5628696084022522 -0.10074079781770706 0.18539129197597504
0.6653501391410828 -0.10802572965621948 0.17604346573352814
0.25453370809555054 -0.12725980579853058 0.1242852509021759
0.17872515320777893 -0.1219969391822815 0.1478288620710373
0.20326942205429077 -0.12953953444957733 0.11052076518535614
0.43768081068992615 -0.1136268675327301 0.1640821248292923
0.31904080510139465 -0.12113349884748459 0.1467900574207306
0.43569713830947876 -0.12284568697214127 0.14105157554149628
-0.05718395486474037 -0.11876644939184189 0.1981874704360962
-0.013662140816450119 -0.11946077644824982 0.17737427353858948
0.7657432556152344 -0.10808679461479187 0.1768445074558258
0.6506949663162231 -0.10904347151517868 0.17552730441093445
0.7181851267814636 -0.12572161853313446 0.13162168860435486
0.37067851424217224 -0.12732954323291779 0.12443578988313675
0.42149221897125244 -0.12702099978923798 0.12429331243038177
0.8803305625915527 -0.09761887043714523 0.19480882585048676
0.6904051303863525 -0.1252863109111786 0.13164837658405304
-0.09796133637428284 -0.1251458376646042 0.16339388489723206
-0.099139504134655 -0.12510710954666138 0.16690655052661896
-0.10144292563199997 -0.1250668168067932 0.16280467808246613
0.5387088060379028 -0.11970558762550354 0.15059511363506317
0.5380438566207886 -0.10765814781188965 0.1751370131969452
-0.0785370022058487 -0.126281276345253 0.14915332198143005
-0.033182963728904724 -0.12269339710474014 0.16477301716804504
0.6110981106758118 -0.12473559379577637 0.13419902324676514
0.6001055240631104 -0.1255984753370285 0.13251999020576477
0.6232931017875671 -0.1255493015050888 0.13026738166809082
0.6514100432395935 -0.10794983804225922 0.17568640410900116
0.7434176206588745 -0.12293557822704315 0.14114508032798767
0.7114560604095459 -0.11907544732093811 0.15405845642089844
0.5805663466453552 -0.125479057431221 0.13153652846813202
0.5387652516365051 -0.12549778819084167 0.1310395449399948
-0.1335340440273285 -0.12825249135494232 0.10224513709545135
-0.11261659860610962 -0.1279158592224121 0.12545527517795563
-0.13999764621257782 -0.12879322469234467 0.10465971380472183
0.13594681024551392 -0.10787378996610641 0.1871819645166397
0.2895372807979584 -0.1124318391084671 0.16863121092319489
0.8059098124504089 -0.12510420382022858 0.13308268785476685
0.8815323114395142 -0.12101619690656662 0.14821501076221466
0.8776052594184875 -0.1277516782283783 0.11888189613819122
-0.09319555014371872 -0.1259496659040451 0.15818999707698822
-0.08895668387413025 -0.12467832118272781 0.16505955159664154
0.3613091707229614 -0.12860041856765747 0.11500000208616257
0.3146868646144867 -0.12870889902114868 0.11499994993209839
0.1538429707288742 -0.11311459541320801 0.1733921468257904
0.7524710893630981 -0.11848390102386475 0.1554240882396698
0.6065900921821594 -0.11926762014627457 0.15264004468917847
-0.08991594612598419 -0.12435194849967957 0.1751137226819992
0.5545677542686462 -0.11855188012123108 0.15423019230365753
0.5541699528694153 -0.1256551295518875 0.13126565515995026
-0.09312668442726135 -0.1246444508433342 0.16945992410182953
0.5753353834152222 -0.11853064596652985 0.1538546234369278
-0.10303942114114761 -0.12604524195194244 0.1588195264339447
-0.09265127032995224 -0.12424767017364502 0.16296225786209106
0.7195907235145569 -0.11631190776824951 0.1599911004304886
0.6217992901802063 -0.1073225736618042 0.17626865208148956
0.6811160445213318 -0.12757958471775055 0.11702557653188705
-0.0963602066040039 -0.12357818335294724 0.17215727269649506
-0.1168375089764595 -0.12635080516338348 0.15887391567230225
-0.1205432191491127 -0.12663854658603668 0.1587228775024414
-0.10811258852481842 -0.12452150136232376 0.16301536560058594
0.3054773211479187 -0.12718670070171356 0.12428142875432968
-0.11192621290683746 -0.12555457651615143 0.17746271193027496
-0.11380977183580399 -0.12490317970514297 0.1654595136642456
0.0778016448020935 -0.11634423583745956 0.17270486056804657
0.049622759222984314 -0.12068139761686325 0.15980850160121918
0.11339029669761658 -0.12061566859483719 0.15569178760051727
-0.09901050478219986 -0.12379182875156403 0.17650562524795532
0.0987732782959938 -0.12530657649040222 0.1364816576242447
0.7364491820335388 -0.1102496013045311 0.1746077686548233
0.6065866351127625 -0.10715381801128387 0.176316499710083
0.6918244361877441 -0.11923032253980637 0.15330633521080017
0.6905257701873779 -0.12205380946397781 0.1462193727493286
0.5989899039268494 -0.1076713278889656 0.1758520007133484
0.7360624670982361 -0.10810011625289917 0.17637893557548523
0.43069857358932495 -0.12841857969760895 0.11499902606010437
0.7896660566329956 -0.12546543776988983 0.1314062774181366
0.6754587292671204 -0.1255365014076233 0.1317184418439865
0.7174093723297119 -0.1084100529551506 0.17593827843666077
0.6650815010070801 -0.12375355511903763 0.13865241408348083
0.5542895793914795 -0.1073741540312767 0.17579786479473114
0.5707022547721863 -0.11219524592161179 0.16750748455524445
0.2453366369009018 -0.12887616455554962 0.1150253564119339
0.008736473508179188 -0.12051614373922348 0.16695113480091095
0.024891294538974762 -0.11410751938819885 0.18939247727394104
0.784985363483429 -0.12389960139989853 0.13916486501693726
0.6909102201461792 -0.11415654420852661 0.16484257578849792
0.675902247428894 -0.10982473939657211 0.17573286592960358
0.6651245355606079 -0.11634007841348648 0.16213561594486237
0.7591482996940613 -0.1244453638792038 0.13965973258018494
0.6522078514099121 -0.12556396424770355 0.13050685822963715
0.6761136651039124 -0.10807643830776215 0.17586641013622284
0.22776488959789276 -0.1248057559132576 0.07215947657823563
0.37767165899276733 -0.12269635498523712 0.07186691462993622
0.3499225676059723 -0.12670853734016418 0.0898151695728302
0.2344377040863037 -0.1196993887424469 0.05196300521492958
0.24277721345424652 -0.11078031361103058 0.028859617188572884
0.309841513633728 -0.11819131672382355 0.05336235091090202
0.3054504692554474 -0.12847113609313965 0.10574528574943542
0.4297502636909485 -0.15400001406669617 0.11500000208616257
0.4214426279067993 -0.12810371816158295 0.10571493953466415
0.25497865676879883 -0.12898942828178406 0.10537206381559372
0.881943941116333 -0.10684619843959808 0.04969429224729538
0.791185736656189 -0.10019827634096146 0.03840361163020134
0.8793206214904785 -0.08878915756940842 0.024243604391813278
0.14876975119113922 -0.12679608166217804 0.07900061458349228
0.7455971837043762 -0.12473578006029129 0.09364329278469086
0.8805767297744751 -0.12454739958047867 0.09495093673467636
0.16245372593402863 -0.1147238090634346 0.027501823380589485
0.7997698783874512 -0.12141403555870056 0.08227033913135529
0.7045494914054871 -0.11674920469522476 0.06686368584632874
0.1567632555961609 -0.1235886812210083 0.06040973588824272
0.6148812770843506 -0.12080338597297668 0.07568389177322388
0.6745058298110962 -0.1259513944387436 0.09856684505939484
0.5796482563018799 -0.1251623034477234 0.09073395282030106
0.6078070998191833 -0.1137695163488388 0.057171933352947235
0.6883325576782227 -0.09310629218816757 0.02718493528664112
0.5725453495979309 -0.10498426109552383 0.03995921462774277
0.5212738513946533 -0.11142633855342865 0.04932424798607826
0.4713066816329956 -0.11730992794036865 0.06041182205080986
0.4831658601760864 -0.12244638055562973 0.07597526162862778
0.37055322527885437 -0.1282348781824112 0.10574017465114594
0.462276816368103 -0.12680648267269135 0.09599417448043823
0.4178367257118225 -0.10321113467216492 0.02960743010044098
0.38425835967063904 -0.11051934957504272 0.04046189412474632
0.8822446465492249 -0.11503712832927704 0.06600864231586456
0.7569007277488708 -0.11039689183235168 0.054158445447683334
0.6934559345245361 -0.10385148972272873 0.04164022207260132
0.5293344259262085 -0.09817337244749069 0.028370080515742302
0.39272940158843994 -0.0016211580950766802 0.002535970648750663
0.4702679514884949 -0.0015031707007437944 0.0002936144592240453
0.388299822807312 -0.030539628118276596 0.005770874209702015
0.5026681423187256 -0.030377225950360298 0.0035553632769733667
0.7830850481987 -0.03884151577949524 -0.0025212496984750032
0.6899663209915161 -0.05076637491583824 0.004101766273379326
0.6740542054176331 -0.022293562069535255 -0.0034415051341056824
0.38810521364212036 -0.05376516282558441 0.011080537922680378
0.7740746140480042 -0.06139439344406128 0.006951206363737583
0.660789966583252 -0.07722628116607666 0.016837656497955322
0.34007152915000916 -0.015720373019576073 0.005075231194496155
0.3168278932571411 -0.0016878192545846105 0.004189233295619488
0.5131819248199463 -0.04776573181152344 0.007461467757821083
0.3828134536743164 -0.05972204729914665 0.012821992859244347
0.8785964250564575 -0.0015288337599486113 -0.011949079111218452
0.7864846587181091 -0.01864619553089142 -0.007708569057285786
0.8203951120376587 -0.001616615685634315 -0.010913875885307789
0.6086410880088806 -0.045608144253492355 0.004419646691530943
0.881420910358429 -0.026221508160233498 -0.008065092377364635
0.580400288105011 -0.06457506120204926 0.01179847214370966
0.5130945444107056 -0.07698629796504974 0.01781279966235161
0.8818560242652893 -0.05824830383062363 0.004038307350128889
0.547883152961731 -0.0015763958217576146 -0.001983492635190487
0.34693643450737 -0.05975968390703201 0.013067406602203846
0.787912130355835 -0.07522737979888916 0.014656322076916695
0.7614256143569946 -0.0016159273218363523 -0.009221387095749378
0.3419835567474365 -0.05294837802648544 0.011470036581158638
0.2181103527545929 -0.10299619287252426 0.02544388733804226
0.14865446090698242 -0.1035948172211647 0.023532085120677948
0.4663449227809906 -5.464028799906373e-05 -0.0005013371119275689
0.8767743110656738 0.00018372286285739392 -0.01306184846907854
0.22036118805408478 0.00025273868232034147 0.00424278574064374
0.2093675583600998 -0.0016326127806678414 0.004529534839093685
0.18958434462547302 -0.001604419550858438 0.001051094732247293
0.1756536215543747 -0.0003856612602248788 -0.0047177644446492195
0.8210645318031311 0.001979241846129298 -0.010772783309221268
0.8497387170791626 0.0019451538100838661 -0.011412857100367546
0.7523207664489746 0.0012044027680531144 -0.009353858418762684
0.15898501873016357 6.050950105418451e-05 -0.017328942194581032
0.16646413505077362 0.0012935756240040064 -0.009007406421005726
0.3272206485271454 0.001061084447428584 0.0033746957778930664
0.2795448899269104 0.0015720858937129378 0.004632528405636549
0.14467333257198334 0.0018011938082054257 -0.03132185339927673
0.14435133337974548 1.6384999980800785e-05 -0.03543951362371445
0.1278890073299408 -0.0017098969547078013 -0.06289979070425034
0.39346179366111755 0.0015702166128903627 0.002474283566698432
0.5506993532180786 0.0015850367490202188 -0.0020889141596853733
0.19082389771938324 0.0013473364524543285 0.0010489147389307618
0.4409041404724121 0.01991873048245907 0.003747131209820509
0.5280389189720154 0.09044720977544785 0.031237363815307617
0.6680033206939697 0.07479259371757507 0.018113145604729652
0.5140233039855957 0.07562423497438431 0.021775469183921814
0.22330518066883087 0.04671763256192207 0.01239008828997612
0.2833307385444641 0.07088769972324371 0.02053750678896904
0.27819663286209106 0.034818924963474274 0.009408889338374138
0.6332297325134277 0.05034330114722252 0.006508238147944212
0.5014139413833618 0.052045807242393494 0.010820586234331131
0.21903875470161438 0.07560186088085175 0.02132503315806389
0.13489128649234772 0.07844006270170212 0.019749557599425316
0.25095584988594055 0.09302913397550583 0.029943862929940224
0.4281488358974457 0.0720832571387291 0.020645078271627426
0.5270628333091736 0.024848928675055504 0.0021767253056168556
0.4190518856048584 0.04131528362631798 0.00916011817753315
0.8790099620819092 0.08933435380458832 0.024953553453087807
0.7785930633544922 0.06997235119342804 0.012048909440636635
0.7656586766242981 0.0927942767739296 0.030294694006443024
0.881105899810791 0.07151884585618973 0.011551001109182835
0.21526417136192322 0.01717962510883808 0.006769121624529362
0.25034961104393005 0.09702512621879578 0.03194482624530792
0.8821009993553162 0.03503736853599548 -0.005992779973894358
0.8087762594223022 0.03837414085865021 -0.0031478977762162685
0.795687735080719 0.01372380182147026 -0.00877134595066309
0.2564665377140045 0.0972958356142044 0.03232031688094139
0.367825984954834 0.0924811139702797 0.031776312738657
0.6748964190483093 0.036677103489637375 0.0003842729493044317
0.13441890478134155 0.09299906343221664 0.025386787950992584
0.48619934916496277 0.1138264462351799 0.06532307714223862
0.4305921196937561 0.12199541181325912 0.08438507467508316
0.4497554302215576 0.1219230368733406 0.08455445617437363
0.46060073375701904 0.12562762200832367 0.0969618484377861
0.44933173060417175 0.1281765103340149 0.10932548344135284
0.5048164129257202 0.1031634658575058 0.047180984169244766
0.40835073590278625 0.10226711630821228 0.04509194195270538
0.41370582580566406 0.11341031640768051 0.06381513923406601
0.3303914964199066 0.11775319278240204 0.07079421728849411
0.3706629276275635 0.1266949623823166 0.09910672158002853
0.27923300862312317 0.12955152988433838 0.10935007035732269
0.2793925106525421 0.12337180972099304 0.08450262993574142
0.29057586193084717 0.1268075853586197 0.09693046659231186
0.3103247284889221 0.10637839883565903 0.048612356185913086
0.4307762682437897 0.1283072531223297 0.10938762128353119
0.8811911344528198 0.12193035334348679 0.08440603315830231
0.7921130657196045 0.12215147167444229 0.08581534773111343
0.7132651209831238 0.12195231020450592 0.08556369692087173
0.6156885623931885 0.11883300542831421 0.07676481455564499
0.5962902307510376 0.12533970177173615 0.09801020473241806
0.5654229521751404 0.11495690792798996 0.06785178184509277
0.5878793597221375 0.103101946413517 0.04670550674200058
0.4194266200065613 0.12585031986236572 0.0969821885228157
0.24934548139572144 0.11759214103221893 0.06785137206315994
0.26068058609962463 0.12351889163255692 0.08443789184093475
0.24928835034370422 0.12727895379066467 0.09699279069900513
0.22770999372005463 0.12888970971107483 0.10299189388751984
0.24154099822044373 0.12586788833141327 0.09107700735330582
0.7385109066963196 0.11410993337631226 0.06482887268066406
0.8821800351142883 0.11319943517446518 0.061551533639431
0.881230890750885 0.10299306362867355 0.04313153401017189
0.7660386562347412 0.10774768143892288 0.05208640173077583
0.6534060835838318 0.10804954916238785 0.05413239821791649
0.12252967059612274 0.1306556612253189 0.10456250607967377
-0.1399778574705124 -0.008822240866720676 0.09222543984651566
-0.13999639451503754 0.02432108484208584 0.09427664428949356
-0.13950365781784058 0.03126323223114014 0.09430810809135437
-0.13998301327228546 0.07685913145542145 0.09761358797550201
-0.14004403352737427 -0.1030033603310585 0.10209911316633224
-0.13999976217746735 0.09166623651981354 0.1010780856013298
-0.12693026661872864 0.047748785465955734 0.257999986410141
-0.13401645421981812 -5.374867556779718e-14 0.2580000162124634
-0.10305201262235641 0.04778272286057472 0.2580000162124634
-0.09598355740308762 -5.374867556779718e-14 0.2580000162124634
0.25297221541404724 0.047587357461452484 0.2580000162124634
0.24598360061645508 -5.375561446170109e-14 0.2580000162124634
0.2769986391067505 0.04771215468645096 0.2580000162124634
0.2840164303779602 -5.374867556779718e-14 0.2580000162124634
0.6329824924468994 0.047653649002313614 0.2580000162124634
0.6259835958480835 -5.375561446170109e-14 0.2580000162124634
0.65706467628479 0.04762696474790573 0.2580000162124634
0.6640164256095886 -5.374616835027331e-14 0.2580000162124634
-0.12696462869644165 -0.04771330952644348 0.2580000162124634
0.6570835709571838 -0.04760631546378136 0.2580000162124634
0.6329087615013123 -0.04763149842619896 0.2580000162124634
0.2769925892353058 -0.047706034034490585 0.2580000162124634
0.2529798746109009 -0.047597452998161316 0.2580000162124634
-0.1029985100030899 -0.047782059758901596 0.2580000162124634
0.1495526283979416 -0.18429765105247498 0.17321385443210602
0.17338205873966217 -0.182316854596138 0.15015867352485657
0.18913020193576813 -0.18364350497722626 0.12885761260986328
0.20174969732761383 -0.18253573775291443 0.10870855301618576
0.13639643788337708 -0.183195099234581 0.18385088443756104
0.25483569502830505 -0.15400001406669617 0.1064140647649765
0.24624976515769958 -0.15400001406669617 0.11500000208616257
0.2553287148475647 -0.13320089876651764 0.12427285313606262
0.25477272272109985 -0.15400001406669617 0.12352295219898224
0.3047567903995514 -0.13270303606987 0.12558826804161072
0.3052273094654083 -0.15400001406669617 0.12352295219898224
0.3137502670288086 -0.15400001406669617 0.11500000208616257
0.3622497618198395 -0.15400001406669617 0.11500000208616257
0.37083572149276733 -0.15400001406669617 0.12358594685792923
0.4106646776199341 -0.1464291512966156 0.12378418445587158
0.4068443775177002 -0.1425800919532776 0.12388509511947632
0.38320228457450867 -0.1456051617860794 0.12380580604076385
0.377481609582901 -0.14463050663471222 0.12383140623569489
0.3787558674812317 -0.13813504576683044 0.12400143593549728
0.3849985897541046 -0.1400294005870819 0.12395180761814117
0.40932703018188477 -0.13801497220993042 0.12400459498167038
0.421164333820343 -0.15400001406669617 0.12358594685792923
0.4154888689517975 -0.14106139540672302 0.12392477691173553
-0.11443766951560974 -0.10310541093349457 0.09298981726169586
-0.12239786982536316 -0.10599323362112045 0.09617152810096741
-0.13028578460216522 -0.11345865577459335 0.09967001527547836
-0.0717967227101326 -0.11060194671154022 0.14475677907466888
-0.09925399720668793 -0.11189734935760498 0.12918120622634888
-0.09711415320634842 -0.10586877912282944 0.12117955088615417
0.07703547924757004 -0.110439732670784 0.14177574217319489
0.05893297865986824 -0.10882259905338287 0.14863720536231995
0.09011569619178772 -0.105455182492733 0.12566839158535004
0.10004329681396484 -0.11784251034259796 0.1326548159122467
0.07706395536661148 -0.11634683609008789 0.14668995141983032
0.10366320610046387 -0.1083560660481453 0.12088152766227722
0.06575775891542435 -0.1035487949848175 0.13396233320236206
0.03267936781048775 -0.10541868954896927 0.15112648904323578
0.005051731131970882 -0.1033879965543747 0.14945676922798157
0.11334794759750366 -0.12460891902446747 0.12415296584367752
0.11729622632265091 -0.11592920124530792 0.11639009416103363
-0.06731100380420685 -0.119318388402462 0.1528112143278122
0.14796487987041473 -0.10730305314064026 0.054719679057598114
0.13401561975479126 -0.10344696044921875 0.06719107925891876
0.15622037649154663 -0.11084523797035217 0.04096860811114311
-0.09577441215515137 -0.12175635993480682 0.13734395802021027
0.03637336194515228 -0.114686518907547 0.16074267029762268
-0.1090911254286766 -0.11543519049882889 0.1237785741686821
-0.030676228925585747 -0.10363194346427917 0.14655742049217224
-0.07722561061382294 -0.10318662226200104 0.12599611282348633
0.00837739184498787 -0.11116820573806763 0.16178067028522491
0.12310377508401871 -0.10415249317884445 0.08826286345720291
0.10359515994787216 -0.10320446640253067 0.1055607870221138
-0.016135912388563156 -0.10723800957202911 0.15652410686016083
-0.12512347102165222 -0.12189619988203049 0.111463263630867
0.1545688658952713 -0.11592039465904236 0.05828080326318741
0.13856065273284912 -0.10897736251354218 0.0792216882109642
-0.011181448586285114 -0.1144842877984047 0.16411522030830383
0.14121896028518677 -0.1168748065829277 0.08729435503482819
-0.0572236068546772 -0.10468342155218124 0.1416943371295929
0.1246386393904686 -0.1096927747130394 0.1011025682091713
-0.0438758060336113 -0.10866095125675201 0.15328766405582428
-0.04145026206970215 -0.11404169350862503 0.15875950455665588
0.13037683069705963 -0.12304791063070297 0.10575477033853531
0.13362085819244385 -0.18786628544330597 0.17970822751522064
0.10240555554628372 -0.18290038406848907 0.13652627170085907
0.10508209466934204 -0.18775096535682678 0.14016130566596985
-0.09366176277399063 -0.12364624440670013 0.1588304191827774
0.5814728736877441 -0.12736082077026367 0.13221003115177155
0.55345219373703 -0.12076588720083237 0.15367557108402252
0.5396956205368042 -0.1270226091146469 0.1322506070137024
0.5395982265472412 -0.11077798902988434 0.17488037049770355
0.5814347863197327 -0.10996346920728683 0.17588424682617188
0.5995763540267944 -0.11023670434951782 0.1748940497636795
0.5741701722145081 -0.12026194483041763 0.15462791919708252
0.6075506806373596 -0.12425810098648071 0.1435321718454361
0.6640147566795349 -0.1258651167154312 0.13756965100765228
0.6145945191383362 -0.127129927277565 0.13179388642311096
0.6074851155281067 -0.11003436148166656 0.17590421438217163
0.6502139568328857 -0.127212792634964 0.13128414750099182
0.6214290261268616 -0.11088593304157257 0.1747361272573471
0.6219742894172668 -0.12396714091300964 0.1437096893787384
0.6507020592689514 -0.1244862750172615 0.14345170557498932
0.7362330555915833 -0.1269034743309021 0.13319599628448486
0.6928597092628479 -0.1206178367137909 0.1542527675628662
0.6902298927307129 -0.1109359934926033 0.17533253133296967
0.6762830018997192 -0.1276847869157791 0.13219942152500153
0.7251322865486145 -0.11575957387685776 0.16578929126262665
0.7659463286399841 -0.11058405786752701 0.17581512033939362
0.738962709903717 -0.12688906490802765 0.1326119601726532
0.7489308714866638 -0.12271831929683685 0.1485595852136612
0.7865892648696899 -0.11763586848974228 0.16255426406860352
0.8045743107795715 -0.12686119973659515 0.13257473707199097
-0.10973824560642242 -0.12348511070013046 0.17669564485549927
0.19867455959320068 -0.1870739609003067 0.10727477073669434
0.15345650911331177 -0.18759195506572723 0.08371762931346893
0.14947007596492767 -0.1820935308933258 0.08141514658927917
0.421164333820343 -0.15400001406669617 0.1064140647649765
0.3781939148902893 -0.14519695937633514 0.10618343204259872
0.37083572149276733 -0.15400001406669617 0.1064140647649765
0.378927618265152 -0.13737043738365173 0.10597839951515198
0.4085138738155365 -0.14494441449642181 0.10617688298225403
0.41447192430496216 -0.14440198242664337 0.10616276413202286
0.4074515104293823 -0.138665109872818 0.10601241886615753
0.3858168423175812 -0.14232304692268372 0.10610827058553696
0.4139813184738159 -0.13844935595989227 0.10600687563419342
0.30516430735588074 -0.15400001406669617 0.1064140647649765
0.383099764585495 -0.058089882135391235 0.0064322203397750854
0.34664613008499146 -0.05809197574853897 0.006602793466299772
0.36589497327804565 -0.04208839312195778 0.0055712447501719
0.366623193025589 -0.03844722360372543 0.005475884303450584
0.36265769600868225 -0.039428554475307465 0.005501477979123592
0.34471115469932556 -0.042162660509347916 0.005992066115140915
0.12752288579940796 -0.10299760103225708 0.023322468623518944
-0.12310419231653214 -0.10299993306398392 0.07191100716590881
-0.11063116788864136 -0.10299970954656601 0.06650799512863159
-0.1239088922739029 -0.10297726839780807 0.0816829577088356
0.06241534650325775 -0.10299947112798691 0.11303545534610748
0.02332253009080887 -0.10299737006425858 0.1275227665901184
0.16545680165290833 -0.10288605093955994 0.00660589337348938
0.18386921286582947 -0.10299907624721527 0.017923742532730103
0.11442139744758606 -0.10299979150295258 0.05957949906587601
0.07054448127746582 -0.10299979150295258 -0.11986701190471649
0.10173653066158295 -0.10299834609031677 -0.09554465860128403
0.06723207235336304 -0.10299627482891083 -0.11095426976680756
-0.1303281933069229 -0.10304024070501328 0.09333643317222595
-0.09154554456472397 -0.10299952328205109 0.09106145799160004
0.10592082887887955 -0.1029978096485138 -0.07474542409181595
-0.05817720293998718 -0.10299737006425858 0.1158510148525238
0.0938190296292305 -0.10299801081418991 0.08926785737276077
0.12346874922513962 -0.10300026088953018 -0.06400283426046371
0.12660318613052368 -0.10299797356128693 -0.02788793481886387
0.13985158503055573 -0.10293518006801605 -0.026601804420351982
-0.018243899568915367 -0.10299951583147049 0.12782752513885498
0.14864932000637054 -0.10299414396286011 -0.011111671105027199
0.1900293529033661 -0.026673201471567154 0.0038057935889810324
0.16735407710075378 -0.036587417125701904 -0.004843972157686949
0.15297889709472656 -0.06786058098077774 -0.012912985868752003
0.17903944849967957 -0.0730261579155922 0.007727446034550667
0.1980828046798706 -0.07265744358301163 0.013742059469223022
0.1587742567062378 -0.0018507606582716107 -0.015116706490516663
0.1475929170846939 -0.0018347572768107057 -0.02777297981083393
0.2125978022813797 -0.0381779670715332 0.008738528937101364
0.13756471872329712 -0.0020175327081233263 -0.0430527999997139
0.2041863650083542 0.0016674264334142208 0.003930128179490566
0.13604474067687988 0.09300180524587631 0.028410105034708977
0.24727880954742432 0.0929994061589241 0.033366091549396515
0.23378907144069672 0.09300090372562408 0.08791189640760422
0.0967988520860672 0.09299983829259872 0.0968005433678627
0.22073036432266235 0.09300004690885544 0.0959651991724968
0.10501434653997421 0.09300488978624344 0.09436367452144623
0.1164599284529686 0.09301295131444931 0.0729762390255928
0.12763233482837677 0.09300804883241653 0.05095035210251808
0.23565328121185303 0.09699968993663788 0.08582648634910583
0.24127545952796936 0.09699980914592743 0.08935379981994629
-0.1040475070476532 0.09671417623758316 0.0891190841794014
0.2217586189508438 0.09700024873018265 0.09625308960676193
0.09681781381368637 0.09699811786413193 0.09727706015110016
0.12238487601280212 0.09700050204992294 0.1039576306939125
-0.0861319825053215 0.09699928015470505 0.10692532360553741
-0.059320274740457535 0.09699942171573639 0.12352772057056427
-0.03408212214708328 0.09700005501508713 0.13313427567481995
0.031263016164302826 0.09699878841638565 0.1335303783416748
0.06762535125017166 0.09699757397174835 0.11956476420164108
0.08086101710796356 0.09700261801481247 0.13785426318645477
0.22727377712726593 0.09700006991624832 0.10194896161556244
0.18223954737186432 0.027093177661299706 0.0015297592617571354
0.20207315683364868 0.04716452956199646 0.01059312466531992
0.17322540283203125 0.04495036229491234 0.0005189884104765952
0.1571122109889984 0.03054955042898655 -0.013409541919827461
0.19446317851543427 0.0613555982708931 0.012794368900358677
0.1472930908203125 0.020234132185578346 -0.02557351440191269
0.13335806131362915 0.005593022331595421 -0.04937572777271271
0.1354258507490158 0.05075410008430481 0.0038309141527861357
0.1330902874469757 0.02568819746375084 -0.019934656098484993
0.12538838386535645 0.006604304071515799 -0.0478040911257267
0.10899162292480469 -0.005404242780059576 -0.07714848965406418
0.11403679102659225 -0.007885664701461792 -0.08463814109563828
0.09495436400175095 -0.051999546587467194 0.09191414713859558
0.11709029227495193 -0.05199931561946869 0.061217911541461945
0.03610154986381531 -0.05200084298849106 0.12751804292201996
0.06997890770435333 -0.0519995279610157 0.11180486530065536
0.13119284808635712 -0.051999907940626144 0.018821341916918755
0.12844417989253998 -0.05199963599443436 -0.03255726024508476
0.1056591272354126 -0.052000049501657486 -0.07955127209424973
0.07019413262605667 -0.05200056731700897 -0.11205855756998062
0.09033100306987762 -0.01208753976970911 -0.09799906611442566
0.05441241338849068 -0.021853603422641754 -0.1224256232380867
0.2790221571922302 0.13849997520446777 0.10906483978033066
0.26086023449897766 0.13849960267543793 0.10901638120412827
0.24987350404262543 0.1384996771812439 0.09707951545715332
0.26080387830734253 0.13850000500679016 0.08501005917787552
0.27910250425338745 0.13849999010562897 0.08497996628284454
0.28998422622680664 0.13850000500679016 0.09714075922966003
0.4489800035953522 0.13849999010562897 0.10905333608388901
0.430906742811203 0.1384999305009842 0.10900320112705231
0.4199724793434143 0.1384999006986618 0.0969882607460022
0.4308299124240875 0.13849999010562897 0.08500952273607254
0.44906681776046753 0.13849999010562897 0.08495399355888367
0.4600382447242737 0.13849984109401703 0.09691430628299713
-0.10830058157444 0.1310615986585617 0.16476017236709595
-0.1171397939324379 0.1305500864982605 0.1778629869222641
0.6276180744171143 0.12760894000530243 0.1325506567955017
0.6519344449043274 0.12040255218744278 0.15525780618190765
0.6691442728042603 0.12262130528688431 0.1496560424566269
0.6099135875701904 0.11130204796791077 0.17402774095535278
0.6343293190002441 0.12043189257383347 0.15453702211380005
0.6097115278244019 0.12697142362594604 0.13380149006843567
0.5883626937866211 0.11743561178445816 0.16181562840938568
0.567074179649353 0.11039313673973083 0.1756012737751007
0.5507429242134094 0.12237787246704102 0.14969402551651
0.540233850479126 0.12743951380252838 0.13225755095481873
0.6065199375152588 0.1276368796825409 0.1324375569820404
0.6803963780403137 0.12580610811710358 0.14079409837722778
0.7377197742462158 0.11194863170385361 0.17519669234752655
0.734085202217102 0.12634430825710297 0.13554760813713074
0.7217440605163574 0.12436051666736603 0.14320355653762817
0.7239309549331665 0.12248843163251877 0.14932559430599213
0.7238720655441284 0.11106415838003159 0.17585738003253937
0.6942281723022461 0.11137853562831879 0.1755792796611786
0.7891841530799866 0.1211852878332138 0.15402336418628693
0.7918447256088257 0.11071822047233582 0.17596253752708435
0.7918611168861389 0.11874226480722427 0.1594599038362503
0.8058488965034485 0.11141709238290787 0.1759883612394333
0.8057529926300049 0.12248421460390091 0.14974135160446167
0.7643199563026428 0.11152151226997375 0.17572185397148132
0.7453789114952087 0.1271936595439911 0.13271880149841309
-0.09909917414188385 0.12888610363006592 0.1770375669002533
-0.10016591846942902 0.13089677691459656 0.16524772346019745
-0.1314375102519989 0.12791433930397034 0.10144992917776108
-0.13618586957454681 0.11529610306024551 0.10197924822568893
-0.08359832316637039 0.12726974487304688 0.1372993439435959
-0.128789484500885 0.01707158423960209 0.0517924539744854
-0.1212964579463005 0.024439385160803795 0.057722244411706924
-0.12878957390785217 0.006614846643060446 0.03673189878463745
-0.13365544378757477 0.06627751141786575 0.09146647900342941
-0.11059755086898804 0.05530853569507599 0.07853828370571136
-0.1282711923122406 0.051888808608055115 0.08278965950012207
-0.1278540939092636 0.024197248741984367 0.06029640883207321
-0.12612909078598022 0.03606754168868065 0.07069095224142075
-0.14037509262561798 -0.005862534046173096 0.011346493847668171
-0.13285019993782043 -0.005524528678506613 0.007199788000434637
-0.1389559954404831 -0.001709439791738987 0.024538083001971245
-0.1310182362794876 0.015473444946110249 0.05324104428291321
-0.12754321098327637 0.02800881303846836 0.0666951984167099
-0.1288977861404419 -0.002776241861283779 0.06279981881380081
-0.12963105738162994 0.0002219115849584341 0.07774600386619568
-0.1394508183002472 0.045982517302036285 0.09355394542217255
-0.1327846199274063 -0.005881426390260458 0.08454781025648117
-0.13585087656974792 0.051649875938892365 0.09248577803373337
-0.1350829154253006 0.04394478723406792 0.09047283232212067
-0.13891445100307465 0.040720801800489426 0.09449955821037292
-0.12621340155601501 -0.06698035448789597 0.06302259862422943
-0.12677356600761414 -0.039158642292022705 0.07167226076126099
-0.12797285616397858 -0.04079435393214226 0.07916169613599777
-0.13235676288604736 -0.04627324268221855 0.088594950735569
-0.12503044307231903 -0.07172120362520218 0.07040373235940933
-0.11522877216339111 0.004434151109308004 0.2580000162124634
-0.11400371789932251 -0.004463468212634325 0.25800004601478577
-0.11941897869110107 -0.0002724153164308518 0.25799989700317383
-0.11090008914470673 0.0010113681200891733 0.2579999566078186
0.2692005932331085 -0.0011168482014909387 0.257999986410141
0.2610924541950226 0.0017529457109048963 0.2580000162124634
0.26635587215423584 0.0041669923812150955 0.25800004601478577
0.2635681629180908 -0.004343266598880291 0.25800007581710815
0.6436886191368103 -0.004546714946627617 0.25800007581710815
0.64933180809021 -0.00027174712158739567 0.2580000162124634
0.6458499431610107 0.004216731060296297 0.2580000162124634
0.6412639021873474 0.002045338274911046 0.25800004601478577
0.1714908331632614 -0.1876334846019745 0.14565451443195343
0.1310727298259735 -0.18233869969844818 0.10910751670598984
0.11692124605178833 -0.18709038197994232 0.12906813621520996
0.1276814043521881 -0.18752887845039368 0.120088592171669
0.13900594413280487 -0.185580313205719 0.10183369368314743
0.14032220840454102 -0.18802079558372498 0.11537352204322815
0.1249333918094635 -0.18801982700824738 0.1306336522102356
0.14943265914916992 -0.1880001425743103 0.12161129713058472
0.13703520596027374 -0.18800491094589233 0.15209946036338806
0.1544230729341507 -0.18800947070121765 0.14546914398670197
0.1552288979291916 -0.1880059838294983 0.1527693122625351
0.14879299700260162 -0.19080165028572083 0.15083624422550201
0.7177867293357849 -0.11090550571680069 0.17570292949676514
0.7980904579162598 -0.12404053658246994 0.1443934142589569
-0.11193396896123886 -0.12440157681703568 0.1708827167749405
-0.10882517695426941 -0.09518605470657349 0.06553750485181808
-0.08710767328739166 -0.07117599993944168 0.0536351315677166
-0.08017311990261078 -0.0950002521276474 0.055752627551555634
0.06494781374931335 -0.09599879384040833 -0.10788121819496155
0.0889548808336258 -0.09898535162210464 -0.09107831120491028
0.11728376895189285 -0.09898533672094345 -0.04952489212155342
0.1273110806941986 -0.09898525476455688 -0.0002435653004795313
0.11747221648693085 -0.0989852026104927 0.0490756630897522
0.09606501460075378 -0.09899778664112091 0.08271259069442749
0.08240144699811935 -0.09559275209903717 0.09580312669277191
0.043178658932447433 -0.09898517280817032 0.11976531147956848
-0.0034146273974329233 -0.09899116307497025 0.1270720511674881
-0.04952487722039223 -0.09898532181978226 0.11728379130363464
-0.09107852727174759 -0.09898538142442703 0.08895465731620789
0.053962964564561844 -0.07323075085878372 -0.0859861969947815
0.05580422654747963 -0.09499890357255936 -0.07902945578098297
0.06878045946359634 -0.07114049047231674 -0.12190030515193939
0.06272635608911514 -0.06710537523031235 -0.1251571625471115
0.05799024924635887 -0.025133203715085983 -0.12914487719535828
0.07774202525615692 -0.02049287222325802 -0.1186828762292862
-0.009248434565961361 -0.03293073549866676 -0.13929584622383118
0.016869783401489258 -0.03065650910139084 -0.13903221487998962
0.01647242158651352 -0.10300007462501526 -0.13732600212097168
0.046396415680646896 -0.06748785078525543 -0.13174544274806976
-0.030001498758792877 -0.10299937427043915 -0.13452595472335815
0.04116503521800041 -0.07373106479644775 -0.13307596743106842
0.0412726067006588 -0.02696670964360237 -0.1346212476491928
0.03925711289048195 -0.10300000756978989 -0.1325405389070511
0.09580087661743164 -0.015403550118207932 -0.104914091527462
-0.03492039814591408 -0.05200006812810898 0.12778402864933014
-0.08692997694015503 -0.051999714225530624 0.099372997879982
-0.10951841622591019 -0.051997605711221695 0.07357905060052872
-0.0658569410443306 -0.051999494433403015 0.11416664719581604
0.09099573642015457 -0.014767098240554333 -0.10760463774204254
0.06795233488082886 -0.020825602114200592 -0.12277862429618835
-0.010379846207797527 -0.052000001072883606 -0.049425866454839706
-0.06661532819271088 -0.051999781280756 -0.11327644437551498
-0.03171820566058159 -0.052000001072883606 -0.03915931656956673
-0.12535972893238068 -0.05199858918786049 0.04092935472726822
-0.05008992180228233 -0.052000001072883606 0.00542316772043705
-0.13079239428043365 -0.051999058574438095 0.013669795356690884
-0.02692599780857563 -0.05199780315160751 -0.12926959991455078
-0.008392570540308952 -0.052000001072883606 0.050163935869932175
-0.13072386384010315 -0.05199975520372391 -0.013801168650388718
0.04898124933242798 -0.052000001072883606 0.012045636773109436
-0.046772681176662445 -0.052000001072883606 -0.019281793385744095
0.02002600021660328 -0.052000001072883606 0.0463833250105381
-0.12434893101453781 -0.05199991166591644 -0.04274758696556091
-0.10103198140859604 -0.05200033262372017 -0.08537229895591736
-0.03302185237407684 -0.052000001072883606 0.03806544095277786
0.048511262983083725 -0.052000001072883606 -0.015390656888484955
0.024096393957734108 -0.05199885368347168 -0.13019303977489471
0.03890696540474892 -0.052000001072883606 0.032092247158288956
0.012058224529027939 -0.052000001072883606 -0.04886539652943611
-0.044445302337408066 -0.052000001072883606 0.02323707565665245
0.03218249976634979 -0.052000001072883606 -0.03895456716418266
0.00454548979178071 -0.029403148218989372 -0.13234958052635193
-0.11468558013439178 0.1319284737110138 0.16689255833625793
0.770833432674408 0.12061706185340881 0.15499913692474365
-0.09807160496711731 0.12980917096138 0.17107947170734406
-0.1389615833759308 -0.013393756933510303 -0.01823018491268158
-0.1308136135339737 -0.013296772725880146 -0.02293810434639454
-0.12755301594734192 -0.022660687565803528 -0.05745220556855202
-0.12171278148889542 -0.020369509235024452 -0.05265286564826965
-0.11654307693243027 -0.02704409509897232 -0.07730554789304733
-0.10297378152608871 -0.026809679344296455 -0.08351710438728333
-0.09892759472131729 -0.031051499769091606 -0.09900116175413132
-0.06930442899465561 -0.03134042024612427 -0.1126834899187088
-0.07380867004394531 -0.03385487198829651 -0.11873330175876617
-0.03577762469649315 -0.03202851861715317 -0.1274600625038147
-0.1368563175201416 0.003144960617646575 0.037534765899181366
-0.1383032500743866 -0.10299982875585556 -0.0006448719068430364
-0.13303649425506592 -0.07233882695436478 0.041567299515008926
-0.1312912404537201 -0.06722952425479889 0.047692134976387024
-0.13276074826717377 -0.10300055891275406 0.039329033344984055
-0.09685512632131577 -0.06662847846746445 0.04662279039621353
-0.10005386173725128 -0.06729607284069061 0.03398166969418526
-0.11555363982915878 -0.004217762965708971 0.24300001561641693
-0.11949341744184494 0.0007849852554500103 0.24299995601177216
-0.11424809694290161 0.004165392369031906 0.24300000071525574
-0.11055473238229752 -0.0009485972695983946 0.24299997091293335
0.2601213753223419 -0.0003387779288459569 0.2429998815059662
0.268250972032547 0.0033905187156051397 0.24299997091293335
0.26709914207458496 -0.003862460143864155 0.2430000752210617
0.6482100486755371 -0.003570228349417448 0.24299980700016022
0.6407968401908875 -0.0014013162581250072 0.24299997091293335
0.6453163623809814 0.004691393580287695 0.24299992620944977
0.14803442358970642 -0.1920011043548584 0.11950517445802689
0.1324094980955124 -0.1920045018196106 0.11627338826656342
0.12470093369483948 -0.1920001357793808 0.1293182224035263
0.15598367154598236 -0.18300218880176544 0.149799183011055
0.15231910347938538 -0.18299968540668488 0.15331871807575226
0.1481046974658966 -0.1919999122619629 0.14182862639427185
0.15461507439613342 -0.19200608134269714 0.14334753155708313
0.14750534296035767 -0.18300054967403412 0.14160729944705963
0.13561320304870605 -0.19200165569782257 0.15058238804340363
0.1444147229194641 -0.18300020694732666 0.145582377910614
0.14425934851169586 -0.19199994206428528 0.1449946016073227
0.7796861529350281 -0.12177776545286179 0.1487288475036621
0.7642742991447449 -0.12167682498693466 0.14845451712608337
0.7720478177070618 -0.11675208061933517 0.16230839490890503
-0.06057601049542427 -0.06299711018800735 0.03258729353547096
-0.06687474995851517 -0.09499810636043549 0.05093582719564438
-0.06952886283397675 -0.06299885362386703 0.051470641046762466
-0.06149834021925926 -0.09499795734882355 0.026613915339112282
-0.06046481803059578 -0.09499950706958771 0.039424829185009
-0.09591902047395706 -0.09500021487474442 0.021096905693411827
-0.08663333207368851 -0.09499914944171906 0.01526497583836317
-0.09156033396720886 -0.06299746781587601 0.01802081987261772
-0.09694739431142807 -0.06299977004528046 0.045705538243055344
-0.08710271120071411 -0.06299900263547897 0.05363478884100914
-0.07326735556125641 -0.09499819576740265 0.01542370580136776
-0.10001395642757416 -0.06299956142902374 0.03385383263230324
-0.0983750969171524 -0.0722319558262825 0.02655920945107937
-0.07249206304550171 -0.06299952417612076 0.017292261123657227
0.008148598484694958 -0.0950000211596489 -0.12704744935035706
0.02242290787398815 -0.09500066190958023 -0.09696292132139206
0.015173599123954773 -0.09499888122081757 -0.0870201513171196
0.027790499851107597 -0.0950009748339653 -0.06118781864643097
0.016334425657987595 -0.09499706327915192 -0.07087039947509766
0.004027943592518568 -0.0950000211596489 0.1272517293691635
0.05300552397966385 -0.0950000137090683 0.1157568022608757
-0.12035765498876572 -0.0950000211596489 -0.0414903461933136
-0.08060502260923386 -0.0950000137090683 0.09789387881755829
0.11646542698144913 -0.0950000211596489 -0.051430173218250275
0.12729468941688538 -0.0950000211596489 -0.0023014149628579617
-0.10180361568927765 -0.09561364352703094 -0.07451849430799484
0.03460504859685898 -0.0959988459944725 -0.12107469886541367
-0.08048621565103531 -0.0950000211596489 -0.09823816269636154
0.05013741925358772 -0.09499885886907578 -0.06618771702051163
0.10811955481767654 -0.0950000211596489 0.0668560266494751
0.08745115995407104 -0.0950000137090683 -0.0925288274884224
-0.12107465416193008 -0.09599881619215012 0.03460507467389107
-0.12704747915267944 -0.0950000211596489 0.008148723281919956
0.039369579404592514 -0.09499990940093994 -0.060394037514925
-0.045578546822071075 -0.0950000137090683 0.11887746304273605
-0.04149054363369942 -0.09500002861022949 -0.12035756558179855
0.12171712517738342 -0.0950000137090683 0.03515099734067917
0.049753520637750626 -0.06695187836885452 -0.09398466348648071
0.018075227737426758 -0.06299937516450882 -0.07088789343833923
0.032341282814741135 -0.06299972534179688 -0.061183132231235504
0.0499613955616951 -0.06299896538257599 -0.06758539378643036
0.02620791830122471 -0.07290589809417725 -0.09818000346422195
0.024074843153357506 -0.0629979744553566 -0.09726068377494812
0.0336054228246212 -0.06733166426420212 -0.10009165108203888
0.04130534827709198 -0.06299788504838943 -0.09970391541719437
0.016061510890722275 -0.06299988180398941 -0.08436599373817444
0.0538896806538105 -0.06299847364425659 -0.08671680092811584
0.035298656672239304 -0.10299606621265411 -0.12483170628547668
-0.10524186491966248 -0.10299979150295258 -0.08969955891370773
-0.10836374759674072 -0.10299409180879593 -0.07215509563684464
-0.12924613058567047 -0.10299970209598541 -0.04817577823996544
-0.01733330823481083 -0.10299784690141678 -0.12846678495407104
-0.06553688645362854 -0.10299783945083618 -0.11184380203485489
-0.06767772883176804 -0.10299982875585556 -0.12021568417549133
-0.12846678495407104 -0.10299783945083618 -0.017333324998617172
-0.12483174353837967 -0.10299606621265411 0.03529863432049751
-0.13480864465236664 -0.019686371088027954 -0.03942973166704178
-0.027295367792248726 -0.03495132550597191 -0.13713374733924866
-0.049253519624471664 -0.03496542200446129 -0.13073107600212097
-0.008392571471631527 -0.06200000271201134 -0.050163935869932175
-0.03302185237407684 -0.06200000271201134 -0.03806544095277786
-0.04845120385289192 -0.06200000271201134 0.015847131609916687
-0.0479319803416729 -0.06200000271201134 -0.016551516950130463
-0.03171820566058159 -0.06200000271201134 0.03915931656956673
-0.010379846207797527 -0.06200000271201134 0.049425866454839706
0.012058226391673088 -0.06200000271201134 0.04886539652943611
0.03218250349164009 -0.06200000271201134 0.03895456716418266
0.048511262983083725 -0.06200000271201134 0.015390656888484955
0.04898124933242798 -0.06200000271201134 -0.01204563956707716
0.03890696540474892 -0.06200000271201134 -0.032092247158288956
0.02002600021660328 -0.06200000271201134 -0.0463833250105381
0.580834150314331 0.12190485000610352 0.148834690451622
0.5733659863471985 0.1165543869137764 0.16208533942699432
0.5662652254104614 0.12135855108499527 0.1487046629190445
0.14459754526615143 -0.19224978983402252 0.13768424093723297
0.1312415599822998 -0.192697674036026 0.1372380554676056
0.13409842550754547 -0.19248545169830322 0.11915241181850433
0.12742078304290771 -0.19215570390224457 0.12760944664478302
0.14849558472633362 -0.19239190220832825 0.12814801931381226
0.14458131790161133 -0.19233357906341553 0.12035788595676422
-0.08042708039283752 -0.0989958867430687 -0.09815455228090286
0.006078050006181002 -0.09898576885461807 -0.1271589696407318
-0.1271589696407318 -0.09898576885461807 0.00607804860919714
-0.04341917857527733 -0.0989857092499733 -0.11967069655656815
-0.1196708008646965 -0.0989857017993927 -0.043418895453214645
0.13889344036579132 -0.19847488403320312 0.12572145462036133
0.141069695353508 -0.1976362019777298 0.13197048008441925
0.135085791349411 -0.1982814371585846 0.1299199014902115
0.02113659866154194 0.1037408784031868 -0.10928983241319656
0.030892791226506233 0.10532187670469284 -0.10284306854009628
0.015064354054629803 0.10539255291223526 -0.10244467109441757
0.015010497532784939 0.12975916266441345 -0.10219818353652954
0.0096275694668293 0.12299888581037521 -0.10270201414823532
0.03744371235370636 0.11340945214033127 -0.10265688598155975
0.021672142669558525 0.1318437159061432 -0.10152182728052139
0.0336846262216568 0.12803393602371216 -0.1016542911529541
0.028584694489836693 0.131480872631073 -0.11078687757253647
0.036748651415109634 0.12334530055522919 -0.10917991399765015
0.01059219241142273 0.11138032376766205 -0.11066679656505585
0.021400129422545433 0.13829854130744934 -0.11210384219884872
0.02091626264154911 0.13772176206111908 -0.12368808686733246
0.016522545367479324 0.1324855387210846 -0.1301538497209549
0.010790025815367699 0.12565380334854126 -0.131638303399086
0.0031027451623231173 0.1164940744638443 -0.11199934035539627
0.004648595117032528 0.11833475530147552 -0.12579406797885895
-0.036817751824855804 0.10966259986162186 -0.10229586809873581
-0.03915046155452728 0.11997490376234055 -0.10193037241697311
-0.03880062326788902 0.11262857913970947 -0.10941878706216812
-0.02641288749873638 0.1028769388794899 -0.10252894461154938
-0.0156618170440197 0.10654154419898987 -0.10240115225315094
-0.011156878434121609 0.11091835051774979 -0.10222847014665604
-0.03552817553281784 0.1277432143688202 -0.10195247828960419
-0.024246210232377052 0.1324627697467804 -0.10150332003831863
-0.012374550104141235 0.12477395683526993 -0.10176791995763779
0.02651534043252468 0.09616702049970627 -0.11678218841552734
0.029112840071320534 0.09926263988018036 -0.1269526183605194
0.02992747724056244 0.1002335473895073 -0.1056295707821846
0.03892168030142784 0.11095337569713593 -0.10240247845649719
0.04541616141796112 0.11869203299283981 -0.11332248151302338
0.03485254943370819 0.10610295832157135 -0.13171221315860748
0.04326259344816208 0.11612565815448761 -0.1274968385696411
-0.027490943670272827 0.10376091301441193 -0.10928928852081299
-0.01265257503837347 0.12537136673927307 -0.11089983582496643
-0.02289200760424137 0.13210946321487427 -0.10834180563688278
-0.027412960305809975 0.13769008219242096 -0.10953111201524734
-0.02803678996860981 0.13694357872009277 -0.1257893294095993
-0.035947661846876144 0.1275157630443573 -0.1318887174129486
-0.04204634577035904 0.12024763226509094 -0.12835659086704254
-0.04384930804371834 0.11809949576854706 -0.10832221806049347
-0.045479681342840195 0.11615597456693649 -0.1194792091846466
0.031220847740769386 0.10177487134933472 -0.12723548710346222
0.027732525020837784 0.09761764109134674 -0.11776739358901978
0.04101118817925453 0.11344253271818161 -0.10678082704544067
0.0360497422516346 0.10752971470355988 -0.10432451963424683
0.044499848037958145 0.11760015040636063 -0.11624933779239655
0.04146842285990715 0.11398745328187943 -0.12676715850830078
0.036182768642902374 0.10768825560808182 -0.1296922266483307
0.03076395019888878 0.10123036801815033 -0.10724952071905136
-0.01949191838502884 0.10044920444488525 -0.10538151115179062
-0.003833961905911565 0.11911550164222717 -0.11293724924325943
-0.022579889744520187 0.096775121986866 -0.12100917845964432
-0.016370028257369995 0.10417577624320984 -0.13086584210395813
-0.009170301258563995 0.11275608092546463 -0.13066735863685608
-0.004456221591681242 0.11837410181760788 -0.12316931039094925
0.08000712096691132 0.07279554009437561 -0.13021555542945862
0.08436690270900726 0.07799132913351059 -0.10724952071905136
0.08715550601482391 0.08131466060876846 -0.1155266985297203
0.08604211360216141 0.0799877718091011 -0.1234399601817131
0.07908111810684204 0.07169197499752045 -0.10432451963424683
0.07307549566030502 0.0645347461104393 -0.1078457161784172
0.07086252421140671 0.06189743056893349 -0.11722098290920258
0.07267437875270844 0.06405672430992126 -0.1251479983329773
-0.021435605362057686 0.09813886880874634 -0.11646515130996704
-0.018704235553741455 0.10139398276805878 -0.12618421018123627
-0.007178010884672403 0.11513039469718933 -0.12621289491653442
-0.004816313739866018 0.11794497072696686 -0.11497042328119278
-0.013592016883194447 0.10748647898435593 -0.12976858019828796
-0.010389947332441807 0.11130255460739136 -0.10436904430389404
-0.018047381192445755 0.10217678546905518 -0.10690736025571823
0.08178588002920151 0.07491552829742432 -0.12282158434391022
0.07674816995859146 0.06890258938074112 -0.12357024848461151
0.07436137646436691 0.06598629802465439 -0.11956251412630081
0.07798703014850616 0.07038038969039917 -0.10961075872182846
0.08372321724891663 0.07722466439008713 -0.11594189703464508
0.04965658113360405 0.06618392467498779 -0.12690290808677673
0.042472027242183685 0.057621706277132034 -0.1297210454940796
0.04941066727042198 0.0658908560872078 -0.10690733790397644
0.05279889702796936 0.06992879509925842 -0.11646514385938644
0.043238505721092224 0.05853515863418579 -0.10422172397375107
0.037933241575956345 0.05221259966492653 -0.10924721509218216
0.036183666437864304 0.0501275397837162 -0.12015386670827866
0.09192542731761932 0.06772816926240921 -0.11094850301742554
0.09262873232364655 0.06078828498721123 -0.12351686507463455
0.0940578430891037 0.06911502778530121 -0.11824987828731537
0.1003120169043541 0.061769820749759674 -0.12154167145490646
0.08667026460170746 0.057372353971004486 -0.11349854618310928
0.045861970633268356 0.061661817133426666 -0.11450488120317459
0.04260585084557533 0.057777903974056244 -0.1159190833568573
0.044643595814704895 0.06020930036902428 -0.12016155570745468
0.10065910965204239 0.05705014243721962 -0.10729852318763733
0.06684957444667816 0.04264464229345322 -0.11343471705913544
0.06493430584669113 0.04705604538321495 -0.11662348359823227
0.062991201877594 0.04188871011137962 -0.1181933805346489
0.0917217880487442 0.05707197263836861 -0.12124479562044144
0.09807092696428299 0.0523800402879715 -0.11695811152458191
0.10590758174657822 0.06495426595211029 -0.11301314830780029
0.2499396950006485 -0.057879287749528885 -0.01715392805635929
0.25372427701950073 -0.06147738918662071 -0.016970602795481682
0.2518374025821686 -0.060628265142440796 -0.0112712811678648
0.2480960637331009 -0.06349123269319534 -0.017138615250587463
0.24766404926776886 -0.06148621812462807 -0.01181093044579029
0.08170401304960251 0.03189617767930031 -0.11650040000677109
0.07377810776233673 0.034817490726709366 -0.1139189600944519
0.11070715636014938 0.049706026911735535 -0.10875497758388519
0.13081973791122437 0.04917836934328079 -0.09882665425539017
0.11481964588165283 0.05377325415611267 -0.11721673607826233
0.10978962481021881 0.06027916073799133 -0.10525794327259064
0.08989841490983963 0.03126201778650284 -0.11475904285907745
0.1358734518289566 0.057805825024843216 -0.10856297612190247
0.1261914074420929 0.048224076628685 -0.10747389495372772
0.24593545496463776 -0.06043608859181404 -0.01643727719783783
0.08639316260814667 0.03466847166419029 -0.11263514310121536
0.13254497945308685 0.06088949367403984 -0.0984586775302887
0.13135601580142975 0.06213553994894028 -0.10482119023799896
0.25236940383911133 -0.06649595499038696 -0.01511578168720007
0.24950362741947174 -0.05646835267543793 -0.015246333554387093
-0.01895495504140854 -0.3253083825111389 0.010388391092419624
-0.021999837830662727 -0.33359992504119873 0.011644924990832806
-0.015485692769289017 -0.33445900678634644 0.019466310739517212
0.024029450491070747 -0.33330971002578735 -0.006018498446792364
0.02420104667544365 -0.3459987938404083 -0.004728981293737888
0.01993984915316105 -0.3370001018047333 -0.015730267390608788
-0.023770244792103767 -0.3481948673725128 0.0011391043663024902
-0.018677877262234688 -0.3565492033958435 -0.0008566803298890591
-0.01967419683933258 -0.3502883315086365 0.011753937229514122
-0.020722389221191406 -0.3286711275577545 -0.01079025212675333
-0.023125147446990013 -0.32871028780937195 -0.00047784618800505996
-0.017098233103752136 -0.3207137882709503 -0.003754060948267579
0.019647371023893356 -0.32631197571754456 -0.010067190043628216
0.015103457495570183 -0.3498445153236389 -0.017664771527051926
0.011532247066497803 -0.3365873098373413 -0.022731123492121696
0.0179185438901186 -0.3544217050075531 -0.00893812533468008
0.0069563318975269794 -0.3620052635669708 -0.009155447594821453
-0.006368688773363829 -0.3482041358947754 -0.023013882339000702
0.0061118933372199535 -0.34531572461128235 -0.023833801969885826
0.0015558961313217878 -0.3553340435028076 -0.019456462934613228
-0.007667110301554203 -0.31607118248939514 -0.008404252119362354
-0.010950597003102303 -0.3164500594139099 0.004976063035428524
0.002250137273222208 -0.3136197030544281 0.0033433421049267054
0.010486649349331856 -0.3235965073108673 -0.01763460598886013
-0.0009009444620460272 -0.33772706985473633 -0.025438562035560608
-0.00797545351088047 -0.327570378780365 -0.021512798964977264
0.0017289445968344808 -0.32620394229888916 -0.02184765599668026
0.01291036605834961 -0.3177262544631958 0.005192390643060207
0.008404822088778019 -0.3181290924549103 0.01175601314753294
-0.021100882440805435 -0.3402988016605377 -0.013962877914309502
-0.014175878837704659 -0.35255324840545654 -0.016355179250240326
-0.019928092136979103 -0.3502969741821289 -0.011133127845823765
-0.02383994497358799 -0.3418804705142975 0.007891344837844372
-0.008411585353314877 -0.3613615334033966 -0.00983524415642023
-0.006401390768587589 -0.36365750432014465 -0.0019659362733364105
-0.008806602098047733 -0.3379524350166321 0.023911958560347557
-0.007934309542179108 -0.351754367351532 0.020769858732819557
-0.0040897587314248085 -0.3441994786262512 0.024494430050253868
-0.001701265573501587 -0.3619352877140045 0.011074469424784184
0.013197042047977448 -0.35795894265174866 0.011520388536155224
0.001314035733230412 -0.35487088561058044 0.019898731261491776
0.020789852365851402 -0.3295835256576538 0.011730139143764973
0.02110988087952137 -0.35322484374046326 0.0019528907723724842
0.018160033971071243 -0.3497411906719208 0.014499933458864689
-0.012643419206142426 -0.3209463655948639 0.012556119821965694
-0.010234090499579906 -0.33049798011779785 0.021831566467881203
-0.002920504892244935 -0.3192234933376312 0.015497029758989811
-0.015993760898709297 -0.3447434604167938 0.018827127292752266
0.025257742032408714 -0.33883073925971985 0.005395570304244757
-0.014765623025596142 -0.3380814492702484 -0.020777134224772453
0.004322449676692486 -0.3637261390686035 0.003764320397749543
-0.011435492895543575 -0.359140545129776 0.010190526954829693
-0.025366511195898056 -0.337022602558136 -0.0015132721746340394
0.01951686106622219 -0.32263827323913574 0.0002554541570134461
-0.014037543907761574 -0.32458558678627014 -0.01531310100108385
0.012487092055380344 -0.3178982138633728 -0.006465651094913483
0.01306948158890009 -0.3606509268283844 -0.0010364311747252941
0.0026962494011968374 -0.31623125076293945 -0.011498577892780304
0.017163408920168877 -0.3449230492115021 0.017616529017686844
0.006803228985518217 -0.34799233078956604 0.02290249988436699
0.10656958073377609 0.020988743752241135 -0.10564838349819183
0.09570194780826569 0.028844045475125313 -0.1074473187327385
0.1451202780008316 0.05060352012515068 -0.10350070893764496
0.1707715094089508 0.049996618181467056 -0.07982244342565536
0.13770346343517303 0.05590180680155754 -0.09252616763114929
0.015088705345988274 -0.3109786808490753 0.03082752227783203
0.002074385527521372 -0.3156120479106903 0.027918606996536255
0.020070558413863182 -0.3359402120113373 0.05525476858019829
-0.002524096518754959 -0.3208109140396118 0.03107842430472374
0.029917804524302483 -0.32794761657714844 0.02714410237967968
0.0052902125753462315 -0.33595719933509827 0.04351763799786568
0.02634921669960022 -0.31912049651145935 0.025555502623319626
0.11154567450284958 0.02580600418150425 -0.10558252781629562
0.11589443683624268 0.02171868272125721 -0.10644156485795975
0.12450027465820312 0.021480044350028038 -0.09663853794336319
0.1828852891921997 0.06050388514995575 -0.08478939533233643
0.2434161901473999 -0.06481349468231201 -0.015012484975159168
0.2567911148071289 -0.05710986629128456 -0.014978420920670033
0.028531474992632866 -0.33591097593307495 0.030791448429226875
0.02291802503168583 -0.3414645195007324 0.03500634804368019
0.014874144457280636 -0.30986276268959045 0.040588486939668655
0.014136549085378647 -0.3116404116153717 0.04923971742391586
0.005662025883793831 -0.3200532793998718 0.04680773988366127
0.006542827934026718 -0.32621636986732483 0.04948880895972252
0.13137909770011902 0.016227273270487785 -0.09532929956912994
0.16997848451137543 0.05361872911453247 -0.09274793416261673
0.2463299185037613 -0.05464369058609009 -0.014787964522838593
0.026310190558433533 -0.3388121426105499 0.05104401707649231
0.024314770475029945 -0.329152911901474 0.06484697014093399
0.0423259437084198 -0.3072560131549835 0.049794990569353104
0.03153564780950546 -0.3382514417171478 0.04508714750409126
0.04264713451266289 -0.3326321244239807 0.0465051531791687
0.1616041362285614 0.018607625737786293 -0.0784369558095932
0.15136641263961792 0.019808053970336914 -0.0881606861948967
0.15027177333831787 0.01584390178322792 -0.08986726403236389
0.1901792585849762 0.04879371076822281 -0.07663624733686447
0.19147861003875732 0.06296642869710922 -0.07240627706050873
0.19294482469558716 0.05166366323828697 -0.06627457588911057
0.1912306696176529 0.05748489126563072 -0.0663108378648758
0.24288475513458252 -0.06018688529729843 -0.007861228659749031
0.2459343522787094 -0.06668215990066528 -0.008204859681427479
0.24624289572238922 -0.05515541508793831 -0.008125866763293743
0.2533705532550812 -0.05492010712623596 -0.008026128634810448
0.2569539546966553 -0.06028205156326294 -0.008154496550559998
0.2519896328449249 -0.06774012744426727 -0.008035754784941673
0.034013111144304276 -0.3049645721912384 0.0564320869743824
0.062456391751766205 -0.33166009187698364 0.08177787065505981
0.045079149305820465 -0.3058578372001648 0.07422461360692978
0.04440801590681076 -0.3266528248786926 0.04267248883843422
0.02997695840895176 -0.31158769130706787 0.06823036819696426
0.04431777447462082 -0.31944647431373596 0.041782014071941376
0.02178874984383583 -0.3196679353713989 0.06469884514808655
0.04593386873602867 -0.3118644952774048 0.04626850411295891
0.06226139888167381 -0.3027353584766388 0.06657452136278152
0.17281606793403625 0.0169814620167017 -0.07881467789411545
0.1660996377468109 0.014039330184459686 -0.07888059318065643
0.213692769408226 0.051063694059848785 -0.05398480221629143
0.20988789200782776 0.05881747603416443 -0.05714402720332146
0.050141748040914536 -0.3024454414844513 0.06733224540948868
0.049263957887887955 -0.33538469672203064 0.06333877146244049
0.059211354702711105 -0.32307493686676025 0.052639443427324295
0.0655360296368599 -0.32830002903938293 0.05971619859337807
0.06667133420705795 -0.3149048089981079 0.056998301297426224
0.040567509829998016 -0.3208639323711395 0.07875373214483261
0.058735448867082596 -0.33327803015708923 0.06359822303056717
0.2131108045578003 0.01463591493666172 -0.05011766031384468
0.2038382589817047 0.04804319143295288 -0.06503117084503174
0.21464313566684723 0.06056506559252739 -0.06479015946388245
0.22519782185554504 0.054456986486911774 -0.06308409571647644
0.25424838066101074 -0.0681367814540863 -0.006915571633726358
0.07963235676288605 -0.30113473534584045 0.08597569912672043
0.08217407017946243 -0.3211008906364441 0.0645439401268959
0.0581209659576416 -0.31026139855384827 0.08640462905168533
0.0583626888692379 -0.3183513581752777 0.08836141228675842
0.0738377645611763 -0.30740293860435486 0.06397311389446259
0.06768824905157089 -0.3230196535587311 0.09181241691112518
0.079957015812397 -0.3327125906944275 0.07914134860038757
0.19252629578113556 0.0178013127297163 -0.060452625155448914
0.22353720664978027 0.04708074778318405 -0.06108732149004936
0.22125858068466187 0.059479646384716034 -0.05444138124585152
0.08716563135385513 -0.32663992047309875 0.06972137093544006
0.09953928738832474 -0.33014193177223206 0.07975361496210098
0.08750610053539276 -0.305325984954834 0.09604836255311966
0.08477648347616196 -0.3155337870121002 0.09953650087118149
0.0923578143119812 -0.30987250804901123 0.10107523947954178
0.09296660125255585 -0.309147447347641 0.07007340341806412
0.25313493609428406 0.09475722163915634 -0.01772793009877205
0.2352055162191391 0.10510588437318802 -0.019993428140878677
0.1977044939994812 0.11146765947341919 -0.017778383567929268
0.23021551966667175 0.1062062680721283 -0.02846688963472843
0.25021982192993164 0.09448042511940002 -0.029929528012871742
0.20332428812980652 0.1095561757683754 -0.029677821323275566
0.23586706817150116 0.10640334337949753 -0.024962464347481728
0.2525494396686554 0.09842901676893234 -0.02790329046547413
0.17839334905147552 0.21984386444091797 0.02728269062936306
0.1695730984210968 0.23031766712665558 0.04345124959945679
0.17250698804855347 0.21640999615192413 0.03225881606340408
0.1745811104774475 0.21979095041751862 0.017876381054520607
0.16405396163463593 0.22444668412208557 0.0273653045296669
0.1702655553817749 0.22915300726890564 0.028476933017373085
0.2142842411994934 0.020176976919174194 -0.050627700984478
0.229740172624588 0.014910810627043247 -0.04386945813894272
0.22855041921138763 0.1995735466480255 0.01779784820973873
0.23176316916942596 0.19356444478034973 0.01777922734618187
0.2205193042755127 0.20377960801124573 0.03202313929796219
0.22479309141635895 0.20385795831680298 0.0331650972366333
0.2362740933895111 0.19177694618701935 0.016497232019901276
0.2254568487405777 0.2074376940727234 0.032429639250040054
0.25509583950042725 0.0985550507903099 -0.02241167612373829
0.2461552768945694 0.09241247922182083 -0.018900034949183464
0.22439967095851898 0.04448855295777321 -0.05228149890899658
0.1763233095407486 0.20615924894809723 0.023267891258001328
0.1615549772977829 0.22269468009471893 0.036645855754613876
0.1709340661764145 0.20914502441883087 0.02234089933335781
0.18593449890613556 0.2061324566602707 0.012768854387104511
0.17286279797554016 0.2065124809741974 0.014677604660391808
0.24816182255744934 -0.052860815078020096 -0.0064969430677592754
0.25436386466026306 -0.053781747817993164 -0.006472356617450714
0.2584277093410492 -0.06173892691731453 -0.006052140612155199
0.24466726183891296 -0.06750255823135376 -0.006418534554541111
0.12067828327417374 -0.32651081681251526 0.08194921910762787
0.11485741287469864 -0.3309627175331116 0.09580687433481216
0.0965367928147316 -0.31779223680496216 0.06927810609340668
0.1138330027461052 -0.3024962842464447 0.08165229856967926
0.11181481927633286 -0.3209296762943268 0.10683157294988632
0.10041235387325287 -0.32743948698043823 0.09956042468547821
0.1961672306060791 0.10744763165712357 -0.01758815161883831
0.23329351842403412 0.09556636214256287 -0.02080027014017105
0.22880131006240845 0.20525430142879486 0.023610804229974747
0.21709555387496948 0.2080013006925583 0.03674952685832977
0.16383464634418488 0.235381618142128 0.04278823733329773
0.16751447319984436 0.22243274748325348 0.041980184614658356
0.15986861288547516 0.23246903717517853 0.038200948387384415
0.2339891940355301 0.017052918672561646 -0.041467390954494476
0.23864032328128815 0.18062706291675568 0.004992020316421986
0.23953166604042053 0.19024546444416046 0.012294215150177479
0.23723648488521576 0.19175602495670319 0.0100636575371027
0.25040969252586365 0.08660521358251572 -0.024287879467010498
0.2347918003797531 0.0940924659371376 -0.0246274471282959
0.26520663499832153 0.08054547756910324 -0.028808850795030594
0.23807618021965027 0.09506306052207947 -0.028567923232913017
0.2526133358478546 0.03964859992265701 -0.029341060668230057
0.23912633955478668 0.054432932287454605 -0.049609094858169556
0.23727644979953766 0.053335871547460556 -0.04284081980586052
0.2571296989917755 0.039753783494234085 -0.04305604472756386
0.18429750204086304 0.19755543768405914 0.017974449321627617
0.17819646000862122 0.20367102324962616 0.008665762841701508
0.24181538820266724 -0.058465585112571716 -0.0056421877816319466
0.134598508477211 -0.31418293714523315 0.0802273228764534
0.1414368748664856 -0.32093337178230286 0.08324918895959854
0.12276165187358856 -0.30814000964164734 0.07875747233629227
0.12303490936756134 -0.2988608479499817 0.0913454070687294
0.10602401196956635 -0.3007308542728424 0.09646661579608917
0.1300112009048462 -0.3040785789489746 0.10850511491298676
0.12586534023284912 -0.3152276277542114 0.1113625317811966
0.25160324573516846 -0.09777523577213287 -0.0036763546522706747
0.2548738121986389 -0.11964807659387589 0.006257215980440378
0.25337275862693787 -0.1124478131532669 -0.0032056313939392567
0.25133225321769714 -0.1101456955075264 0.00040062193875201046
0.24903596937656403 -0.1081400066614151 -0.003271291730925441
0.2521045506000519 -0.11976023763418198 0.0015564353670924902
0.21522627770900726 0.20716005563735962 0.0461474247276783
0.2152559459209442 0.20068734884262085 0.04732946678996086
0.15661248564720154 0.22362330555915833 0.04969433695077896
0.23084640502929688 0.015079615637660027 -0.03712636977434158
0.24519892036914825 0.17457614839076996 0.0009607218089513481
0.23726709187030792 0.18222801387310028 0.008972513489425182
0.21175403892993927 0.08081015199422836 -0.019842466339468956
0.24111369252204895 0.07436821609735489 -0.022540971636772156
0.19532158970832825 0.08769718557596207 -0.01911490224301815
0.19645272195339203 0.08444474637508392 -0.024343978613615036
0.2380046546459198 0.07020047307014465 -0.025546114891767502
0.23634777963161469 0.0706600770354271 -0.02282077446579933
0.2625465989112854 0.07774871587753296 -0.01842792145907879
0.2695201337337494 0.08176199346780777 -0.027950014919042587
0.2664305865764618 0.0862630233168602 -0.017664333805441856
0.2513915002346039 0.04687574878334999 -0.045008350163698196
0.24053986370563507 0.04184361547231674 -0.0372481532394886
0.25526490807533264 0.03537662327289581 -0.04297494888305664
0.24418653547763824 0.037472352385520935 -0.04567880555987358
0.18806418776512146 0.19569692015647888 0.004605965688824654
0.1843663901090622 0.18135769665241241 0.007496993988752365
0.19084589183330536 0.1911192685365677 0.013004601933062077
0.199185311794281 0.17694908380508423 0.002588059986010194
0.18474024534225464 0.1866399198770523 0.013043894432485104
0.18291808664798737 0.18862326443195343 0.0036500548012554646
0.15901745855808258 -0.3288312554359436 0.10043106973171234
0.1492631882429123 -0.2996731996536255 0.09077879786491394
0.17716524004936218 -0.32475748658180237 0.09581434726715088
0.1406843513250351 -0.32338881492614746 0.1110997125506401
0.16905058920383453 -0.29682111740112305 0.10991690307855606
0.14399196207523346 -0.3278917968273163 0.1059386283159256
0.14921829104423523 -0.30510658025741577 0.08543945848941803
0.14417769014835358 -0.3086065649986267 0.11434187740087509
0.25553518533706665 -0.12878504395484924 0.01396739762276411
0.18892031908035278 0.11693785339593887 -0.02358107827603817
0.19939462840557098 0.11418718099594116 -0.020874489098787308
0.1977727860212326 0.10360676050186157 -0.019839687272906303
0.1844145804643631 0.10586710274219513 -0.02333771251142025
0.1994655430316925 0.10500877350568771 -0.028740255162119865
0.23203878104686737 0.0777454748749733 -0.02530236914753914
0.24354781210422516 0.06997717171907425 -0.0267212875187397
0.2106928825378418 0.20112036168575287 0.04765068367123604
0.21530213952064514 0.201460599899292 0.05132037028670311
0.15454313158988953 0.23223109543323517 0.05410003662109375
0.162553071975708 0.23344075679779053 0.05508802831172943
0.16089792549610138 0.2226662039756775 0.050411999225616455
0.1629650592803955 0.22302556037902832 0.055259063839912415
0.15239177644252777 0.22659508883953094 0.0545780248939991
0.23116998374462128 0.011907525360584259 -0.03964882716536522
0.23298273980617523 0.017552727833390236 -0.03822345659136772
0.2437949776649475 0.17122377455234528 0.005989865865558386
0.2711964249610901 0.08450882881879807 -0.023348482325673103
0.26228266954421997 0.07638727128505707 -0.024582039564847946
0.2545476257801056 0.04510617256164551 -0.034853242337703705
0.24162891507148743 0.03770202398300171 -0.04010801017284393
0.19359174370765686 0.1754213273525238 -0.0030241585336625576
-0.35337817668914795 0.07110030949115753 0.09323032945394516
-0.35646575689315796 0.08058159798383713 0.09282182157039642
-0.3556825816631317 0.07706324756145477 0.06429065763950348
-0.35142606496810913 0.06536845862865448 0.06762156635522842
-0.3496720492839813 0.060547590255737305 0.08177546411752701
-0.3498295843601227 0.06753827631473541 0.09265963733196259
-0.3586786985397339 0.0852949395775795 0.08858424425125122
-0.3598836064338684 0.08860543370246887 0.07748495042324066
-0.35843488574028015 0.08462530374526978 0.06894762814044952
-0.33582013845443726 0.06638377159833908 0.09332770109176636
-0.338670939207077 0.06555464118719101 0.08297719806432724
-0.32923227548599243 0.07160171121358871 0.08836298435926437
-0.32841387391090393 0.07326120883226395 0.0933554619550705
-0.3270087242126465 0.08566455543041229 0.09358496963977814
-0.3418750762939453 0.09403827786445618 0.09332821518182755
-0.33526360988616943 0.09236429631710052 0.08977847546339035
-0.3465530574321747 0.09305813908576965 0.08219990879297256
-0.351497620344162 0.08950258046388626 0.09332794696092606
-0.33717793226242065 -0.06437800824642181 0.09332820773124695
-0.34674832224845886 -0.064543217420578 0.09279906749725342
-0.33411863446235657 -0.06271987408399582 0.08303235471248627
-0.32885682582855225 -0.05736623331904411 0.093328095972538
-0.3283235728740692 -0.056367941200733185 0.08617760986089706
-0.3277852535247803 -0.04603748768568039 0.09307031333446503
-0.3441159725189209 -0.03644312545657158 0.09332859516143799
-0.33765867352485657 -0.03640926256775856 0.09227169305086136
-0.35222598910331726 -0.040998656302690506 0.08302184194326401
-0.35443559288978577 -0.04366043955087662 0.09332846105098724
-0.3551999032497406 -0.0556742399930954 0.09313701093196869
-0.3504555821418762 -0.09867464751005173 0.0690530464053154
-0.3600137233734131 -0.07817725837230682 0.06904851645231247
-0.3551802635192871 -0.08854276686906815 0.06414743512868881
-0.34491750597953796 -0.09584798663854599 0.08872391283512115
-0.3532986044883728 -0.09137751162052155 0.093272365629673
-0.34907615184783936 -0.10163344442844391 0.0832769125699997
-0.36130619049072266 -0.07540790736675262 0.08403947949409485
-0.3562944531440735 -0.08584428578615189 0.09338392317295074
-0.3536817729473114 -0.07441684603691101 0.08774897456169128
-0.3308192491531372 -0.0920395478606224 0.0933290347456932
-0.3318575322628021 -0.0930040031671524 0.08427900075912476
-0.32688456773757935 -0.07852345705032349 0.0934506431221962
-0.3439984619617462 -0.0964411199092865 0.09334272146224976
-0.3443508744239807 -0.06915271282196045 0.07111600786447525
-0.36035579442977905 -0.05008659139275551 0.07064179331064224
-0.35171809792518616 -0.060380589216947556 0.06372576951980591
-0.3447897136211395 -0.0686340406537056 0.08814208954572678
-0.36166220903396606 -0.04852969944477081 0.0801871046423912
-0.36037972569465637 -0.050057947635650635 0.08665138483047485
-0.3381027281284332 -0.06788419187068939 0.09333222359418869
-0.3501778542995453 -0.07056699693202972 0.09332817047834396
-0.33044272661209106 -0.07138478755950928 0.09309086203575134
-0.3417772352695465 -0.06782074272632599 0.08563794940710068
0.16752389073371887 -0.31353726983070374 0.11866233497858047
0.16795073449611664 -0.2953742742538452 0.10039667785167694
0.17377550899982452 -0.3227141499519348 0.1142832487821579
0.17236460745334625 -0.3092401921749115 0.08682108670473099
0.25789493322372437 -0.13100115954875946 0.011683491058647633
0.25827285647392273 -0.1349516659975052 0.019043657928705215
0.2593270242214203 -0.12904375791549683 0.015722766518592834
0.18450814485549927 0.08586884289979935 -0.02009383775293827
0.19249401986598969 0.08897082507610321 -0.022686831653118134
0.2114216536283493 0.20072193443775177 0.0543225035071373
0.16233401000499725 0.22496633231639862 0.06349819153547287
0.30305802822113037 -0.1247159019112587 0.020599432289600372
0.29513972997665405 -0.1236264556646347 0.013970643281936646
0.29650771617889404 -0.1306072622537613 0.0236021988093853
0.29638803005218506 -0.13112853467464447 0.010984417982399464
0.3020037114620209 -0.12611721456050873 0.005098561756312847
0.30365484952926636 -0.14022327959537506 0.02123677358031273
0.30814167857170105 -0.13465280830860138 0.02651980146765709
0.30414921045303345 -0.1143549233675003 0.00873689353466034
0.30693238973617554 -0.12831290066242218 0.010980025865137577
0.29535385966300964 -0.1267709881067276 0.00963668990880251
0.29403185844421387 -0.11351829767227173 -0.0024006234016269445
0.2774220108985901 -0.10162647813558578 -0.0002208474325016141
0.27567219734191895 -0.11798201501369476 0.018822265788912773
0.27936801314353943 -0.10958351939916611 0.006021781358867884
0.273578017950058 -0.11364956945180893 0.008327803574502468
0.2646512985229492 -0.11063939332962036 -0.003279270837083459
0.26366275548934937 -0.1353955715894699 0.02267441898584366
0.2641471326351166 -0.12193460762500763 0.012145141139626503
0.26884007453918457 -0.11827611178159714 -0.0021668528206646442
0.27293699979782104 -0.11269102245569229 -0.005290780682116747
0.2714569568634033 -0.12960422039031982 0.008866595104336739
0.2670031487941742 -0.13308852910995483 0.013622640632092953
0.2511315941810608 0.16107210516929626 -0.0003090625978074968
0.28066062927246094 0.05323483422398567 -0.01376798003911972
0.1979248970746994 0.14966678619384766 -0.005135931074619293
0.2031785249710083 0.16351990401744843 0.004169001709669828
-0.3296939730644226 0.09337431937456131 0.06726053357124329
-0.32166799902915955 0.07132314890623093 0.08145350217819214
-0.32575538754463196 0.08255314081907272 0.06414794921875
-0.3300822675228119 0.09444078058004379 0.09030859917402267
-0.3221420645713806 0.07262565195560455 0.07172950357198715
-0.3231281340122223 0.07533428072929382 0.08983631432056427
-0.33169546723365784 0.09887336194515228 0.07723310589790344
0.19754910469055176 -0.32327353954315186 0.10925552248954773
0.18478597700595856 -0.31357449293136597 0.08886811882257462
0.1850195825099945 -0.29882222414016724 0.09197110682725906
0.21911472082138062 -0.29565727710723877 0.12249624729156494
0.1985902488231659 -0.32321059703826904 0.10359345376491547
0.20918616652488708 -0.31754544377326965 0.09618435800075531
0.2786969542503357 -0.12133447825908661 0.019663825631141663
0.2829637825489044 -0.1285502314567566 0.02859383262693882
0.2839603126049042 -0.11157232522964478 0.0056837089359760284
0.2755197584629059 -0.1296187788248062 0.0419933944940567
0.295490026473999 -0.1351233422756195 0.02396950125694275
0.28975531458854675 -0.12133238464593887 -2.3924420020193793e-05
0.29107075929641724 -0.13298270106315613 0.014052062295377254
0.28532275557518005 -0.12839758396148682 0.009509819559752941
0.28853273391723633 -0.12295687943696976 0.020168744027614594
0.29308566451072693 -0.13086998462677002 0.03085789456963539
0.29271259903907776 -0.11247904598712921 0.00639363145455718
0.18607009947299957 0.11122934520244598 -0.02714572660624981
0.18233920633792877 0.08875909447669983 -0.01586761884391308
0.21089518070220947 0.18517793715000153 0.058291565626859665
0.20593537390232086 0.19050122797489166 0.05726535618305206
0.15624256432056427 0.22751440107822418 0.06529568135738373
0.28256264328956604 -0.11996220052242279 -0.0027486153412610292
0.27726101875305176 -0.12728457152843475 0.004238345194607973
0.27705541253089905 -0.1113322377204895 -0.010678708553314209
0.28509625792503357 -0.10449580103158951 -0.011472555808722973
0.3004016876220703 -0.11130852997303009 -0.0038318363949656487
0.29864588379859924 -0.09214060753583908 -0.005255953408777714
0.2974333167076111 -0.10620445013046265 0.006709603127092123
0.28913313150405884 -0.10301557183265686 0.0010555633343756199
0.28378140926361084 -0.10292377322912216 0.004062111489474773
0.2855702042579651 -0.12100429832935333 0.02114729955792427
0.2871420681476593 -0.10354720801115036 0.006658351048827171
0.27565011382102966 -0.09632646292448044 -0.004289038013666868
0.2643056809902191 -0.0818123072385788 -0.012318453751504421
0.26668581366539 -0.09852965176105499 -1.2793423593393527e-05
0.2687586843967438 -0.11242237687110901 0.008394880220293999
0.2687022387981415 -0.10195456445217133 -0.010579860769212246
0.27356258034706116 -0.09553847461938858 -0.0010672976495698094
0.25316211581230164 0.13625440001487732 -0.00778229208663106
0.2512553334236145 0.15227599442005157 0.0004414498107507825
0.2569531500339508 0.05953948199748993 -0.020359527319669724
0.27122947573661804 0.060673341155052185 -0.02294941432774067
0.27437812089920044 0.05542765557765961 -0.016267061233520508
0.2797839641571045 0.06656070798635483 -0.016347963362932205
0.2819603979587555 0.06620282679796219 -0.021553566679358482
0.28374454379081726 0.057356931269168854 -0.024300122633576393
0.20836910605430603 0.1536489725112915 -0.004160267300903797
0.19700293242931366 0.15805530548095703 0.005159921012818813
0.20440071821212769 0.1502254754304886 0.003922420088201761
-0.32497525215148926 0.08040979504585266 0.0666670873761177
-0.3257036507129669 0.08241099864244461 0.09171659499406815
-0.3290224075317383 0.09152922034263611 0.08951159566640854
-0.3307722806930542 0.0963369607925415 0.08286857604980469
-0.32276180386543274 0.07432834804058075 0.08507328480482101
-0.322366327047348 0.0732417106628418 0.07585827261209488
-0.3300717771053314 0.09441237151622772 0.07027702778577805
-0.3313978910446167 -0.037925560027360916 0.0919409990310669
-0.32193002104759216 -0.049208734184503555 0.08931971341371536
-0.32262858748435974 -0.0483764186501503 0.0868404284119606
-0.3384150564670563 -0.02956273965537548 0.08373244851827621
-0.33707499504089355 -0.03115987405180931 0.08315788954496384
-0.3321264386177063 -0.037057649344205856 0.09345971047878265
-0.33781224489212036 -0.03028125874698162 0.07209427654743195
-0.33676621317863464 -0.031527888029813766 0.07323288172483444
-0.33142825961112976 -0.037889380007982254 0.06429983675479889
-0.32528412342071533 -0.04521169140934944 0.06771127134561539
-0.320077121257782 -0.05141715705394745 0.07487829774618149
-0.32436415553092957 -0.04630805179476738 0.06645791232585907
-0.3317447304725647 -0.03751223161816597 0.06676732748746872
-0.32136398553848267 -0.04988351836800575 0.0758582279086113
-0.3547802269458771 0.04016038402915001 0.06453198194503784
-0.35486143827438354 0.040709320455789566 0.09358030557632446
-0.35816845297813416 0.04946943745017052 0.065922811627388
-0.35554587841033936 0.050318118184804916 0.09257166087627411
-0.3593142628669739 0.05261421203613281 0.0898996889591217
-0.3608248233795166 0.05676786229014397 0.0763254165649414
-0.35072392225265503 0.029015589505434036 0.07985463738441467
-0.35183319449424744 0.03206393122673035 0.0884915292263031
-0.3516617715358734 0.03159244358539581 0.06995213776826859
-0.325998455286026 0.04852096363902092 0.09326767176389694
-0.348056823015213 0.03538981080055237 0.09334556013345718
-0.3361213505268097 0.03449689596891403 0.09332773089408875
-0.3294034004211426 0.04005863517522812 0.0882907584309578
-0.34132978320121765 0.033446233719587326 0.08493328839540482
-0.33508428931236267 0.061368074268102646 0.09304459393024445
-0.3506474196910858 0.05941254273056984 0.0933288112282753
-0.33820635080337524 0.062250033020973206 0.08746274560689926
-0.34959080815315247 0.05962478369474411 0.08413027971982956
0.1978081911802292 0.10332588106393814 -0.01136899832636118
0.22219206392765045 0.09895430505275726 -0.012430493719875813
0.18931934237480164 0.10667101293802261 -0.014275245368480682
0.17951901257038116 0.11015130579471588 -0.012929543852806091
0.1756540834903717 0.11957652866840363 -0.013244356028735638
0.1710745245218277 0.10964415222406387 -0.010847697034478188
0.17522171139717102 0.11814403533935547 -0.02169880084693432
0.17587751150131226 0.09392552077770233 -0.01385356206446886
0.1717090755701065 0.09117557853460312 -0.017680881544947624
0.20950083434581757 0.1868327409029007 0.06129329279065132
0.2085501104593277 0.18357102572917938 0.056367576122283936
0.1554069221019745 0.21685606241226196 0.05766184628009796
0.15083986520767212 0.2228657454252243 0.06525814533233643
0.1606529802083969 0.21141494810581207 0.06377711147069931
0.2734743654727936 -0.09917618334293365 -0.014836442656815052
0.28048133850097656 -0.10335720330476761 -0.015709850937128067
0.28978145122528076 -0.10204561799764633 -0.013269644230604172
0.295810341835022 -0.0846853107213974 -0.0043304176069796085
0.2836526930332184 -0.09066185355186462 -0.007606294006109238
0.286077618598938 -0.09515263140201569 -0.003791151801124215
0.2646808624267578 -0.07775600254535675 -0.007254434749484062
0.26577839255332947 -0.08959802240133286 -0.012694149278104305
0.27728182077407837 -0.08783206343650818 -0.02143312431871891
0.27159708738327026 -0.08285659551620483 -0.015448231250047684
0.29532894492149353 -0.06824173033237457 -0.009840116836130619
0.2524113357067108 0.13511861860752106 -0.004329369403421879
0.25572288036346436 0.140910342335701 -0.007015699986368418
0.25601518154144287 0.06082402542233467 -0.02490554004907608
0.2788107991218567 0.050433941185474396 -0.025517215952277184
0.28411224484443665 0.03826853632926941 -0.024853629991412163
0.2617817521095276 0.0246129147708416 -0.036181528121232986
0.2572818696498871 0.023169714957475662 -0.03178893029689789
0.2566361725330353 0.026314646005630493 -0.026301216334104538
0.26883894205093384 0.03196379169821739 -0.029577385634183884
0.18014457821846008 0.10303415358066559 -0.012787209823727608
0.23635581135749817 0.08980844169855118 -0.015512380748987198
0.18813544511795044 0.1027088537812233 -0.010854584164917469
0.1966547667980194 0.10180874913930893 -0.017001429572701454
0.20145650207996368 0.13925479352474213 -0.0008403314859606326
0.21264506876468658 0.1357821673154831 -0.009263589046895504
0.20513933897018433 0.1410263627767563 -0.008996184915304184
-0.26913443207740784 0.11118799448013306 0.06723126024007797
-0.26591670513153076 0.10234737396240234 0.06694214791059494
-0.2630673050880432 0.09451870620250702 0.07543245702981949
-0.2711673378944397 0.11677342653274536 0.07271923124790192
-0.27174049615859985 0.11834815889596939 0.08095520734786987
-0.2702634334564209 0.11428998410701752 0.08852049708366394
-0.2677190899848938 0.10729943960905075 0.09169535338878632
-0.26429399847984314 0.09788905829191208 0.08827928453683853
-0.2741037905216217 -0.008195441216230392 0.07239413261413574
-0.2802313566207886 -0.0008928583119995892 0.06572996824979782
-0.288099467754364 0.008483964018523693 0.07201585918664932
-0.2890312969684601 0.009594513103365898 0.08186955749988556
-0.28600987792015076 0.005993710830807686 0.08920074254274368
-0.2781318724155426 -0.0033949611242860556 0.09146109968423843
-0.27292516827583313 -0.009600050747394562 0.08121227473020554
-0.3326086401939392 0.066958487033844 0.07481291890144348
-0.32880884408950806 0.056518666446208954 0.0644759014248848
-0.3310602903366089 0.06270328164100647 0.09026467800140381
-0.3227558135986328 0.03989021107554436 0.08469410985708237
-0.32494327425956726 0.04589809849858284 0.06629382073879242
-0.3229161500930786 0.040328655391931534 0.07327090948820114
0.28489065170288086 -0.08759474009275436 -0.01836138404905796
0.29377782344818115 -0.08912857621908188 -0.010229082778096199
0.2937639057636261 -0.09550174325704575 -0.012357447296380997
0.2888813316822052 -0.0775262713432312 -0.021506261080503464
0.28340548276901245 -0.08579849451780319 -0.004193716682493687
0.28648585081100464 -0.08683013170957565 -0.0004545587580651045
0.2884741425514221 -0.08143502473831177 0.00026552146300673485
0.2937816083431244 -0.083308644592762 -0.010146822780370712
0.26795846223831177 -0.07301773130893707 -0.004407109692692757
0.2730965316295624 -0.07563195377588272 -0.004638220649212599
0.27421456575393677 -0.07281416654586792 -0.022919097915291786
0.2815169394016266 -0.07638655602931976 -0.023617541417479515
0.26650023460388184 -0.0037550656124949455 -0.015866268426179886
0.25785499811172485 0.12160030007362366 -0.009774251841008663
0.26229533553123474 0.10872373729944229 -0.005582917481660843
0.2630399167537689 0.11394207179546356 -0.007334149908274412
0.25213468074798584 0.05711551383137703 -0.02202068641781807
0.2902366816997528 0.03406524285674095 -0.020895540714263916
0.28842225670814514 0.04137088730931282 -0.015804802998900414
0.27907678484916687 0.03134304657578468 -0.020499954000115395
0.19772619009017944 0.0909779742360115 -0.006452247966080904
0.20208828151226044 0.09535343945026398 -0.007547034416347742
0.18665580451488495 0.09898039698600769 -0.0049319579266011715
0.2199430763721466 0.09418035298585892 -0.010743414051830769
0.23730522394180298 0.0950561910867691 -0.016109364107251167
0.23499470949172974 0.08338847011327744 -0.0064476607367396355
0.21095873415470123 0.12335311621427536 0.0006924972985871136
0.22450973093509674 0.1094837635755539 -0.0029047266580164433
0.2928592562675476 -0.07294610887765884 -0.01921921595931053
0.2896057367324829 -0.07428694516420364 -0.0011822503292933106
0.2766626477241516 -0.07905708998441696 -0.00919223204255104
0.2684863209724426 -0.0667523518204689 -0.016684703528881073
0.2743264436721802 -0.06037996709346771 -0.006044846959412098
0.2923019528388977 -0.06737516075372696 -0.01164106372743845
0.2681642472743988 -0.001732011791318655 -0.01841135509312153
0.2571638822555542 -0.0007526358822360635 -0.02647455781698227
0.2545506954193115 0.0004745853948406875 -0.0240628719329834
0.2693379819393158 -0.005095444619655609 -0.020980754867196083
0.26544126868247986 0.0968669056892395 -0.01059271115809679
0.26256296038627625 0.09169989824295044 -0.006160234101116657
0.24412478506565094 0.08501072227954865 -0.00912455189973116
0.25678402185440063 0.07015751302242279 -0.006412955932319164
0.25649940967559814 0.07714316993951797 -0.012979834340512753
0.24360185861587524 0.07310914248228073 -0.00883117038756609
0.25185808539390564 0.06484369188547134 -0.017186418175697327
0.25458192825317383 0.058442313224077225 -0.009193863719701767
0.23871098458766937 0.08492505550384521 -0.018711386248469353
0.23773311078548431 0.07851210236549377 -0.017537562176585197
0.26313406229019165 0.05758855864405632 -0.01774734817445278
0.2525038719177246 0.07975205779075623 -0.01599961705505848
0.2638292610645294 0.06383965164422989 -0.009399613365530968
0.2639165222644806 0.04567544534802437 -0.0235580001026392
0.2587793171405792 0.045839063823223114 -0.02239152230322361
0.28811952471733093 0.02068118192255497 -0.01181578915566206
0.2800499498844147 0.024418437853455544 -0.015191317535936832
0.2678060531616211 0.026441708207130432 -0.021321840584278107
0.23590049147605896 0.08983483165502548 -0.013225914910435677
0.2405194640159607 0.0919705331325531 -0.011579724960029125
0.22760659456253052 0.09410776942968369 -0.011602739803493023
0.2355741411447525 0.07680971920490265 -0.010897642001509666
0.255154013633728 0.08466901630163193 -0.013205190189182758
0.2665141522884369 0.07090379297733307 -0.016150418668985367
0.2575282156467438 0.07976625114679337 -0.017418935894966125
0.2680809199810028 0.06385932862758636 -0.012124685570597649
0.19605611264705658 0.09751535952091217 -0.016464555636048317
0.20197303593158722 0.08976738899946213 -0.01868169568479061
0.1884596347808838 0.08959963172674179 -0.007891549728810787
0.22084759175777435 0.08638818562030792 -0.006192828994244337
0.1955309361219406 0.08673028647899628 -0.013729425147175789
0.2247655689716339 0.0804762914776802 -0.010676649399101734
0.18887721002101898 0.10076098144054413 -0.010810908861458302
0.22336174547672272 0.09291631728410721 -0.012500329874455929
0.2299685776233673 0.07877115160226822 -0.012715618126094341
0.22607684135437012 0.09646376967430115 -0.0006809853948652744
0.28456827998161316 -0.0426359549164772 -0.021938400343060493
0.2853313386440277 -0.04245275631546974 -0.010616224259138107
0.2870972752571106 -0.06261923909187317 -0.009650325402617455
0.27642956376075745 -0.061821624636650085 -0.01071445643901825
0.2897501289844513 -0.06697621196508408 -0.005679524037986994
0.2895773947238922 -0.06039575859904289 -0.006159507669508457
0.27071908116340637 0.04826423525810242 -0.011297092773020267
0.26568570733070374 0.058839183300733566 -0.01591116562485695
0.25730979442596436 0.05155777558684349 -0.015443547628819942
0.26197943091392517 0.047241076827049255 -0.006177928298711777
0.2726242244243622 0.04517706111073494 -0.018150759860873222
0.2635515630245209 0.03626330569386482 -0.01698252372443676
0.266637921333313 0.037613023072481155 -0.017579061910510063
0.269378125667572 0.05053049698472023 -0.01289017591625452
0.2715337872505188 0.03748786449432373 -0.01472537126392126
0.27536237239837646 0.023459456861019135 -0.012630512937903404
0.2906791567802429 0.00667503010481596 -0.021826021373271942
0.29278555512428284 0.01471193041652441 -0.016836635768413544
0.2818116843700409 0.0047612423077225685 -0.019663887098431587
0.2657967507839203 0.007779264822602272 -0.02461359277367592
0.2787558436393738 0.011387896724045277 -0.026269378140568733
0.26694294810295105 0.007304316386580467 -0.01861298643052578
0.26504307985305786 0.0210777185857296 -0.01938069611787796
0.2725830674171448 0.006719518918544054 -0.029184876009821892
0.27768564224243164 0.01365305483341217 -0.01842532865703106
0.2730790674686432 0.011775360442698002 -0.015560135245323181
0.27797701954841614 0.03468715399503708 -0.01560757216066122
0.23116151988506317 0.0903434231877327 -0.010074188932776451
0.22453394532203674 0.08161435276269913 -0.0021809220779687166
0.22808729112148285 0.08262772858142853 -0.0004411722475197166
0.2867538034915924 -0.061185527592897415 -0.003662185277789831
0.2636236548423767 -0.04250803589820862 -0.01273532584309578
0.27241677045822144 -0.04251490905880928 -0.021015409380197525
0.2901325821876526 -0.042526084929704666 -0.021944871172308922
0.29405441880226135 -0.04252871498465538 -0.015214244835078716
0.2907780110836029 -0.04250906780362129 -0.010015546344220638
0.28497567772865295 -0.04248916730284691 -0.009220966137945652
0.2873265743255615 -0.04254986345767975 -0.004126542713493109
0.26912638545036316 -0.010519247502088547 -0.017684483900666237
0.26164379715919495 0.031825993210077286 -0.00873622763901949
0.2707941234111786 0.028671951964497566 -0.005538185592740774
0.2762991786003113 0.03720711171627045 -0.01294915284961462
0.2808474898338318 0.00013550369476433843 -0.015351001173257828
0.2921246588230133 -0.008533498272299767 -0.011817455291748047
0.2762626111507416 -0.009961643256247044 -0.011789591051638126
0.2680703103542328 -0.04246635362505913 -0.004710338078439236
0.2709856927394867 -0.042510438710451126 -0.0010898177279159427
0.28058114647865295 -0.04241938516497612 -0.00903308391571045
0.2833772301673889 -0.04910258576273918 -0.006606670096516609
0.2832106947898865 -0.05760616436600685 -0.01184406690299511
0.27823683619499207 -0.04251883551478386 -0.0014507685555145144
0.27172788977622986 -0.042514096945524216 -0.016461417078971863
0.27959564328193665 -0.0425189733505249 -0.025001682341098785
0.2702553868293762 0.04274250939488411 -0.00828512478619814
0.2727307379245758 0.029524104669690132 -0.014789092354476452
0.27461060881614685 0.0162658728659153 -0.008847675286233425
0.2620270550251007 0.026600362733006477 -0.01355049479752779
0.29044198989868164 -0.017526157200336456 -0.021662436425685883
0.29151424765586853 -0.01752571202814579 -0.011203721165657043
0.2941098213195801 -0.01752649061381817 -0.01690855249762535
0.28466692566871643 -0.017529530450701714 -0.02152974158525467
0.2863602936267853 -0.017529206350445747 -0.010037641040980816
0.2832001745700836 -0.01756545528769493 -0.011767984367907047
0.2804170548915863 -0.017517443746328354 -0.02496340684592724
0.2735765278339386 -0.01749255694448948 -0.023782681673765182
0.26364797353744507 -0.002410324290394783 -0.011670837178826332
0.2710447907447815 -0.017464736476540565 -0.0039600650779902935
0.2649238109588623 0.001154302037321031 -0.006785344798117876
0.24394862353801727 -0.034066636115312576 -0.011464999057352543
0.2433014214038849 -0.02905227802693844 -0.003540321020409465
0.24875354766845703 -0.022630475461483 -0.011615149676799774
0.2520925998687744 -0.036575205624103546 -0.011396476067602634
0.25704431533813477 -0.03048933669924736 -0.011466659605503082
0.25486671924591064 -0.03544098511338234 -0.003400950226932764
0.24306339025497437 -0.038492701947689056 0.0030053439550101757
0.24504971504211426 -0.039270445704460144 0.005500924773514271
0.2395932674407959 -0.02759999968111515 0.004184331279247999
0.24711863696575165 -0.025624733418226242 0.0029993390198796988
0.2545374929904938 -0.030890194699168205 0.0041730222292244434
0.2525842487812042 -0.026041844859719276 0.005502058658748865
0.24856291711330414 -0.034525029361248016 0.0029984789434820414
0.2475888431072235 -0.034085795283317566 0.00550532341003418
0.246186763048172 -0.027636708691716194 0.005496352910995483
0.2701691687107086 -0.017536388710141182 -0.0176742821931839
0.2645917236804962 -0.01752036064863205 -0.012912550941109657
0.2807178795337677 -0.017147239297628403 -0.009004521183669567
0.27457135915756226 -0.01752411760389805 -0.005977564956992865
0.2840207517147064 -0.017522139474749565 -0.005253491457551718
0.2559301555156708 -0.026760993525385857 -0.003524685511365533
0.2458980828523636 -0.035480715334415436 -0.0034359304700046778
0.24903608858585358 -0.023028075695037842 -0.0036060905549675226
0.25950679183006287 -0.017649048939347267 0.005499992053955793
0.25950658321380615 -0.02000618912279606 0.0018888888880610466
0.24571532011032104 -0.02043534256517887 0.004448924213647842
0.25949349999427795 -0.040006183087825775 0.0020000000949949026
0.2594921886920929 -0.04212156683206558 0.0055000740103423595
0.2872307598590851 -0.017524229362607002 0.005133458413183689
0.2930540442466736 -0.042528025805950165 0.0027919753920286894
0.26432621479034424 -0.042509328573942184 -0.029057858511805534
0.30119258165359497 -0.04253334179520607 -0.01035798154771328
0.2596392035484314 -0.04250628128647804 -0.01848330721259117
0.30053403973579407 -0.04253289848566055 -0.0224000196903944
0.29069361090660095 -0.0425264909863472 -0.03398575633764267
0.2761351764202118 -0.04251701384782791 -0.03586031123995781
0.25971293449401855 -0.017506320029497147 -0.01944096013903618
0.2647293210029602 -0.0175095833837986 -0.029180845245718956
0.27593567967414856 -0.017516877502202988 -0.03599383682012558
0.2909577488899231 -0.0175266545265913 -0.03370184451341629
0.30146557092666626 -0.017533494159579277 -0.020627614110708237
0.29845982789993286 -0.017531538382172585 -0.003072231076657772
0.26576071977615356 -0.01751025579869747 -0.00031192501774057746
0.25973594188690186 -0.017503563314676285 -0.002752387197688222
0.25936809182167053 -0.017581339925527573 -0.00929989293217659
0.24023564159870148 -0.029989557340741158 -0.0035409757401794195
0.2437024861574173 -0.022893577814102173 -0.002860462060198188
0.2497553825378418 -0.03986325114965439 -0.0033670442644506693
0.2588014602661133 -0.03311966732144356 -0.0034217953216284513
0.25668758153915405 -0.022818617522716522 -0.0035881109070032835
0.23987343907356262 -0.031480636447668076 -0.0015081637538969517
0.24938920140266418 -0.04027792066335678 -0.001496836426667869
0.2414463609457016 -0.03760629519820213 0.0010003134375438094
0.24370771646499634 -0.021173443645238876 0.001002422533929348
0.2452913373708725 -0.0205463245511055 -0.001497055753134191
0.25949347019195557 -0.040006183087825775 -0.001500000013038516
0.25086352229118347 -0.0206136554479599 -0.0016402592882514
0.25966382026672363 -0.02901763841509819 -0.0014922645641490817
0.2487488090991974 -0.025350483134388924 0.0009951954707503319
0.2547074854373932 -0.030415451154112816 0.0010003072675317526
0.2468029111623764 -0.03391456976532936 0.0010043876245617867
0.25248652696609497 -0.026428746059536934 -0.0028998246416449547
0.24597014486789703 -0.027650004252791405 -0.0015232372097671032
0.24810640513896942 -0.026230433955788612 -0.0031164437532424927
0.2500307559967041 -0.03455723822116852 -0.003437356324866414
0.25424298644065857 -0.030387165024876595 -0.0034777855034917593
0.24569417536258698 -0.03008580021560192 -0.0035205932799726725
0.18450671434402466 0.0945797935128212 -0.016292737796902657
0.1734333038330078 0.10746904462575912 -0.01229158602654934
0.17371131479740143 0.10900023579597473 -0.006822179537266493
0.17168529331684113 0.11178165674209595 -0.020809341222047806
0.1767471730709076 0.1160372644662857 -0.010165829211473465
0.16485337913036346 0.09769978374242783 -0.011776917614042759
0.16350050270557404 0.09286646544933319 -0.00861129816621542
0.15841808915138245 0.215270534157753 0.07158663868904114
0.14832794666290283 0.19127574563026428 0.07025431096553802
-0.2681272029876709 0.1084207221865654 0.0731876790523529
-0.2658291459083557 0.10210639983415604 0.07444137334823608
-0.2691488564014435 0.11122772097587585 0.08257807046175003
-0.26953548192977905 0.1122957095503807 0.07791231572628021
-0.2654852867126465 0.1012192890048027 0.08081351965665817
-0.2670438587665558 0.10544496029615402 0.0851663127541542
-0.28459519147872925 0.004318086430430412 0.08119948953390121
-0.28391513228416443 0.00350022641941905 0.07431536167860031
-0.2809905707836151 1.1980362614849582e-05 0.08554883301258087
-0.27703049778938293 -0.004707392770797014 0.08018612861633301
-0.2794002890586853 -0.0018832737114280462 0.07315356284379959
-0.33193784952163696 0.06511549651622772 0.07536467909812927
-0.3306456208229065 0.061565201729536057 0.08811654895544052
-0.327253133058548 0.052244361490011215 0.09181968867778778
-0.32856065034866333 0.05583673343062401 0.06645342707633972
-0.32345739006996155 0.0418156273663044 0.07428547739982605
-0.3255023658275604 0.04743413254618645 0.06778884679079056
-0.32375258207321167 0.04262668639421463 0.08588205277919769
0.17284360527992249 0.1022963896393776 -0.010739406570792198
0.1700095385313034 0.09542450308799744 -0.010015919804573059
0.18043184280395508 0.09699402749538422 -0.0017079527024179697
0.16620030999183655 0.10665221512317657 -0.0032947417348623276
0.15620552003383636 0.12486525624990463 0.00030544595210812986
0.15798373520374298 0.11305136233568192 -0.009000624530017376
0.15931640565395355 0.11901259422302246 -0.0120362164452672
0.1604350358247757 0.12183012813329697 0.0031706520821899176
0.16059567034244537 0.0967579036951065 -0.002184187062084675
0.1175808310508728 0.11258681118488312 0.0850115641951561
0.10638505965471268 0.11836770176887512 0.10688699036836624
0.10206643491983414 0.11433161050081253 0.1150154322385788
0.09968233108520508 0.12718483805656433 0.10722745209932327
0.11440914869308472 0.12635281682014465 0.08078005164861679
0.11646474152803421 0.12268766015768051 0.07585179060697556
0.10425808280706406 0.11980729550123215 0.11603756994009018
0.12207265943288803 0.11903353780508041 0.08459731936454773
0.11628629267215729 0.12325207889080048 0.10291620343923569
0.1127241924405098 0.12920011579990387 0.08866824209690094
0.12642626464366913 0.1261257827281952 0.08254040777683258
0.12248077988624573 0.12941186130046844 0.08742902427911758
0.0988551452755928 0.12021365016698837 0.09740708768367767
0.11316317319869995 0.1195274367928505 0.07563165575265884
0.1101241260766983 0.11596861481666565 0.0819963663816452
0.09564250707626343 0.1256033331155777 0.1036178469657898
0.2052818387746811 0.1606357842683792 0.06293448060750961
0.14999163150787354 0.20417915284633636 0.07351288199424744
0.15489070117473602 0.205576092004776 0.07521321624517441
0.15958227217197418 0.1823311150074005 0.07427376508712769
0.15373273193836212 0.20258165895938873 0.06321006268262863
-0.23552003502845764 0.12146773934364319 0.08434446156024933
-0.18542945384979248 0.14106100797653198 0.08298409730195999
-0.22583328187465668 0.12215627729892731 0.07316937297582626
-0.21881231665611267 0.12042168527841568 0.08461460471153259
-0.22316104173660278 0.12781216204166412 0.07582318037748337
-0.21292516589164734 0.06524860113859177 0.07927147299051285
-0.25486499071121216 0.0931115671992302 0.07908260077238083
-0.2533557713031769 0.08896501362323761 0.0689963549375534
-0.2533237040042877 0.08887692540884018 0.08901450037956238
-0.24925526976585388 0.07769898325204849 0.09142650663852692
-0.24606968462467194 0.06894669681787491 0.08181596547365189
-0.24704360961914062 0.07162249833345413 0.07134227454662323
-0.2494765669107437 0.07830698788166046 0.06645342707633972
0.10040053725242615 0.11248254776000977 0.11098292469978333
0.10444745421409607 0.10988295823335648 0.10347196459770203
0.11826672405004501 0.10943901538848877 0.08231594413518906
0.1646941602230072 0.09479251503944397 2.678901728359051e-05
0.16971710324287415 0.10533147305250168 0.001471006777137518
0.1653323471546173 0.11267378181219101 -0.0031616922933608294
0.15197204053401947 0.12389738112688065 5.092765059089288e-05
0.15477968752384186 0.11264730244874954 0.0012388169998303056
0.10755664110183716 0.11183446645736694 0.09129910171031952
0.11418884247541428 0.1085783839225769 0.08493275940418243
0.10064689069986343 0.11158342659473419 0.10189709812402725
0.12416784465312958 0.11511415243148804 0.07972213625907898
0.12699347734451294 0.12193269282579422 0.08013405650854111
0.10983450710773468 0.13106794655323029 0.10261592268943787
0.135023295879364 0.1291092038154602 0.04127346724271774
0.21072039008140564 0.16059984266757965 0.060568567365407944
0.15726420283317566 0.19769906997680664 0.06396286189556122
0.16024108231067657 0.18233245611190796 0.06756574660539627
0.16830778121948242 0.09910421073436737 0.0051255072467029095
0.1556711196899414 0.10571587830781937 0.0009955046698451042
0.15791216492652893 0.10850709676742554 -0.0019149049185216427
0.1462375819683075 0.1161455512046814 0.006355578545480967
0.15544207394123077 0.11842746287584305 0.012552398256957531
0.14897334575653076 0.09906771779060364 0.0021437506657093763
0.1452389359474182 0.0989822968840599 0.014080383814871311
0.14595629274845123 0.1045585572719574 0.010827125050127506
0.13170024752616882 0.11331957578659058 0.03693799674510956
0.11081720888614655 0.11291626840829849 0.08673842251300812
0.13190078735351562 0.10859882086515427 0.036909718066453934
0.14914366602897644 0.18230974674224854 0.06748870760202408
0.15316811203956604 0.10080921649932861 0.018098633736371994
0.15600211918354034 0.10606185346841812 0.01831437461078167
0.14012886583805084 0.11609773337841034 0.022909972816705704
0.14294250309467316 0.12053463608026505 0.010078899562358856
0.14762087166309357 0.12321744114160538 0.027416177093982697
0.1490701586008072 0.11427243798971176 0.015327638946473598
0.15344414114952087 0.11092400550842285 0.010203422047197819
0.14543932676315308 0.11226095259189606 0.011539771221578121
0.1432708203792572 0.11067736893892288 0.017372559756040573
0.13190148770809174 0.10397942364215851 0.03741472586989403
0.1400696337223053 0.10566336661577225 0.04003097116947174
0.1319764107465744 0.12494871020317078 0.035428572446107864
0.1347162276506424 0.11965268850326538 0.02855888567864895
0.1323878914117813 0.11720693856477737 0.04114413633942604
0.1497037410736084 0.18232540786266327 0.07420804351568222
0.15254096686840057 0.18231135606765747 0.06395582854747772
0.1396849900484085 0.1260470449924469 0.021196771413087845
0.14410775899887085 0.11918312311172485 0.03473775088787079
0.15055875480175018 0.11139047145843506 0.02334536612033844
0.13929079473018646 0.10347538441419601 0.030560117214918137
0.14611373841762543 0.10570015758275986 0.03269974887371063
0.13969995081424713 0.10462801903486252 0.03691830113530159
0.1372320055961609 0.11764443665742874 0.04522503912448883
0.2060958743095398 0.16059991717338562 0.057372018694877625
0.21848852932453156 0.10550137609243393 0.08581691235303879
0.21302706003189087 0.1055021584033966 0.09508787095546722
0.21778112649917603 0.0991366058588028 0.09390934556722641
0.2094036042690277 0.10550004243850708 0.08554917573928833
0.20785780251026154 0.09950464218854904 0.09122674912214279
0.20941540598869324 0.09928625822067261 0.0844075158238411
0.12005162984132767 0.10549981892108917 0.09283416718244553
0.12541091442108154 0.09949926286935806 0.09402347356081009
0.12778706848621368 0.10550078749656677 0.09293945878744125
0.1269339770078659 0.10549972951412201 0.08429104089736938
0.12981955707073212 0.09950515627861023 0.0866054818034172
0.1191173568367958 0.10550104826688766 0.08625823259353638
0.1184256374835968 0.09923658519983292 0.09233708679676056
0.2452625036239624 0.10550091415643692 0.040017880499362946
0.24101516604423523 0.1055012047290802 0.046086911112070084
0.2429957538843155 0.0995095744729042 0.046392329037189484
0.23457026481628418 0.105499267578125 0.043062079697847366
0.23793521523475647 0.10550141334533691 0.035864632576704025
0.2437630146741867 0.09949983656406403 0.03724290430545807
0.2360207587480545 0.09950036555528641 0.0369429774582386
0.15026885271072388 0.10549923032522202 0.03894565999507904
0.14418791234493256 0.10549961775541306 0.04326361417770386
0.21116000413894653 0.16060000658035278 0.04779532179236412
0.2198539674282074 0.16060000658035278 0.05530940741300583
0.1943584680557251 0.16060000658035278 0.06060235574841499
0.20984652638435364 0.16060000658035278 0.07279160618782043
0.20058704912662506 0.16060000658035278 0.07066775858402252
0.20098938047885895 0.16060000658035278 0.04902006313204765
0.21845272183418274 0.16060000658035278 0.06698054820299149
0.15963928401470184 0.18231076002120972 0.057329967617988586
0.15095461905002594 0.18231076002120972 0.056548986583948135
0.1542835235595703 0.18231076002120972 0.08181370794773102
0.16597887873649597 0.18231076002120972 0.07583574950695038
0.16598208248615265 0.18231076002120972 0.0628437027335167
0.14198000729084015 0.18231076002120972 0.07098550349473953
0.14612698554992676 0.18231076002120972 0.0782875120639801
0.14373056590557098 0.18231076002120972 0.06245677173137665
0.21839335560798645 0.0994991734623909 0.08604779094457626
0.1192932203412056 0.09950318932533264 0.0845646858215332
0.23481385409832 0.09951164573431015 0.04543021321296692
0.14851044118404388 0.09952006489038467 0.03263996168971062
0.13876548409461975 0.09951640665531158 0.034467004239559174
0.1505395472049713 0.09917320311069489 0.04103856906294823
0.13923490047454834 0.09950484335422516 0.04107275605201721
0.1454993039369583 0.09871557354927063 0.044920414686203
0.1981472671031952 0.10050000995397568 0.06922273337841034
0.21017587184906006 0.10050000995397568 0.07271836698055267
0.21840116381645203 0.10050000995397568 0.06699438393115997
0.21976196765899658 0.10050000995397568 0.05462745577096939
0.20895487070083618 0.10050000995397568 0.047285839915275574
0.19866080582141876 0.10050000995397568 0.050806887447834015
0.19502674043178558 0.10050000995397568 0.059076424688100815
0.1456087827682495 0.10050000995397568 0.07851747423410416
0.15778441727161407 0.10050000995397568 0.08141548931598663
0.16712328791618347 0.10050000995397568 0.07312856614589691
0.165048748254776 0.10050000995397568 0.06149536743760109
0.15502597391605377 0.10050000995397568 0.05581309273838997
0.14587146043777466 0.10050000995397568 0.0598396360874176
0.1419679969549179 0.10050000995397568 0.06693598628044128
0.1496313214302063 0.09801221638917923 0.05161034315824509
0.17166253924369812 0.09803078323602676 0.04212671145796776
0.1713484674692154 0.09801334887742996 0.051121219992637634
0.21278344094753265 0.09830393642187119 0.09627755731344223
0.22094832360744476 0.09848286211490631 0.08815553784370422
0.21566402912139893 0.09866229444742203 0.08169273287057877
0.12554515898227692 0.09865567088127136 0.09620080888271332
0.12765240669250488 0.09840281307697296 0.08248864859342575
0.24694471061229706 0.09879206120967865 0.04039629176259041
0.24255488812923431 0.09883921593427658 0.03406848385930061
0.233851820230484 0.0987592339515686 0.0364399291574955
0.19712771475315094 0.09803637862205505 0.040702637284994125
0.21742963790893555 0.09805001318454742 0.03240600600838661
0.19744178652763367 0.09802858531475067 0.03170813247561455
0.21711555123329163 0.09802000969648361 0.04140063747763634
0.22195486724376678 0.10050006955862045 0.05007382482290268
0.2239176332950592 0.10049924999475479 0.06572236120700836
0.20396023988723755 0.10050205141305923 0.042869992554187775
0.19082219898700714 0.10050003230571747 0.05558643862605095
0.2108117789030075 0.10050058364868164 0.07767730206251144
0.19422774016857147 0.10050036758184433 0.07081581652164459
0.16849474608898163 0.10050106048583984 0.057781606912612915
0.1642226278781891 0.10049991309642792 0.08335582911968231
0.17131610214710236 0.10050015896558762 0.07273624837398529
0.15163679420948029 0.1005001813173294 0.08584894984960556
0.14134396612644196 0.1004999652504921 0.07974091917276382
0.15123607218265533 0.1004997119307518 0.05178767815232277
0.13742074370384216 0.10049904882907867 0.06394470483064651
0.20621532201766968 0.09799794852733612 0.09066358953714371
0.11761833727359772 0.09798049181699753 0.08418246358633041
0.13058671355247498 0.09800310432910919 0.09201431274414062
0.2347973883152008 0.0979863777756691 0.04684339463710785
0.2454913705587387 0.09799062460660934 0.04580693319439888
0.13708578050136566 0.09799815714359283 0.03883630409836769
0.14346519112586975 0.09799673408269882 0.03050202503800392
0.15145519375801086 0.09799779951572418 0.03495728597044945
0.2222014218568802 0.09799845516681671 0.04995965585112572
0.21146848797798157 0.09799806028604507 0.07719976454973221
0.22329497337341309 0.09800004959106445 0.06709139049053192
0.20466066896915436 0.09800136089324951 0.043142110109329224
0.19334448873996735 0.09800028055906296 0.05079782381653786
0.19087405502796173 0.09800000488758087 0.0640220195055008
0.1977853924036026 0.09800063073635101 0.07383465766906738
0.1717156618833542 0.09799975156784058 0.07107279449701309
0.16703544557094574 0.09800170361995697 0.05616878345608711
0.1636178195476532 0.09800010919570923 0.08395522087812424
0.13722549378871918 0.0979996845126152 0.06729618459939957
0.144856795668602 0.09800209105014801 0.08380234986543655
0.12477750331163406 0.09800001233816147 0.0592525489628315
0.2465185523033142 0.09799906611442566 0.032997529953718185
0.1359119862318039 0.097999207675457 0.028390301391482353
0.1044401302933693 0.09800119698047638 0.09372163563966751
0.23299364745616913 0.09800073504447937 0.08830012381076813
0.09403150528669357 0.11538682878017426 0.10995697975158691
0.09681233763694763 0.1163998395204544 0.10203483700752258
0.09487835317850113 0.1300514042377472 0.11558958142995834
0.10322444885969162 0.12909479439258575 0.11868412792682648
-0.19726459681987762 0.12810681760311127 0.0749279111623764
-0.21153421700000763 0.12721605598926544 0.0858498364686966
-0.2191919982433319 0.04528539627790451 0.07582512497901917
-0.21145612001419067 0.0542980395257473 0.08469178527593613
-0.2134501188993454 0.05708673596382141 0.08565211296081543
-0.2334117740392685 0.04622931405901909 0.07533441483974457
-0.21866749227046967 0.052149176597595215 0.07329123467206955
-0.2024696171283722 0.05855342745780945 0.08193855732679367
-0.22580711543560028 0.051095087081193924 0.0842515155673027
-0.25093576312065125 0.08231612294912338 0.08164695650339127
-0.25146666169166565 0.08377470821142197 0.07800561934709549
-0.2503816783428192 0.08079381287097931 0.07610767334699631
-0.24944420158863068 0.07821810990571976 0.07992583513259888
0.08899874240159988 0.11800060421228409 0.12332224100828171
0.08491493761539459 0.11210158467292786 0.1274382621049881
0.07842304557561874 0.12316340208053589 0.11365994065999985
0.10142650455236435 0.12399525940418243 0.1219346895813942
0.07444814592599869 0.11903398483991623 0.1315397024154663
-0.0030165158677846193 0.13648007810115814 0.14681486785411835
-0.006579700857400894 0.13646472990512848 0.15210384130477905
-0.004056613426655531 0.1427009105682373 0.15657922625541687
-0.0017839049687609076 0.14270196855068207 0.14711269736289978
0.005727409850805998 0.14270257949829102 0.15400095283985138
0.006548484321683645 0.1364455223083496 0.1524399369955063
0.0004166610015090555 0.13669991493225098 0.15776243805885315
-0.19390951097011566 0.1258949339389801 0.08238622546195984
-0.20968694984912872 0.09576219320297241 0.07622155547142029
0.07737293094396591 0.11137046664953232 0.12484052777290344
0.0924699530005455 0.11622936278581619 0.11575331538915634
0.08823517709970474 0.11959157884120941 0.12132231891155243
0.07911530137062073 0.117832250893116 0.11537749320268631
0.07826951146125793 0.12676219642162323 0.11519330739974976
0.07384622097015381 0.1310761719942093 0.13225513696670532
0.089100681245327 0.1296052783727646 0.1289212554693222
0.08103703707456589 0.12835732102394104 0.12240651249885559
0.08445113152265549 0.12452448159456253 0.13340334594249725
0.07914982736110687 0.1202179491519928 0.13339945673942566
-0.20618464052677155 0.09861525893211365 0.082013338804245
-0.18869435787200928 0.10015067458152771 0.0810624435544014
-0.2015780657529831 0.10171592980623245 0.07867398113012314
-0.22691550850868225 0.08664549142122269 0.07825091481208801
0.07678980380296707 0.11268512159585953 0.11963579803705215
0.07354531437158585 0.11687835305929184 0.12335693091154099
0.08570005744695663 0.11542878299951553 0.12163988500833511
0.08265645056962967 0.11456409096717834 0.13063807785511017
0.08270379155874252 0.1135767251253128 0.12393265217542648
0.06682636588811874 0.1290232539176941 0.12442274391651154
0.07152831554412842 0.12667609751224518 0.13751472532749176
0.06345454603433609 0.12007912248373032 0.12951144576072693
0.05859057232737541 0.13007505238056183 0.1298028826713562
0.004996872041374445 0.13590751588344574 0.14675846695899963
-0.006010482553392649 0.1359986662864685 0.15675821900367737
0.003026849590241909 0.13624881207942963 0.15961068868637085
-0.1864570677280426 0.13779717683792114 0.07676684111356735
-0.18274329602718353 0.13300272822380066 0.08828923106193542
-0.16903138160705566 0.13282769918441772 0.08415684103965759
-0.18194253742694855 0.13880352675914764 0.08790399879217148
-0.16100594401359558 0.13678157329559326 0.08130934089422226
-0.17893576622009277 0.0920022577047348 0.07920553535223007
-0.18743117153644562 0.07425475120544434 0.07623710483312607
-0.18803849816322327 0.08510001748800278 0.08442552387714386
-0.18931232392787933 0.08046409487724304 0.07598879188299179
0.06595250219106674 0.11206278204917908 0.1280248910188675
0.061773207038640976 0.11267486214637756 0.13209734857082367
0.06463443487882614 0.11687096208333969 0.13603715598583221
0.067489854991436 0.1173938512802124 0.13305078446865082
0.05225406214594841 0.11797326803207397 0.12090242654085159
0.05603943392634392 0.12804213166236877 0.12082484364509583
0.05984273925423622 0.11789323389530182 0.1276346743106842
0.058733221143484116 0.127834290266037 0.12802505493164062
0.053934287279844284 0.12947356700897217 0.13777469098567963
-0.14633548259735107 0.14878422021865845 0.0946098119020462
-0.13767950236797333 0.111456960439682 0.08785180747509003
-0.17570403218269348 0.09170512109994888 0.08897519111633301
-0.17423173785209656 0.10881976783275604 0.0861818715929985
0.06289905309677124 0.11651632934808731 0.12754955887794495
0.05617641285061836 0.11255818605422974 0.13674047589302063
0.05823132395744324 0.11586882919073105 0.13163869082927704
0.056188758462667465 0.12320826202630997 0.11804768443107605
0.0543365478515625 0.12474436312913895 0.13954958319664001
0.05484754964709282 0.12033801525831223 0.13751663267612457
-0.0024474256206303835 0.1337698996067047 0.15007540583610535
0.0026366247329860926 0.13565903902053833 0.15020999312400818
0.002119368175044656 0.13525545597076416 0.15509499609470367
-0.0023032401222735643 0.1360040307044983 0.15511897206306458
-0.15441091358661652 0.14807145297527313 0.08583772927522659
-0.15518200397491455 0.14291276037693024 0.08153556287288666
-0.15421204268932343 0.13836391270160675 0.09331632405519485
-0.14933839440345764 0.14451861381530762 0.09631294757127762
-0.16310539841651917 0.09254821389913559 0.08899843692779541
-0.1509777158498764 0.10079013556241989 0.08927155286073685
-0.16711629927158356 0.09376158565282822 0.0904129147529602
-0.16261747479438782 0.0954979732632637 0.07931501418352127
-0.1835777312517166 0.10431048274040222 0.07846448570489883
0.054329827427864075 0.11600281298160553 0.12426828593015671
0.0550813265144825 0.1132974773645401 0.12362881749868393
-0.15438048541545868 0.10493345558643341 0.08098818361759186
-0.15961115062236786 0.10914898663759232 0.08844754844903946
-0.14766168594360352 0.11815262585878372 0.09141326695680618
-0.17075197398662567 0.11121203005313873 0.08228825777769089
0.052107974886894226 0.11426974087953568 0.12929455935955048
-0.14278069138526917 0.1419753134250641 0.09943990409374237
-0.13632087409496307 0.1500367522239685 0.09617725759744644
-0.14092107117176056 0.13733504712581635 0.09281942248344421
-0.1463097482919693 0.11565843969583511 0.09585033357143402
-0.1538439840078354 0.11312307417392731 0.08575386554002762
-0.0796765610575676 0.11232267320156097 0.1329408437013626
-0.05479806289076805 0.11215628683567047 0.13629944622516632
-0.07402044534683228 0.11557001620531082 0.13683775067329407
-0.09019946306943893 0.11863038688898087 0.12954674661159515
-0.0753028616309166 0.11734592169523239 0.13522139191627502
-0.06093357875943184 0.1165313646197319 0.13211075961589813
-0.08354715257883072 0.11618950217962265 0.12808868288993835
-0.06668795645236969 0.11329396814107895 0.1318894773721695
-0.0906112939119339 0.1133224293589592 0.1282016783952713
-0.05343262478709221 0.11401955038309097 0.12942403554916382
-0.07463258504867554 0.11107538640499115 0.12699225544929504
-0.09003446251153946 0.11584413796663284 0.12463999539613724
-0.07448577880859375 0.11277875304222107 0.12354813516139984
-0.09556533396244049 0.11749082803726196 0.1238652840256691
0.0031928285025060177 0.1317945122718811 0.1504994034767151
-0.0012689243303611875 0.13179732859134674 0.15568290650844574
-0.12475745379924774 0.14085067808628082 0.09631076455116272
-0.1328255534172058 0.14684481918811798 0.09199550002813339
-0.1410139501094818 0.11376214772462845 0.09774131327867508
-0.13478206098079681 0.11827558279037476 0.0877576619386673
-0.1357431709766388 0.12490115314722061 0.09104365855455399
-0.06652462482452393 0.12293490767478943 0.13917940855026245
-0.06445741653442383 0.12962880730628967 0.13784365355968475
-0.05986013635993004 0.1189761534333229 0.13475710153579712
-0.08054865896701813 0.11778607964515686 0.127234548330307
-0.07377777993679047 0.12028925120830536 0.12962359189987183
-0.092023104429245 0.12241663038730621 0.12765295803546906
-0.07806282490491867 0.12535066902637482 0.11851583421230316
-0.07559297233819962 0.12001821398735046 0.11895322054624557
-0.0897589772939682 0.12283625453710556 0.11626896262168884
-0.06583008915185928 0.1283050775527954 0.12790030241012573
-0.08293935656547546 0.12942369282245636 0.12479189783334732
-0.08844086527824402 0.1334761083126068 0.12596270442008972
-0.06722065061330795 0.13119177520275116 0.1323060542345047
-0.07215311378240585 0.11706052720546722 0.12314534932374954
-0.10278864949941635 0.12431343644857407 0.11048465967178345
-0.09593614935874939 0.13079451024532318 0.11606171727180481
-0.07395776361227036 0.1280125230550766 0.12072470784187317
-0.10771912336349487 0.12217133492231369 0.11130604147911072
-0.09688512980937958 0.13279515504837036 0.12000515311956406
-0.12841899693012238 0.1427014321088791 0.10891813039779663
-0.11722589284181595 0.14521647989749908 0.11362392455339432
-0.11772371828556061 0.14555202424526215 0.10399150103330612
-0.12040752917528152 0.1287325769662857 0.0965173989534378
-0.11596004664897919 0.12367331981658936 0.10078979283571243
-0.11255589127540588 0.13286864757537842 0.10520030558109283
-0.009500001557171345 0.11666365712881088 0.12485182285308838
-0.0035063314717262983 0.13329580426216125 0.15847408771514893
0.006856933236122131 0.13330361247062683 0.15685486793518066
0.006452357862144709 0.13508456945419312 0.1576290875673294
-0.006494530942291021 0.13435812294483185 0.1580047309398651
0.0009810383198782802 0.13412456214427948 0.1491493135690689
-0.003119956934824586 0.13511131703853607 0.15116824209690094
-0.0010194431524723768 0.13401274383068085 0.1558007150888443
0.009500005282461643 0.111666738986969 0.13588255643844604
0.009499987587332726 0.11827746033668518 0.13405144214630127
0.009499957785010338 0.13129612803459167 0.13552017509937286
-0.005249128211289644 0.13000886142253876 0.15957120060920715
0.006559512112289667 0.13107281923294067 0.15705238282680511
-0.0060573723167181015 0.1317928284406662 0.15850910544395447
0.00750014279037714 0.13255001604557037 0.14510010182857513
-0.007500017527490854 0.13265715539455414 0.14510010182857513
-0.009136363863945007 0.13510000705718994 0.14510010182857513
0.0033226716332137585 0.13420747220516205 0.1539921760559082
0.009192308411002159 0.13510000705718994 0.14510010182857513
-0.009499995037913322 0.11999447643756866 0.12978443503379822
-0.009499999694526196 0.11971435695886612 0.13716889917850494
-0.00950000248849392 0.12582561373710632 0.13958725333213806
-0.009499997831881046 0.13092471659183502 0.135940283536911
-0.009499996900558472 0.1283632218837738 0.12789328396320343
-0.00950000062584877 0.12856557965278625 0.1211913526058197
-0.00950000062584877 0.12088043987751007 0.11836270987987518
-0.009500003419816494 0.11734499037265778 0.12715201079845428
-0.00950001459568739 0.11576135456562042 0.13773034512996674
-0.009499999694526196 0.11176351457834244 0.1329805850982666
-0.009499996900558472 0.11679095029830933 0.13252021372318268
-0.009500001557171345 0.11181145906448364 0.1241503432393074
-0.00950000062584877 0.11253445595502853 0.12918893992900848
0.009500001557171345 0.1329280287027359 0.1193210557103157
-0.00950000062584877 0.13278745114803314 0.11924006044864655
0.009500004351139069 0.11130433529615402 0.1282287836074829
0.009500043466687202 0.1173514723777771 0.1271803379058838
0.009500003419816494 0.11316467076539993 0.12356863915920258
0.009500003419816494 0.11616877466440201 0.13709332048892975
0.009500006213784218 0.11388272792100906 0.13168151676654816
0.009499996900558472 0.12826493382453918 0.12807591259479523
0.009499999694526196 0.12861740589141846 0.1219388023018837
0.00950000062584877 0.1242494285106659 0.11828149855136871
0.009500001557171345 0.11761470884084702 0.12105361372232437
0.009500008076429367 0.11981511861085892 0.12993627786636353
0.009499997831881046 0.12372548878192902 0.13976112008094788
-0.00950000062584877 0.12192921340465546 0.11344804614782333
-0.00950000062584877 0.10485727339982986 0.1349075436592102
-0.00950000062584877 0.10439705103635788 0.1239001601934433
-0.00950000062584877 0.11262072622776031 0.11492064595222473
0.00950000062584877 0.12244870513677597 0.11359231919050217
0.00950000062584877 0.10375697910785675 0.1256907433271408
0.00950000062584877 0.11268094182014465 0.11473411321640015
0.2828912138938904 -0.13341867923736572 0.013355547562241554
0.27463528513908386 -0.13779844343662262 0.02292976900935173
0.2737780809402466 -0.12536819279193878 0.0206910353153944
0.2682558596134186 -0.12668684124946594 0.024778656661510468
0.20253713428974152 -0.2914421260356903 0.1148776262998581
0.22522753477096558 -0.30945122241973877 0.09423834085464478
0.21705637872219086 -0.30112287402153015 0.09110117703676224
0.2127731889486313 -0.28976884484291077 0.09799838066101074
0.2023872435092926 -0.30968475341796875 0.12202227115631104
0.21150097250938416 -0.31687191128730774 0.11667432636022568
0.20123353600502014 -0.28962230682373047 0.10421223193407059
0.274300754070282 -0.1321546584367752 0.031018784269690514
0.2766086757183075 -0.1340329498052597 0.03967895358800888
0.2864883244037628 -0.13774050772190094 0.04335252195596695
0.2723507583141327 -0.12901408970355988 0.03750959783792496
0.30729910731315613 -0.14418867230415344 0.03601156175136566
0.30070948600769043 -0.13938398659229279 0.049462780356407166
0.3044436275959015 -0.13493038713932037 0.03641026094555855
0.29832932353019714 -0.14299319684505463 0.02875194139778614
0.2956158220767975 -0.14601053297519684 0.03189660608768463
0.2921696603298187 -0.14799918234348297 0.038643572479486465
0.2857697010040283 -0.14027296006679535 0.026821255683898926
0.2821482717990875 -0.14380872249603271 0.029820986092090607
0.271320104598999 -0.14474549889564514 0.032581884413957596
0.26414167881011963 -0.13681592047214508 0.036344412714242935
0.26579901576042175 -0.14418138563632965 0.03420032188296318
0.2714519798755646 -0.1345939040184021 0.039381351321935654
0.26351404190063477 -0.13945278525352478 0.03460627421736717
0.26704803109169006 -0.13693355023860931 0.044376190751791
0.21797403693199158 -0.2930142879486084 0.09348355978727341
0.2736489176750183 -0.14628875255584717 0.06771203130483627
0.29558783769607544 -0.14201399683952332 0.04863838478922844
0.2716277241706848 -0.13881392776966095 0.051435764878988266
0.3017370104789734 -0.15172898769378662 0.04772621765732765
0.29574355483055115 -0.15044595301151276 0.04897463694214821
0.27932512760162354 -0.14787723124027252 0.0382315032184124
0.2745766341686249 -0.14331573247909546 0.035746075212955475
0.2628399729728699 -0.15826573967933655 0.08370674401521683
0.23689112067222595 -0.31188932061195374 0.11055908352136612
0.22763469815254211 -0.28247779607772827 0.11426139622926712
0.2334265112876892 -0.2851434051990509 0.12043407559394836
0.2437925487756729 -0.2992191016674042 0.09343241900205612
0.233523428440094 -0.30432790517807007 0.12187127768993378
0.23488518595695496 -0.29705896973609924 0.12388790398836136
0.234998881816864 -0.31223028898239136 0.10355261713266373
0.2223016917705536 -0.2832702696323395 0.10488495230674744
0.2763829827308655 -0.13719084858894348 0.05304606631398201
0.2727648615837097 -0.15250670909881592 0.08409128338098526
0.2689274847507477 -0.1508573442697525 0.08419576287269592
0.3049958348274231 -0.14990992844104767 0.06309501081705093
0.2989220917224884 -0.149799183011055 0.08599995821714401
0.2715856730937958 -0.16041292250156403 0.0756133645772934
0.31516367197036743 -0.19457100331783295 0.10740465670824051
0.31411880254745483 -0.20053304731845856 0.10739298909902573
0.3105141818523407 -0.1965942531824112 0.10756734758615494
0.24557238817214966 -0.3053025007247925 0.09913943707942963
0.2465945929288864 -0.30466437339782715 0.11714532971382141
0.25127774477005005 -0.2754508852958679 0.12189597636461258
0.24407969415187836 -0.2816567122936249 0.09392046928405762
0.24641625583171844 -0.19432497024536133 0.10753992944955826
0.2506166398525238 -0.19837544858455658 0.1072796881198883
0.2449677437543869 -0.19907471537590027 0.10747835785150528
0.27619585394859314 -0.14998437464237213 0.07386306673288345
0.28720012307167053 -0.15680885314941406 0.08898992836475372
0.28883472084999084 -0.15770795941352844 0.08233922719955444
0.2922815680503845 -0.14777754247188568 0.0650111734867096
0.27143630385398865 -0.1426086574792862 0.07470401376485825
0.27477002143859863 -0.14602281153202057 0.08024892956018448
0.29145151376724243 -0.16220460832118988 0.06611637026071548
0.28584229946136475 -0.1643151193857193 0.0797332301735878
0.277783066034317 -0.16736461222171783 0.0864972397685051
0.2830955684185028 -0.16465254127979279 0.07733066380023956
0.27444273233413696 -0.15935018658638 0.07888126373291016
0.26528671383857727 -0.15151003003120422 0.08131630718708038
0.2662278413772583 -0.16094668209552765 0.0778689980506897
0.29679226875305176 -0.1630554050207138 0.07390700280666351
0.2733290493488312 -0.2733754813671112 0.09263324737548828
0.2428540140390396 -0.2766905128955841 0.09788995236158371
0.2552067041397095 -0.3025447726249695 0.1060200035572052
0.24284690618515015 -0.27236729860305786 0.1058729812502861
0.2828235626220703 -0.15102845430374146 0.08171281963586807
0.30085599422454834 -0.15577709674835205 0.07311814278364182
0.29670602083206177 -0.159110426902771 0.0821637511253357
0.28002768754959106 -0.16637177765369415 0.08131822198629379
0.28976091742515564 -0.16974037885665894 0.07910965383052826
0.2677207887172699 -0.285727322101593 0.0952385663986206
0.26538535952568054 -0.2946034073829651 0.10286731272935867
0.25271186232566833 -0.2646239399909973 0.11281685531139374
0.269092857837677 -0.29163801670074463 0.11272374540567398
0.28308990597724915 -0.24685703217983246 0.09105643630027771
0.25469455122947693 -0.27969199419021606 0.09221019595861435
0.2634309232234955 -0.2881138026714325 0.12153683602809906
0.2748558819293976 -0.2676658630371094 0.12344010919332504
0.2752567529678345 -0.15959902107715607 0.08778970688581467
0.2884518504142761 -0.1586628407239914 0.08752139657735825
0.29026439785957336 -0.159337118268013 0.08515425771474838
0.2946055829524994 -0.16341473162174225 0.10173437744379044
0.291336327791214 -0.1507752239704132 0.0971025824546814
0.2646179795265198 -0.15927688777446747 0.09394675493240356
0.2944292426109314 -0.1759469360113144 0.08592570573091507
0.31698134541511536 -0.200560063123703 0.1120157316327095
0.31304705142974854 -0.19282463192939758 0.1120249554514885
0.30903133749961853 -0.19681914150714874 0.11201571673154831
0.27700719237327576 -0.28389817476272583 0.10440275818109512
0.2572191059589386 -0.25867748260498047 0.10244417190551758
0.2666131556034088 -0.2657798230648041 0.12341675162315369
0.26156535744667053 -0.25992798805236816 0.09567457437515259
0.24467286467552185 -0.19353076815605164 0.11201825737953186
0.2502099275588989 -0.1938474178314209 0.11201230436563492
0.25218087434768677 -0.1980290710926056 0.11201833188533783
0.24353735148906708 -0.19939307868480682 0.11202161759138107
0.2780930995941162 -0.16106487810611725 0.09694360941648483
0.2931861877441406 -0.16625304520130157 0.10179487615823746
0.29264190793037415 -0.16723066568374634 0.11746925860643387
0.2853732109069824 -0.15561002492904663 0.10340908169746399
0.2667502164840698 -0.16712014377117157 0.08730047941207886
0.27226823568344116 -0.16088399291038513 0.09698840975761414
0.27078530192375183 -0.1543787568807602 0.09842295944690704
0.29356086254119873 -0.15677577257156372 0.10813401639461517
0.28164318203926086 -0.16614346206188202 0.11152554303407669
0.28787732124328613 -0.1633439064025879 0.09707576781511307
0.2884627878665924 -0.17755573987960815 0.08750680834054947
0.29815220832824707 -0.17175377905368805 0.09206192940473557
0.29742231965065 -0.1763477474451065 0.08855078369379044
0.28560805320739746 -0.1619572788476944 0.11589917540550232
0.2841455936431885 -0.16746573150157928 0.10636270046234131
0.31017792224884033 -0.20150603353977203 0.11357132345438004
0.31504571437835693 -0.19203579425811768 0.11326383799314499
0.2840272784233093 -0.27278485894203186 0.10132433474063873
0.2819693088531494 -0.2692493498325348 0.11953224241733551
0.2823270261287689 -0.2768305838108063 0.1110064834356308
0.26407116651535034 -0.2560230791568756 0.1192668154835701
0.2743563950061798 -0.24980613589286804 0.09185566008090973
0.2479158341884613 -0.20274032652378082 0.11336032301187515
0.2727196216583252 -0.16850066184997559 0.11009760946035385
0.27258220314979553 -0.17115484178066254 0.10655495524406433
0.26790523529052734 -0.1642594188451767 0.10627254843711853
0.268777996301651 -0.17009596526622772 0.10611347109079361
0.28270888328552246 -0.1611587107181549 0.09942732751369476
0.27547311782836914 -0.1730407029390335 0.10387889295816422
0.272353857755661 -0.16738079488277435 0.0882834866642952
0.28592735528945923 -0.1694183051586151 0.08774960041046143
0.29474273324012756 -0.17207154631614685 0.09707567095756531
0.2930052578449249 -0.17222292721271515 0.11459243297576904
0.2923215329647064 -0.17073066532611847 0.10925419628620148
0.28584232926368713 -0.17533358931541443 0.10966944694519043
0.2903037369251251 -0.17514455318450928 0.11074045300483704
0.2793672978878021 -0.1729218065738678 0.11411149054765701
0.2797820568084717 -0.1700388640165329 0.1067657619714737
0.2780682146549225 -0.16412068903446198 0.10803693532943726
0.3085220456123352 -0.1950022578239441 0.11512728780508041
0.3189906179904938 -0.19647106528282166 0.11511781066656113
0.31408730149269104 -0.20273353159427643 0.11512190848588943
0.3137095272541046 -0.2042011022567749 0.12056653946638107
0.2655414342880249 -0.23920871317386627 0.10176459699869156
0.28887197375297546 -0.256655752658844 0.09639598429203033
0.27811750769615173 -0.23733335733413696 0.12256065756082535
0.2862555682659149 -0.25084275007247925 0.0930606797337532
0.2629421651363373 -0.24517659842967987 0.10691001266241074
0.2646033763885498 -0.24440261721611023 0.11312779039144516
0.2903454303741455 -0.263140469789505 0.11078391969203949
0.29452288150787354 -0.25057679414749146 0.10261189192533493
0.24256101250648499 -0.20005162060260773 0.11512401700019836
0.24467988312244415 -0.19255514442920685 0.11512358486652374
0.2522916793823242 -0.194551482796669 0.11512375622987747
0.25200265645980835 -0.20018619298934937 0.11512236297130585
0.2454889565706253 -0.20440669357776642 0.12067679315805435
0.28713497519493103 -0.17458750307559967 0.12223578989505768
0.27373412251472473 -0.17191658914089203 0.11306039243936539
0.2754671275615692 -0.17523078620433807 0.117634117603302
0.2776288688182831 -0.16852712631225586 0.10397844016551971
0.2627391815185547 -0.17369700968265533 0.09796954691410065
0.27459028363227844 -0.1719566434621811 0.10105298459529877
0.2674887776374817 -0.17613662779331207 0.09264238178730011
0.2742900252342224 -0.1740035116672516 0.09490489959716797
0.268616259098053 -0.16667389869689941 0.10212114453315735
0.2646270990371704 -0.17395567893981934 0.10318697243928909
0.2757875919342041 -0.17375075817108154 0.08729669451713562
0.28491708636283875 -0.1763106882572174 0.08638380467891693
0.2773713767528534 -0.1719939112663269 0.09241552650928497
0.28058743476867676 -0.17280569672584534 0.09018190205097198
0.2897878885269165 -0.1725309044122696 0.10106130689382553
0.287204772233963 -0.17367799580097198 0.10700879991054535
0.28815120458602905 -0.17715540528297424 0.0974452793598175
0.2929993271827698 -0.17584531009197235 0.10732682049274445
0.2961363196372986 -0.1759267896413803 0.11078296601772308
0.2784167230129242 -0.17926008999347687 0.09638979285955429
0.2849016785621643 -0.17875152826309204 0.09562128782272339
0.3159947097301483 -0.1937091052532196 0.12003211677074432
0.310337096452713 -0.19495540857315063 0.12002786248922348
0.26879462599754333 -0.1480189561843872 0.1365228146314621
0.2715431749820709 -0.13847501575946808 0.1365230530500412
0.25910481810569763 -0.14671210944652557 0.13652348518371582
0.2608470022678375 -0.13669021427631378 0.13652300834655762
0.25874069333076477 -0.13880711793899536 0.12852256000041962
0.26724544167518616 -0.13585644960403442 0.12852312624454498
0.2635234594345093 -0.1497393548488617 0.12852197885513306
0.27195873856544495 -0.14269812405109406 0.12852329015731812
0.29062387347221375 -0.14853589236736298 0.13652314245700836
0.2901190221309662 -0.13708513975143433 0.13652318716049194
0.28832635283470154 -0.1409384161233902 0.1285233050584793
0.2986658811569214 -0.13660591840744019 0.13652300834655762
0.2962346374988556 -0.13405191898345947 0.12852992117404938
0.29186108708381653 -0.1487312763929367 0.12852290272712708
0.3017647862434387 -0.14444765448570251 0.13652317225933075
0.300568550825119 -0.14633803069591522 0.12852291762828827
0.27254047989845276 -0.23193228244781494 0.11969270557165146
0.26914945244789124 -0.239317387342453 0.09591653198003769
0.29003360867500305 -0.23766373097896576 0.12052051723003387
0.2938113510608673 -0.24723726511001587 0.11487724632024765
0.26852548122406006 -0.2284500151872635 0.11487212032079697
0.25068727135658264 -0.19498580694198608 0.12005043029785156
0.24590584635734558 -0.1930263191461563 0.12003125995397568
0.2813322842121124 -0.17666909098625183 0.11936646699905396
0.27603679895401 -0.17837397754192352 0.11207742244005203
0.26878973841667175 -0.1752459853887558 0.11214432865381241
0.2742946743965149 -0.17633986473083496 0.09350641071796417
0.2812884449958801 -0.1787734180688858 0.08618761599063873
0.24303720891475677 -0.20127512514591217 0.11997784674167633
0.24548698961734772 -0.20041847229003906 0.12307435274124146
0.24749496579170227 -0.1932862401008606 0.12350469082593918
0.24760225415229797 -0.20095926523208618 0.1214689314365387
0.25056329369544983 -0.1992512345314026 0.12352784723043442
0.30989882349967957 -0.199224054813385 0.1200169026851654
0.3119209408760071 -0.20074692368507385 0.12355921417474747
0.31154727935791016 -0.1941009759902954 0.12352332472801208
0.3168533444404602 -0.19612468779087067 0.12352143228054047
0.31605643033981323 -0.19970384240150452 0.12143632024526596
0.31881436705589294 -0.20131781697273254 0.11997384577989578
0.3004201352596283 -0.13777610659599304 0.1285228431224823
0.2930056154727936 -0.22940392792224884 0.09448191523551941
0.29818764328956604 -0.23178333044052124 0.10794609040021896
0.2726685404777527 -0.2248329520225525 0.09377171099185944
0.28491994738578796 -0.20735006034374237 0.12232603132724762
0.29516491293907166 -0.23091916739940643 0.1161009818315506
0.25338441133499146 -0.20184089243412018 0.12050379812717438
0.26964840292930603 -0.1871860921382904 0.1064884290099144
0.2862699031829834 -0.18729858100414276 0.09618481248617172
0.2973555326461792 -0.18727979063987732 0.09820592403411865
0.2961713373661041 -0.1872871071100235 0.10821373760700226
0.2792452275753021 -0.18721497058868408 0.1098628118634224
0.28338488936424255 -0.18712563812732697 0.11094273626804352
0.31029748916625977 -0.19872961938381195 0.12153240293264389
0.3164806365966797 -0.20035728812217712 0.12230803817510605
0.31461113691329956 -0.1935700923204422 0.1208876296877861
0.31321215629577637 -0.1898532658815384 0.12091390788555145
0.3073473274707794 -0.19313102960586548 0.12100096791982651
0.306455135345459 -0.19997401535511017 0.1206892803311348
0.3200780749320984 -0.19398389756679535 0.12091868370771408
0.27308017015457153 -0.14783304929733276 0.12851889431476593
0.26226961612701416 -0.15122222900390625 0.12768065929412842
0.27131468057632446 -0.13481763005256653 0.12851925194263458
0.2559248208999634 -0.1449020504951477 0.1272190511226654
0.2577657699584961 -0.13557103276252747 0.12852267920970917
0.30473873019218445 -0.1411934494972229 0.12852545082569122
0.29614853858947754 -0.15187764167785645 0.1278614103794098
0.28560176491737366 -0.14472149312496185 0.12852220237255096
0.2889846861362457 -0.13512791693210602 0.12719066441059113
0.2943529188632965 -0.20731592178344727 0.096540167927742
0.29735860228538513 -0.22273312509059906 0.10088657587766647
0.2660481631755829 -0.22072190046310425 0.10632327944040298
0.2845335602760315 -0.20730121433734894 0.09052655845880508
0.2733103930950165 -0.207299143075943 0.12058854103088379
0.27457934617996216 -0.20730513334274292 0.09161272644996643
0.2922684848308563 -0.20729310810565948 0.11858753114938736
0.2674432098865509 -0.20759959518909454 0.09891931712627411
0.29774725437164307 -0.20768655836582184 0.10884968936443329
0.24726548790931702 -0.19348371028900146 0.12081655859947205
0.24411816895008087 -0.19731616973876953 0.1215229481458664
0.2513609230518341 -0.1983615905046463 0.1215081512928009
0.2441697120666504 -0.19065915048122406 0.12067097425460815
0.24033595621585846 -0.1971350461244583 0.12065775692462921
0.2530089020729065 -0.1920357644557953 0.12110422551631927
0.292386919260025 -0.18729741871356964 0.11882943660020828
0.28619441390037537 -0.187292218208313 0.12291219830513
0.2796252369880676 -0.1872968226671219 0.11637362837791443
0.27359768748283386 -0.18729577958583832 0.11777293682098389
0.2742445468902588 -0.18729975819587708 0.11162592470645905
0.2681524455547333 -0.18730005621910095 0.11259390413761139
0.26244786381721497 -0.18729805946350098 0.09734002500772476
0.27560049295425415 -0.18729382753372192 0.09873629361391068
0.2746484577655792 -0.18729698657989502 0.10278191417455673
0.2789137065410614 -0.18729707598686218 0.08938539028167725
0.27287033200263977 -0.18729087710380554 0.08978036791086197
0.2838762104511261 -0.18729470670223236 0.09205450862646103
0.28375980257987976 -0.18729975819587708 0.08620812743902206
0.29267972707748413 -0.18729203939437866 0.10976947098970413
0.28926602005958557 -0.18730099499225616 0.10647013783454895
0.3205305337905884 -0.20153895020484924 0.12149924784898758
0.3088971972465515 -0.19845707714557648 0.12668384611606598
0.3192821145057678 -0.2067699432373047 0.12661273777484894
0.31499597430229187 -0.19323036074638367 0.1266944706439972
0.24485386908054352 -0.19992810487747192 0.12701331079006195
0.24071791768074036 -0.18767312169075012 0.1265680193901062
0.26146385073661804 -0.13300326466560364 0.12652495503425598
0.27393487095832825 -0.1381266713142395 0.12652070820331573
0.2700442671775818 -0.15040753781795502 0.12652042508125305
0.28613367676734924 -0.1466214954853058 0.1265222430229187
0.30080798268318176 -0.13390332460403442 0.1265273243188858
0.3033088147640228 -0.14697861671447754 0.12652184069156647
0.2655753791332245 -0.20731481909751892 0.11096823215484619
0.2928447425365448 -0.18729357421398163 0.11319051682949066
0.2736945152282715 -0.18729658424854279 0.09413940459489822
0.29352205991744995 -0.18729795515537262 0.08626184612512589
0.24142464995384216 -0.20586997270584106 0.1227787658572197
0.2572169601917267 -0.18729764223098755 0.12124008685350418
0.2572968900203705 -0.20729763805866241 0.12120021134614944
0.24107742309570312 -0.18815380334854126 0.12317479401826859
0.2585470974445343 -0.18729765713214874 0.08430320769548416
0.2585585415363312 -0.2072976529598236 0.08428113907575607
0.30280667543411255 -0.2072976529598236 0.08428065478801727
0.3029509484767914 -0.18729765713214874 0.08440708369016647
0.30415675044059753 -0.2072976529598236 0.12119696289300919
0.30421364307403564 -0.18729767203330994 0.12123816460371017
0.3198606073856354 -0.20603348314762115 0.12303106486797333
0.3200112283229828 -0.18858186900615692 0.12147855013608932
0.32018163800239563 -0.1884031891822815 0.12342379987239838
0.320266991853714 -0.18758158385753632 0.12652289867401123
0.25590774416923523 -0.13283494114875793 0.1265195906162262
0.24153979122638702 -0.20670722424983978 0.1265152096748352
-0.3340482711791992 -0.06288696080446243 0.07553938776254654
-0.33250102400779724 -0.06619255244731903 0.06872390955686569
-0.32788175344467163 -0.07609865069389343 0.06383533775806427
-0.32193315029144287 -0.08885333687067032 0.08390800654888153
-0.32295727729797363 -0.08665918558835983 0.07021193951368332
-0.3327006697654724 -0.06576390564441681 0.08523005992174149
-0.32930988073349 -0.07303601503372192 0.09169025719165802
-0.3243573307991028 -0.08365675061941147 0.08851754665374756
-0.33326131105422974 -0.06456037610769272 0.07447861135005951
-0.32449716329574585 -0.08335689455270767 0.06899634748697281
-0.3226322829723358 -0.08735615015029907 0.07908259332180023
-0.329290509223938 -0.07307753711938858 0.06645342707633972
-0.25881534814834595 -0.030183495953679085 0.08347941190004349
-0.2562447786331177 -0.03569610044360161 0.06778883188962936
-0.2586361765861511 -0.030567729845643044 0.07372778654098511
-0.25542137026786804 -0.03746190667152405 0.09129901975393295
-0.25024130940437317 -0.048570506274700165 0.08912407606840134
-0.2482927292585373 -0.05274926871061325 0.07536468654870987
-0.25246578454971313 -0.043800145387649536 0.06645342707633972
-0.2541656494140625 -0.04015468806028366 0.07627121359109879
-0.25465473532676697 -0.039105866104364395 0.08166217803955078
-0.2523450553417206 -0.04405283182859421 0.0781000405550003
-0.21552811563014984 -0.021231908351182938 0.08166345208883286
-0.2151770293712616 -0.019984448328614235 0.07793541997671127
-0.20707446336746216 -0.022085240110754967 0.08018434047698975
-0.19773072004318237 -0.014390259981155396 0.07650474458932877
-0.18782208859920502 -0.004330795258283615 0.080193430185318
-0.1781088411808014 -0.0003025388577952981 0.0834742933511734
-0.15877756476402283 0.01085502840578556 0.08520843833684921
-0.1726178526878357 -0.0015415416564792395 0.08116622269153595
-0.16540850698947906 0.00610163202509284 0.07980313152074814
-0.16501769423484802 0.010910183191299438 0.08051583915948868
-0.16566771268844604 0.011975407600402832 0.08350276947021484
-0.15339571237564087 0.022490015253424644 0.08809550851583481
-0.15117734670639038 0.02326614037156105 0.08293242752552032
-0.14447489380836487 0.026086391881108284 0.08658872544765472
-0.1389957219362259 0.044157203286886215 0.09426859766244888
-0.1454324871301651 0.03521160036325455 0.0884898230433464
0.24943286180496216 -0.09582674503326416 -0.00776577228680253
0.24561405181884766 -0.06276577711105347 -0.005601121112704277
0.25165143609046936 -0.06513331085443497 -0.005603615194559097
0.2492682784795761 -0.05648031085729599 -0.007745149079710245
0.25448817014694214 -0.059663400053977966 -0.005602261517196894
0.24556805193424225 -0.06111874803900719 -0.00829413253813982
0.2499168962240219 -0.06563419848680496 -0.008304632268846035
0.2544628977775574 -0.06060994789004326 -0.008301512338221073
0.24928702414035797 -0.07684104144573212 -0.008660308085381985
0.2525712549686432 -0.07682616263628006 -0.005735756829380989
0.2482784539461136 -0.0768008753657341 -0.004321058746427298
0.24527354538440704 -0.062017545104026794 -0.004197901580482721
0.24839656054973602 -0.05664632096886635 -0.004026312846690416
0.25342005491256714 -0.05795883759856224 -0.004285849165171385
0.25211837887763977 -0.06483025848865509 -0.004390536807477474
0.25315073132514954 -0.07085569947957993 -0.005681120790541172
0.2580412030220032 -0.06230233609676361 -0.0035517457872629166
0.24689556658267975 -0.07086499780416489 -0.006436200346797705
0.2510022819042206 -0.06877429783344269 -0.0024017379619181156
0.25286179780960083 -0.05327295511960983 -0.0022189682349562645
0.24127884209156036 -0.05936351791024208 -0.0036131038796156645
0.2449282705783844 -0.06720366328954697 -0.002261754358187318
0.24649865925312042 -0.05339844897389412 -0.002630459377542138
0.257335901260376 -0.05805139243602753 -0.0018257531337440014
0.25641530752182007 -0.06517155468463898 -0.0017695472342893481
0.24204415082931519 -0.05939255654811859 -0.0017449811566621065
0.24563485383987427 -0.054766975343227386 0.0046583544462919235
0.25487014651298523 -0.05770974978804588 0.004857705906033516
0.25537174940109253 -0.06359850615262985 0.004820650909096003
0.2503105401992798 -0.06826669722795486 0.0045777540653944016
0.24532024562358856 -0.06476408243179321 0.004837964661419392
0.36685267090797424 -0.038395486772060394 0.021015388891100883
0.36305317282676697 -0.041608769446611404 0.021015243604779243
1.034500002861023 -0.07766079902648926 0.18550440669059753
1.034500002861023 -0.08344748616218567 0.1909879744052887
1.0344998836517334 -0.08588600158691406 0.18347203731536865
1.034500002861023 0.08139577507972717 0.04832092672586441
1.034500002861023 0.0863683894276619 0.04156184569001198
1.0345001220703125 0.07905443757772446 0.040189478546381
0.9740175604820251 -0.006637485232204199 -0.0008829961880110204
0.9721828103065491 0.0010554053587839007 0.0024997955188155174
0.9790066480636597 -0.010267890989780426 0.002498950809240341
0.9718654751777649 0.003204794367775321 -0.0028542305808514357
0.9796820878982544 0.01015374157577753 0.002493179403245449
0.991025447845459 -0.00421941839158535 0.00249892333522439
0.9851258993148804 -0.010313951410353184 -0.002311880234628916
0.9902104139328003 0.005364645272493362 0.002500737551599741
0.9923276305198669 -0.0024925428442656994 -0.0025312684010714293
0.9900322556495667 0.007042296230792999 -0.0024297665804624557
0.9746277332305908 -0.008050404489040375 -0.004041902255266905
0.9810401201248169 0.010516253300011158 -0.004107355605810881
0.9787825345993042 0.009973553940653801 -0.0008744638762436807
0.9699312448501587 0.001621946576051414 0.22901035845279694
0.9753880500793457 0.0076027074828743935 0.22931605577468872
0.9730234742164612 0.00925147533416748 0.22898148000240326
0.9842398166656494 -0.005377641879022121 0.22899912297725677
0.9856730103492737 -0.007252898532897234 0.22948585450649261
0.9859345555305481 0.001791325630620122 0.22949989140033722
0.9750645160675049 -0.008083977736532688 0.22951407730579376
0.9741503000259399 -0.010421961545944214 0.2289825826883316
0.9677726030349731 0.002036868827417493 0.22958731651306152
0.9866268038749695 0.004477175883948803 0.22899183630943298
0.9833075404167175 0.00881948508322239 0.22954386472702026
0.9882933497428894 0.0001902035583043471 0.2300313413143158
0.976144015789032 0.00984210055321455 0.2300235480070114
0.9695853590965271 0.0020183278247714043 0.23004543781280518
0.9715847969055176 -0.00891792681068182 0.2300259917974472
0.9430384635925293 -0.00716870091855526 -8.320086635649204e-06
0.9366545677185059 -0.0017134083900600672 0.0005979011184535921
0.9423400163650513 -0.009223854169249535 0.000495783518999815
0.9387930035591125 0.0027565292548388243 -2.1555420971708372e-05
0.9532619714736938 0.008248678408563137 0.0007339557632803917
0.9418357610702515 0.009643477387726307 0.00041139498353004456
0.9517261385917664 0.007627269718796015 -1.9425626760494197e-06
0.9573208093643188 0.0016993824392557144 0.0004998005460947752
0.9532487988471985 -0.0058694989420473576 -2.817041786329355e-05
0.9530879259109497 -0.008812399581074715 0.00041338481241837144
0.944720447063446 -0.008606350049376488 0.0009871755028143525
0.9558979868888855 0.0004905707901343703 0.0010148504516109824
0.9454712271690369 0.008300945162773132 0.0009926371276378632
0.9389740824699402 0.0012749190209433436 0.001016888185404241
0.8644992709159851 0.0003562773345038295 0.22986701130867004
0.8722870945930481 -0.001593432272784412 0.2294922024011612
0.8786999583244324 -0.002653722418472171 0.22838269174098969
0.872503936290741 -0.0027013460639864206 0.22886548936367035
0.8724457025527954 0.0008029957534745336 0.22998610138893127
0.8787009119987488 0.003931198734790087 0.22718967497348785
0.8787005543708801 -0.0010652970522642136 0.22025886178016663
0.8840010166168213 -0.0006360492552630603 0.22948546707630157
0.884000301361084 -0.0040647792629897594 0.22317270934581757
0.8840012550354004 0.00412740046158433 0.22234117984771729
0.8727585673332214 -0.05954882875084877 0.01322203129529953
0.8727927803993225 -0.061653003096580505 0.014696063473820686
0.8725002408027649 -0.059085190296173096 0.013849259354174137
0.8725000023841858 0.07702428847551346 0.025291766971349716
0.8756049275398254 0.06459583342075348 0.016782749444246292
0.8737435936927795 0.05976056680083275 0.015666071325540543
0.25418272614479065 -0.030453382059931755 0.012524512596428394
0.247404083609581 -0.03294312208890915 0.012534651905298233
0.24906109273433685 -0.03368840366601944 0.027451088652014732
0.24809810519218445 -0.02666373923420906 0.012445319443941116
0.24648559093475342 -0.029190529137849808 0.027333403006196022
0.253473162651062 -0.031177237629890442 0.027385449036955833
0.25097131729125977 -0.026239290833473206 0.02725609578192234
0.14157313108444214 0.09899698197841644 0.03821465000510216
0.14217017590999603 0.09892424196004868 0.0361221544444561
0.1417641043663025 0.09800000488758087 0.03700440749526024
0.1461597979068756 0.09950000792741776 0.04088304191827774
0.1440197080373764 0.09861364960670471 0.039437685161828995
0.1456068605184555 0.09800000488758087 0.04100736975669861
0.1475059986114502 0.09897520393133163 0.039419662207365036
0.14719928801059723 0.09800000488758087 0.040139857679605484
0.14768467843532562 0.09880250692367554 0.03816196694970131
0.24867242574691772 -0.06506126374006271 -0.0036026611924171448
0.2468956857919693 -0.06360501050949097 -0.0036026611924171448
0.24656012654304504 -0.06351616233587265 -0.0036026611924171448
0.24861371517181396 -0.06478653848171234 -0.003003673627972603
0.25405117869377136 -0.06018705293536186 -0.003259468823671341
0.25218650698661804 -0.05689334124326706 -0.0031218233052641153
0.25223949551582336 -0.05739185959100723 -0.0036143383476883173
0.24711042642593384 -0.058185875415802 -0.0026026731356978416
0.24730798602104187 -0.057743556797504425 -0.0028560198843479156
0.2465035319328308 -0.05884438008069992 -0.0036026611924171448
0.24872462451457977 -0.057164326310157776 -0.002882672706618905
0.250461608171463 -0.06509574502706528 -0.002563835121691227
0.245869979262352 -0.06136466935276985 -0.0036026611924171448
0.246127188205719 -0.0592341423034668 -0.0026426357217133045
0.251289427280426 -0.06506218016147614 -0.0036026611924171448
0.25228872895240784 -0.06433085352182388 -0.002916165394708514
0.25293394923210144 -0.06399627774953842 -0.0036026611924171448
0.2540574073791504 -0.06212839484214783 -0.003157856408506632
0.25303521752357483 -0.0639730915427208 -0.0020026855636388063
0.24811311066150665 -0.06486393511295319 -0.001248231390491128
0.24620793759822845 -0.062678761780262 -0.0020026855636388063
0.24587403237819672 -0.06054368615150452 -0.0020026855636388063
0.2518220543861389 -0.056843724101781845 -0.001897263340651989
0.25406578183174133 -0.06116928532719612 -0.0020026855636388063
0.26886868476867676 -0.1410018801689148 0.126522958278656
0.26655668020248413 -0.13795772194862366 0.12843644618988037
0.26450684666633606 -0.13759364187717438 0.12654604017734528
0.26544785499572754 -0.14653895795345306 0.12661369144916534
0.2674655318260193 -0.1456129103899002 0.12652342021465302
0.26273107528686523 -0.14628483355045319 0.12648330628871918
0.2691015601158142 -0.14144831895828247 0.12795841693878174
0.26077961921691895 -0.14213010668754578 0.12652316689491272
0.26191404461860657 -0.13952679932117462 0.12668602168560028
0.26913177967071533 -0.1435193121433258 0.12670700252056122
0.2688508629798889 -0.14357727766036987 0.1265229880809784
0.2630786895751953 -0.14620104432106018 0.12834951281547546
0.2609945237636566 -0.14331373572349548 0.12852253019809723
0.2613493800163269 -0.13998618721961975 0.12856930494308472
0.26705214381217957 -0.13857655227184296 0.12854039669036865
0.26917871832847595 -0.1427568644285202 0.12852264940738678
0.26765677332878113 -0.14545275270938873 0.1285226196050644
0.26236000657081604 -0.1457899510860443 0.12854139506816864
0.2984492778778076 -0.14019691944122314 0.12584522366523743
0.2987307012081146 -0.14006975293159485 0.12783272564411163
0.2966657280921936 -0.13838070631027222 0.12735019624233246
0.29086917638778687 -0.14197422564029694 0.12652352452278137
0.29172179102897644 -0.13972073793411255 0.126519575715065
0.290906697511673 -0.14106430113315582 0.1284637302160263
0.2962699234485626 -0.13843461871147156 0.1276245415210724
0.294965922832489 -0.13806314766407013 0.126522958278656
0.29918015003204346 -0.14292773604393005 0.12752969563007355
0.29887649416923523 -0.1434800922870636 0.12744025886058807
0.29326102137565613 -0.13853605091571808 0.12652336061000824
0.291138619184494 -0.14407777786254883 0.126522958278656
0.29141947627067566 -0.14418861269950867 0.12652291357517242
0.2986244857311249 -0.1444731056690216 0.126522958278656
0.2921629250049591 -0.14530141651630402 0.1265232414007187
0.2967269718647003 -0.14624491333961487 0.12651348114013672
0.2909126281738281 -0.14287981390953064 0.12852248549461365
0.2942972779273987 -0.13811339437961578 0.12852296233177185
0.29238879680633545 -0.13906517624855042 0.12852215766906738
0.29806917905807495 -0.14518792927265167 0.12850837409496307
0.2956121563911438 -0.14667128026485443 0.12853147089481354
0.2932567596435547 -0.1462690383195877 0.12852239608764648
0.294511079788208 -0.14651256799697876 0.1265292465686798
0.29141223430633545 -0.14435724914073944 0.12852256000041962
0.29129883646965027 -0.14060674607753754 0.12852297723293304
0.29450908303260803 -0.1382867693901062 0.12852297723293304
0.29870787262916565 -0.14046986401081085 0.1290026754140854
0.2110215574502945 0.09877313673496246 0.08711662143468857
0.2123500406742096 0.09950000792741776 0.09181434661149979
0.21106868982315063 0.09800104051828384 0.09031069278717041
0.21291087567806244 0.09800000488758087 0.09202124178409576
0.21430262923240662 0.0987500473856926 0.09222342818975449
0.21573738753795624 0.09950000792741776 0.09143158793449402
0.21647392213344574 0.09861360490322113 0.09077688306570053
0.21662677824497223 0.09858695417642593 0.08997126668691635
0.21500727534294128 0.09854000061750412 0.09181709587574005
0.2173427939414978 0.09860411286354065 0.08810260891914368
0.21636949479579926 0.09896184504032135 0.08712109178304672
0.12056569010019302 0.09800000488758087 0.08813636749982834
0.1205771192908287 0.09903399646282196 0.0890669897198677
0.12289365381002426 0.09877761453390121 0.09209850430488586
0.12154218554496765 0.09882795065641403 0.08654038608074188
0.12491998076438904 0.09883831441402435 0.0919370949268341
0.12621961534023285 0.09950000792741776 0.09089858829975128
0.12617404758930206 0.09800000488758087 0.0909675657749176
0.12698997557163239 0.09859370440244675 0.0888967365026474
0.12614946067333221 0.09950000792741776 0.08710616081953049
0.12597714364528656 0.09828057140111923 0.0867336094379425
0.12678447365760803 0.09950000792741776 0.08910113573074341
0.12447621673345566 0.09852001070976257 0.08587639778852463
0.12383800745010376 0.09950000792741776 0.08587871491909027
0.24185265600681305 0.09921938180923462 0.03867180645465851
0.24029700458049774 0.09875001013278961 0.0378095842897892
0.2422381490468979 0.0982370376586914 0.038882795721292496
0.23956093192100525 0.09862498193979263 0.037951547652482986
0.23801535367965698 0.09925487637519836 0.03890984132885933
0.24290691316127777 0.09880614280700684 0.041065365076065063
-0.32991930842399597 -0.0030895094387233257 0.13498015701770782
-0.33500340580940247 -0.0042643011547625065 0.13325566053390503
-0.3350053131580353 -0.004344030283391476 0.20243477821350098
-0.3300168216228485 -0.0032394742593169212 0.20129719376564026
-0.334984689950943 -0.02337995171546936 0.20753797888755798
-0.3298577070236206 -0.020031042397022247 0.20628751814365387
-0.33015668392181396 -0.006321536842733622 0.20408464968204498
-0.32987821102142334 -0.02514202706515789 0.21187478303909302
-0.33501923084259033 -0.028832510113716125 0.22670923173427582
-0.3300943374633789 -0.027026928961277008 0.2246638685464859
-0.33499714732170105 -0.09784423559904099 0.22700808942317963
-0.33021679520606995 -0.03005308285355568 0.22815904021263123
-0.3300999402999878 -0.09649325907230377 0.22822487354278564
-0.3349841833114624 -0.10329458117485046 0.2077166587114334
-0.32987818121910095 -0.10163681954145432 0.2118747979402542
-0.33009710907936096 -0.09968295693397522 0.2247582972049713
-0.32984593510627747 -0.10679386556148529 0.20624732971191406
-0.33502286672592163 -0.12227800488471985 0.2021603137254715
-0.32991278171539307 -0.12125974893569946 0.20370976626873016
-0.33500543236732483 -0.12245140969753265 0.13312028348445892
-0.33010411262512207 -0.12381516396999359 0.20070728659629822
-0.3300786316394806 -0.12385117262601852 0.13518154621124268
-0.33499982953071594 -0.10628688335418701 0.1296709030866623
-0.32986801862716675 -0.10736636817455292 0.12954489886760712
-0.33012279868125916 -0.12087877839803696 0.13155563175678253
-0.3349441587924957 -0.10221468657255173 0.1254476010799408
-0.32990506291389465 -0.10128529369831085 0.12236817181110382
-0.3350146412849426 -0.09922285377979279 0.11153662204742432
-0.33011317253112793 -0.09953147172927856 0.11031369864940643
-0.33499985933303833 -0.0963248610496521 0.10797613114118576
-0.33495965600013733 -0.029297832399606705 0.10796305537223816
-0.3295922577381134 -0.03389396518468857 0.1075654923915863
-0.3296358287334442 -0.09520895034074783 0.10740860551595688
-0.33493560552597046 -0.024563729763031006 0.12544797360897064
-0.32990506291389465 -0.0254935584962368 0.12236817926168442
-0.3300537168979645 -0.027040865272283554 0.11086877435445786
-0.33499979972839355 -0.020346205681562424 0.12975400686264038
-0.3298693001270294 -0.019432835280895233 0.12953579425811768
-0.33026203513145447 -0.005563301499933004 0.13170304894447327
-0.3590078353881836 -0.040451522916555405 0.19709038734436035
-0.3590013384819031 -0.029566055163741112 0.18254287540912628
-0.35900431871414185 -0.0595666877925396 0.20461823046207428
-0.3590032160282135 -0.026384510099887848 0.1668788343667984
-0.35900744795799255 -0.07889465987682343 0.20163139700889587
-0.359006404876709 -0.09558829665184021 0.18653284013271332
-0.35900452733039856 -0.03133593499660492 0.14916415512561798
-0.35900694131851196 -0.04612608626484871 0.1348475068807602
-0.3590107858181 -0.06895263493061066 0.13089103996753693
-0.3590015172958374 -0.10029123723506927 0.168412983417511
-0.359001487493515 -0.0866689682006836 0.13916778564453125
-0.35900428891181946 -0.09698644280433655 0.15217965841293335
-0.34000086784362793 -0.00884260144084692 0.14161057770252228
-0.34000498056411743 -0.006509535480290651 0.1327199786901474
-0.3400021195411682 -0.014317926950752735 0.13652247190475464
-0.33499574661254883 -0.01465622615069151 0.13792411983013153
-0.3349992036819458 -0.006834857165813446 0.1403321921825409
-0.34000256657600403 -0.11357375979423523 0.2025671899318695
-0.3350021243095398 -0.11344331502914429 0.19584393501281738
-0.33999893069267273 -0.11552798002958298 0.19446423649787903
-0.34000164270401 -0.1220894530415535 0.19837813079357147
-0.3400033414363861 -0.03594144806265831 0.2182760387659073
-0.34000587463378906 -0.02729429118335247 0.2212034910917282
-0.3350001871585846 -0.029643908143043518 0.21734510362148285
-0.3399999141693115 -0.03458227962255478 0.22561615705490112
-0.3349997401237488 -0.034564126282930374 0.2254783809185028
-0.34000274538993835 -0.09234417229890823 0.118733711540699
-0.3350001275539398 -0.09183499962091446 0.11007095873355865
-0.3400038182735443 -0.09187041223049164 0.11021804809570312
-0.3400018811225891 -0.09902997314929962 0.11266275495290756
-0.33499616384506226 -0.09326155483722687 0.11913153529167175
-0.3350140452384949 -0.063562773168087 0.11531441658735275
-0.3350010812282562 -0.08647461980581284 0.12137869000434875
-0.33501389622688293 -0.013486825861036777 0.1839275062084198
-0.335001140832901 -0.1070396900177002 0.195856511592865
-0.33500584959983826 -0.09243304282426834 0.21117112040519714
-0.33500269055366516 -0.01230891328305006 0.15811628103256226
-0.3350050449371338 -0.11472121626138687 0.17685286700725555
-0.33500179648399353 -0.1139838844537735 0.15625396370887756
-0.3350059986114502 -0.0356607660651207 0.12356328964233398
-0.33500105142593384 -0.02596459724009037 0.20369914174079895
-0.3350023627281189 -0.0402311347424984 0.21435007452964783
-0.33501577377319336 -0.06541335582733154 0.22016054391860962
-0.3350091874599457 -0.10417897999286652 0.13496732711791992
-0.33500203490257263 -0.019613143056631088 0.13980618119239807
-0.33499816060066223 -0.006681561470031738 0.13287734985351562
-0.33500081300735474 -0.11942455172538757 0.19495785236358643
-0.3350006937980652 -0.11399790644645691 0.20220205187797546
-0.3350007236003876 -0.03674331307411194 0.22001846134662628
-0.28500837087631226 -0.028797099366784096 0.10856163501739502
-0.16400682926177979 -0.09831409901380539 0.10872338712215424
-0.286811500787735 -0.0950530394911766 0.10760565102100372
-0.16392375528812408 -0.028853196650743484 0.10855668038129807
-0.16409209370613098 -0.004222255200147629 0.20257121324539185
-0.1635999232530594 -0.004425407387316227 0.13289327919483185
-0.2849999964237213 -0.004175951238721609 0.20244917273521423
-0.28500035405158997 -0.004213199485093355 0.1331133395433426
-0.16397427022457123 -0.09801623225212097 0.22700093686580658
-0.1641330122947693 -0.02866952493786812 0.2270103245973587
-0.28499743342399597 -0.09633495658636093 0.2276805341243744
-0.2850012481212616 -0.028767351061105728 0.22704483568668365
-0.16368354856967926 -0.12247369438409805 0.13301722705364227
-0.16410484910011292 -0.12248361110687256 0.20270517468452454
-0.2850002348423004 -0.12257810682058334 0.1331409513950348
-0.28500038385391235 -0.12257706373929977 0.2024691253900528
-0.2850015461444855 -0.10580301284790039 0.1293940395116806
-0.16400718688964844 -0.10722889006137848 0.1298637092113495
-0.16400004923343658 -0.10181823372840881 0.12539026141166687
-0.2849993407726288 -0.10142240673303604 0.12434537708759308
-0.28500017523765564 -0.0985729917883873 0.10940948873758316
-0.284999281167984 -0.025377025827765465 0.12429628521203995
-0.164000004529953 -0.025087764486670494 0.12506191432476044
-0.2850015163421631 -0.021013684570789337 0.12937843799591064
-0.16399984061717987 -0.020180676132440567 0.129656583070755
-0.28499969840049744 -0.02009294368326664 0.20588059723377228
-0.16400054097175598 -0.02030077949166298 0.20597544312477112
-0.2850009500980377 -0.025057347491383553 0.21042314171791077
-0.16400042176246643 -0.025145189836621284 0.21069593727588654
-0.28500086069107056 -0.10170362144708633 0.21044808626174927
-0.2850005328655243 -0.09917658567428589 0.22480809688568115
-0.1639995276927948 -0.10180224478244781 0.2102109044790268
-0.2849997580051422 -0.1066630631685257 0.20589414238929749
-0.16400009393692017 -0.10696588456630707 0.2058231234550476
-0.15150009095668793 -0.018419945612549782 0.2203979194164276
-0.15229785442352295 -0.026460198685526848 0.22774875164031982
-0.15150000154972076 -0.012215839698910713 0.22819703817367554
-0.15150029957294464 -0.011629350483417511 0.217755526304245
-0.1485288143157959 -0.010253769345581532 0.22746364772319794
-0.1514923870563507 -0.0030668003018945456 0.22046896815299988
-0.1514406055212021 -0.025195451453328133 0.21370773017406464
-0.15167944133281708 -0.016151534393429756 0.2054181545972824
-0.15152283012866974 -0.020663293078541756 0.20691606402397156
-0.15149201452732086 -0.011891023255884647 0.20983512699604034
-0.15261773765087128 -0.0034798909910023212 0.20464344322681427
-0.15150009095668793 -0.11614613980054855 0.2118995189666748
-0.14855529367923737 -0.12378351390361786 0.21901409327983856
-0.15150266885757446 -0.12302863597869873 0.2209787368774414
-0.1514996737241745 -0.11247725039720535 0.21997001767158508
-0.15148873627185822 -0.11561320722103119 0.2281786948442459
-0.15190421044826508 -0.10191145539283752 0.22770892083644867
-0.152696430683136 -0.12328829616308212 0.20461800694465637
-0.15137869119644165 -0.10761656612157822 0.2061866670846939
-0.15148691833019257 -0.12368950247764587 0.1151111051440239
-0.1514907032251358 -0.10278283059597015 0.2169378101825714
-0.15160931646823883 -0.10206012427806854 0.21135692298412323
-0.15149983763694763 -0.11648275703191757 0.12161686271429062
-0.1515001803636551 -0.1100839227437973 0.11498798429965973
-0.15167410671710968 -0.10792610794305801 0.12940430641174316
-0.15157082676887512 -0.123204804956913 0.12789274752140045
-0.1514919102191925 -0.11565970629453659 0.10743121057748795
-0.152454674243927 -0.10070330649614334 0.10797584056854248
-0.15148326754570007 -0.10357553511857986 0.11835574358701706
-0.15149439871311188 -0.010817057453095913 0.1076001226902008
-0.1523813158273697 -0.026382993906736374 0.10777436941862106
-0.15149977803230286 -0.010797819122672081 0.11902081221342087
-0.1514948159456253 -0.0032736684661358595 0.11486980319023132
-0.15178079903125763 -0.0032593857031315565 0.12912750244140625
-0.15149980783462524 -0.01802680268883705 0.1152198314666748
-0.15145635604858398 -0.024849751964211464 0.1201435849070549
-0.15149614214897156 -0.017493655905127525 0.1298810988664627
-0.14000941812992096 -0.003074774518609047 0.11548040062189102
-0.15643806755542755 -0.0036476890090852976 0.13212157785892487
-0.1400064080953598 -0.01161036267876625 0.10743202269077301
-0.1485000103712082 -0.012175936251878738 0.2283017635345459
-0.15431714057922363 -0.12328340113162994 0.1318332999944687
-0.14849908649921417 -0.12322670221328735 0.2210998237133026
-0.13999982178211212 -0.11593060195446014 0.22786234319210052
-0.14000003039836884 -0.010818004608154297 0.22783587872982025
-0.14000007510185242 -0.12348086386919022 0.22007149457931519
-0.13999977707862854 -0.12344908714294434 0.11526276171207428
-0.140000119805336 -0.11568916589021683 0.10773798078298569
-0.13999982178211212 -0.0032751495018601418 0.22001221776008606
-0.15250663459300995 -0.11542414128780365 0.13044410943984985
-0.15155765414237976 -0.02361905202269554 0.12643344700336456
-0.15790432691574097 -0.09882770478725433 0.2274969220161438
-0.1516064554452896 -0.1023751050233841 0.12468471378087997
-0.287621408700943 -0.03576862812042236 0.10726174712181091
-0.3144570589065552 -0.03622068464756012 0.10730153322219849
-0.3261249363422394 -0.08633115887641907 0.1073027104139328
-0.3144839107990265 -0.06770627945661545 0.107301726937294
-0.32026371359825134 -0.08733613044023514 0.10730358958244324
-0.314571350812912 -0.06304118037223816 0.10730168223381042
-0.2910102307796478 -0.06547367572784424 0.10730201750993729
-0.3241477608680725 -0.09129586815834045 0.10730227828025818
-0.31371432542800903 -0.09626391530036926 0.10715009272098541
-0.2877659201622009 -0.06653790175914764 0.10730155557394028
-0.3237074613571167 -0.09125442057847977 0.11780248582363129
-0.3255407214164734 -0.0855526551604271 0.11780712008476257
-0.3205537796020508 -0.08817662298679352 0.11780194938182831
-0.287553995847702 -0.09474094957113266 0.09540224820375443
-0.31456080079078674 -0.09456337243318558 0.09540195763111115
-0.2874995172023773 -0.06770945340394974 0.09540199488401413
-0.31449854373931885 -0.0677567794919014 0.09540204703807831
-0.3144609332084656 -0.06317434459924698 0.09540212899446487
-0.2874611020088196 -0.0630575567483902 0.09540190547704697
-0.28745466470718384 -0.03624393045902252 0.09540192782878876
-0.3144676685333252 -0.03616708144545555 0.0954020544886589
-0.15949948132038116 -0.11326117813587189 0.20732790231704712
-0.1595001518726349 -0.10306311398744583 0.21056132018566132
-0.1595001071691513 -0.10493945330381393 0.21901829540729523
-0.1594998836517334 -0.11447698622941971 0.21883389353752136
-0.15950022637844086 -0.0191163532435894 0.20708490908145905
-0.15950025618076324 -0.024168018251657486 0.2127179205417633
-0.1594996154308319 -0.01983586512506008 0.22059594094753265
-0.15950031578540802 -0.011798425577580929 0.20985105633735657
-0.15949979424476624 -0.011563301086425781 0.21719340980052948
-0.15950042009353638 -0.020190780982375145 0.12864336371421814
-0.15949995815753937 -0.01056163851171732 0.12361738085746765
-0.1595001518726349 -0.014124465174973011 0.1157309040427208
-0.15950070321559906 -0.02336304262280464 0.11773743480443954
-0.1595006287097931 -0.1099221333861351 0.11441849172115326
-0.1594996154308319 -0.11631589382886887 0.1245696172118187
-0.1594996452331543 -0.10681985318660736 0.12821929156780243
-0.15949983894824982 -0.1023733913898468 0.12156056612730026
-0.33501991629600525 0.12511785328388214 0.13291291892528534
-0.33500009775161743 0.1257423460483551 0.20243032276630402
-0.33010849356651306 0.12699450552463531 0.20097601413726807
-0.3302030563354492 0.12694306671619415 0.13448217511177063
-0.33002227544784546 0.1234598308801651 0.2041722536087036
-0.33498233556747437 0.10639139264822006 0.20784902572631836
-0.32985422015190125 0.10998302698135376 0.2062681019306183
-0.33501574397087097 0.10093966126441956 0.2268856316804886
-0.3301875591278076 0.10289342701435089 0.2250850796699524
-0.32988154888153076 0.10487119108438492 0.21185052394866943
-0.33500441908836365 0.03221201151609421 0.22703884541988373
-0.3300992548465729 0.09947330504655838 0.22823145985603333
-0.33004501461982727 0.033889416605234146 0.22827109694480896
-0.3301648497581482 0.030395373702049255 0.2252427637577057
-0.3349827229976654 0.026721885427832603 0.20767177641391754
-0.3298815190792084 0.028349990025162697 0.21185055375099182
-0.3350135385990143 0.011063160374760628 0.20408585667610168
-0.33006682991981506 0.009688996709883213 0.2041555643081665
-0.3298499584197998 0.023226669058203697 0.20626041293144226
-0.3301175832748413 0.006216362584382296 0.13458743691444397
-0.33012980222702026 0.006254378240555525 0.20093503594398499
-0.33501192927360535 0.0070121935568749905 0.20090901851654053
-0.3350028097629547 0.00736053055152297 0.13332833349704742
-0.32997214794158936 0.009085419587790966 0.13181650638580322
-0.3349855840206146 0.026674892753362656 0.12803256511688232
-0.32985246181488037 0.022815320640802383 0.12948273122310638
-0.32984963059425354 0.02815055102109909 0.1244136169552803
-0.33500704169273376 0.030161980539560318 0.11235552281141281
-0.3301226496696472 0.030485691502690315 0.11026713997125626
-0.3297775685787201 0.03447568044066429 0.10748527199029922
-0.33501964807510376 0.033851515501737595 0.10872860252857208
-0.3350004553794861 0.10144069790840149 0.10867716372013092
-0.330191969871521 0.10063664615154266 0.10788516700267792
-0.33498620986938477 0.10661931335926056 0.1281619668006897
-0.3298496603965759 0.10507062077522278 0.1244136393070221
-0.3300625681877136 0.10295011103153229 0.11087954044342041
-0.33004993200302124 0.12338963150978088 0.131413072347641
-0.3298499882221222 0.11041427403688431 0.1294877529144287
-0.35900184512138367 0.10047909617424011 0.18245625495910645
-0.3590012490749359 0.05862012878060341 0.20395812392234802
-0.35901010036468506 0.08954759687185287 0.1970892697572708
-0.3590018153190613 0.07338687032461166 0.2040257304906845
-0.359011709690094 0.10364800691604614 0.16316042840480804
-0.3590017557144165 0.09581556171178818 0.14524301886558533
-0.35900479555130005 0.03360622376203537 0.18472199141979218
-0.3590017855167389 0.044350896030664444 0.1971880942583084
-0.35900479555130005 0.08270306140184402 0.13438604772090912
-0.35900405049324036 0.029603663831949234 0.16628971695899963
-0.35900330543518066 0.06428755819797516 0.13084644079208374
-0.3590015769004822 0.03387150540947914 0.1508323699235916
-0.3590080440044403 0.045396000146865845 0.13723766803741455
-0.3400008976459503 0.1211574375629425 0.14161057770252228
-0.34000498056411743 0.12349046766757965 0.1327199786901474
-0.3400021195411682 0.11568207293748856 0.13652250170707703
-0.33499574661254883 0.11534377932548523 0.13792411983013153
-0.3349992036819458 0.12316516041755676 0.1403321772813797
-0.34000736474990845 0.009644055739045143 0.19506008923053741
-0.3400000035762787 0.017117921262979507 0.19697023928165436
-0.33499908447265625 0.01439057569950819 0.19414764642715454
-0.3400025963783264 0.01340140588581562 0.2038276195526123
-0.3349999487400055 0.017203286290168762 0.19991722702980042
-0.3400033414363861 0.0940585806965828 0.2182760387659073
-0.34000587463378906 0.1027057021856308 0.2212035059928894
-0.334999144077301 0.09585002809762955 0.21712052822113037
-0.3399999141693115 0.09541770815849304 0.22561615705490112
-0.3400008976459503 0.0369715616106987 0.1185593456029892
-0.33499887585639954 0.03704025596380234 0.11875434219837189
-0.3400059640407562 0.03884626552462578 0.11018725484609604
-0.34000104665756226 0.030694767832756042 0.11460084468126297
-0.33500248193740845 0.051290225237607956 0.11813369393348694
-0.3350009024143219 0.02918568253517151 0.20369921624660492
-0.3350121080875397 0.016706891357898712 0.18392784893512726
-0.3350071609020233 0.11862561106681824 0.17213532328605652
-0.33500391244888306 0.07179205119609833 0.11602497100830078
-0.33500295877456665 0.11143097281455994 0.19417902827262878
-0.3350033760070801 0.015546327456831932 0.15797866880893707
-0.3350059986114502 0.09433923661708832 0.12356328964233398
-0.3350086510181427 0.09411852061748505 0.21235784888267517
-0.3350048363208771 0.024289356544613838 0.13737481832504272
-0.335006445646286 0.045725658535957336 0.21561594307422638
-0.3350044786930084 0.0691387727856636 0.2197825312614441
-0.33500954508781433 0.1135481745004654 0.1444963961839676
-0.3350004255771637 0.03739618882536888 0.12506069242954254
-0.3349999189376831 0.09322898834943771 0.2227271944284439
-0.3349984288215637 0.10159722715616226 0.2194482535123825
-0.33499911427497864 0.03975226357579231 0.11235778778791428
-0.2850000262260437 0.10128861665725708 0.10862704366445541
-0.1638767421245575 0.03191320225596428 0.10865850001573563
-0.2866069972515106 0.035300351679325104 0.10756420344114304
-0.16421189904212952 0.10139218717813492 0.10860729217529297
-0.16376905143260956 0.12579262256622314 0.20251056551933289
-0.16406144201755524 0.1257580816745758 0.13294047117233276
-0.28499990701675415 0.12583611905574799 0.20244191586971283
-0.2850005030632019 0.12577083706855774 0.13311171531677246
-0.16390323638916016 0.031979963183403015 0.22697816789150238
-0.16402561962604523 0.1014416292309761 0.22697123885154724
-0.28501540422439575 0.03431857377290726 0.2277407944202423
-0.2850011885166168 0.10123005509376526 0.22705043852329254
-0.16395364701747894 0.007441096007823944 0.13305258750915527
-0.1640460044145584 0.00739480834454298 0.2024427205324173
-0.285000205039978 0.007423995994031429 0.13312514126300812
-0.2850002944469452 0.007412153296172619 0.202467679977417
-0.2849990427494049 0.02300342544913292 0.12981458008289337
-0.1639997512102127 0.02439264953136444 0.129318967461586
-0.28500211238861084 0.028081629425287247 0.1256507933139801
-0.1639999896287918 0.028662070631980896 0.12396618723869324
-0.285000205039978 0.03143714368343353 0.10940022021532059
-0.2850015461444855 0.10503390431404114 0.12542589008808136
-0.1639997363090515 0.1047193855047226 0.12451235949993134
-0.16400012373924255 0.10925247520208359 0.12945586442947388
-0.284999281167984 0.11011780053377151 0.1297900527715683
-0.28499969840049744 0.10990708321332932 0.20588059723377228
-0.1639999896287918 0.10917679965496063 0.20614930987358093
-0.2850009500980377 0.10494265705347061 0.21042314171791077
-0.16400009393692017 0.10464362055063248 0.2113102823495865
-0.28500086069107056 0.028296396136283875 0.21044810116291046
-0.28500041365623474 0.0313272625207901 0.2259994000196457
-0.1639995127916336 0.028363913297653198 0.21067968010902405
-0.16400006413459778 0.023546813055872917 0.2059888392686844
-0.2849997580051422 0.02333691343665123 0.2058941274881363
-0.15149974822998047 0.11169466376304626 0.2209540754556656
-0.15162920951843262 0.105964295566082 0.22778120636940002
-0.15150000154972076 0.11778417229652405 0.22819703817367554
-0.14853864908218384 0.11974579095840454 0.2274629920721054
-0.15149149298667908 0.12690526247024536 0.22050262987613678
-0.1514996886253357 0.11900465190410614 0.21591897308826447
-0.1514865607023239 0.10536763072013855 0.2109919935464859
-0.15152038633823395 0.11062455177307129 0.20586173236370087
-0.15149825811386108 0.11644310504198074 0.20768050849437714
-0.15208563208580017 0.12637540698051453 0.2048112452030182
-0.15150000154972076 0.12700581550598145 0.205349862575531
-0.15149980783462524 0.013856738805770874 0.21316714584827423
-0.15150000154972076 0.0062153395265340805 0.21897535026073456
-0.15150295197963715 0.006971369497478008 0.2209787368774414
-0.151499941945076 0.019161399453878403 0.22087162733078003
-0.15149137377738953 0.014378654770553112 0.22817429900169373
-0.15163519978523254 0.02664431743323803 0.22752900421619415
-0.1522214114665985 0.006536460015922785 0.20477373898029327
-0.15149885416030884 0.02032293751835823 0.20554840564727783
-0.15141986310482025 0.028465501964092255 0.21400022506713867
-0.1513911783695221 0.022120729088783264 0.12947697937488556
-0.1514984667301178 0.013060607947409153 0.12062587589025497
-0.15213285386562347 0.00679392134770751 0.13064917922019958
-0.15148033201694489 0.014376312494277954 0.1074109822511673
-0.1515016257762909 0.023540690541267395 0.11533593386411667
-0.15148307383060455 0.006317071616649628 0.11510349810123444
-0.1523365080356598 0.029218191280961037 0.10826875269412994
-0.15148866176605225 0.027831409126520157 0.12423280626535416
-0.15149207413196564 0.11930271983146667 0.10750036686658859
-0.15149976313114166 0.1142871230840683 0.11448859423398972
-0.15149131417274475 0.12698276340961456 0.11553215235471725
-0.15149979293346405 0.11907227337360382 0.12403605133295059
-0.15242840349674225 0.1266268491744995 0.13112525641918182
-0.15190686285495758 0.10511423647403717 0.10799425095319748
-0.15141668915748596 0.11068769544363022 0.12953513860702515
-0.15149524807929993 0.10527261346578598 0.1242799460887909
-0.15629062056541443 0.10220248252153397 0.10806632041931152
-0.1485000103712082 0.11782407015562057 0.2283017635345459
-0.1556864082813263 0.10258140414953232 0.22744286060333252
-0.15497826039791107 0.030871108174324036 0.22766488790512085
-0.14850109815597534 0.00604051910340786 0.21901796758174896
-0.14849908649921417 0.006773315370082855 0.2210998237133026
-0.13999982178211212 0.014069430530071259 0.2278623729944229
-0.14000003039836884 0.1191820353269577 0.22783584892749786
-0.14000007510185242 0.006519123911857605 0.2200714647769928
-0.13999977707862854 0.006550927646458149 0.11526276171207428
-0.140000119805336 0.014310880564153194 0.1077379658818245
-0.13999976217746735 0.11882264912128448 0.10768873989582062
-0.1400000900030136 0.1266106516122818 0.11519768834114075
-0.13999982178211212 0.12672485411167145 0.22001221776008606
-0.15335646271705627 0.029666347429156303 0.1150820180773735
-0.1515544056892395 0.02501211315393448 0.2076207846403122
-0.15310509502887726 0.10384286940097809 0.22156012058258057
-0.15190398693084717 0.10494924336671829 0.2207733392715454
-0.1525205671787262 0.10409064590930939 0.2198469340801239
-0.32187846302986145 0.03920373693108559 0.10730200260877609
-0.3224071264266968 0.045177847146987915 0.10730499029159546
-0.3138490319252014 0.03381592035293579 0.10711713880300522
-0.314458966255188 0.06676427274942398 0.1073017567396164
-0.2874033451080322 0.06696157902479172 0.10730165988206863
-0.28746676445007324 0.06225064396858215 0.1073017492890358
-0.3292233645915985 0.0967196375131607 0.1072954535484314
-0.31455326080322266 0.09371798485517502 0.10730162262916565
-0.3144925832748413 0.06224905326962471 0.10730177164077759
-0.2871323227882385 0.09389141947031021 0.10736899077892303
-0.3265454173088074 0.04063372313976288 0.10730236768722534
-0.3248577415943146 0.039137810468673706 0.117802195250988
-0.3256709575653076 0.0439758263528347 0.11780285835266113
-0.32018014788627625 0.042212482541799545 0.11780591309070587
-0.2875399589538574 0.03528941050171852 0.09540213644504547
-0.3145582675933838 0.0354091040790081 0.09540209174156189
-0.28745555877685547 0.06230798736214638 0.09540203213691711
-0.31446734070777893 0.062240902334451675 0.09540199488401413
-0.28748825192451477 0.06684835255146027 0.09540198743343353
-0.314553827047348 0.06685087829828262 0.09540213644504547
-0.2874274253845215 0.09367377310991287 0.09540192037820816
-0.3144550323486328 0.0938306674361229 0.09540202468633652
-0.15950016677379608 0.01798958331346512 0.20758944749832153
-0.1595008820295334 0.013734610751271248 0.2133614867925644
-0.15950065851211548 0.020075151696801186 0.2209620624780655
-0.15950018167495728 0.025049658492207527 0.2084212303161621
-0.15950001776218414 0.02725335955619812 0.21548205614089966
-0.1595006287097931 0.11041919142007828 0.2207338511943817
-0.15950044989585876 0.11994025856256485 0.214096799492836
-0.15950022637844086 0.11199706792831421 0.2066260129213333
-0.15950007736682892 0.10587712377309799 0.2127438634634018
-0.15950043499469757 0.10966190695762634 0.12838497757911682
-0.15950025618076324 0.1182805746793747 0.1257144808769226
-0.15949925780296326 0.11772694438695908 0.11682198941707611
-0.15949971973896027 0.10627106577157974 0.11752959340810776
-0.15950141847133636 0.012983087450265884 0.12148688733577728
-0.15950053930282593 0.023820025846362114 0.12860658764839172
-0.15950004756450653 0.025246374309062958 0.11567680537700653
