ply
format ascii 1.0
element vertex 1651
property float x
property float y
property float z
end_header
-0.34147047996520996 0.0033777684438973665 0.09451224654912949
-0.34147128462791443 0.002544053364545107 0.09176275879144669
-0.33696988224983215 0.0031737694516777992 0.09383584558963776
-0.33697089552879333 0.0016773509560152888 0.09120684117078781
-0.34127309918403625 0.0014893740881234407 0.09722825139760971
-0.33696842193603516 0.0023893588222563267 0.09628110378980637
-0.34147173166275024 -0.0012653813464567065 0.09081560373306274
-0.33697155117988586 -0.0013337073614820838 0.09109830856323242
-0.33697012066841125 -0.0029034302569925785 0.09282013028860092
-0.34147047996520996 -0.003487701527774334 0.09380735456943512
-0.3369681239128113 -0.00279356655664742 0.09563054144382477
-0.34147047996520996 -0.0016083853552117944 0.0970662385225296
-0.3369660973548889 -0.0005584253231063485 0.09706591069698334
-0.3414701521396637 -0.0003559918259270489 -0.09065136313438416
-0.3414713740348816 0.0025709024630486965 -0.09187037497758865
-0.33697083592414856 0.00048754972522147 -0.09078611433506012
-0.336965411901474 0.00277912151068449 -0.0925392135977745
-0.33696848154067993 0.003012652276083827 -0.09500715136528015
-0.34147754311561584 0.0033139518927782774 -0.09528672695159912
-0.33696964383125305 0.0010295145912095904 -0.09701097756624222
-0.34147754311561584 -0.001068498590029776 -0.09752412140369415
-0.336961954832077 -0.0023133447393774986 -0.09631789475679398
-0.34147968888282776 -0.003358579007908702 -0.09325165301561356
-0.3369709849357605 -0.002821308560669422 -0.09237822145223618
-0.22215858101844788 -0.05742870643734932 -0.011179378256201744
-0.259072482585907 -0.060635972768068314 -0.00050000922055915
-0.2529228925704956 -0.05874884873628616 -0.015685494989156723
-0.10182387381792068 -0.04729261249303818 -0.0074996682815253735
-0.1256536841392517 -0.04975356534123421 0.0013747195480391383
-0.1516232192516327 -0.05181440711021423 -0.007595491129904985
-0.20427945256233215 -0.05688152089715004 0.0016567579004913568
-0.043225325644016266 -0.04283427447080612 -0.006163937039673328
-0.0437743254005909 -0.04318014532327652 0.003078435081988573
-0.0734020546078682 -0.0451538972556591 0.004015768878161907
-0.19521300494670868 -0.055088579654693604 -0.012879732064902782
-0.21400800347328186 -0.05386544018983841 -0.0269910991191864
-0.0744861587882042 -0.04098024591803551 -0.030411170795559883
-0.09699156135320663 -0.03959175944328308 -0.03988990560173988
-0.056954704225063324 -0.037687864154577255 -0.03777116537094116
-0.16654586791992188 -0.04699421674013138 -0.03626852110028267
-0.22165164351463318 -0.051064372062683105 -0.037291400134563446
-0.15386450290679932 -0.04299487546086311 -0.043980758637189865
-0.10790471732616425 -0.0435752272605896 -0.030597416684031487
-0.2764381766319275 -0.05657196417450905 -0.030782070010900497
-0.2642563283443451 -0.05527395382523537 -0.03257256746292114
-0.24767374992370605 -0.05399525165557861 -0.033912669867277145
-0.24545131623744965 -0.05655892565846443 -0.024499479681253433
-0.15187689661979675 -0.049618642777204514 -0.02264408953487873
-0.0691792294383049 -0.04313252493739128 -0.018846973776817322
-0.10201413184404373 -0.045195069164037704 -0.02229885943233967
-0.30642619729042053 -0.05726073309779167 -0.031023088842630386
-0.2919870615005493 -0.056467387825250626 -0.03161245211958885
-0.30555397272109985 -0.06089147552847862 -0.01450146734714508
-0.30653050541877747 -0.062102653086185455 -0.0023973004426807165
-0.03429124876856804 -0.03875962644815445 -0.030772661790251732
-0.04279331862926483 -0.04126228392124176 -0.020552916452288628
-0.14563420414924622 -0.050901614129543304 0.010437761433422565
-0.19852764904499054 -0.053412117063999176 0.023568347096443176
-0.1384098082780838 -0.04604644328355789 0.03137948736548424
-0.1899920403957367 -0.050237517803907394 0.03262653201818466
-0.07993610203266144 -0.04406949132680893 0.01761029288172722
-0.1399654895067215 -0.04859153553843498 0.021629031747579575
-0.15635038912296295 -0.04280471056699753 0.044761091470718384
-0.1838962584733963 -0.04639006778597832 0.041898589581251144
-0.12388463318347931 -0.04160943254828453 0.040770310908555984
-0.1986704170703888 -0.05513812229037285 0.014213350601494312
-0.07690441608428955 -0.04180097579956055 0.027859700843691826
-0.03957803547382355 -0.04027838632464409 0.02475130744278431
-0.06333127617835999 -0.037929512560367584 0.03791111707687378
-0.0300326868891716 -0.036511581391096115 0.038079582154750824
-0.30481889843940735 -0.05700039863586426 0.031234515830874443
-0.2723463773727417 -0.05813482776284218 0.023594925180077553
-0.27426162362098694 -0.05551489070057869 0.032618261873722076
-0.3059472143650055 -0.0599127933382988 0.020108571276068687
-0.3054530620574951 -0.0616803877055645 0.006812507752329111
-0.27650877833366394 -0.060818951576948166 0.008374190889298916
-0.24789832532405853 -0.05420913174748421 0.03354925662279129
-0.2426849901676178 -0.0571034699678421 0.021380892023444176
-0.2434581220149994 -0.05900967866182327 0.009963459335267544
-0.04217100888490677 -0.042559776455163956 0.011150732636451721
0.00045423992560245097 -0.04199998453259468 -0.037085261195898056
0.0036699266638606787 -0.05650001019239426 -0.0370003879070282
-0.00839310698211193 -0.05650000646710396 -0.03616831451654434
0.03713605925440788 -0.041999977082014084 -0.002289024880155921
0.037078607827425 -0.05650000646710396 0.004435015842318535
0.035769976675510406 -0.05649999901652336 -0.010275267995893955
-0.008633931167423725 -0.04199998453259468 -0.03605705499649048
0.034115925431251526 -0.04199998453259468 -0.014840896241366863
-0.01854684390127659 -0.04200001433491707 -0.03219732642173767
-0.019409051164984703 -0.05650001019239426 -0.03169267997145653
0.029599294066429138 -0.05649999529123306 -0.02264336682856083
0.028170626610517502 -0.04199998080730438 -0.024151010438799858
-0.028484605252742767 -0.041999977082014084 -0.023887600749731064
-0.030345521867275238 -0.056500017642974854 -0.021669480949640274
0.02135799080133438 -0.04199998825788498 -0.030347146093845367
0.01769326627254486 -0.05650000646710396 -0.03286786377429962
-0.0343269445002079 -0.04199996963143349 -0.013962838798761368
0.011457168497145176 -0.041999973356723785 -0.03537724167108536
-0.036752499639987946 -0.05650000646710396 -0.006275971885770559
-0.0368579737842083 -0.04200002923607826 -0.004225854761898518
-0.03622640296816826 -0.04200003668665886 0.008526168763637543
-0.03601368889212608 -0.05649999529123306 0.009379537776112556
-0.030067825689911842 -0.04200004041194916 0.021939480677247047
-0.02954047918319702 -0.05649999529123306 0.02264297567307949
-0.019143443554639816 -0.04200001433491707 0.03193357214331627
-0.020689496770501137 -0.05649999529123306 0.03076780028641224
-0.01072976365685463 -0.05649999901652336 0.03559786081314087
-0.005997916217893362 -0.041999973356723785 0.03668520972132683
0.0020934515632689 -0.05649999901652336 0.03713100403547287
0.006859390996396542 -0.04199998825788498 0.036542363464832306
0.01378590427339077 -0.056499991565942764 0.03449121117591858
0.020512409508228302 -0.041999951004981995 0.031178534030914307
0.024832526221871376 -0.05649999529123306 0.02778029628098011
0.031515732407569885 -0.04199996218085289 0.01986052095890045
0.03273782506585121 -0.056499991565942764 0.01757979765534401
0.03607172518968582 -0.041999995708465576 0.008764290250837803
-0.07999513298273087 0.059000007808208466 -0.0024976821150630713
-0.07838921993970871 0.059000007808208466 -0.016430485993623734
-0.07927962392568588 0.04450000450015068 -0.011380752548575401
-0.07999513298273087 0.04450000450015068 0.0024976821150630713
-0.07927962392568588 0.059000007808208466 0.011380752548575401
-0.07838921993970871 0.04450000450015068 0.016430485993623734
0.021184030920267105 0.059000007808208466 0.07727833837270737
0.0014102893183007836 0.059000007808208466 0.08027523010969162
0.008611666969954967 0.04450000450015068 0.07973551005125046
0.026082495227456093 0.04450000450015068 0.07576732337474823
-0.07419206202030182 0.059000007808208466 0.030613206326961517
-0.07282087206840515 0.04450000450015068 0.033529434353113174
0.03431834280490875 0.059000007808208466 0.07234953343868256
0.044108033180236816 0.04450000077486038 0.06710505485534668
0.04633942246437073 0.059000007808208466 0.06538225710391998
-0.06417880207300186 0.059000007808208466 0.047924384474754333
-0.06107284501194954 0.04450000450015068 0.05208166688680649
0.05699401721358299 0.059000007808208466 0.05626032501459122
0.05914602801203728 0.04450000450015068 0.05408033728599548
-0.05051210895180702 0.059000007808208466 0.06238213926553726
-0.044647589325904846 0.04450000450015068 0.06659844517707825
0.06706810742616653 0.059000007808208466 0.04401394724845886
0.0686892420053482 0.04450000450015068 0.041295263916254044
-0.03344050422310829 0.059000007808208466 0.07279563695192337
-0.028713269159197807 0.04450000450015068 0.07478830963373184
0.07512366026639938 0.059000007808208466 0.02793440967798233
0.07623881846666336 0.04450000450015068 0.024970872327685356
-0.018351398408412933 0.059000007808208466 0.07798458635807037
-0.011327964253723621 0.04450000450015068 0.07938771694898605
0.07916976511478424 0.059000007808208466 0.01250126026570797
0.08004388213157654 0.04450000450015068 0.0053941053338348866
0.08004388213157654 0.059000007808208466 -0.0053941053338348866
0.07916976511478424 0.04450000450015068 -0.01250126026570797
0.07623881846666336 0.059000007808208466 -0.024970872327685356
0.07512366026639938 0.04450000450015068 -0.02793440967798233
0.0686892420053482 0.059000007808208466 -0.041295263916254044
0.0691150352358818 0.04450000450015068 -0.04046454653143883
0.0610412135720253 0.04450000450015068 -0.05193285271525383
0.057856883853673935 0.059000007808208466 -0.05556416139006615
0.047971174120903015 0.04450000450015068 -0.06428836286067963
0.04397410899400711 0.059000007808208466 -0.0669950470328331
0.03246522322297096 0.04450000450015068 -0.07326242327690125
0.02618812769651413 0.059000007808208466 -0.07590606808662415
0.015330923721194267 0.04450000450015068 -0.07872267067432404
0.004625838249921799 0.059000007808208466 -0.08006411790847778
-0.004566754214465618 0.04450000450015068 -0.08006411790847778
-0.011410060338675976 0.059000007808208466 -0.07924217730760574
-0.02418239414691925 0.04450000450015068 -0.07645374536514282
-0.02495208941400051 0.059000007808208466 -0.07612732797861099
-0.04127521812915802 0.059000007808208466 -0.06874094903469086
-0.042299795895814896 0.04450000450015068 -0.06811483949422836
-0.05550907179713249 0.059000007808208466 -0.057748667895793915
-0.05631908401846886 0.04450000450015068 -0.056958600878715515
-0.06468530744314194 0.059000007808208466 -0.04714000225067139
-0.06526867300271988 0.04450000450015068 -0.046328600496053696
-0.07282087206840515 0.059000007808208466 -0.033529434353113174
-0.07419206202030182 0.04450000450015068 -0.030613206326961517
-0.12765303254127502 0.04517344757914543 0.026574397459626198
-0.12881815433502197 0.0426485501229763 0.03181137889623642
-0.12330503016710281 0.04354489967226982 0.032429132610559464
-0.12477004528045654 0.046507157385349274 0.030359886586666107
-0.13170166313648224 0.04484265297651291 0.019821902737021446
-0.13182203471660614 0.04645683243870735 0.007236037869006395
-0.10983891785144806 0.03860187157988548 0.042672619223594666
-0.1051066592335701 0.040264539420604706 0.041600774973630905
-0.12301254272460938 0.04638154059648514 -0.030987484380602837
-0.1280127614736557 0.042351365089416504 -0.03251991420984268
-0.12720124423503876 0.04639596864581108 -0.0235954187810421
-0.13137991726398468 0.044781919568777084 -0.020202849060297012
-0.10355011373758316 0.040310658514499664 -0.041985899209976196
-0.11340987682342529 0.039400845766067505 -0.041005875915288925
-0.13486020267009735 0.046631455421447754 0.0011699252063408494
-0.13486182689666748 0.04605350270867348 -0.009594280272722244
-0.05128750577569008 0.0189080610871315 -0.04858823120594025
-0.03995584324002266 0.020368460565805435 -0.05018147453665733
-0.03608710318803787 0.00651593366637826 -0.048702653497457504
-0.04219745472073555 0.02281137742102146 -0.0517740324139595
-0.05371393635869026 0.024312814697623253 -0.05271001532673836
-0.06636419892311096 0.01994236186146736 -0.049609631299972534
-0.026917289942502975 0.018740788102149963 -0.05168740451335907
-0.025354648008942604 0.02951313555240631 -0.05320264771580696
-0.025589777156710625 0.021265195682644844 -0.05323105305433273
-0.04294770583510399 0.02983352728188038 -0.05241865664720535
-0.03272522985935211 0.029916953295469284 -0.04875962808728218
-0.030711472034454346 0.0058363392017781734 -0.04928535595536232
-0.010364093817770481 0.02185182459652424 -0.05736195668578148
-0.007325539365410805 0.0185407567769289 -0.05612029507756233
0.03903524577617645 -0.03169728070497513 -0.024066543206572533
0.04630989581346512 -0.008071059361100197 -0.02364533208310604
0.04758043587207794 -0.013856679201126099 -0.01767396740615368
0.03548027575016022 -0.041987381875514984 0.023659663274884224
0.03995079919695854 -0.012861108407378197 0.03163847699761391
0.030441386625170708 -0.04198433831334114 0.029777754098176956
-0.018974941223859787 -0.04200161248445511 0.03795361891388893
-0.02482958324253559 -0.03863014653325081 0.03616177663207054
-0.03142290934920311 -0.04200292006134987 0.028586935251951218
0.03461186960339546 -0.007719740737229586 -0.03886668011546135
0.03367788717150688 0.01890229992568493 -0.04567955434322357
0.04036103934049606 0.01846148818731308 -0.03971527889370918
0.009990007616579533 0.002474649576470256 -0.0531991645693779
0.002781222341582179 0.018815118819475174 -0.05657465010881424
0.021211892366409302 0.01808689907193184 -0.052483055740594864
0.030294720083475113 -0.025600727647542953 0.03672100976109505
0.020690102130174637 -0.04200097918510437 0.03723569214344025
-0.008137276396155357 -0.03155351057648659 0.04505293816328049
-0.0157613568007946 -0.033935125917196274 0.04253217950463295
0.04176679626107216 0.008068402297794819 0.035835448652505875
0.04323335736989975 0.018447579815983772 0.03671161085367203
0.033626340329647064 0.018756216391921043 0.04576122760772705
0.04456796869635582 -0.014463727362453938 0.023947807028889656
0.0025158957578241825 -0.025798264890909195 -0.04746752604842186
0.010218068026006222 -0.025012964382767677 -0.046630509197711945
0.011217006482183933 -0.042001109570264816 -0.04103940352797508
0.026082206517457962 -0.007836377248167992 -0.04507794231176376
-0.006622180342674255 -0.03180081024765968 -0.04526514187455177
-0.006130903959274292 -0.01555917039513588 -0.04987318813800812
0.040928397327661514 -0.007736593950539827 -0.03217335417866707
0.04409073293209076 -0.026950135827064514 0.016972584649920464
0.04932408407330513 -0.0077434927225112915 0.016672853380441666
0.027047602459788322 -0.007574260700494051 0.044536661356687546
0.024294758215546608 0.018348274752497673 0.051178887486457825
0.022978076711297035 0.008442271500825882 -0.05010218918323517
0.03827972710132599 -0.042003072798252106 -0.01900181919336319
0.04296875 -0.031805310398340225 -0.015776420012116432
0.045329876244068146 -0.03163992986083031 -0.007268925197422504
-0.00197958224453032 -0.04200073704123497 -0.04245589300990105
0.05084254965186119 -0.01329443883150816 0.0006195908645167947
0.05653003230690956 0.017560863867402077 -0.0014940560795366764
0.05603686347603798 0.017602594569325447 0.007723342627286911
0.051491715013980865 -0.007717131171375513 0.0076326532289385796
-0.005815228447318077 -0.04200044646859169 0.04206563159823418
0.03414228558540344 -0.024950936436653137 -0.033568426966667175
0.00022020759934093803 -0.026497311890125275 0.0473337322473526
0.04262871667742729 -0.04200461879372597 0.0003427310148254037
0.045742347836494446 -0.028554098680615425 0.009876742027699947
0.05022570863366127 0.018277086317539215 0.02629253827035427
0.05331098288297653 0.018523452803492546 -0.01942853257060051
0.05572792515158653 0.01814820058643818 -0.010601204819977283
0.0522310808300972 -0.0033009496983140707 -0.009197574108839035
0.01751476339995861 -0.026081770658493042 0.04411647468805313
0.017497802153229713 -0.007292894180864096 0.04913532733917236
0.007476945407688618 -0.014275471679866314 0.05003749206662178
0.035322122275829315 -0.0077331289649009705 0.03823881596326828
-0.01676975004374981 -0.04200858622789383 -0.039137981832027435
-0.016302835196256638 -0.03447466716170311 -0.04203478619456291
0.014271385036408901 -0.007993752136826515 -0.05006233602762222
0.007688799872994423 -0.04199566692113876 0.04196976125240326
0.00037548536784015596 -0.0030393467750400305 -0.053096916526556015
0.03899473696947098 -0.042001236230134964 0.016732214018702507
-0.022618010640144348 -0.036569684743881226 -0.03887581825256348
0.023656832054257393 -0.024231217801570892 0.04172403737902641
-0.008443793281912804 0.005557375494390726 -0.053888339549303055
0.004318879451602697 0.00553865497931838 0.05444493889808655
-0.0038029919378459454 -0.003910678904503584 0.05278778076171875
0.016005832701921463 0.0029137239325791597 0.05174209550023079
0.02488788403570652 -0.026308422908186913 -0.04035310074687004
0.04478469863533974 0.008534396067261696 -0.03210598975419998
0.04997386410832405 0.018288470804691315 -0.026811551302671432
0.045781005173921585 -0.03180308640003204 0.0003376746899448335
0.016916388645768166 -0.027283664792776108 -0.04397856444120407
0.025784755125641823 -0.042002350091934204 -0.034034665673971176
-0.033695437014102936 -0.041950661689043045 -0.026279116049408913
-0.029204169288277626 -0.03988541290163994 -0.032221678644418716
0.010003608651459217 0.018512146547436714 0.055774472653865814
-0.003364314790815115 0.019174419343471527 0.05664270371198654
-0.009817049838602543 0.004409400280565023 0.053429119288921356
0.05368436872959137 0.018407683819532394 0.01827424019575119
-0.029078615829348564 -0.03630516678094864 -0.038364868611097336
-0.08609848469495773 0.038665030151605606 -0.04771193489432335
-0.08496315777301788 0.01885666511952877 -0.04827365279197693
-0.095158152282238 0.03567609563469887 -0.046281568706035614
-0.06514710187911987 0.023979047313332558 -0.055255692452192307
-0.07413239032030106 0.024318015202879906 -0.05302231386303902
-0.06514523178339005 0.015410537831485271 -0.04779496043920517
-0.039926767349243164 -0.04216058552265167 -0.017624596133828163
-0.1018812283873558 -0.04665664955973625 -0.022490723058581352
-0.033319517970085144 -0.04026803374290466 0.02874329499900341
-0.039965126663446426 -0.04201146587729454 0.01753891445696354
-0.03785748407244682 0.013907469809055328 0.04925145208835602
-0.0367509201169014 0.02976912073791027 0.04881853982806206
-0.041339803487062454 0.021929828450083733 0.05115460231900215
-0.025599569082260132 0.02126881293952465 0.053187835961580276
-0.025432219728827477 0.02925821952521801 0.053313396871089935
-0.02744545415043831 0.017364170402288437 0.05127042531967163
-0.0528050996363163 0.024238917976617813 0.05253235250711441
-0.052934933453798294 0.01894916035234928 0.048484113067388535
-0.0644046813249588 0.023921335116028786 0.055312808603048325
-0.06583123654127121 0.021632136777043343 0.051116377115249634
-0.06960401684045792 0.016743721440434456 0.048017241060733795
-0.07615847885608673 0.023215126246213913 0.051791246980428696
-0.07263942062854767 0.024343430995941162 0.0539100207388401
-0.0869578868150711 0.03523947671055794 0.04758380725979805
-0.0868668183684349 0.01715923845767975 0.04814571514725685
-0.09566473960876465 0.03259873017668724 0.04667235165834427
-0.09055368602275848 0.02736559882760048 0.04746154323220253
-0.09658689051866531 0.03681622073054314 0.04558928683400154
-0.08979619294404984 0.045020610094070435 0.045930031687021255
-0.023568570613861084 -0.035682566463947296 0.03990480303764343
-0.014360683038830757 0.019216597080230713 0.05480503663420677
-0.013784562237560749 0.021725431084632874 0.056525275111198425
-0.08076497167348862 0.04602097347378731 0.049996618181467056
-0.09114187210798264 0.046479057520627975 0.027869725599884987
-0.10719224065542221 0.04648144170641899 0.0014602331211790442
-0.10329530388116837 0.04650000110268593 0.0022501840721815825
-0.09508784860372543 0.04654534533619881 0.0009904634207487106
-0.10324258357286453 0.046504080295562744 -0.0019575809128582478
-0.10650530457496643 0.04650000110268593 -0.0017957136733457446
-0.09292782843112946 0.04650000110268593 -0.0192263200879097
-0.08854223787784576 0.046276386827230453 -0.03510774299502373
-0.08089658617973328 0.04633558541536331 -0.049896374344825745
-0.09575234353542328 0.04088018089532852 0.04427887126803398
-0.10249027609825134 0.03568711876869202 0.04578264057636261
-0.0930134505033493 0.04168727621436119 -0.044963277876377106
-0.10235883295536041 0.03415980935096741 -0.046520717442035675
-0.10480561852455139 0.03727827966213226 -0.04452213644981384
-0.06136004254221916 0.029315516352653503 -0.054520655423402786
-0.04911763221025467 0.02894599922001362 -0.05226362496614456
-0.06975527852773666 0.02879447676241398 -0.056921228766441345
-0.06943365186452866 0.02604844607412815 -0.05700273439288139
-0.06854086369276047 0.030021386221051216 -0.05871466174721718
-0.03818424791097641 0.029988978058099747 -0.05249238386750221
-0.0377592034637928 0.029750416055321693 -0.04925920069217682
-0.03148094192147255 0.02999689057469368 -0.052014850080013275
-0.01545407623052597 0.0300134364515543 -0.058856941759586334
-0.00819915346801281 0.02995564229786396 -0.05839373916387558
-0.00941416248679161 0.02906056120991707 -0.05747562274336815
-0.0002527770702727139 0.02164985053241253 -0.05800097435712814
0.0009474305552430451 0.02976851351559162 -0.05823319032788277
0.0003940422902815044 0.02886488288640976 0.05817869305610657
0.005105957854539156 0.021660812199115753 0.05804271623492241
-0.010912496596574783 0.029367275536060333 0.05719587206840515
0.014990692026913166 0.029017195105552673 0.05623579025268555
0.021999241784214973 0.02151782438158989 0.05382700264453888
0.031679220497608185 0.029330775141716003 0.04904788359999657
0.032101038843393326 0.021393371745944023 0.04838978871703148
0.036004312336444855 0.029063260182738304 0.045568618923425674
0.04000323265790939 0.02134881354868412 0.04216529056429863
0.04453961178660393 0.028875453397631645 0.03733185678720474
0.05177588760852814 0.029447853565216064 0.02687763422727585
0.04691708832979202 0.021026186645030975 0.034300338476896286
0.053266867995262146 0.020895574241876602 0.0233659278601408
0.05693190544843674 0.02909678779542446 0.012003649026155472
0.05539470911026001 0.02977844327688217 0.018422327935695648
0.055534377694129944 0.02067934162914753 0.01694677025079727
0.05821807309985161 0.02027168497443199 0.003609397215768695
0.05829118192195892 0.02913179248571396 0.000607827736530453
0.05698394030332565 0.029276130720973015 -0.012650594115257263
0.056432731449604034 0.020579868927598 -0.014148338697850704
0.052760932594537735 0.02082028053700924 -0.02418098971247673
0.052075743675231934 0.029430383816361427 -0.02620340883731842
0.04870818555355072 0.021017801016569138 -0.031688399612903595
0.04584861919283867 0.0289559718221426 -0.03570108860731125
0.03974631428718567 0.021364733576774597 -0.04257626086473465
0.0430498905479908 0.029363350942730904 -0.03967626020312309
0.031486790627241135 0.029410796239972115 -0.049095600843429565
0.025128325447440147 0.021576598286628723 -0.05247311294078827
0.02167518250644207 0.028635406866669655 -0.05382825806736946
0.010799352079629898 0.028924979269504547 -0.05716048181056976
0.00763061223551631 0.02167004905641079 -0.057796020060777664
-0.043555036187171936 -0.04202091321349144 0.002041555242612958
-0.042696282267570496 -0.04199695214629173 -0.008657868951559067
-0.07876243442296982 0.0445060171186924 -0.050849564373493195
-0.02889564260840416 0.029985325410962105 0.053732436150312424
-0.03173518553376198 0.004006370902061462 0.048884790390729904
-0.029913807287812233 0.02963820844888687 0.04974415525794029
-0.03395884856581688 0.03000103309750557 0.051675450056791306
-0.03883637115359306 0.02997439168393612 0.05289890244603157
-0.04215067997574806 0.029065897688269615 0.05169114097952843
-0.05169425532221794 0.03001360222697258 0.05369587615132332
-0.042395006865262985 0.030000239610671997 0.05745605379343033
-0.06970488280057907 0.029844345524907112 0.05743537098169327
-0.05972206965088844 0.02914498560130596 0.054021961987018585
-0.06957141309976578 0.02632400020956993 0.05704956129193306
-0.07030956447124481 0.04450002312660217 0.056499652564525604
-0.07712801545858383 0.044479288160800934 0.051500290632247925
-0.10595972836017609 0.04348723217844963 -0.00245512998662889
-0.10278105735778809 0.04218442738056183 -0.0014181010192260146
-0.10764343291521072 0.043457165360450745 0.001002026372589171
-0.1034378707408905 0.04346536099910736 0.00232955114915967
-0.09335911273956299 0.04458492994308472 0.013808578252792358
-0.094012051820755 0.044639524072408676 -0.00957663357257843
-0.09004159271717072 0.04509458318352699 0.029457498341798782
-0.08546242862939835 0.04464816302061081 -0.04004612937569618
-0.071902334690094 0.044500019401311874 -0.05487585812807083
-0.021491246297955513 0.030000528320670128 -0.058629266917705536
-0.027135474607348442 0.03000001236796379 -0.056282661855220795
-0.026381036266684532 0.029999904334545135 -0.06230871006846428
0.023437313735485077 0.030000481754541397 0.06659054011106491
0.020516546443104744 0.030000116676092148 0.07289525866508484
0.022529248148202896 0.02999311313033104 0.06749892979860306
0.03023102879524231 0.030000029131770134 0.07042532414197922
0.05909264460206032 0.030000200495123863 -0.019119439646601677
0.05924970656633377 0.03008089028298855 -0.014055775478482246
0.05351061746478081 0.02999814972281456 -0.028895750641822815
0.050048332661390305 0.0300009585916996 -0.054312676191329956
0.04614550620317459 0.03000015765428543 -0.054110296070575714
0.0462980717420578 0.030000433325767517 -0.06001836806535721
-0.04841991141438484 0.02998683974146843 0.07623516023159027
-0.03740445524454117 0.02999993786215782 0.06733634322881699
-0.041468508541584015 0.030000127851963043 0.06394628435373306
0.019838599488139153 0.029997216537594795 0.061298660933971405
0.059272151440382004 0.029999759048223495 -0.04458330199122429
0.06549828499555588 0.03000042401254177 -0.03915802761912346
0.06041473522782326 0.02999998815357685 -0.04048808664083481
0.08992572873830795 0.030000001192092896 0.006244200747460127
0.0752088651061058 0.03000009059906006 0.01692499779164791
0.07634089887142181 0.030000099912285805 0.00386333791539073
0.08706603944301605 0.030000001192092896 0.023421023041009903
0.08706603944301605 0.030000001192092896 -0.023421024903655052
0.08969257026910782 0.029999999329447746 -0.008505281992256641
0.07446321845054626 0.029999930411577225 -0.013410693034529686
0.022588305175304413 0.02999282069504261 0.08728202432394028
0.07492252439260483 0.029999714344739914 -0.018286071717739105
0.022307341918349266 0.03000207059085369 0.060101449489593506
0.03863196820020676 0.029996512457728386 0.08145754039287567
-0.03136006370186806 0.030000459402799606 0.06738682836294174
0.008371460251510143 0.03000039979815483 -0.07306858152151108
0.006072462536394596 0.029993297532200813 -0.06795468926429749
0.004075249657034874 0.030000213533639908 -0.07394015789031982
0.060568563640117645 0.029999440535902977 0.021775459870696068
0.0642651841044426 0.02999994531273842 0.02458670735359192
0.05784566327929497 0.03000008314847946 0.024907339364290237
0.0131688779219985 0.02999855950474739 0.05934048071503639
0.03685494139790535 0.029999764636158943 0.06684218347072601
-0.02577054314315319 0.03000023402273655 0.07115430384874344
-0.029631448909640312 0.029998891055583954 0.0851130411028862
0.026182297617197037 0.0301302932202816 0.05471757799386978
0.058905959129333496 0.03000028431415558 0.01717735454440117
0.022417306900024414 0.03000003658235073 -0.06487744301557541
0.016115456819534302 0.03000265546143055 -0.05738767236471176
0.015060863457620144 0.030000723898410797 -0.05912565067410469
0.030290191993117332 0.030002303421497345 -0.08489246666431427
0.014906048774719238 0.02999970316886902 -0.0757932960987091
0.013418623246252537 0.029998868703842163 -0.08913421630859375
0.020935894921422005 0.030000172555446625 -0.07235100120306015
-0.01983812265098095 0.03000013530254364 0.0743861272931099
0.07213063538074493 0.030000077560544014 -0.023068327456712723
0.05385753884911537 0.029999880120158195 0.0722271129488945
0.03840826079249382 0.029999764636158943 0.060877878218889236
-0.012644875794649124 0.029999999329447746 0.08923519402742386
0.07889170199632645 0.030000001192092896 -0.044014181941747665
0.06855924427509308 0.030000658705830574 -0.029279183596372604
-0.026786133646965027 0.029999541118741035 0.06308713555335999
0.04877043887972832 0.02998557686805725 -0.0760275274515152
0.036573152989149094 0.02999994158744812 -0.06519433110952377
-0.024741215631365776 0.03000021167099476 -0.07217134535312653
-0.02739531174302101 0.029997019097208977 -0.06453592330217361
-0.03300176560878754 0.029999854043126106 -0.06782399863004684
0.06857915222644806 0.029999859631061554 -0.035041652619838715
0.07185421139001846 0.030000552535057068 0.023355502635240555
0.06804092973470688 0.029998639598488808 0.027922429144382477
0.042489588260650635 0.029999472200870514 -0.06434235721826553
0.06032591685652733 0.030000785365700722 0.011913691647350788
-0.01480728667229414 0.03000023402273655 0.07331939041614532
0.058477066457271576 0.030000003054738045 -0.02458130568265915
0.059835128486156464 0.030009325593709946 0.004382759798318148
-0.001029790029861033 0.029996849596500397 -0.09007469564676285
-0.005343450233340263 0.030000105500221252 -0.07648856937885284
-0.01650058664381504 0.030005428940057755 -0.0885908380150795
-0.0005026193684898317 0.029999904334545135 -0.07687406241893768
0.04659789428114891 0.03000016324222088 0.052834294736385345
0.03546149283647537 0.029999935999512672 0.05571813881397247
0.058697573840618134 0.02999943494796753 -0.049839336425065994
0.06573402136564255 0.030000004917383194 -0.0616995133459568
0.04295624792575836 0.030000852420926094 0.04673049598932266
0.05507848784327507 0.030000001192092896 -0.053299590945243835
-0.03514571115374565 0.030078256502747536 -0.08303514122962952
0.030186546966433525 0.030008871108293533 0.053869038820266724
-0.010904529131948948 0.029999878257513046 -0.06461481004953384
0.06444678455591202 0.029999053105711937 -0.024815868586301804
0.05229390785098076 0.03000025637447834 0.05430598184466362
0.07889170199632645 0.030000001192092896 0.044014181941747665
0.06873199343681335 0.029999949038028717 0.03493016958236694
0.0464685820043087 0.029951265081763268 0.03680514916777611
0.06573447585105896 0.030000003054738045 0.06169901043176651
-0.023010630160570145 0.029999734833836555 0.05914720147848129
-0.02650723047554493 0.0299996305257082 0.05833090841770172
0.06685540080070496 0.02999933622777462 0.008183778263628483
0.07655230909585953 0.030000194907188416 -0.0032843388617038727
0.06989981979131699 0.02999991923570633 -0.008944724686443806
0.04617447406053543 0.03000023402273655 0.0397607684135437
0.05777476727962494 0.03000059351325035 0.051168207079172134
0.030579768121242523 0.029999399557709694 -0.05979664996266365
0.03265608102083206 0.029981892555952072 -0.0513886995613575
-0.008141852915287018 0.03000003471970558 -0.06323709338903427
0.047320153564214706 0.030000438913702965 -0.0387970432639122
-0.0031864142511039972 0.029999718070030212 -0.06079985201358795
-0.010498554445803165 0.03000021167099476 -0.0680280476808548
0.043102629482746124 0.0299987830221653 -0.04525766894221306
-0.010217070579528809 0.029999708756804466 0.07179407775402069
-0.005645988043397665 0.029999827966094017 0.07640086859464645
-0.011072011664509773 0.03000066615641117 0.06847544014453888
0.061663590371608734 0.029999732971191406 0.003572524758055806
0.0047392151318490505 0.030000001192092896 0.09000702202320099
-0.012972358614206314 0.029999736696481705 -0.07217376679182053
0.052090369164943695 0.02999955229461193 0.038017578423023224
0.053175754845142365 0.030001051723957062 -0.03462597355246544
0.0005174751859158278 0.030000528320670128 0.07667200267314911
-0.01916707307100296 0.029999714344739914 -0.07446151226758957
0.0389360636472702 0.02999991737306118 -0.04907252639532089
0.05595061555504799 0.02999679185450077 -0.039088815450668335
0.059388644993305206 0.030000079423189163 0.046203263103961945
-0.009477438405156136 0.029999861493706703 0.06496711820363998
0.061081890016794205 0.030000150203704834 -0.0014942557318136096
-0.017401477321982384 0.02999141998589039 0.05839253589510918
-0.00905670877546072 0.030000217258930206 -0.07363344728946686
0.04478997364640236 0.0299989040941 -0.05140865594148636
0.0714302510023117 0.02999972179532051 0.0077954004518687725
0.07197672873735428 0.030001098290085793 0.01002263929694891
-0.042710669338703156 0.03000013157725334 -0.05814876779913902
0.002029375173151493 0.02999967150390148 -0.062170471996068954
-0.012250743806362152 0.02999941259622574 0.0615408718585968
0.05327455326914787 0.030000124126672745 0.035108402371406555
0.05719459056854248 0.029999779537320137 0.03996116295456886
-0.004488002043217421 0.030005214735865593 0.060959313064813614
0.06355604529380798 0.029998742043972015 -0.006113105453550816
-0.05250273644924164 0.03000001423060894 -0.07322747260332108
0.010489728301763535 0.029999714344739914 0.07469110935926437
0.00647936062887311 0.02999923937022686 0.07006865739822388
0.004992693196982145 0.029999887570738792 -0.06551118940114975
0.05344630777835846 0.03000015579164028 0.028987808153033257
-0.039968982338905334 0.02999942936003208 -0.06602727621793747
0.06100662425160408 0.029999932274222374 0.040572091937065125
0.01576083153486252 0.030000068247318268 0.07548421621322632
0.008203077130019665 0.029999973252415657 -0.062100306153297424
0.06577447801828384 0.030000001192092896 0.03886451944708824
0.006158175878226757 0.02999759465456009 0.059292271733284
0.0027467261534184217 0.029998987913131714 0.06243795529007912
0.06192187964916229 0.030000191181898117 -0.010336728766560555
0.008307011798024178 0.0299998726695776 0.06212839111685753
0.005893850699067116 0.02999875508248806 0.068024180829525
0.06809208542108536 0.029999222606420517 -0.00827920250594616
-0.05432911962270737 0.04450001195073128 -0.07188889384269714
-0.039470575749874115 0.04450000822544098 -0.08101743459701538
-0.022991180419921875 0.04450001195073128 -0.08714424073696136
-0.005634197499603033 0.04450000450015068 -0.0899546891450882
0.011934085749089718 0.04450000822544098 -0.08934297412633896
0.029054168611764908 0.044499997049570084 -0.08533094078302383
0.04560624063014984 0.04450000450015068 -0.07778503745794296
0.06032531335949898 0.04450000450015068 -0.06699486821889877
0.07223733514547348 0.04450000450015068 -0.05394374579191208
0.08030931651592255 0.04450000450015068 -0.040837183594703674
0.0861910805106163 0.04450000450015068 -0.026458879932761192
0.089835025370121 0.04450000450015068 -0.007988099940121174
-0.10326804220676422 -0.04775780439376831 -0.016457179561257362
-0.10647857934236526 -0.04812438413500786 -0.014089072123169899
-0.10617853701114655 -0.047613900154829025 -0.016046609729528427
-0.10404983162879944 -0.04768814891576767 -0.012995896860957146
0.08957993984222412 0.04450000450015068 0.010026499629020691
0.0861910879611969 0.04450000450015068 0.02645886316895485
0.08030933141708374 0.04450000450015068 0.04083717241883278
0.07097811251878738 0.04450000450015068 0.05572111904621124
0.05856654793024063 0.04450000450015068 0.06845398992300034
0.04562120884656906 0.044500090181827545 0.07779225707054138
0.029023636132478714 0.044499993324279785 0.08534082770347595
0.011911371722817421 0.04450000450015068 0.08934573829174042
-0.00565088028088212 0.04450000450015068 0.08995333313941956
-0.022996975108981133 0.04450001195073128 0.08714242279529572
-0.03947203606367111 0.04450000822544098 0.08101659268140793
-0.05432940274477005 0.04450000822544098 0.07188864797353745
0.055062372237443924 0.019998716190457344 0.03900522366166115
0.04468761384487152 0.019999029114842415 0.041400425136089325
0.049689605832099915 0.02000013366341591 0.0381479412317276
0.05910859629511833 0.019999872893095016 0.043434735387563705
0.05849685147404671 0.020000047981739044 0.0500657819211483
0.05433925613760948 0.020000331103801727 0.05373823270201683
0.04859606549143791 0.019999880343675613 0.05390194430947304
0.043316200375556946 0.019998768344521523 0.04849516972899437
0.022745244204998016 0.01999984122812748 0.05880748853087425
0.03668133169412613 0.019999563694000244 0.05700505152344704
0.026347894221544266 0.020000392571091652 0.05494137480854988
0.03847889229655266 0.020000558346509933 0.06283745169639587
0.031609464436769485 0.020000196993350983 0.05393819510936737
0.03476063907146454 0.020000383257865906 0.06897739320993423
0.02780895307660103 0.019999971613287926 0.06986353546380997
0.022774526849389076 0.019999505952000618 0.06539119780063629
0.010253011249005795 0.019999153912067413 0.06034110113978386
0.02126990631222725 0.01999865099787712 0.06304199993610382
0.016410663723945618 0.019999269396066666 0.059631090611219406
0.0223664753139019 0.019999830052256584 0.06885325163602829
0.019670329988002777 0.0199991837143898 0.07379058748483658
0.014263658784329891 0.019999561831355095 0.07558739930391312
0.008424113504588604 0.019998854026198387 0.07328368723392487
0.006259403191506863 0.020000742748379707 0.06623926013708115
0.0056532458402216434 0.019999753683805466 0.06745350360870361
0.001547871041111648 0.01999877579510212 0.06164572387933731
-0.005866185761988163 0.01999947801232338 0.061494048684835434
0.003889295272529125 0.020000334829092026 0.07456264644861221
-0.0019033672288060188 0.02000061608850956 0.07704035192728043
-0.0070787109434604645 0.019999653100967407 0.07566278427839279
-0.010020892135798931 0.01999976485967636 0.06617341190576553
-0.010852406732738018 0.019999854266643524 0.06717240065336227
-0.017237113788723946 0.020000163465738297 0.05832008272409439
-0.012389788404107094 0.01999950222671032 0.061584897339344025
-0.013394342735409737 0.019999993965029716 0.0722418949007988
-0.018352966755628586 0.019999869167804718 0.07446406036615372
-0.024917740374803543 0.019999418407678604 0.07218483090400696
-0.027087662369012833 0.019999725744128227 0.0655965730547905
-0.023991823196411133 0.020000122487545013 0.059696510434150696
-0.026303419843316078 0.020001091063022614 0.05999108776450157
-0.0320785753428936 0.01999976672232151 0.052014268934726715
-0.038538310676813126 0.019999505952000618 0.052499640733003616
-0.028348306193947792 0.01999911107122898 0.06506836414337158
-0.028070548549294472 0.019999844953417778 0.05475107952952385
-0.0342445932328701 0.019999833777546883 0.06808461993932724
-0.04072383791208267 0.020000020042061806 0.06503557413816452
-0.0426594577729702 0.020001016557216644 0.05878376588225365
0.03510081395506859 0.019999297335743904 -0.04988577589392662
0.033784594386816025 0.020000150427222252 -0.06372406333684921
0.038364388048648834 0.019999856129288673 -0.06533899903297424
0.030951736494898796 0.020000116899609566 -0.05426008254289627
0.030978884547948837 0.01999957486987114 -0.05990857258439064
0.043667569756507874 0.01999950222671032 -0.06362546235322952
0.04702036827802658 0.019999682903289795 -0.05694213882088661
0.04203545302152634 0.019999027252197266 -0.04958750680088997
0.04662695154547691 0.019999319687485695 -0.052785880863666534
0.043845079839229584 0.020000401884317398 -0.042707327753305435
0.051990337669849396 0.01999993994832039 -0.05432060360908508
0.04358740150928497 0.019998937845230103 -0.04859331622719765
0.05681107938289642 0.019999273121356964 -0.05207008868455887
0.05950272083282471 0.02000005543231964 -0.04709823429584503
0.05764841288328171 0.02000022493302822 -0.04107635095715523
0.053083065897226334 0.020000295713543892 -0.03821679204702377
0.04801374673843384 0.01999984309077263 -0.03875826671719551
0.054057102650403976 0.020000217482447624 -0.027966419234871864
0.05801656097173691 0.019999941810965538 -0.024847155436873436
0.05925643444061279 0.019999852403998375 -0.0403054803609848
0.05477524176239967 0.020000265911221504 -0.0377277210354805
0.052895303815603256 0.019999627023935318 -0.03314153477549553
0.06390014290809631 0.019999774172902107 -0.03996201232075691
0.06863551586866379 0.01999974250793457 -0.03549150004982948
0.06817961484193802 0.019999518990516663 -0.02844342030584812
0.06319893896579742 0.019999971613287926 -0.024547439068555832
0.0604998879134655 0.019999833777546883 -0.01174075249582529
0.06739401072263718 0.020000411197543144 -0.024830767884850502
0.061136625707149506 0.02000015787780285 -0.022616276517510414
0.058869052678346634 0.01999984309077263 -0.016695335507392883
0.07298242300748825 0.019999602809548378 -0.02234184741973877
0.07510461658239365 0.020000098273158073 -0.01643209159374237
0.07254640758037567 0.02000025473535061 -0.010510790161788464
0.06569882482290268 0.020000603049993515 -0.008583921007812023
0.06704429537057877 0.02000005729496479 -0.007963921874761581
0.06124158203601837 0.02000085823237896 -0.002988887717947364
0.07299377024173737 0.019999893382191658 -0.007094595115631819
0.07713484764099121 0.020001113414764404 0.001511509995907545
0.07298460602760315 0.020000291988253593 0.007300490513443947
0.0666983351111412 0.020000135526061058 0.0077923256903886795
0.062095120549201965 0.02000034973025322 0.0043736607767641544
0.05961008742451668 0.01999950222671032 0.013144414871931076
0.05929289385676384 0.02000013366341591 0.019647546112537384
0.06956084072589874 0.01999976672232151 0.008959516882896423
0.07362007349729538 0.020000293850898743 0.01205508690327406
0.06390220671892166 0.01999986730515957 0.009149465709924698
0.0751364678144455 0.02000046893954277 0.01690305583178997
0.07283611595630646 0.019999973475933075 0.022459419444203377
0.06530127674341202 0.019998738542199135 0.024908948689699173
0.052997902035713196 0.019999736919999123 0.03405464068055153
0.06100361794233322 0.01999884657561779 0.023964960128068924
0.05395398288965225 0.020000362768769264 0.02801327034831047
0.0691361278295517 0.01999954879283905 0.03296210989356041
0.06741487979888916 0.019999757409095764 0.027457352727651596
0.06558706611394882 0.019998587667942047 0.039252426475286484
0.05923795700073242 0.020000211894512177 0.040347933769226074
0.0551496222615242 0.01999993436038494 0.038034964352846146
0.006342642940580845 0.020000100135803223 -0.06869473308324814
0.009137330576777458 0.019999226555228233 -0.07381051033735275
0.013850156217813492 0.020000290125608444 -0.059172697365283966
0.007611092180013657 0.020000111311674118 -0.06280606240034103
0.015225055627524853 0.01999993808567524 -0.07560572773218155
0.020319396629929543 0.020000845193862915 -0.07309587299823761
0.022333065047860146 0.019999727606773376 -0.06885193288326263
0.02130669169127941 0.02000059187412262 -0.06282563507556915
-0.003002377226948738 0.019999543204903603 -0.06061568856239319
-0.010558024980127811 0.020000027492642403 -0.06925104558467865
-0.008694523014128208 0.0200003944337368 -0.06385403126478195
-0.005028135608881712 0.019999735057353973 -0.07673399150371552
0.0006355162477120757 0.020000115036964417 -0.07648240029811859
0.005565192084759474 0.01999938115477562 -0.07176968455314636
0.004105386324226856 0.01999959908425808 -0.06385108083486557
-0.02154405228793621 0.01999991200864315 -0.05854202061891556
-0.02665833942592144 0.019998684525489807 -0.06972960382699966
-0.018994228914380074 0.019999273121356964 -0.07473845779895782
-0.01192860770970583 0.019999880343675613 -0.07063610106706619
-0.011343685910105705 0.019999554380774498 -0.0633324608206749
-0.028344154357910156 0.020000021904706955 -0.0542479082942009
-0.03366924822330475 0.020001182332634926 -0.05167036131024361
-0.041791729629039764 0.019998861476778984 -0.06361717730760574
-0.04221322759985924 0.01999914087355137 -0.057265788316726685
-0.038671985268592834 0.019999882206320763 -0.05275548994541168
-0.03495500609278679 0.020000901073217392 -0.06814967095851898
-0.028251435607671738 0.020001117140054703 -0.0650695338845253
-0.026337383314967155 0.020000306889414787 -0.05990004539489746
-0.010178723372519016 0.01999960094690323 0.07113867253065109
0.07613302022218704 0.01999993994832039 -0.0038173298817127943
-0.008723286911845207 0.020000001415610313 -0.07386714220046997
-0.015582992695271969 0.020000034943223 -0.05893297493457794
-0.026005102321505547 0.019999168813228607 -0.06221156194806099
-0.14758993685245514 -0.05278083682060242 -0.016910657286643982
-0.15084506571292877 -0.0521664097905159 -0.015602098777890205
-0.14734266698360443 -0.05134667456150055 -0.01617438904941082
-0.14774172008037567 -0.05279412120580673 -0.012936567887663841
-0.14895062148571014 -0.05177925527095795 -0.012948034331202507
-0.28130072355270386 0.017747262492775917 0.06015215069055557
-0.2778947055339813 0.012012366205453873 0.06077670305967331
-0.27843624353408813 0.017418090254068375 0.060113005340099335
-0.11766368895769119 0.012028300203382969 0.05015663430094719
-0.0812334194779396 0.0013200228568166494 0.04791928082704544
-0.05198625102639198 -0.01991385594010353 0.04434257373213768
-0.030702365562319756 -0.01965150609612465 0.04481317102909088
-0.044478945434093475 -0.008640514686703682 0.046211399137973785
-0.28802597522735596 0.008447772823274136 0.06135820969939232
-0.30642253160476685 -0.006048411596566439 0.06197664514183998
-0.27788329124450684 0.001529491855762899 0.06137249991297722
-0.01822022721171379 -0.0175943523645401 0.0470169261097908
-0.25202512741088867 -0.010793209075927734 0.05998976528644562
-0.1985846906900406 -0.015345657244324684 0.056319091469049454
-0.19827575981616974 -0.007131141144782305 0.056973110884428024
-0.20549964904785156 0.03460104390978813 0.05266520753502846
-0.21191078424453735 0.024111632257699966 0.05557909607887268
-0.16713814437389374 0.02739020437002182 0.051696766167879105
-0.16946913301944733 -0.03766772523522377 0.04919989034533501
-0.08293979614973068 -0.026554564014077187 0.04453609138727188
-0.1828550547361374 -0.025362994521856308 0.053597766906023026
-0.09080713242292404 -0.03620925173163414 0.04261748120188713
-0.2742873728275299 0.02159513160586357 0.05930422246456146
-0.2784307897090912 0.021592509001493454 0.059430401772260666
-0.287971168756485 -0.008798263035714626 0.061368223279714584
-0.2879573702812195 -0.0053749894723296165 0.061566878110170364
-0.0362258180975914 -0.03347078338265419 0.04114137589931488
-0.06220872700214386 -0.035413701087236404 0.04088256508111954
-0.25088903307914734 -0.029516153037548065 0.05694371834397316
-0.11547186225652695 -0.0030948359053581953 0.05017153173685074
-0.27520811557769775 0.012222610414028168 0.06060963124036789
-0.1665218025445938 0.040006496012210846 0.04832104220986366
-0.305908739566803 -0.03075551986694336 0.05805429443717003
-0.2808961868286133 -0.02661328949034214 0.05855843424797058
-0.21447667479515076 -0.03209681808948517 0.05427509546279907
-0.085483618080616 -0.014227909967303276 0.04689336195588112
-0.3047812283039093 -0.018496880307793617 0.060627005994319916
-0.27278628945350647 0.0006935088313184679 0.061331309378147125
-0.1943701207637787 0.014268348924815655 0.055824004113674164
-0.14582137763500214 0.03771300986409187 0.04770062118768692
-0.27434104681015015 0.024386627599596977 0.05878419801592827
-0.24983640015125275 0.023374326527118683 0.05792484059929848
-0.25624653697013855 0.03214259818196297 0.05622247979044914
-0.27519112825393677 0.008055029436945915 0.06101785972714424
-0.2751929461956024 0.001538736978545785 0.06128755584359169
-0.27246537804603577 0.008076404221355915 0.06089720129966736
-0.05262986570596695 0.005915914196521044 0.047627806663513184
-0.30566829442977905 0.018891433253884315 0.06061432510614395
-0.2854491174221039 0.024384841322898865 0.05911502614617348
-0.30613255500793457 0.03066275268793106 0.05806966871023178
-0.2860497832298279 0.02162020653486252 0.05968440696597099
-0.242802694439888 0.012645464390516281 0.059256281703710556
-0.27276527881622314 -0.01472159568220377 0.06034926697611809
-0.2813079059123993 0.024392440915107727 0.05897855386137962
-0.12209158390760422 0.024632040411233902 0.04904083162546158
-0.2813037037849426 -0.01944671757519245 0.0599660761654377
-0.27196648716926575 0.010290553793311119 0.06070917844772339
-0.23275448381900787 0.03438019007444382 0.054301802068948746
-0.28129833936691284 0.02859729900956154 0.05802854150533676
-0.27823975682258606 -0.019419990479946136 0.05987297371029854
-0.27560490369796753 -0.010281175374984741 0.06089562550187111
-0.2756047546863556 -0.003887755796313286 0.06125623732805252
-0.27843552827835083 0.028604160994291306 0.057961612939834595
-0.20615693926811218 0.0046128155663609505 0.0575219951570034
-0.30649876594543457 0.0054216329008340836 0.062018971890211105
-0.2880197763442993 0.011045817285776138 0.06112568825483322
-0.2784290015697479 0.0243944451212883 0.05888655036687851
-0.2813051640987396 0.021595537662506104 0.059513192623853683
-0.27196526527404785 -0.002484566532075405 0.06114555522799492
-0.27197107672691345 -0.011928603984415531 0.060608237981796265
-0.27823910117149353 -0.02607010491192341 0.058610305190086365
-0.28497114777565 -0.03141564503312111 -0.05737318471074104
-0.30589595437049866 -0.03219495713710785 -0.057308994233608246
-0.3051105737686157 -0.020826825872063637 -0.060185305774211884
-0.05172383785247803 -0.0029207870829850435 -0.046923838555812836
-0.09753948450088501 0.0029034886974841356 -0.048978615552186966
-0.2027818262577057 -0.013659740798175335 -0.05680626258254051
-0.20750173926353455 -0.0035245297476649284 -0.05775391682982445
-0.15880712866783142 -0.04105132445693016 -0.04692811518907547
-0.18297842144966125 -0.038273878395557404 -0.0498444139957428
-0.1782761961221695 -0.0267538633197546 -0.05291334167122841
-0.05928030610084534 -0.03447717800736427 -0.04103628918528557
-0.09409116953611374 -0.03534068539738655 -0.043326545506715775
-0.090503990650177 -0.021591322496533394 -0.0461612232029438
-0.08349283039569855 -0.007929852232336998 -0.04741624742746353
-0.06999317556619644 0.00012396578676998615 -0.047467563301324844
-0.2724367678165436 -0.0038592054042965174 -0.061255164444446564
-0.27141138911247253 -0.01905476301908493 -0.059826064854860306
-0.12653663754463196 0.01767575554549694 -0.05025143921375275
-0.10253205895423889 0.01907367631793022 -0.04869294911623001
-0.2358076572418213 0.011150096543133259 -0.05899868533015251
-0.19608086347579956 0.010516874492168427 -0.05637725815176964
-0.2255629301071167 0.02248985879123211 -0.056828491389751434
-0.22500985860824585 -0.025037113577127457 -0.056498147547245026
-0.05827050656080246 -0.022909292951226234 -0.04389107972383499
-0.15857826173305511 0.025204092264175415 -0.05143682658672333
-0.2200985550880432 0.03448573127388954 -0.05365341156721115
-0.16524595022201538 0.03892501816153526 -0.04865318164229393
-0.2522165775299072 -0.032354846596717834 -0.05605814605951309
-0.21255819499492645 -0.035524386912584305 -0.05295723304152489
-0.024362346157431602 -0.0047188554890453815 -0.048558324575424194
-0.13501138985157013 0.03717038407921791 -0.04722414165735245
-0.035299040377140045 -0.01836261712014675 -0.04478068649768829
-0.0356474444270134 -0.033704474568367004 -0.041066791862249374
-0.282866895198822 0.019987722858786583 -0.05991125479340553
-0.30580440163612366 0.031600553542375565 -0.05787116661667824
-0.2830825746059418 0.03172043710947037 -0.05722741410136223
-0.020628850907087326 -0.016452638432383537 -0.04678937420248985
-0.3046940267086029 0.017236167564988136 -0.06078430637717247
-0.019832167774438858 -0.03207392245531082 -0.04281625896692276
-0.27920326590538025 0.008304611779749393 -0.061165761202573776
-0.30561748147010803 0.002845347160473466 -0.06206149235367775
-0.12707222998142242 -0.039231982082128525 -0.04469069465994835
-0.2538948953151703 0.01902601309120655 -0.05895131081342697
-0.2540561854839325 0.03286352753639221 -0.055877625942230225
-0.3063647150993347 -0.012689962983131409 -0.06150462478399277
-0.21567769348621368 0.053014084696769714 0.02760324813425541
-0.2292863130569458 0.051198482513427734 0.037529315799474716
-0.1683882772922516 0.04269929602742195 0.045257508754730225
-0.1614476591348648 0.04494801536202431 0.0354679673910141
-0.12824131548404694 0.03953924775123596 0.04385249689221382
-0.208825021982193 0.05532677844166756 0.008966205641627312
-0.2416793256998062 0.05920013412833214 -0.0005779414786957204
-0.23506814241409302 0.05744383484125137 0.014053191989660263
-0.2074124664068222 0.05569002032279968 -0.001759669161401689
-0.15214930474758148 0.0464642196893692 0.023464089259505272
-0.3055424392223358 0.059676721692085266 0.021494485437870026
-0.3046220541000366 0.05684339255094528 0.03167857974767685
-0.26055654883384705 0.054786261171102524 0.03354280814528465
-0.2774069905281067 0.06079603359103203 0.008520594798028469
-0.30663830041885376 0.06215665116906166 0.0035678367130458355
-0.2672507166862488 0.060834549367427826 -0.002155458787456155
-0.2583273649215698 0.05757156386971474 0.022816460579633713
-0.17235520482063293 0.046175070106983185 -0.03523087128996849
-0.13706964254379272 0.04034729674458504 -0.04386729374527931
-0.18958869576454163 0.04528285935521126 -0.043482355773448944
-0.22761589288711548 0.05092434212565422 -0.037864651530981064
-0.22213734686374664 0.053802020847797394 -0.027010096237063408
-0.20698381960391998 0.054277677088975906 -0.015782365575432777
-0.15461280941963196 0.046509262174367905 -0.02482018619775772
-0.24955077469348907 0.05832425132393837 -0.016002969816327095
-0.3049895465373993 0.05664435029029846 -0.032074883580207825
-0.30520740151405334 0.059493061155080795 -0.02198648452758789
-0.2706001102924347 0.05604124441742897 -0.03152600675821304
-0.3054410517215729 0.06130852922797203 -0.011459951288998127
-0.31093472242355347 0.06452806293964386 0.001782668987289071
-0.31013932824134827 0.0626092255115509 0.014292914420366287
-0.3089807629585266 0.05790712311863899 0.03219108656048775
-0.312311053276062 0.06551335006952286 0.014433076605200768
-0.3102778196334839 0.058287013322114944 0.03357879817485809
-0.3123895823955536 0.06702233850955963 0.0025243782438337803
-0.19714903831481934 0.04555424675345421 0.0434599295258522
-0.1205398440361023 0.03679933398962021 0.04618621617555618
-0.147952139377594 0.0401039719581604 0.045918453484773636
-0.15883037447929382 0.04094293341040611 -0.04653194546699524
-0.16892538964748383 0.04100046306848526 -0.04756871610879898
-0.31013742089271545 0.06273692846298218 -0.01267219614237547
-0.3095657527446747 0.06044871732592583 -0.02353174425661564
-0.31149160861968994 0.06199181452393532 -0.025533612817525864
-0.31016969680786133 0.05803846940398216 -0.033640146255493164
-0.3123573064804077 0.065953828394413 -0.012727520428597927
-0.09473889321088791 -0.037912044674158096 -0.04191870987415314
-0.058740127831697464 -0.03594769909977913 -0.040058434009552
-0.31110286712646484 0.002289149444550276 -0.0650378093123436
-0.31232205033302307 0.009411758743226528 -0.06656213104724884
-0.31109535694122314 0.024951167404651642 -0.06226922571659088
-0.3118115961551666 -0.020090430974960327 -0.06411325186491013
-0.3104584217071533 -0.01750095933675766 -0.06287725269794464
-0.3090931177139282 -0.03209500387310982 -0.05892615392804146
-0.308564692735672 0.016960514709353447 -0.0617956705391407
-0.30869266390800476 -0.0032112891785800457 -0.06298267841339111
-0.3090866804122925 0.032863013446331024 -0.058544110506772995
-0.312391459941864 -0.005613845307379961 -0.06683868914842606
-0.15167541801929474 -0.05118761584162712 -0.022505860775709152
-0.15156152844429016 -0.052489977329969406 -0.0075629884377121925
-0.30879244208335876 -0.061294376850128174 -0.017335163429379463
-0.31184840202331543 -0.06364129483699799 -0.020649781450629234
-0.3104162812232971 -0.05901314690709114 -0.03170717507600784
-0.31065070629119873 -0.06429310142993927 3.123491751466645e-06
-0.31236156821250916 -0.06614181399345398 -0.011184247210621834
-0.3124392032623291 -0.06712321937084198 0.004380745347589254
-0.19366136193275452 -0.046960797160863876 -0.041590578854084015
-0.1591854840517044 -0.04133443161845207 0.04664020240306854
-0.08561236411333084 -0.038368742913007736 0.04019264504313469
-0.11023617535829544 -0.039458516985177994 0.04229947552084923
-0.23496544361114502 -0.051836591213941574 0.03669271245598793
-0.31192365288734436 -0.06383619457483292 0.020280642434954643
-0.31012433767318726 -0.0580965019762516 0.033334650099277496
-0.3109675645828247 -0.06074259802699089 0.02800731547176838
-0.19671165943145752 0.03796746954321861 0.050764523446559906
-0.30590537190437317 0.032797057181596756 0.056948378682136536
-0.3124367594718933 -0.0016476496821269393 0.06708114594221115
-0.3122246563434601 -0.01577269844710827 0.0654221847653389
-0.31061670184135437 -0.004352940712124109 0.0643114447593689
-0.3095515966415405 -0.019112316891551018 0.06183218955993652
-0.3099736273288727 0.01555523369461298 0.06275776773691177
-0.30917394161224365 0.033218637108802795 0.05843522772192955
-0.31111592054367065 0.024943696334958076 0.062248557806015015
-0.3122166693210602 0.012437250465154648 0.06602038443088531
-0.30925729870796204 -0.032949432730674744 0.05857175216078758
-0.23789863288402557 -0.03408428654074669 0.054577749222517014
-0.1904633492231369 -0.03787253424525261 0.05043739080429077
-0.304739385843277 -0.03383037447929382 0.05607563629746437
-0.3162202835083008 -0.06407061964273453 0.020498886704444885
-0.31628143787384033 -0.02358154207468033 0.06306052207946777
-0.3162418305873871 -0.010522156022489071 0.06655380129814148
-0.31572645902633667 0.005067417863756418 0.06696990132331848
-0.3159042000770569 0.033242493867874146 -0.058233439922332764
-0.3164142668247223 0.042526233941316605 -0.05212041735649109
-0.31597399711608887 -0.027494393289089203 -0.061220843344926834
-0.31649544835090637 -0.05927666649222374 0.03194434195756912
-0.3165283501148224 0.014417143538594246 0.06606454402208328
-0.31119582056999207 -0.04923149198293686 0.04580381140112877
-0.3160346746444702 -0.04372391104698181 -0.05114159360527992
-0.31588083505630493 -0.049272242933511734 0.04565604031085968
-0.31099733710289 -0.0453951396048069 -0.049422577023506165
-0.3162658214569092 0.02300417236983776 -0.06321625411510468
-0.31624215841293335 -0.037475813180208206 0.05565880611538887
-0.3110208213329315 -0.052606768906116486 -0.04134773835539818
-0.3163549602031708 0.06326502561569214 -0.022922104224562645
-0.3161548376083374 -0.0023677803110331297 -0.06720080226659775
-0.31591901183128357 -0.056325968354940414 -0.0364547036588192
-0.3163829743862152 -0.018777994439005852 -0.06481201201677322
-0.31599387526512146 0.03154978156089783 0.059160102158784866
-0.3162810802459717 -0.06417158246040344 -0.020138636231422424
-0.31602388620376587 0.056231144815683365 -0.0367230623960495
-0.31646984815597534 0.045015592128038406 0.05016639083623886
-0.3164278566837311 -0.06645546853542328 -0.011069020256400108
-0.31108811497688293 0.04646393284201622 -0.04847799241542816
-0.31123825907707214 0.04887121170759201 0.0460919626057148
-0.31683048605918884 0.053448386490345 -0.04137399047613144
-0.3159540295600891 0.051189277321100235 0.043227262794971466
-0.30567440390586853 0.05028697848320007 0.040185876190662384
-0.3044617474079132 0.04184945672750473 0.049135953187942505
-0.30504482984542847 0.039528314024209976 -0.05122148618102074
-0.3037424385547638 0.048504751175642014 -0.04219486936926842
-0.3087024390697479 0.048259761184453964 -0.04395710304379463
-0.30590614676475525 -0.05057935044169426 -0.0398545041680336
-0.3040772080421448 -0.041779473423957825 -0.04917461425065994
-0.3052355647087097 -0.04897218570113182 0.04175658896565437
-0.3056893050670624 -0.040859319269657135 0.050002556294202805
-0.30916112661361694 -0.05054100975394249 0.04169279709458351
-0.28130456805229187 -0.026608578860759735 0.05652061477303505
-0.2813052237033844 -0.019833095371723175 0.05784770846366882
-0.2782399654388428 -0.019391680136322975 0.05784852057695389
-0.2782398760318756 -0.02621171809732914 0.05651606619358063
-0.28796887397766113 -0.005382333882153034 0.05954322963953018
-0.27197742462158203 0.0010183985577896237 0.05916624143719673
-0.2756044268608093 -0.0038887481205165386 0.059235621243715286
-0.2756050229072571 -0.010280254296958447 0.05887584388256073
-0.27197158336639404 -0.011605762876570225 0.058628398925065994
-0.2725255489349365 -0.014814905822277069 0.058307722210884094
-0.2879679203033447 -0.008798398077487946 0.05933323875069618
-0.2778850793838501 0.011046049185097218 0.058830998837947845
-0.2880295515060425 0.011045779101550579 0.05912012979388237
-0.27773424983024597 0.013044034130871296 0.05862080305814743
-0.27513107657432556 0.011051647365093231 0.058737751096487045
-0.27197521924972534 0.008082488551735878 0.058874621987342834
-0.27519047260284424 0.008060657419264317 0.058994926512241364
-0.2755032479763031 0.0012323326664045453 0.0592966265976429
-0.28553298115730286 0.0067566088400781155 0.05938711762428284
-0.28543394804000854 0.024388033896684647 0.05703765153884888
-0.2773961126804352 0.0244008656591177 0.05680067092180252
-0.28129810094833374 0.028569571673870087 0.05598540976643562
-0.27843472361564636 0.028572866693139076 0.0559011772274971
-0.2742871344089508 0.021602611988782883 0.057250309735536575
-0.2784239947795868 0.02157529443502426 0.05739004164934158
-0.28130123019218445 0.017412589862942696 0.058174122124910355
-0.28130805492401123 0.021591538563370705 0.05747375637292862
-0.2854481041431427 0.021599862724542618 0.05758647993206978
-0.3090422451496124 -0.03970000892877579 0.05269135907292366
-0.3169630765914917 -0.054159920662641525 -0.041577573865652084
-0.31699588894844055 -0.04905012622475624 -0.04990480840206146
-0.316974937915802 -0.03887227550148964 -0.056696273386478424
-0.31695517897605896 0.06657034158706665 0.01911742240190506
-0.3164263069629669 0.05865246430039406 0.033145636320114136
-0.3165743350982666 0.06444922834634781 0.020217524841427803
-0.3169451951980591 0.06027648225426674 0.03395253047347069
-0.3169536888599396 -0.021306142210960388 0.06603006273508072
-0.3169715106487274 -0.03492783010005951 0.06018821522593498
-0.31641948223114014 0.011569301597774029 -0.06624593585729599
-0.31696587800979614 -0.0337863527238369 -0.06054173782467842
-0.31697481870651245 -0.01323867030441761 -0.06888314336538315
-0.316972017288208 -0.001941509312018752 -0.0695812776684761
-0.3169606626033783 0.015399342402815819 -0.06776423007249832
-0.31699517369270325 -0.051953982561826706 0.04662313312292099
-0.3170068562030792 0.03187304362654686 -0.06142888218164444
-0.31697481870651245 0.05191684141755104 0.04661289602518082
-0.31696823239326477 0.03821461275219917 0.05790908262133598
-0.3169708549976349 -0.06104898825287819 0.033224012702703476
-0.3169722855091095 -0.06742380559444427 0.017343206331133842
-0.3169671297073364 0.04631945863366127 -0.051653895527124405
-0.31700384616851807 0.02225806564092636 0.06567075848579407
-0.3162972331047058 -0.06631776690483093 0.01113631296902895
-0.31697046756744385 0.062042608857154846 -0.02893029898405075
-0.31695669889450073 -0.06923696398735046 0.002430046210065484
-0.31640323996543884 0.06666911393404007 -0.009881244041025639
-0.31668612360954285 -0.06765726208686829 2.4997775653901044e-06
-0.31697046756744385 -0.004270034376531839 0.06840820610523224
-0.31700563430786133 0.06773140281438828 -0.017636220902204514
-0.31704097986221313 0.06929615885019302 0.0020715612918138504
-0.3163921535015106 0.06710536032915115 0.0058637927286326885
-0.3170081377029419 -0.06747446954250336 -0.016828609630465508
-0.31665894389152527 -0.060777127742767334 -0.02958625555038452
-0.30842989683151245 -0.040614765137434006 -0.05135539546608925
-0.3088208734989166 0.04254358634352684 0.049858756363391876
-0.27830269932746887 -0.00928784254938364 0.05902547389268875
-0.2842376232147217 -0.007127461489289999 0.05934277921915054
-0.27830249071121216 -0.00492530083283782 0.05928003042936325
-0.28335341811180115 0.008074453100562096 0.05923650786280632
-0.2778850197792053 0.004398823250085115 0.059269778430461884
-0.2778850197792053 0.008059978485107422 0.05907566100358963
-0.3169703781604767 -0.009276499040424824 -0.07859955728054047
-0.3169705271720886 -0.009715364314615726 -0.07590680569410324
-0.3169704079627991 -0.01229163073003292 -0.08242541551589966
-0.3169703483581543 0.09136160463094711 0.022028589621186256
-0.31697097420692444 0.08433644473552704 0.02388780191540718
-0.3169702887535095 0.08403477817773819 0.01862105168402195
-0.3169708251953125 0.01862083002924919 0.08196832239627838
-0.31699031591415405 0.016968807205557823 0.09290347248315811
-0.31697046756744385 0.00267934612929821 0.09221949428319931
-0.3169704079627991 0.015456769615411758 0.07698801904916763
-0.3169703781604767 -0.06527079641819 0.05681896209716797
-0.3169703781604767 -0.06438016146421432 0.06846555322408676
-0.3169703483581543 -0.07632666826248169 0.05483183637261391
-0.3169707953929901 -0.061408769339323044 0.06250040233135223
-0.31697073578834534 0.026517542079091072 0.08372227847576141
-0.31697073578834534 0.08284120261669159 0.010934818536043167
-0.31697049736976624 0.08122092485427856 0.014508343301713467
-0.3169702887535095 -0.006442115176469088 -0.08502067625522614
-0.3169703781604767 0.033831603825092316 0.08768027275800705
-0.3169710338115692 0.0027811569161713123 -0.0697358176112175
-0.3169706165790558 0.01612028479576111 0.07005470991134644
-0.31697046756744385 -0.013785782270133495 -0.09501931816339493
-0.316970556974411 -0.017969230189919472 -0.08531827479600906
-0.31698817014694214 -0.021011073142290115 -0.09157255291938782
-0.3169703185558319 -0.04222997650504112 0.07592228055000305
-0.3169703483581543 -0.05003717169165611 0.07955296337604523
-0.31696951389312744 -0.04849372059106827 0.07256922125816345
-0.31697046756744385 -0.054016176611185074 0.06334757059812546
-0.31697043776512146 -0.07082667201757431 -0.00907923188060522
-0.31697043776512146 0.007124742493033409 -0.07287925481796265
-0.3169703483581543 -0.08543316274881363 -0.039158981293439865
-0.31697073578834534 -0.08275178074836731 -0.023227490484714508
-0.3169703483581543 -0.09136160463094711 -0.022028587758541107
-0.3169700801372528 -0.07675055414438248 -0.025592250749468803
-0.3169704079627991 -0.05076240375638008 0.06704733520746231
-0.3169705271720886 -0.07591807097196579 0.044107504189014435
-0.3169703781604767 -0.08543317764997482 0.03915898874402046
-0.3169702887535095 -0.07067010551691055 0.04796939715743065
-0.31697019934654236 -0.06500322371721268 0.05106787011027336
-0.31696897745132446 0.06918496638536453 -0.010938475839793682
-0.3169701397418976 0.0712604746222496 -0.002903691492974758
-0.31697049736976624 0.03280993551015854 0.07814745604991913
-0.3169707655906677 0.075930155813694 -0.0071290102787315845
-0.3169705867767334 0.0768643394112587 -0.006430968176573515
-0.3169701099395752 0.09410952031612396 7.526474998797994e-10
-0.31697067618370056 0.08726442605257034 0.0052949185483157635
-0.316970556974411 -0.07691874355077744 0.03736579045653343
-0.3169703781604767 -0.0338316485285759 0.08768027275800705
-0.31697070598602295 -0.06396617740392685 0.04764813557267189
-0.3169706463813782 0.011013172566890717 -0.0716375783085823
-0.3169705867767334 -0.07071347534656525 -0.023146573454141617
-0.31697067618370056 -0.04912060499191284 0.061500370502471924
-0.3169704079627991 -0.048313356935977936 0.059088852256536484
-0.3169698417186737 0.009110117331147194 -0.0776095986366272
-0.3169703483581543 0.009937319904565811 -0.07694977521896362
-0.31696972250938416 0.03563901409506798 0.07343464344739914
-0.31697046756744385 0.03239081799983978 0.07011515647172928
-0.31697067618370056 0.022164836525917053 -0.06742621213197708
-0.316970556974411 0.032538220286369324 0.06836390495300293
-0.3169700801372528 -0.033465322107076645 0.07584665715694427
-0.31697046756744385 -0.029893675819039345 0.0819086953997612
-0.31697073578834534 0.04044848307967186 0.075642891228199
-0.31696999073028564 -0.05932791158556938 0.04561690241098404
-0.3169705271720886 -0.02485443279147148 0.0837244763970375
-0.3169703483581543 0.050037138164043427 0.07955299317836761
-0.31696972250938416 -0.03423606976866722 0.07229654490947723
-0.31697070598602295 -0.08406498283147812 0.024964656680822372
-0.3169703483581543 -0.09136159718036652 0.02202862687408924
-0.3169708251953125 -0.07862384617328644 0.03035488724708557
-0.31697043776512146 0.02752813510596752 0.06618068367242813
-0.3169700801372528 0.03348846361041069 0.062405940145254135
-0.31696903705596924 0.08274243026971817 -0.009301521815359592
-0.3169703483581543 0.04698257893323898 0.0741109848022461
-0.3169708549976349 0.08400458097457886 -0.004602836444973946
-0.3169693946838379 0.06997948884963989 -0.022398820146918297
-0.3169703185558319 -0.0763266384601593 -0.0548318475484848
-0.3169703185558319 0.01189661305397749 -0.08203338831663132
-0.3169707953929901 0.05085867643356323 0.06741760671138763
-0.3169702887535095 -0.0024195360019803047 -0.09168913215398788
-0.31697049736976624 -0.002241569571197033 -0.08727723360061646
-0.31697002053260803 -0.07391723990440369 0.03222423791885376
-0.3169703483581543 0.06438018381595612 0.06846552342176437
-0.31698286533355713 -0.017477890476584435 0.09233806282281876
-0.3169703483581543 -0.0452284961938858 0.05816864222288132
-0.3169703781604767 0.04743269085884094 0.056516751646995544
-0.31696996092796326 0.05174899473786354 0.06249421834945679
-0.316970556974411 0.048624902963638306 0.060711100697517395
-0.31697094440460205 0.0033072622027248144 -0.08710048347711563
-0.31695374846458435 -0.008229450322687626 -0.09960979968309402
-0.31697073578834534 0.0446869395673275 0.05805126205086708
-0.3169701099395752 -0.058632560074329376 0.04049280658364296
-0.31697019934654236 -0.019660916179418564 0.08262163400650024
-0.3169706165790558 -0.08408592641353607 0.018742075189948082
-0.31697043776512146 0.057654522359371185 0.06355690211057663
-0.31697043776512146 -0.06088464334607124 -0.054159440100193024
-0.316970556974411 0.0022568455897271633 -0.09167668223381042
-0.31697049736976624 -0.07030471414327621 0.029439682140946388
-0.3169704079627991 -0.0022921229247003794 -0.09628070145845413
-0.3169698715209961 0.007979480549693108 -0.0829165130853653
-0.3169705271720886 -0.05492555350065231 -0.049462106078863144
-0.3169704079627991 0.08710367232561111 -2.5503677534288727e-05
-0.3169686496257782 -0.0317133292555809 0.06940358132123947
-0.31697016954421997 0.04833199828863144 0.050422362983226776
-0.3169700801372528 0.0625857412815094 0.06135334447026253
-0.3169703483581543 -0.06437978148460388 -0.0684659406542778
-0.3169706165790558 -0.06115654483437538 -0.06123953312635422
-0.3169703781604767 -0.047934290021657944 0.05091331526637077
-0.3169705867767334 -0.05821600556373596 -0.06548959761857986
-0.3169705271720886 -0.06717517226934433 0.03003598377108574
-0.3169701397418976 -0.032508350908756256 0.0655898004770279
-0.3169703483581543 0.06581120193004608 0.05475841090083122
-0.31696993112564087 -0.04437807574868202 -0.05392104759812355
-0.3169682025909424 0.027548454701900482 -0.06828244775533676
-0.31697049736976624 0.05704807490110397 0.04544476419687271
-0.3169703483581543 0.0763266533613205 0.0548318587243557
-0.3169703781604767 0.07467439025640488 -0.025250842794775963
-0.3169707655906677 -0.053230173885822296 -0.06741076707839966
-0.316970556974411 -0.003193866927176714 0.0937591940164566
-0.3169705271720886 -0.001460718922317028 0.09674307703971863
-0.3169664442539215 -0.0006479184376075864 0.1000853031873703
-0.3169693350791931 0.02716992050409317 -0.07210107147693634
-0.3169592022895813 -0.00949915312230587 0.09887349605560303
-0.31696751713752747 0.06319992989301682 0.04729751870036125
-0.3169686198234558 0.06257203221321106 0.04762786626815796
-0.3169704079627991 0.05905172973871231 0.04123872518539429
-0.3169708251953125 -0.027087075635790825 0.06594409048557281
-0.31696978211402893 -0.04367222636938095 -0.06065020710229874
-0.31697019934654236 -0.015274645760655403 0.07708481699228287
-0.3169702887535095 0.04322848096489906 -0.05762691795825958
-0.3169611096382141 -0.04486452788114548 -0.06481033563613892
-0.31696873903274536 -0.04711407423019409 -0.06584872305393219
-0.31697046756744385 0.002171491738408804 0.09643329679965973
-0.3169703483581543 -0.04041106253862381 -0.060906779021024704
-0.3169707953929901 0.07244808226823807 0.0475044921040535
-0.3169591426849365 0.007962027564644814 -0.09976745396852493
-0.3169703781604767 0.0023665232583880424 -0.09637077897787094
-0.3169703781604767 -0.05003732442855835 -0.07955272495746613
-0.31696999073028564 -0.03993101045489311 0.057635724544525146
-0.3169704079627991 0.05088729038834572 -0.049354396760463715
-0.3169700503349304 -0.04583793506026268 -0.07082607597112656
-0.3169710636138916 0.030839407816529274 -0.07644587755203247
-0.31697070598602295 0.03890981897711754 -0.06029359623789787
-0.3169702887535095 0.057432856410741806 -0.05045248195528984
-0.31697002053260803 -0.04246452823281288 -0.07679672539234161
-0.3169703483581543 0.028057565912604332 -0.07673520594835281
-0.31697049736976624 -0.0008867657743394375 0.0909874215722084
-0.3169705867767334 -0.08642081171274185 0.007339866366237402
-0.3169701099395752 -0.09410952031612396 2.4873676451875326e-09
-0.31697073578834534 0.044148579239845276 -0.06385014951229095
-0.3169700801372528 0.08577699214220047 -0.01459684781730175
-0.31697043776512146 -0.08232628554105759 0.010961638763546944
-0.316970556974411 -0.08043275028467178 0.013801123015582561
-0.3169703483581543 0.08543317764997482 0.03915898874402046
-0.3169705271720886 0.07687456905841827 0.0414365790784359
-0.31697070598602295 -0.02846750244498253 -0.06553581357002258
-0.3169710636138916 0.04623734578490257 -0.06510231643915176
-0.3169539272785187 0.008262830786406994 0.09952225536108017
-0.31697016954421997 -0.07659872621297836 0.0117879007011652
-0.3169705867767334 -0.08747026324272156 0.0015545065980404615
-0.3169705867767334 0.06698743999004364 0.024846449494361877
-0.3169706463813782 0.06771254539489746 0.030003398656845093
-0.31697043776512146 0.07007842510938644 0.029103761538863182
-0.31697049736976624 0.07388497143983841 0.0322779081761837
-0.3169703483581543 0.09136159718036652 -0.02202862687408924
-0.31697043776512146 0.07655881345272064 0.03629638999700546
-0.3169700801372528 0.07529444992542267 0.03072255477309227
-0.3169706165790558 0.01692827045917511 -0.09246676415205002
-0.3169708847999573 0.017666958272457123 -0.08524488657712936
-0.31697073578834534 -0.024342868477106094 -0.06884242594242096
-0.3169616758823395 -0.02816634438931942 -0.07237571477890015
-0.3169662654399872 -0.02751089818775654 -0.07283958792686462
-0.31697016954421997 -0.06634683907032013 0.02284219115972519
-0.3169703185558319 0.02655339613556862 -0.08132776618003845
-0.316970556974411 -0.07228314876556396 0.012899222783744335
-0.3169703781604767 -0.033832527697086334 -0.08767998963594437
-0.3169706463813782 -0.03367065638303757 -0.0781221091747284
-0.31697115302085876 -0.019711792469024658 -0.06706861406564713
-0.3169703483581543 0.08074109256267548 0.02919270657002926
-0.31697025895118713 -0.027798404917120934 -0.07868832349777222
-0.31697025895118713 0.0849161297082901 -0.020661532878875732
-0.31697046756744385 -0.08460298180580139 -0.0042565809562802315
-0.31696856021881104 0.0461004376411438 -0.06981822848320007
-0.3169707953929901 0.02279282733798027 -0.08440394699573517
-0.3169703483581543 -0.07147642970085144 0.008607453666627407
-0.31697067618370056 0.052412547171115875 -0.06747456640005112
-0.3169703781604767 0.033832911401987076 -0.08767982572317123
-0.3169706165790558 -0.024394595995545387 -0.08360608667135239
-0.31697025895118713 0.0804954320192337 -0.024649515748023987
-0.3169703185558319 -0.01651718094944954 0.06967910379171371
-0.31697097420692444 0.07069307565689087 0.007690134923905134
-0.3169707655906677 0.07093413174152374 0.013652713969349861
-0.3169703483581543 0.08543316274881363 -0.039158981293439865
-0.31697022914886475 0.07587731629610062 0.011519514955580235
-0.31697019934654236 0.07625776529312134 0.012578865513205528
-0.3169706165790558 0.03776394948363304 -0.07840419560670853
-0.3169703483581543 0.050037335604429245 -0.07955271005630493
-0.316970556974411 0.043071288615465164 -0.0760512575507164
-0.3169705867767334 -0.006673956755548716 -0.07227901369333267
-0.31697049736976624 -0.08514182269573212 -0.012139702215790749
-0.3169708847999573 -0.07871393859386444 -0.007318668533116579
-0.3169703483581543 0.07632666081190109 -0.05483183264732361
-0.3169706165790558 0.06115385890007019 -0.055445536971092224
-0.3169703483581543 -0.07756169140338898 -0.006395401433110237
-0.3169703483581543 0.06437978148460388 -0.0684659406542778
-0.3169706463813782 0.05832929164171219 -0.06548707187175751
-0.31697046756744385 0.061389148235321045 -0.06045617535710335
-0.3169702887535095 -0.08549235761165619 -0.0189791452139616
-0.3169703483581543 -0.07195568829774857 -0.003721637651324272
-0.27830249071121216 -0.00492530083283782 0.06128247454762459
-0.2842375636100769 -0.0071273986250162125 0.06134619563817978
-0.27830249071121216 -0.009288565255701542 0.0610354021191597
-0.2778850197792053 0.004398823250085115 0.06127221882343292
-0.2778850197792053 0.00807444378733635 0.06107763946056366
-0.28335341811180115 0.00807444378733635 0.06124145910143852
-0.3049706220626831 0.07880698889493942 -0.007191364653408527
-0.30497026443481445 0.08590634912252426 -0.015754640102386475
-0.3049705922603607 0.08435972779989243 -0.021527906879782677
-0.30497056245803833 0.07152310758829117 -0.008802137337625027
-0.30497026443481445 0.0841190293431282 -0.010982302017509937
-0.30497032403945923 0.0675961822271347 -0.014847780577838421
-0.30497056245803833 0.06928271055221558 -0.02158421091735363
-0.30497029423713684 0.0747816190123558 -0.025359859690070152
-0.30497026443481445 0.08034821599721909 -0.02464069426059723
-0.3049704134464264 0.08777642995119095 0.003256197553128004
-0.30497032403945923 0.07794780284166336 0.012015325948596
-0.30497047305107117 0.07053638994693756 0.007724795024842024
-0.3049703538417816 0.08449166268110275 0.009625977836549282
-0.30497002601623535 0.06961920112371445 0.0005229734815657139
-0.304970920085907 0.07345876097679138 -0.005082428455352783
-0.3049701750278473 0.07969500869512558 -0.0062459358014166355
-0.3049702048301697 0.08485771715641022 -0.0038632331416010857
-0.30497127771377563 0.08433159440755844 0.0192438755184412
-0.3049703538417816 0.08356266468763351 0.02612249366939068
-0.30497026443481445 0.07174613326787949 0.030240610241889954
-0.3049705922603607 0.07898314297199249 0.030016185715794563
-0.3049703538417816 0.06679324060678482 0.02456257864832878
-0.30497056245803833 0.0669904351234436 0.017892291769385338
-0.30497053265571594 0.07324464619159698 0.01254949625581503
-0.3049705922603607 0.08076411485671997 0.014145925641059875
-0.304970920085907 0.07438866794109344 0.045774348080158234
-0.3049702048301697 0.07731335610151291 0.039392877370119095
-0.3049699366092682 0.061857063323259354 0.04613654688000679
-0.3049701750278473 0.058891672641038895 0.040355782955884933
-0.30497023463249207 0.06875703483819962 0.0484294630587101
-0.30497056245803833 0.06046835333108902 0.03386618196964264
-0.304970383644104 0.06777816265821457 0.02986348606646061
-0.30497056245803833 0.07457145303487778 0.03291303291916847
-0.30497103929519653 0.06534121930599213 0.05685048922896385
-0.3049706518650055 0.06200972944498062 0.06184634566307068
-0.30497077107429504 0.04759592562913895 0.05721920728683472
-0.3049706518650055 0.051874857395887375 0.06240624561905861
-0.3049708306789398 0.0569518506526947 0.063619464635849
-0.30497026443481445 0.04810148477554321 0.050942692905664444
-0.3049703538417816 0.05224094167351723 0.046297747641801834
-0.3049705922603607 0.06041746586561203 0.04608543589711189
-0.304970920085907 0.06496848165988922 0.05118589848279953
-0.30497056245803833 0.0463157556951046 0.07436348497867584
-0.30497047305107117 0.04967154562473297 0.07079216092824936
-0.30497050285339355 0.03571242466568947 0.07367037236690521
-0.30497047305107117 0.03244544938206673 0.06755214184522629
-0.3049704432487488 0.04157506674528122 0.07568053901195526
-0.30497026443481445 0.03413277864456177 0.061223000288009644
-0.3049702048301697 0.038470569998025894 0.058038756251335144
-0.30497032403945923 0.04416877403855324 0.05775737389922142
-0.3049701452255249 0.04853719472885132 0.06072893738746643
-0.3049706816673279 0.050677161663770676 0.065344899892807
-0.3049704134464264 0.01718859188258648 0.08068709820508957
-0.30497029423713684 0.01508929394185543 0.07294534891843796
-0.30497047305107117 0.022708632051944733 0.0836230143904686
-0.30497100949287415 0.028408022597432137 0.0828898698091507
-0.30497056245803833 0.01878851093351841 0.06736315786838531
-0.30497053265571594 0.02399659901857376 0.06550689041614532
-0.3049705922603607 0.02966805174946785 0.0672675222158432
-0.30497094988822937 0.0333838015794754 0.07303888350725174
-0.30497026443481445 0.03228510171175003 0.07888813316822052
-0.3049704134464264 -0.029779497534036636 0.08213261514902115
-0.3049701750278473 -0.023482752963900566 0.0837377980351448
-0.3049701452255249 -0.03358926251530647 0.07500339299440384
-0.3049701452255249 -0.030691301450133324 0.0681682899594307
-0.3049704134464264 -0.025801774114370346 0.06568171828985214
-0.30497053265571594 -0.02071969211101532 0.06624360382556915
-0.3049701154232025 -0.01602765917778015 0.07058613747358322
-0.3049704432487488 -0.015452461317181587 0.07731840759515762
-0.3049704432487488 -0.01873573660850525 0.08191225677728653
-0.3049708902835846 -0.05071093142032623 0.065627820789814
-0.3049706220626831 -0.04439542815089226 0.07528722286224365
-0.3049703538417816 -0.0486401729285717 0.06085273623466492
-0.30497026443481445 -0.04929559305310249 0.07152952253818512
-0.30497005581855774 -0.04423530399799347 0.05779339373111725
-0.3049704134464264 -0.0384947843849659 0.05800803005695343
-0.30497077107429504 -0.03232615068554878 0.06712204962968826
-0.3049704134464264 -0.0367802157998085 0.07462261617183685
-0.30497029423713684 -0.061609987169504166 0.046834222972393036
-0.30497056245803833 -0.06506644934415817 0.05815412849187851
-0.30497053265571594 -0.05354521423578262 0.04561106488108635
-0.30497029423713684 -0.04765554890036583 0.051603060215711594
-0.30497053265571594 -0.048836544156074524 0.05991451069712639
-0.3049699664115906 -0.055143509060144424 0.06357921659946442
-0.304970383644104 -0.07674851268529892 0.04157952964305878
-0.30497029423713684 -0.07443983852863312 0.04570474848151207
-0.30497029423713684 -0.07313214242458344 0.03165888786315918
-0.3049701154232025 -0.07673408836126328 0.036602683365345
-0.3049704134464264 -0.06204945966601372 0.03229500725865364
-0.3049706816673279 -0.06727921217679977 0.030152710154652596
-0.30497002601623535 -0.05889633297920227 0.03776770830154419
-0.30497056245803833 -0.060006026178598404 0.04364775866270065
-0.3049706220626831 -0.06954234093427658 0.048251599073410034
-0.30497047305107117 -0.06388423591852188 0.047449592500925064
-0.3049700856208801 -0.07335004955530167 0.012565912678837776
-0.30497071146965027 -0.08477529138326645 0.02032541111111641
-0.30497053265571594 -0.06786440312862396 0.016620608046650887
-0.30497026443481445 -0.06624866276979446 0.022989576682448387
-0.3049706518650055 -0.07589234411716461 0.030743421986699104
-0.30497032403945923 -0.08196600526571274 0.02826152741909027
-0.30497050285339355 -0.08749548345804214 0.003401882015168667
-0.3049701154232025 -0.08515720814466476 0.009226460009813309
-0.3049706220626831 -0.08223765343427658 -0.005505301058292389
-0.3049705922603607 -0.07654344290494919 -0.006260589696466923
-0.3049708604812622 -0.08656429499387741 -0.0016179606318473816
-0.30496981739997864 -0.07065419852733612 -0.0022274721413850784
-0.3049703538417816 -0.06945247948169708 0.0043898457661271095
-0.3049699664115906 -0.07278604060411453 0.010014841333031654
-0.3049702048301697 -0.0786806121468544 0.011857829056680202
-0.3049705922603607 -0.08599730581045151 -0.01683950424194336
-0.3049703538417816 -0.07155229896306992 -0.02377205528318882
-0.30497047305107117 -0.07771741598844528 -0.025556089356541634
-0.3049704432487488 -0.08347254991531372 -0.022510025650262833
-0.3049704134464264 -0.06781385093927383 -0.018583759665489197
-0.304970920085907 -0.06866953521966934 -0.012072469107806683
-0.30497071146965027 -0.07377055287361145 -0.007552300114184618
-0.3049708306789398 -0.08036431670188904 -0.007899227552115917
-0.3049701750278473 -0.08432213962078094 -0.011246287263929844
-0.3049704432487488 0.06079576537013054 -0.0545998215675354
-0.30497053265571594 0.057389721274375916 -0.05056101828813553
-0.3049701154232025 0.061475735157728195 -0.06062669679522514
-0.30497053265571594 0.057424936443567276 -0.06611982733011246
-0.30497056245803833 0.0510631799697876 -0.049248106777668
-0.30496999621391296 0.04536205530166626 -0.05256195366382599
-0.30497077107429504 0.043326448649168015 -0.06015786528587341
-0.3049710690975189 0.0476444847881794 -0.06608317047357559
-0.30497005581855774 0.05235078185796738 -0.06739135831594467
-0.30497023463249207 0.045290399342775345 -0.06567512452602386
-0.3049700856208801 0.03913823515176773 -0.07815740257501602
-0.30497029423713684 0.045159149914979935 -0.07368983328342438
-0.30497029423713684 0.039887260645627975 -0.06053713709115982
-0.3049701750278473 0.03167987987399101 -0.06154985353350639
-0.3049699068069458 0.029236605390906334 -0.07430984079837799
-0.3049710988998413 0.0333964042365551 -0.07778644561767578
-0.3049702048301697 0.027694253250956535 -0.07334771752357483
-0.304970383644104 0.027492597699165344 -0.07975465059280396
-0.3049704432487488 0.022690456360578537 -0.08456896245479584
-0.3049704134464264 0.024630678817629814 -0.06903175264596939
-0.3049702048301697 0.019315049052238464 -0.06697048246860504
-0.30497029423713684 0.012227860279381275 -0.06976809352636337
-0.30497100949287415 0.009823639877140522 -0.07655907422304153
-0.3049706220626831 0.01622873917222023 -0.08491246402263641
-0.30497023463249207 0.008611776866018772 -0.08151829987764359
-0.30497026443481445 -0.0017367779510095716 -0.08747799694538116
-0.30497053265571594 0.00856979750096798 -0.07502955943346024
-0.30497029423713684 0.004637410398572683 -0.08645553141832352
-0.30497053265571594 0.004410895984619856 -0.07054783403873444
-0.3049703538417816 -0.0005506067536771297 -0.06939287483692169
-0.30497032403945923 -0.0057851714082062244 -0.07144992053508759
-0.30497145652770996 -0.0086521590128541 -0.0756458193063736
-0.30497056245803833 -0.008850906044244766 -0.08067631721496582
-0.3049701750278473 -0.006460011936724186 -0.0848841592669487
-0.30497053265571594 -0.022178931161761284 -0.08477042615413666
-0.3049705922603607 -0.027244649827480316 -0.08026805520057678
-0.304970920085907 -0.01130612287670374 -0.08102218806743622
-0.304970920085907 -0.015604197978973389 -0.08472836762666702
-0.304970383644104 -0.009786160662770271 -0.07506778836250305
-0.304970383644104 -0.018488533794879913 -0.06707121431827545
-0.3049703538417816 -0.024521660059690475 -0.06880449503660202
-0.3049703538417816 -0.027858609333634377 -0.07401859015226364
-0.30497056245803833 -0.04058360308408737 -0.07777924835681915
-0.30497002601623535 -0.04530871659517288 -0.07285428792238235
-0.3049703538417816 -0.032211776822805405 -0.07747707515954971
-0.30497023463249207 -0.027799023315310478 -0.07098056375980377
-0.30497047305107117 -0.029352115467190742 -0.06393550336360931
-0.30497056245803833 -0.03410801291465759 -0.060631684958934784
-0.30497047305107117 -0.04132365807890892 -0.061040740460157394
-0.30497026443481445 -0.04561925679445267 -0.06683669984340668
-0.3049700856208801 -0.06056718900799751 -0.06270238012075424
-0.30497047305107117 -0.046536169946193695 -0.06528985500335693
-0.3049705922603607 -0.05670548230409622 -0.06643293797969818
-0.3049701750278473 -0.05192176625132561 -0.06743581593036652
-0.30497029423713684 -0.043800368905067444 -0.05545981600880623
-0.3049706220626831 -0.04757433384656906 -0.05066688731312752
-0.3049704134464264 -0.052712906152009964 -0.049227695912122726
-0.3049701452255249 -0.05849693715572357 -0.05129721760749817
-0.3049705922603607 -0.06156841665506363 -0.057069238275289536
-0.32427820563316345 -0.009780271910130978 -0.0989823043346405
-0.31797781586647034 -0.004791765008121729 -0.10094418376684189
-0.3179699778556824 0.004949124995619059 -0.10087421536445618
-0.3239254355430603 0.010301675647497177 -0.09862498193979263
-0.32799211144447327 0.00895280297845602 -0.10060413926839828
-0.32812434434890747 0.01688450761139393 -0.09967903047800064
-0.3279899060726166 0.05293721333146095 -0.08619160205125809
-0.3279886245727539 0.06860153377056122 -0.07433100789785385
-0.3280085325241089 0.10054242610931396 -0.010998203419148922
-0.3279908299446106 0.03527619689702988 -0.09479970484972
-0.32799091935157776 0.09665969014167786 -0.029795927926898003
-0.3279873728752136 0.09129786491394043 -0.043258361518383026
-0.32794249057769775 0.08288759738206863 -0.05807226151227951
-0.3279435932636261 0.10097527503967285 0.0036319901701062918
-0.3279922902584076 0.039559464901685715 0.0930933952331543
-0.32799258828163147 0.05681125447154045 0.0836891233921051
-0.3279908299446106 0.09921001642942429 0.01971699856221676
-0.32799264788627625 0.07191941887140274 0.0711267963051796
-0.32799237966537476 0.08431372791528702 0.055880676954984665
-0.327991783618927 0.09352672100067139 0.03852510824799538
-0.32801973819732666 0.021015778183937073 0.0989428237080574
-0.32330700755119324 0.011926994659006596 0.09752704203128815
-0.3269737958908081 0.006888076197355986 0.10072232037782669
-0.31798574328422546 0.004340793006122112 0.10100453346967697
-0.31787601113319397 -0.005219472572207451 0.10083569586277008
-0.3226870596408844 -0.010116825811564922 0.09863200783729553
-0.32797619700431824 -0.008686842396855354 0.10063527524471283
-0.328018456697464 -0.020949698984622955 0.09895609319210052
-0.3279920518398285 -0.039489325135946274 0.09312282502651215
-0.3279927372932434 -0.05675182864069939 0.08372927457094193
-0.32799190282821655 -0.09920096397399902 0.019764365628361702
-0.3279420733451843 -0.1010565534234047 0.002077041659504175
-0.327992707490921 -0.09350626170635223 0.038575466722249985
-0.32799309492111206 -0.08428055047988892 0.0559309720993042
-0.32799312472343445 -0.07187312841415405 0.07117363065481186
-0.32799282670021057 -0.0999712198972702 -0.015391401015222073
-0.3279913663864136 -0.09510792791843414 -0.0344303660094738
-0.3279898762702942 -0.05295116826891899 -0.0861831083893776
-0.32799088954925537 -0.035285644233226776 -0.0947963148355484
-0.3279883861541748 -0.06861728429794312 -0.07431647926568985
-0.3279857337474823 -0.08015149086713791 -0.06158527359366417
-0.3279615044593811 -0.08801955729722977 -0.04965740442276001
-0.32801446318626404 -0.018888087943196297 -0.09929947555065155
-0.3270362913608551 -0.0063488376326859 -0.10080621391534805
-0.30497023463249207 -0.03446663171052933 0.06092189624905586
-0.30497032403945923 -0.06030813977122307 0.06275860220193863
-0.3049699664115906 -0.06505865603685379 0.05163086578249931
-0.3049704134464264 -0.07026520371437073 0.029212482273578644
-0.3049704432487488 -0.08044713735580444 0.013990060426294804
-0.304969847202301 0.027703935280442238 -0.06847700476646423
-0.3049696683883667 0.011720892041921616 -0.08161717653274536
-0.3049701154232025 -0.01324890274554491 -0.06904397159814835
-0.30497047305107117 -0.04388643428683281 -0.061127036809921265
-0.33946090936660767 -0.012342479079961777 0.1004154160618782
-0.3394847512245178 0.0078117744997143745 0.1008494421839714
-0.3394525647163391 -0.0020039030350744724 -0.10106060653924942
-0.32317113876342773 -0.0020002038218080997 -0.10098006576299667
-0.3394714891910553 -0.01670774444937706 -0.09969041496515274
-0.33947041630744934 -0.03361464664340019 -0.0954040065407753
-0.3394821882247925 -0.051631513983011246 -0.08698048442602158
-0.33948206901550293 -0.0677020475268364 -0.07515120506286621
-0.339465469121933 -0.08302579820156097 -0.05799272283911705
-0.3394668698310852 -0.09388744086027145 -0.03764086216688156
-0.33946093916893005 0.027580713853240013 0.09732092916965485
-0.3401416838169098 0.04121582955121994 0.09190404415130615
-0.3394666314125061 -0.09944983571767807 -0.018480945378541946
-0.3394719958305359 0.054725244641304016 0.08507049083709717
-0.3394638001918793 -0.10116009414196014 0.003935149405151606
-0.33947083353996277 0.07033856958150864 0.07269352674484253
-0.33946990966796875 0.08322282880544662 0.057496327906847
-0.3394801914691925 -0.09776302427053452 0.025962885469198227
-0.3394692540168762 0.09287819266319275 0.040068116039037704
-0.3394787013530731 -0.09076623618602753 0.04464578628540039
-0.3394688665866852 0.09893015027046204 0.02108469419181347
-0.33947744965553284 -0.0802379921078682 0.061592504382133484
-0.3401447534561157 0.10075097531080246 0.003288272535428405
-0.33947646617889404 -0.06659132242202759 0.0761404037475586
-0.3394741415977478 0.10075271129608154 -0.008904293179512024
-0.3394757807254791 -0.05035087838768959 0.08772987127304077
-0.33946800231933594 0.09709794819355011 -0.028347332030534744
-0.3394753634929657 -0.0321526899933815 0.09590544551610947
-0.3394664525985718 0.09046110510826111 -0.04513825848698616
-0.33948132395744324 0.08107111603021622 -0.06048630550503731
-0.3394814133644104 0.06763610243797302 -0.07521051168441772
-0.33948174118995667 0.05157686397433281 -0.08701270073652267
-0.33947011828422546 0.03357852250337601 -0.09541647136211395
-0.3394712805747986 0.01668724976480007 -0.0996939092874527
-0.3233838677406311 0.001993185142055154 -0.10098212957382202
-0.3394586443901062 0.0020036527421325445 -0.1010543704032898
-0.3298286497592926 0.001999759580940008 -0.0991910994052887
-0.34057238698005676 0.0020184775348752737 -0.09969890862703323
-0.3404706120491028 -0.04361405968666077 -0.09008518606424332
-0.3404731750488281 -0.022550832480192184 -0.09762655943632126
-0.34047314524650574 0.022536132484674454 -0.09762990474700928
-0.34060388803482056 -0.0020265064667910337 -0.09952434152364731
-0.3404713273048401 0.048301320523023605 -0.08789470046758652
-0.34047067165374756 0.0681987851858139 -0.07325747609138489
-0.34047067165374756 0.08135376125574112 -0.05830440670251846
-0.34047070145606995 0.09128657728433609 -0.04104524478316307
-0.34047070145606995 0.09760592877864838 -0.022161277011036873
-0.34047070145606995 0.09855740517377853 0.017454007640480995
-0.34047073125839233 0.09315255284309387 0.03661778196692467
-0.34047073125839233 0.08406167477369308 0.05433174967765808
-0.34047073125839233 0.07164416462182999 0.06989609450101852
-0.34047073125839233 0.05639290437102318 0.08269348740577698
-0.3404754102230072 0.014260438270866871 0.09933047741651535
-0.34047049283981323 -0.010123411193490028 0.09964065998792648
-0.3404701054096222 -0.029507430270314217 0.09564176946878433
-0.34047073125839233 -0.047774285078048706 0.08795437216758728
-0.34047073125839233 -0.0642460435628891 0.07675126194953918
-0.34047073125839233 -0.07817289978265762 0.06250809878110886
-0.34047073125839233 -0.0890035331249237 0.045788396149873734
-0.34047073125839233 -0.09630852937698364 0.027254588901996613
-0.34047070145606995 -0.09979823231697083 0.007641176227480173
-0.34047070145606995 -0.09933433681726456 -0.01227546390146017
-0.34047070145606995 -0.09493476897478104 -0.0317065566778183
-0.34047067165374756 -0.08677364140748978 -0.04988139122724533
-0.34047067165374756 -0.07517395168542862 -0.0660802498459816
-0.34047064185142517 -0.0605950765311718 -0.07966094464063644
-0.3304658830165863 -0.002002095803618431 -0.09918007999658585
-0.3404705822467804 0.08247921615839005 -0.052154384553432465
-0.34047064185142517 0.091151162981987 -0.03484635800123215
-0.34047025442123413 -0.030797872692346573 0.09279672056436539
-0.3404698371887207 -0.07187923043966293 -0.06599998474121094
-0.3404698371887207 -0.057445939630270004 -0.07888294011354446
-0.3404698371887207 -0.0834878459572792 -0.05052199587225914
-0.34047365188598633 0.09618634730577469 -0.016417723149061203
-0.3404698371887207 -0.04075535386800766 -0.08866500854492188
-0.34046897292137146 -0.0074187046848237514 0.09737132489681244
-0.3404698371887207 -0.09181462973356247 -0.03305787220597267
-0.3404705822467804 0.0975397601723671 -0.0011878849472850561
-0.34046924114227295 -0.024208420887589455 -0.09450184553861618
-0.3404703140258789 0.011543613858520985 0.09693625569343567
-0.34047049283981323 0.09625780582427979 0.016036853194236755
-0.3404698371887207 -0.09653230011463165 -0.014294223859906197
-0.3404720425605774 -0.0030291490256786346 -0.09781774133443832
-0.3404666781425476 0.030449043959379196 0.09270211309194565
-0.3404662609100342 0.08966609090566635 0.039108965545892715
-0.3404698371887207 -0.09745539724826813 0.005031286738812923
-0.3404703438282013 0.04781343415379524 0.08507195860147476
-0.34046971797943115 0.020204493775963783 -0.09550345689058304
-0.3404698669910431 -0.09454748034477234 0.024159952998161316
-0.340470552444458 0.0768047496676445 0.06020428240299225
-0.34047046303749084 0.06353714317083359 0.0740707591176033
-0.3404705226421356 0.03897092863917351 -0.08946745842695236
-0.3404698967933655 -0.08792285621166229 0.04233852028846741
-0.340470552444458 0.055865295231342316 -0.08001340925693512
-0.3404698967933655 -0.07784172147512436 0.05885319039225578
-0.3404705822467804 0.07056116312742233 -0.06741004437208176
-0.3404718041419983 -0.06513071805238724 0.07264870405197144
-0.34047073125839233 -0.05157480388879776 0.08283299207687378
-0.34146836400032043 0.046142544597387314 -0.08606770634651184
-0.34146827459335327 0.0622674934566021 -0.07523025572299957
-0.34146276116371155 0.09765958786010742 -0.004842481575906277
-0.34146806597709656 0.096054308116436 0.017617901787161827
-0.3414681553840637 0.07592769712209702 -0.06141561642289162
-0.3414701521396637 0.0918923169374466 0.032707683742046356
-0.34146806597709656 0.0865836888551712 -0.045168839395046234
-0.3414706587791443 0.08459313213825226 0.048658207058906555
-0.341467946767807 0.09381216764450073 -0.027134548872709274
-0.3414706885814667 0.0733119547367096 0.0644121840596199
-0.34147071838378906 0.0591411218047142 0.07762622088193893
-0.34146785736083984 0.03886743634939194 0.08971083909273148
-0.341475248336792 0.015274819917976856 0.09645581245422363
-0.3414684534072876 -0.010147206485271454 0.09712525457143784
-0.3414704203605652 -0.033712416887283325 0.09182929247617722
-0.34146803617477417 -0.05493074655532837 0.0806477963924408
-0.3414708971977234 -0.06948116421699524 0.06852361559867859
-0.3414708971977234 -0.08167155086994171 0.053411632776260376
-0.3414708971977234 -0.09062837809324265 0.03618684411048889
-0.3414708971977234 -0.0959983766078949 0.017528632655739784
-0.3414708971977234 -0.09756821393966675 -0.0018234007293358445
-0.3414708971977234 -0.09527578949928284 -0.021103188395500183
-0.3414708971977234 -0.08921132981777191 -0.03954872116446495
-0.3414708971977234 -0.07961571216583252 -0.056427184492349625
-0.341470867395401 -0.06686867028474808 -0.07107188552618027
-0.341470867395401 -0.05147351324558258 -0.08290384709835052
-0.34146979451179504 -0.0314098559319973 -0.09252044558525085
-0.3414718210697174 -0.012063291855156422 -0.09684421867132187
-0.34147167205810547 0.011829420924186707 -0.09685589373111725
-0.3414705693721771 0.02832876518368721 -0.09345223009586334
-0.3514704704284668 -0.03122708573937416 0.03946411982178688
-0.3514704704284668 -0.050047654658555984 0.00526724336668849
-0.3514704704284668 -0.04408802464604378 0.024264737963676453
-0.3514704704284668 -0.048173196613788605 -0.014554506167769432
-0.3514704704284668 -0.013477178290486336 0.048486318439245224
-0.3514704704284668 0.018424896523356438 0.04667537659406662
-0.3514704704284668 0.003874013666063547 0.05003058537840843
-0.3514704704284668 0.02929166704416275 0.04061700403690338
-0.3514704704284668 0.03762095421552658 0.03312186151742935
-0.3514704704284668 -0.023276617750525475 -0.04461656138300896
-0.3514704704284668 -0.0387582927942276 -0.03209764510393143
-0.3514704704284668 0.0037197296041995287 -0.049950458109378815
-0.3514704704284668 -0.007826783694326878 -0.04950731247663498
-0.3514704704284668 0.013838541693985462 -0.0481254868209362
-0.3514704704284668 0.049334678798913956 -0.009921985678374767
-0.3514704704284668 0.04982931911945343 0.004978363402187824
-0.3514704704284668 0.04638630896806717 0.019516611471772194
-0.3514704704284668 0.027511324733495712 -0.042135708034038544
-0.3514704704284668 0.041662100702524185 -0.028224186971783638
-0.34147047996520996 -0.0461285263299942 -0.020112907513976097
-0.34147047996520996 0.013063745573163033 -0.04834066331386566
-0.34147047996520996 0.0024533041287213564 -0.050044380128383636
-0.34147047996520996 -0.034745629876852036 -0.03640173748135567
-0.34147047996520996 0.026698501780629158 -0.042651399970054626
-0.34147047996520996 -0.022446664050221443 -0.04476302117109299
-0.34147047996520996 0.041047196835279465 -0.02910533733665943
-0.34147047996520996 -0.010743197053670883 -0.04901474714279175
-0.34147047996520996 0.04908378794789314 -0.011081532575190067
-0.34147047996520996 0.04956415295600891 0.008709725923836231
-0.34147047996520996 0.042328737676143646 0.027216657996177673
-0.34147047996520996 0.03137870877981186 0.03908614069223404
-0.34147047996520996 0.018557175993919373 0.04669414460659027
-0.34147047996520996 0.0002814560430124402 0.0503227561712265
-0.34147047996520996 -0.019222281873226166 0.04650748521089554
-0.34147047996520996 -0.03572786599397659 0.03543940186500549
-0.34147047996520996 -0.046661145985126495 0.018845394253730774
-0.34147047996520996 -0.05031817778944969 -0.0006875030230730772
-0.07126370817422867 0.04450000077486038 0.011636865325272083
-0.07530199736356735 0.04449542984366417 0.011289960704743862
-0.0722232311964035 0.052518606185913086 0.01208124216645956
-0.06973220407962799 0.044489141553640366 0.00867944210767746
-0.07286833226680756 0.04449649155139923 0.005653411615639925
-0.07580257952213287 0.04450000077486038 0.007590812165290117
-0.07065310329198837 0.052495747804641724 0.0066801817156374454
-0.06987562030553818 0.05249901860952377 0.009849999099969864
-0.07292266190052032 0.05433252081274986 0.008957130834460258
-0.0735098123550415 0.05249002203345299 0.00588283920660615
-0.07602342218160629 0.05251403525471687 0.007866740226745605
-0.07513931393623352 0.05250180512666702 0.011181960813701153
