ply
format ascii 1.0
element vertex 2642
property float x
property float y
property float z
end_header
0.198029562830925 0.06651958078145981 0.0446610264480114
0.198029562830925 0.05498989671468735 0.0583738274872303
0.198029562830925 0.054324671626091 0.045884452760219574
0.198029562830925 0.04552707076072693 0.054557934403419495
0.198029562830925 -0.03211021423339844 0.06344489753246307
0.198029562830925 -0.02497568540275097 0.07612939924001694
0.198029562830925 -0.04303521290421486 0.06777889281511307
0.198029562830925 0.07009749114513397 -0.03880458325147629
0.198029562830925 0.0776519849896431 -0.020400457084178925
0.198029562830925 0.0627087876200676 -0.03352762386202812
0.198029562830925 0.06809378415346146 -0.020487753674387932
0.198029562830925 -0.01905207894742489 0.06850814819335938
0.198029562830925 -0.05039225146174431 -0.06229028105735779
0.198029562830925 -0.046275150030851364 -0.05399022623896599
0.198029562830925 -0.06436984241008759 -0.04798479378223419
0.198029562830925 -0.05602147430181503 -0.04379379376769066
0.198029562830925 -0.011436176486313343 0.0792427808046341
0.198029562830925 0.07079838216304779 -0.006641354877501726
0.198029562830925 -0.005250108893960714 0.07091406732797623
0.198029562830925 -0.034706126898527145 -0.06206314638257027
0.198029562830925 -0.03704989328980446 -0.07104059308767319
0.198029562830925 -0.06356354057788849 -0.03187403455376625
0.19802957773208618 0.08004681766033173 -0.0021333813201636076
0.198029562830925 0.004602358210831881 0.0800638422369957
0.198029562830925 -0.07486887276172638 -0.028741080313920975
0.19802945852279663 0.07885229587554932 -4.524987161858007e-05
0.198029562830925 -0.021772529929876328 -0.06769296526908875
0.198029562830925 -0.022237906232476234 -0.07697360962629318
0.198029562830925 -0.06860446184873581 -0.01869984157383442
0.198029562830925 -0.07964587211608887 -0.009377256967127323
0.198029562830925 0.07071618735790253 0.00746637349948287
0.198029562830925 -0.006544359028339386 -0.07985377311706543
0.198029562830925 -0.007980789989233017 -0.07065906375646591
0.198029562830925 -0.07074879854917526 -0.006602042354643345
0.198029562830925 0.007049682550132275 0.07070782035589218
0.198029562830925 -0.07080423086881638 0.006989003159105778
0.19802960753440857 0.0800180584192276 0.00211707572452724
0.198029562830925 -0.07980097085237503 0.006480582989752293
0.198029562830925 0.0061246491968631744 -0.07084416598081589
0.198029562830925 0.011366126127541065 -0.07938649505376816
0.198029562830925 -0.07703393697738647 0.022297393530607224
0.198029562830925 0.01999012753367424 -0.06824095547199249
0.198029562830925 -0.06764596700668335 0.021912258118391037
0.198029562830925 0.030604835599660873 -0.07412651181221008
0.198029562830925 0.07864433526992798 0.01531456969678402
0.198029562830925 -0.06818214803934097 0.04239342734217644
0.198029562830925 0.01919020712375641 0.06847115606069565
0.198029562830925 0.033068589866161346 -0.06295175105333328
0.198029562830925 -0.06204110011458397 0.034743260592222214
0.198029562830925 0.02421554923057556 0.07645270228385925
0.198029562830925 0.0678505003452301 0.021280189976096153
0.198029562830925 0.044695910066366196 -0.06642648577690125
0.198029562830925 0.04484371095895767 -0.05518614873290062
0.198029562830925 -0.054030124098062515 0.0462275892496109
0.198029562830925 0.05843846872448921 -0.05505407974123955
0.198029562830925 -0.056964244693517685 0.05626080185174942
0.198029562830925 0.07405050098896027 0.030593987554311752
0.198029562830925 0.05485682934522629 -0.04524609073996544
0.198029562830925 0.03392579406499863 0.06256940215826035
0.198029562830925 -0.043920617550611496 0.055921994149684906
0.198029562830925 0.062313903123140335 0.0342567041516304
0.198029562830925 0.04055378586053848 0.06910031288862228
0.01409383025020361 -0.0754823386669159 -0.0570000596344471
0.01621490716934204 -0.08057497441768646 -0.05700003355741501
0.014733902178704739 -0.07814622670412064 -0.0520000085234642
0.028933212161064148 -0.08536788821220398 -0.05699989199638367
0.027143390849232674 -0.08556386083364487 -0.052000049501657486
0.021161342039704323 -0.08467571437358856 -0.05700007453560829
0.014542181976139545 -0.06963139027357101 -0.05699997767806053
0.014142731204628944 -0.07088243961334229 -0.05199999362230301
0.03534745052456856 -0.08130267262458801 -0.05700017139315605
0.03427376225590706 -0.08263606578111649 -0.052000388503074646
0.017862539738416672 -0.06457136571407318 -0.0570000484585762
0.017715195193886757 -0.06462159752845764 -0.05199994891881943
0.03778901696205139 -0.07614930719137192 -0.057000111788511276
0.03806675225496292 -0.0753704309463501 -0.05200031399726868
0.037906963378190994 -0.07108002156019211 -0.056999895721673965
0.030655192211270332 -0.06212964281439781 -0.05700001120567322
0.022999828681349754 -0.06176655739545822 -0.0570000596344471
0.02951502427458763 -0.06176087632775307 -0.05199998989701271
0.0358547642827034 -0.06650464236736298 -0.05700003728270531
0.036562737077474594 -0.06717518717050552 -0.05200009047985077
0.11941450089216232 0.10250002890825272 -0.029554303735494614
0.12193179130554199 0.10250002145767212 -0.0338776558637619
0.12015467882156372 0.09750011563301086 -0.03144442290067673
0.13808245956897736 0.10249996185302734 -0.016103873029351234
0.14242029190063477 0.09749996662139893 -0.021478138864040375
0.1420516073703766 0.10249996930360794 -0.020968742668628693
0.11943405121564865 0.10250002890825272 -0.022068988531827927
0.12332525104284286 0.1025000587105751 -0.016696814447641373
0.12990567088127136 0.10250011831521988 -0.0137327266857028
0.1309828907251358 0.10250012576580048 -0.038070984184741974
0.13103953003883362 0.09750008583068848 -0.0382959358394146
0.12558019161224365 0.10250002145767212 -0.03683822229504585
0.1189604103565216 0.09750016033649445 -0.025413108989596367
0.13680678606033325 0.1025000512599945 -0.03671474754810333
0.1204707995057106 0.09749993681907654 -0.020025145262479782
0.14118964970111847 0.10250000655651093 -0.032531071454286575
0.13897688686847687 0.09750019013881683 -0.03527090698480606
0.1259187012910843 0.09749998897314072 -0.014815542846918106
0.1431318074464798 0.10249996930360794 -0.027135439217090607
0.14281435310840607 0.09750012308359146 -0.02898876555263996
0.13377074897289276 0.09750032424926758 -0.014163346029818058
0.14510013163089752 0.09750014543533325 -0.030050169676542282
0.1421629786491394 0.0975000336766243 -0.03539958968758583
0.11683730781078339 0.09750010818243027 -0.029483266174793243
0.12027863413095474 0.09750012308359146 -0.035999082028865814
0.1348200887441635 0.09750001132488251 -0.011963500641286373
0.13844726979732513 0.09749998152256012 -0.016494976356625557
0.13945910334587097 0.0975000187754631 -0.00939569529145956
0.13750596344470978 0.09750017523765564 -0.039108309894800186
0.14291822910308838 0.09750005602836609 0.010094518773257732
0.14562712609767914 0.0975000262260437 0.00536201661452651
0.14071877300739288 0.09749999642372131 0.008244550786912441
0.12272637337446213 0.09749998152256012 -0.009634846821427345
0.11546020209789276 0.09749996662139893 0.0003671894082799554
0.14304155111312866 0.0975000262260437 -0.003949502948671579
0.14659592509269714 0.09749998897314072 0.0005387978162616491
0.12420080602169037 0.09750006347894669 -0.03597376495599747
0.11983685940504074 0.0975000336766243 0.010822521522641182
0.1270831823348999 0.0975000187754631 0.012152853421866894
0.12086381763219833 0.09749999642372131 0.007488627918064594
0.11662425100803375 0.09750010073184967 0.005983049049973488
0.14343445003032684 0.09750001132488251 0.002130016451701522
0.12482689321041107 0.09750013798475266 0.014314094558358192
0.12962111830711365 0.09750001132488251 -0.012550551444292068
0.12693330645561218 0.097500279545784 -0.040079303085803986
0.1187346950173378 0.0975000262260437 0.002617202466353774
0.13236452639102936 0.09750018268823624 0.015632472932338715
0.11875937134027481 0.09750004857778549 -0.003076606197282672
0.13271935284137726 0.09750001132488251 -0.0404336042702198
0.13467593491077423 0.09750000387430191 0.01205770019441843
0.1386423110961914 0.0975000336766243 0.013560435734689236
-0.000984195969067514 -0.0861387699842453 -0.05199999362230301
0.00498565100133419 -0.08504162728786469 -0.052000001072883606
-0.004940693732351065 -0.08700750023126602 -0.052000343799591064
-0.015359243378043175 -0.0659986361861229 -0.051998719573020935
-0.007917516864836216 -0.06362771987915039 -0.052000001072883606
-0.012268119491636753 -0.07018881291151047 -0.0520000196993351
-0.00981323141604662 -0.06068956479430199 -0.052000269293785095
-0.01174196694046259 -0.08128049224615097 -0.0519997738301754
-0.008425155654549599 -0.08303926140069962 -0.05199999362230301
0.02914324775338173 -0.08731337636709213 -0.0520000159740448
0.0033032805658876896 -0.0613320991396904 -0.05199998617172241
0.029747020453214645 -0.058977726846933365 -0.052000027149915695
0.022887423634529114 -0.061843350529670715 -0.051999982446432114
-0.004344898276031017 -0.058987680822610855 -0.05199948698282242
0.03494047001004219 -0.08440801501274109 -0.05200033634901047
0.01162129919975996 -0.06864096224308014 -0.051999978721141815
0.00841600727289915 -0.06404244154691696 -0.0520000085234642
-0.012084049172699451 -0.07699871808290482 -0.0520000159740448
-0.0022719285916537046 -0.06112271919846535 -0.052000004798173904
-0.014312900602817535 -0.07370784878730774 -0.05200088396668434
0.010334250517189503 -0.08106457442045212 -0.051999982446432114
0.020095018669962883 -0.0842008963227272 -0.051999907940626144
0.040226634591817856 -0.07368220388889313 -0.05200328677892685
0.04036826267838478 -0.06562171131372452 -0.05199993774294853
0.043051086366176605 -0.07367555052042007 -0.05201698839664459
0.03918950632214546 -0.07890594005584717 -0.05200008675456047
0.03476281091570854 -0.060711491852998734 -0.051999978721141815
0.012645596638321877 -0.07381343096494675 -0.05199996381998062
-0.01819150522351265 -0.07379469275474548 -0.05221902206540108
-0.05618942901492119 0.08100000023841858 0.0876857116818428
-0.07242505252361298 0.08100000023841858 0.07483085244894028
-0.05780770629644394 0.08099199086427689 0.08795265853404999
0.09160830825567245 0.08100000023841858 -0.04962393641471863
0.08390668034553528 0.08100000023841858 -0.06344832479953766
0.08001676946878433 0.08100000023841858 -0.06671710312366486
-0.07315342873334885 0.08100000023841858 -0.07411638647317886
-0.06507423520088196 0.08100000023841858 -0.08248110860586166
-0.0781935378909111 0.08099999278783798 -0.07027024775743484
0.0947732999920845 0.08099997043609619 -0.04560728743672371
-0.08637084811925888 0.08100000023841858 -0.05817236378788948
-0.05704210326075554 0.08100000023841858 -0.08713069558143616
-0.04187636449933052 0.08099288493394852 0.09655462205410004
-0.08738686144351959 0.08098708838224411 -0.05869629979133606
-0.037729810923337936 0.08100000023841858 0.09707524627447128
-0.04812633991241455 0.08099999278783798 -0.0935802161693573
0.09959857165813446 0.08100000023841858 -0.030581936240196228
-0.09617271274328232 0.08100000023841858 -0.039927612990140915
-0.09692945331335068 0.0809846743941307 -0.041037920862436295
0.10192273557186127 0.08100001513957977 -0.026057260110974312
-0.03867429867386818 0.08100000023841858 -0.09669999778270721
-0.02216416411101818 0.08099287748336792 0.10288862884044647
-0.017778614535927773 0.08100000023841858 0.10262683779001236
-0.1025681272149086 0.08100006729364395 -0.023410571739077568
-0.026071107015013695 0.08098676055669785 -0.1020033061504364
0.10367526113986969 0.08100000023841858 -0.010336275212466717
-0.1021706685423851 0.08100000023841858 -0.02010585553944111
0.10483630001544952 0.08099999278783798 -0.007653514854609966
-0.018777236342430115 0.08100000023841858 -0.10244577378034592
7.780289161019027e-05 0.08099891245365143 0.10515013337135315
0.002876542042940855 0.08100000023841858 0.10412164032459259
-0.00920192152261734 0.0810001939535141 -0.1048339381814003
0.1038258820772171 0.08100000023841858 0.007757664192467928
0.10464215278625488 0.08100003004074097 0.010826651006937027
-0.10527702420949936 0.08099158853292465 -0.00048473451170139015
-0.10412852466106415 0.08100000023841858 0.0005116633255966008
0.0025688991881906986 0.08100005239248276 -0.10415384918451309
0.016458135098218918 0.08099918812513351 0.10396192222833633
0.023421572521328926 0.08100000023841858 0.10149997472763062
0.10151481628417969 0.08100000023841858 0.023121347650885582
0.0036629943642765284 0.08099548518657684 -0.10515987873077393
0.10118493437767029 0.08100000023841858 0.02843305468559265
-0.10196854919195175 0.08100000023841858 0.021109212189912796
-0.10305766761302948 0.08100000768899918 0.02074599452316761
0.023781059309840202 0.08100005239248276 -0.10141312330961227
0.02883749082684517 0.08097899705171585 -0.1021190658211708
0.035277359187603 0.08100136369466782 0.10064680874347687
0.0960393100976944 0.08100000023841858 0.04039321839809418
0.043042633682489395 0.08100008964538574 0.09486481547355652
0.09497806429862976 0.08100000023841858 0.04520883783698082
-0.09577640146017075 0.08100000023841858 0.04087137430906296
-0.09587927162647247 0.0809917151927948 0.04348902776837349
0.043328072875738144 0.08100003004074097 -0.0947318971157074
0.05004364624619484 0.08100029826164246 -0.09710627049207687
0.05005696788430214 0.08100076764822006 -0.09267682582139969
0.05878562480211258 0.08100000768899918 0.08591596782207489
0.05008561909198761 0.08100007474422455 0.09239555150270462
0.08614923804998398 0.08100000023841858 0.05859091877937317
0.059292759746313095 0.080999955534935 0.08678320050239563
0.08688550442457199 0.08099998533725739 0.059060338884592056
0.05002693459391594 0.08099592477083206 0.09710617363452911
0.07285510003566742 0.08100000023841858 0.07447102665901184
0.07533831149339676 0.08100000023841858 0.0735301598906517
-0.08739544451236725 0.08100000023841858 0.05843449383974075
-0.0857967808842659 0.08100000023841858 0.059018079191446304
0.0633208304643631 0.08100000023841858 -0.08284462243318558
0.06974336504936218 0.08099997043609619 -0.07871711999177933
-0.07439000904560089 0.08099999278783798 0.07429364323616028
0.15402227640151978 0.08396197110414505 -0.05413674935698509
0.15401208400726318 0.08601193130016327 -0.026366565376520157
0.15402954816818237 0.0829232782125473 -0.04668053984642029
0.1540278047323227 -0.061604034155607224 -0.07442879676818848
0.15402954816818237 -0.07079752534627914 -0.06364542245864868
0.15402883291244507 -0.0738738477230072 -0.062381207942962646
0.15402942895889282 1.797637560230214e-05 0.08500342816114426
0.15402954816818237 0.04662090912461281 0.08296116441488266
0.15402889251708984 0.04348865896463394 0.08498549461364746
0.15402954816818237 -0.05605624243617058 -0.07685229182243347
0.15401916205883026 0.05016458034515381 0.08349338918924332
0.15402883291244507 -0.04978404566645622 -0.08233688771724701
0.1540294885635376 -0.0829232782125473 -0.04668053612112999
0.15402723848819733 -0.08211073279380798 -0.050610389560461044
0.15403041243553162 -0.043665558099746704 -0.08473801612854004
0.15402954816818237 -0.04621688276529312 -0.08300000429153442
0.153883695602417 -0.08458466827869415 -0.040874745696783066
0.15402910113334656 0.06413086503744125 0.07482776045799255
0.15402954816818237 0.06030759960412979 0.07348701357841492
0.15402962267398834 0.08472994714975357 0.050536490976810455
0.15402241051197052 0.08300196379423141 0.055558156222105026
0.15402954816818237 0.08294287323951721 0.0467497780919075
0.15401053428649902 0.07567024976015091 0.06423406302928925
0.15402954816818237 0.07135085016489029 0.06290953606367111
0.15400701761245728 0.08694783598184586 -0.00010102913074661046
0.15402954816818237 0.04621688276529312 -0.08300000429153442
0.15402920544147491 0.04302772134542465 -0.08501164615154266
0.15404152870178223 -0.0834384635090828 0.04609483852982521
0.15399213135242462 -0.08618196099996567 -0.012230467051267624
0.15397492051124573 -0.08708340674638748 0.00011239800369367003
0.15401683747768402 -0.08472278714179993 0.040041930973529816
0.1540294736623764 -0.046680547297000885 0.0829232856631279
0.15402701497077942 -0.04304112493991852 0.08480150252580643
0.15402120351791382 0.05026844143867493 -0.08346276730298996
0.15402954816818237 0.05605621635913849 -0.07685230672359467
0.1540294885635376 0.06476577371358871 -0.07437130808830261
0.15402954816818237 -0.07315109670162201 0.06073981150984764
0.15401405096054077 -0.08061131834983826 0.053225889801979065
0.15402941405773163 -0.07095570117235184 0.06557592004537582
0.15402954816818237 0.07079753279685974 -0.06364540755748749
0.15402954816818237 -0.06197185069322586 0.07216693460941315
0.15400251746177673 0.07566560059785843 -0.06418928503990173
0.15402904152870178 -0.060321059077978134 0.07550495862960815
0.15402433276176453 -0.05008518323302269 0.08208943903446198
-0.03277761861681938 -0.0716354101896286 0.03956518694758415
-0.040766641497612 -0.07225940376520157 0.0319901704788208
-0.036333099007606506 -0.07446066290140152 0.04024112597107887
0.0069754221476614475 -0.07440255582332611 0.05430300533771515
-0.0072555518709123135 -0.07530094683170319 0.05637842044234276
0.00034526418312452734 -0.07561203837394714 0.058453042060136795
0.030488617718219757 -0.06937455385923386 0.04035218805074692
0.02370825596153736 -0.06940481811761856 0.04458869621157646
0.023647014051675797 -0.07274547219276428 0.047193869948387146
0.037053849548101425 -0.07428839057683945 0.041175540536642075
0.02538185380399227 -0.07548952102661133 0.053136665374040604
0.04283802956342697 -0.07448428124189377 0.03600509092211723
0.03315601870417595 -0.0724717378616333 0.040879979729652405
0.00021999739692546427 -0.07029812783002853 0.050770726054906845
-0.007177948020398617 -0.07140665501356125 0.050991129130125046
-0.004753781482577324 -0.07398074120283127 0.053961943835020065
-0.03637012839317322 -0.06946004182100296 0.03501743823289871
-0.007435365580022335 -0.06863151490688324 0.04969383776187897
-0.028349529951810837 -0.06975673139095306 0.04191362112760544
0.040380802005529404 -0.07231244444847107 0.03388533368706703
0.007301780395209789 -0.07128416001796722 0.05087343975901604
-0.025230105966329575 -0.07236915826797485 0.04546627774834633
0.03647179529070854 -0.06916431337594986 0.03496458753943443
-0.023880599066615105 -0.07494986802339554 0.05004803091287613
-0.03487025946378708 -0.0753435343503952 0.04361410811543465
-0.026227518916130066 -0.07588646560907364 0.052525341510772705
0.0485323891043663 -0.0737844705581665 0.025766275823116302
0.046054206788539886 -0.07503923028707504 0.03598960116505623
0.015972642228007317 -0.07423409074544907 0.052105389535427094
-0.04500111937522888 -0.07431413978338242 0.02914528176188469
-0.04718242213129997 -0.07198377698659897 0.020002655684947968
-0.053121168166399 -0.07624609768390656 0.019997814670205116
0.016751298680901527 -0.07015100866556168 0.04789864271879196
0.008702097460627556 -0.06879623234272003 0.049568649381399155
-0.04323825240135193 -0.07027920335531235 0.02631397172808647
0.04239088296890259 -0.0685642659664154 0.027210641652345657
-0.04784473404288292 -0.07624901086091995 0.03156023100018501
0.0247645266354084 -0.07465333491563797 0.04981088265776634
-0.015655193477869034 -0.07357294112443924 0.05093890801072121
0.04535536840558052 -0.07096787542104721 0.024635571986436844
-0.01653001271188259 -0.07012234628200531 0.04791383072733879
0.05296887084841728 -0.07445210218429565 0.020009543746709824
0.046658217906951904 -0.06976524740457535 0.020010510459542274
0.1054624617099762 -0.07254093885421753 0.0687543973326683
0.10446059703826904 -0.0696764588356018 0.06750123202800751
0.09401407837867737 -0.07484006136655807 0.06663957983255386
0.033139802515506744 -0.07644187659025192 0.06489405781030655
0.04295734688639641 -0.07598358392715454 0.06388155370950699
0.01247649546712637 -0.07606476545333862 0.06426992267370224
0.01968303509056568 -0.07724012434482574 0.06616846472024918
0.09331253916025162 -0.0775679424405098 0.06731432676315308
0.09919244050979614 -0.07889743894338608 0.06722567230463028
-0.010967879556119442 -0.07860579341650009 0.0673258975148201
0.02259848266839981 -0.07921504229307175 0.06764820963144302
-0.012512790970504284 -0.08026169240474701 0.06804734468460083
0.08288174867630005 -0.0790218785405159 0.06697598099708557
0.09368232637643814 -0.07206254452466965 0.06336165219545364
0.08156358450651169 -0.07496193051338196 0.06310626864433289
0.08093918859958649 -0.07729846984148026 0.06596346199512482
0.06872488558292389 -0.0766645148396492 0.06440034508705139
-0.030941976234316826 -0.07639183849096298 0.06311025470495224
-0.027209866791963577 -0.07730913162231445 0.06572792679071426
-0.008357282727956772 -0.07597962766885757 0.063726507127285
0.07345368713140488 -0.08289798349142075 0.06720467656850815
0.06885030120611191 -0.08039092272520065 0.06729038804769516
0.06923923641443253 -0.07795305550098419 0.06603263318538666
0.08686039596796036 -0.07382001727819443 0.06229656562209129
0.05025738477706909 -0.08028010278940201 0.06776045262813568
0.06192820146679878 -0.07774999737739563 0.06617945432662964
0.0485835000872612 -0.07625654339790344 0.06441104412078857
0.06236690655350685 -0.0759381651878357 0.0632581040263176
0.03545472398400307 -0.07867316901683807 0.0673404186964035
0.026461265981197357 -0.08032097667455673 0.06803534924983978
0.04822511970996857 -0.07781969010829926 0.06644409149885178
0.04227060824632645 -0.07816874980926514 0.06675495207309723
0.026824064552783966 -0.0780024379491806 0.06685341894626617
-0.01056531723588705 -0.07701154798269272 0.06583571434020996
-0.02616220898926258 -0.07925073057413101 0.06745536625385284
0.07159339636564255 -0.07577205449342728 0.06229492276906967
0.11486374586820602 -0.06006765738129616 0.06976144760847092
0.11983983218669891 -0.05532122403383255 0.07369869947433472
0.11120904982089996 -0.06248703598976135 0.06333079934120178
-0.028608523309230804 -0.08190835267305374 0.068027064204216
0.11606297641992569 -0.06290426105260849 0.0724177435040474
0.12204423546791077 -0.05587836727499962 0.07624746859073639
0.11093718558549881 -0.06620246171951294 0.06997215002775192
0.12421055883169174 -0.056393563747406006 0.07764549553394318
0.12208899855613708 -0.06359459459781647 0.07405805587768555
0.12834104895591736 -0.05555408075451851 0.07895810902118683
0.10811982303857803 -0.0650932565331459 0.06584141403436661
0.11687026172876358 -0.06515439599752426 0.07254251092672348
0.10056028515100479 -0.06935965269804001 0.06394199281930923
0.111859992146492 -0.0725053995847702 0.06947032362222672
0.1284913867712021 -0.04308946803212166 0.08323990553617477
0.129176065325737 -0.04946304112672806 0.08205030113458633
0.13119885325431824 -0.04265156388282776 0.08437278866767883
0.13069486618041992 -0.026730893179774284 0.08437526226043701
0.1287187784910202 -0.025281496345996857 0.08345361799001694
0.12961849570274353 -0.0024605628568679094 0.08412282913923264
0.05118265748023987 -0.07352573424577713 -0.020046157762408257
0.0447879396378994 -0.07486487179994583 -0.0363498292863369
0.043750520795583725 -0.07296333461999893 -0.03061012737452984
0.05554429441690445 -0.07464180886745453 -0.02000582590699196
0.04278473183512688 -0.06985065340995789 -0.027543343603610992
0.04646006599068642 -0.0691760703921318 -0.020026538521051407
0.06213294342160225 -0.07653317600488663 -0.06466975063085556
0.050067998468875885 -0.0773899257183075 -0.0659976601600647
0.042746610939502716 -0.07601604610681534 -0.06398144364356995
0.07749156653881073 -0.07935575395822525 -0.06688437610864639
0.0936521664261818 -0.0783858373761177 -0.06747759878635406
0.07956457883119583 -0.08139422535896301 -0.06722619384527206
0.0821860134601593 -0.07484152168035507 -0.06265901029109955
0.09247015416622162 -0.07250086218118668 -0.0635104551911354
0.08898023515939713 -0.07569018006324768 -0.06612715870141983
0.05913279950618744 -0.07905285805463791 -0.06708057224750519
0.058465294539928436 -0.08106215298175812 -0.06770438700914383
0.041698433458805084 -0.08014485239982605 -0.06789601594209671
0.07126396894454956 -0.07578854262828827 -0.06222234293818474
0.10662853717803955 -0.06600334495306015 -0.06521610915660858
0.11458618193864822 -0.06207861378788948 -0.07097417116165161
0.1092754453420639 -0.06638462841510773 -0.0688096433877945
0.07500122487545013 -0.07695170491933823 -0.06520461291074753
0.113442063331604 -0.06110212579369545 -0.06829699128866196
0.10159172117710114 -0.07102381438016891 -0.06694863736629486
0.11413004249334335 -0.0670590028166771 -0.07147211581468582
0.103419229388237 -0.07331112772226334 -0.06826511770486832
0.12460596114397049 -0.05279501900076866 -0.07869803160429001
0.1296476125717163 -0.04851631820201874 -0.08248937129974365
0.12200896441936493 -0.0627032071352005 -0.07458925247192383
0.12060292065143585 -0.058720096945762634 -0.07531041651964188
0.11249861866235733 -0.06139743700623512 -0.06499963253736496
0.11924824118614197 -0.055531974881887436 -0.07285492867231369
0.10001446306705475 -0.06959977746009827 -0.06361131370067596
0.10788518190383911 -0.0737234354019165 -0.06894860416650772
0.1118767186999321 -0.07968715578317642 -0.06628201901912689
0.1286482810974121 -0.04259086027741432 -0.08339082449674606
0.13172566890716553 -0.04162509739398956 -0.08457150310277939
0.13025952875614166 -0.02192923240363598 -0.08425669372081757
0.12906448543071747 -0.025578513741493225 -0.08375126868486404
0.1285267323255539 0.011029466055333614 -0.08327335119247437
-0.06822739541530609 0.06666073203086853 -0.07958297431468964
-0.05986100062727928 0.05466945841908455 -0.0853709802031517
-0.07342718541622162 0.0545022152364254 -0.0739528015255928
-0.09997144341468811 0.0666746124625206 -0.03133099898695946
-0.09791293740272522 0.05412330478429794 -0.035053350031375885
-0.10393350571393967 0.06362445652484894 -0.012145745567977428
-0.10170325636863708 0.05403590947389603 -0.021808909252285957
-0.10313418507575989 0.05354909598827362 -0.012502312660217285
-0.102537140250206 0.0666745975613594 -0.02149188332259655
-0.0798645168542862 0.0549156479537487 -0.06704165041446686
-0.010920696891844273 0.06614609062671661 -0.10431522130966187
-0.019616587087512016 0.054196663200855255 -0.1022406667470932
-0.034779682755470276 0.053912825882434845 -0.09804050624370575
-0.035517510026693344 0.06625761836767197 -0.09856113791465759
-0.04450460150837898 0.05485337972640991 -0.09429989010095596
-0.10435280948877335 0.06408423185348511 -0.008079998195171356
-0.10376891493797302 0.05419839546084404 -0.0074837240390479565
-0.08822938054800034 0.05396180972456932 -0.05505836382508278
-0.05595899373292923 0.06665917485952377 -0.0886438712477684
-0.0920487493276596 0.06667908281087875 -0.050034403800964355
-0.0936487466096878 0.054234836250543594 -0.04534823074936867
0.004939713049679995 0.05440102890133858 -0.1039857268333435
-0.007611561566591263 0.0537632554769516 -0.1036941409111023
-0.08747642487287521 0.051096122711896896 -0.05242457985877991
0.0015678501222282648 0.050034668296575546 -0.10024011135101318
-0.022599657997488976 0.050684552639722824 -0.09889832139015198
-0.009969587437808514 0.05147215723991394 -0.10187787562608719
0.006815999746322632 0.05149683728814125 -0.10227420926094055
-0.09497509896755219 0.05000779777765274 -0.031124310567975044
-0.09700566530227661 0.05182112008333206 -0.034032389521598816
-0.09177332371473312 0.05063841864466667 -0.04275127127766609
-0.0357791967689991 0.049896903336048126 -0.09294341504573822
-0.05510381981730461 0.05015479028224945 -0.08398780226707458
-0.07562017440795898 0.04999378323554993 -0.0653364360332489
-0.06556360423564911 0.05127387493848801 -0.0785629004240036
-0.051662132143974304 0.05238017067313194 -0.08943810313940048
-0.08014608919620514 0.05208839103579521 -0.06483969837427139
-0.10247083753347397 0.051559530198574066 0.00010818139708135277
-0.10407816618680954 0.054245948791503906 0.00043665964039973915
-0.10115635395050049 0.050753701478242874 -0.007538300938904285
-0.0996059998869896 0.049975767731666565 0.00627608597278595
-0.08417952060699463 0.04991438239812851 -0.052548207342624664
-0.03639635816216469 0.05148007720708847 -0.09573551267385483
-0.10108672082424164 0.050947993993759155 -0.012569645419716835
-0.038394443690776825 0.050348903983831406 -0.09310770034790039
-0.024691913276910782 0.05243319272994995 -0.10021128505468369
-0.09878400713205338 0.0499696210026741 -0.012912611477077007
0.03584887459874153 -0.0606759637594223 -0.03299818933010101
0.04003622755408287 -0.06422877311706543 -0.02916809171438217
0.03367356210947037 -0.05956113710999489 -0.0356004573404789
0.028450079262256622 -0.058551106601953506 -0.04032149538397789
-0.01101758424192667 -0.06096909940242767 -0.04759950563311577
-0.004234521649777889 -0.05874620005488396 -0.04901653155684471
0.04339895769953728 -0.07328610122203827 -0.03728875517845154
0.011969217099249363 -0.058706339448690414 -0.047808319330215454
0.04473675414919853 -0.07536350935697556 -0.052594516426324844
-0.017952218651771545 -0.07049823552370071 -0.04756840690970421
-0.019546376541256905 -0.07430122047662735 -0.05065486952662468
0.04139374941587448 -0.07601845264434814 -0.05690715089440346
0.042107224464416504 -0.07350089401006699 -0.054408442229032516
-0.017180772498250008 -0.07587634027004242 -0.057203248143196106
0.04007340595126152 -0.07378602027893066 -0.05494997277855873
-0.017170261591672897 -0.07396066188812256 -0.05473748594522476
0.039785053580999374 -0.07665359973907471 -0.05571840703487396
0.03876001015305519 -0.08200418204069138 -0.05692555010318756
0.03451906889677048 -0.08633577078580856 -0.056681517511606216
0.03589974343776703 -0.08388761430978775 -0.055420223623514175
0.0282259713858366 -0.08944371342658997 -0.05726468563079834
0.028507893905043602 -0.08863519877195358 -0.05590399354696274
0.03887080028653145 -0.08300713449716568 -0.06699363887310028
0.028172621503472328 -0.08741609752178192 -0.05511864647269249
-0.015294441021978855 -0.07687848061323166 -0.05605695769190788
-0.016783662140369415 -0.0762631967663765 -0.06379302591085434
-0.013732969760894775 -0.07666293531656265 -0.05521388724446297
-0.014204004779458046 -0.07366510480642319 -0.05500432848930359
-0.002693633083254099 -0.0874779149889946 -0.055074017494916916
-0.002091421512886882 -0.08940199762582779 -0.05685562640428543
0.12258680164813995 0.09069947898387909 0.01384010910987854
0.14746206998825073 0.08740463852882385 0.0008460368262603879
0.1169978678226471 0.09170224517583847 0.008100293576717377
0.14568080008029938 0.08733899891376495 0.007696554530411959
0.11499419808387756 0.09212865680456161 0.0005672960542142391
0.14111566543579102 0.08779468387365341 0.012954898178577423
0.13520298898220062 0.08858062326908112 0.015858253464102745
0.12875115871429443 0.08964471518993378 0.016094649210572243
0.1439792811870575 0.08623655140399933 -0.0349261611700058
0.13810479640960693 0.08670668303966522 -0.039800744503736496
0.11636867374181747 0.09051623940467834 -0.030466953292489052
0.12119291722774506 0.08946182578802109 -0.03786091506481171
0.1463497430086136 0.08634303510189056 -0.028454862534999847
0.1278853863477707 0.08820395916700363 -0.04107889533042908
0.13325825333595276 0.08735432475805283 -0.04126469045877457
-0.02795914188027382 -0.09953399747610092 0.06827453523874283
0.030724190175533295 -0.0995686948299408 0.06795009225606918
0.14564846456050873 -0.005423190072178841 0.08493153750896454
0.14539499580860138 -0.005521836690604687 0.08292586356401443
0.14539487659931183 -0.011917411349713802 0.0849255919456482
0.1422002613544464 -0.040351502597332 0.08483520150184631
0.14266592264175415 -0.028422363102436066 0.0848555639386177
0.14000840485095978 -0.028418397530913353 0.08479279279708862
0.1489245444536209 -0.013431486673653126 0.08497171849012375
0.14024172723293304 -0.02155553549528122 0.0847739726305008
0.14869704842567444 -0.004252040293067694 0.08497287333011627
0.14880958199501038 -0.0013570009032264352 0.08497139066457748
0.1297273337841034 -0.07598815858364105 0.06669335812330246
0.1389845609664917 0.00023777567548677325 0.08480293303728104
0.1331656128168106 -0.007102614734321833 0.08455780893564224
0.14862868189811707 -0.016172615811228752 0.08495607227087021
0.13320858776569366 -0.010416204109787941 0.08456920832395554
0.05287278816103935 -0.08920210599899292 0.06728910654783249
0.0824342593550682 -0.09949298202991486 0.06548970937728882
0.08498635143041611 -0.09011678397655487 0.0655209943652153
0.09394139051437378 -0.08624252676963806 0.06551558524370193
0.1073826402425766 -0.08572819828987122 0.06466306746006012
0.1051924079656601 -0.0924336314201355 0.06371111422777176
0.12584787607192993 -0.09061804413795471 0.06179776042699814
0.12563365697860718 -0.09956848621368408 0.0612417571246624
0.13303448259830475 -0.07241727411746979 0.06833966821432114
0.13926367461681366 -0.06583847850561142 0.07208197563886642
0.14296020567417145 -0.02185017056763172 0.08487879484891891
0.12689320743083954 -0.08339227735996246 0.06362061947584152
0.1470474898815155 -0.08995799720287323 0.037632714956998825
0.14316566288471222 -0.09127433598041534 0.04369165003299713
0.14727237820625305 -0.09366174042224884 0.03248928487300873
0.1479005515575409 -0.08606266230344772 0.04525645449757576
0.14728553593158722 -0.08273257315158844 0.051738496869802475
0.14439848065376282 -0.08900962769985199 0.04418623819947243
0.15023969113826752 -0.0919303297996521 0.021783053874969482
0.15024220943450928 -0.08844117075204849 0.02751104161143303
0.15261900424957275 -0.08772847056388855 0.013166970573365688
0.15240873396396637 -0.09078224748373032 0.007990610785782337
0.1531013548374176 -0.09049634635448456 -0.00015714112669229507
0.13892975449562073 -0.07627943158149719 0.06280719488859177
0.13638295233249664 -0.08198291063308716 0.05882979556918144
0.14771489799022675 -0.07517030090093613 0.061659883707761765
0.14974910020828247 -0.09948735684156418 0.02444692701101303
0.14400435984134674 -0.06887002289295197 0.06883107870817184
0.14094014465808868 -0.08404491096735 0.05329092592000961
0.1374814361333847 -0.08942112326622009 0.05277174338698387
0.1329329013824463 -0.08991966396570206 0.05802973732352257
0.1327306181192398 -0.09956516325473785 0.05689301714301109
0.15240871906280518 -0.09951382130384445 0.011509517207741737
0.14977365732192993 -0.08671589940786362 0.038768891245126724
0.15276236832141876 -0.08649715036153793 0.020315492525696754
0.14066466689109802 -0.0994935855269432 0.04554283246397972
0.1320890337228775 -0.08099709451198578 0.06282691657543182
0.14247889816761017 -0.09449750185012817 0.043119464069604874
0.15199297666549683 -0.0854853019118309 0.03831195458769798
0.1457827389240265 -0.0999593436717987 0.03484363853931427
0.15288694202899933 -0.09992588311433792 -0.0015225416282191873
0.1263219118118286 -0.08376248180866241 -0.06362488120794296
0.12560327351093292 -0.09033764898777008 -0.062006376683712006
0.06486250460147858 -0.08837856352329254 -0.06675132364034653
0.09063065052032471 -0.08601011335849762 -0.06580481678247452
0.09443525224924088 -0.09173522889614105 -0.06470198929309845
-0.028486598283052444 -0.08095645904541016 -0.06798656284809113
0.006679989863187075 -0.09952382743358612 -0.06853750348091125
-0.029911113902926445 -0.0994139015674591 -0.06815951317548752
0.12342382222414017 -0.09944145381450653 -0.061793576925992966
0.0628490298986435 -0.09952348470687866 -0.0666441097855568
0.137305349111557 -0.06657411903142929 -0.07171536982059479
0.12922999262809753 -0.07662507146596909 -0.06638022512197495
-0.011466648429632187 -0.08674763888120651 -0.06809292733669281
-0.016694309189915657 -0.08056793361902237 -0.06809263676404953
-0.0042253159917891026 -0.09106367081403732 -0.06822027266025543
0.008592727594077587 -0.09096552431583405 -0.06802467256784439
0.027776189148426056 -0.09085364639759064 -0.06774633377790451
0.03715647757053375 -0.08740746229887009 -0.06777318567037582
0.12563586235046387 -0.09501883387565613 -0.06141594797372818
0.13101685047149658 0.00990589801222086 -0.08443627506494522
0.13126109540462494 0.02400997094810009 -0.0847526490688324
0.14842617511749268 -0.0901491791009903 -0.03169681504368782
0.15164892375469208 -0.08715146034955978 -0.02371952496469021
0.1502671092748642 -0.09121932834386826 -0.021678198128938675
0.1392328143119812 -0.07639135420322418 -0.06252599507570267
0.14069779217243195 -0.08281200379133224 -0.054933276027441025
0.13372546434402466 -0.07765132933855057 -0.06402567028999329
0.14949247241020203 -0.08674399554729462 -0.039580658078193665
0.14806170761585236 -0.07292655110359192 -0.06412261724472046
0.1488923877477646 -0.08149146288633347 -0.05318571999669075
0.152138814330101 -0.09155265986919403 -0.010066814720630646
0.15224534273147583 -0.09946876764297485 -0.012741412036120892
0.14928193390369415 -0.08485125750303268 -0.04643959179520607
0.14656084775924683 -0.08931173384189606 -0.04010573402047157
0.14318417012691498 -0.08826714009046555 -0.04650251194834709
0.15258663892745972 -0.08786173909902573 -0.012286124750971794
0.13308033347129822 -0.09063824266195297 -0.05770797282457352
0.13265793025493622 -0.0994962751865387 -0.057032350450754166
0.13110747933387756 -0.09371417760848999 -0.058875806629657745
0.13604354858398438 -0.07164379209280014 -0.06775002181529999
0.1377502828836441 -0.0854613333940506 -0.05492771044373512
0.14262822270393372 -0.09069592505693436 -0.044896744191646576
0.14549040794372559 -0.09337671846151352 -0.03716907277703285
0.14822860062122345 -0.0938429906964302 -0.02921980991959572
0.13940513134002686 -0.09337969124317169 -0.048604100942611694
0.14351001381874084 -0.0995023250579834 -0.04060002416372299
0.1495905965566635 -0.09953900426626205 -0.025071216747164726
0.138130784034729 -0.0999518558382988 -0.04933694750070572
0.1331736445426941 -0.08429789543151855 -0.06015927344560623
0.14916017651557922 0.08636095374822617 0.023390984162688255
0.1420658379793167 0.0851379856467247 0.054017480462789536
0.12115118652582169 0.09002630412578583 0.030626237392425537
0.1493643820285797 0.08447159826755524 0.052754856646060944
0.08282866328954697 0.08727375417947769 0.08203721046447754
0.08824677020311356 0.08938292413949966 0.057247474789619446
0.07634437829256058 0.08789172023534775 0.07226330041885376
0.10450826585292816 0.09227584302425385 0.01153059583157301
0.10177256166934967 0.09161296486854553 0.02621585503220558
0.07494337111711502 0.08677207678556442 0.08625181764364243
0.06366630643606186 0.08685552328824997 0.08367342501878738
0.05006905272603035 0.08609680831432343 0.09426860511302948
0.10444754362106323 0.09001092612743378 0.048737041652202606
0.09691286832094193 0.09070857614278793 0.040733471512794495
0.12931318581104279 0.0864955261349678 0.05787511542439461
0.11510207504034042 0.08770980685949326 0.06444492936134338
0.09202398359775543 0.08756165951490402 0.07760419696569443
0.05014052614569664 0.08633784204721451 0.09239016473293304
0.10508624464273453 0.09269242733716965 -0.0007528329151682556
0.10372822731733322 0.09210440516471863 -0.017317043617367744
0.13910378515720367 0.0854431763291359 -0.05399983003735542
0.11684628576040268 0.08745408803224564 -0.06429710984230042
0.1042475551366806 0.08992060273885727 -0.050013042986392975
0.10779350250959396 0.08760549873113632 -0.0695204883813858
0.08234945684671402 0.08857962489128113 -0.06548149883747101
0.0777553841471672 0.08700095862150192 -0.0846690684556961
0.06449111551046371 0.08688034862279892 -0.08327027410268784
0.0935632660984993 0.09016165882349014 -0.04800892621278763
0.08824976533651352 0.08746235817670822 -0.07949299365282059
0.04996076598763466 0.08643995225429535 -0.09353592246770859
0.14840829372406006 0.08453177660703659 -0.05310307815670967
0.10126537084579468 0.09148510545492172 -0.028557389974594116
0.0694151446223259 0.08663811534643173 -0.08818467706441879
0.09853397309780121 0.08775017410516739 -0.07332706451416016
0.05841828137636185 0.08607182651758194 -0.09246984124183655
0.14348700642585754 0.0833887979388237 0.05697659030556679
0.14320050179958344 0.07606127113103867 0.06553556770086288
0.11066129803657532 0.07458106428384781 0.08068579435348511
0.08691275119781494 0.08351077884435654 0.08448541164398193
0.10337167233228683 0.07221106439828873 0.08442303538322449
0.08407241106033325 0.07830063998699188 0.08778733760118484
0.1324423849582672 0.07751098275184631 0.06823674589395523
0.13573069870471954 0.065669946372509 0.07659536600112915
0.0920783132314682 0.08604252338409424 0.08050082623958588
0.12580576539039612 0.05221869796514511 0.0853399783372879
0.13049030303955078 0.054429348558187485 0.08438266813755035
0.1143171489238739 0.058486949652433395 0.0862354040145874
0.0868166834115982 0.07048822939395905 0.08915591239929199
0.06889216601848602 0.07110603153705597 0.09309075027704239
0.08365076780319214 0.06652931123971939 0.09028388559818268
0.13218753039836884 0.0571625716984272 0.08291167765855789
0.0691843032836914 0.08455150574445724 0.09067405760288239
0.1094270795583725 0.06515819579362869 0.0857710987329483
0.05006767809391022 0.08404877036809921 0.09667826443910599
0.13199326395988464 0.08496619760990143 0.06031590700149536
0.14202293753623962 0.0459035262465477 0.08491699397563934
0.14771942794322968 0.05415083095431328 0.0817335769534111
0.14317017793655396 0.052365876734256744 0.08313266187906265
0.035056427121162415 0.07061772793531418 0.10042385011911392
0.147929847240448 0.06364797800779343 0.0753873884677887
0.11007201671600342 0.08034342527389526 0.07686690241098404
0.1011144295334816 0.0630110427737236 0.0876176729798317
0.016172731295228004 0.06590093672275543 0.10361187905073166
0.0028135229367762804 0.06762170046567917 0.10479044169187546
0.10346850752830505 0.08686375617980957 0.07383652776479721
0.11571426689624786 0.08647991716861725 0.06756342947483063
-0.08634685724973679 0.06664985418319702 0.05956290289759636
-0.09198757261037827 0.053975675255060196 0.04852595180273056
-0.04886101558804512 0.0545019805431366 0.09202119708061218
-0.03456798195838928 0.05476312339305878 0.09839846938848495
-0.08739765733480453 0.053247030824422836 0.055914126336574554
-0.10388580709695816 0.06674212962388992 0.01397676207125187
-0.08126712590456009 0.054012320935726166 0.06493381410837173
-0.0759565532207489 0.05587734282016754 0.07153024524450302
-0.10319234430789948 0.05346601828932762 0.011726653203368187
-0.02836887165904045 0.053923629224300385 0.10005951672792435
-0.019386619329452515 0.053838763386011124 0.10214009135961533
-0.06711410731077194 0.06670542061328888 0.08052996546030045
-0.10122106224298477 0.05496613308787346 0.025111885741353035
-0.010166777297854424 0.0670115128159523 0.10437556356191635
-0.009259924292564392 0.05410569906234741 0.1036640927195549
-0.06667692959308624 0.053670648485422134 0.07975511252880096
-0.09709686785936356 0.055353328585624695 0.03814859315752983
0.004530684091150761 0.054383840411901474 0.10406201332807541
-0.09827537089586258 0.05367695912718773 0.03379809856414795
-0.05883520096540451 0.05410018190741539 0.08583354949951172
0.13382188975811005 0.050663936883211136 -0.08476356416940689
0.1439289003610611 0.048010218888521194 -0.08442693948745728
0.13535667955875397 0.04646530747413635 -0.08502156287431717
0.13985031843185425 0.05295661464333534 -0.08320505917072296
0.13856340944766998 0.05912064015865326 -0.08023010939359665
0.14731992781162262 0.05427266284823418 -0.08169205486774445
0.14782719314098358 0.063725546002388 -0.07534487545490265
0.08015710115432739 0.07111997902393341 -0.09058074653148651
0.08675941824913025 0.06570784002542496 -0.08977055549621582
0.06821350008249283 0.06949252635240555 -0.09319756925106049
0.09881247580051422 0.06706390529870987 -0.08742626011371613
0.11757118999958038 0.05766076222062111 -0.0859028622508049
0.1044471487402916 0.061640895903110504 -0.08720993995666504
0.1296873390674591 0.05732549726963043 -0.08359631896018982
0.13829633593559265 0.08412928879261017 -0.05823168903589249
0.13408103585243225 0.07747150957584381 -0.06755178421735764
0.12692709267139435 0.08456248790025711 -0.06374487280845642
0.13861533999443054 0.06728044897317886 -0.07452520728111267
0.07537402957677841 0.08495038002729416 -0.08822229504585266
0.08986291289329529 0.08591129630804062 -0.08159643411636353
0.09527760744094849 0.07799412310123444 -0.08419124782085419
0.14149659872055054 0.07470240443944931 -0.06730574369430542
0.08774932473897934 0.0758012905716896 -0.08747930824756622
0.11505069583654404 0.07943182438611984 -0.07526836544275284
0.11257068812847137 0.07180705666542053 -0.08167155086994171
0.1292838454246521 0.06846517324447632 -0.07709413021802902
0.14508654177188873 0.08201732486486435 -0.05851028114557266
0.059717029333114624 0.08427183330059052 -0.09382381290197372
0.10049296170473099 0.08656799793243408 -0.07592493295669556
0.013673671521246433 0.07026713341474533 -0.10406062752008438
0.050029803067445755 0.08412959426641464 -0.09659498929977417
-0.042082447558641434 -0.04714079573750496 0.011423319578170776
-0.03853536397218704 -0.04714072868227959 0.020494818687438965
-0.03440045192837715 -0.04696884751319885 0.014190975576639175
-0.03725510835647583 -0.04696882143616676 -0.0012301347451284528
-0.043627701699733734 -0.04714309424161911 0.0014678473817184567
0.018862538039684296 -0.047140829265117645 -0.03954195976257324
0.004931224975734949 -0.04696844890713692 -0.03680780529975891
0.01556375715881586 -0.04696887731552124 -0.03372730687260628
0.004357400815933943 -0.04714052379131317 -0.04354609549045563
-0.04297633469104767 -0.04714308679103851 -0.007642341777682304
-0.03439483046531677 -0.04696878418326378 -0.01380867324769497
-0.04062260314822197 -0.047140613198280334 -0.015958374366164207
0.024082332849502563 -0.04696887359023094 -0.02823428064584732
0.02611255645751953 -0.04714497551321983 -0.03505156189203262
-0.029922518879175186 -0.04696877673268318 -0.021876739338040352
-0.03535521402955055 -0.04716792702674866 -0.025847390294075012
0.03364115580916405 -0.04716315120458603 -0.028069086372852325
0.030871180817484856 -0.046968866139650345 -0.02067938633263111
-0.02801923267543316 -0.04714078828692436 -0.03363844007253647
-0.022896870970726013 -0.046968769282102585 -0.029209960252046585
0.039772700518369675 -0.0471399687230587 -0.01830899901688099
0.03493988886475563 -0.046968866139650345 -0.012426694855093956
-0.013532017357647419 -0.04696847125887871 -0.03455214202404022
-0.016764581203460693 -0.04714066535234451 -0.040312912315130234
0.04312065616250038 -0.04714033007621765 -0.006924624554812908
0.037128742784261703 -0.04696901887655258 -0.002487308345735073
-0.0037364517338573933 -0.0471523143351078 -0.04366031289100647
-0.004576998762786388 -0.04696911573410034 -0.03677891567349434
0.04372195154428482 -0.04714520275592804 0.0007765028276480734
0.03552624583244324 -0.04696876183152199 0.011259850114583969
0.04229777678847313 -0.047143470495939255 0.0109251718968153
0.03871697559952736 -0.047146230936050415 0.020324327051639557
0.02998160570859909 -0.04696877673268318 0.021876733750104904
0.03397419676184654 -0.04716046154499054 0.02765703573822975
0.02295612543821335 -0.046968769282102585 0.02920973300933838
0.026102107018232346 -0.0471620112657547 0.0352759025990963
0.020660579204559326 -0.047150615602731705 0.0385863296687603
0.013328716158866882 -0.046968765556812286 0.03466953709721565
0.01440309826284647 -0.047155436128377914 0.04137013480067253
0.0015886814799159765 -0.046968378126621246 0.037149831652641296
-0.00038533317274414003 -0.047152016311883926 0.043817535042762756
-0.009391164407134056 -0.04696888104081154 0.03587431088089943
-0.015858707949519157 -0.04714060202240944 0.0408904105424881
-0.019608670845627785 -0.04696886986494064 0.03157344460487366
-0.030366964638233185 -0.04713980481028557 0.031575076282024384
-0.02796444669365883 -0.04696886986494064 0.024332119151949883
0.14632464945316315 0.026027342304587364 0.08498121052980423
0.14672018587589264 0.02360793948173523 0.08497720956802368
0.14184582233428955 0.011028474196791649 0.0848735123872757
0.13616038858890533 0.007545225787907839 0.08471522480249405
0.1388532817363739 0.00831158459186554 0.08479069918394089
0.1493975967168808 0.005952180828899145 0.08497723937034607
0.14746978878974915 0.001837800838984549 0.08496088534593582
0.14241786301136017 0.030031142756342888 0.08497236669063568
0.14256933331489563 0.026032378897070885 0.08496344834566116
0.1398853212594986 0.01919180527329445 0.08487460017204285
0.1362810879945755 0.010747670195996761 0.08473058044910431
0.13270065188407898 0.005913619417697191 0.08457845449447632
0.13571564853191376 0.02341477945446968 0.08485578745603561
0.13129925727844238 0.01948881521821022 0.0845472663640976
0.1396944522857666 0.026035213842988014 0.08493782579898834
0.13994553685188293 0.030099572613835335 0.0849578008055687
0.13570554554462433 0.025780001655220985 0.08488640934228897
0.1337960958480835 0.00929846428334713 0.08463282883167267
0.1192571371793747 0.04831546172499657 0.08546803146600723
0.1023310050368309 0.0558922104537487 0.08707303553819656
0.12898707389831543 0.03374314680695534 0.08490452915430069
0.14743807911872864 0.01020000595599413 0.08496244251728058
0.14246085286140442 0.01933339051902294 0.08490582555532455
0.046551767736673355 0.05388670414686203 0.09684932976961136
0.06406901031732559 0.05490421503782272 0.09330714493989944
0.08428386598825455 0.05726863071322441 0.08976898342370987
0.1334545612335205 0.0032580276019871235 0.08471927046775818
0.13898725807666779 0.004362607840448618 0.08479875326156616
0.1361933797597885 0.004229846876114607 0.08471745997667313
0.13953271508216858 0.023172009736299515 0.08394426107406616
0.14280641078948975 0.023062072694301605 0.08491510152816772
-0.028097543865442276 -0.07646407186985016 -0.06377445161342621
-0.0579141266644001 -0.07678241282701492 -0.020000582560896873
-0.05405757576227188 -0.07621626555919647 -0.020028535276651382
-0.0469759926199913 -0.07695267349481583 -0.04903615638613701
-0.03610046207904816 -0.0761168897151947 -0.046152263879776
-0.0381404310464859 -0.07667368650436401 -0.059701237827539444
-0.025381630286574364 -0.07816993445158005 -0.06672080606222153
-0.016701914370059967 -0.07810691744089127 -0.06685560941696167
0.08891317993402481 0.04803721606731415 -0.0010365493362769485
0.0783311128616333 0.04846363142132759 0.01692693680524826
0.08001066744327545 0.04821477457880974 0.003570445580407977
0.09078490734100342 0.04794182628393173 0.012058595195412636
0.09102996438741684 0.048220399767160416 0.023730989545583725
0.09370442479848862 0.04904167354106903 0.08068006485700607
0.08569894731044769 0.04968445375561714 0.08270129561424255
0.07829152047634125 0.049837928265333176 0.08510678261518478
0.07330313324928284 0.048733580857515335 0.03249416872859001
0.06508379429578781 0.04898316413164139 0.046752382069826126
0.061130013316869736 0.04976734519004822 0.08873958140611649
0.0541490763425827 0.04919927194714546 0.05912654474377632
0.10156700760126114 0.047008950263261795 0.06242562457919121
0.10342884808778763 0.04708320274949074 0.07902640849351883
0.09361905604600906 0.048261433839797974 0.04444531723856926
-0.0008164647733792663 0.04956493154168129 0.08018243312835693
0.012658648192882538 0.050185222178697586 0.09944173693656921
0.00598969217389822 0.04997582733631134 0.09919425845146179
0.022947700694203377 0.049915704876184464 0.0971185564994812
0.01637185923755169 0.04953620955348015 0.07842804491519928
0.030854158103466034 0.049457941204309464 0.07394404709339142
0.04256230965256691 0.04935110732913017 0.06782552599906921
-0.05403490364551544 0.049902088940143585 0.08321450650691986
-0.05051223561167717 0.04956239461898804 0.062382034957408905
-0.03344029188156128 0.049563441425561905 0.07279573380947113
-0.031151700764894485 0.04994535446166992 0.09474337846040726
-0.018351228907704353 0.049563758075237274 0.07798463106155396
0.0016911529237404466 0.04956333339214325 -0.0802232176065445
-0.01724640652537346 0.0495636872947216 -0.07823679596185684
-0.032406359910964966 0.049563564360141754 -0.07326235622167587
-0.047911856323480606 0.04956327751278877 -0.06428853422403336
-0.06229427829384804 0.049562517553567886 -0.05046916753053665
-0.07098807394504547 0.049563463777303696 -0.036968860775232315
-0.07636388391256332 0.04956449568271637 -0.024155961349606514
-0.07989507168531418 0.049562785774469376 -0.006591861601918936
-0.07947354763746262 0.049563854932785034 0.00945816095918417
-0.07669732719659805 0.049564462155103683 0.023074934259057045
-0.09428340196609497 0.0500132292509079 0.033017419278621674
-0.07144379615783691 0.04956337809562683 0.036079950630664825
-0.08691422641277313 0.04999685287475586 0.04947344958782196
-0.06417865306138992 0.049563366919755936 0.04792458564043045
-0.06592519581317902 0.050031960010528564 0.07516168057918549
0.021235143765807152 0.05430109053850174 0.10211597383022308
0.03784146159887314 0.05302858725190163 0.09839987754821777
0.10392708331346512 -0.016539353877305984 0.048881106078624725
0.10420729219913483 -0.06683193147182465 0.04937867820262909
0.10647556185722351 -0.06566660106182098 0.05507408082485199
0.1041560024023056 0.038383420556783676 0.04937846586108208
0.10741766542196274 0.036870844662189484 0.0570937916636467
0.11153790354728699 0.03454425558447838 0.06385195255279541
0.12764808535575867 0.02298855222761631 0.08265698701143265
0.12858279049396515 0.011073288507759571 0.08326013386249542
0.0957830473780632 -0.07064511626958847 0.04191271960735321
0.08430727571249008 -0.07367882132530212 0.03740270063281059
0.0730995461344719 -0.07490052282810211 0.030217749997973442
0.10157220810651779 -0.06822527199983597 0.04566683992743492
0.06406529247760773 -0.07468724250793457 0.020054161548614502
-0.045893941074609756 -0.07680977880954742 0.04913415014743805
-0.049866195768117905 -0.07693706452846527 0.04250066727399826
-0.05363134294748306 -0.07696110010147095 0.0340665839612484
-0.05680892989039421 -0.07716561108827591 0.027699574828147888
-0.06164183095097542 -0.06488370150327682 0.009183513931930065
-0.06157926842570305 -0.06297311186790466 -8.87730948306853e-06
-0.0642750933766365 -0.08067725598812103 -0.0005896559450775385
-0.0494924858212471 -0.0817246362566948 0.052122000604867935
-0.05556408315896988 -0.09944979846477509 0.04285610467195511
-0.04770899936556816 -0.09946013987064362 0.056371238082647324
-0.05433814972639084 -0.08113701641559601 0.04310460388660431
-0.04534051939845085 -0.09141211211681366 0.05930861085653305
-0.04623419791460037 -0.08023487776517868 0.05665135383605957
-0.06386958062648773 -0.08495665341615677 0.011853956617414951
-0.06510038673877716 -0.09944169968366623 0.00021655404998455197
-0.06432553380727768 -0.09944970905780792 0.012618064880371094
-0.061737339943647385 -0.0797375738620758 0.020005758851766586
-0.059926073998212814 -0.06434597074985504 0.019996311515569687
-0.06106051057577133 -0.08227954804897308 0.025477590039372444
-0.06148171052336693 -0.09944695979356766 0.026773568242788315
-0.057748597115278244 -0.081489197909832 0.03531619906425476
0.06645559519529343 -0.054523129016160965 0.01998249627649784
0.04222313314676285 -0.05452721193432808 0.01993442140519619
0.04034397378563881 -0.05902739614248276 0.026074638590216637
0.031693845987319946 -0.05742030590772629 0.035443566739559174
0.0017860580701380968 -0.06026674807071686 0.04829805716872215
-0.008639974519610405 -0.05766088142991066 0.0468236468732357
-0.03849729150533676 -0.05952438712120056 0.028744859620928764
-0.040290240198373795 -0.05690343305468559 0.024839553982019424
0.0072791394777596 -0.05345238372683525 0.045583851635456085
-0.01785869710147381 -0.06038746237754822 0.04493853077292442
-0.029169660061597824 -0.054689254611730576 0.03633615002036095
-0.034135498106479645 -0.05422699451446533 0.031421955674886703
0.046197276562452316 -0.054090313613414764 0.004761391319334507
-0.025657283142209053 -0.058323394507169724 0.040331557393074036
0.010931704193353653 -0.059709563851356506 0.0468951053917408
-0.01659432239830494 -0.05254374071955681 0.04269106686115265
0.0168459452688694 -0.060186658054590225 0.04522823169827461
0.023935288190841675 -0.05991887301206589 0.0418836884200573
-0.04489026591181755 -0.05431044474244118 0.01195264421403408
-0.046251095831394196 -0.05405062437057495 0.0028010134119540453
-0.04216399043798447 -0.05480518564581871 0.019996272400021553
0.09874555468559265 0.028221549466252327 0.030240800231695175
0.09538441896438599 0.01775421015918255 0.027457797899842262
0.09987129271030426 0.018864324316382408 0.03943156450986862
0.09189889580011368 0.01768936961889267 0.0007328076753765345
0.09575857222080231 0.024415353313088417 0.013094678521156311
0.09472742676734924 0.02297895774245262 -0.0038443515077233315
0.09375891089439392 0.019158652052283287 0.015139230526983738
0.09626233577728271 0.027713414281606674 0.004444900434464216
0.09922981262207031 0.004880351480096579 0.041325535625219345
0.09392140805721283 0.006998589728027582 0.033201321959495544
0.0972854495048523 0.03099486231803894 0.01474838424474001
0.09845921397209167 0.03995930776000023 0.023568984121084213
0.09696262329816818 0.03308269754052162 -8.822869131108746e-05
0.10227109491825104 0.020698625594377518 0.04461198300123215
0.10243099182844162 0.002832308178767562 0.045993879437446594
0.09747542440891266 0.04041342809796333 0.012787663377821445
0.10123149305582047 0.03900138661265373 0.03947397693991661
0.07076430320739746 -0.05401911959052086 0.025261621922254562
0.06763442605733871 -0.03771784529089928 0.017276737838983536
0.0776762068271637 -0.05765151605010033 0.03193086013197899
0.07495106011629105 -0.038109760731458664 0.026613352820277214
0.10104773193597794 -0.05461965873837471 0.04531450197100639
0.10256017744541168 -0.04642501473426819 0.04691484197974205
0.09642288088798523 -0.05815296620130539 0.04192327335476875
0.09537208825349808 -0.04008110240101814 0.04082547873258591
0.09860337525606155 -0.0339093916118145 0.0427800677716732
0.10146033018827438 -0.03037506900727749 0.04534722492098808
0.10034363716840744 -0.014845169149339199 0.04385979101061821
0.09591985493898392 -0.00023152231005951762 0.038102030754089355
0.06140908971428871 -0.04238342121243477 0.0003883409663103521
0.06612559407949448 -0.02431338094174862 0.005048173945397139
0.06575503200292587 -0.02393864095211029 -0.00016152327589225024
0.06305158138275146 -0.041308414191007614 0.00874045304954052
0.08450696617364883 -0.06472981721162796 0.03682631626725197
0.07273925840854645 -0.02477528341114521 0.020191147923469543
0.06657550483942032 -0.02827705629169941 0.01034869160503149
0.07064955681562424 -0.019552886486053467 0.013926868326961994
0.07050041854381561 -0.011338132433593273 0.0002589397772680968
0.07666312158107758 -0.0036851647309958935 0.011302108876407146
0.07643554359674454 -0.0007468769326806068 -0.0007701594731770456
0.07284688949584961 -0.010585135780274868 0.010743177495896816
0.0794709175825119 -0.007177580613642931 0.020823264494538307
0.08111237734556198 0.003467176342383027 0.009210399352014065
0.09701341390609741 0.03982231393456459 -0.001467692432925105
0.08335671573877335 -0.008537073619663715 0.02693464420735836
0.08904998749494553 0.00716632604598999 0.02415943704545498
0.05959199741482735 -0.053992725908756256 0.00020868278807029128
0.06030997261404991 -0.05415819585323334 0.006178311537951231
0.08763915300369263 0.0009649246348999441 0.027342185378074646
0.09169629961252213 -0.010281655006110668 0.03595605120062828
0.06273926049470901 -0.05434473976492882 0.01364198885858059
0.08081512898206711 -0.02276599034667015 0.028900887817144394
0.0869956836104393 -0.03332341089844704 0.03550909087061882
0.08970995247364044 0.011276783421635628 0.01917736604809761
-0.058234091848134995 -0.0769863948225975 0.020000183954834938
-0.055635422468185425 -0.05772309750318527 0.019951866939663887
-0.05047402158379555 -0.05481957644224167 0.01998445764183998
-0.050601642578840256 -0.054051898419857025 -0.001265977742150426
0.11947999149560928 0.030891243368387222 0.07333682477474213
0.11740409582853317 0.03628012537956238 0.07319427281618118
0.1239357739686966 0.03256247565150261 0.08165937662124634
0.11799456179141998 0.0393979474902153 0.07951278239488602
0.11296909302473068 0.04325219243764877 0.07909507304430008
0.10959462076425552 0.039858099073171616 0.06364960223436356
0.10573266446590424 0.04468546807765961 0.06432394683361053
0.10608825087547302 0.04249013587832451 0.05930810421705246
0.09907811135053635 0.04467376321554184 0.04278729483485222
0.09672145545482635 0.046777814626693726 0.04328431934118271
0.09366688877344131 0.04672692343592644 0.014664601534605026
0.09554141014814377 0.044994909316301346 0.013787654228508472
0.09437236934900284 0.046900589019060135 0.025716587901115417
0.09628802537918091 0.04552839696407318 0.02813873440027237
0.0979415625333786 0.042749837040901184 0.025994569063186646
0.09200870245695114 0.04712655022740364 -0.00047002104111015797
0.09696906805038452 0.042728688567876816 0.014564970508217812
0.09643309563398361 0.04243287816643715 -0.0012156618759036064
0.09471069276332855 0.045121677219867706 -0.0005920128314755857
0.10040850937366486 0.04224597290158272 0.0411008857190609
-0.03863907977938652 -0.09057971835136414 0.0649101510643959
-0.03427975997328758 -0.0804421603679657 0.06646694988012314
-0.04137473180890083 -0.08034684509038925 0.0622260682284832
-0.04281294718384743 -0.09943772852420807 0.0621955469250679
-0.03618434816598892 -0.09952715784311295 0.06636589765548706
-0.017430784180760384 0.051182884722948074 0.10071086138486862
-0.08075437694787979 0.050819385796785355 0.061774276196956635
-0.09881827980279922 0.05203058943152428 0.02873574197292328
-0.053946539759635925 0.05273668095469475 0.08824191242456436
-0.09282713383436203 0.05142839625477791 0.04303484037518501
-0.037535376846790314 0.051374033093452454 0.0953056663274765
-0.07299305498600006 0.05200037732720375 0.07259224355220795
-0.05286398157477379 0.05085998401045799 0.08684296905994415
-0.06505557894706726 0.05121583491563797 0.07864100486040115
-0.009831436909735203 0.050223469734191895 0.09994865953922272
-0.10024717450141907 0.05083335191011429 0.016930457204580307
0.0037038899026811123 0.05180484056472778 0.1028192788362503
-0.05830107629299164 -0.07915645092725754 0.030665323138237
-0.053105827420949936 -0.07831663638353348 0.04168449342250824
-0.04498640447854996 -0.0775565654039383 0.05447244644165039
0.020164180546998978 0.051265425980091095 0.10036966949701309
0.03803075850009918 0.051082950085401535 0.09667813777923584
0.04963010922074318 0.05015050247311592 0.09265782684087753
0.06559998542070389 0.05235908925533295 0.09190573543310165
-0.037324655801057816 -0.07742861658334732 0.062308259308338165
0.07037058472633362 0.050933681428432465 0.0892828181385994
0.0837656557559967 0.05141053721308708 0.08703477680683136
0.09312377125024796 0.05047638341784477 0.08423791825771332
0.08266402035951614 0.054513316601514816 0.08946016430854797
0.09284346550703049 0.05330406129360199 0.0872264876961708
0.10458768904209137 0.04873348027467728 0.08311142027378082
0.10395453125238419 0.052182748913764954 0.08590772747993469
0.11439913511276245 0.044728029519319534 0.08246991783380508
0.11610852926969528 0.04734216257929802 0.08474945276975632
0.12837187945842743 0.026510216295719147 0.08367851376533508
0.12204437702894211 0.03943537548184395 0.08321502059698105
0.12030435353517532 0.03855374455451965 0.08153565227985382
0.1234850138425827 0.04140608757734299 0.08465494960546494
0.13052763044834137 0.006296931300312281 0.0843060314655304
-0.059644270688295364 -0.05991426482796669 0.00865394901484251
-0.05828528478741646 -0.059313636273145676 0.015041744336485863
-0.05541285499930382 -0.05612180382013321 0.010848486796021461
-0.05664004758000374 -0.05629344657063484 0.0013868928654119372
-0.05897554010152817 -0.05839153006672859 -0.0017539308173581958
-0.05366107448935509 -0.05480486527085304 -0.0017743976786732674
0.0645391121506691 0.0858752429485321 0.09093127399682999
-0.03141744062304497 -0.0705505907535553 -0.03988433629274368
-0.03568097949028015 -0.07361653447151184 -0.0393889881670475
-0.036314669996500015 -0.06987781077623367 -0.0352492518723011
-0.02968927100300789 -0.07511313259601593 -0.04684659466147423
-0.024495603516697884 -0.07262232154607773 -0.04615960270166397
-0.04451947659254074 -0.07252007722854614 -0.026517648249864578
-0.0466003380715847 -0.07544714212417603 -0.029753319919109344
-0.04020298644900322 -0.07469920068979263 -0.03648065775632858
-0.023793205618858337 -0.06956445425748825 -0.0445508137345314
-0.047465041279792786 -0.07243150472640991 -0.02001919224858284
-0.04257791116833687 -0.06948550790548325 -0.027011485770344734
0.07600951194763184 0.04861270636320114 -0.025524524971842766
0.08773185312747955 0.04957861080765724 -0.08150078356266022
0.07958026230335236 0.04833419993519783 -0.009476217441260815
0.09098752588033676 0.0482480525970459 -0.02504609525203705
0.060698140412569046 0.04980981722474098 -0.08904388546943665
0.06033119559288025 0.04908788204193115 -0.052741874009370804
0.04832390695810318 0.0492837131023407 -0.06396844238042831
0.09974288940429688 0.04766540229320526 -0.06265930831432343
0.0913267657160759 0.04837380722165108 -0.03474951907992363
0.09854710847139359 0.04825810715556145 -0.07980569452047348
0.02003236673772335 0.049521297216415405 -0.07757362723350525
0.028259452432394028 0.05009431019425392 -0.09696309268474579
0.03918880969285965 0.049969833344221115 -0.0941888764500618
0.06917648017406464 0.04887286201119423 -0.040454719215631485
0.10558021068572998 0.04637139290571213 -0.0787893757224083
0.034293632954359055 0.049431245774030685 -0.07241501659154892
0.12042506039142609 0.04743392392992973 -0.08541437983512878
0.12794727087020874 0.03724868595600128 -0.08501087874174118
0.08086392283439636 0.055564142763614655 -0.09018684923648834
0.06212528422474861 0.05462287366390228 -0.09365744143724442
0.09455861151218414 0.05614074319601059 -0.08808854967355728
0.11007006466388702 0.052397679537534714 -0.08618701994419098
0.013661308214068413 0.05378062278032303 -0.10298065841197968
0.021572567522525787 0.05454597249627113 -0.1020287349820137
0.033673349767923355 0.05372362956404686 -0.09953998774290085
0.10870188474655151 0.03578079491853714 -0.059452593326568604
0.11153178662061691 0.03558291122317314 -0.06395484507083893
0.10711579769849777 -0.0653073638677597 -0.05651380494236946
0.10394743829965591 -0.06030910462141037 -0.049031876027584076
0.10319545865058899 -0.06744346767663956 -0.04744640365242958
0.10666954517364502 0.038678884506225586 -0.05596452206373215
0.10397539287805557 0.00931831169873476 -0.04883010312914848
0.11882869899272919 0.031304650008678436 -0.0725536122918129
0.12795424461364746 0.022569017484784126 -0.08293343335390091
0.07114129513502121 -0.07493194937705994 -0.028452115133404732
0.06411340087652206 -0.07468879222869873 -0.020011184737086296
0.07827341556549072 -0.07452433556318283 -0.0340915210545063
0.09560269862413406 -0.07070288062095642 -0.04177597165107727
0.08698379993438721 -0.07310988008975983 -0.038521114736795425
-0.06346985697746277 -0.08966444432735443 -0.016747673973441124
-0.06233179196715355 -0.09949451684951782 -0.02332669496536255
-0.06464576721191406 -0.09947974234819412 -0.009358648210763931
-0.045638080686330795 -0.08933142572641373 -0.05889681354165077
-0.05321241915225983 -0.08099408447742462 -0.045238614082336426
-0.04652031511068344 -0.08183129131793976 -0.05663720518350601
-0.04466407001018524 -0.09948991984128952 -0.0604042187333107
-0.05322657898068428 -0.09945936501026154 -0.047464873641729355
-0.05536777526140213 -0.08937715739011765 -0.04262784123420715
-0.057542718946933746 -0.08079168945550919 -0.035267703235149384
-0.05908025801181793 -0.09946195781230927 -0.034092579036951065
-0.06278587132692337 -0.07578199356794357 -0.012942757457494736
-0.06107232719659805 -0.0636679157614708 -0.011461070738732815
-0.05945948138833046 -0.06270182877779007 -0.020001348108053207
-0.060148511081933975 -0.0813814029097557 -0.02831912413239479
-0.061598025262355804 -0.07644236087799072 -0.020000001415610313
-0.06219066306948662 -0.08192649483680725 -0.02001762017607689
0.06644228845834732 -0.05448733642697334 -0.019987132400274277
0.04202115908265114 -0.0544406995177269 -0.02013452537357807
0.031477391719818115 -0.057592980563640594 -0.03571866825222969
-0.031137773767113686 -0.05390891060233116 -0.03428521007299423
0.024403508752584457 -0.05754690617322922 -0.04092172905802727
0.017314033582806587 -0.05736909806728363 -0.04423022270202637
0.011172807775437832 -0.057711172848939896 -0.04635157808661461
0.004559053108096123 -0.05763839930295944 -0.0474136658012867
-0.005539766978472471 -0.0577286072075367 -0.04728759080171585
-0.03769706189632416 -0.06184001266956329 -0.030955394729971886
-0.02738521434366703 -0.060363974422216415 -0.039828430861234665
-0.011338427662849426 -0.05312193185091019 -0.04459918662905693
-0.018395908176898956 -0.056323084980249405 -0.043376535177230835
0.04590887203812599 -0.05418301746249199 -0.007064898498356342
0.04386579617857933 -0.05440304055809975 -0.015499802306294441
-0.023398391902446747 -0.05252496898174286 -0.039340801537036896
-0.04193510115146637 -0.05448726564645767 -0.02010953053832054
-0.043698105961084366 -0.05440998449921608 -0.015791021287441254
-0.04407312721014023 -0.06045864522457123 -0.020020926371216774
-0.015419027768075466 -0.06546786427497864 -0.04738736152648926
-0.045952461659908295 -0.05415845289826393 -0.006089625880122185
0.06977469474077225 -0.03213280811905861 -0.018586620688438416
0.0635002851486206 -0.054393477737903595 -0.015124202705919743
0.06567145138978958 -0.031557317823171616 -0.010527005419135094
0.10068149864673615 0.016803788021206856 -0.04163132980465889
0.09926098585128784 0.00308273290283978 -0.041428569704294205
0.09370537102222443 -0.0012526563368737698 -0.035765595734119415
0.09938690066337585 0.02074398845434189 -0.03730882331728935
0.09331215918064117 0.01869697868824005 -0.014039343222975731
0.09100574254989624 0.01574843004345894 -0.010002877563238144
0.09624522924423218 0.015444635413587093 -0.032461099326610565
0.09528368711471558 0.017730746418237686 -0.026803400367498398
0.07795447111129761 -0.0014287276426330209 -0.010813224129378796
0.07980362325906754 0.0026944514829665422 -0.005971820093691349
0.10156925767660141 -0.06034918129444122 -0.04586920887231827
0.10310275107622147 0.011228256858885288 -0.04703740403056145
0.09961531311273575 0.038889363408088684 -0.030966559424996376
0.09884034842252731 0.029566727578639984 -0.029836010187864304
0.09754074364900589 0.033158838748931885 -0.015718849375844002
0.09904878586530685 -0.016188543289899826 -0.04265211895108223
0.09426039457321167 -0.043341103941202164 -0.040299125015735626
0.0966813713312149 -0.011734374798834324 -0.040260329842567444
0.09774640947580338 0.04040654003620148 -0.016322843730449677
0.09724736958742142 0.022757546976208687 -0.02842351607978344
0.07052101939916611 -0.012567649595439434 -0.005793485324829817
0.10129063576459885 -0.009445114061236382 -0.04482753202319145
0.07560519874095917 -0.029942603781819344 -0.025403039529919624
0.07014866173267365 -0.0570756234228611 -0.02507770247757435
0.10151825845241547 0.02922562137246132 -0.0415550097823143
0.08377832919359207 0.003122971160337329 -0.01807439886033535
0.09861350804567337 -0.06148003786802292 -0.0434478335082531
0.0900445282459259 -0.037899769842624664 -0.037811800837516785
0.09667887538671494 0.02765345759689808 -0.013440532609820366
0.07171569019556046 -0.01400399673730135 -0.011739183217287064
0.07557296752929688 -0.048599742352962494 -0.029057079926133156
0.09065651148557663 0.0016173517797142267 -0.031192157417535782
0.07927488535642624 -0.015471006743609905 -0.024959277361631393
0.09373315423727036 0.0170041061937809 -0.021807346493005753
0.08795174956321716 0.004422896541655064 -0.02515164576470852
0.07399381697177887 -0.016721589490771294 -0.018165336921811104
0.06203289330005646 -0.04120936244726181 -0.004168843384832144
0.06089726835489273 -0.05422908440232277 -0.00880353432148695
0.10262405872344971 0.03860723599791527 -0.04468433931469917
0.09702562540769577 0.02550295740365982 -0.0221604835242033
0.09163124859333038 -0.014332256279885769 -0.036502763628959656
0.07981022447347641 -0.005844692699611187 -0.020490087568759918
-0.049759797751903534 -0.05468945950269699 -0.019998297095298767
-0.05494707077741623 -0.057319026440382004 -0.020000001415610313
-0.06147171929478645 -0.07946538180112839 -0.02001204527914524
0.11801280081272125 0.03584688901901245 -0.07392309606075287
0.12408696115016937 0.031023947522044182 -0.08083712309598923
0.10824373364448547 0.04189882054924965 -0.06380470842123032
0.11404187232255936 0.040896352380514145 -0.0735616683959961
0.11969547718763351 0.03831063583493233 -0.08090471476316452
0.1128857433795929 0.043121661990880966 -0.0786430686712265
0.10454393923282623 0.045431237667798996 -0.06359033286571503
0.09909909218549728 0.04511675983667374 -0.04463568702340126
0.10204825550317764 0.04229653999209404 -0.0472433939576149
0.09684456139802933 0.04683501273393631 -0.04435224458575249
0.09968644380569458 0.041480351239442825 -0.03502645343542099
0.09388437122106552 0.04751870781183243 -0.03187138959765434
0.09313410520553589 0.047172561287879944 -0.0169365257024765
0.09784664213657379 0.04458797723054886 -0.034755147993564606
0.09541095048189163 0.04542429372668266 -0.01727336458861828
0.09692572057247162 0.04311031848192215 -0.01612154208123684
-0.04004430025815964 -0.09082095324993134 -0.06407120823860168
-0.04375452175736427 -0.08027831465005875 -0.05982517451047897
-0.03937510401010513 -0.08065296709537506 -0.06370636820793152
-0.03427418693900108 -0.08152606338262558 -0.06657851487398148
-0.0372808575630188 -0.09951528906822205 -0.06581883132457733
-0.05696587637066841 -0.07850099354982376 -0.03276120498776436
-0.05240676924586296 -0.07824455201625824 -0.04293113201856613
-0.05677031725645065 -0.07724009454250336 -0.028041759505867958
-0.048093948513269424 -0.07942666858434677 -0.05277131497859955
-0.041517194360494614 -0.0777309313416481 -0.05925000086426735
0.037407636642456055 0.05105893313884735 -0.09672942012548447
0.027762070298194885 0.05205942690372467 -0.09975742548704147
0.0623522587120533 0.05229341611266136 -0.0925321877002716
0.06202619522809982 0.05081910640001297 -0.0911361426115036
-0.03303811326622963 -0.07816106081008911 -0.06547803431749344
0.07902965694665909 0.05034966394305229 -0.0860852599143982
0.0893777534365654 0.050737425684928894 -0.0849994495511055
0.102712482213974 0.04873087257146835 -0.08244916796684265
0.09974143654108047 0.051818788051605225 -0.08568648248910904
0.10909684002399445 0.048962339758872986 -0.08432095497846603
0.08190735429525375 0.051912013441324234 -0.08777579665184021
0.08502586930990219 0.053697362542152405 -0.08850710839033127
0.1139465868473053 0.04439942166209221 -0.08176223933696747
0.12561100721359253 0.03320217877626419 -0.08339574187994003
0.11988154798746109 0.04370981454849243 -0.08420287817716599
-0.05567307397723198 -0.056655384600162506 -0.014428060501813889
-0.05983031168580055 -0.06094815209507942 -0.012499025091528893
0.12239409983158112 0.08658700436353683 -0.0630449429154396
0.11779364198446274 0.08622442185878754 -0.06673188507556915
-0.002255714265629649 -0.08988526463508606 -0.06699799001216888
-0.007573246024549007 -0.08773643523454666 -0.05722438544034958
-0.007934840396046638 -0.08776731789112091 -0.06641286611557007
-0.013125088065862656 -0.08341950178146362 -0.06652002781629562
-0.013524485751986504 -0.08245314657688141 -0.05711853504180908
0.012161114253103733 -0.08986718952655792 -0.06649833917617798
0.026682963594794273 -0.08978981524705887 -0.06618445366621017
0.032569337636232376 -0.08810938149690628 -0.06646034121513367
0.03684531897306442 -0.0850498303771019 -0.06637360900640488
0.04117138683795929 -0.07723479717969894 -0.06515266746282578
-0.009245412424206734 -0.08442506939172745 -0.055136896669864655
-0.00999716017395258 -0.08519265800714493 -0.05581260100007057
0.1426975131034851 -0.006559990346431732 0.08287231624126434
0.1426975131034851 -0.006559990346431732 0.08487280458211899
0.1426975131034851 -0.010923254303634167 0.08487256616353989
0.1426975131034851 -0.010923254303634167 0.08287207782268524
0.13676245510578156 -0.008762088604271412 0.08470410853624344
0.13676245510578156 -0.008762088604271412 0.0827028825879097
0.14853961765766144 -0.0011057342635467649 0.08297792077064514
0.133237823843956 -0.006935026030987501 0.08257385343313217
0.148818701505661 -0.004205288831144571 0.08297424018383026
0.1453952193260193 -0.011916153132915497 0.08292465656995773
0.148814857006073 -0.013162214308977127 0.0829734280705452
0.14866816997528076 -0.01634041592478752 0.08300186693668365
0.13303010165691376 -0.010432181879878044 0.08256436884403229
0.14296020567417145 -0.028605574741959572 0.082876056432724
0.13989506661891937 -0.028597392141819 0.0828026756644249
0.13997484743595123 -0.021495042368769646 0.08279942721128464
0.1427747756242752 -0.021661855280399323 0.08287297934293747
0.14671768248081207 0.023240551352500916 0.08297719061374664
0.14256907999515533 0.023232659325003624 0.08294590562582016
0.14256131649017334 0.019052855670452118 0.08291970193386078
0.1396971046924591 0.02263447269797325 0.0829087421298027
0.1358950287103653 0.02323978766798973 0.08286446332931519
0.13555262982845306 0.026026636362075806 0.08289775252342224
0.13969968259334564 0.0302233025431633 0.0829678550362587
0.13969720900058746 0.026830052956938744 0.0829443410038948
0.14261403679847717 0.026629304513335228 0.08298174291849136
0.14622566103935242 0.026029027998447418 0.08298111706972122
0.13983990252017975 0.019401106983423233 0.08288244158029556
0.14236952364444733 0.029980340972542763 0.08297692984342575
-0.10096807777881622 0.06362064182758331 -0.007955197244882584
-0.10097189992666245 0.06450214982032776 -0.010839259251952171
-0.10097122937440872 0.06276210397481918 -0.0124489301815629
-0.06459157913923264 -0.10006757080554962 0.0061147077940404415
-0.06474007666110992 -0.10004983842372894 -0.0016118804924190044
-0.06011000648140907 -0.10004672408103943 0.030305299907922745
-0.05435449257493019 -0.0999913364648819 0.04410449415445328
-0.04496597498655319 -0.10009468346834183 0.05959043279290199
-0.036997806280851364 -0.1001133993268013 0.0656558945775032
-0.028149409219622612 -0.09998420625925064 0.06788519024848938
-0.052846089005470276 -0.1000945046544075 -0.04750914126634598
-0.0450642891228199 -0.10016416013240814 -0.05950130894780159
-0.059165749698877335 -0.10006673634052277 -0.033145178109407425
-0.06298951059579849 -0.09999296069145203 -0.01808946393430233
0.125723198056221 -0.10012111067771912 0.061104677617549896
0.04981411620974541 -0.0999898836016655 0.06696100533008575
-0.030817648395895958 -0.09997498989105225 -0.06755483150482178
-0.03994223102927208 -0.10017364472150803 -0.06409239023923874
0.1300051063299179 -0.09996294975280762 0.059035524725914
0.08437740057706833 -0.10001729428768158 -0.06497550010681152
0.12775568664073944 -0.10000906139612198 -0.06032443046569824
0.009172845631837845 -0.10003167390823364 -0.06816001236438751
0.1393529623746872 -0.10009714215993881 0.04746760427951813
0.15145844221115112 -0.09999121725559235 0.015180643647909164
0.13210929930210114 -0.10009852051734924 -0.0572684071958065
0.14557352662086487 -0.10004913061857224 -0.03522883355617523
0.1506250649690628 -0.09999039769172668 -0.019167974591255188
0.17902955412864685 -0.07685428857803345 -0.056053418666124344
0.17902955412864685 -0.08300000429153442 -0.046216800808906555
0.17902955412864685 -0.06845814734697342 -0.06590060889720917
0.17902953922748566 -0.05683807283639908 -0.07637061178684235
0.17902955412864685 -0.04621688276529312 -0.08300000429153442
0.17902955412864685 0.05504520982503891 -0.07757961750030518
0.17902955412864685 0.04621688276529312 -0.08300000429153442
0.17902955412864685 0.06683274358510971 -0.06760718673467636
0.17902953922748566 0.07685429602861404 -0.05605341121554375
0.17902955412864685 0.08300000429153442 -0.046216800808906555
0.17902958393096924 0.07758129388093948 0.055042847990989685
0.17902955412864685 0.08300000429153442 0.046216800808906555
0.1790284365415573 0.06759516894817352 0.06684485077857971
0.179029181599617 0.056051239371299744 0.07685591280460358
0.17902955412864685 0.04621688276529312 0.08300000429153442
0.1790296733379364 -0.05605406314134598 0.07685386389493942
0.17902955412864685 -0.04621688276529312 0.08300000429153442
0.17902955412864685 -0.06721026450395584 0.06721162796020508
0.17902947962284088 -0.07685379683971405 0.05605412274599075
0.17902955412864685 -0.08300000429153442 0.046216800808906555
0.17902950942516327 -0.07565584033727646 0.0268738754093647
0.17902953922748566 -0.0743928849697113 0.03901059553027153
0.17902953922748566 -0.07830855995416641 0.04033038392663002
0.17902953922748566 -0.07205856591463089 -0.06038465350866318
0.1790294498205185 -0.06924492120742798 -0.06284715980291367
0.179029643535614 0.05013234168291092 0.06730828434228897
0.1790296584367752 0.051866549998521805 0.0719011127948761
0.17902961373329163 0.04661043360829353 0.06784779578447342
0.17902953922748566 0.05553506314754486 0.05775223672389984
0.17902956902980804 0.062224410474300385 0.05844350904226303
0.17902953922748566 0.05863354355096817 0.05999515950679779
0.17902955412864685 -0.08021590858697891 0.0033789833541959524
0.17902955412864685 -0.08082439005374908 0.043265972286462784
0.17902955412864685 0.018479112535715103 -0.07813148945569992
0.17902956902980804 0.04212748259305954 -0.08017217367887497
0.1790296584367752 0.07241031527519226 -0.060185324400663376
0.17902955412864685 -0.0033890646882355213 -0.08012435585260391
0.17902959883213043 -0.059043996036052704 0.07279925048351288
0.17902962863445282 -0.06223694607615471 0.07025988399982452
0.17902955412864685 0.06550448387861252 -0.05027506873011589
0.1790294647216797 0.06530390679836273 -0.046320512890815735
0.1790291965007782 0.06186748296022415 -0.052185311913490295
0.17902933061122894 0.04787909612059593 -0.08102617412805557
0.17902907729148865 0.053597401827573776 -0.059777259826660156
0.17902950942516327 -0.07317623496055603 -0.056196823716163635
0.17902956902980804 -0.06546609103679657 -0.06330376863479614
0.1790296882390976 -0.08035626262426376 0.04934091493487358
0.17902956902980804 -0.05881890282034874 -0.0707225576043129
0.17902955412864685 -0.06135379523038864 -0.06766850501298904
0.17902912199497223 -0.05635100230574608 0.05695640668272972
0.17902955412864685 -0.04699993506073952 0.064766064286232
0.17902950942516327 -0.05092855542898178 0.06361845135688782
0.17902980744838715 -0.05036606639623642 0.06846075505018234
0.1790296733379364 -0.04867566004395485 -0.08050929009914398
0.17902952432632446 -0.051865026354789734 -0.07716739922761917
0.17902961373329163 0.039140187203884125 -0.07602795213460922
0.17902959883213043 0.03990498557686806 -0.07155086100101471
0.17902955412864685 0.03706401586532593 -0.07103317975997925
0.17902962863445282 -0.07811888307332993 -0.051258429884910583
0.1790296733379364 -0.08077535778284073 -0.048232752829790115
0.17902962863445282 0.0732230544090271 0.05237595736980438
0.17902952432632446 0.06707572937011719 0.052154846489429474
0.17902952432632446 0.06867715716362 0.04865851625800133
0.17902949452400208 0.05299202725291252 0.07194818556308746
0.17902955412864685 0.04068306088447571 0.07880973815917969
0.17902949452400208 0.04416972026228905 0.08109644055366516
0.17902953922748566 0.024982428178191185 0.0763012170791626
0.17902955412864685 -0.06978792697191238 0.041167598217725754
0.17902953922748566 0.07015251368284225 0.054064199328422546
0.17902955412864685 0.07278180122375488 -0.05452775955200195
0.1790294349193573 -0.054223574697971344 0.07267198711633682
0.17902956902980804 0.06514894217252731 0.06134125962853432
0.17902950942516327 -0.06651793420314789 0.044663459062576294
0.179029643535614 0.0629957765340805 0.06403946131467819
0.17902959883213043 0.04268205910921097 -0.06869922578334808
0.17902962863445282 -0.07447271794080734 -0.052337247878313065
0.17902956902980804 -0.05544063821434975 -0.070897676050663
0.17902985215187073 -0.044092413038015366 -0.08109699934720993
0.17902949452400208 -0.07513147592544556 0.05237529054284096
0.1790294498205185 0.05242535471916199 -0.07563528418540955
0.17902952432632446 -0.047542549669742584 0.06823715567588806
0.17903058230876923 -0.051535464823246 0.07131065428256989
0.17902971804141998 -0.06786157935857773 0.04631917178630829
0.17902976274490356 0.07055599987506866 -0.051277413964271545
0.17902953922748566 0.06837278604507446 -0.04813576862215996
0.17902955412864685 0.07113339006900787 0.05674102157354355
0.17902955412864685 -0.060691580176353455 -0.06406106054782867
0.17902953922748566 -0.05208451300859451 -0.07295005768537521
0.17902956902980804 -0.06195551156997681 -0.06162913888692856
0.17902953922748566 -0.08078321069478989 -0.04337751865386963
0.17902952432632446 0.04708264023065567 -0.06815085560083389
0.1790294498205185 -0.07126829028129578 -0.052261728793382645
0.17902947962284088 0.07559576630592346 -0.052240051329135895
0.17902955412864685 -0.05210726335644722 0.07646121084690094
0.1790296584367752 0.057835161685943604 0.07315374910831451
0.17902950942516327 -0.042945634573698044 0.06857813894748688
0.17902961373329163 -0.07065197825431824 -0.05109204724431038
0.17902962863445282 0.06844976544380188 -0.04332323744893074
0.17902955412864685 -0.0524454303085804 -0.06829376518726349
0.17903020977973938 -0.0704757422208786 0.05093351751565933
0.17903132736682892 -0.07097939401865005 0.0519467368721962
0.17902958393096924 0.05334343761205673 -0.07220076024532318
0.1790296584367752 0.05098462849855423 -0.07034803181886673
0.17902955412864685 0.07373794168233871 0.03176039829850197
0.17902956902980804 0.0796392634510994 0.04132140800356865
0.17902950942516327 0.08003729581832886 -0.04980304837226868
0.17902961373329163 0.08119016140699387 0.04592777043581009
0.17902985215187073 0.07948493212461472 0.05036458000540733
0.17902955412864685 -0.05771482363343239 -0.06198049336671829
0.17902955412864685 0.07924792170524597 0.011947456747293472
0.17902939021587372 -0.03358621522784233 0.07292444258928299
0.17903029918670654 0.0485851988196373 0.08052666485309601
0.17902955412864685 0.005424955394119024 0.07993766665458679
0.17902953922748566 -0.049874402582645416 -0.06941783428192139
0.17902982234954834 -0.04933866113424301 0.08015092462301254
0.17902952432632446 -0.07324467599391937 0.05631622299551964
0.17902971804141998 -0.039401374757289886 0.07236435264348984
0.17902955412864685 0.07334916293621063 -0.03242376074194908
0.17902958393096924 0.07137857377529144 -0.03992459923028946
0.17902952432632446 -0.06011103466153145 -0.05814773216843605
0.17902962863445282 0.057068247348070145 -0.07310216128826141
0.17902931571006775 0.05171656608581543 0.07748502492904663
0.17902998626232147 0.0504940040409565 -0.06461766362190247
0.17902961373329163 -0.0645281970500946 0.050515107810497284
0.17902950942516327 0.07542271167039871 -0.03918646275997162
0.17902949452400208 0.06102384254336357 -0.07172378897666931
0.17902947962284088 0.0811295360326767 -0.04493355378508568
0.17902956902980804 -0.045788172632455826 0.08115831762552261
0.17902953922748566 -0.041708894073963165 0.07991915941238403
0.17902956902980804 0.06960968673229218 0.06034562364220619
0.1790306270122528 0.06276368349790573 0.06979625672101974
0.17902962863445282 -0.07081033289432526 0.06215714290738106
0.17902953922748566 -0.039538461714982986 0.07677978277206421
0.17902950942516327 0.07947994023561478 -0.04118526726961136
0.17902958393096924 0.08002219349145889 -0.0019580484367907047
0.17902955412864685 0.07864546030759811 -0.015308544039726257
0.1790306121110916 -0.06085643544793129 0.05337189882993698
0.17902962863445282 0.05376661941409111 -0.06049628555774689
0.1790303736925125 -0.06452479213476181 -0.05048831179738045
0.17902956902980804 -0.06848513334989548 -0.04823597893118858
0.17902955412864685 -0.01254361029714346 0.07920898497104645
0.17902950942516327 0.06332279741764069 -0.06767372041940689
0.17902971804141998 0.07071966677904129 0.04020269960165024
0.17902953922748566 0.06471215933561325 0.047143805772066116
0.17902962863445282 0.06812966614961624 0.0445159450173378
0.17902958393096924 -0.05998734384775162 0.05723266303539276
0.17902949452400208 0.04299120604991913 0.06761080026626587
0.1790296733379364 0.04058033227920532 0.07028801739215851
0.17902953922748566 0.03912031278014183 0.07524404674768448
0.17902949452400208 -0.05265320464968681 -0.060610562562942505
0.17902928590774536 -0.0605955496430397 -0.053748372942209244
0.17902949452400208 -0.06523528695106506 0.06328263133764267
0.17902955412864685 -0.053379710763692856 -0.06325984746217728
0.17902953922748566 0.06260404735803604 -0.06319305300712585
0.17902956902980804 0.0753699317574501 0.039185911417007446
0.17902959883213043 0.0627250149846077 -0.06242462992668152
0.17902950942516327 0.059048060327768326 -0.060313496738672256
0.1790291666984558 -0.06587657332420349 -0.04560414329171181
0.17902973294258118 -0.04503900557756424 -0.06797057390213013
0.17902962863445282 0.052451107650995255 0.061429403722286224
0.17903073132038116 -0.0681828111410141 -0.04432038590312004
0.17902973294258118 -0.06153833866119385 0.061580780893564224
0.17902956902980804 -0.0635068416595459 0.06598257273435593
0.1790296733379364 0.05979183316230774 -0.05679231509566307
0.17902958393096924 -0.0576387494802475 0.06000581756234169
0.17902961373329163 -0.07017885148525238 -0.04079357162117958
0.17902961373329163 -0.040963463485240936 -0.07002408802509308
0.1790294498205185 -0.0324484258890152 -0.07343777269124985
0.17902958393096924 -0.03909236565232277 -0.07402671128511429
0.17902955412864685 -0.07360690087080002 -0.03164619952440262
0.17902952432632446 -0.07362692058086395 -0.03922383114695549
0.17902956902980804 -0.07784511893987656 -0.03990332782268524
0.17902950942516327 0.06806323677301407 -0.06325969099998474
0.17902947962284088 -0.04028749465942383 -0.07834307849407196
0.17902955412864685 0.0626216009259224 0.054143860936164856
0.17902955412864685 -0.07841804623603821 -0.016433851793408394
0.17902955412864685 -0.017456309869885445 -0.07809552550315857
0.17902950942516327 -0.05378735065460205 0.06066630780696869
0.19402934610843658 0.07996885478496552 0.0020939898677170277
0.1940295547246933 0.07997547090053558 -0.0019814453553408384
0.1940302550792694 0.07892747223377228 -0.0005268265958875418
0.0016111850272864103 -0.06746309250593185 -0.06301408261060715
0.0061226957477629185 -0.07249266654253006 -0.06301739811897278
-0.005513038951903582 -0.07238206267356873 -0.06329431384801865
0.009671840816736221 -0.06515081226825714 -0.06125627085566521
-0.005981137044727802 -0.07450505346059799 -0.06301986426115036
0.006172483321279287 -0.07451867312192917 -0.06303543597459793
-0.0008561355643905699 -0.07964958250522614 -0.06307514011859894
0.006445304024964571 -0.08439584076404572 -0.06126372143626213
0.010486936196684837 -0.07450345903635025 -0.06162267178297043
0.012492022477090359 -0.07161245495080948 -0.06125660613179207
0.011604217812418938 -0.07884026318788528 -0.06125720217823982
0.010539459995925426 -0.0724993571639061 -0.06173831596970558
-0.0010692290961742401 -0.08617740124464035 -0.06126164644956589
-0.007936577312648296 -0.08331035822629929 -0.0612584613263607
-0.012050339952111244 -0.069245845079422 -0.061254244297742844
-0.006755257491022348 -0.06276263296604156 -0.061257120221853256
0.003915686625987291 -0.0615311823785305 -0.06125868484377861
-0.011928982101380825 -0.07776360213756561 -0.061251938343048096
-0.010246096178889275 -0.07449981570243835 -0.06184280291199684
-0.010401713661849499 -0.07249902188777924 -0.0617738775908947
-0.0009311396279372275 -0.06095345690846443 -0.06126325950026512
-0.0005649203667417169 -0.07249974459409714 -0.06045251339673996
-0.004269683267921209 -0.0745002031326294 -0.060630593448877335
0.1273273378610611 0.10851001739501953 -0.004960809834301472
0.1214357540011406 0.10764961689710617 -0.0009944032644852996
0.13393698632717133 0.10851425677537918 -0.005586261861026287
0.14124667644500732 0.10745418816804886 -0.0009984589414671063
0.14334991574287415 0.10676459968090057 -0.002723673125728965
0.13704010844230652 0.1085040494799614 0.001002080156467855
0.12761546671390533 0.10851703584194183 0.005282542202621698
0.1339961588382721 0.1085062101483345 0.0053755915723741055
0.12059194594621658 0.10737144201993942 0.0009990427643060684
0.11917788535356522 0.10675718635320663 0.004497902933508158
0.1186087429523468 0.10675313323736191 -0.002187035046517849
0.12075750529766083 0.1067638173699379 -0.007294238079339266
0.13373909890651703 0.10675984621047974 0.012346283532679081
0.14081552624702454 0.10675404965877533 -0.007958819158375263
0.13668426871299744 0.10675937682390213 -0.011247332207858562
0.12692780792713165 0.10675737261772156 0.01194056123495102
0.12457453459501266 0.10675719380378723 -0.01080537959933281
0.14282330870628357 0.10675624012947083 0.004844698589295149
0.1415082961320877 0.10723234713077545 0.001000842428766191
0.12253513932228088 0.1067645400762558 0.009261100552976131
0.13061727583408356 0.10676214098930359 -0.012680478394031525
0.13881240785121918 0.10675880312919617 0.009865676052868366
0.1301778256893158 0.10572978854179382 -0.0010000147158280015
0.13043510913848877 0.10595248639583588 0.001000258605927229
0.08755472302436829 -0.11533607542514801 -0.03791119158267975
0.061656009405851364 -0.11670224368572235 -0.03882613778114319
0.05677216872572899 -0.11219856888055801 -0.06590413302183151
-0.0005426449934020638 -0.11981838941574097 -0.023202715441584587
-0.0233741607517004 -0.12221135944128036 0.0001968761207535863
-0.039293136447668076 -0.11866388469934464 -0.01973428763449192
0.12228246033191681 -0.11475111544132233 -0.02060035802423954
0.10408178716897964 -0.1193639487028122 7.938945782370865e-05
-0.05251182243227959 -0.11349780112504959 -0.0461275577545166
-0.036100681871175766 -0.11594729125499725 -0.038778845220804214
-0.05837978422641754 -0.11534842103719711 -0.03190671652555466
0.05077052861452103 -0.12272816896438599 0.00022594723850488663
0.01637917198240757 -0.12317212671041489 -1.4605871911044233e-05
0.03708134964108467 -0.11938319355249405 -0.026864534243941307
0.07759399712085724 -0.12142227590084076 0.00016123912064358592
0.026117833331227303 -0.11625447124242783 -0.04688117280602455
0.005772451404482126 -0.11248312890529633 -0.06742051988840103
-0.00040380432619713247 -0.11601544171571732 -0.047302816063165665
-0.02990836650133133 -0.11121873557567596 -0.06705497205257416
-0.06333670765161514 -0.11941405385732651 -2.9999690013937652e-05
-0.06218110769987106 -0.11727441847324371 -0.016600921750068665
0.14085295796394348 -0.10873964428901672 -0.0440903976559639
0.12622857093811035 -0.1076420322060585 -0.06042676046490669
0.13178232312202454 -0.10759806632995605 -0.056973647326231
0.12038180977106094 -0.11146537214517593 -0.04278761148452759
0.09976816922426224 -0.10991282016038895 -0.06308544427156448
-0.04382713511586189 -0.11173777282238007 -0.059653572738170624
-0.03725243732333183 -0.11124338954687119 -0.06457550823688507
0.14816848933696747 -0.11057250201702118 -0.026521749794483185
0.1514546424150467 -0.11237358301877975 -0.010460530407726765
0.15178388357162476 -0.11385936290025711 0.0002222542534582317
0.10267447680234909 -0.11546314507722855 0.0290773157030344
0.13097169995307922 -0.10758708417415619 0.05781564489006996
0.10324235260486603 -0.109637551009655 0.06280361115932465
0.12885630130767822 -0.11341428756713867 0.02446712739765644
0.023053882643580437 -0.1183488592505455 0.03441138565540314
0.04944406449794769 -0.11708647757768631 0.03943503275513649
0.03157440945506096 -0.11259493231773376 0.06684540957212448
0.14194996654987335 -0.10892315208911896 0.04226753115653992
-0.0470801405608654 -0.11237701773643494 0.055468425154685974
-0.028548451140522957 -0.11708132177591324 0.03416714817285538
-0.041517339646816254 -0.11158561706542969 0.06169380992650986
-0.05696277692914009 -0.114774689078331 0.03628451004624367
-0.0620514340698719 -0.11728902906179428 0.017318112775683403
-0.00012873730156570673 -0.11233235150575638 0.0674154981970787
-0.028914382681250572 -0.11124075949192047 0.06714998185634613
-0.0023465920239686966 -0.11832298338413239 0.03327026963233948
0.06428845971822739 -0.11184372007846832 0.06549109518527985
0.1486782282590866 -0.1107582151889801 0.024578113108873367
0.1514676809310913 -0.1124202162027359 0.010308641009032726
0.08380541950464249 -0.11464229226112366 0.04362359270453453
-0.035743292421102524 -0.11119574308395386 0.06531994789838791
0.1251595914363861 -0.10771114379167557 0.06066109240055084
-0.041941236704587936 -0.10044281929731369 0.06274644285440445
-0.030669480562210083 -0.10044717788696289 0.06797166168689728
-0.06314720958471298 -0.10044446587562561 0.019517993554472923
-0.05305839329957962 -0.10044120252132416 0.047537703067064285
-0.06396272033452988 -0.10044524073600769 -0.014837625436484814
0.005895120091736317 -0.10043156892061234 0.06842432171106339
0.06970279663801193 -0.10046715289354324 0.06636974215507507
-0.031427137553691864 -0.10043474286794662 -0.06787753850221634
0.13134300708770752 -0.10043036937713623 0.05833101272583008
0.12713953852653503 -0.10042889416217804 -0.060896310955286026
0.048266153782606125 -0.10045618563890457 -0.067316435277462
0.1503436416387558 -0.10046535730361938 -0.022270066663622856
0.15299737453460693 -0.10044827312231064 -0.004468446131795645
0.13981254398822784 -0.10044106841087341 -0.04712032526731491
0.1476227343082428 -0.10046099126338959 0.031030315905809402
0.1521497368812561 -0.10041794925928116 0.01317882165312767
0.09531580656766891 0.11899746209383011 -0.04157672077417374
0.10020031780004501 0.1189974769949913 -0.027345731854438782
-0.006396192591637373 0.11899349838495255 -0.10375068336725235
0.0006266469717957079 0.11900559812784195 -0.10395011305809021
-0.021288007497787476 0.11899857968091965 -0.10165416449308395
0.0852796882390976 0.1189974695444107 -0.059501852840185165
-0.030366988852620125 0.11899884045124054 -0.09931699931621552
-0.040936876088380814 0.11899858713150024 -0.09544496238231659
0.07191625982522964 0.1189974769949913 -0.07510224729776382
-0.0494421012699604 0.11899907141923904 -0.09132643043994904
0.055745575577020645 0.1189974918961525 -0.08777125924825668
-0.06223893165588379 0.11899883300065994 -0.08317489176988602
0.037397969514131546 0.1189974993467331 -0.09701395779848099
-0.07192471623420715 0.11899832636117935 -0.07486115396022797
-0.08146307617425919 0.11899900436401367 -0.06448636204004288
0.022449344396591187 0.1189974918961525 -0.10138601809740067
0.012761889025568962 0.11899981647729874 -0.1030409038066864
-0.09079250693321228 0.1189970001578331 -0.050512976944446564
-0.09653031826019287 0.11899910867214203 -0.03826913237571716
-0.10090069472789764 0.11899810284376144 -0.024595919996500015
-0.10319382697343826 0.11899934709072113 -0.011676141992211342
-0.10382893681526184 0.11899769306182861 0.003929405473172665
-0.1019786149263382 0.11899913847446442 0.019510729238390923
-0.09880484640598297 0.11899800598621368 0.031962838023900986
-0.09412878006696701 0.11899883300065994 0.04379141703248024
-0.08899644017219543 0.11899881064891815 0.05345917493104935
-0.08204209804534912 0.11899799108505249 0.06366892158985138
-0.07385150343179703 0.11899837851524353 0.07296410202980042
-0.0664982870221138 0.11899880319833755 0.07972988486289978
-0.05796126276254654 0.11899835616350174 0.08613168448209763
-0.04879353195428848 0.11899911612272263 0.09166018664836884
-0.037005387246608734 0.1189979612827301 0.09704241156578064
-0.024727681651711464 0.11899790912866592 0.10086871683597565
-0.014216732233762741 0.11899912357330322 0.10296210646629333
0.000547614530660212 0.11900092661380768 0.10375483334064484
0.01333644986152649 0.11900091171264648 0.10306393355131149
0.03194970637559891 0.11899752169847488 0.09894710779190063
0.05086769536137581 0.11899750679731369 0.09069005399942398
0.06778205931186676 0.1189974918961525 0.07885804772377014
0.08202535659074783 0.1189974769949913 0.06391794234514236
0.09031041711568832 0.1189974993467331 0.051300399005413055
0.09495573490858078 0.1189974993467331 0.04208720847964287
0.09866378456354141 0.1189974918961525 0.03245866671204567
0.10139866918325424 0.1189974918961525 0.022506803274154663
0.10367581248283386 0.11899610608816147 0.007751495577394962
0.10363124310970306 0.11899757385253906 -0.007099640555679798
0.10245005041360855 0.11899750679731369 -0.017107447609305382
0.13010619580745697 -0.08698909729719162 0.06115102395415306
0.1299402117729187 -0.09310442954301834 0.05979049205780029
0.12989278137683868 -0.08491460233926773 -0.06207471340894699
0.149232417345047 0.007521434687077999 0.08297763019800186
0.14647425711154938 0.010752085596323013 0.0829528421163559
0.14779843389987946 0.0018903359305113554 0.08296209573745728
0.13891112804412842 0.0038984513375908136 0.08278358727693558
0.13561728596687317 0.0048629045486450195 0.08267837762832642
0.1368807703256607 0.008284935727715492 0.08271355926990509
0.1364528387784958 0.010570496320724487 0.08273462951183319
0.13365605473518372 0.009285841137170792 0.08263643085956573
0.14155200123786926 0.00775127811357379 0.08484262228012085
0.14649559557437897 0.007554970216006041 0.08295413851737976
0.14204974472522736 0.007934543304145336 0.08286843448877335
0.14624905586242676 0.0075823403894901276 0.08494573086500168
0.14609801769256592 0.004357005003839731 0.08493424952030182
0.14580492675304413 0.004285900387912989 0.0829351544380188
0.1411663293838501 0.004589805845171213 0.08483891934156418
0.1422785073518753 0.003965790383517742 0.08286614716053009
0.14076678454875946 0.005828816443681717 0.08282903581857681
0.1377876102924347 0.0004594782367348671 0.08274275064468384
0.13317903876304626 0.004027943126857281 0.082573302090168
0.1400771588087082 0.010214101523160934 0.08283611387014389
0.16402959823608398 -0.05242325738072395 -0.06795129925012589
0.16402947902679443 -0.05334369093179703 -0.06323467940092087
0.1640295833349228 -0.05748526006937027 -0.061999812722206116
0.1640295833349228 -0.06076458841562271 -0.0639844760298729
0.1640295833349228 -0.061280135065317154 -0.06756096333265305
0.1640295684337616 -0.05949869751930237 -0.07031825929880142
0.16402961313724518 -0.055387232452631 -0.07099906355142593
0.1640295684337616 -0.06036147102713585 -0.06719420105218887
0.16402962803840637 -0.058875974267721176 -0.06363441795110703
0.16402877867221832 -0.055547382682561874 -0.0632612481713295
0.1640295535326004 -0.05439786612987518 -0.06917799264192581
0.16402959823608398 -0.057913247495889664 -0.06987611204385757
0.16402950882911682 -0.05339428409934044 -0.06565342098474503
0.1640295535326004 0.0705084353685379 0.05420466139912605
0.1640295833349228 0.07077746093273163 0.058647021651268005
0.16402964293956757 0.0675031915307045 0.061461884528398514
0.1640295684337616 0.06383439898490906 0.060496456921100616
0.1640295684337616 0.06212654709815979 0.05813536047935486
0.16402950882911682 0.062461595982313156 0.054629113525152206
0.1640295684337616 0.06599534302949905 0.05215485021471977
0.16402944922447205 0.0630154013633728 0.05676889419555664
0.1640295684337616 0.0641775131225586 0.05939115956425667
0.164029061794281 0.07001844048500061 0.057983044534921646
0.1640295386314392 0.06688757240772247 0.06033075973391533
0.16402950882911682 0.06504683941602707 0.053492117673158646
0.16402959823608398 0.06873427331447601 0.05407905578613281
0.1540294885635376 0.0674436017870903 0.06024147942662239
0.15402953326702118 0.06353246420621872 0.058953821659088135
0.15402933955192566 0.06401778757572174 0.054144952446222305
0.15402935445308685 0.0686110407114029 0.05383437126874924
0.15402935445308685 0.06992831826210022 0.05784691497683525
0.15402960777282715 -0.05389879271388054 -0.0687333345413208
0.15402951836585999 -0.053873009979724884 -0.06450597196817398
0.1540294885635376 -0.05674482509493828 -0.06307276338338852
0.15402954816818237 -0.05967660993337631 -0.06435254216194153
0.1540295034646988 -0.06004241108894348 -0.06798601895570755
0.15402954816818237 -0.05753307044506073 -0.06995973736047745
0.18702957034111023 -0.06804388016462326 0.04625645652413368
0.18702949583530426 -0.07592853158712387 0.03912224993109703
0.18702958524227142 -0.06967762112617493 0.040984541177749634
0.18702957034111023 -0.07489366084337234 0.05230853334069252
0.18702933192253113 -0.0789976716041565 0.05074962228536606
0.18702952563762665 -0.08105619251728058 0.04699400067329407
0.18702954053878784 -0.08047806471586227 0.0425306111574173
0.18702958524227142 -0.07015398889780045 0.05075015872716904
0.18702960014343262 -0.060052089393138885 0.055517248809337616
0.18702958524227142 -0.07021664083003998 0.06236406788229942
0.18702957034111023 -0.07281544804573059 0.0588005967438221
0.18702952563762665 -0.06050344929099083 0.059483736753463745
0.18702979385852814 -0.0643053948879242 0.06320909410715103
0.18702954053878784 -0.07270786911249161 0.05442259460687637
0.18702943623065948 -0.06550886482000351 0.05021962523460388
0.18702949583530426 -0.06987876445055008 0.0511532723903656
0.18702960014343262 -0.061860427260398865 0.05223876237869263
0.18702958524227142 -0.0629984587430954 0.06873951107263565
0.18702957034111023 -0.06324996054172516 0.06478478759527206
0.1870296150445938 -0.060763776302337646 0.07190106809139252
0.1870296597480774 -0.05526016652584076 0.05999225750565529
0.18702946603298187 -0.0605151392519474 0.06103501841425896
0.1870296597480774 -0.056085068732500076 0.07312143594026566
0.18702954053878784 -0.05134186893701553 0.06292397528886795
0.18702957034111023 -0.05204091593623161 0.07112162560224533
0.18702958524227142 -0.05018550157546997 0.06678265333175659
0.18702955543994904 -0.04038874804973602 0.07061164826154709
0.18702957034111023 -0.04033142700791359 0.07859735190868378
0.18702957034111023 -0.04468720778822899 0.0811476856470108
0.18702955543994904 -0.04875507950782776 0.08045709133148193
0.1870294213294983 -0.05210939049720764 0.07677562534809113
0.187029629945755 -0.0512535385787487 0.07085837423801422
0.1870296448469162 -0.045823343098163605 0.06781147420406342
0.18702952563762665 -0.039173491299152374 0.07446803152561188
0.18702973425388336 -0.050958748906850815 -0.07869777828454971
0.18702955543994904 -0.045495983213186264 -0.08136700838804245
0.1870294213294983 -0.039203789085149765 -0.07293155044317245
0.18702957034111023 -0.040329769253730774 -0.07851894944906235
0.18702948093414307 -0.05229833349585533 -0.07346024364233017
0.18702958524227142 -0.04243767634034157 -0.06887371093034744
0.1870296597480774 -0.046490881592035294 -0.06806214153766632
0.18702955543994904 -0.05003393813967705 -0.06963875889778137
0.18702960014343262 -0.061741556972265244 -0.052211396396160126
0.18702960014343262 -0.07234876602888107 -0.0535883866250515
0.187029629945755 -0.0727621465921402 -0.059505950659513474
0.1870296150445938 -0.06723609566688538 -0.06363079696893692
0.18702951073646545 -0.06133049353957176 -0.06103653460741043
0.18702954053878784 -0.05994119867682457 -0.05645659565925598
0.18702973425388336 -0.06736388057470322 -0.050096794962882996
0.18702952563762665 -0.07365937530994415 -0.03919409215450287
0.1870296150445938 -0.07777445763349533 -0.039923328906297684
0.1870296746492386 -0.0679362341761589 -0.04672045633196831
0.1870296150445938 -0.06965174525976181 -0.04127008467912674
0.18702958524227142 -0.08084025979042053 -0.04341942444443703
0.18702968955039978 -0.08045836538076401 -0.04895944893360138
0.18702955543994904 -0.07624238729476929 -0.052151989191770554
0.18702957034111023 -0.07130990922451019 -0.051516443490982056
0.18702970445156097 0.04932020977139473 0.06890033185482025
0.1870296597480774 0.05219017714262009 0.07328089326620102
0.18702970445156097 0.05145245045423508 0.07798022031784058
0.187029629945755 0.03938595950603485 0.07270883023738861
0.1870296597480774 0.03992575407028198 0.07805010676383972
0.18702955543994904 0.04420241340994835 0.08104588091373444
0.187029629945755 0.04803822562098503 0.08074881881475449
0.1870296597480774 0.04283977672457695 0.06849075108766556
0.18702960014343262 0.057033371180295944 0.05989409238100052
0.18702960014343262 0.05692187696695328 0.07330182194709778
0.1870296150445938 0.053039323538541794 0.06115921586751938
0.18702949583530426 0.06260037422180176 0.07009785622358322
0.1870296448469162 0.060781657695770264 0.061302416026592255
0.18702973425388336 0.06315716356039047 0.06457795202732086
0.18702945113182068 0.050483278930187225 0.06458494812250137
0.18702954053878784 0.05109132453799248 0.07018620520830154
0.18702952563762665 0.07482040673494339 0.03904072567820549
0.1870296597480774 0.06848670542240143 0.048465508967638016
0.18702945113182068 0.06842368841171265 0.043329257518053055
0.18702960014343262 0.07925262302160263 0.0410287119448185
0.18702960014343262 0.07166154682636261 0.051553722470998764
0.18702960014343262 0.0812777504324913 0.04543507471680641
0.18702957034111023 0.07982584089040756 0.04976921156048775
0.18702960014343262 0.07560285180807114 0.052322227507829666
0.18702951073646545 0.07075533270835876 0.04041740670800209
0.18702955543994904 0.0680411159992218 -0.04657632112503052
0.18702951073646545 0.07454486936330795 -0.03907787799835205
0.18702958524227142 0.06938117742538452 -0.041402433067560196
0.1870296448469162 0.080904021859169 -0.04372367635369301
0.18702951073646545 0.0785536840558052 -0.04044625535607338
0.1870296448469162 0.07555365562438965 -0.05228801071643829
0.18702983856201172 0.08028323203325272 -0.0494593009352684
0.18702979385852814 0.07045899331569672 -0.050980135798454285
0.18702971935272217 0.06233632564544678 -0.06212034076452255
0.187029629945755 0.061524584889411926 -0.05230845510959625
0.1870296448469162 0.059955328702926636 -0.05740906670689583
0.187029629945755 0.06764192134141922 -0.06335275620222092
0.18702958524227142 0.07217897474765778 -0.06054624170064926
0.18702949583530426 0.0728859007358551 -0.054788172245025635
0.18702949583530426 0.07013770937919617 -0.05128799006342888
0.18702949583530426 0.06622614711523056 -0.050222545862197876
0.18702958524227142 0.05013544112443924 -0.06588630378246307
0.18702958524227142 0.060221992433071136 -0.06079017370939255
0.18702982366085052 0.053809795528650284 -0.060388077050447464
0.1870296746492386 0.05700279027223587 -0.07330600917339325
0.18702957034111023 0.062115829437971115 -0.07055675238370895
0.18702945113182068 0.06342887133359909 -0.06534479558467865
0.187029629945755 0.051841963082551956 -0.07092706859111786
0.1870296448469162 0.05202791839838028 -0.07635608315467834
0.18702968955039978 0.05202711373567581 -0.07262423634529114
0.18702957034111023 0.041599590331315994 -0.06927496939897537
0.18702952563762665 0.04606764018535614 -0.08120423555374146
0.1870293766260147 0.05008712410926819 -0.07963112741708755
0.1870296150445938 0.041471805423498154 -0.079743891954422
0.18702960014343262 0.0499357245862484 -0.06956861913204193
0.18702955543994904 0.046592265367507935 -0.06806706637144089
0.18702951073646545 0.03895694389939308 -0.07463967055082321
-0.006860483903437853 0.12649959325790405 0.1033526286482811
0.013232944533228874 0.16100077331066132 -0.0282009094953537
0.009271133691072464 0.1610025316476822 -0.03530852496623993
0.011151566170156002 0.16100020706653595 -0.030143452808260918
-0.009361614473164082 0.16099996864795685 -0.03290793299674988
-0.007293394301086664 0.1609727144241333 -0.03657872974872589
-0.012261856347322464 0.16099813580513 -0.03085179813206196
-0.007509212009608746 0.1609998196363449 -0.013554513454437256
0.0004945571417920291 0.16100014746189117 -0.0127361249178648
-0.006499722134321928 0.16100038588047028 -0.014806457795202732
-0.001573946443386376 0.1610000729560852 -0.011530189774930477
-0.002013911958783865 0.16100004315376282 -0.03703694045543671
-0.0005782183725386858 0.16099901497364044 -0.03878449648618698
-0.01203772984445095 0.16100020706653595 -0.02628515660762787
0.011878333054482937 0.1610005646944046 -0.022443581372499466
-0.013647263869643211 0.1609979271888733 -0.02396717667579651
0.013203061185777187 0.16100123524665833 -0.02150297909975052
0.004677117336541414 0.1609998494386673 -0.012132781557738781
-0.010996473021805286 0.1610003262758255 -0.01961478404700756
0.005346245598047972 0.16100004315376282 -0.03595833480358124
-0.012433023191988468 0.1609998643398285 -0.019387397915124893
0.008329196833074093 0.1610003113746643 -0.016034984961152077
0.010080497711896896 0.1610003113746643 -0.01588348299264908
0.039540912955999374 0.1304989606142044 0.09560487419366837
0.025315068662166595 0.13061876595020294 0.10045813024044037
-0.10351340472698212 0.12653802335262299 -0.006897355895489454
-0.10224524140357971 0.13165144622325897 -0.014831805601716042
0.007040093652904034 0.13107068836688995 0.10322658717632294
-0.10032941401004791 0.13112860918045044 -0.024973371997475624
0.006864464376121759 0.12649987637996674 0.10335541516542435
0.005186279769986868 0.11900000274181366 0.10360840708017349
-0.09737846255302429 0.13116487860679626 -0.03472212329506874
-0.09364885836839676 0.13153411448001862 -0.0436866357922554
-0.007048856467008591 0.13133642077445984 0.10319134593009949
-0.08733288198709488 0.13113634288311005 -0.0554530955851078
-0.01938609592616558 0.13088533282279968 0.10162177681922913
-0.0294257290661335 0.1311667263507843 0.09914407134056091
-0.07978446036577225 0.13238327205181122 -0.06548883020877838
-0.041175082325935364 0.13176146149635315 0.0947832241654396
-0.07328424602746964 0.13131177425384521 -0.0729195848107338
-0.04977170005440712 0.1316746175289154 0.0905807837843895
-0.06551966816186905 0.13135212659835815 -0.0799679234623909
-0.06184627488255501 0.13113227486610413 0.08303507417440414
-0.05818215012550354 0.13206109404563904 -0.08528634905815125
-0.05069861188530922 0.1307649463415146 -0.09022120386362076
-0.07515157014131546 0.13106006383895874 0.07111723721027374
-0.03969604894518852 0.13101530075073242 -0.095490962266922
-0.08484061062335968 0.13096123933792114 0.05922052264213562
-0.02950151637196541 0.1313309222459793 -0.09910248219966888
-0.017965255305171013 0.13135665655136108 -0.10189338773488998
-0.09265311807394028 0.13165684044361115 0.045834433287382126
-0.0068745119497179985 0.12650001049041748 -0.10331323742866516
-0.007055899128317833 0.1334030032157898 -0.10249808430671692
-0.09737718850374222 0.13135060667991638 0.03467084839940071
-0.0006644597742706537 0.126502126455307 -0.10332953184843063
-0.10047514736652374 0.13095293939113617 0.02444462850689888
0.01487459521740675 0.1307549774646759 -0.1023779809474945
0.0068745119497179985 0.12650001049041748 -0.10331323742866516
0.007093083579093218 0.13348530232906342 -0.10259745270013809
-0.10231833904981613 0.1313440203666687 0.014646042138338089
0.02636328898370266 0.13130328059196472 -0.10004118829965591
-0.1035393625497818 0.12654945254325867 0.006901976652443409
0.0392787903547287 0.13171875476837158 -0.09554886072874069
0.05336309224367142 0.13111400604248047 -0.08869926631450653
0.06568150222301483 0.1321590095758438 -0.07965902239084244
0.07298636436462402 0.13135184347629547 -0.07320728898048401
0.07993022352457047 0.13152678310871124 -0.06551504135131836
0.0851118192076683 0.13226528465747833 -0.058417461812496185
0.09202072024345398 0.1321595311164856 -0.04681176692247391
0.09576652944087982 0.1310608834028244 -0.038977012038230896
0.09986123442649841 0.1310124397277832 -0.027006180956959724
0.10233370214700699 0.13116274774074554 -0.014663615263998508
0.10334288328886032 0.12649977207183838 -0.006864469964057207
0.10290147364139557 0.13236021995544434 -0.007049343083053827
0.10336492955684662 0.12649989128112793 0.006857008673250675
0.10231191664934158 0.13172900676727295 0.014241985976696014
0.1025686040520668 0.13348284363746643 0.0070643350481987
0.09997918456792831 0.13101671636104584 0.026545867323875427
0.09477473795413971 0.1317708045244217 0.04115292802453041
0.09049557149410248 0.13180391490459442 0.04986023157835007
0.08599727600812912 0.1309630572795868 0.05743718147277832
0.0807916671037674 0.1322138011455536 0.06429781764745712
0.07317381352186203 0.13224658370018005 0.07282668352127075
0.06580735743045807 0.13169677555561066 0.07966071367263794
0.05871465802192688 0.13230125606060028 0.08491786569356918
0.049001146107912064 0.131342351436615 0.09102073311805725
0.0012292180908843875 0.1523592472076416 0.07282903790473938
-0.002059650607407093 0.154944509267807 0.06748224794864655
-0.003847702406346798 0.1521150767803192 0.07341043651103973
-0.05838165804743767 0.14941349625587463 0.0532999150454998
-0.06405378133058548 0.1508319079875946 0.04168284311890602
-0.06359206885099411 0.1434362232685089 0.06303153932094574
0.014409901574254036 0.16567260026931763 0.029065309092402458
0.01606457121670246 0.16358402371406555 0.039349690079689026
0.030099809169769287 0.1643822193145752 0.02532653883099556
0.05894913896918297 0.15666016936302185 0.023732732981443405
0.05816000699996948 0.1549891084432602 0.03451818227767944
0.07326147705316544 0.15037715435028076 0.024746045470237732
0.03595349192619324 0.16437654197216034 -0.015490393154323101
0.03346756100654602 0.16551221907138824 -0.00235352898016572
0.04024532064795494 0.16416992247104645 -0.0005304237129166722
-0.07025690376758575 0.14758393168449402 -0.04303552582859993
-0.0759788528084755 0.1413644403219223 -0.05332709103822708
-0.08311152458190918 0.1414555162191391 -0.04076126217842102
-0.08413038402795792 0.14404112100601196 -0.027232252061367035
-0.09470538794994354 0.13580329716205597 -0.03430379554629326
-0.06734727323055267 0.15298254787921906 0.025143247097730637
-0.07475174218416214 0.14857091009616852 0.030389301478862762
-0.04708390682935715 0.15680554509162903 -0.04226168617606163
-0.04080086201429367 0.15544721484184265 -0.05255856364965439
-0.058260850608348846 0.14983446896076202 -0.052298352122306824
0.040222518146038055 0.16101963818073273 -0.03239869698882103
0.05729817971587181 0.1564982682466507 -0.02867179736495018
0.04546898603439331 0.15699078142642975 -0.043360091745853424
0.009732214733958244 0.15246988832950592 0.07224182039499283
0.006936017889529467 0.14947502315044403 0.07864521443843842
0.015328423120081425 0.14831684529781342 0.07958244532346725
0.008621362037956715 0.14376740157604218 0.08864177018404007
0.023098189383745193 0.14192019402980804 0.08878832310438156
0.04458511993288994 0.14123167097568512 0.08163972198963165
0.02734426222741604 0.14015190303325653 0.0905269980430603
0.031878452748060226 0.1356595903635025 0.09584426134824753
-0.0024866468738764524 0.1568969190120697 0.06257614493370056
-0.004257909022271633 0.15449807047843933 0.0644974410533905
-0.05688910186290741 0.15502943098545074 -0.03626936674118042
0.02650141343474388 0.16098374128341675 0.04428643733263016
0.04225006327033043 0.16105692088603973 0.029991159215569496
0.08054159581661224 0.14798149466514587 0.01337435282766819
0.09155990928411484 0.14107604324817657 0.017608629539608955
0.09203433245420456 0.14171965420246124 0.002861953107640147
-0.04433557763695717 0.14075732231140137 0.08263280242681503
-0.061782047152519226 0.1359519064426422 0.07929693162441254
-0.049425650388002396 0.13524185121059418 0.08846081048250198
0.04922708868980408 0.16097904741764069 -0.015773633494973183
-0.07198982685804367 0.13565722107887268 0.07079709321260452
-0.05467383563518524 0.1569703370332718 0.030727587640285492
0.023593857884407043 0.1480238437652588 -0.07823439687490463
0.03820105642080307 0.14569666981697083 -0.07679685205221176
0.027493827044963837 0.14008909463882446 -0.09065207839012146
0.08465372771024704 0.14616544544696808 -0.007341163232922554
0.09143644571304321 0.1420886069536209 -0.0015762546099722385
-0.06126900762319565 0.15699847042560577 0.01422647200524807
0.03611791133880615 0.15274572372436523 -0.06276153773069382
0.045856866985559464 0.1479864865541458 -0.06753842532634735
0.09511466324329376 0.13959132134914398 -0.0063608004711568356
0.09160897880792618 0.14095726609230042 -0.017704036086797714
0.10048570483922958 0.13574913144111633 -0.006993334274739027
0.051571693271398544 0.15494148433208466 0.04398834705352783
0.023894181475043297 0.14877544343471527 0.07656604051589966
-0.07186219096183777 0.1496010720729828 -0.03203554451465607
-0.031374167650938034 0.1658085435628891 0.00032571557676419616
-0.02689000777900219 0.16595463454723358 -0.015046942047774792
-0.040674839168787 0.16401538252830505 -0.003919617738574743
-0.09785108268260956 0.13589349389076233 -0.023328445851802826
0.07473184913396835 0.15157483518123627 0.00524863600730896
0.030549252405762672 0.15699490904808044 -0.0547683946788311
0.04445965588092804 0.15349477529525757 -0.05502166226506233
-0.08929992467164993 0.1429467499256134 -0.013457626104354858
-0.10039305686950684 0.13518966734409332 -0.013986239209771156
-0.05201307684183121 0.14625820517539978 0.06692758202552795
-0.09578686207532883 0.13907821476459503 -0.006543269846588373
-0.036982640624046326 0.16457374393939972 0.009725768119096756
0.09499082714319229 0.13963435590267181 0.006292941048741341
0.100350521504879 0.1350785344839096 0.014832619577646255
0.02217286452651024 0.14228354394435883 -0.08864559233188629
0.022185752168297768 0.16684560477733612 -0.008039881475269794
0.025046085938811302 0.1645546555519104 -0.02950243093073368
-0.0318949818611145 0.16101355850696564 -0.041012298315763474
0.02290223352611065 0.1532212197780609 -0.06759863346815109
0.06292152404785156 0.15689176321029663 0.006144530139863491
0.08795548230409622 0.1413920670747757 -0.02917606569826603
0.09902766346931458 0.13487987220287323 -0.02329445444047451
0.009763297624886036 0.15686577558517456 0.0621219202876091
0.0022098987828940153 0.15555916726589203 0.065567746758461
0.008293962106108665 0.15553228557109833 0.06552677601575851
0.0006857726839371026 0.15724755823612213 0.06187110394239426
0.02637251280248165 0.16614504158496857 0.012731366790831089
0.020658448338508606 0.15141215920448303 0.07204614579677582
0.09614874422550201 0.1345624327659607 -0.0338960625231266
-0.014492690563201904 0.15492817759513855 0.06593111902475357
-0.026348881423473358 0.14666518568992615 0.07994843274354935
-0.013017324730753899 0.15107013285160065 0.07465152442455292
0.020594226196408272 0.1531883180141449 0.0684242695569992
0.05995998904109001 0.1421736627817154 0.0692211240530014
0.05199010670185089 0.13549518585205078 0.08676707744598389
0.06991195678710938 0.13542231917381287 0.07328422367572784
-0.046757087111473083 0.1609935611486435 0.021663444116711617
-0.050785064697265625 0.1614050269126892 0.001355063053779304
0.039244379848241806 0.1478942185640335 0.07180497795343399
0.0066310628317296505 0.1483267992734909 -0.0807514563202858
-0.009599234908819199 0.1644895374774933 -0.03787185996770859
-0.017305852845311165 0.16397732496261597 -0.03715307265520096
-0.02536403201520443 0.16452692449092865 -0.028843039646744728
-0.012905355542898178 0.16071277856826782 0.05090191587805748
-0.011880666017532349 0.15674066543579102 0.06221757084131241
-0.0069240727461874485 0.15732410550117493 0.06129419058561325
-0.07256453484296799 0.1518283486366272 -0.016419250518083572
-0.05967548489570618 0.15641824901103973 -0.02364170178771019
0.02329418621957302 0.16131456196308136 -0.045133575797080994
-0.09212824702262878 0.14161422848701477 -0.0032652236986905336
0.028626466169953346 0.148711696267128 0.07488208264112473
-0.03241957724094391 0.13501057028770447 0.09643834084272385
-0.006512622814625502 0.14388830959796906 -0.08863621950149536
-0.0471816323697567 0.15663249790668488 0.04265167564153671
0.08062460273504257 0.14258289337158203 -0.04201821610331535
0.09090334922075272 0.13531756401062012 -0.04448555037379265
0.005797029472887516 0.1539149433374405 -0.0697556734085083
0.006205597426742315 0.1617443859577179 0.04918750748038292
0.07153399288654327 0.15293951332569122 -0.007382604293525219
-0.01369860302656889 0.16569846868515015 -0.027905801311135292
0.07520484924316406 0.15021930634975433 -0.018802644684910774
0.0152021748945117 0.15720441937446594 -0.06030483916401863
0.0855037122964859 0.1357998102903366 -0.053341250866651535
0.0506381094455719 0.16134007275104523 0.004916036035865545
-0.09149038046598434 0.14208194613456726 0.0013272884534671903
-0.09057081490755081 0.1415681391954422 0.018562400713562965
-0.09466292709112167 0.13988111913204193 0.006210939958691597
-0.10158383101224899 0.1347811371088028 0.007040999364107847
-0.09909144788980484 0.1351211816072464 0.02162214368581772
0.012993107549846172 0.1566152572631836 0.06214020773768425
0.030293136835098267 0.15150569379329681 0.06845977157354355
0.030729642137885094 0.14954885840415955 0.07152272760868073
-0.0467083640396595 0.16098803281784058 -0.0222522784024477
-0.08283773809671402 0.1474328190088272 -0.0007576460484415293
0.01505870372056961 0.1662527173757553 -0.023801354691386223
-0.027429813519120216 0.1400206983089447 0.09062167257070541
-0.043692488223314285 0.15367475152015686 0.05534046143293381
-0.027072975412011147 0.14029808342456818 -0.09031067788600922
-0.03289291635155678 0.13356317579746246 -0.09722232073545456
-0.0427442230284214 0.13519136607646942 -0.09196783602237701
0.07392345368862152 0.14914996922016144 -0.02936229482293129
0.03739267960190773 0.16430412232875824 0.012110568583011627
-0.013842897489666939 0.16623924672603607 -0.022826887667179108
-0.010146614164113998 0.15086586773395538 -0.07556220144033432
-0.006934215780347586 0.15393847227096558 0.06947516649961472
-0.011247226968407631 0.15386240184307098 0.06892324239015579
-0.009082312695682049 0.15170831978321075 0.07030508667230606
-0.0951370894908905 0.13551850616931915 0.03429761901497841
-0.03816204145550728 0.14937414228916168 0.0693328008055687
-0.10183101147413254 0.13442067801952362 -0.007041985634714365
-0.037736926227808 0.14126887917518616 -0.08492247015237808
-0.034272078424692154 0.16418246924877167 -0.020479369908571243
0.05225655809044838 0.1479615420103073 0.06282464414834976
0.027065614238381386 0.156869038939476 0.05697469785809517
0.026851071044802666 0.15215475857257843 0.06845341622829437
0.07118495553731918 0.1418401151895523 -0.05830872803926468
0.07474831491708755 0.1349973827600479 -0.06891459226608276
0.07631540298461914 0.14076164364814758 0.054479680955410004
-0.008129425346851349 0.16537600755691528 0.03301900997757912
-0.013643752783536911 0.1636197566986084 0.04027227312326431
0.0015746959252282977 0.1652425229549408 0.035075172781944275
0.06229937821626663 0.15652520954608917 -0.01416093111038208
0.024633707478642464 0.1540798842906952 0.06437598913908005
-0.0714951753616333 0.1531684696674347 0.0004950796719640493
-0.02274063415825367 0.14202405512332916 -0.08874814957380295
0.042172495275735855 0.15374444425106049 0.056418731808662415
-0.024574382230639458 0.1493438184261322 -0.07533140480518341
-0.06343334913253784 0.1567130833864212 -0.004115474876016378
-0.021674135699868202 0.1665787249803543 0.014150009490549564
-0.05673858895897865 0.1355811059474945 -0.08358467370271683
-0.03305909410119057 0.1643894612789154 0.020880579948425293
-0.07760071754455566 0.14945368468761444 0.01466572005301714
-0.037513699382543564 0.16102398931980133 0.03549282252788544
-0.008501119911670685 0.15702714025974274 -0.06228409707546234
0.008145425468683243 0.1617913842201233 -0.04840269684791565
-0.023258818313479424 0.1418844312429428 0.08880343288183212
-0.08615527302026749 0.1411198079586029 0.03522283211350441
-0.08848816156387329 0.13520652055740356 0.049437157809734344
0.0373220257461071 0.15640459954738617 0.05220619589090347
-0.04794899746775627 0.14310172200202942 -0.07633675634860992
0.06329458206892014 0.1480628401041031 0.05138351768255234
0.06259846687316895 0.1518349051475525 -0.040096767246723175
0.08441880345344543 0.13508184254169464 0.056405600160360336
0.09143659472465515 0.1356077939271927 0.04292392358183861
0.05757924169301987 0.1417423039674759 -0.07207721471786499
-0.07896610349416733 0.1421016901731491 0.046563416719436646
0.011368273757398129 0.16488683223724365 -0.0347713902592659
0.05889926105737686 0.14877556264400482 -0.054699331521987915
0.06165802478790283 0.13540701568126678 -0.08017349243164062
-0.03186579421162605 0.16006609797477722 0.04438944533467293
-0.02802366577088833 0.15030626952648163 0.07194042205810547
-0.028885429725050926 0.15178512036800385 0.06820390373468399
-0.06334638595581055 0.14123797416687012 -0.0679672583937645
-0.06882192939519882 0.13459816575050354 -0.07522615045309067
-0.07893561571836472 0.13671796023845673 0.06051567941904068
0.07450159639120102 0.14619594812393188 0.04069865494966507
-0.03719388693571091 0.15132386982440948 -0.06553743779659271
-0.026812655851244926 0.1568363606929779 0.05714092031121254
-0.009285008534789085 0.16115251183509827 -0.05052396282553673
0.04935808107256889 0.13611723482608795 -0.08735562115907669
0.08645912259817123 0.14167772233486176 0.032069817185401917
0.09861926734447479 0.13477787375450134 0.025190701708197594
-0.024935580790042877 0.1562815010547638 -0.05944949388504028
-0.022265611216425896 0.15290595591068268 0.06832330673933029
-0.051787782460451126 0.14788402616977692 -0.06337368488311768
-0.02295720763504505 0.1648074835538864 0.02927693910896778
-0.07598855346441269 0.1361132562160492 -0.06549812108278275
-0.08700895309448242 0.13445092737674713 -0.05348518490791321
0.03840070962905884 0.13529786467552185 -0.09372179210186005
-0.09078335016965866 0.13494080305099487 -0.0456196665763855
-0.012281264178454876 0.1433706432580948 0.08865517377853394
-0.005729183554649353 0.14986948668956757 0.07788202166557312
0.032883595675230026 0.13357041776180267 -0.09720722585916519
-0.013502297922968864 0.149119034409523 0.0780838131904602
-0.01004074141383171 0.16725583374500275 0.016702799126505852
0.0007460327469743788 0.15068542957305908 0.07639136165380478
0.0027648168615996838 0.16420266032218933 -0.03960338234901428
-0.003760189050808549 0.1643269807100296 -0.038517747074365616
-0.0072684334591031075 0.1551409363746643 0.0664995014667511
0.00973842665553093 0.16695527732372284 -0.01502213440835476
0.004730129148811102 0.16806405782699585 -0.0005201092571951449
-0.014599249698221684 0.1675911396741867 -0.0014800666831433773
0.01215455587953329 0.1674240529537201 0.012685040943324566
-0.00013998860958963633 0.16741347312927246 0.01683342456817627
0.005366161465644836 0.1673237681388855 -0.012204819358885288
-0.011532461270689964 0.16725081205368042 -0.01536436565220356
-0.0024571598041802645 0.16781622171401978 -0.010279430076479912
0.10265333205461502 0.1264999359846115 0.0022218809463083744
0.09678144007921219 0.12649838626384735 0.006317418534308672
0.09578648954629898 0.1264999657869339 -0.0061908322386443615
0.09765645861625671 0.1265001893043518 -0.005230103153735399
0.10250522196292877 0.1264999657869339 -0.0026655972469598055
0.09389998018741608 0.12650014460086823 -0.0030179820023477077
0.09186015278100967 0.1264997124671936 -0.0013117138296365738
0.09288009256124496 0.12650005519390106 0.0010482303332537413
0.09627921134233475 0.1265001744031906 0.00492446543648839
0.09327208250761032 0.1264999508857727 0.004058609716594219
-0.0961729884147644 0.12649987637996674 0.006260314956307411
-0.09563902020454407 0.12649966776371002 -0.0061427573673427105
-0.09267008304595947 0.1264999657869339 0.00310117588378489
-0.09199738502502441 0.12650011479854584 -0.0015335545176640153
-0.09288009256124496 0.12650009989738464 -0.0010482302168384194
-0.09765645861625671 0.1265001893043518 0.005230103153735399
-0.10250522196292877 0.1264999508857727 0.0026655972469598055
-0.10011971741914749 0.12649968266487122 -0.00457331258803606
-0.09627921134233475 0.1265001744031906 -0.00492446543648839
-0.10265333205461502 0.12649992108345032 -0.0022218809463083744
-0.09389998018741608 0.12650014460086823 0.0030179820023477077
-0.004972529131919146 0.12650024890899658 0.09909514337778091
-0.002819789107888937 0.12650038301944733 0.10232064872980118
-0.006233395077288151 0.12650002539157867 0.09626393020153046
0.006233390886336565 0.1264999955892563 0.09626390784978867
0.005120228976011276 0.12650005519390106 0.09652169793844223
0.0028538808692246675 0.12650009989738464 0.10249831527471542
-0.004397680517286062 0.12650004029273987 0.0953449159860611
0.003795485943555832 0.12649992108345032 0.09310104697942734
0.00042857963126152754 0.1264999806880951 0.09195414185523987
0.00014434674812946469 0.12649980187416077 0.09270191192626953
-0.0034647437278181314 0.12649986147880554 0.09282279014587402
0.006226764526218176 0.1334996223449707 0.09514618664979935
0.007042366545647383 0.13348498940467834 0.10227735340595245
0.0014151738723739982 0.13349992036819458 0.09177760034799576
-0.003772868076339364 0.13349981606006622 0.09263616800308228
-0.0065622031688690186 0.13349996507167816 0.09662246704101562
-0.00703894067555666 0.13350000977516174 0.10222437232732773
-0.027045371010899544 0.13349997997283936 0.090549536049366
-0.03286493197083473 0.13348498940467834 0.09718003869056702
-0.02241044119000435 0.13350000977516174 0.089017353951931
0.02377571351826191 0.13350000977516174 0.0891203060746193
0.028089050203561783 0.13350003957748413 0.0915478989481926
0.03280724585056305 0.13348089158535004 0.0972936823964119
0.022794699296355247 0.13350000977516174 0.09786491096019745
0.020812738686800003 0.13350000977516174 0.09918710589408875
-0.023317454382777214 0.13350000977516174 0.09545470029115677
-0.0227946899831295 0.13350000977516174 0.09786492586135864
0.017020680010318756 0.13348692655563354 0.10120072215795517
0.020459884777665138 0.13350000977516174 0.09244540333747864
0.01709512062370777 0.13350000977516174 0.0941045880317688
-0.01904759183526039 0.13349734246730804 0.10080838948488235
-0.016581062227487564 0.13350000977516174 0.09597039967775345
-0.018473617732524872 0.13350000977516174 0.09275633096694946
-0.022085126489400864 0.13350000977516174 0.09324540197849274
-0.018122347071766853 0.13350000977516174 0.09882774204015732
-0.020812740549445152 0.13350000977516174 0.09918709844350815
0.016755836084485054 0.13350000977516174 0.09681987017393112
0.02325150929391384 0.13350000977516174 0.09484606981277466
0.01830911450088024 0.13350000977516174 0.09890421479940414
-0.05958469584584236 0.13354109227657318 0.08355589956045151
-0.08081040531396866 0.1340767741203308 0.06271304190158844
-0.08739117532968521 0.13297139108181 0.05423874780535698
-0.07115744054317474 0.13304577767848969 0.07425397634506226
-0.09974217414855957 0.1333151012659073 0.02460918016731739
0.0967349037528038 0.1339404433965683 0.03345252573490143
0.04196630418300629 0.13371887803077698 0.09351380169391632
-0.00484140170738101 0.12649989128112793 -0.09988722205162048
-0.0015104197664186358 0.12649966776371002 -0.09295429289340973
-0.005979761481285095 0.1264997124671936 -0.09538523107767105
-0.002217793371528387 0.12649990618228912 -0.09231545776128769
-0.004669543355703354 0.12650011479854584 -0.09603875130414963
0.005979764275252819 0.12649977207183838 -0.09538523107767105
0.005068661645054817 0.1264999508857727 -0.09879163652658463
0.0037614675238728523 0.12650001049041748 -0.09441205859184265
0.0016790229128673673 0.12649983167648315 -0.0920918807387352
0.003288965905085206 0.12650005519390106 -0.10185803472995758
0.006436972878873348 0.13349993526935577 -0.09606239944696426
0.0030053898226469755 0.13349980115890503 -0.09222252666950226
-0.006309684365987778 0.1334998458623886 -0.09550661593675613
-0.0020998630207031965 0.133499875664711 -0.091946080327034
-0.027545545250177383 0.13350000977516174 -0.09100349992513657
0.023087289184331894 0.13349999487400055 -0.08905608206987381
-0.022972695529460907 0.13349999487400055 -0.08904238045215607
0.027688730508089066 0.13350000977516174 -0.09113449603319168
-0.02049623802304268 0.13350000977516174 -0.09924784302711487
-0.017607679590582848 0.13350015878677368 -0.1009664237499237
-0.022605344653129578 0.13350000977516174 -0.09812228381633759
-0.018143078312277794 0.13350000977516174 -0.09878867864608765
0.022296855226159096 0.13350000977516174 -0.09855504333972931
0.018542250618338585 0.13350000977516174 -0.09909453243017197
-0.02330879494547844 0.13350000977516174 -0.09490445256233215
0.016565093770623207 0.13350000977516174 -0.09602890908718109
0.023253975436091423 0.13350000977516174 -0.09462276846170425
0.01764422282576561 0.13350000977516174 -0.09354683756828308
-0.016495928168296814 0.13350000977516174 -0.09573689848184586
-0.018748685717582703 0.13350000977516174 -0.09272618591785431
-0.02139946073293686 0.13350000977516174 -0.09290488064289093
0.020154863595962524 0.13350000977516174 -0.09249501675367355
-0.09834197908639908 0.13362862169742584 -0.029144281521439552
-0.046685442328453064 0.1332845687866211 -0.0914667546749115
0.051427606493234634 0.13360130786895752 -0.08880417793989182
0.10117422044277191 0.13399240374565125 -0.014841385185718536
0.001606648787856102 0.1673746556043625 -0.01128250453621149
-0.010168974287807941 0.16436681151390076 -0.034269727766513824
0.013581561855971813 0.16591961681842804 -0.021670522168278694
-0.01173941045999527 0.16631858050823212 -0.017790501937270164
-0.008449260145425797 0.16668525338172913 -0.014144525863230228
-0.003982021473348141 0.16695651412010193 -0.011773631907999516
0.002225104719400406 0.16367560625076294 -0.03856617212295532
0.009083726443350315 0.16442303359508514 -0.035605646669864655
0.013023064471781254 0.1649663746356964 -0.029182951897382736
-0.021741975098848343 0.15137960016727448 0.06826833635568619
-0.0282497126609087 0.1488434076309204 0.07133457809686661
-0.02140103094279766 0.15077953040599823 0.07127828896045685
0.02733033522963524 0.150349959731102 0.06846403330564499
0.030746305361390114 0.14969122409820557 0.06846942752599716
0.026564963161945343 0.14998112618923187 0.07128642499446869
0.027592163532972336 0.14895635843276978 0.07133227586746216
0.01960866153240204 0.15023201704025269 0.07132592797279358
0.023572737351059914 0.15103913843631744 0.07167155295610428
0.02379767782986164 0.14960283041000366 0.0713447630405426
0.01993100345134735 0.15151792764663696 0.06846405565738678
0.02336950972676277 0.15127865970134735 0.06840664148330688
0.02380065992474556 0.1518763303756714 0.06638379395008087
0.02672041766345501 0.15233546495437622 0.06494898349046707
0.023858340457081795 0.14832594990730286 0.07483427971601486
0.026568593457341194 0.1477922946214676 0.0755375400185585
0.0036368132568895817 0.1536799669265747 0.06931685656309128
0.0034255373757332563 0.15254110097885132 0.06900610774755478
0.005379795096814632 0.15054082870483398 0.07320675253868103
0.0007401963230222464 0.15558724105358124 0.06200354918837547
-0.002482169773429632 0.1556127965450287 0.06231839582324028
0.0021480305586010218 0.15406419336795807 0.0656348317861557
0.007294434122741222 0.15240547060966492 0.06900317966938019
0.0071632396429777145 0.1536959707736969 0.06843692809343338
0.004863020498305559 0.15374359488487244 0.06629329919815063
0.008772827684879303 0.15410111844539642 0.06497656553983688
0.012901956215500832 0.15496152639389038 0.06259756535291672
0.010162124410271645 0.15524989366531372 0.06200001388788223
0.007180885411798954 0.1481962502002716 0.07765523344278336
0.0036834347993135452 0.14836010336875916 0.07777860760688782
-0.009958251379430294 0.15595942735671997 0.06428089737892151
-0.00684498343616724 0.1538441926240921 0.06555987894535065
-0.010940611362457275 0.15405069291591644 0.06479117274284363
-0.011278544552624226 0.15220732986927032 0.06890638172626495
-0.013200861401855946 0.14770939946174622 0.07778498530387878
-0.005795260425657034 0.14819185435771942 0.07777567207813263
-0.012979721650481224 0.1506427675485611 0.07198693603277206
-0.008713506162166595 0.15230007469654083 0.07265496999025345
-0.007715047337114811 0.1506783664226532 0.07263568788766861
-0.014797930605709553 0.15255914628505707 0.06737572699785233
-0.012433763593435287 0.1549321413040161 0.06246252730488777
-0.008199190720915794 0.15006068348884583 0.07484135031700134
-0.013665884733200073 0.1488063782453537 0.07522685825824738
-0.004559723194688559 0.15228644013404846 0.06964168697595596
-0.006879857275635004 0.15557557344436646 0.061761800199747086
-0.004693083465099335 0.1562490314245224 0.06383918225765228
0.005434054881334305 0.15210622549057007 0.07333379238843918
0.00015713351604063064 0.13249997794628143 -0.09284290671348572
-0.003320263233035803 0.13250017166137695 -0.09414449334144592
0.0021045817993581295 0.132499560713768 -0.10274863243103027
0.005238563288003206 0.1325003206729889 -0.09841731935739517
-0.0022868735250085592 0.1325000822544098 -0.1025630459189415
-0.005239994265139103 0.1325000673532486 -0.09855825453996658
0.0034770939964801073 0.13250009715557098 -0.09431295096874237
-0.10017412155866623 0.13250014185905457 -0.0046028862707316875
-0.09658987075090408 0.1325003206729889 -0.004902265965938568
-0.09763501584529877 0.1325003057718277 0.005137311760336161
-0.10212066024541855 0.13249990344047546 0.0032038050703704357
-0.10290699452161789 0.13250020146369934 -0.0015488178469240665
-0.09378920495510101 0.13250017166137695 -0.002882031723856926
-0.09313663095235825 0.13250000774860382 0.0021917521953582764
-0.004424280021339655 0.13249999284744263 0.0951913446187973
0.00501072546467185 0.13250026106834412 0.09905757755041122
0.003773388685658574 0.13250038027763367 0.09435497224330902
-0.0016992806922644377 0.1325000375509262 0.10282028466463089
0.002526290947571397 0.13250011205673218 0.1024966761469841
-0.004675119649618864 0.13250026106834412 0.10016050934791565
-0.0005101280985400081 0.1325002759695053 0.09292583167552948
0.10017412155866623 0.13250014185905457 0.0046028862707316875
0.09658987075090408 0.1325003206729889 0.004902265965938568
0.09763501584529877 0.1325003057718277 -0.005137311760336161
0.10212066024541855 0.13249990344047546 -0.0032038050703704357
0.10290699452161789 0.13250020146369934 0.0015488178469240665
0.09378920495510101 0.13250017166137695 0.002882031723856926
0.09313663095235825 0.13250000774860382 -0.0021917521953582764
0.016732463613152504 0.10900001972913742 0.09523623436689377
0.01759853959083557 0.10900001227855682 0.09819590300321579
0.01977246254682541 0.10899999737739563 0.09917561709880829
0.021959500387310982 0.10899999737739563 0.09869749844074249
0.023211246356368065 0.10899999737739563 0.09632113575935364
0.022903066128492355 0.10899998992681503 0.09444499760866165
0.021408535540103912 0.10899999737739563 0.09300095587968826
0.01964661292731762 0.10900001227855682 0.09258875995874405
0.017962675541639328 0.10899999737739563 0.09344515204429626
0.01676071062684059 0.10900001972913742 -0.0957975834608078
0.017666006460785866 0.10900000482797623 -0.09355916827917099
0.02040579356253147 0.10900000482797623 -0.09269429743289948
0.022167177870869637 0.10899997502565384 -0.09355740249156952
0.023174671456217766 0.10900000482797623 -0.09517557173967361
0.022864732891321182 0.10900000482797623 -0.09744933247566223
0.02137693762779236 0.10900001227855682 -0.09902892261743546
0.019584907218813896 0.10899995267391205 -0.09921002388000488
0.017332859337329865 0.10899994522333145 -0.09784078598022461
-0.020423317328095436 0.10900001227855682 -0.09274209290742874
-0.0183175690472126 0.10899998247623444 -0.0930950939655304
-0.023213889449834824 0.10900004208087921 -0.09514911472797394
-0.022138627246022224 0.10899999737739563 -0.09348846971988678
-0.016772985458374023 0.10900000482797623 -0.09533082693815231
-0.017190421000123024 0.10900001227855682 -0.09752697497606277
-0.018623067066073418 0.10900001227855682 -0.09902892261743546
-0.020415091887116432 0.10899995267391205 -0.09921002388000488
-0.022943465039134026 0.10899996757507324 -0.09755074232816696
-0.02323104999959469 0.10900001227855682 0.09707044810056686
-0.01948639377951622 0.10899998992681503 0.09910616278648376
-0.017580149695277214 0.10899997502565384 0.09821513295173645
-0.02184455841779709 0.10899999737739563 0.09866153448820114
-0.016721555963158607 0.10899996757507324 0.09558750689029694
-0.017814286053180695 0.10900001227855682 0.09350024163722992
-0.019216954708099365 0.10899999737739563 0.09283090382814407
-0.021566273644566536 0.10900000482797623 0.09302365779876709
-0.02296723797917366 0.10900001227855682 0.09427378326654434
-0.0033626833464950323 0.16600023210048676 -0.013254640623927116
-0.00966683216392994 0.16600008308887482 -0.017596157267689705
0.008120942860841751 0.16600005328655243 -0.03400232270359993
0.0010783688630908728 0.16600032150745392 -0.03720640018582344
0.011101501993834972 0.16600005328655243 -0.02971235290169716
-0.01113382913172245 0.16599971055984497 -0.02990477904677391
-0.0066367462277412415 0.16600008308887482 -0.035185154527425766
-0.012025135569274426 0.16599999368190765 -0.023698028177022934
0.003014609683305025 0.16599991917610168 -0.013312675058841705
0.008658794686198235 0.16600003838539124 -0.01635093241930008
0.012154897674918175 0.16599994897842407 -0.0238331388682127
0.017000045627355576 0.09718494117259979 0.09716255962848663
0.018276847898960114 0.09720015525817871 0.09860966354608536
0.020029691979289055 0.09721793234348297 0.09914179146289825
0.022942088544368744 0.09723031520843506 0.0973622277379036
0.023076379671692848 0.09720699489116669 0.09488452225923538
0.021666942164301872 0.09717987477779388 0.09306208044290543
0.019965561106801033 0.09722371399402618 0.09271372854709625
0.01804492436349392 0.09719645231962204 0.09333465248346329
0.01689474657177925 0.09718084335327148 0.09510933607816696
0.01653086207807064 0.08099997788667679 0.0959368348121643
0.018062131479382515 0.08100000023841858 0.09316905587911606
0.020844457671046257 0.08099998533725739 0.09265603870153427
0.018085377290844917 0.08100003749132156 0.09873919188976288
0.023179957643151283 0.08100002259016037 0.09460657089948654
0.020473506301641464 0.08100011199712753 0.09927479177713394
0.022908713668584824 0.08099998533725739 0.0976700708270073
0.02189185842871666 0.09713344275951385 0.09874437004327774
0.021311689168214798 0.09721849858760834 -0.09889926016330719
0.019841691479086876 0.09722024202346802 -0.09272412210702896
0.0174521766602993 0.09717519581317902 -0.09385958313941956
0.02282797358930111 0.09724539518356323 -0.0943727120757103
0.018431877717375755 0.09717701375484467 -0.09886273741722107
0.016814440488815308 0.0972013846039772 -0.09669600427150726
0.023073656484484673 0.09721396863460541 -0.09715881198644638
0.02235446497797966 0.08099997043609619 -0.09344164282083511
0.019436955451965332 0.08099998533725739 -0.09257625788450241
0.02165580913424492 0.09713571518659592 -0.09297426044940948
0.02326063998043537 0.08099997043609619 -0.09737200289964676
0.016764206811785698 0.08100000023841858 -0.09470563381910324
0.019580237567424774 0.08100003749132156 -0.09936298429965973
0.01719225011765957 0.08100000768899918 -0.0978037640452385
-0.02322590909898281 0.09722789376974106 0.09576622396707535
-0.021003209054470062 0.09721725434064865 0.09903927147388458
-0.01833299733698368 0.09720318019390106 0.09872587025165558
-0.01688656210899353 0.0972432792186737 0.09686881303787231
-0.018050896003842354 0.09721206873655319 0.09327694028615952
-0.019951315596699715 0.09721660614013672 0.0927225649356842
-0.022071020677685738 0.09721294045448303 0.09343960136175156
-0.01871282048523426 0.08099997043609619 0.09918811917304993
-0.021991979330778122 0.08099999278783798 0.09868516027927399
-0.022959064692258835 0.08100000023841858 0.0943136215209961
-0.02329428680241108 0.08100004494190216 0.09659391641616821
-0.01674768514931202 0.08099997788667679 0.09680993854999542
-0.017042085528373718 0.08099999278783798 0.0942712053656578
-0.01667705550789833 0.09713844954967499 0.09509383141994476
-0.020154958590865135 0.08100000023841858 0.09239138662815094
-0.022948358207941055 0.09710188955068588 0.09765658527612686
-0.01761828362941742 0.09717566519975662 -0.09834747016429901
-0.020419089123606682 0.09720295667648315 -0.09915541857481003
-0.019757721573114395 0.09717610478401184 -0.09263428300619125
-0.017375897616147995 0.09722240269184113 -0.09403324872255325
-0.02237239107489586 0.09717807918787003 -0.09357812255620956
-0.022167524322867393 0.09718877822160721 -0.09830852597951889
-0.01679571345448494 0.097236268222332 -0.09614680707454681
-0.023273209109902382 0.09720352292060852 -0.0961235761642456
-0.01822981797158718 0.08099997788667679 -0.09309795498847961
-0.02056308276951313 0.08099997788667679 -0.09257626533508301
-0.016589531674981117 0.08099999278783798 -0.09539493918418884
-0.02323579229414463 0.08100000023841858 -0.09470561891794205
-0.01750411093235016 0.08100000023841858 -0.09822361171245575
-0.020419755950570107 0.08100003749132156 -0.09936298429965973
-0.02280775085091591 0.08100001513957977 -0.09780377149581909
-0.048868920654058456 0.059000007808208466 -0.06356358528137207
-0.014522968791425228 0.059000007808208466 -0.07895709574222565
-0.06304296851158142 0.059000007808208466 -0.04953034594655037
-0.0334375724196434 0.059000007808208466 -0.07279706746339798
-0.07927963137626648 0.059000007808208466 -0.011380737647414207
-0.07419206202030182 0.059000007808208466 -0.03061319887638092
0.021784799173474312 0.059000033885240555 -0.07710766792297363
0.036353699862957 0.05900000408291817 -0.07140978425741196
0.005835759453475475 0.058999981731176376 -0.07992696017026901
-0.06107284501194954 0.059000007808208466 0.052081670612096786
0.053008317947387695 0.05900002643465996 -0.06034930422902107
-0.07999513298273087 0.059000007808208466 0.0024976572021842003
-0.07838921993970871 0.059000007808208466 0.016430487856268883
-0.07282086461782455 0.059000007808208466 0.03352944552898407
0.06619241088628769 0.05900001898407936 -0.04518190398812294
-0.028713280335068703 0.059000007808208466 0.07478830218315125
-0.04464758560061455 0.059000007808208466 0.06659844517707825
0.07473395019769669 0.05900000035762787 -0.029209431260824203
-0.013325519859790802 0.059000007808208466 0.07900062203407288
0.07928650081157684 0.059000007808208466 -0.011714453808963299
0.0004434550937730819 0.059000007808208466 0.08006066083908081
0.08005192130804062 0.05900001898407936 0.0039181155152618885
0.07815239578485489 0.05900000035762787 0.017513258382678032
0.07394600659608841 0.05899999663233757 0.030956735834479332
0.029221555218100548 0.05900001525878906 0.07461031526327133
0.014166681095957756 0.05900001525878906 0.0788608267903328
0.06620065867900848 0.05900001525878906 0.04516979306936264
0.04361005127429962 0.05900000408291817 0.06725020706653595
0.05616803467273712 0.05900000035762787 0.05715988948941231
-0.0011821796651929617 -0.05650000274181366 -0.037113044410943985
0.0371287576854229 -0.05650000274181366 0.0024871155619621277
0.03612756356596947 -0.05650000274181366 -0.008523155935108662
-0.01025616005063057 -0.05650000274181366 -0.035600122064352036
0.03165002539753914 -0.05650000274181366 -0.019671227782964706
-0.019608695060014725 -0.05650000274181366 -0.03157342970371246
-0.027964474633336067 -0.05650000274181366 -0.024332087486982346
0.022955846041440964 -0.05650000274181366 -0.02920995093882084
-0.03440047428011894 -0.05650000274181366 -0.014190918765962124
0.011608627624809742 -0.05650000274181366 -0.03539400175213814
-0.03725510463118553 -0.05650000274181366 0.0012303313706070185
-0.03439471125602722 -0.05650000274181366 0.013808965682983398
-0.029922325164079666 -0.05650000274181366 0.021877003833651543
-0.022896593436598778 -0.05650000274181366 0.029210178181529045
-0.01326910499483347 -0.05650000274181366 0.034669749438762665
-0.004315665457397699 -0.05650000274181366 0.03680054843425751
0.0049314601346850395 -0.05650000274181366 0.03680777549743652
0.01813414692878723 -0.05650000274181366 0.032617129385471344
0.02928178198635578 -0.05650000274181366 0.022953078150749207
0.03465670347213745 -0.05650000274181366 0.013291708193719387
0.1798974722623825 -0.014029806479811668 0.0697113648056984
0.1798974722623825 -0.027504585683345795 0.06557416915893555
0.1798974722623825 -0.07110864669084549 -0.0035521641839295626
0.1798974722623825 -0.03989981859922409 0.05885973945260048
0.1798974722623825 -0.06832114607095718 -0.01971133053302765
0.1798974722623825 -0.050726793706417084 0.04983184486627579
0.1798974722623825 -0.06306982040405273 -0.03284109756350517
0.1798974722623825 -0.05956118553876877 0.038843728601932526
0.1798974722623825 -0.0553252212703228 -0.04467079043388367
0.1798974722623825 -0.06605421006679535 0.02632780931890011
0.1798974722623825 -0.04539238288998604 -0.054735008627176285
0.1798974722623825 -0.06994999200105667 0.01277662068605423
0.1798974722623825 -0.03366512432694435 -0.0626344159245491
0.1798974722623825 -0.020607061684131622 -0.06805718690156937
0.1798974722623825 -0.006733277812600136 -0.07078927010297775
0.1798974722623825 0.007406291086226702 -0.07072215527296066
0.1798974722623825 0.021253932267427444 -0.06785838305950165
0.1798974722623825 0.03425896167755127 -0.06231237202882767
0.1798974722623825 0.04591019079089165 -0.05430265888571739
0.1798974722623825 0.05574716255068779 -0.04414508119225502
0.1798974722623825 0.06337878853082657 -0.03224407136440277
0.1798974722623825 0.06850585341453552 -0.01906603015959263
0.1798974722623825 0.07092393934726715 -0.005135102663189173
0.1798974722623825 0.0705379918217659 0.008998633362352848
0.1798974722623825 0.06736340373754501 0.022776462137699127
0.1798974722623825 0.06152554973959923 0.035653967410326004
0.1798974722623825 0.053255077451467514 0.047122277319431305
0.1798974722623825 0.04424956813454628 0.05559941381216049
0.1798974722623825 0.032422374933958054 0.063362255692482
0.1798974722623825 0.017520012333989143 0.06891787797212601
0.1798974722623825 0.001779440208338201 0.0711531862616539
0.1798974722623825 -0.04187238588929176 0.02746458910405636
0.1798974722623825 -0.04648420214653015 0.01862303540110588
0.1798974722623825 -0.028585828840732574 -0.041240960359573364
0.1798974722623825 0.04296340420842171 0.02581489272415638
0.1798974722623825 -0.021420806646347046 0.04537755995988846
0.1798974722623825 0.03689303621649742 0.033806558698415756
0.1798974722623825 -0.033844951540231705 0.037047140300273895
0.1798974722623825 -0.03689303621649742 -0.033806558698415756
0.1798974722623825 0.028585828840732574 0.041240960359573364
0.1798974722623825 -0.04296340420842171 -0.02581489272415638
0.1798974722623825 0.033844951540231705 -0.037047140300273895
0.1798974722623825 0.013988696970045567 0.04826009273529053
0.1798974722623825 0.04187238588929176 -0.02746458910405636
0.1798974722623825 -0.047579873353242874 -0.01561275776475668
0.1798974722623825 0.021420806646347046 -0.04537755995988846
0.1798974722623825 0.04648420214653015 -0.01862303540110588
0.1798974722623825 -0.049909379333257675 -0.004617012105882168
0.1798974722623825 0.009571409784257412 -0.04915274307131767
0.1798974722623825 0.00035329663660377264 0.05007454752922058
0.1798974722623825 0.04950534179806709 -0.007841171696782112
0.1798974722623825 -0.00035329663660377264 -0.05007454752922058
0.1798974722623825 0.049909379333257675 0.004617012105882168
0.1798974722623825 -0.04950534179806709 0.007841171696782112
0.1798974722623825 -0.009571409784257412 0.04915274307131767
0.1798974722623825 -0.013988696970045567 -0.04826009273529053
0.1798974722623825 0.047579873353242874 0.01561275776475668
0.16989748179912567 -0.013988696970045567 0.04826009273529053
0.16989748179912567 -0.00035329663660377264 0.05007454752922058
0.16989748179912567 0.049909379333257675 -0.004617012105882168
0.16989748179912567 0.009571409784257412 0.04915274307131767
0.16989748179912567 0.047579873353242874 -0.01561275776475668
0.16989748179912567 0.021420806646347046 0.04537755995988846
0.16989748179912567 0.04296340420842171 -0.02581489272415638
0.16989748179912567 0.033844951540231705 0.037047140300273895
0.16989748179912567 0.03689303621649742 -0.033806558698415756
0.16989748179912567 0.028585828840732574 -0.041240960359573364
0.16989748179912567 0.04187238588929176 0.02746458910405636
0.16989748179912567 0.04648420214653015 0.01862303540110588
0.16989748179912567 0.013988696970045567 -0.04826009273529053
0.16989748179912567 0.04950534179806709 0.007841171696782112
0.16989748179912567 0.00035329663660377264 -0.05007454752922058
0.16989748179912567 -0.009571409784257412 -0.04915274307131767
0.16989748179912567 -0.021420806646347046 -0.04537755995988846
0.16989748179912567 -0.033844951540231705 -0.037047140300273895
0.16989748179912567 -0.04187238588929176 -0.02746458910405636
0.16989748179912567 -0.04648420214653015 -0.01862303540110588
0.16989748179912567 -0.04950534179806709 -0.007841171696782112
0.16989748179912567 -0.049909379333257675 0.004617012105882168
0.16989748179912567 -0.047579873353242874 0.01561275776475668
0.16989748179912567 -0.04296340420842171 0.02581489272415638
0.16989748179912567 -0.03689303621649742 0.033806558698415756
0.16989748179912567 -0.028585828840732574 0.041240960359573364
-0.006905302405357361 -0.10002195090055466 0.06397954374551773
-0.008420553058385849 -0.10021895170211792 0.06548893451690674
-0.007611545268446207 -0.10005925595760345 0.06225408986210823
-0.037027064710855484 -0.09995055943727493 0.0606747604906559
-0.03074325993657112 -0.10006655007600784 0.06518146395683289
-0.03626793995499611 -0.10006643831729889 0.06316348165273666
-0.033192455768585205 -0.10008850693702698 0.05779498815536499
-0.02974027581512928 -0.10010075569152832 0.055412568151950836
-0.029835786670446396 -0.10800975561141968 0.06487807631492615
-0.02121276780962944 -0.10921817272901535 0.059217419475317
-0.03108798712491989 -0.10929061472415924 0.056426145136356354
-0.007213872391730547 -0.10923609137535095 0.06357559561729431
-0.036323029547929764 -0.1079663410782814 0.06287513673305511
-0.03575802221894264 -0.10795427858829498 0.06010368838906288
-0.028408005833625793 -0.1091667041182518 0.055929649621248245
-0.007880991324782372 -0.1086806207895279 0.06511759012937546
-0.00805364828556776 -0.1086561530828476 0.062400851398706436
-0.02112949825823307 -0.10041572153568268 0.058902181684970856
-0.04494388401508331 -0.10010571777820587 0.045364171266555786
-0.04656456038355827 -0.10006333887577057 0.04843226447701454
-0.049294423311948776 -0.10001478344202042 0.04807952418923378
-0.05093874782323837 -0.10008008778095245 0.03633636608719826
-0.045616257935762405 -0.1001143679022789 0.042710624635219574
-0.04685605689883232 -0.10999565571546555 0.04806814342737198
-0.050003375858068466 -0.11121182888746262 0.03821657598018646
-0.052853699773550034 -0.11073824763298035 0.039771296083927155
-0.05192548781633377 -0.11096427589654922 0.03820757940411568
-0.049428049474954605 -0.1094408854842186 0.0472739152610302
-0.054152701050043106 -0.10008559376001358 0.037531234323978424
-0.045258890837430954 -0.1104663535952568 0.0438026525080204
-0.029441332444548607 -0.10000839084386826 -0.06533033400774002
-0.029678847640752792 -0.10018645972013474 -0.055411167442798615
-0.033330038189888 -0.10006890445947647 -0.05802091211080551
-0.018581844866275787 -0.10022909939289093 -0.05985381454229355
-0.007600946817547083 -0.10001280903816223 -0.062103159725666046
-0.0070739141665399075 -0.10000985115766525 -0.06484474241733551
-0.03463262319564819 -0.10023847222328186 -0.06386881321668625
-0.03729689121246338 -0.10029274225234985 -0.06116215139627457
-0.029463186860084534 -0.1079571545124054 -0.0649234801530838
-0.021342281252145767 -0.10934397578239441 -0.059511784464120865
-0.007431260775774717 -0.10915964096784592 -0.06258983165025711
-0.02924858219921589 -0.1097068339586258 -0.05574484169483185
-0.035423628985881805 -0.10778410732746124 -0.06331565231084824
-0.036474280059337616 -0.10821884870529175 -0.06066598370671272
-0.03261660039424896 -0.10858966410160065 -0.057582154870033264
-0.021146416664123535 -0.10873693972826004 -0.059077680110931396
-0.007836958393454552 -0.1087501049041748 -0.06510357558727264
-0.04508092254400253 -0.10006667673587799 -0.04394245147705078
-0.05088849738240242 -0.10001066327095032 -0.036405161023139954
-0.04736752435564995 -0.1000015065073967 -0.04870298132300377
-0.054022956639528275 -0.10010531544685364 -0.03855311498045921
-0.05316336452960968 -0.09999217092990875 -0.0364980585873127
-0.048983585089445114 -0.10975894331932068 -0.04769907519221306
-0.05307469516992569 -0.11052302271127701 -0.03963461145758629
-0.050258275121450424 -0.11132288724184036 -0.03802691400051117
-0.04506538808345795 -0.11024896055459976 -0.04403184354305267
-0.04567807540297508 -0.10168777406215668 -0.047348421066999435
-0.04711846634745598 -0.1097978875041008 -0.04809597134590149
-0.04947170242667198 -0.10030955821275711 -0.04780047386884689
-0.003089078702032566 0.1610105335712433 -0.015178032219409943
0.0009196145110763609 0.16200831532478333 -0.014945103786885738
0.004216521047055721 0.1609993726015091 -0.015742886811494827
0.010127868503332138 0.1620030701160431 -0.024105504155158997
0.008457213640213013 0.1620033234357834 -0.030684011057019234
0.010062932968139648 0.1610095053911209 -0.027554558590054512
0.007087889593094587 0.16199170053005219 -0.01756053976714611
0.004148408304899931 0.16099530458450317 -0.03440697118639946
0.008838416077196598 0.16099882125854492 -0.02004007063806057
0.0032851228024810553 0.16199681162834167 -0.03458233177661896
-0.0015402071876451373 0.1614997386932373 -0.03495185077190399
-0.0055025797337293625 0.16199959814548492 -0.03350348025560379
-0.006103217136114836 0.16099907457828522 -0.03309066221117973
-0.009207415394484997 0.1617056429386139 -0.029241301119327545
-0.00998485554009676 0.16200171411037445 -0.023093048483133316
-0.010126791894435883 0.16099625825881958 -0.023981330916285515
-0.007987760938704014 0.16100001335144043 -0.018847646191716194
-0.005838762037456036 0.16199371218681335 -0.016525600105524063
0.0049476465210318565 0.16200000047683716 -0.018780875951051712
-0.00037907023215666413 0.1620013564825058 -0.01692376285791397
-0.004632378928363323 0.16200783848762512 -0.031713202595710754
-0.00799874123185873 0.16199520230293274 -0.025501728057861328
0.0024931826628744602 0.16199952363967896 -0.0326523520052433
0.00799467321485281 0.16200895607471466 -0.023774147033691406
0.006795999128371477 0.16200000047683716 -0.029119424521923065
-0.006329090800136328 0.16200287640094757 -0.020006472244858742
-0.0025691217742860317 0.16100502014160156 -0.017336690798401833
-0.006389893591403961 0.16099996864795685 -0.029970791190862656
-0.007772921584546566 0.16099674999713898 -0.022490788251161575
-0.0006091953255236149 0.16100238263607025 -0.03301479294896126
0.005294751841574907 0.1609904021024704 -0.031058773398399353
0.008195823058485985 0.16102159023284912 -0.023651951923966408
0.0035153760109096766 0.16099007427692413 -0.017830394208431244
