-- Found ament_cmake: 1.3.12 (/opt/ros/humble/share/ament_cmake/cmake)
-- Found rclcpp: 16.0.15 (/opt/ros/humble/share/rclcpp/cmake)
-- Found rosidl_generator_c: 3.1.7 (/opt/ros/humble/share/rosidl_generator_c/cmake)
-- Found rosidl_adapter: 3.1.7 (/opt/ros/humble/share/rosidl_adapter/cmake)
-- Found rosidl_generator_cpp: 3.1.7 (/opt/ros/humble/share/rosidl_generator_cpp/cmake)
-- Using all available rosidl_typesupport_c: rosidl_typesupport_fastrtps_c;rosidl_typesupport_introspection_c
-- Using all available rosidl_typesupport_cpp: rosidl_typesupport_fastrtps_cpp;rosidl_typesupport_introspection_cpp
-- Found rmw_implementation_cmake: 6.1.2 (/opt/ros/humble/share/rmw_implementation_cmake/cmake)
-- Found rmw_fastrtps_cpp: 6.2.9 (/opt/ros/humble/share/rmw_fastrtps_cpp/cmake)
-- Using RMW implementation 'rmw_fastrtps_cpp' as default
-- Found example_interfaces: 0.9.3 (/opt/ros/humble/share/example_interfaces/cmake)
-- Found sensor_msgs: 4.9.0 (/opt/ros/humble/share/sensor_msgs/cmake)
-- Found visualization_msgs: 4.9.0 (/opt/ros/humble/share/visualization_msgs/cmake)
-- Found interactive_markers: 2.3.2 (/opt/ros/humble/share/interactive_markers/cmake)
-- Found tf2_ros: 0.25.16 (/opt/ros/humble/share/tf2_ros/cmake)
-- Found tf2_eigen: 0.25.16 (/opt/ros/humble/share/tf2_eigen/cmake)
-- Found tf2_geometry_msgs: 0.25.16 (/opt/ros/humble/share/tf2_geometry_msgs/cmake)
-- Found eigen3_cmake_module: 0.1.1 (/opt/ros/humble/share/eigen3_cmake_module/cmake)
-- Ensuring Eigen3 include directory is part of orocos-kdl CMake target
-- Found pcl_conversions: 2.4.5 (/opt/ros/humble/share/pcl_conversions/cmake)
-- Eigen found (include: /usr/include/eigen3, version: 3.4.0)
-- FLANN found (include: /usr/include, lib: /usr/lib/x86_64-linux-gnu/libflann_cpp.so)
-- OpenNI found (version: 1.5.4.0, include: /usr/include/ni, lib: /usr/lib/libOpenNI.so;libusb::libusb)
-- OpenNI2 found (version: 2.2.0.33, include: /usr/include/openni2, lib: /usr/lib/x86_64-linux-gnu/libOpenNI2.so;libusb::libusb)
-- Eigen found (include: /usr/include/eigen3, version: 3.4.0)
-- OpenNI found (version: 1.5.4.0, include: /usr/include/ni, lib: /usr/lib/libOpenNI.so;libusb::libusb)
-- OpenNI2 found (version: 2.2.0.33, include: /usr/include/openni2, lib: /usr/lib/x86_64-linux-gnu/libOpenNI2.so;libusb::libusb)
-- Found Qhull version 8.0.2
-- OpenNI found (version: 1.5.4.0, include: /usr/include/ni, lib: /usr/lib/libOpenNI.so;libusb::libusb)
-- Found pcl_ros: 2.4.5 (/opt/ros/humble/share/pcl_ros/cmake)
-- Found urdf: 2.6.1 (/opt/ros/humble/share/urdf/cmake)
-- Could NOT find Doxygen (missing: DOXYGEN_EXECUTABLE) 
-- Found rosidl_default_generators: 1.2.0 (/opt/ros/humble/share/rosidl_default_generators/cmake)
-- Found ament_cmake_ros: 0.10.0 (/opt/ros/humble/share/ament_cmake_ros/cmake)
-- Using all available rosidl_typesupport_c: rosidl_typesupport_fastrtps_c;rosidl_typesupport_introspection_c
-- Using all available rosidl_typesupport_cpp: rosidl_typesupport_fastrtps_cpp;rosidl_typesupport_introspection_cpp
-- Found python_cmake_module: 0.10.0 (/opt/ros/humble/share/python_cmake_module/cmake)
-- Using PYTHON_EXECUTABLE: /usr/bin/python3
-- Using PYTHON_INCLUDE_DIRS: /usr/include/python3.10
-- Using PYTHON_LIBRARIES: /usr/lib/x86_64-linux-gnu/libpython3.10.so
-- Found ament_lint_auto: 0.12.14 (/opt/ros/humble/share/ament_lint_auto/cmake)
-- Added test 'cppcheck' to perform static code analysis on C / C++ code
-- Configured cppcheck include dirs: /home/maclab/Documents/ROS_WORKSPACES/WS_Master_Thesis/src/uc1_robot_perception/include
-- Configured cppcheck exclude dirs and/or files: 
-- Added test 'lint_cmake' to check CMake code style
-- Added test 'uncrustify' to check C / C++ code style
-- Configured uncrustify additional arguments: 
-- Added test 'xmllint' to check XML markup files
-- Configuring done
-- Generating done
-- Build files have been written to: /home/maclab/Documents/ROS_WORKSPACES/WS_Master_Thesis/build/uc1_robot_perception
/usr/bin/cmake -S/home/maclab/Documents/ROS_WORKSPACES/WS_Master_Thesis/src/uc1_robot_perception -B/home/maclab/Documents/ROS_WORKSPACES/WS_Master_Thesis/build/uc1_robot_perception --check-build-system CMakeFiles/Makefile.cmake 0
/usr/bin/cmake -E cmake_progress_start /home/maclab/Documents/ROS_WORKSPACES/WS_Master_Thesis/build/uc1_robot_perception/CMakeFiles /home/maclab/Documents/ROS_WORKSPACES/WS_Master_Thesis/build/uc1_robot_perception//CMakeFiles/progress.marks
/usr/bin/gmake  -f CMakeFiles/Makefile2 all
gmake[1]: Entering directory '/home/maclab/Documents/ROS_WORKSPACES/WS_Master_Thesis/build/uc1_robot_perception'
/usr/bin/gmake  -f CMakeFiles/uc1_robot_perception__cpp.dir/build.make CMakeFiles/uc1_robot_perception__cpp.dir/depend
/usr/bin/gmake  -f CMakeFiles/uc1_robot_perception__rosidl_generator_c.dir/build.make CMakeFiles/uc1_robot_perception__rosidl_generator_c.dir/depend
/usr/bin/gmake  -f CMakeFiles/ament_cmake_python_copy_uc1_robot_perception.dir/build.make CMakeFiles/ament_cmake_python_copy_uc1_robot_perception.dir/depend
gmake[2]: Entering directory '/home/maclab/Documents/ROS_WORKSPACES/WS_Master_Thesis/build/uc1_robot_perception'
cd /home/maclab/Documents/ROS_WORKSPACES/WS_Master_Thesis/build/uc1_robot_perception && /usr/bin/cmake -E cmake_depends "Unix Makefiles" /home/maclab/Documents/ROS_WORKSPACES/WS_Master_Thesis/src/uc1_robot_perception /home/maclab/Documents/ROS_WORKSPACES/WS_Master_Thesis/src/uc1_robot_perception /home/maclab/Documents/ROS_WORKSPACES/WS_Master_Thesis/build/uc1_robot_perception /home/maclab/Documents/ROS_WORKSPACES/WS_Master_Thesis/build/uc1_robot_perception /home/maclab/Documents/ROS_WORKSPACES/WS_Master_Thesis/build/uc1_robot_perception/CMakeFiles/uc1_robot_perception__cpp.dir/DependInfo.cmake --color=
gmake[2]: Entering directory '/home/maclab/Documents/ROS_WORKSPACES/WS_Master_Thesis/build/uc1_robot_perception'
cd /home/maclab/Documents/ROS_WORKSPACES/WS_Master_Thesis/build/uc1_robot_perception && /usr/bin/cmake -E cmake_depends "Unix Makefiles" /home/maclab/Documents/ROS_WORKSPACES/WS_Master_Thesis/src/uc1_robot_perception /home/maclab/Documents/ROS_WORKSPACES/WS_Master_Thesis/src/uc1_robot_perception /home/maclab/Documents/ROS_WORKSPACES/WS_Master_Thesis/build/uc1_robot_perception /home/maclab/Documents/ROS_WORKSPACES/WS_Master_Thesis/build/uc1_robot_perception /home/maclab/Documents/ROS_WORKSPACES/WS_Master_Thesis/build/uc1_robot_perception/CMakeFiles/ament_cmake_python_copy_uc1_robot_perception.dir/DependInfo.cmake --color=
gmake[2]: Entering directory '/home/maclab/Documents/ROS_WORKSPACES/WS_Master_Thesis/build/uc1_robot_perception'
cd /home/maclab/Documents/ROS_WORKSPACES/WS_Master_Thesis/build/uc1_robot_perception && /usr/bin/cmake -E cmake_depends "Unix Makefiles" /home/maclab/Documents/ROS_WORKSPACES/WS_Master_Thesis/src/uc1_robot_perception /home/maclab/Documents/ROS_WORKSPACES/WS_Master_Thesis/src/uc1_robot_perception /home/maclab/Documents/ROS_WORKSPACES/WS_Master_Thesis/build/uc1_robot_perception /home/maclab/Documents/ROS_WORKSPACES/WS_Master_Thesis/build/uc1_robot_perception /home/maclab/Documents/ROS_WORKSPACES/WS_Master_Thesis/build/uc1_robot_perception/CMakeFiles/uc1_robot_perception__rosidl_generator_c.dir/DependInfo.cmake --color=
Dependencies file "CMakeFiles/uc1_robot_perception__rosidl_generator_c.dir/rosidl_generator_c/uc1_robot_perception/msg/detail/contact__functions.c.o.d" is newer than depends file "/home/maclab/Documents/ROS_WORKSPACES/WS_Master_Thesis/build/uc1_robot_perception/CMakeFiles/uc1_robot_perception__rosidl_generator_c.dir/compiler_depend.internal".
Dependencies file "CMakeFiles/uc1_robot_perception__rosidl_generator_c.dir/rosidl_generator_c/uc1_robot_perception/msg/detail/contact_array__functions.c.o.d" is newer than depends file "/home/maclab/Documents/ROS_WORKSPACES/WS_Master_Thesis/build/uc1_robot_perception/CMakeFiles/uc1_robot_perception__rosidl_generator_c.dir/compiler_depend.internal".
gmake[2]: Leaving directory '/home/maclab/Documents/ROS_WORKSPACES/WS_Master_Thesis/build/uc1_robot_perception'
Dependencies file "CMakeFiles/uc1_robot_perception__rosidl_generator_c.dir/rosidl_generator_c/uc1_robot_perception/msg/detail/proximity_task__functions.c.o.d" is newer than depends file "/home/maclab/Documents/ROS_WORKSPACES/WS_Master_Thesis/build/uc1_robot_perception/CMakeFiles/uc1_robot_perception__rosidl_generator_c.dir/compiler_depend.internal".
/usr/bin/gmake  -f CMakeFiles/ament_cmake_python_copy_uc1_robot_perception.dir/build.make CMakeFiles/ament_cmake_python_copy_uc1_robot_perception.dir/build
Dependencies file "CMakeFiles/uc1_robot_perception__rosidl_generator_c.dir/rosidl_generator_c/uc1_robot_perception/msg/detail/proximity_task_array__functions.c.o.d" is newer than depends file "/home/maclab/Documents/ROS_WORKSPACES/WS_Master_Thesis/build/uc1_robot_perception/CMakeFiles/uc1_robot_perception__rosidl_generator_c.dir/compiler_depend.internal".
gmake[2]: Leaving directory '/home/maclab/Documents/ROS_WORKSPACES/WS_Master_Thesis/build/uc1_robot_perception'
/usr/bin/gmake  -f CMakeFiles/uc1_robot_perception__cpp.dir/build.make CMakeFiles/uc1_robot_perception__cpp.dir/build
[35m[1mConsolidate compiler generated dependencies of target uc1_robot_perception__rosidl_generator_c[0m
gmake[2]: Entering directory '/home/maclab/Documents/ROS_WORKSPACES/WS_Master_Thesis/build/uc1_robot_perception'
/usr/bin/cmake -E copy_directory /home/maclab/Documents/ROS_WORKSPACES/WS_Master_Thesis/build/uc1_robot_perception/rosidl_generator_py/uc1_robot_perception /home/maclab/Documents/ROS_WORKSPACES/WS_Master_Thesis/build/uc1_robot_perception/ament_cmake_python/uc1_robot_perception/uc1_robot_perception
gmake[2]: Entering directory '/home/maclab/Documents/ROS_WORKSPACES/WS_Master_Thesis/build/uc1_robot_perception'
gmake[2]: Nothing to be done for 'CMakeFiles/uc1_robot_perception__cpp.dir/build'.
gmake[2]: Leaving directory '/home/maclab/Documents/ROS_WORKSPACES/WS_Master_Thesis/build/uc1_robot_perception'
gmake[2]: Leaving directory '/home/maclab/Documents/ROS_WORKSPACES/WS_Master_Thesis/build/uc1_robot_perception'
/usr/bin/gmake  -f CMakeFiles/uc1_robot_perception__rosidl_generator_c.dir/build.make CMakeFiles/uc1_robot_perception__rosidl_generator_c.dir/build
gmake[2]: Entering directory '/home/maclab/Documents/ROS_WORKSPACES/WS_Master_Thesis/build/uc1_robot_perception'
[  1%] Built target uc1_robot_perception__cpp
/usr/bin/gmake  -f CMakeFiles/uc1_robot_perception__rosidl_typesupport_cpp.dir/build.make CMakeFiles/uc1_robot_perception__rosidl_typesupport_cpp.dir/depend
/usr/bin/gmake  -f CMakeFiles/uc1_robot_perception__rosidl_typesupport_fastrtps_cpp.dir/build.make CMakeFiles/uc1_robot_perception__rosidl_typesupport_fastrtps_cpp.dir/depend
/usr/bin/gmake  -f CMakeFiles/uc1_robot_perception__rosidl_typesupport_introspection_cpp.dir/build.make CMakeFiles/uc1_robot_perception__rosidl_typesupport_introspection_cpp.dir/depend
gmake[2]: Entering directory '/home/maclab/Documents/ROS_WORKSPACES/WS_Master_Thesis/build/uc1_robot_perception'
cd /home/maclab/Documents/ROS_WORKSPACES/WS_Master_Thesis/build/uc1_robot_perception && /usr/bin/cmake -E cmake_depends "Unix Makefiles" /home/maclab/Documents/ROS_WORKSPACES/WS_Master_Thesis/src/uc1_robot_perception /home/maclab/Documents/ROS_WORKSPACES/WS_Master_Thesis/src/uc1_robot_perception /home/maclab/Documents/ROS_WORKSPACES/WS_Master_Thesis/build/uc1_robot_perception /home/maclab/Documents/ROS_WORKSPACES/WS_Master_Thesis/build/uc1_robot_perception /home/maclab/Documents/ROS_WORKSPACES/WS_Master_Thesis/build/uc1_robot_perception/CMakeFiles/uc1_robot_perception__rosidl_typesupport_cpp.dir/DependInfo.cmake --color=
gmake[2]: Entering directory '/home/maclab/Documents/ROS_WORKSPACES/WS_Master_Thesis/build/uc1_robot_perception'
cd /home/maclab/Documents/ROS_WORKSPACES/WS_Master_Thesis/build/uc1_robot_perception && /usr/bin/cmake -E cmake_depends "Unix Makefiles" /home/maclab/Documents/ROS_WORKSPACES/WS_Master_Thesis/src/uc1_robot_perception /home/maclab/Documents/ROS_WORKSPACES/WS_Master_Thesis/src/uc1_robot_perception /home/maclab/Documents/ROS_WORKSPACES/WS_Master_Thesis/build/uc1_robot_perception /home/maclab/Documents/ROS_WORKSPACES/WS_Master_Thesis/build/uc1_robot_perception /home/maclab/Documents/ROS_WORKSPACES/WS_Master_Thesis/build/uc1_robot_perception/CMakeFiles/uc1_robot_perception__rosidl_typesupport_fastrtps_cpp.dir/DependInfo.cmake --color=
gmake[2]: Entering directory '/home/maclab/Documents/ROS_WORKSPACES/WS_Master_Thesis/build/uc1_robot_perception'
cd /home/maclab/Documents/ROS_WORKSPACES/WS_Master_Thesis/build/uc1_robot_perception && /usr/bin/cmake -E cmake_depends "Unix Makefiles" /home/maclab/Documents/ROS_WORKSPACES/WS_Master_Thesis/src/uc1_robot_perception /home/maclab/Documents/ROS_WORKSPACES/WS_Master_Thesis/src/uc1_robot_perception /home/maclab/Documents/ROS_WORKSPACES/WS_Master_Thesis/build/uc1_robot_perception /home/maclab/Documents/ROS_WORKSPACES/WS_Master_Thesis/build/uc1_robot_perception /home/maclab/Documents/ROS_WORKSPACES/WS_Master_Thesis/build/uc1_robot_perception/CMakeFiles/uc1_robot_perception__rosidl_typesupport_introspection_cpp.dir/DependInfo.cmake --color=
[  3%] [32m[1mLinking C shared library libuc1_robot_perception__rosidl_generator_c.so[0m
/usr/bin/cmake -E cmake_link_script CMakeFiles/uc1_robot_perception__rosidl_generator_c.dir/link.txt --verbose=1
gmake[2]: Leaving directory '/home/maclab/Documents/ROS_WORKSPACES/WS_Master_Thesis/build/uc1_robot_perception'
/usr/bin/cc -fPIC -shared -Wl,-soname,libuc1_robot_perception__rosidl_generator_c.so -o libuc1_robot_perception__rosidl_generator_c.so CMakeFiles/uc1_robot_perception__rosidl_generator_c.dir/rosidl_generator_c/uc1_robot_perception/msg/detail/proximity_task__functions.c.o CMakeFiles/uc1_robot_perception__rosidl_generator_c.dir/rosidl_generator_c/uc1_robot_perception/msg/detail/proximity_task_array__functions.c.o CMakeFiles/uc1_robot_perception__rosidl_generator_c.dir/rosidl_generator_c/uc1_robot_perception/msg/detail/contact__functions.c.o CMakeFiles/uc1_robot_perception__rosidl_generator_c.dir/rosidl_generator_c/uc1_robot_perception/msg/detail/contact_array__functions.c.o  -Wl,-rpath,/opt/ros/humble/lib: /opt/ros/humble/lib/libgeometry_msgs__rosidl_generator_c.so /opt/ros/humble/lib/libstd_msgs__rosidl_generator_c.so /opt/ros/humble/lib/libbuiltin_interfaces__rosidl_generator_c.so /opt/ros/humble/lib/librosidl_runtime_c.so /opt/ros/humble/lib/librcutils.so -ldl 
Dependencies file "CMakeFiles/uc1_robot_perception__rosidl_typesupport_cpp.dir/rosidl_typesupport_cpp/uc1_robot_perception/msg/contact__type_support.cpp.o.d" is newer than depends file "/home/maclab/Documents/ROS_WORKSPACES/WS_Master_Thesis/build/uc1_robot_perception/CMakeFiles/uc1_robot_perception__rosidl_typesupport_cpp.dir/compiler_depend.internal".
Dependencies file "CMakeFiles/uc1_robot_perception__rosidl_typesupport_fastrtps_cpp.dir/rosidl_typesupport_fastrtps_cpp/uc1_robot_perception/msg/detail/dds_fastrtps/contact__type_support.cpp.o.d" is newer than depends file "/home/maclab/Documents/ROS_WORKSPACES/WS_Master_Thesis/build/uc1_robot_perception/CMakeFiles/uc1_robot_perception__rosidl_typesupport_fastrtps_cpp.dir/compiler_depend.internal".
Dependencies file "CMakeFiles/uc1_robot_perception__rosidl_typesupport_introspection_cpp.dir/rosidl_typesupport_introspection_cpp/uc1_robot_perception/msg/detail/contact__type_support.cpp.o.d" is newer than depends file "/home/maclab/Documents/ROS_WORKSPACES/WS_Master_Thesis/build/uc1_robot_perception/CMakeFiles/uc1_robot_perception__rosidl_typesupport_introspection_cpp.dir/compiler_depend.internal".
Dependencies file "CMakeFiles/uc1_robot_perception__rosidl_typesupport_cpp.dir/rosidl_typesupport_cpp/uc1_robot_perception/msg/contact_array__type_support.cpp.o.d" is newer than depends file "/home/maclab/Documents/ROS_WORKSPACES/WS_Master_Thesis/build/uc1_robot_perception/CMakeFiles/uc1_robot_perception__rosidl_typesupport_cpp.dir/compiler_depend.internal".
Dependencies file "CMakeFiles/uc1_robot_perception__rosidl_typesupport_fastrtps_cpp.dir/rosidl_typesupport_fastrtps_cpp/uc1_robot_perception/msg/detail/dds_fastrtps/contact_array__type_support.cpp.o.d" is newer than depends file "/home/maclab/Documents/ROS_WORKSPACES/WS_Master_Thesis/build/uc1_robot_perception/CMakeFiles/uc1_robot_perception__rosidl_typesupport_fastrtps_cpp.dir/compiler_depend.internal".
Dependencies file "CMakeFiles/uc1_robot_perception__rosidl_typesupport_introspection_cpp.dir/rosidl_typesupport_introspection_cpp/uc1_robot_perception/msg/detail/contact_array__type_support.cpp.o.d" is newer than depends file "/home/maclab/Documents/ROS_WORKSPACES/WS_Master_Thesis/build/uc1_robot_perception/CMakeFiles/uc1_robot_perception__rosidl_typesupport_introspection_cpp.dir/compiler_depend.internal".
Dependencies file "CMakeFiles/uc1_robot_perception__rosidl_typesupport_cpp.dir/rosidl_typesupport_cpp/uc1_robot_perception/msg/proximity_task__type_support.cpp.o.d" is newer than depends file "/home/maclab/Documents/ROS_WORKSPACES/WS_Master_Thesis/build/uc1_robot_perception/CMakeFiles/uc1_robot_perception__rosidl_typesupport_cpp.dir/compiler_depend.internal".
Dependencies file "CMakeFiles/uc1_robot_perception__rosidl_typesupport_fastrtps_cpp.dir/rosidl_typesupport_fastrtps_cpp/uc1_robot_perception/msg/detail/dds_fastrtps/proximity_task__type_support.cpp.o.d" is newer than depends file "/home/maclab/Documents/ROS_WORKSPACES/WS_Master_Thesis/build/uc1_robot_perception/CMakeFiles/uc1_robot_perception__rosidl_typesupport_fastrtps_cpp.dir/compiler_depend.internal".
Dependencies file "CMakeFiles/uc1_robot_perception__rosidl_typesupport_introspection_cpp.dir/rosidl_typesupport_introspection_cpp/uc1_robot_perception/msg/detail/proximity_task__type_support.cpp.o.d" is newer than depends file "/home/maclab/Documents/ROS_WORKSPACES/WS_Master_Thesis/build/uc1_robot_perception/CMakeFiles/uc1_robot_perception__rosidl_typesupport_introspection_cpp.dir/compiler_depend.internal".
Dependencies file "CMakeFiles/uc1_robot_perception__rosidl_typesupport_cpp.dir/rosidl_typesupport_cpp/uc1_robot_perception/msg/proximity_task_array__type_support.cpp.o.d" is newer than depends file "/home/maclab/Documents/ROS_WORKSPACES/WS_Master_Thesis/build/uc1_robot_perception/CMakeFiles/uc1_robot_perception__rosidl_typesupport_cpp.dir/compiler_depend.internal".
Dependencies file "CMakeFiles/uc1_robot_perception__rosidl_typesupport_fastrtps_cpp.dir/rosidl_typesupport_fastrtps_cpp/uc1_robot_perception/msg/detail/dds_fastrtps/proximity_task_array__type_support.cpp.o.d" is newer than depends file "/home/maclab/Documents/ROS_WORKSPACES/WS_Master_Thesis/build/uc1_robot_perception/CMakeFiles/uc1_robot_perception__rosidl_typesupport_fastrtps_cpp.dir/compiler_depend.internal".
Dependencies file "CMakeFiles/uc1_robot_perception__rosidl_typesupport_introspection_cpp.dir/rosidl_typesupport_introspection_cpp/uc1_robot_perception/msg/detail/proximity_task_array__type_support.cpp.o.d" is newer than depends file "/home/maclab/Documents/ROS_WORKSPACES/WS_Master_Thesis/build/uc1_robot_perception/CMakeFiles/uc1_robot_perception__rosidl_typesupport_introspection_cpp.dir/compiler_depend.internal".
[35m[1mConsolidate compiler generated dependencies of target uc1_robot_perception__rosidl_typesupport_cpp[0m
[35m[1mConsolidate compiler generated dependencies of target uc1_robot_perception__rosidl_typesupport_fastrtps_cpp[0m
[35m[1mConsolidate compiler generated dependencies of target uc1_robot_perception__rosidl_typesupport_introspection_cpp[0m
[  3%] Built target ament_cmake_python_copy_uc1_robot_perception
gmake[2]: Leaving directory '/home/maclab/Documents/ROS_WORKSPACES/WS_Master_Thesis/build/uc1_robot_perception'
/usr/bin/gmake  -f CMakeFiles/uc1_robot_perception__rosidl_typesupport_cpp.dir/build.make CMakeFiles/uc1_robot_perception__rosidl_typesupport_cpp.dir/build
gmake[2]: Leaving directory '/home/maclab/Documents/ROS_WORKSPACES/WS_Master_Thesis/build/uc1_robot_perception'
gmake[2]: Leaving directory '/home/maclab/Documents/ROS_WORKSPACES/WS_Master_Thesis/build/uc1_robot_perception'
/usr/bin/gmake  -f CMakeFiles/uc1_robot_perception__rosidl_typesupport_introspection_cpp.dir/build.make CMakeFiles/uc1_robot_perception__rosidl_typesupport_introspection_cpp.dir/build
/usr/bin/gmake  -f CMakeFiles/uc1_robot_perception__rosidl_typesupport_fastrtps_cpp.dir/build.make CMakeFiles/uc1_robot_perception__rosidl_typesupport_fastrtps_cpp.dir/build
/usr/bin/gmake  -f CMakeFiles/ament_cmake_python_build_uc1_robot_perception_egg.dir/build.make CMakeFiles/ament_cmake_python_build_uc1_robot_perception_egg.dir/depend
gmake[2]: Entering directory '/home/maclab/Documents/ROS_WORKSPACES/WS_Master_Thesis/build/uc1_robot_perception'
cd /home/maclab/Documents/ROS_WORKSPACES/WS_Master_Thesis/build/uc1_robot_perception && /usr/bin/cmake -E cmake_depends "Unix Makefiles" /home/maclab/Documents/ROS_WORKSPACES/WS_Master_Thesis/src/uc1_robot_perception /home/maclab/Documents/ROS_WORKSPACES/WS_Master_Thesis/src/uc1_robot_perception /home/maclab/Documents/ROS_WORKSPACES/WS_Master_Thesis/build/uc1_robot_perception /home/maclab/Documents/ROS_WORKSPACES/WS_Master_Thesis/build/uc1_robot_perception /home/maclab/Documents/ROS_WORKSPACES/WS_Master_Thesis/build/uc1_robot_perception/CMakeFiles/ament_cmake_python_build_uc1_robot_perception_egg.dir/DependInfo.cmake --color=
gmake[2]: Entering directory '/home/maclab/Documents/ROS_WORKSPACES/WS_Master_Thesis/build/uc1_robot_perception'
gmake[2]: Entering directory '/home/maclab/Documents/ROS_WORKSPACES/WS_Master_Thesis/build/uc1_robot_perception'
gmake[2]: Entering directory '/home/maclab/Documents/ROS_WORKSPACES/WS_Master_Thesis/build/uc1_robot_perception'
gmake[2]: Leaving directory '/home/maclab/Documents/ROS_WORKSPACES/WS_Master_Thesis/build/uc1_robot_perception'
/usr/bin/gmake  -f CMakeFiles/ament_cmake_python_build_uc1_robot_perception_egg.dir/build.make CMakeFiles/ament_cmake_python_build_uc1_robot_perception_egg.dir/build
[  4%] [32m[1mLinking CXX shared library libuc1_robot_perception__rosidl_typesupport_cpp.so[0m
[  6%] [32m[1mLinking CXX shared library libuc1_robot_perception__rosidl_typesupport_fastrtps_cpp.so[0m
[  8%] [32m[1mLinking CXX shared library libuc1_robot_perception__rosidl_typesupport_introspection_cpp.so[0m
/usr/bin/cmake -E cmake_link_script CMakeFiles/uc1_robot_perception__rosidl_typesupport_cpp.dir/link.txt --verbose=1
gmake[2]: Entering directory '/home/maclab/Documents/ROS_WORKSPACES/WS_Master_Thesis/build/uc1_robot_perception'
cd /home/maclab/Documents/ROS_WORKSPACES/WS_Master_Thesis/build/uc1_robot_perception/ament_cmake_python/uc1_robot_perception && /usr/bin/python3 setup.py egg_info
/usr/bin/cmake -E cmake_link_script CMakeFiles/uc1_robot_perception__rosidl_typesupport_fastrtps_cpp.dir/link.txt --verbose=1
/usr/bin/cmake -E cmake_link_script CMakeFiles/uc1_robot_perception__rosidl_typesupport_introspection_cpp.dir/link.txt --verbose=1
/usr/bin/g++-11 -fPIC -shared -Wl,-soname,libuc1_robot_perception__rosidl_typesupport_fastrtps_cpp.so -o libuc1_robot_perception__rosidl_typesupport_fastrtps_cpp.so CMakeFiles/uc1_robot_perception__rosidl_typesupport_fastrtps_cpp.dir/rosidl_typesupport_fastrtps_cpp/uc1_robot_perception/msg/detail/dds_fastrtps/proximity_task__type_support.cpp.o CMakeFiles/uc1_robot_perception__rosidl_typesupport_fastrtps_cpp.dir/rosidl_typesupport_fastrtps_cpp/uc1_robot_perception/msg/detail/dds_fastrtps/proximity_task_array__type_support.cpp.o CMakeFiles/uc1_robot_perception__rosidl_typesupport_fastrtps_cpp.dir/rosidl_typesupport_fastrtps_cpp/uc1_robot_perception/msg/detail/dds_fastrtps/contact__type_support.cpp.o CMakeFiles/uc1_robot_perception__rosidl_typesupport_fastrtps_cpp.dir/rosidl_typesupport_fastrtps_cpp/uc1_robot_perception/msg/detail/dds_fastrtps/contact_array__type_support.cpp.o  -Wl,-rpath,/opt/ros/humble/lib: /opt/ros/humble/lib/libgeometry_msgs__rosidl_typesupport_fastrtps_cpp.so /opt/ros/humble/lib/libstd_msgs__rosidl_typesupport_fastrtps_cpp.so /opt/ros/humble/lib/libbuiltin_interfaces__rosidl_typesupport_fastrtps_cpp.so /opt/ros/humble/lib/librosidl_typesupport_fastrtps_cpp.so /opt/ros/humble/lib/libfastcdr.so.1.0.24 /opt/ros/humble/lib/librmw.so /opt/ros/humble/lib/librosidl_runtime_c.so /opt/ros/humble/lib/librcutils.so -ldl 
/usr/bin/g++-11 -fPIC -shared -Wl,-soname,libuc1_robot_perception__rosidl_typesupport_introspection_cpp.so -o libuc1_robot_perception__rosidl_typesupport_introspection_cpp.so CMakeFiles/uc1_robot_perception__rosidl_typesupport_introspection_cpp.dir/rosidl_typesupport_introspection_cpp/uc1_robot_perception/msg/detail/proximity_task__type_support.cpp.o CMakeFiles/uc1_robot_perception__rosidl_typesupport_introspection_cpp.dir/rosidl_typesupport_introspection_cpp/uc1_robot_perception/msg/detail/proximity_task_array__type_support.cpp.o CMakeFiles/uc1_robot_perception__rosidl_typesupport_introspection_cpp.dir/rosidl_typesupport_introspection_cpp/uc1_robot_perception/msg/detail/contact__type_support.cpp.o CMakeFiles/uc1_robot_perception__rosidl_typesupport_introspection_cpp.dir/rosidl_typesupport_introspection_cpp/uc1_robot_perception/msg/detail/contact_array__type_support.cpp.o  -Wl,-rpath,/opt/ros/humble/lib: /opt/ros/humble/lib/libgeometry_msgs__rosidl_typesupport_introspection_cpp.so /opt/ros/humble/lib/libstd_msgs__rosidl_typesupport_introspection_cpp.so /opt/ros/humble/lib/libbuiltin_interfaces__rosidl_typesupport_introspection_cpp.so /opt/ros/humble/lib/librosidl_typesupport_introspection_cpp.so /opt/ros/humble/lib/librosidl_typesupport_introspection_c.so /opt/ros/humble/lib/librosidl_runtime_c.so /opt/ros/humble/lib/librcutils.so -ldl 
/usr/bin/g++-11 -fPIC -shared -Wl,-soname,libuc1_robot_perception__rosidl_typesupport_cpp.so -o libuc1_robot_perception__rosidl_typesupport_cpp.so CMakeFiles/uc1_robot_perception__rosidl_typesupport_cpp.dir/rosidl_typesupport_cpp/uc1_robot_perception/msg/proximity_task__type_support.cpp.o CMakeFiles/uc1_robot_perception__rosidl_typesupport_cpp.dir/rosidl_typesupport_cpp/uc1_robot_perception/msg/proximity_task_array__type_support.cpp.o CMakeFiles/uc1_robot_perception__rosidl_typesupport_cpp.dir/rosidl_typesupport_cpp/uc1_robot_perception/msg/contact__type_support.cpp.o CMakeFiles/uc1_robot_perception__rosidl_typesupport_cpp.dir/rosidl_typesupport_cpp/uc1_robot_perception/msg/contact_array__type_support.cpp.o  -Wl,-rpath,/opt/ros/humble/lib: /opt/ros/humble/lib/libgeometry_msgs__rosidl_typesupport_cpp.so /opt/ros/humble/lib/libstd_msgs__rosidl_typesupport_cpp.so /opt/ros/humble/lib/libbuiltin_interfaces__rosidl_typesupport_cpp.so /opt/ros/humble/lib/librosidl_typesupport_cpp.so /opt/ros/humble/lib/librosidl_typesupport_c.so /opt/ros/humble/lib/librosidl_runtime_c.so /opt/ros/humble/lib/librcutils.so -ldl -Wl,-rpath-link,/opt/ros/humble/lib 
gmake[2]: Leaving directory '/home/maclab/Documents/ROS_WORKSPACES/WS_Master_Thesis/build/uc1_robot_perception'
[ 16%] Built target uc1_robot_perception__rosidl_generator_c
/usr/bin/gmake  -f CMakeFiles/uc1_robot_perception__rosidl_typesupport_fastrtps_c.dir/build.make CMakeFiles/uc1_robot_perception__rosidl_typesupport_fastrtps_c.dir/depend
/usr/bin/gmake  -f CMakeFiles/uc1_robot_perception__rosidl_typesupport_introspection_c.dir/build.make CMakeFiles/uc1_robot_perception__rosidl_typesupport_introspection_c.dir/depend
/usr/bin/gmake  -f CMakeFiles/uc1_robot_perception__rosidl_typesupport_c.dir/build.make CMakeFiles/uc1_robot_perception__rosidl_typesupport_c.dir/depend
gmake[2]: Entering directory '/home/maclab/Documents/ROS_WORKSPACES/WS_Master_Thesis/build/uc1_robot_perception'
cd /home/maclab/Documents/ROS_WORKSPACES/WS_Master_Thesis/build/uc1_robot_perception && /usr/bin/cmake -E cmake_depends "Unix Makefiles" /home/maclab/Documents/ROS_WORKSPACES/WS_Master_Thesis/src/uc1_robot_perception /home/maclab/Documents/ROS_WORKSPACES/WS_Master_Thesis/src/uc1_robot_perception /home/maclab/Documents/ROS_WORKSPACES/WS_Master_Thesis/build/uc1_robot_perception /home/maclab/Documents/ROS_WORKSPACES/WS_Master_Thesis/build/uc1_robot_perception /home/maclab/Documents/ROS_WORKSPACES/WS_Master_Thesis/build/uc1_robot_perception/CMakeFiles/uc1_robot_perception__rosidl_typesupport_fastrtps_c.dir/DependInfo.cmake --color=
gmake[2]: Entering directory '/home/maclab/Documents/ROS_WORKSPACES/WS_Master_Thesis/build/uc1_robot_perception'
cd /home/maclab/Documents/ROS_WORKSPACES/WS_Master_Thesis/build/uc1_robot_perception && /usr/bin/cmake -E cmake_depends "Unix Makefiles" /home/maclab/Documents/ROS_WORKSPACES/WS_Master_Thesis/src/uc1_robot_perception /home/maclab/Documents/ROS_WORKSPACES/WS_Master_Thesis/src/uc1_robot_perception /home/maclab/Documents/ROS_WORKSPACES/WS_Master_Thesis/build/uc1_robot_perception /home/maclab/Documents/ROS_WORKSPACES/WS_Master_Thesis/build/uc1_robot_perception /home/maclab/Documents/ROS_WORKSPACES/WS_Master_Thesis/build/uc1_robot_perception/CMakeFiles/uc1_robot_perception__rosidl_typesupport_c.dir/DependInfo.cmake --color=
gmake[2]: Entering directory '/home/maclab/Documents/ROS_WORKSPACES/WS_Master_Thesis/build/uc1_robot_perception'
cd /home/maclab/Documents/ROS_WORKSPACES/WS_Master_Thesis/build/uc1_robot_perception && /usr/bin/cmake -E cmake_depends "Unix Makefiles" /home/maclab/Documents/ROS_WORKSPACES/WS_Master_Thesis/src/uc1_robot_perception /home/maclab/Documents/ROS_WORKSPACES/WS_Master_Thesis/src/uc1_robot_perception /home/maclab/Documents/ROS_WORKSPACES/WS_Master_Thesis/build/uc1_robot_perception /home/maclab/Documents/ROS_WORKSPACES/WS_Master_Thesis/build/uc1_robot_perception /home/maclab/Documents/ROS_WORKSPACES/WS_Master_Thesis/build/uc1_robot_perception/CMakeFiles/uc1_robot_perception__rosidl_typesupport_introspection_c.dir/DependInfo.cmake --color=
Dependencies file "CMakeFiles/uc1_robot_perception__rosidl_typesupport_c.dir/rosidl_typesupport_c/uc1_robot_perception/msg/contact__type_support.cpp.o.d" is newer than depends file "/home/maclab/Documents/ROS_WORKSPACES/WS_Master_Thesis/build/uc1_robot_perception/CMakeFiles/uc1_robot_perception__rosidl_typesupport_c.dir/compiler_depend.internal".
Dependencies file "CMakeFiles/uc1_robot_perception__rosidl_typesupport_c.dir/rosidl_typesupport_c/uc1_robot_perception/msg/contact_array__type_support.cpp.o.d" is newer than depends file "/home/maclab/Documents/ROS_WORKSPACES/WS_Master_Thesis/build/uc1_robot_perception/CMakeFiles/uc1_robot_perception__rosidl_typesupport_c.dir/compiler_depend.internal".
Dependencies file "CMakeFiles/uc1_robot_perception__rosidl_typesupport_fastrtps_c.dir/rosidl_typesupport_fastrtps_c/uc1_robot_perception/msg/detail/contact__type_support_c.cpp.o.d" is newer than depends file "/home/maclab/Documents/ROS_WORKSPACES/WS_Master_Thesis/build/uc1_robot_perception/CMakeFiles/uc1_robot_perception__rosidl_typesupport_fastrtps_c.dir/compiler_depend.internal".
Dependencies file "CMakeFiles/uc1_robot_perception__rosidl_typesupport_introspection_c.dir/rosidl_typesupport_introspection_c/uc1_robot_perception/msg/detail/contact__type_support.c.o.d" is newer than depends file "/home/maclab/Documents/ROS_WORKSPACES/WS_Master_Thesis/build/uc1_robot_perception/CMakeFiles/uc1_robot_perception__rosidl_typesupport_introspection_c.dir/compiler_depend.internal".
Dependencies file "CMakeFiles/uc1_robot_perception__rosidl_typesupport_c.dir/rosidl_typesupport_c/uc1_robot_perception/msg/proximity_task__type_support.cpp.o.d" is newer than depends file "/home/maclab/Documents/ROS_WORKSPACES/WS_Master_Thesis/build/uc1_robot_perception/CMakeFiles/uc1_robot_perception__rosidl_typesupport_c.dir/compiler_depend.internal".
Dependencies file "CMakeFiles/uc1_robot_perception__rosidl_typesupport_introspection_c.dir/rosidl_typesupport_introspection_c/uc1_robot_perception/msg/detail/contact_array__type_support.c.o.d" is newer than depends file "/home/maclab/Documents/ROS_WORKSPACES/WS_Master_Thesis/build/uc1_robot_perception/CMakeFiles/uc1_robot_perception__rosidl_typesupport_introspection_c.dir/compiler_depend.internal".
Dependencies file "CMakeFiles/uc1_robot_perception__rosidl_typesupport_fastrtps_c.dir/rosidl_typesupport_fastrtps_c/uc1_robot_perception/msg/detail/contact_array__type_support_c.cpp.o.d" is newer than depends file "/home/maclab/Documents/ROS_WORKSPACES/WS_Master_Thesis/build/uc1_robot_perception/CMakeFiles/uc1_robot_perception__rosidl_typesupport_fastrtps_c.dir/compiler_depend.internal".
Dependencies file "CMakeFiles/uc1_robot_perception__rosidl_typesupport_c.dir/rosidl_typesupport_c/uc1_robot_perception/msg/proximity_task_array__type_support.cpp.o.d" is newer than depends file "/home/maclab/Documents/ROS_WORKSPACES/WS_Master_Thesis/build/uc1_robot_perception/CMakeFiles/uc1_robot_perception__rosidl_typesupport_c.dir/compiler_depend.internal".
Dependencies file "CMakeFiles/uc1_robot_perception__rosidl_typesupport_introspection_c.dir/rosidl_typesupport_introspection_c/uc1_robot_perception/msg/detail/proximity_task__type_support.c.o.d" is newer than depends file "/home/maclab/Documents/ROS_WORKSPACES/WS_Master_Thesis/build/uc1_robot_perception/CMakeFiles/uc1_robot_perception__rosidl_typesupport_introspection_c.dir/compiler_depend.internal".
[35m[1mConsolidate compiler generated dependencies of target uc1_robot_perception__rosidl_typesupport_c[0m
Dependencies file "CMakeFiles/uc1_robot_perception__rosidl_typesupport_introspection_c.dir/rosidl_typesupport_introspection_c/uc1_robot_perception/msg/detail/proximity_task_array__type_support.c.o.d" is newer than depends file "/home/maclab/Documents/ROS_WORKSPACES/WS_Master_Thesis/build/uc1_robot_perception/CMakeFiles/uc1_robot_perception__rosidl_typesupport_introspection_c.dir/compiler_depend.internal".
Dependencies file "CMakeFiles/uc1_robot_perception__rosidl_typesupport_fastrtps_c.dir/rosidl_typesupport_fastrtps_c/uc1_robot_perception/msg/detail/proximity_task__type_support_c.cpp.o.d" is newer than depends file "/home/maclab/Documents/ROS_WORKSPACES/WS_Master_Thesis/build/uc1_robot_perception/CMakeFiles/uc1_robot_perception__rosidl_typesupport_fastrtps_c.dir/compiler_depend.internal".
[35m[1mConsolidate compiler generated dependencies of target uc1_robot_perception__rosidl_typesupport_introspection_c[0m
Dependencies file "CMakeFiles/uc1_robot_perception__rosidl_typesupport_fastrtps_c.dir/rosidl_typesupport_fastrtps_c/uc1_robot_perception/msg/detail/proximity_task_array__type_support_c.cpp.o.d" is newer than depends file "/home/maclab/Documents/ROS_WORKSPACES/WS_Master_Thesis/build/uc1_robot_perception/CMakeFiles/uc1_robot_perception__rosidl_typesupport_fastrtps_c.dir/compiler_depend.internal".
[35m[1mConsolidate compiler generated dependencies of target uc1_robot_perception__rosidl_typesupport_fastrtps_c[0m
gmake[2]: Leaving directory '/home/maclab/Documents/ROS_WORKSPACES/WS_Master_Thesis/build/uc1_robot_perception'
gmake[2]: Leaving directory '/home/maclab/Documents/ROS_WORKSPACES/WS_Master_Thesis/build/uc1_robot_perception'
/usr/bin/gmake  -f CMakeFiles/uc1_robot_perception__rosidl_typesupport_introspection_c.dir/build.make CMakeFiles/uc1_robot_perception__rosidl_typesupport_introspection_c.dir/build
/usr/bin/gmake  -f CMakeFiles/uc1_robot_perception__rosidl_typesupport_c.dir/build.make CMakeFiles/uc1_robot_perception__rosidl_typesupport_c.dir/build
gmake[2]: Leaving directory '/home/maclab/Documents/ROS_WORKSPACES/WS_Master_Thesis/build/uc1_robot_perception'
/usr/bin/gmake  -f CMakeFiles/uc1_robot_perception__rosidl_typesupport_fastrtps_c.dir/build.make CMakeFiles/uc1_robot_perception__rosidl_typesupport_fastrtps_c.dir/build
gmake[2]: Entering directory '/home/maclab/Documents/ROS_WORKSPACES/WS_Master_Thesis/build/uc1_robot_perception'
gmake[2]: Entering directory '/home/maclab/Documents/ROS_WORKSPACES/WS_Master_Thesis/build/uc1_robot_perception'
gmake[2]: Entering directory '/home/maclab/Documents/ROS_WORKSPACES/WS_Master_Thesis/build/uc1_robot_perception'
gmake[2]: Leaving directory '/home/maclab/Documents/ROS_WORKSPACES/WS_Master_Thesis/build/uc1_robot_perception'
[ 19%] [32m[1mLinking C shared library libuc1_robot_perception__rosidl_typesupport_introspection_c.so[0m
[ 19%] [32m[1mLinking CXX shared library libuc1_robot_perception__rosidl_typesupport_c.so[0m
[ 20%] [32m[1mLinking CXX shared library libuc1_robot_perception__rosidl_typesupport_fastrtps_c.so[0m
/usr/bin/cmake -E cmake_link_script CMakeFiles/uc1_robot_perception__rosidl_typesupport_introspection_c.dir/link.txt --verbose=1
/usr/bin/cmake -E cmake_link_script CMakeFiles/uc1_robot_perception__rosidl_typesupport_c.dir/link.txt --verbose=1
/usr/bin/cmake -E cmake_link_script CMakeFiles/uc1_robot_perception__rosidl_typesupport_fastrtps_c.dir/link.txt --verbose=1
[ 29%] Built target uc1_robot_perception__rosidl_typesupport_cpp
/usr/bin/g++-11 -fPIC -shared -Wl,-soname,libuc1_robot_perception__rosidl_typesupport_c.so -o libuc1_robot_perception__rosidl_typesupport_c.so CMakeFiles/uc1_robot_perception__rosidl_typesupport_c.dir/rosidl_typesupport_c/uc1_robot_perception/msg/proximity_task__type_support.cpp.o CMakeFiles/uc1_robot_perception__rosidl_typesupport_c.dir/rosidl_typesupport_c/uc1_robot_perception/msg/proximity_task_array__type_support.cpp.o CMakeFiles/uc1_robot_perception__rosidl_typesupport_c.dir/rosidl_typesupport_c/uc1_robot_perception/msg/contact__type_support.cpp.o CMakeFiles/uc1_robot_perception__rosidl_typesupport_c.dir/rosidl_typesupport_c/uc1_robot_perception/msg/contact_array__type_support.cpp.o  -Wl,-rpath,/home/maclab/Documents/ROS_WORKSPACES/WS_Master_Thesis/build/uc1_robot_perception:/opt/ros/humble/lib: libuc1_robot_perception__rosidl_generator_c.so /opt/ros/humble/lib/libgeometry_msgs__rosidl_typesupport_c.so /opt/ros/humble/lib/libstd_msgs__rosidl_typesupport_c.so /opt/ros/humble/lib/libbuiltin_interfaces__rosidl_typesupport_c.so /opt/ros/humble/lib/librosidl_typesupport_c.so /opt/ros/humble/lib/libgeometry_msgs__rosidl_generator_c.so /opt/ros/humble/lib/libstd_msgs__rosidl_generator_c.so /opt/ros/humble/lib/libbuiltin_interfaces__rosidl_generator_c.so /opt/ros/humble/lib/librosidl_runtime_c.so /opt/ros/humble/lib/librcutils.so -ldl -Wl,-rpath-link,/opt/ros/humble/lib 
/usr/bin/cc -fPIC -shared -Wl,-soname,libuc1_robot_perception__rosidl_typesupport_introspection_c.so -o libuc1_robot_perception__rosidl_typesupport_introspection_c.so CMakeFiles/uc1_robot_perception__rosidl_typesupport_introspection_c.dir/rosidl_typesupport_introspection_c/uc1_robot_perception/msg/detail/proximity_task__type_support.c.o CMakeFiles/uc1_robot_perception__rosidl_typesupport_introspection_c.dir/rosidl_typesupport_introspection_c/uc1_robot_perception/msg/detail/proximity_task_array__type_support.c.o CMakeFiles/uc1_robot_perception__rosidl_typesupport_introspection_c.dir/rosidl_typesupport_introspection_c/uc1_robot_perception/msg/detail/contact__type_support.c.o CMakeFiles/uc1_robot_perception__rosidl_typesupport_introspection_c.dir/rosidl_typesupport_introspection_c/uc1_robot_perception/msg/detail/contact_array__type_support.c.o  -Wl,-rpath,/home/maclab/Documents/ROS_WORKSPACES/WS_Master_Thesis/build/uc1_robot_perception:/opt/ros/humble/lib: libuc1_robot_perception__rosidl_generator_c.so /opt/ros//usr/bin/g++-11 -fPIC -shared -Wl,-soname,libuc1_robot_perception__rosidl_typesupport_fastrtps_c.so -o libuc1_robot_perception__rosidl_typesupport_fastrtps_c.so CMakeFiles/uc1_robot_perception__rosidl_typesupport_fastrtps_c.dir/rosidl_typesupport_fastrtps_c/uc1_robot_perception/msg/detail/proximity_task__type_support_c.cpp.o CMakeFiles/uc1_robot_perception__rosidl_typesupport_fastrtps_c.dir/rosidl_typesupport_fastrtps_c/uc1_robot_perception/msg/detail/proximity_task_array__type_support_c.cpp.o CMakeFiles/uc1_robot_perception__rosidl_typesupport_fastrtps_c.dir/rosidl_typesupport_fastrtps_c/uc1_robot_perception/msg/detail/contact__type_support_c.cpp.o CMakeFiles/uc1_robot_perception__rosidl_typesupport_fastrtps_c.dir/rosidl_typesupport_fastrtps_c/uc1_robot_perception/msg/detail/contact_array__type_support_c.cpp.o  -Wl,-rpath,/home/maclab/Documents/ROS_WORKSPACES/WS_Master_Thesis/build/uc1_robot_perception:/opt/ros/humble/lib: libuc1_robot_perception__rosidl_generator_c.so /opt/ros/humble/lib/libgeometry_msgs__rhumble/lib/libgeometry_msgs__rosidl_typesupport_introspection_c.so /opt/ros/humble/lib/libstd_msgs__rosidl_typesupport_introspection_c.so /opt/ros/humble/lib/libbuiltin_interfaces__rosidl_typesupport_introspection_c.so /opt/ros/humble/lib/librosidl_typesupport_introspection_c.so /opt/ros/humble/lib/libgeometry_msgs__rosidl_generator_c.so /opt/ros/humble/lib/libstd_msgs__rosidl_generator_c.so /opt/ros/humble/lib/libbuiltin_interfaces__rosidl_generator_c.so /opt/ros/humble/lib/librosidl_runtime_c.so /opt/ros/humble/lib/librcutils.so -ldl 
osidl_typesupport_fastrtps_c.so /opt/ros/humble/lib/libstd_msgs__rosidl_typesupport_fastrtps_c.so /opt/ros/humble/lib/libbuiltin_interfaces__rosidl_typesupport_fastrtps_c.so /opt/ros/humble/lib/librosidl_typesupport_fastrtps_cpp.so /opt/ros/humble/lib/libfastcdr.so.1.0.24 /opt/ros/humble/lib/librmw.so /opt/ros/humble/lib/librosidl_typesupport_fastrtps_c.so /opt/ros/humble/lib/libgeometry_msgs__rosidl_generator_c.so /opt/ros/humble/lib/libstd_msgs__rosidl_generator_c.so /opt/ros/humble/lib/libbuiltin_interfaces__rosidl_generator_c.so /opt/ros/humble/lib/librosidl_runtime_c.so /opt/ros/humble/lib/librcutils.so -ldl 
gmake[2]: Leaving directory '/home/maclab/Documents/ROS_WORKSPACES/WS_Master_Thesis/build/uc1_robot_perception'
gmake[2]: Leaving directory '/home/maclab/Documents/ROS_WORKSPACES/WS_Master_Thesis/build/uc1_robot_perception'
[ 37%] Built target uc1_robot_perception__rosidl_typesupport_fastrtps_cpp
gmake[2]: Leaving directory '/home/maclab/Documents/ROS_WORKSPACES/WS_Master_Thesis/build/uc1_robot_perception'
gmake[2]: Leaving directory '/home/maclab/Documents/ROS_WORKSPACES/WS_Master_Thesis/build/uc1_robot_perception'
[ 45%] Built target uc1_robot_perception__rosidl_typesupport_introspection_cpp
[ 53%] Built target uc1_robot_perception__rosidl_typesupport_introspection_c
[ 61%] Built target uc1_robot_perception__rosidl_typesupport_c
gmake[2]: Leaving directory '/home/maclab/Documents/ROS_WORKSPACES/WS_Master_Thesis/build/uc1_robot_perception'
[ 69%] Built target uc1_robot_perception__rosidl_typesupport_fastrtps_c
/usr/bin/gmake  -f CMakeFiles/uc1_robot_perception.dir/build.make CMakeFiles/uc1_robot_perception.dir/depend
gmake[2]: Entering directory '/home/maclab/Documents/ROS_WORKSPACES/WS_Master_Thesis/build/uc1_robot_perception'
cd /home/maclab/Documents/ROS_WORKSPACES/WS_Master_Thesis/build/uc1_robot_perception && /usr/bin/cmake -E cmake_depends "Unix Makefiles" /home/maclab/Documents/ROS_WORKSPACES/WS_Master_Thesis/src/uc1_robot_perception /home/maclab/Documents/ROS_WORKSPACES/WS_Master_Thesis/src/uc1_robot_perception /home/maclab/Documents/ROS_WORKSPACES/WS_Master_Thesis/build/uc1_robot_perception /home/maclab/Documents/ROS_WORKSPACES/WS_Master_Thesis/build/uc1_robot_perception /home/maclab/Documents/ROS_WORKSPACES/WS_Master_Thesis/build/uc1_robot_perception/CMakeFiles/uc1_robot_perception.dir/DependInfo.cmake --color=
gmake[2]: Leaving directory '/home/maclab/Documents/ROS_WORKSPACES/WS_Master_Thesis/build/uc1_robot_perception'
/usr/bin/gmake  -f CMakeFiles/uc1_robot_perception.dir/build.make CMakeFiles/uc1_robot_perception.dir/build
gmake[2]: Entering directory '/home/maclab/Documents/ROS_WORKSPACES/WS_Master_Thesis/build/uc1_robot_perception'
gmake[2]: Nothing to be done for 'CMakeFiles/uc1_robot_perception.dir/build'.
gmake[2]: Leaving directory '/home/maclab/Documents/ROS_WORKSPACES/WS_Master_Thesis/build/uc1_robot_perception'
[ 69%] Built target uc1_robot_perception
/usr/bin/gmake  -f uc1_robot_perception__py/CMakeFiles/uc1_robot_perception__py.dir/build.make uc1_robot_perception__py/CMakeFiles/uc1_robot_perception__py.dir/depend
/usr/bin/gmake  -f CMakeFiles/simulated_contact_publisher.dir/build.make CMakeFiles/simulated_contact_publisher.dir/depend
/usr/bin/gmake  -f CMakeFiles/interactive_contact_publisher.dir/build.make CMakeFiles/interactive_contact_publisher.dir/depend
/usr/bin/gmake  -f CMakeFiles/proximity_task_generator.dir/build.make CMakeFiles/proximity_task_generator.dir/depend
gmake[2]: Entering directory '/home/maclab/Documents/ROS_WORKSPACES/WS_Master_Thesis/build/uc1_robot_perception'
cd /home/maclab/Documents/ROS_WORKSPACES/WS_Master_Thesis/build/uc1_robot_perception && /usr/bin/cmake -E cmake_depends "Unix Makefiles" /home/maclab/Documents/ROS_WORKSPACES/WS_Master_Thesis/src/uc1_robot_perception /home/maclab/Documents/ROS_WORKSPACES/WS_Master_Thesis/src/uc1_robot_perception /home/maclab/Documents/ROS_WORKSPACES/WS_Master_Thesis/build/uc1_robot_perception /home/maclab/Documents/ROS_WORKSPACES/WS_Master_Thesis/build/uc1_robot_perception /home/maclab/Documents/ROS_WORKSPACES/WS_Master_Thesis/build/uc1_robot_perception/CMakeFiles/simulated_contact_publisher.dir/DependInfo.cmake --color=
gmake[2]: Entering directory '/home/maclab/Documents/ROS_WORKSPACES/WS_Master_Thesis/build/uc1_robot_perception'
cd /home/maclab/Documents/ROS_WORKSPACES/WS_Master_Thesis/build/uc1_robot_perception && /usr/bin/cmake -E cmake_depends "Unix Makefiles" /home/maclab/Documents/ROS_WORKSPACES/WS_Master_Thesis/src/uc1_robot_perception /home/maclab/Documents/ROS_WORKSPACES/WS_Master_Thesis/build/uc1_robot_perception/uc1_robot_perception__py /home/maclab/Documents/ROS_WORKSPACES/WS_Master_Thesis/build/uc1_robot_perception /home/maclab/Documents/ROS_WORKSPACES/WS_Master_Thesis/build/uc1_robot_perception/uc1_robot_perception__py /home/maclab/Documents/ROS_WORKSPACES/WS_Master_Thesis/build/uc1_robot_perception/uc1_robot_perception__py/CMakeFiles/uc1_robot_perception__py.dir/DependInfo.cmake --color=
gmake[2]: Entering directory '/home/maclab/Documents/ROS_WORKSPACES/WS_Master_Thesis/build/uc1_robot_perception'
cd /home/maclab/Documents/ROS_WORKSPACES/WS_Master_Thesis/build/uc1_robot_perception && /usr/bin/cmake -E cmake_depends "Unix Makefiles" /home/maclab/Documents/ROS_WORKSPACES/WS_Master_Thesis/src/uc1_robot_perception /home/maclab/Documents/ROS_WORKSPACES/WS_Master_Thesis/src/uc1_robot_perception /home/maclab/Documents/ROS_WORKSPACES/WS_Master_Thesis/build/uc1_robot_perception /home/maclab/Documents/ROS_WORKSPACES/WS_Master_Thesis/build/uc1_robot_perception /home/maclab/Documents/ROS_WORKSPACES/WS_Master_Thesis/build/uc1_robot_perception/CMakeFiles/interactive_contact_publisher.dir/DependInfo.cmake --color=
gmake[2]: Entering directory '/home/maclab/Documents/ROS_WORKSPACES/WS_Master_Thesis/build/uc1_robot_perception'
cd /home/maclab/Documents/ROS_WORKSPACES/WS_Master_Thesis/build/uc1_robot_perception && /usr/bin/cmake -E cmake_depends "Unix Makefiles" /home/maclab/Documents/ROS_WORKSPACES/WS_Master_Thesis/src/uc1_robot_perception /home/maclab/Documents/ROS_WORKSPACES/WS_Master_Thesis/src/uc1_robot_perception /home/maclab/Documents/ROS_WORKSPACES/WS_Master_Thesis/build/uc1_robot_perception /home/maclab/Documents/ROS_WORKSPACES/WS_Master_Thesis/build/uc1_robot_perception /home/maclab/Documents/ROS_WORKSPACES/WS_Master_Thesis/build/uc1_robot_perception/CMakeFiles/proximity_task_generator.dir/DependInfo.cmake --color=
Dependencies file "CMakeFiles/simulated_contact_publisher.dir/src/SimulatedContactPublisher.cpp.o.d" is newer than depends file "/home/maclab/Documents/ROS_WORKSPACES/WS_Master_Thesis/build/uc1_robot_perception/CMakeFiles/simulated_contact_publisher.dir/compiler_depend.internal".
Dependencies file "CMakeFiles/interactive_contact_publisher.dir/src/InteractiveContactPublisher.cpp.o.d" is newer than depends file "/home/maclab/Documents/ROS_WORKSPACES/WS_Master_Thesis/build/uc1_robot_perception/CMakeFiles/interactive_contact_publisher.dir/compiler_depend.internal".
[35m[1mConsolidate compiler generated dependencies of target simulated_contact_publisher[0m
[35m[1mConsolidate compiler generated dependencies of target interactive_contact_publisher[0m
gmake[2]: Leaving directory '/home/maclab/Documents/ROS_WORKSPACES/WS_Master_Thesis/build/uc1_robot_perception'
/usr/bin/gmake  -f uc1_robot_perception__py/CMakeFiles/uc1_robot_perception__py.dir/build.make uc1_robot_perception__py/CMakeFiles/uc1_robot_perception__py.dir/build
Dependencies file "CMakeFiles/proximity_task_generator.dir/src/ProximityTaskGenerator.cpp.o.d" is newer than depends file "/home/maclab/Documents/ROS_WORKSPACES/WS_Master_Thesis/build/uc1_robot_perception/CMakeFiles/proximity_task_generator.dir/compiler_depend.internal".
gmake[2]: Leaving directory '/home/maclab/Documents/ROS_WORKSPACES/WS_Master_Thesis/build/uc1_robot_perception'
gmake[2]: Entering directory '/home/maclab/Documents/ROS_WORKSPACES/WS_Master_Thesis/build/uc1_robot_perception'
gmake[2]: Nothing to be done for 'uc1_robot_perception__py/CMakeFiles/uc1_robot_perception__py.dir/build'.
gmake[2]: Leaving directory '/home/maclab/Documents/ROS_WORKSPACES/WS_Master_Thesis/build/uc1_robot_perception'
/usr/bin/gmake  -f CMakeFiles/simulated_contact_publisher.dir/build.make CMakeFiles/simulated_contact_publisher.dir/build
gmake[2]: Leaving directory '/home/maclab/Documents/ROS_WORKSPACES/WS_Master_Thesis/build/uc1_robot_perception'
/usr/bin/gmake  -f CMakeFiles/interactive_contact_publisher.dir/build.make CMakeFiles/interactive_contact_publisher.dir/build
Dependencies file "CMakeFiles/proximity_task_generator.dir/src/ProximityTest.cpp.o.d" is newer than depends file "/home/maclab/Documents/ROS_WORKSPACES/WS_Master_Thesis/build/uc1_robot_perception/CMakeFiles/proximity_task_generator.dir/compiler_depend.internal".
[35m[1mConsolidate compiler generated dependencies of target proximity_task_generator[0m
gmake[2]: Entering directory '/home/maclab/Documents/ROS_WORKSPACES/WS_Master_Thesis/build/uc1_robot_perception'
gmake[2]: Entering directory '/home/maclab/Documents/ROS_WORKSPACES/WS_Master_Thesis/build/uc1_robot_perception'
[ 70%] Built target uc1_robot_perception__py
/usr/bin/gmake  -f CMakeFiles/uc1_robot_perception__rosidl_generator_py.dir/build.make CMakeFiles/uc1_robot_perception__rosidl_generator_py.dir/depend
gmake[2]: Entering directory '/home/maclab/Documents/ROS_WORKSPACES/WS_Master_Thesis/build/uc1_robot_perception'
cd /home/maclab/Documents/ROS_WORKSPACES/WS_Master_Thesis/build/uc1_robot_perception && /usr/bin/cmake -E cmake_depends "Unix Makefiles" /home/maclab/Documents/ROS_WORKSPACES/WS_Master_Thesis/src/uc1_robot_perception /home/maclab/Documents/ROS_WORKSPACES/WS_Master_Thesis/src/uc1_robot_perception /home/maclab/Documents/ROS_WORKSPACES/WS_Master_Thesis/build/uc1_robot_perception /home/maclab/Documents/ROS_WORKSPACES/WS_Master_Thesis/build/uc1_robot_perception /home/maclab/Documents/ROS_WORKSPACES/WS_Master_Thesis/build/uc1_robot_perception/CMakeFiles/uc1_robot_perception__rosidl_generator_py.dir/DependInfo.cmake --color=
[ 72%] [32m[1mLinking CXX executable simulated_contact_publisher[0m
/usr/bin/cmake -E cmake_link_script CMakeFiles/simulated_contact_publisher.dir/link.txt --verbose=1
[ 74%] [32m[1mLinking CXX executable interactive_contact_publisher[0m
/usr/bin/cmake -E cmake_link_script CMakeFiles/interactive_contact_publisher.dir/link.txt --verbose=1
gmake[2]: Leaving directory '/home/maclab/Documents/ROS_WORKSPACES/WS_Master_Thesis/build/uc1_robot_perception'
/usr/bin/gmake  -f CMakeFiles/proximity_task_generator.dir/build.make CMakeFiles/proximity_task_generator.dir/build
running egg_info
Dependencies file "CMakeFiles/uc1_robot_perception__rosidl_generator_py.dir/rosidl_generator_py/uc1_robot_perception/msg/_contact_array_s.c.o.d" is newer than depends file "/home/maclab/Documents/ROS_WORKSPACES/WS_Master_Thesis/build/uc1_robot_perception/CMakeFiles/uc1_robot_perception__rosidl_generator_py.dir/compiler_depend.internal".
Dependencies file "CMakeFiles/uc1_robot_perception__rosidl_generator_py.dir/rosidl_generator_py/uc1_robot_perception/msg/_contact_s.c.o.d" is newer than depends file "/home/maclab/Documents/ROS_WORKSPACES/WS_Master_Thesis/build/uc1_robot_perception/CMakeFiles/uc1_robot_perception__rosidl_generator_py.dir/compiler_depend.internal".
writing uc1_robot_perception.egg-info/PKG-INFO
writing dependency_links to uc1_robot_perception.egg-info/dependency_links.txt
writing top-level names to uc1_robot_perception.egg-info/top_level.txt
Dependencies file "CMakeFiles/uc1_robot_perception__rosidl_generator_py.dir/rosidl_generator_py/uc1_robot_perception/msg/_proximity_task_array_s.c.o.d" is newer than depends file "/home/maclab/Documents/ROS_WORKSPACES/WS_Master_Thesis/build/uc1_robot_perception/CMakeFiles/uc1_robot_perception__rosidl_generator_py.dir/compiler_depend.internal".
Dependencies file "CMakeFiles/uc1_robot_perception__rosidl_generator_py.dir/rosidl_generator_py/uc1_robot_perception/msg/_proximity_task_s.c.o.d" is newer than depends file "/home/maclab/Documents/ROS_WORKSPACES/WS_Master_Thesis/build/uc1_robot_perception/CMakeFiles/uc1_robot_perception__rosidl_generator_py.dir/compiler_depend.internal".
[35m[1mConsolidate compiler generated dependencies of target uc1_robot_perception__rosidl_generator_py[0m
/usr/bin/g++-11 CMakeFiles/simulated_contact_publisher.dir/src/SimulatedContactPublisher.cpp.o -o simulated_contact_publisher  -Wl,-rpath,/opt/ros/humble/lib:/home/maclab/Documents/ROS_WORKSPACES/WS_Master_Thesis/build/uc1_robot_perception: /opt/ros/humble/lib/librclcpp.so /opt/ros/humble/lib/libgeometry_msgs__rosidl_typesupport_fastrtps_c.so /opt/ros/humble/lib/libgeometry_msgs__rosidl_typesupport_introspection_c.so /opt/ros/humble/lib/libgeometry_msgs__rosidl_typesupport_fastrtps_cpp.so /opt/ros/humble/lib/libgeometry_msgs__rosidl_typesupport_introspection_cpp.so /opt/ros/humble/lib/libgeometry_msgs__rosidl_generator_py.so libuc1_robot_perception__rosidl_typesupport_cpp.so /opt/ros/humble/lib/liblibstatistics_collector.so /opt/ros/humble/lib/librcl.so /opt/ros/humble/lib/librmw_implementation.so /opt/ros/humble/lib/libament_index_cpp.so /opt/ros/humble/lib/librcl_logging_spdlog.so /opt/ros/humble/lib/librcl_logging_interface.so /opt/ros/humble/lib/librcl_interfaces__rosidl_typesupport_fastrtps_c.so /opt/ros/humble/lib/librcl_interfaces__rosidl_typesupport_introspection_c.so /opt/ros/humble/lib/librcl_interfaces__rosidl_typesupport_fastrtps_cpp.so /opt/ros/humble/lib/librcl_interfaces__rosidl_typesupport_introspection_cpp.so /opt/ros/humble/lib/librcl_interfaces__rosidl_typesupport_cpp.so /opt/ros/humble/lib/librcl_interfaces__rosidl_generator_py.so /opt/ros/humble/lib/librcl_interfaces__rosidl_typesupport_c.so /opt/ros/humble/lib/librcl_interfaces__rosidl_generator_c.so /opt/ros/humble/lib/librcl_yaml_param_parser.so /opt/ros/humble/lib/libyaml.so /opt/ros/humble/lib/librosgraph_msgs__rosidl_typesupport_fastrtps_c.so /opt/ros/humble/lib/librosgraph_msgs__rosidl_typesupport_fastrtps_cpp.so /opt/ros/humble/lib/librosgraph_msgs__rosidl_typesupport_introspection_c.so /opt/ros/humble/lib/librosgraph_msgs__rosidl_typesupport_introspection_cpp.so /opt/ros/humble/lib/librosgraph_msgs__rosidl_typesupport_cpp.so /opt/ros/humble/lib/librosgraph_msgs__rosidl_generator_py.so /opt/ros/humble/lib/librosgraph_msgs__rosidl_typesupport_c.so /opt/ros/humble/lib/librosgraph_msgs__rosidl_generator_c.so /opt/ros/humble/lib/libstatistics_msgs__rosidl_typesupport_fastrtps_c.so /opt/ros/humble/lib/libstatistics_msgs__rosidl_typesupport_fastrtps_cpp.so /opt/ros/humble/lib/libstatistics_msgs__rosidl_typesupport_introspection_c.so /opt/ros/humble/lib/libstatistics_msgs__rosidl_typesupport_introspection_cpp.so /opt/ros/humble/lib/libstatistics_msgs__rosidl_typesupport_cpp.so /opt/ros/humble/lib/libstatistics_msgs__rosidl_generator_py.so /opt/ros/humble/lib/libstatistics_msgs__rosidl_typesupport_c.so /opt/ros/humble/lib/libstatistics_msgs__rosidl_generator_c.so /opt/ros/humble/lib/libtracetools.so /opt/ros/humble/lib/libstd_msgs__rosidl_typesupport_fastrtps_c.so /opt/ros/humble/lib/libbuiltin_interfaces__rosidl_typesupport_fastrtps_c.so /opt/ros/humble/lib/librosidl_typesupport_fastrtps_c.so /opt/ros/humble/lib/libstd_msgs__rosidl_typesupport_introspection_c.so /opt/ros/humble/lib/libbuiltin_interfaces__rosidl_typesupport_introspection_c.so /opt/ros/humble/lib/libstd_msgs__rosidl_typesupport_fastrtps_cpp.so /opt/ros/humble/lib/libbuiltin_interfaces__rosidl_typesupport_fastrtps_cpp.so /opt/ros/humble/lib/librosidl_typesupport_fastrtps_cpp.so /opt/ros/humble/lib/libfastcdr.so.1.0.24 /opt/ros/humble/lib/librmw.so /opt/ros/humble/lib/libstd_msgs__rosidl_typesupport_introspection_cpp.so /opt/ros/humble/lib/libbuiltin_interfaces__rosidl_typesupport_introspection_cpp.so /opt/ros/humble/lib/librosidl_typesupport_introspection_cpp.so /opt/ros/humble/lib/librosidl_typesupport_introspection_c.so /opt/ros/humble/lib/libgeometry_msgs__rosidl_typesupport_c.so /opt/ros/humble/lib/libgeometry_msgs__rosidl_generator_c.so /opt/ros/humble/lib/libstd_msgs__rosidl_generator_py.so /opt/ros/humble/lib/libbuiltin_interfaces__rosidl_generator_py.so /opt/ros/humble/lib/libstd_msgs__rosidl_typesupport_c.so /opt/ros/humble/lib/libbuiltin_interfaces__rosidl_typesupport_c.so /opt/ros/humble/lib/libstd_msgs__rosidl_generator_c.so /opt/ros/humble/lib/libbuiltin_interfaces__rosidl_generator_c.so /usr/lib/x86_64-linux-gnu/libpython3.10.so /opt/ros/humble/lib/libgeometry_msgs__rosidl_typesupport_cpp.so /opt/ros/humble/lib/libstd_msgs__rosidl_typesupport_cpp.so /opt/ros/humble/lib/libbuiltin_interfaces__rosidl_typesupport_cpp.so /opt/ros/humble/lib/librosidl_typesupport_cpp.so /opt/ros/humble/lib/librosidl_typesupport_c.so /opt/ros/humble/lib/librcpputils.so /opt/ros/humble/lib/librosidl_runtime_c.so /opt/ros/humble/lib/librcutils.so -ldl 
reading manifest file 'uc1_robot_perception.egg-info/SOURCES.txt'
writing manifest file 'uc1_robot_perception.egg-info/SOURCES.txt'
gmake[2]: Leaving directory '/home/maclab/Documents/ROS_WORKSPACES/WS_Master_Thesis/build/uc1_robot_perception'
/usr/bin/g++-11 CMakeFiles/interactive_contact_publisher.dir/src/InteractiveContactPublisher.cpp.o -o interactive_contact_publisher  -Wl,-rpath,/opt/ros/humble/lib:/home/maclab/Documents/ROS_WORKSPACES/WS_Master_Thesis/build/uc1_robot_perception: /opt/ros/humble/lib/libstatic_transform_broadcaster_node.so /opt/ros/humble/lib/libvisualization_msgs__rosidl_typesupport_fastrtps_c.so /opt/ros/humble/lib/libvisualization_msgs__rosidl_typesupport_fastrtps_cpp.so /opt/ros/humble/lib/libvisualization_msgs__rosidl_typesupport_introspection_c.so /opt/ros/humble/lib/libvisualization_msgs__rosidl_typesupport_introspection_cpp.so /opt/ros/humble/lib/libvisualization_msgs__rosidl_typesupport_cpp.so /opt/ros/humble/lib/libvisualization_msgs__rosidl_generator_py.so /opt/ros/humble/lib/libmessage_filters.so /opt/ros/humble/lib/librosidl_typesupport_fastrtps_c.so /opt/ros/humble/lib/librmw.so /opt/ros/humble/lib/librosidl_typesupport_fastrtps_cpp.so /opt/ros/humble/lib/librcutils.so -ldl /opt/ros/humble/lib/librcpputils.so /opt/ros/humble/lib/librosidl_typesupport_c.so /opt/ros/humble/lib/librosidl_typesupport_cpp.so /opt/ros/humble/lib/librosidl_runtime_c.so /opt/ros/humble/lib/librosidl_typesupport_introspection_c.so /opt/ros/humble/lib/librosidl_typesupport_introspection_cpp.so /opt/ros/humble/lib/libpcl_msgs__rosidl_generator_c.so /opt/ros/humble/lib/libpcl_msgs__rosidl_typesupport_fastrtps_c.so /opt/ros/humble/lib/libsensor_msgs__rosidl_typesupport_fastrtps_c.so /opt/ros/humble/lib/libpcl_msgs__rosidl_typesupport_introspection_c.so /opt/ros/humble/lib/libsensor_msgs__rosidl_typesupport_introspection_c.so /opt/ros/humble/lib/libpcl_msgs__rosidl_typesupport_c.so /opt/ros/humble/lib/libpcl_msgs__rosidl_typesupport_fastrtps_cpp.so /opt/ros/humble/lib/libsensor_msgs__rosidl_typesupport_fastrtps_cpp.so /opt/ros/humble/lib/libpcl_msgs__rosidl_typesupport_introspection_cpp.so /opt/ros/humble/lib/libsensor_msgs__rosidl_typesupport_introspection_cpp.so /opt/ros/humble/lib/libpcl_msgs__rosidl_typesupport_cpp.so /opt/ros/humble/lib/libpcl_msgs__rosidl_generator_py.so /opt/ros/humble/lib/libpcl_msgs__rosidl_typesupport_c.so /opt/ros/humble/lib/libsensor_msgs__rosidl_generator_py.so /opt/ros/humble/lib/librclcpp.so /opt/ros/humble/lib/libsensor_msgs__rosidl_generator_c.so /opt/ros/humble/lib/libsensor_msgs__rosidl_typesupport_fastrtps_c.so /opt/ros/humble/lib/libsensor_msgs__rosidl_typesupport_fastrtps_cpp.so /opt/ros/humble/lib/libsensor_msgs__rosidl_typesupport_introspection_c.so /opt/ros/humble/lib/libsensor_msgs__rosidl_typesupport_c.so /opt/ros/humble/lib/libsensor_msgs__rosidl_typesupport_introspection_cpp.so /opt/ros/humble/lib/libsensor_msgs__rosidl_typesupport_cpp.so /opt/ros/humble/lib/libsensor_msgs__rosidl_generator_py.so /opt/ros/humble/lib/libsensor_msgs__rosidl_typesupport_cpp.so /opt/ros/humble/lib/libstd_msgs__rosidl_generator_c.so /opt/ros/humble/lib/libstd_msgs__rosidl_typesupport_fastrtps_c.so /opt/ros/humble/lib/libstd_msgs__rosidl_typesupport_fastrtps_cpp.so /opt/ros/humble/lib/libstd_msgs__rosidl_typesupport_introspection_c.so /opt/ros/humble/lib/libstd_msgs__rosidl_typesupport_c.so /opt/ros/humble/lib/libstd_msgs__rosidl_typesupport_introspection_cpp.so /opt/ros/humble/lib/libstd_msgs__rosidl_typesupport_cpp.so /opt/ros/humble/lib/libstd_msgs__rosidl_generator_py.so /usr/lib/x86_64-linux-gnu/libpython3.10.so /usr/lib/x86_64-linux-gnu/libpcl_apps.so /usr/lib/x86_64-linux-gnu/libpcl_outofcore.so /usr/lib/x86_64-linux-gnu/libpcl_people.so /usr/lib/libOpenNI.so /usr/lib/x86_64-linux-gnu/libOpenNI2.so /usr/lib/x86_64-linux-gnu/libusb-1.0.so /usr/lib/x86_64-linux-gnu/libflann_cpp.so libuc1_robot_perception__rosidl_typesupport_cpp.so /opt/ros/humble/lib/libtf2_ros.so /opt/ros/humble/lib/libtf2.so /opt/ros/humble/lib/libmessage_filters.so /opt/ros/humble/lib/librclcpp_action.so /opt/ros/humble/lib/librclcpp.so /opt/ros/humble/lib/liblibstatistics_collector.so /opt/ros/humble/lib/librosgraph_msgs__rosidl_typesupport_fastrtps_c.so /opt/ros/humble/lib/librosgraph_msgs__rosidl_typesupport_fastrtps_cpp.so /opt/ros/humble/lib/librosgraph_msgs__rosidl_typesupport_introspection_c.so /opt/ros/humble/lib/librosgraph_msgs__rosidl_typesupport_introspection_cpp.so /opt/ros/humble/lib/librosgraph_msgs__rosidl_typesupport_cpp.so /opt/ros/humble/lib/librosgraph_msgs__rosidl_generator_py.so /opt/ros/humble/lib/librosgraph_msgs__rosidl_typesupport_c.so /opt/ros/humble/lib/librosgraph_msgs__rosidl_generator_c.so /opt/ros/humble/lib/libstatistics_msgs__rosidl_typesupport_fastrtps_c.so /opt/ros/humble/lib/libstatistics_msgs__rosidl_typesupport_fastrtps_cpp.so /opt/ros/humble/lib/libstatistics_msgs__rosidl_typesupport_introspection_c.so /opt/ros/humble/lib/libstatistics_msgs__rosidl_typesupport_introspection_cpp.so /opt/ros/humble/lib/libstatistics_msgs__rosidl_typesupport_cpp.so /opt/ros/humble/lib/libstatistics_msgs__rosidl_generator_py.so /opt/ros/humble/lib/libstatistics_msgs__rosidl_typesupport_c.so /opt/ros/humble/lib/libstatistics_msgs__rosidl_generator_c.so /opt/ros/humble/lib/librcl_action.so /opt/ros/humble/lib/librcl.so /opt/ros/humble/lib/librcl_interfaces__rosidl_typesupport_fastrtps_c.so /opt/ros/humble/lib/librcl_interfaces__rosidl_typesupport_introspection_c.so /opt/ros/humble/lib/librcl_interfaces__rosidl_typesupport_fastrtps_cpp.so /opt/ros/humble/lib/librcl_interfaces__rosidl_typesupport_introspection_cpp.so /opt/ros/humble/lib/librcl_interfaces__rosidl_typesupport_cpp.so /opt/ros/humble/lib/librcl_interfaces__rosidl_generator_py.so /opt/ros/humble/lib/librcl_interfaces__rosidl_typesupport_c.so /opt/ros/humble/lib/librcl_interfaces__rosidl_generator_c.so /opt/ros/humble/lib/librcl_yaml_param_parser.so /opt/ros/humble/lib/libyaml.so /opt/ros/humble/lib/libtracetools.so /opt/ros/humble/lib/librmw_implementation.so /opt/ros/humble/lib/libament_index_cpp.so /opt/ros/humble/lib/librcl_logging_spdlog.so /opt/ros/humble/lib/librcl_logging_interface.so /opt/ros/humble/lib/libtf2_msgs__rosidl_typesupport_fastrtps_c.so /opt/ros/humble/lib/libaction_msgs__rosidl_typesupport_fastrtps_c.so /opt/ros/humble/lib/libunique_identifier_msgs__rosidl_typesupport_fastrtps_c.so /opt/ros/humble/lib/libtf2_msgs__rosidl_typesupport_introspection_c.so /opt/ros/humble/lib/libaction_msgs__rosidl_typesupport_introspection_c.so /opt/ros/humble/lib/libunique_identifier_msgs__rosidl_typesupport_introspection_c.so /opt/ros/humble/lib/libtf2_msgs__rosidl_typesupport_fastrtps_cpp.so /opt/ros/humble/lib/libaction_msgs__rosidl_typesupport_fastrtps_cpp.so /opt/ros/humble/lib/libunique_identifier_msgs__rosidl_typesupport_fastrtps_cpp.so /opt/ros/humble/lib/libtf2_msgs__rosidl_typesupport_introspection_cpp.so /opt/ros/humble/lib/libaction_msgs__rosidl_typesupport_introspection_cpp.so /opt/ros/humble/lib/libunique_identifier_msgs__rosidl_typesupport_introspection_cpp.so /opt/ros/humble/lib/libtf2_msgs__rosidl_typesupport_cpp.so /opt/ros/humble/lib/libaction_msgs__rosidl_typesupport_cpp.so /opt/ros/humble/lib/libunique_identifier_msgs__rosidl_typesupport_cpp.so /opt/ros/humble/lib/libtf2_msgs__rosidl_generator_py.so /opt/ros/humble/lib/libtf2_msgs__rosidl_typesupport_c.so /opt/ros/humble/lib/libtf2_msgs__rosidl_generator_c.so /opt/ros/humble/lib/libaction_msgs__rosidl_generator_py.so /opt/ros/humble/lib/libaction_msgs__rosidl_typesupport_c.so /opt/ros/humble/lib/libaction_msgs__rosidl_generator_c.so /opt/ros/humble/lib/libunique_identifier_msgs__rosidl_generator_py.so /opt/ros/humble/lib/libunique_identifier_msgs__rosidl_typesupport_c.so /opt/ros/humble/lib/libunique_identifier_msgs__rosidl_generator_c.so /usr/lib/x86_64-linux-gnu/liborocos-kdl.so /opt/ros/humble/lib/libgeometry_msgs__rosidl_typesupport_fastrtps_c.so /opt/ros/humble/lib/libstd_msgs__rosidl_typesupport_fastrtps_c.so /opt/ros/humble/lib/libbuiltin_interfaces__rosidl_typesupport_fastrtps_c.so /opt/ros/humble/lib/librosidl_typesupport_fastrtps_c.so /opt/ros/humble/lib/libgeometry_msgs__rosidl_typesupport_fastrtps_cpp.so /opt/ros/humble/lib/libstd_msgs__rosidl_typesupport_fastrtps_cpp.so /opt/ros/humble/lib/libbuiltin_interfaces__rosidl_typesupport_fastrtps_cpp.so /opt/ros/humble/lib/librosidl_typesupport_fastrtps_cpp.so /opt/ros/humble/lib/libfastcdr.so.1.0.24 /opt/ros/humble/lib/librmw.so /opt/ros/humble/lib/libgeometry_msgs__rosidl_typesupport_introspection_c.so /opt/ros/humble/lib/libstd_msgs__rosidl_typesupport_introspection_c.so /opt/ros/humble/lib/libbuiltin_interfaces__rosidl_typesupport_introspection_c.so /opt/ros/humble/lib/libgeometry_msgs__rosidl_typesupport_introspection_cpp.so /opt/ros/humble/lib/libstd_msgs__rosidl_typesupport_introspection_cpp.so /opt/ros/humble/lib/libbuiltin_interfaces__rosidl_typesupport_introspection_cpp.so /opt/ros/humble/lib/librosidl_typesupport_introspection_cpp.so /opt/ros/humble/lib/librosidl_typesupport_introspection_c.so /opt/ros/humble/lib/libgeometry_msgs__rosidl_generator_py.so /opt/ros/humble/lib/libvisualization_msgs__rosidl_typesupport_c.so /opt/ros/humble/lib/libvisualization_msgs__rosidl_generator_c.so /opt/ros/humble/lib/libstd_msgs__rosidl_generator_py.so /opt/ros/humble/lib/libbuiltin_interfaces__rosidl_generator_py.so /usr/lib/x86_64-linux-gnu/libpython3.10.so /opt/ros/humble/lib/libsensor_msgs__rosidl_typesupport_c.so /opt/ros/humble/lib/libgeometry_msgs__rosidl_typesupport_c.so /opt/ros/humble/lib/libpcl_msgs__rosidl_generator_c.so /opt/ros/humble/lib/libsensor_msgs__rosidl_generator_c.so /opt/ros/humble/lib/libgeometry_msgs__rosidl_generator_c.so /opt/ros/humble/lib/libstd_msgs__rosidl_typesupport_c.so /opt/ros/humble/lib/libbuiltin_interfaces__rosidl_typesupport_c.so /opt/ros/humble/lib/libstd_msgs__rosidl_generator_c.so /opt/ros/humble/lib/libbuiltin_interfaces__rosidl_generator_c.so /usr/lib/x86_64-linux-gnu/libpcl_surface.so /usr/lib/x86_64-linux-gnu/libpcl_keypoints.so /usr/lib/x86_64-linux-gnu/libpcl_tracking.so /usr/lib/x86_64-linux-gnu/libpcl_recognition.so /usr/lib/x86_64-linux-gnu/libpcl_registration.so /usr/lib/x86_64-linux-gnu/libpcl_stereo.so /usr/lib/x86_64-linux-gnu/libpcl_segmentation.so /usr/lib/x86_64-linux-gnu/libpcl_features.so /usr/lib/x86_64-linux-gnu/libpcl_filters.so /usr/lib/x86_64-linux-gnu/libpcl_sample_consensus.so /usr/lib/x86_64-linux-gnu/libpcl_ml.so /usr/lib/x86_64-linux-gnu/libpcl_visualization.so /usr/lib/x86_64-linux-gnu/libpcl_search.so /usr/lib/x86_64-linux-gnu/libpcl_kdtree.so /usr/lib/x86_64-linux-gnu/libpcl_io.so /usr/lib/x86_64-linux-gnu/libpcl_octree.so /usr/lib/x86_64-linux-gnu/libpng.so /usr/lib/x86_64-linux-gnu/libz.so /usr/lib/libOpenNI.so /usr/lib/x86_64-linux-gnu/libOpenNI2.so /usr/lib/x86_64-linux-gnu/libusb-1.0.so /usr/lib/x86_64-linux-gnu/libvtkChartsCore-9.1.so.9.1.0 /usr/lib/x86_64-linux-gnu/libvtkInteractionImage-9.1.so.9.1.0 /usr/lib/x86_64-linux-gnu/libvtkIOGeometry-9.1.so.9.1.0 /usr/lib/x86_64-linux-gnu/libjsoncpp.so /usr/lib/x86_64-linux-gnu/libvtkIOPLY-9.1.so.9.1.0 /usr/lib/x86_64-linux-gnu/libvtkRenderingLOD-9.1.so.9.1.0 /usr/lib/x86_64-linux-gnu/libvtkViewsContext2D-9.1.so.9.1.0 /usr/lib/x86_64-linux-gnu/libvtkViewsCore-9.1.so.9.1.0 /usr/lib/x86_64-linux-gnu/libvtkGUISupportQt-9.1.so.9.1.0 /usr/lib/x86_64-linux-gnu/libvtkInteractionWidgets-9.1.so.9.1.0 /usr/lib/x86_64-linux-gnu/libvtkFiltersModeling-9.1.so.9.1.0 /usr/lib/x86_64-linux-gnu/libvtkInteractionStyle-9.1.so.9.1.0 /usr/lib/x86_64-linux-gnu/libvtkFiltersExtraction-9.1.so.9.1.0 /usr/lib/x86_64-linux-gnu/libvtkIOLegacy-9.1.so.9.1.0 /usr/lib/x86_64-linux-gnu/libvtkIOCore-9.1.so.9.1.0 /usr/lib/x86_64-linux-gnu/libvtkRenderingAnnotation-9.1.so.9.1.0 /usr/lib/x86_64-linux-gnu/libvtkRenderingContext2D-9.1.so.9.1.0 /usr/lib/x86_64-linux-gnu/libvtkRenderingFreeType-9.1.so.9.1.0 /usr/lib/x86_64-linux-gnu/libfreetype.so /usr/lib/x86_64-linux-gnu/libvtkImagingSources-9.1.so.9.1.0 /usr/lib/x86_64-linux-gnu/libvtkIOImage-9.1.so.9.1.0 /usr/lib/x86_64-linux-gnu/libvtkImagingCore-9.1.so.9.1.0 /usr/lib/x86_64-linux-gnu/libvtkRenderingOpenGL2-9.1.so.9.1.0 /usr/lib/x86_64-linux-gnu/libvtkRenderingUI-9.1.so.9.1.0 /usr/lib/x86_64-linux-gnu/libvtkRenderingCore-9.1.so.9.1.0 /usr/lib/x86_64-linux-gnu/libvtkCommonColor-9.1.so.9.1.0 /usr/lib/x86_64-linux-gnu/libvtkFiltersGeometry-9.1.so.9.1.0 /usr/lib/x86_64-linux-gnu/libvtkFiltersSources-9.1.so.9.1.0 /usr/lib/x86_64-linux-gnu/libvtkFiltersGeneral-9.1.so.9.1.0 /usr/lib/x86_64-linux-gnu/libvtkCommonComputationalGeometry-9.1.so.9.1.0 /usr/lib/x86_64-linux-gnu/libvtkFiltersCore-9.1.so.9.1.0 /usr/lib/x86_64-linux-gnu/libvtkCommonExecutionModel-9.1.so.9.1.0 /usr/lib/x86_64-linux-gnu/libvtkCommonDataModel-9.1.so.9.1.0 /usr/lib/x86_64-linux-gnu/libvtkCommonMisc-9.1.so.9.1.0 /usr/lib/x86_64-linux-gnu/libvtkCommonTransforms-9.1.so.9.1.0 /usr/lib/x86_64-linux-gnu/libvtkCommonMath-9.1.so.9.1.0 /usr/lib/x86_64-linux-gnu/libvtkkissfft-9.1.so.9.1.0 /usr/lib/x86_64-linux-gnu/libGLEW.so /usr/lib/x86_64-linux-gnu/libX11.so /usr/lib/x86_64-linux-gnu/libQt5OpenGL.so.5.15.3 /usr/lib/x86_64-linux-gnu/libQt5Widgets.so.5.15.3 /usr/lib/x86_64-linux-gnu/libQt5Gui.so.5.15.3 /usr/lib/x86_64-linux-gnu/libQt5Core.so.5.15.3 /usr/lib/x86_64-linux-gnu/libvtkCommonCore-9.1.so.9.1.0 /usr/lib/x86_64-linux-gnu/libtbb.so.12.5 /usr/lib/x86_64-linux-gnu/libvtksys-9.1.so.9.1.0 /usr/lib/x86_64-linux-gnu/libpcl_common.so /usr/lib/x86_64-linux-gnu/libboost_system.so.1.74.0 /usr/lib/x86_64-lin/usr/bin/gmake  -f CMakeFiles/uc1_robot_perception__rosidl_generator_py.dir/build.make CMakeFiles/uc1_robot_perception__rosidl_generator_py.dir/build
ux-gnu/libboost_filesystem.so.1.74.0 /usr/lib/x86_64-linux-gnu/libboost_date_time.so.1.74.0 /usr/lib/x86_64-linux-gnu/libboost_iostreams.so.1.74.0 /usr/lib/x86_64-linux-gnu/libboost_serialization.so.1.74.0 -llz4 /usr/lib/x86_64-linux-gnu/libqhull_r.so.8.0.2 -lm /opt/ros/humble/lib/libgeometry_msgs__rosidl_typesupport_cpp.so /opt/ros/humble/lib/libstd_msgs__rosidl_typesupport_cpp.so /opt/ros/humble/lib/libbuiltin_interfaces__rosidl_typesupport_cpp.so /opt/ros/humble/lib/librosidl_typesupport_cpp.so /opt/ros/humble/lib/librosidl_typesupport_c.so /opt/ros/humble/lib/librcpputils.so /opt/ros/humble/lib/librosidl_runtime_c.so /opt/ros/humble/lib/librcutils.so -ldl 
gmake[2]: Entering directory '/home/maclab/Documents/ROS_WORKSPACES/WS_Master_Thesis/build/uc1_robot_perception'
gmake[2]: Entering directory '/home/maclab/Documents/ROS_WORKSPACES/WS_Master_Thesis/build/uc1_robot_perception'
gmake[2]: Leaving directory '/home/maclab/Documents/ROS_WORKSPACES/WS_Master_Thesis/build/uc1_robot_perception'
[ 75%] [32m[1mLinking C shared library rosidl_generator_py/uc1_robot_perception/libuc1_robot_perception__rosidl_generator_py.so[0m
/usr/bin/cmake -E cmake_link_script CMakeFiles/uc1_robot_perception__rosidl_generator_py.dir/link.txt --verbose=1
[ 77%] [32m[1mLinking CXX executable proximity_task_generator[0m
/usr/bin/cmake -E cmake_link_script CMakeFiles/proximity_task_generator.dir/link.txt --verbose=1
[ 77%] Built target ament_cmake_python_build_uc1_robot_perception_egg
/usr/bin/cc -fPIC -shared -Wl,-soname,libuc1_robot_perception__rosidl_generator_py.so -o rosidl_generator_py/uc1_robot_perception/libuc1_robot_perception__rosidl_generator_py.so CMakeFiles/uc1_robot_perception__rosidl_generator_py.dir/rosidl_generator_py/uc1_robot_perception/msg/_proximity_task_s.c.o CMakeFiles/uc1_robot_perception__rosidl_generator_py.dir/rosidl_generator_py/uc1_robot_perception/msg/_proximity_task_array_s.c.o CMakeFiles/uc1_robot_perception__rosidl_generator_py.dir/rosidl_generator_py/uc1_robot_perception/msg/_contact_s.c.o CMakeFiles/uc1_robot_perception__rosidl_generator_py.dir/rosidl_generator_py/uc1_robot_perception/msg/_contact_array_s.c.o  -Wl,-rpath,/home/maclab/Documents/ROS_WORKSPACES/WS_Master_Thesis/build/uc1_robot_perception:/opt/ros/humble/lib: /usr/lib/x86_64-linux-gnu/libpython3.10.so libuc1_robot_perception__rosidl_typesupport_c.so /opt/ros/humble/lib/libgeometry_msgs__rosidl_generator_py.so /opt/ros/humble/lib/libstd_msgs__rosidl_generator_py.so /opt/ros/humble/lib/libbuiltin_interfaces__rosidl_generator_py.so libuc1_robot_perception__rosidl_generator_c.so /usr/lib/x86_64-linux-gnu/libpython3.10.so /opt/ros/humble/lib/libgeometry_msgs__rosidl_typesupport_c.so /opt/ros/humble/lib/libgeometry_msgs__rosidl_generator_c.so /opt/ros/humble/lib/libstd_msgs__rosidl_typesupport_c.so /opt/ros/humble/lib/libstd_msgs__rosidl_generator_c.so /opt/ros/humble/lib/libbuiltin_interfaces__rosidl_typesupport_c.so /opt/ros/humble/lib/libbuiltin_interfaces__rosidl_generator_c.so /opt/ros/humble/lib/librosidl_runtime_c.so /opt/ros/humble/lib/librcutils.so -ldl -Wl,-rpath-link,/opt/ros/humble/lib 
/usr/bin/g++-11 CMakeFiles/proximity_task_generator.dir/src/ProximityTest.cpp.o CMakeFiles/proximity_task_generator.dir/src/ProximityTaskGenerator.cpp.o -o proximity_task_generator  -Wl,-rpath,/opt/ros/humble/lib:/home/maclab/Documents/ROS_WORKSPACES/WS_Master_Thesis/build/uc1_robot_perception: /opt/ros/humble/lib/libstatic_transform_broadcaster_node.so /opt/ros/humble/lib/libvisualization_msgs__rosidl_typesupport_fastrtps_c.so /opt/ros/humble/lib/libvisualization_msgs__rosidl_typesupport_fastrtps_cpp.so /opt/ros/humble/lib/libvisualization_msgs__rosidl_typesupport_introspection_c.so /opt/ros/humble/lib/libvisualization_msgs__rosidl_typesupport_introspection_cpp.so /opt/ros/humble/lib/libvisualization_msgs__rosidl_typesupport_cpp.so /opt/ros/humble/lib/libvisualization_msgs__rosidl_generator_py.so /opt/ros/humble/lib/libmessage_filters.so /opt/ros/humble/lib/librosidl_typesupport_fastrtps_c.so /opt/ros/humble/lib/librmw.so /opt/ros/humble/lib/librosidl_typesupport_fastrtps_cpp.so /opt/ros/humble/lib/librcutils.so -ldl /opt/ros/humble/lib/librcpputils.so /opt/ros/humble/lib/librosidl_typesupport_c.so /opt/ros/humble/lib/librosidl_typesupport_cpp.so /opt/ros/humble/lib/librosidl_runtime_c.so /opt/ros/humble/lib/librosidl_typesupport_introspection_c.so /opt/ros/humble/lib/librosidl_typesupport_introspection_cpp.so /opt/ros/humble/lib/libpcl_msgs__rosidl_generator_c.so /opt/ros/humble/lib/libpcl_msgs__rosidl_typesupport_fastrtps_c.so /opt/ros/humble/lib/libsensor_msgs__rosidl_typesupport_fastrtps_c.so /opt/ros/humble/lib/libpcl_msgs__rosidl_typesupport_introspection_c.so /opt/ros/humble/lib/libsensor_msgs__rosidl_typesupport_introspection_c.so /opt/ros/humble/lib/libpcl_msgs__rosidl_typesupport_c.so /opt/ros/humble/lib/libpcl_msgs__rosidl_typesupport_fastrtps_cpp.so /opt/ros/humble/lib/libsensor_msgs__rosidl_typesupport_fastrtps_cpp.so /opt/ros/humble/lib/libpcl_msgs__rosidl_typesupport_introspection_cpp.so /opt/ros/humble/lib/libsensor_msgs__rosidl_typesupport_introspection_cpp.so /opt/ros/humble/lib/libpcl_msgs__rosidl_typesupport_cpp.so /opt/ros/humble/lib/libpcl_msgs__rosidl_generator_py.so /opt/ros/humble/lib/libpcl_msgs__rosidl_typesupport_c.so /opt/ros/humble/lib/libsensor_msgs__rosidl_generator_py.so /opt/ros/humble/lib/librclcpp.so /opt/ros/humble/lib/libsensor_msgs__rosidl_generator_c.so /opt/ros/humble/lib/libsensor_msgs__rosidl_typesupport_fastrtps_c.so /opt/ros/humble/lib/libsensor_msgs__rosidl_typesupport_fastrtps_cpp.so /opt/ros/humble/lib/libsensor_msgs__rosidl_typesupport_introspection_c.so /opt/ros/humble/lib/libsensor_msgs__rosidl_typesupport_c.so /opt/ros/humble/lib/libsensor_msgs__rosidl_typesupport_introspection_cpp.so /opt/ros/humble/lib/libsensor_msgs__rosidl_typesupport_cpp.so /opt/ros/humble/lib/libsensor_msgs__rosidl_generator_py.so /opt/ros/humble/lib/libsensor_msgs__rosidl_typesupport_cpp.so /opt/ros/humble/lib/libstd_msgs__rosidl_generator_c.so /opt/ros/humble/lib/libstd_msgs__rosidl_typesupport_fastrtps_c.so /opt/ros/humble/lib/libstd_msgs__rosidl_typesupport_fastrtps_cpp.so /opt/ros/humble/lib/libstd_msgs__rosidl_typesupport_introspection_c.so /opt/ros/humble/lib/libstd_msgs__rosidl_typesupport_c.so /opt/ros/humble/lib/libstd_msgs__rosidl_typesupport_introspection_cpp.so /opt/ros/humble/lib/libstd_msgs__rosidl_typesupport_cpp.so /opt/ros/humble/lib/libstd_msgs__rosidl_generator_py.so /usr/lib/x86_64-linux-gnu/libpython3.10.so /usr/lib/x86_64-linux-gnu/libpcl_apps.so /usr/lib/x86_64-linux-gnu/libpcl_outofcore.so /usr/lib/x86_64-linux-gnu/libpcl_people.so /usr/lib/libOpenNI.so /usr/lib/x86_64-linux-gnu/libOpenNI2.so /usr/lib/x86_64-linux-gnu/libusb-1.0.so /usr/lib/x86_64-linux-gnu/libflann_cpp.so libuc1_robot_perception__rosidl_typesupport_cpp.so /opt/ros/humble/lib/libtf2_ros.so /opt/ros/humble/lib/libtf2.so /opt/ros/humble/lib/libmessage_filters.so /opt/ros/humble/lib/librclcpp_action.so /opt/ros/humble/lib/librclcpp.so /opt/ros/humble/lib/liblibstatistics_collector.so /opt/ros/humble/lib/librosgraph_msgs__rosidl_typesupport_fastrtps_c.so /opt/ros/humble/lib/librosgraph_msgs__rosidl_typesupport_fastrtps_cpp.so /opt/ros/humble/lib/librosgraph_msgs__rosidl_typesupport_introspection_c.so /opt/ros/humble/lib/librosgraph_msgs__rosidl_typesupport_introspection_cpp.so /opt/ros/humble/lib/librosgraph_msgs__rosidl_typesupport_cpp.so /opt/ros/humble/lib/librosgraph_msgs__rosidl_generator_py.so /opt/ros/humble/lib/librosgraph_msgs__rosidl_typesupport_c.so /opt/ros/humble/lib/librosgraph_msgs__rosidl_generator_c.so /opt/ros/humble/lib/libstatistics_msgs__rosidl_typesupport_fastrtps_c.so /opt/ros/humble/lib/libstatistics_msgs__rosidl_typesupport_fastrtps_cpp.so /opt/ros/humble/lib/libstatistics_msgs__rosidl_typesupport_introspection_c.so /opt/ros/humble/lib/libstatistics_msgs__rosidl_typesupport_introspection_cpp.so /opt/ros/humble/lib/libstatistics_msgs__rosidl_typesupport_cpp.so /opt/ros/humble/lib/libstatistics_msgs__rosidl_generator_py.so /opt/ros/humble/lib/libstatistics_msgs__rosidl_typesupport_c.so /opt/ros/humble/lib/libstatistics_msgs__rosidl_generator_c.so /opt/ros/humble/lib/librcl_action.so /opt/ros/humble/lib/librcl.so /opt/ros/humble/lib/librcl_interfaces__rosidl_typesupport_fastrtps_c.so /opt/ros/humble/lib/librcl_interfaces__rosidl_typesupport_introspection_c.so /opt/ros/humble/lib/librcl_interfaces__rosidl_typesupport_fastrtps_cpp.so /opt/ros/humble/lib/librcl_interfaces__rosidl_typesupport_introspection_cpp.so /opt/ros/humble/lib/librcl_interfaces__rosidl_typesupport_cpp.so /opt/ros/humble/lib/librcl_interfaces__rosidl_generator_py.so /opt/ros/humble/lib/librcl_interfaces__rosidl_typesupport_c.so /opt/ros/humble/lib/librcl_interfaces__rosidl_generator_c.so /opt/ros/humble/lib/librcl_yaml_param_parser.so /opt/ros/humble/lib/libyaml.so /opt/ros/humble/lib/libtracetools.so /opt/ros/humble/lib/librmw_implementation.so /opt/ros/humble/lib/libament_index_cpp.so /opt/ros/humble/lib/librcl_logging_spdlog.so /opt/ros/humble/lib/librcl_logging_interface.so /opt/ros/humble/lib/libtf2_msgs__rosidl_typesupport_fastrtps_c.so /opt/ros/humble/lib/libaction_msgs__rosidl_typesupport_fastrtps_c.so /opt/ros/humble/lib/libunique_identifier_msgs__rosidl_typesupport_fastrtps_c.so /opt/ros/humble/lib/libtf2_msgs__rosidl_typesupport_introspection_c.so /opt/ros/humble/lib/libaction_msgs__rosidl_typesupport_introspection_c.so /opt/ros/humble/lib/libunique_identifier_msgs__rosidl_typesupport_introspection_c.so /opt/ros/humble/lib/libtf2_msgs__rosidl_typesupport_fastrtps_cpp.so /opt/ros/humble/lib/libaction_msgs__rosidl_typesupport_fastrtps_cpp.so /opt/ros/humble/lib/libunique_identifier_msgs__rosidl_typesupport_fastrtps_cpp.so /opt/ros/humble/lib/libtf2_msgs__rosidl_typesupport_introspection_cpp.so /opt/ros/humble/lib/libaction_msgs__rosidl_typesupport_introspection_cpp.so /opt/ros/humble/lib/libunique_identifier_msgs__rosidl_typesupport_introspection_cpp.so /opt/ros/humble/lib/libtf2_msgs__rosidl_typesupport_cpp.so /opt/ros/humble/lib/libaction_msgs__rosidl_typesupport_cpp.so /opt/ros/humble/lib/libunique_identifier_msgs__rosidl_typesupport_cpp.so /opt/ros/humble/lib/libtf2_msgs__rosidl_generator_py.so /opt/ros/humble/lib/libtf2_msgs__rosidl_typesupport_c.so /opt/ros/humble/lib/libtf2_msgs__rosidl_generator_c.so /opt/ros/humble/lib/libaction_msgs__rosidl_generator_py.so /opt/ros/humble/lib/libaction_msgs__rosidl_typesupport_c.so /opt/ros/humble/lib/libaction_msgs__rosidl_generator_c.so /opt/ros/humble/lib/libunique_identifier_msgs__rosidl_generator_py.so /opt/ros/humble/lib/libunique_identifier_msgs__rosidl_typesupport_c.so /opt/ros/humble/lib/libunique_identifier_msgs__rosidl_generator_c.so /usr/lib/x86_64-linux-gnu/liborocos-kdl.so /opt/ros/humble/lib/libgeometry_msgs__rosidl_typesupport_fastrtps_c.so /opt/ros/humble/lib/libstd_msgs__rosidl_typesupport_fastrtps_c.so /opt/ros/humble/lib/libbuiltin_interfaces__rosidl_typesupport_fastrtps_c.so /opt/ros/humble/lib/librosidl_typesupport_fastrtps_c.so /opt/ros/humble/lib/libgeometry_msgs__rosidl_typesupport_fastrtps_cpp.so /opt/ros/humble/lib/libstd_msgs__rosidl_typesupport_fastrtps_cpp.so /opt/ros/humble/lib/libbuiltin_interfaces__rosidl_typesupport_fastrtps_cpp.so /opt/ros/humble/lib/librosidl_typesupport_fastrtps_cpp.so /opt/ros/humble/lib/libfastcdr.so.1.0.24 /opt/ros/humble/lib/librmw.so /opt/ros/humble/lib/libgeometry_msgs__rosidl_typesupport_introspection_c.so /opt/ros/humble/lib/libstd_msgs__rosidl_typesupport_introspection_c.so /opt/ros/humble/lib/libbuiltin_interfaces__rosidl_typesupport_introspection_c.so /opt/ros/humble/lib/libgeometry_msgs__rosidl_typesupport_introspection_cpp.so /opt/ros/humble/lib/libstd_msgs__rosidl_typesupport_introspection_cpp.so /opt/ros/humble/lib/libbuiltin_interfaces__rosidl_typesupport_introspection_cpp.so /opt/ros/humble/lib/librosidl_typesupport_introspection_cpp.so /opt/ros/humble/lib/librosidl_typesupport_introspection_c.so /opt/ros/humble/lib/libgeometry_msgs__rosidl_generator_py.so /opt/ros/humble/lib/libvisualization_msgs__rosidl_typesupport_c.so /opt/ros/humble/lib/libvisualization_msgs__rosidl_generator_c.so /opt/ros/humble/lib/libstd_msgs__rosidl_generator_py.so /opt/ros/humble/lib/libbuiltin_interfaces__rosidl_generator_py.so /usr/lib/x86_64-linux-gnu/libpython3.10.so /opt/ros/humble/lib/libsensor_msgs__rosidl_typesupport_c.so /opt/ros/humble/lib/libgeometry_msgs__rosidl_typesupport_c.so /opt/ros/humble/lib/libpcl_msgs__rosidl_generator_c.so /opt/ros/humble/lib/libsensor_msgs__rosidl_generator_c.so /opt/ros/humble/lib/libgeometry_msgs__rosidl_generator_c.so /opt/ros/humble/lib/libstd_msgs__rosidl_typesupport_c.so /opt/ros/humble/lib/libbuiltin_interfaces__rosidl_typesupport_c.so /opt/ros/humble/lib/libstd_msgs__rosidl_generator_c.so /opt/ros/humble/lib/libbuiltin_interfaces__rosidl_generator_c.so /usr/lib/x86_64-linux-gnu/libpcl_surface.so /usr/lib/x86_64-linux-gnu/libpcl_keypoints.so /usr/lib/x86_64-linux-gnu/libpcl_tracking.so /usr/lib/x86_64-linux-gnu/libpcl_recognition.so /usr/lib/x86_64-linux-gnu/libpcl_registration.so /usr/lib/x86_64-linux-gnu/libpcl_stereo.so /usr/lib/x86_64-linux-gnu/libpcl_segmentation.so /usr/lib/x86_64-linux-gnu/libpcl_features.so /usr/lib/x86_64-linux-gnu/libpcl_filters.so /usr/lib/x86_64-linux-gnu/libpcl_sample_consensus.so /usr/lib/x86_64-linux-gnu/libpcl_ml.so /usr/lib/x86_64-linux-gnu/libpcl_visualization.so /usr/lib/x86_64-linux-gnu/libpcl_search.so /usr/lib/x86_64-linux-gnu/libpcl_kdtree.so /usr/lib/x86_64-linux-gnu/libpcl_io.so /usr/lib/x86_64-linux-gnu/libpcl_octree.so /usr/lib/x86_64-linux-gnu/libpng.so /usr/lib/x86_64-linux-gnu/libz.so /usr/lib/libOpenNI.so /usr/lib/x86_64-linux-gnu/libOpenNI2.so /usr/lib/x86_64-linux-gnu/libusb-1.0.so /usr/lib/x86_64-linux-gnu/libvtkChartsCore-9.1.so.9.1.0 /usr/lib/x86_64-linux-gnu/libvtkInteractionImage-9.1.so.9.1.0 /usr/lib/x86_64-linux-gnu/libvtkIOGeometry-9.1.so.9.1.0 /usr/lib/x86_64-linux-gnu/libjsoncpp.so /usr/lib/x86_64-linux-gnu/libvtkIOPLY-9.1.so.9.1.0 /usr/lib/x86_64-linux-gnu/libvtkRenderingLOD-9.1.so.9.1.0 /usr/lib/x86_64-linux-gnu/libvtkViewsContext2D-9.1.so.9.1.0 /usr/lib/x86_64-linux-gnu/libvtkViewsCore-9.1.so.9.1.0 /usr/lib/x86_64-linux-gnu/libvtkGUISupportQt-9.1.so.9.1.0 /usr/lib/x86_64-linux-gnu/libvtkInteractionWidgets-9.1.so.9.1.0 /usr/lib/x86_64-linux-gnu/libvtkFiltersModeling-9.1.so.9.1.0 /usr/lib/x86_64-linux-gnu/libvtkInteractionStyle-9.1.so.9.1.0 /usr/lib/x86_64-linux-gnu/libvtkFiltersExtraction-9.1.so.9.1.0 /usr/lib/x86_64-linux-gnu/libvtkIOLegacy-9.1.so.9.1.0 /usr/lib/x86_64-linux-gnu/libvtkIOCore-9.1.so.9.1.0 /usr/lib/x86_64-linux-gnu/libvtkRenderingAnnotation-9.1.so.9.1.0 /usr/lib/x86_64-linux-gnu/libvtkRenderingContext2D-9.1.so.9.1.0 /usr/lib/x86_64-linux-gnu/libvtkRenderingFreeType-9.1.so.9.1.0 /usr/lib/x86_64-linux-gnu/libfreetype.so /usr/lib/x86_64-linux-gnu/libvtkImagingSources-9.1.so.9.1.0 /usr/lib/x86_64-linux-gnu/libvtkIOImage-9.1.so.9.1.0 /usr/lib/x86_64-linux-gnu/libvtkImagingCore-9.1.so.9.1.0 /usr/lib/x86_64-linux-gnu/libvtkRenderingOpenGL2-9.1.so.9.1.0 /usr/lib/x86_64-linux-gnu/libvtkRenderingUI-9.1.so.9.1.0 /usr/lib/x86_64-linux-gnu/libvtkRenderingCore-9.1.so.9.1.0 /usr/lib/x86_64-linux-gnu/libvtkCommonColor-9.1.so.9.1.0 /usr/lib/x86_64-linux-gnu/libvtkFiltersGeometry-9.1.so.9.1.0 /usr/lib/x86_64-linux-gnu/libvtkFiltersSources-9.1.so.9.1.0 /usr/lib/x86_64-linux-gnu/libvtkFiltersGeneral-9.1.so.9.1.0 /usr/lib/x86_64-linux-gnu/libvtkCommonComputationalGeometry-9.1.so.9.1.0 /usr/lib/x86_64-linux-gnu/libvtkFiltersCore-9.1.so.9.1.0 /usr/lib/x86_64-linux-gnu/libvtkCommonExecutionModel-9.1.so.9.1.0 /usr/lib/x86_64-linux-gnu/libvtkCommonDataModel-9.1.so.9.1.0 /usr/lib/x86_64-linux-gnu/libvtkCommonMisc-9.1.so.9.1.0 /usr/lib/x86_64-linux-gnu/libvtkCommonTransforms-9.1.so.9.1.0 /usr/lib/x86_64-linux-gnu/libvtkCommonMath-9.1.so.9.1.0 /usr/lib/x86_64-linux-gnu/libvtkkissfft-9.1.so.9.1.0 /usr/lib/x86_64-linux-gnu/libGLEW.so /usr/lib/x86_64-linux-gnu/libX11.so /usr/lib/x86_64-linux-gnu/libQt5OpenGL.so.5.15.3 /usr/lib/x86_64-linux-gnu/libQt5Widgets.so.5.15.3 /usr/lib/x86_64-linux-gnu/libQt5Gui.so.5.15.3 /usr/lib/x86_64-linux-gnu/libQt5Core.so.5.15.3 /usr/lib/x86_64-linux-gnu/libvtkCommonCore-9.1.so.9.1.0 /usr/lib/x86_64-linux-gnu/libtbb.so.12.5 /usr/lib/x86_64-linux-gnu/libvtksys-9.1.so.9.1.0 /usr/lib/x86_64-linux-gnu/libpcl_common.so /usr/lib/x86_64-linux-gnu/libboost_system.so.1.74.0 /usr/lib/x86_64-linux-gnu/libboost_filesystem.so.1.74.0 /usr/lib/x86_64-linux-gnu/libboost_date_time.so.1.74.0 /usr/lib/x86_64-linux-gnu/libboost_iostreams.so.1.74.0 /usr/lib/x86_64-linux-gnu/libboost_serialization.so.1.74.0 -llz4 /usr/lib/x86_64-linux-gnu/libqhull_r.so.8.0.2 -lm /opt/ros/humble/lib/libgeometry_msgs__rosidl_typesupport_cpp.so /opt/ros/humble/lib/libstd_msgs__rosidl_typesupport_cpp.so /opt/ros/humble/lib/libbuiltin_interfaces__rosidl_typesupport_cpp.so /opt/ros/humble/lib/librosidl_typesupport_cpp.so /opt/ros/humble/lib/librosidl_typesupport_c.so /opt/ros/humble/lib/librcpputils.so /opt/ros/humble/lib/librosidl_runtime_c.so /opt/ros/humble/lib/librcutils.so -ldl 
gmake[2]: Leaving directory '/home/maclab/Documents/ROS_WORKSPACES/WS_Master_Thesis/build/uc1_robot_perception'
[ 83%] Built target uc1_robot_perception__rosidl_generator_py
/usr/bin/gmake  -f CMakeFiles/uc1_robot_perception__rosidl_typesupport_fastrtps_c__pyext.dir/build.make CMakeFiles/uc1_robot_perception__rosidl_typesupport_fastrtps_c__pyext.dir/depend
/usr/bin/gmake  -f CMakeFiles/uc1_robot_perception__rosidl_typesupport_introspection_c__pyext.dir/build.make CMakeFiles/uc1_robot_perception__rosidl_typesupport_introspection_c__pyext.dir/depend
/usr/bin/gmake  -f CMakeFiles/uc1_robot_perception__rosidl_typesupport_c__pyext.dir/build.make CMakeFiles/uc1_robot_perception__rosidl_typesupport_c__pyext.dir/depend
gmake[2]: Entering directory '/home/maclab/Documents/ROS_WORKSPACES/WS_Master_Thesis/build/uc1_robot_perception'
cd /home/maclab/Documents/ROS_WORKSPACES/WS_Master_Thesis/build/uc1_robot_perception && /usr/bin/cmake -E cmake_depends "Unix Makefiles" /home/maclab/Documents/ROS_WORKSPACES/WS_Master_Thesis/src/uc1_robot_perception /home/maclab/Documents/ROS_WORKSPACES/WS_Master_Thesis/src/uc1_robot_perception /home/maclab/Documents/ROS_WORKSPACES/WS_Master_Thesis/build/uc1_robot_perception /home/maclab/Documents/ROS_WORKSPACES/WS_Master_Thesis/build/uc1_robot_perception /home/maclab/Documents/ROS_WORKSPACES/WS_Master_Thesis/build/uc1_robot_perception/CMakeFiles/uc1_robot_perception__rosidl_typesupport_fastrtps_c__pyext.dir/DependInfo.cmake --color=
gmake[2]: Entering directory '/home/maclab/Documents/ROS_WORKSPACES/WS_Master_Thesis/build/uc1_robot_perception'
cd /home/maclab/Documents/ROS_WORKSPACES/WS_Master_Thesis/build/uc1_robot_perception && /usr/bin/cmake -E cmake_depends "Unix Makefiles" /home/maclab/Documents/ROS_WORKSPACES/WS_Master_Thesis/src/uc1_robot_perception /home/maclab/Documents/ROS_WORKSPACES/WS_Master_Thesis/src/uc1_robot_perception /home/maclab/Documents/ROS_WORKSPACES/WS_Master_Thesis/build/uc1_robot_perception /home/maclab/Documents/ROS_WORKSPACES/WS_Master_Thesis/build/uc1_robot_perception /home/maclab/Documents/ROS_WORKSPACES/WS_Master_Thesis/build/uc1_robot_perception/CMakeFiles/uc1_robot_perception__rosidl_typesupport_introspection_c__pyext.dir/DependInfo.cmake --color=
gmake[2]: Entering directory '/home/maclab/Documents/ROS_WORKSPACES/WS_Master_Thesis/build/uc1_robot_perception'
cd /home/maclab/Documents/ROS_WORKSPACES/WS_Master_Thesis/build/uc1_robot_perception && /usr/bin/cmake -E cmake_depends "Unix Makefiles" /home/maclab/Documents/ROS_WORKSPACES/WS_Master_Thesis/src/uc1_robot_perception /home/maclab/Documents/ROS_WORKSPACES/WS_Master_Thesis/src/uc1_robot_perception /home/maclab/Documents/ROS_WORKSPACES/WS_Master_Thesis/build/uc1_robot_perception /home/maclab/Documents/ROS_WORKSPACES/WS_Master_Thesis/build/uc1_robot_perception /home/maclab/Documents/ROS_WORKSPACES/WS_Master_Thesis/build/uc1_robot_perception/CMakeFiles/uc1_robot_perception__rosidl_typesupport_c__pyext.dir/DependInfo.cmake --color=
Dependencies file "CMakeFiles/uc1_robot_perception__rosidl_typesupport_c__pyext.dir/rosidl_generator_py/uc1_robot_perception/_uc1_robot_perception_s.ep.rosidl_typesupport_c.c.o.d" is newer than depends file "/home/maclab/Documents/ROS_WORKSPACES/WS_Master_Thesis/build/uc1_robot_perception/CMakeFiles/uc1_robot_perception__rosidl_typesupport_c__pyext.dir/compiler_depend.internal".
Dependencies file "CMakeFiles/uc1_robot_perception__rosidl_typesupport_fastrtps_c__pyext.dir/rosidl_generator_py/uc1_robot_perception/_uc1_robot_perception_s.ep.rosidl_typesupport_fastrtps_c.c.o.d" is newer than depends file "/home/maclab/Documents/ROS_WORKSPACES/WS_Master_Thesis/build/uc1_robot_perception/CMakeFiles/uc1_robot_perception__rosidl_typesupport_fastrtps_c__pyext.dir/compiler_depend.internal".
Dependencies file "CMakeFiles/uc1_robot_perception__rosidl_typesupport_introspection_c__pyext.dir/rosidl_generator_py/uc1_robot_perception/_uc1_robot_perception_s.ep.rosidl_typesupport_introspection_c.c.o.d" is newer than depends file "/home/maclab/Documents/ROS_WORKSPACES/WS_Master_Thesis/build/uc1_robot_perception/CMakeFiles/uc1_robot_perception__rosidl_typesupport_introspection_c__pyext.dir/compiler_depend.internal".
[35m[1mConsolidate compiler generated dependencies of target uc1_robot_perception__rosidl_typesupport_c__pyext[0m
[35m[1mConsolidate compiler generated dependencies of target uc1_robot_perception__rosidl_typesupport_fastrtps_c__pyext[0m
[35m[1mConsolidate compiler generated dependencies of target uc1_robot_perception__rosidl_typesupport_introspection_c__pyext[0m
gmake[2]: Leaving directory '/home/maclab/Documents/ROS_WORKSPACES/WS_Master_Thesis/build/uc1_robot_perception'
gmake[2]: Leaving directory '/home/maclab/Documents/ROS_WORKSPACES/WS_Master_Thesis/build/uc1_robot_perception'
/usr/bin/gmake  -f CMakeFiles/uc1_robot_perception__rosidl_typesupport_fastrtps_c__pyext.dir/build.make CMakeFiles/uc1_robot_perception__rosidl_typesupport_fastrtps_c__pyext.dir/build
/usr/bin/gmake  -f CMakeFiles/uc1_robot_perception__rosidl_typesupport_c__pyext.dir/build.make CMakeFiles/uc1_robot_perception__rosidl_typesupport_c__pyext.dir/build
gmake[2]: Leaving directory '/home/maclab/Documents/ROS_WORKSPACES/WS_Master_Thesis/build/uc1_robot_perception'
/usr/bin/gmake  -f CMakeFiles/uc1_robot_perception__rosidl_typesupport_introspection_c__pyext.dir/build.make CMakeFiles/uc1_robot_perception__rosidl_typesupport_introspection_c__pyext.dir/build
gmake[2]: Entering directory '/home/maclab/Documents/ROS_WORKSPACES/WS_Master_Thesis/build/uc1_robot_perception'
gmake[2]: Entering directory '/home/maclab/Documents/ROS_WORKSPACES/WS_Master_Thesis/build/uc1_robot_perception'
gmake[2]: Entering directory '/home/maclab/Documents/ROS_WORKSPACES/WS_Master_Thesis/build/uc1_robot_perception'
[ 85%] [32m[1mLinking C shared library rosidl_generator_py/uc1_robot_perception/uc1_robot_perception_s__rosidl_typesupport_c.cpython-310-x86_64-linux-gnu.so[0m
/usr/bin/cmake -E cmake_link_script CMakeFiles/uc1_robot_perception__rosidl_typesupport_c__pyext.dir/link.txt --verbose=1
[ 87%] [32m[1mLinking C shared library rosidl_generator_py/uc1_robot_perception/uc1_robot_perception_s__rosidl_typesupport_introspection_c.cpython-310-x86_64-linux-gnu.so[0m
[ 88%] [32m[1mLinking C shared library rosidl_generator_py/uc1_robot_perception/uc1_robot_perception_s__rosidl_typesupport_fastrtps_c.cpython-310-x86_64-linux-gnu.so[0m
/usr/bin/cmake -E cmake_link_script CMakeFiles/uc1_robot_perception__rosidl_typesupport_introspection_c__pyext.dir/link.txt --verbose=1
/usr/bin/cmake -E cmake_link_script CMakeFiles/uc1_robot_perception__rosidl_typesupport_fastrtps_c__pyext.dir/link.txt --verbose=1
/usr/bin/cc -fPIC -shared -Wl,-soname,uc1_robot_perception_s__rosidl_typesupport_c.cpython-310-x86_64-linux-gnu.so -o rosidl_generator_py/uc1_robot_perception/uc1_robot_perception_s__rosidl_typesupport_c.cpython-310-x86_64-linux-gnu.so CMakeFiles/uc1_robot_perception__rosidl_typesupport_c__pyext.dir/rosidl_generator_py/uc1_robot_perception/_uc1_robot_perception_s.ep.rosidl_typesupport_c.c.o  -Wl,-rpath,/home/maclab/Documents/ROS_WORKSPACES/WS_Master_Thesis/build/uc1_robot_perception/rosidl_generator_py/uc1_robot_perception:/home/maclab/Documents/ROS_WORKSPACES/WS_Master_Thesis/build/uc1_robot_perception:/opt/ros/humble/lib: rosidl_generator_py/uc1_robot_perception/libuc1_robot_perception__rosidl_generator_py.so /usr/lib/x86_64-linux-gnu/libpython3.10.so libuc1_robot_perception__rosidl_typesupport_c.so /opt/ros/humble/lib/libgeometry_msgs__rosidl_typesupport_fastrtps_c.so /opt/ros/humble/lib/libgeometry_msgs__rosidl_typesupport_introspection_c.so /opt/ros/humble/lib/libgeometry_msgs__rosidl_typesupport_fastrtps_cpp.so /opt/ros/humble/lib/libgeometry_msgs__rosidl_typesupport_introspection_cpp.so /opt/ros/humble/lib/libgeometry_msgs__rosidl_typesupport_cpp.so /opt/ros/humble/lib/libgeometry_msgs__rosidl_generator_py.so /opt/ros/humble/lib/libstd_msgs__rosidl_typesupport_fastrtps_c.so /opt/ros/humble/lib/libstd_msgs__rosidl_typesupport_fastrtps_cpp.so /opt/ros/humble/lib/libstd_msgs__rosidl_typesupport_introspection_c.so /opt/ros/humble/lib/libstd_msgs__rosidl_typesupport_introspection_cpp.so /opt/ros/humble/lib/libstd_msgs__rosidl_typesupport_cpp.so /opt/ros/humble/lib/libstd_msgs__rosidl_generator_py.so /opt/ros/humble/lib/libbuiltin_interfaces__rosidl_typesupport_fastrtps_c.so /opt/ros/humble/lib/libbuiltin_interfaces__rosidl_typesupport_introspection_c.so /opt/ros/humble/lib/libbuiltin_interfaces__rosidl_typesupport_fastrtps_cpp.so /opt/ros/humble/lib/libbuiltin_interfaces__rosidl_typesupport_introspection_cpp.so /opt/ros/humble/lib/libbuiltin_interfaces__rosidl_typesupport_cpp.so /opt/ros/humble/lib/libbuiltin_interfaces__rosidl_generator_py.so /opt/ros/humble/lib/librmw.so /opt/ros/humble/lib/libgeometry_msgs__rosidl_typesupport_c.so /opt/ros/humble/lib/libstd_msgs__rosidl_typesupport_c.so /usr/lib/x86_64-linux-gnu/libpython3.10.so /opt/ros/humble/lib/libbuiltin_interfaces__rosidl_typesupport_c.so libuc1_robot_perception__rosidl_generator_c.so /opt/ros/humble/lib/librosidl_typesupport_fastrtps_c.so /opt/ros/humble/lib/libgeometry_msgs__rosidl_generator_c.so /opt/ros/humble/lib/libstd_msgs__rosidl_generator_c.so /opt/ros/humble/lib/libbuiltin_interfaces__rosidl_generator_c.so /opt/ros/humble/lib/librosidl_typesupport_fastrtps_cpp.so /opt/ros/humble/lib/libfastcdr.so.1.0.24 /opt/ros/humble/lib/librmw.so /opt/ros/humble/lib/librosidl_typesupport_introspection_cpp.so /opt/ros/humble/lib/librosidl_typesupport_introspection_c.so /opt/ros/humble/lib/librosidl_typesupport_c.so /opt/ros/humble/lib/librosidl_runtime_c.so /opt/ros/humble/lib/librcutils.so -ldl -Wl,-rpath-link,/opt/ros/humble/lib 
/usr/bin/cc -fPIC -shared -Wl,-soname,uc1_robot_perception_s__rosidl_typesupport_fastrtps_c.cpython-310-x86_64-linux-gnu.so -o rosidl_generator_py/uc1_robot_perception/uc1_robot_perception_s__rosidl_typesupport_fastrtps_c.cpython-310-x86_64-linux-gnu.so CMakeFiles/uc1_robot_perception__rosidl_typesupport_fastrtps_c__pyext.dir/rosidl_generator_py/uc1_robot_perception/_uc1_robot_perception_s.ep.rosidl_typesupport_fastrtps_c.c.o  -Wl,-rpath,/home/maclab/Documents/ROS_WORKSPACES/WS_Master_Thesis/build/uc1_robot_perception/rosidl_generator_py/uc1_robot_perception:/home/maclab/Documents/ROS_WORKSPACES/WS_Master_Thesis/build/uc1_robot_perception:/opt/ros/humble/lib: rosidl_generator_py/uc1_robot_perception/libuc1_robot_perception__rosidl_generator_py.so /usr/lib/x86_64-linux-gnu/libpython3.10.so libuc1_robot_perception__rosidl_typesupport_fastrtps_c.so libuc1_robot_perception__rosidl_typesupport_c.so /opt/ros/humble/lib/libgeometry_msgs__rosidl_typesupport_fastrtps_c.so /opt/ros/humble/lib/libgeometry_msgs__rosidl_typesupport_introspection_c.so /opt/ros/humble/lib/libgeometry_msgs__rosidl_typesupport_fastrtps_cpp.so /opt/ros/humble/lib/libgeometry_msgs__rosidl_typesupport_introspection_cpp.so /opt/ros/humble/lib/libgeometry_msgs__rosidl_typesupport_cpp.so /opt/ros/humble/lib/libgeometry_msgs__rosidl_generator_py.so /opt/ros/humble/lib/libstd_msgs__rosidl_typesupport_fastrtps_c.so /opt/ros/humble/lib/libstd_msgs__rosidl_typesupport_fastrtps_cpp.so /opt/ros/humble/lib/libstd_msgs__rosidl_typesupport_introspection_c.so /opt/ros/humble/lib/libstd_msgs__rosidl_typesupport_introspection_cpp.so /opt/ros/humble/lib/libstd_msgs__rosidl_typesupport_cpp.so /opt/ros/humble/lib/libstd_msgs__rosidl_generator_py.so /opt/ros/humble/lib/libbuiltin_interfaces__rosidl_typesupport_fastrtps_c.so /opt/ros/humble/lib/libbuiltin_interfaces__rosidl_typesupport_introspection_c.so /opt/ros/humble/lib/libbuiltin_interfaces__rosidl_typesupport_fastrtps_cpp.so /opt/ros/humble/lib/libbuiltin_interfaces__rosidl_typesupport_introspection_cpp.so /opt/ros/humble/lib/libbuiltin_interfaces__rosidl_typesupport_cpp.so /opt/ros/humble/lib/libbuiltin_interfaces__rosidl_generator_py.so /opt/ros/humble/lib/librmw.so /opt/ros/humble/lib/libgeometry_msgs__rosidl_typesupport_c.so /opt/ros/humble/lib/libstd_msgs__rosidl_typesupport_c.so /usr/lib/x86_64-linux-gnu/libpython3.10.so /opt/ros/humble/lib/libbuiltin_interfaces__rosidl_typesupport_c.so libuc1_robot_perception__rosidl_generator_c.so /opt/ros/humble/lib/librosidl_typesupport_fastrtps_c.so /opt/ros/humble/lib/libgeometry_msgs__rosidl_generator_c.so /opt/ros/humble/lib/libstd_msgs__rosidl_generator_c.so /opt/ros/humble/lib/libbuiltin_interfaces__rosidl_generator_c.so /opt/ros/humble/lib/librosidl_typesupport_fastrtps_cpp.so /opt/ros/humble/lib/libfastcdr.so.1.0.24 /opt/ros/humble/lib/librmw.so /opt/ros/humble/lib/librosidl_typesupport_introspection_cpp.so /opt/ros/humble/lib/librosidl_typesupport_introspection_c.so /opt/ros/humble/lib/librosidl_typesupport_c.so /opt/ros/humble/lib/librosidl_runtime_c.so /opt/ros/humble/lib/librcutils.so -ldl -Wl,-rpath-link,/opt/ros/humble/lib 
/usr/bin/cc -fPIC -shared -Wl,-soname,uc1_robot_perception_s__rosidl_typesupport_introspection_c.cpython-310-x86_64-linux-gnu.so -o rosidl_generator_py/uc1_robot_perception/uc1_robot_perception_s__rosidl_typesupport_introspection_c.cpython-310-x86_64-linux-gnu.so CMakeFiles/uc1_robot_perception__rosidl_typesupport_introspection_c__pyext.dir/rosidl_generator_py/uc1_robot_perception/_uc1_robot_perception_s.ep.rosidl_typesupport_introspection_c.c.o  -Wl,-rpath,/home/maclab/Documents/ROS_WORKSPACES/WS_Master_Thesis/build/uc1_robot_perception/rosidl_generator_py/uc1_robot_perception:/home/maclab/Documents/ROS_WORKSPACES/WS_Master_Thesis/build/uc1_robot_perception:/opt/ros/humble/lib: rosidl_generator_py/uc1_robot_perception/libuc1_robot_perception__rosidl_generator_py.so /usr/lib/x86_64-linux-gnu/libpython3.10.so libuc1_robot_perception__rosidl_typesupport_introspection_c.so libuc1_robot_perception__rosidl_typesupport_c.so /opt/ros/humble/lib/libgeometry_msgs__rosidl_typesupport_fastrtps_c.so /opt/ros/humble/lib/libgeometry_msgs__rosidl_typesupport_introspection_c.so /opt/ros/humble/lib/libgeometry_msgs__rosidl_typesupport_fastrtps_cpp.so /opt/ros/humble/lib/libgeometry_msgs__rosidl_typesupport_introspection_cpp.so /opt/ros/humble/lib/libgeometry_msgs__rosidl_typesupport_cpp.so /opt/ros/humble/lib/libgeometry_msgs__rosidl_generator_py.so /opt/ros/humble/lib/libstd_msgs__rosidl_typesupport_fastrtps_c.so /opt/ros/humble/lib/libstd_msgs__rosidl_typesupport_fastrtps_cpp.so /opt/ros/humble/lib/libstd_msgs__rosidl_typesupport_introspection_c.so /opt/ros/humble/lib/libstd_msgs__rosidl_typesupport_introspection_cpp.so /opt/ros/humble/lib/libstd_msgs__rosidl_typesupport_cpp.so /opt/ros/humble/lib/libstd_msgs__rosidl_generator_py.so /opt/ros/humble/lib/libbuiltin_interfaces__rosidl_typesupport_fastrtps_c.so /opt/ros/humble/lib/libbuiltin_interfaces__rosidl_typesupport_introspection_c.so /opt/ros/humble/lib/libbuiltin_interfaces__rosidl_typesupport_fastrtps_cpp.so /opt/ros/humble/lib/libbuiltin_interfaces__rosidl_typesupport_introspection_cpp.so /opt/ros/humble/lib/libbuiltin_interfaces__rosidl_typesupport_cpp.so /opt/ros/humble/lib/libbuiltin_interfaces__rosidl_generator_py.so /opt/ros/humble/lib/librmw.so /opt/ros/humble/lib/libgeometry_msgs__rosidl_typesupport_c.so /opt/ros/humble/lib/libstd_msgs__rosidl_typesupport_c.so /usr/lib/x86_64-linux-gnu/libpython3.10.so /opt/ros/humble/lib/libbuiltin_interfaces__rosidl_typesupport_c.so libuc1_robot_perception__rosidl_generator_c.so /opt/ros/humble/lib/libgeometry_msgs__rosidl_generator_c.so /opt/ros/humble/lib/libstd_msgs__rosidl_generator_c.so /opt/ros/humble/lib/libbuiltin_interfaces__rosidl_generator_c.so /opt/ros/humble/lib/librosidl_typesupport_fastrtps_c.so /opt/ros/humble/lib/librosidl_typesupport_fastrtps_cpp.so /opt/ros/humble/lib/libfastcdr.so.1.0.24 /opt/ros/humble/lib/librmw.so /opt/ros/humble/lib/librosidl_typesupport_introspection_cpp.so /opt/ros/humble/lib/librosidl_typesupport_introspection_c.so /opt/ros/humble/lib/librosidl_typesupport_c.so /opt/ros/humble/lib/librosidl_runtime_c.so /opt/ros/humble/lib/librcutils.so -ldl -Wl,-rpath-link,/opt/ros/humble/lib 
gmake[2]: Leaving directory '/home/maclab/Documents/ROS_WORKSPACES/WS_Master_Thesis/build/uc1_robot_perception'
gmake[2]: Leaving directory '/home/maclab/Documents/ROS_WORKSPACES/WS_Master_Thesis/build/uc1_robot_perception'
[ 90%] Built target uc1_robot_perception__rosidl_typesupport_c__pyext
gmake[2]: Leaving directory '/home/maclab/Documents/ROS_WORKSPACES/WS_Master_Thesis/build/uc1_robot_perception'
[ 91%] Built target uc1_robot_perception__rosidl_typesupport_fastrtps_c__pyext
[ 93%] Built target uc1_robot_perception__rosidl_typesupport_introspection_c__pyext
gmake[2]: Leaving directory '/home/maclab/Documents/ROS_WORKSPACES/WS_Master_Thesis/build/uc1_robot_perception'
[ 95%] Built target simulated_contact_publisher
gmake[2]: Leaving directory '/home/maclab/Documents/ROS_WORKSPACES/WS_Master_Thesis/build/uc1_robot_perception'
[ 96%] Built target interactive_contact_publisher
gmake[2]: Leaving directory '/home/maclab/Documents/ROS_WORKSPACES/WS_Master_Thesis/build/uc1_robot_perception'
[100%] Built target proximity_task_generator
gmake[1]: Leaving directory '/home/maclab/Documents/ROS_WORKSPACES/WS_Master_Thesis/build/uc1_robot_perception'
/usr/bin/cmake -E cmake_progress_start /home/maclab/Documents/ROS_WORKSPACES/WS_Master_Thesis/build/uc1_robot_perception/CMakeFiles 0
-- Install configuration: ""
-- Up-to-date: /home/maclab/Documents/ROS_WORKSPACES/WS_Master_Thesis/install/uc1_robot_perception/share/ament_index/resource_index/rosidl_interfaces/uc1_robot_perception
-- Up-to-date: /home/maclab/Documents/ROS_WORKSPACES/WS_Master_Thesis/install/uc1_robot_perception/include/uc1_robot_perception/uc1_robot_perception
-- Up-to-date: /home/maclab/Documents/ROS_WORKSPACES/WS_Master_Thesis/install/uc1_robot_perception/include/uc1_robot_perception/uc1_robot_perception/msg
-- Up-to-date: /home/maclab/Documents/ROS_WORKSPACES/WS_Master_Thesis/install/uc1_robot_perception/include/uc1_robot_perception/uc1_robot_perception/msg/rosidl_generator_c__visibility_control.h
-- Up-to-date: /home/maclab/Documents/ROS_WORKSPACES/WS_Master_Thesis/install/uc1_robot_perception/include/uc1_robot_perception/uc1_robot_perception/msg/proximity_task.h
-- Up-to-date: /home/maclab/Documents/ROS_WORKSPACES/WS_Master_Thesis/install/uc1_robot_perception/include/uc1_robot_perception/uc1_robot_perception/msg/detail
-- Up-to-date: /home/maclab/Documents/ROS_WORKSPACES/WS_Master_Thesis/install/uc1_robot_perception/include/uc1_robot_perception/uc1_robot_perception/msg/detail/contact_array__functions.c
-- Up-to-date: /home/maclab/Documents/ROS_WORKSPACES/WS_Master_Thesis/install/uc1_robot_perception/include/uc1_robot_perception/uc1_robot_perception/msg/detail/proximity_task_array__functions.h
-- Up-to-date: /home/maclab/Documents/ROS_WORKSPACES/WS_Master_Thesis/install/uc1_robot_perception/include/uc1_robot_perception/uc1_robot_perception/msg/detail/proximity_task_array__type_support.h
-- Up-to-date: /home/maclab/Documents/ROS_WORKSPACES/WS_Master_Thesis/install/uc1_robot_perception/include/uc1_robot_perception/uc1_robot_perception/msg/detail/contact__type_support.h
-- Up-to-date: /home/maclab/Documents/ROS_WORKSPACES/WS_Master_Thesis/install/uc1_robot_perception/include/uc1_robot_perception/uc1_robot_perception/msg/detail/proximity_task_array__struct.h
-- Up-to-date: /home/maclab/Documents/ROS_WORKSPACES/WS_Master_Thesis/install/uc1_robot_perception/include/uc1_robot_perception/uc1_robot_perception/msg/detail/contact_array__type_support.h
-- Up-to-date: /home/maclab/Documents/ROS_WORKSPACES/WS_Master_Thesis/install/uc1_robot_perception/include/uc1_robot_perception/uc1_robot_perception/msg/detail/contact_array__struct.h
-- Up-to-date: /home/maclab/Documents/ROS_WORKSPACES/WS_Master_Thesis/install/uc1_robot_perception/include/uc1_robot_perception/uc1_robot_perception/msg/detail/proximity_task__functions.c
-- Up-to-date: /home/maclab/Documents/ROS_WORKSPACES/WS_Master_Thesis/install/uc1_robot_perception/include/uc1_robot_perception/uc1_robot_perception/msg/detail/proximity_task__type_support.h
-- Up-to-date: /home/maclab/Documents/ROS_WORKSPACES/WS_Master_Thesis/install/uc1_robot_perception/include/uc1_robot_perception/uc1_robot_perception/msg/detail/proximity_task__struct.h
-- Up-to-date: /home/maclab/Documents/ROS_WORKSPACES/WS_Master_Thesis/install/uc1_robot_perception/include/uc1_robot_perception/uc1_robot_perception/msg/detail/contact_array__functions.h
-- Up-to-date: /home/maclab/Documents/ROS_WORKSPACES/WS_Master_Thesis/install/uc1_robot_perception/include/uc1_robot_perception/uc1_robot_perception/msg/detail/contact__functions.c
-- Up-to-date: /home/maclab/Documents/ROS_WORKSPACES/WS_Master_Thesis/install/uc1_robot_perception/include/uc1_robot_perception/uc1_robot_perception/msg/detail/contact__struct.h
-- Up-to-date: /home/maclab/Documents/ROS_WORKSPACES/WS_Master_Thesis/install/uc1_robot_perception/include/uc1_robot_perception/uc1_robot_perception/msg/detail/contact__functions.h
-- Up-to-date: /home/maclab/Documents/ROS_WORKSPACES/WS_Master_Thesis/install/uc1_robot_perception/include/uc1_robot_perception/uc1_robot_perception/msg/detail/proximity_task__functions.h
-- Up-to-date: /home/maclab/Documents/ROS_WORKSPACES/WS_Master_Thesis/install/uc1_robot_perception/include/uc1_robot_perception/uc1_robot_perception/msg/detail/proximity_task_array__functions.c
-- Up-to-date: /home/maclab/Documents/ROS_WORKSPACES/WS_Master_Thesis/install/uc1_robot_perception/include/uc1_robot_perception/uc1_robot_perception/msg/proximity_task_array.h
-- Up-to-date: /home/maclab/Documents/ROS_WORKSPACES/WS_Master_Thesis/install/uc1_robot_perception/include/uc1_robot_perception/uc1_robot_perception/msg/contact.h
-- Up-to-date: /home/maclab/Documents/ROS_WORKSPACES/WS_Master_Thesis/install/uc1_robot_perception/include/uc1_robot_perception/uc1_robot_perception/msg/contact_array.h
-- Up-to-date: /home/maclab/Documents/ROS_WORKSPACES/WS_Master_Thesis/install/uc1_robot_perception/share/uc1_robot_perception/environment/library_path.sh
-- Installing: /home/maclab/Documents/ROS_WORKSPACES/WS_Master_Thesis/install/uc1_robot_perception/share/uc1_robot_perception/environment/library_path.dsv
-- Installing: /home/maclab/Documents/ROS_WORKSPACES/WS_Master_Thesis/install/uc1_robot_perception/lib/libuc1_robot_perception__rosidl_generator_c.so
-- Set runtime path of "/home/maclab/Documents/ROS_WORKSPACES/WS_Master_Thesis/install/uc1_robot_perception/lib/libuc1_robot_perception__rosidl_generator_c.so" to ""
-- Up-to-date: /home/maclab/Documents/ROS_WORKSPACES/WS_Master_Thesis/install/uc1_robot_perception/include/uc1_robot_perception/uc1_robot_perception
-- Up-to-date: /home/maclab/Documents/ROS_WORKSPACES/WS_Master_Thesis/install/uc1_robot_perception/include/uc1_robot_perception/uc1_robot_perception/msg
-- Up-to-date: /home/maclab/Documents/ROS_WORKSPACES/WS_Master_Thesis/install/uc1_robot_perception/include/uc1_robot_perception/uc1_robot_perception/msg/rosidl_typesupport_fastrtps_c__visibility_control.h
-- Up-to-date: /home/maclab/Documents/ROS_WORKSPACES/WS_Master_Thesis/install/uc1_robot_perception/include/uc1_robot_perception/uc1_robot_perception/msg/detail
-- Up-to-date: /home/maclab/Documents/ROS_WORKSPACES/WS_Master_Thesis/install/uc1_robot_perception/include/uc1_robot_perception/uc1_robot_perception/msg/detail/proximity_task__rosidl_typesupport_fastrtps_c.h
-- Up-to-date: /home/maclab/Documents/ROS_WORKSPACES/WS_Master_Thesis/install/uc1_robot_perception/include/uc1_robot_perception/uc1_robot_perception/msg/detail/contact__rosidl_typesupport_fastrtps_c.h
-- Up-to-date: /home/maclab/Documents/ROS_WORKSPACES/WS_Master_Thesis/install/uc1_robot_perception/include/uc1_robot_perception/uc1_robot_perception/msg/detail/contact_array__rosidl_typesupport_fastrtps_c.h
-- Up-to-date: /home/maclab/Documents/ROS_WORKSPACES/WS_Master_Thesis/install/uc1_robot_perception/include/uc1_robot_perception/uc1_robot_perception/msg/detail/proximity_task_array__rosidl_typesupport_fastrtps_c.h
-- Installing: /home/maclab/Documents/ROS_WORKSPACES/WS_Master_Thesis/install/uc1_robot_perception/lib/libuc1_robot_perception__rosidl_typesupport_fastrtps_c.so
-- Set runtime path of "/home/maclab/Documents/ROS_WORKSPACES/WS_Master_Thesis/install/uc1_robot_perception/lib/libuc1_robot_perception__rosidl_typesupport_fastrtps_c.so" to ""
-- Up-to-date: /home/maclab/Documents/ROS_WORKSPACES/WS_Master_Thesis/install/uc1_robot_perception/include/uc1_robot_perception/uc1_robot_perception
-- Up-to-date: /home/maclab/Documents/ROS_WORKSPACES/WS_Master_Thesis/install/uc1_robot_perception/include/uc1_robot_perception/uc1_robot_perception/msg
-- Up-to-date: /home/maclab/Documents/ROS_WORKSPACES/WS_Master_Thesis/install/uc1_robot_perception/include/uc1_robot_perception/uc1_robot_perception/msg/rosidl_generator_cpp__visibility_control.hpp
-- Up-to-date: /home/maclab/Documents/ROS_WORKSPACES/WS_Master_Thesis/install/uc1_robot_perception/include/uc1_robot_perception/uc1_robot_perception/msg/proximity_task.hpp
-- Up-to-date: /home/maclab/Documents/ROS_WORKSPACES/WS_Master_Thesis/install/uc1_robot_perception/include/uc1_robot_perception/uc1_robot_perception/msg/contact.hpp
-- Up-to-date: /home/maclab/Documents/ROS_WORKSPACES/WS_Master_Thesis/install/uc1_robot_perception/include/uc1_robot_perception/uc1_robot_perception/msg/detail
-- Up-to-date: /home/maclab/Documents/ROS_WORKSPACES/WS_Master_Thesis/install/uc1_robot_perception/include/uc1_robot_perception/uc1_robot_perception/msg/detail/contact__type_support.hpp
-- Up-to-date: /home/maclab/Documents/ROS_WORKSPACES/WS_Master_Thesis/install/uc1_robot_perception/include/uc1_robot_perception/uc1_robot_perception/msg/detail/proximity_task_array__traits.hpp
-- Up-to-date: /home/maclab/Documents/ROS_WORKSPACES/WS_Master_Thesis/install/uc1_robot_perception/include/uc1_robot_perception/uc1_robot_perception/msg/detail/contact_array__builder.hpp
-- Up-to-date: /home/maclab/Documents/ROS_WORKSPACES/WS_Master_Thesis/install/uc1_robot_perception/include/uc1_robot_perception/uc1_robot_perception/msg/detail/contact__struct.hpp
-- Up-to-date: /home/maclab/Documents/ROS_WORKSPACES/WS_Master_Thesis/install/uc1_robot_perception/include/uc1_robot_perception/uc1_robot_perception/msg/detail/contact__traits.hpp
-- Up-to-date: /home/maclab/Documents/ROS_WORKSPACES/WS_Master_Thesis/install/uc1_robot_perception/include/uc1_robot_perception/uc1_robot_perception/msg/detail/contact__builder.hpp
-- Up-to-date: /home/maclab/Documents/ROS_WORKSPACES/WS_Master_Thesis/install/uc1_robot_perception/include/uc1_robot_perception/uc1_robot_perception/msg/detail/contact_array__traits.hpp
-- Up-to-date: /home/maclab/Documents/ROS_WORKSPACES/WS_Master_Thesis/install/uc1_robot_perception/include/uc1_robot_perception/uc1_robot_perception/msg/detail/contact_array__struct.hpp
-- Up-to-date: /home/maclab/Documents/ROS_WORKSPACES/WS_Master_Thesis/install/uc1_robot_perception/include/uc1_robot_perception/uc1_robot_perception/msg/detail/proximity_task_array__builder.hpp
-- Up-to-date: /home/maclab/Documents/ROS_WORKSPACES/WS_Master_Thesis/install/uc1_robot_perception/include/uc1_robot_perception/uc1_robot_perception/msg/detail/proximity_task_array__type_support.hpp
-- Up-to-date: /home/maclab/Documents/ROS_WORKSPACES/WS_Master_Thesis/install/uc1_robot_perception/include/uc1_robot_perception/uc1_robot_perception/msg/detail/proximity_task__type_support.hpp
-- Up-to-date: /home/maclab/Documents/ROS_WORKSPACES/WS_Master_Thesis/install/uc1_robot_perception/include/uc1_robot_perception/uc1_robot_perception/msg/detail/contact_array__type_support.hpp
-- Up-to-date: /home/maclab/Documents/ROS_WORKSPACES/WS_Master_Thesis/install/uc1_robot_perception/include/uc1_robot_perception/uc1_robot_perception/msg/detail/proximity_task__struct.hpp
-- Up-to-date: /home/maclab/Documents/ROS_WORKSPACES/WS_Master_Thesis/install/uc1_robot_perception/include/uc1_robot_perception/uc1_robot_perception/msg/detail/proximity_task_array__struct.hpp
-- Up-to-date: /home/maclab/Documents/ROS_WORKSPACES/WS_Master_Thesis/install/uc1_robot_perception/include/uc1_robot_perception/uc1_robot_perception/msg/detail/proximity_task__traits.hpp
-- Up-to-date: /home/maclab/Documents/ROS_WORKSPACES/WS_Master_Thesis/install/uc1_robot_perception/include/uc1_robot_perception/uc1_robot_perception/msg/detail/proximity_task__builder.hpp
-- Up-to-date: /home/maclab/Documents/ROS_WORKSPACES/WS_Master_Thesis/install/uc1_robot_perception/include/uc1_robot_perception/uc1_robot_perception/msg/contact_array.hpp
-- Up-to-date: /home/maclab/Documents/ROS_WORKSPACES/WS_Master_Thesis/install/uc1_robot_perception/include/uc1_robot_perception/uc1_robot_perception/msg/proximity_task_array.hpp
-- Up-to-date: /home/maclab/Documents/ROS_WORKSPACES/WS_Master_Thesis/install/uc1_robot_perception/include/uc1_robot_perception/uc1_robot_perception
-- Up-to-date: /home/maclab/Documents/ROS_WORKSPACES/WS_Master_Thesis/install/uc1_robot_perception/include/uc1_robot_perception/uc1_robot_perception/msg
-- Up-to-date: /home/maclab/Documents/ROS_WORKSPACES/WS_Master_Thesis/install/uc1_robot_perception/include/uc1_robot_perception/uc1_robot_perception/msg/detail
-- Up-to-date: /home/maclab/Documents/ROS_WORKSPACES/WS_Master_Thesis/install/uc1_robot_perception/include/uc1_robot_perception/uc1_robot_perception/msg/detail/contact__rosidl_typesupport_fastrtps_cpp.hpp
-- Up-to-date: /home/maclab/Documents/ROS_WORKSPACES/WS_Master_Thesis/install/uc1_robot_perception/include/uc1_robot_perception/uc1_robot_perception/msg/detail/proximity_task__rosidl_typesupport_fastrtps_cpp.hpp
-- Up-to-date: /home/maclab/Documents/ROS_WORKSPACES/WS_Master_Thesis/install/uc1_robot_perception/include/uc1_robot_perception/uc1_robot_perception/msg/detail/proximity_task_array__rosidl_typesupport_fastrtps_cpp.hpp
-- Up-to-date: /home/maclab/Documents/ROS_WORKSPACES/WS_Master_Thesis/install/uc1_robot_perception/include/uc1_robot_perception/uc1_robot_perception/msg/detail/contact_array__rosidl_typesupport_fastrtps_cpp.hpp
-- Up-to-date: /home/maclab/Documents/ROS_WORKSPACES/WS_Master_Thesis/install/uc1_robot_perception/include/uc1_robot_perception/uc1_robot_perception/msg/detail/dds_fastrtps
-- Up-to-date: /home/maclab/Documents/ROS_WORKSPACES/WS_Master_Thesis/install/uc1_robot_perception/include/uc1_robot_perception/uc1_robot_perception/msg/rosidl_typesupport_fastrtps_cpp__visibility_control.h
-- Installing: /home/maclab/Documents/ROS_WORKSPACES/WS_Master_Thesis/install/uc1_robot_perception/lib/libuc1_robot_perception__rosidl_typesupport_fastrtps_cpp.so
-- Set runtime path of "/home/maclab/Documents/ROS_WORKSPACES/WS_Master_Thesis/install/uc1_robot_perception/lib/libuc1_robot_perception__rosidl_typesupport_fastrtps_cpp.so" to ""
-- Up-to-date: /home/maclab/Documents/ROS_WORKSPACES/WS_Master_Thesis/install/uc1_robot_perception/include/uc1_robot_perception/uc1_robot_perception
-- Up-to-date: /home/maclab/Documents/ROS_WORKSPACES/WS_Master_Thesis/install/uc1_robot_perception/include/uc1_robot_perception/uc1_robot_perception/msg
-- Up-to-date: /home/maclab/Documents/ROS_WORKSPACES/WS_Master_Thesis/install/uc1_robot_perception/include/uc1_robot_perception/uc1_robot_perception/msg/rosidl_typesupport_introspection_c__visibility_control.h
-- Up-to-date: /home/maclab/Documents/ROS_WORKSPACES/WS_Master_Thesis/install/uc1_robot_perception/include/uc1_robot_perception/uc1_robot_perception/msg/detail
-- Up-to-date: /home/maclab/Documents/ROS_WORKSPACES/WS_Master_Thesis/install/uc1_robot_perception/include/uc1_robot_perception/uc1_robot_perception/msg/detail/contact__rosidl_typesupport_introspection_c.h
-- Up-to-date: /home/maclab/Documents/ROS_WORKSPACES/WS_Master_Thesis/install/uc1_robot_perception/include/uc1_robot_perception/uc1_robot_perception/msg/detail/contact_array__type_support.c
-- Up-to-date: /home/maclab/Documents/ROS_WORKSPACES/WS_Master_Thesis/install/uc1_robot_perception/include/uc1_robot_perception/uc1_robot_perception/msg/detail/proximity_task__type_support.c
-- Up-to-date: /home/maclab/Documents/ROS_WORKSPACES/WS_Master_Thesis/install/uc1_robot_perception/include/uc1_robot_perception/uc1_robot_perception/msg/detail/contact_array__rosidl_typesupport_introspection_c.h
-- Up-to-date: /home/maclab/Documents/ROS_WORKSPACES/WS_Master_Thesis/install/uc1_robot_perception/include/uc1_robot_perception/uc1_robot_perception/msg/detail/proximity_task_array__rosidl_typesupport_introspection_c.h
-- Up-to-date: /home/maclab/Documents/ROS_WORKSPACES/WS_Master_Thesis/install/uc1_robot_perception/include/uc1_robot_perception/uc1_robot_perception/msg/detail/contact__type_support.c
-- Up-to-date: /home/maclab/Documents/ROS_WORKSPACES/WS_Master_Thesis/install/uc1_robot_perception/include/uc1_robot_perception/uc1_robot_perception/msg/detail/proximity_task__rosidl_typesupport_introspection_c.h
-- Up-to-date: /home/maclab/Documents/ROS_WORKSPACES/WS_Master_Thesis/install/uc1_robot_perception/include/uc1_robot_perception/uc1_robot_perception/msg/detail/proximity_task_array__type_support.c
-- Installing: /home/maclab/Documents/ROS_WORKSPACES/WS_Master_Thesis/install/uc1_robot_perception/lib/libuc1_robot_perception__rosidl_typesupport_introspection_c.so
-- Set runtime path of "/home/maclab/Documents/ROS_WORKSPACES/WS_Master_Thesis/install/uc1_robot_perception/lib/libuc1_robot_perception__rosidl_typesupport_introspection_c.so" to ""
-- Installing: /home/maclab/Documents/ROS_WORKSPACES/WS_Master_Thesis/install/uc1_robot_perception/lib/libuc1_robot_perception__rosidl_typesupport_c.so
-- Set runtime path of "/home/maclab/Documents/ROS_WORKSPACES/WS_Master_Thesis/install/uc1_robot_perception/lib/libuc1_robot_perception__rosidl_typesupport_c.so" to ""
-- Up-to-date: /home/maclab/Documents/ROS_WORKSPACES/WS_Master_Thesis/install/uc1_robot_perception/include/uc1_robot_perception/uc1_robot_perception
-- Up-to-date: /home/maclab/Documents/ROS_WORKSPACES/WS_Master_Thesis/install/uc1_robot_perception/include/uc1_robot_perception/uc1_robot_perception/msg
-- Up-to-date: /home/maclab/Documents/ROS_WORKSPACES/WS_Master_Thesis/install/uc1_robot_perception/include/uc1_robot_perception/uc1_robot_perception/msg/detail
-- Up-to-date: /home/maclab/Documents/ROS_WORKSPACES/WS_Master_Thesis/install/uc1_robot_perception/include/uc1_robot_perception/uc1_robot_perception/msg/detail/contact__rosidl_typesupport_introspection_cpp.hpp
-- Up-to-date: /home/maclab/Documents/ROS_WORKSPACES/WS_Master_Thesis/install/uc1_robot_perception/include/uc1_robot_perception/uc1_robot_perception/msg/detail/proximity_task_array__rosidl_typesupport_introspection_cpp.hpp
-- Up-to-date: /home/maclab/Documents/ROS_WORKSPACES/WS_Master_Thesis/install/uc1_robot_perception/include/uc1_robot_perception/uc1_robot_perception/msg/detail/contact__type_support.cpp
-- Up-to-date: /home/maclab/Documents/ROS_WORKSPACES/WS_Master_Thesis/install/uc1_robot_perception/include/uc1_robot_perception/uc1_robot_perception/msg/detail/proximity_task_array__type_support.cpp
-- Up-to-date: /home/maclab/Documents/ROS_WORKSPACES/WS_Master_Thesis/install/uc1_robot_perception/include/uc1_robot_perception/uc1_robot_perception/msg/detail/proximity_task__rosidl_typesupport_introspection_cpp.hpp
-- Up-to-date: /home/maclab/Documents/ROS_WORKSPACES/WS_Master_Thesis/install/uc1_robot_perception/include/uc1_robot_perception/uc1_robot_perception/msg/detail/proximity_task__type_support.cpp
-- Up-to-date: /home/maclab/Documents/ROS_WORKSPACES/WS_Master_Thesis/install/uc1_robot_perception/include/uc1_robot_perception/uc1_robot_perception/msg/detail/contact_array__rosidl_typesupport_introspection_cpp.hpp
-- Up-to-date: /home/maclab/Documents/ROS_WORKSPACES/WS_Master_Thesis/install/uc1_robot_perception/include/uc1_robot_perception/uc1_robot_perception/msg/detail/contact_array__type_support.cpp
-- Installing: /home/maclab/Documents/ROS_WORKSPACES/WS_Master_Thesis/install/uc1_robot_perception/lib/libuc1_robot_perception__rosidl_typesupport_introspection_cpp.so
-- Set runtime path of "/home/maclab/Documents/ROS_WORKSPACES/WS_Master_Thesis/install/uc1_robot_perception/lib/libuc1_robot_perception__rosidl_typesupport_introspection_cpp.so" to ""
-- Installing: /home/maclab/Documents/ROS_WORKSPACES/WS_Master_Thesis/install/uc1_robot_perception/lib/libuc1_robot_perception__rosidl_typesupport_cpp.so
-- Set runtime path of "/home/maclab/Documents/ROS_WORKSPACES/WS_Master_Thesis/install/uc1_robot_perception/lib/libuc1_robot_perception__rosidl_typesupport_cpp.so" to ""
-- Up-to-date: /home/maclab/Documents/ROS_WORKSPACES/WS_Master_Thesis/install/uc1_robot_perception/share/uc1_robot_perception/environment/pythonpath.sh
-- Installing: /home/maclab/Documents/ROS_WORKSPACES/WS_Master_Thesis/install/uc1_robot_perception/share/uc1_robot_perception/environment/pythonpath.dsv
-- Up-to-date: /home/maclab/Documents/ROS_WORKSPACES/WS_Master_Thesis/install/uc1_robot_perception/local/lib/python3.10/dist-packages/uc1_robot_perception-0.0.0-py3.10.egg-info
-- Installing: /home/maclab/Documents/ROS_WORKSPACES/WS_Master_Thesis/install/uc1_robot_perception/local/lib/python3.10/dist-packages/uc1_robot_perception-0.0.0-py3.10.egg-info/dependency_links.txt
-- Installing: /home/maclab/Documents/ROS_WORKSPACES/WS_Master_Thesis/install/uc1_robot_perception/local/lib/python3.10/dist-packages/uc1_robot_perception-0.0.0-py3.10.egg-info/SOURCES.txt
-- Installing: /home/maclab/Documents/ROS_WORKSPACES/WS_Master_Thesis/install/uc1_robot_perception/local/lib/python3.10/dist-packages/uc1_robot_perception-0.0.0-py3.10.egg-info/PKG-INFO
-- Installing: /home/maclab/Documents/ROS_WORKSPACES/WS_Master_Thesis/install/uc1_robot_perception/local/lib/python3.10/dist-packages/uc1_robot_perception-0.0.0-py3.10.egg-info/top_level.txt
-- Up-to-date: /home/maclab/Documents/ROS_WORKSPACES/WS_Master_Thesis/install/uc1_robot_perception/local/lib/python3.10/dist-packages/uc1_robot_perception
-- Installing: /home/maclab/Documents/ROS_WORKSPACES/WS_Master_Thesis/install/uc1_robot_perception/local/lib/python3.10/dist-packages/uc1_robot_perception/__init__.py
-- Up-to-date: /home/maclab/Documents/ROS_WORKSPACES/WS_Master_Thesis/install/uc1_robot_perception/local/lib/python3.10/dist-packages/uc1_robot_perception/msg
-- Up-to-date: /home/maclab/Documents/ROS_WORKSPACES/WS_Master_Thesis/install/uc1_robot_perception/local/lib/python3.10/dist-packages/uc1_robot_perception/msg/_proximity_task.py
-- Up-to-date: /home/maclab/Documents/ROS_WORKSPACES/WS_Master_Thesis/install/uc1_robot_perception/local/lib/python3.10/dist-packages/uc1_robot_perception/msg/__init__.py
-- Up-to-date: /home/maclab/Documents/ROS_WORKSPACES/WS_Master_Thesis/install/uc1_robot_perception/local/lib/python3.10/dist-packages/uc1_robot_perception/msg/_contact_array.py
-- Up-to-date: /home/maclab/Documents/ROS_WORKSPACES/WS_Master_Thesis/install/uc1_robot_perception/local/lib/python3.10/dist-packages/uc1_robot_perception/msg/_proximity_task_s.c
-- Up-to-date: /home/maclab/Documents/ROS_WORKSPACES/WS_Master_Thesis/install/uc1_robot_perception/local/lib/python3.10/dist-packages/uc1_robot_perception/msg/_contact_array_s.c
-- Up-to-date: /home/maclab/Documents/ROS_WORKSPACES/WS_Master_Thesis/install/uc1_robot_perception/local/lib/python3.10/dist-packages/uc1_robot_perception/msg/_proximity_task_array_s.c
-- Up-to-date: /home/maclab/Documents/ROS_WORKSPACES/WS_Master_Thesis/install/uc1_robot_perception/local/lib/python3.10/dist-packages/uc1_robot_perception/msg/_contact_s.c
-- Up-to-date: /home/maclab/Documents/ROS_WORKSPACES/WS_Master_Thesis/install/uc1_robot_perception/local/lib/python3.10/dist-packages/uc1_robot_perception/msg/_proximity_task_array.py
-- Up-to-date: /home/maclab/Documents/ROS_WORKSPACES/WS_Master_Thesis/install/uc1_robot_perception/local/lib/python3.10/dist-packages/uc1_robot_perception/msg/_contact.py
-- Installing: /home/maclab/Documents/ROS_WORKSPACES/WS_Master_Thesis/install/uc1_robot_perception/local/lib/python3.10/dist-packages/uc1_robot_perception/uc1_robot_perception_s__rosidl_typesupport_fastrtps_c.cpython-310-x86_64-linux-gnu.so
-- Up-to-date: /home/maclab/Documents/ROS_WORKSPACES/WS_Master_Thesis/install/uc1_robot_perception/local/lib/python3.10/dist-packages/uc1_robot_perception/_uc1_robot_perception_s.ep.rosidl_typesupport_fastrtps_c.c
-- Installing: /home/maclab/Documents/ROS_WORKSPACES/WS_Master_Thesis/install/uc1_robot_perception/local/lib/python3.10/dist-packages/uc1_robot_perception/uc1_robot_perception_s__rosidl_typesupport_c.cpython-310-x86_64-linux-gnu.so
-- Installing: /home/maclab/Documents/ROS_WORKSPACES/WS_Master_Thesis/install/uc1_robot_perception/local/lib/python3.10/dist-packages/uc1_robot_perception/libuc1_robot_perception__rosidl_generator_py.so
-- Installing: /home/maclab/Documents/ROS_WORKSPACES/WS_Master_Thesis/install/uc1_robot_perception/local/lib/python3.10/dist-packages/uc1_robot_perception/uc1_robot_perception_s__rosidl_typesupport_introspection_c.cpython-310-x86_64-linux-gnu.so
-- Up-to-date: /home/maclab/Documents/ROS_WORKSPACES/WS_Master_Thesis/install/uc1_robot_perception/local/lib/python3.10/dist-packages/uc1_robot_perception/_uc1_robot_perception_s.ep.rosidl_typesupport_c.c
-- Up-to-date: /home/maclab/Documents/ROS_WORKSPACES/WS_Master_Thesis/install/uc1_robot_perception/local/lib/python3.10/dist-packages/uc1_robot_perception/_uc1_robot_perception_s.ep.rosidl_typesupport_introspection_c.c
Listing '/home/maclab/Documents/ROS_WORKSPACES/WS_Master_Thesis/install/uc1_robot_perception/local/lib/python3.10/dist-packages/uc1_robot_perception'...
Compiling '/home/maclab/Documents/ROS_WORKSPACES/WS_Master_Thesis/install/uc1_robot_perception/local/lib/python3.10/dist-packages/uc1_robot_perception/__init__.py'...
Listing '/home/maclab/Documents/ROS_WORKSPACES/WS_Master_Thesis/install/uc1_robot_perception/local/lib/python3.10/dist-packages/uc1_robot_perception/msg'...
-- Installing: /home/maclab/Documents/ROS_WORKSPACES/WS_Master_Thesis/install/uc1_robot_perception/local/lib/python3.10/dist-packages/uc1_robot_perception/uc1_robot_perception_s__rosidl_typesupport_fastrtps_c.cpython-310-x86_64-linux-gnu.so
-- Set runtime path of "/home/maclab/Documents/ROS_WORKSPACES/WS_Master_Thesis/install/uc1_robot_perception/local/lib/python3.10/dist-packages/uc1_robot_perception/uc1_robot_perception_s__rosidl_typesupport_fastrtps_c.cpython-310-x86_64-linux-gnu.so" to ""
-- Installing: /home/maclab/Documents/ROS_WORKSPACES/WS_Master_Thesis/install/uc1_robot_perception/local/lib/python3.10/dist-packages/uc1_robot_perception/uc1_robot_perception_s__rosidl_typesupport_introspection_c.cpython-310-x86_64-linux-gnu.so
-- Set runtime path of "/home/maclab/Documents/ROS_WORKSPACES/WS_Master_Thesis/install/uc1_robot_perception/local/lib/python3.10/dist-packages/uc1_robot_perception/uc1_robot_perception_s__rosidl_typesupport_introspection_c.cpython-310-x86_64-linux-gnu.so" to ""
-- Installing: /home/maclab/Documents/ROS_WORKSPACES/WS_Master_Thesis/install/uc1_robot_perception/local/lib/python3.10/dist-packages/uc1_robot_perception/uc1_robot_perception_s__rosidl_typesupport_c.cpython-310-x86_64-linux-gnu.so
-- Set runtime path of "/home/maclab/Documents/ROS_WORKSPACES/WS_Master_Thesis/install/uc1_robot_perception/local/lib/python3.10/dist-packages/uc1_robot_perception/uc1_robot_perception_s__rosidl_typesupport_c.cpython-310-x86_64-linux-gnu.so" to ""
-- Installing: /home/maclab/Documents/ROS_WORKSPACES/WS_Master_Thesis/install/uc1_robot_perception/lib/libuc1_robot_perception__rosidl_generator_py.so
-- Set runtime path of "/home/maclab/Documents/ROS_WORKSPACES/WS_Master_Thesis/install/uc1_robot_perception/lib/libuc1_robot_perception__rosidl_generator_py.so" to ""
-- Up-to-date: /home/maclab/Documents/ROS_WORKSPACES/WS_Master_Thesis/install/uc1_robot_perception/share/uc1_robot_perception/msg/ProximityTask.idl
-- Up-to-date: /home/maclab/Documents/ROS_WORKSPACES/WS_Master_Thesis/install/uc1_robot_perception/share/uc1_robot_perception/msg/ProximityTaskArray.idl
-- Up-to-date: /home/maclab/Documents/ROS_WORKSPACES/WS_Master_Thesis/install/uc1_robot_perception/share/uc1_robot_perception/msg/Contact.idl
-- Up-to-date: /home/maclab/Documents/ROS_WORKSPACES/WS_Master_Thesis/install/uc1_robot_perception/share/uc1_robot_perception/msg/ContactArray.idl
-- Up-to-date: /home/maclab/Documents/ROS_WORKSPACES/WS_Master_Thesis/install/uc1_robot_perception/share/uc1_robot_perception/msg/ProximityTask.msg
-- Up-to-date: /home/maclab/Documents/ROS_WORKSPACES/WS_Master_Thesis/install/uc1_robot_perception/share/uc1_robot_perception/msg/ProximityTaskArray.msg
-- Up-to-date: /home/maclab/Documents/ROS_WORKSPACES/WS_Master_Thesis/install/uc1_robot_perception/share/uc1_robot_perception/msg/Contact.msg
-- Up-to-date: /home/maclab/Documents/ROS_WORKSPACES/WS_Master_Thesis/install/uc1_robot_perception/share/uc1_robot_perception/msg/ContactArray.msg
-- Installing: /home/maclab/Documents/ROS_WORKSPACES/WS_Master_Thesis/install/uc1_robot_perception/lib/uc1_robot_perception/simulated_contact_publisher
-- Set runtime path of "/home/maclab/Documents/ROS_WORKSPACES/WS_Master_Thesis/install/uc1_robot_perception/lib/uc1_robot_perception/simulated_contact_publisher" to ""
-- Installing: /home/maclab/Documents/ROS_WORKSPACES/WS_Master_Thesis/install/uc1_robot_perception/lib/uc1_robot_perception/interactive_contact_publisher
-- Set runtime path of "/home/maclab/Documents/ROS_WORKSPACES/WS_Master_Thesis/install/uc1_robot_perception/lib/uc1_robot_perception/interactive_contact_publisher" to ""
-- Installing: /home/maclab/Documents/ROS_WORKSPACES/WS_Master_Thesis/install/uc1_robot_perception/lib/uc1_robot_perception/proximity_task_generator
-- Set runtime path of "/home/maclab/Documents/ROS_WORKSPACES/WS_Master_Thesis/install/uc1_robot_perception/lib/uc1_robot_perception/proximity_task_generator" to ""
-- Up-to-date: /home/maclab/Documents/ROS_WORKSPACES/WS_Master_Thesis/install/uc1_robot_perception/share/uc1_robot_perception/
-- Up-to-date: /home/maclab/Documents/ROS_WORKSPACES/WS_Master_Thesis/install/uc1_robot_perception/share/uc1_robot_perception//resources
-- Up-to-date: /home/maclab/Documents/ROS_WORKSPACES/WS_Master_Thesis/install/uc1_robot_perception/share/uc1_robot_perception//resources/stl
-- Up-to-date: /home/maclab/Documents/ROS_WORKSPACES/WS_Master_Thesis/install/uc1_robot_perception/share/uc1_robot_perception//resources/stl/wrist2.stl
-- Up-to-date: /home/maclab/Documents/ROS_WORKSPACES/WS_Master_Thesis/install/uc1_robot_perception/share/uc1_robot_perception//resources/stl/shoulder.stl
-- Up-to-date: /home/maclab/Documents/ROS_WORKSPACES/WS_Master_Thesis/install/uc1_robot_perception/share/uc1_robot_perception//resources/stl/wrist1.stl
-- Up-to-date: /home/maclab/Documents/ROS_WORKSPACES/WS_Master_Thesis/install/uc1_robot_perception/share/uc1_robot_perception//resources/stl/forearm.stl
-- Up-to-date: /home/maclab/Documents/ROS_WORKSPACES/WS_Master_Thesis/install/uc1_robot_perception/share/uc1_robot_perception//resources/stl/base.stl
-- Up-to-date: /home/maclab/Documents/ROS_WORKSPACES/WS_Master_Thesis/install/uc1_robot_perception/share/uc1_robot_perception//resources/stl/upperarm.stl
-- Up-to-date: /home/maclab/Documents/ROS_WORKSPACES/WS_Master_Thesis/install/uc1_robot_perception/share/uc1_robot_perception//resources/stl/wrist3.stl
-- Up-to-date: /home/maclab/Documents/ROS_WORKSPACES/WS_Master_Thesis/install/uc1_robot_perception/share/uc1_robot_perception//resources/ply
-- Up-to-date: /home/maclab/Documents/ROS_WORKSPACES/WS_Master_Thesis/install/uc1_robot_perception/share/uc1_robot_perception//resources/ply/ur10
-- Up-to-date: /home/maclab/Documents/ROS_WORKSPACES/WS_Master_Thesis/install/uc1_robot_perception/share/uc1_robot_perception//resources/ply/ur10/upperarm.ply
-- Up-to-date: /home/maclab/Documents/ROS_WORKSPACES/WS_Master_Thesis/install/uc1_robot_perception/share/uc1_robot_perception//resources/ply/ur10/base.ply
-- Up-to-date: /home/maclab/Documents/ROS_WORKSPACES/WS_Master_Thesis/install/uc1_robot_perception/share/uc1_robot_perception//resources/ply/ur10/wrist2.ply
-- Up-to-date: /home/maclab/Documents/ROS_WORKSPACES/WS_Master_Thesis/install/uc1_robot_perception/share/uc1_robot_perception//resources/ply/ur10/wrist1.ply
-- Up-to-date: /home/maclab/Documents/ROS_WORKSPACES/WS_Master_Thesis/install/uc1_robot_perception/share/uc1_robot_perception//resources/ply/ur10/wrist3.ply
-- Up-to-date: /home/maclab/Documents/ROS_WORKSPACES/WS_Master_Thesis/install/uc1_robot_perception/share/uc1_robot_perception//resources/ply/ur10/forearm.ply
-- Up-to-date: /home/maclab/Documents/ROS_WORKSPACES/WS_Master_Thesis/install/uc1_robot_perception/share/uc1_robot_perception//resources/ply/ur10/shoulder.ply
-- Up-to-date: /home/maclab/Documents/ROS_WORKSPACES/WS_Master_Thesis/install/uc1_robot_perception/share/uc1_robot_perception//resources/ply/kuka
-- Up-to-date: /home/maclab/Documents/ROS_WORKSPACES/WS_Master_Thesis/install/uc1_robot_perception/share/uc1_robot_perception//resources/ply/kuka/link_6.ply
-- Up-to-date: /home/maclab/Documents/ROS_WORKSPACES/WS_Master_Thesis/install/uc1_robot_perception/share/uc1_robot_perception//resources/ply/kuka/link_3.ply
-- Up-to-date: /home/maclab/Documents/ROS_WORKSPACES/WS_Master_Thesis/install/uc1_robot_perception/share/uc1_robot_perception//resources/ply/kuka/link_5.ply
-- Up-to-date: /home/maclab/Documents/ROS_WORKSPACES/WS_Master_Thesis/install/uc1_robot_perception/share/uc1_robot_perception//resources/ply/kuka/link_2.ply
-- Up-to-date: /home/maclab/Documents/ROS_WORKSPACES/WS_Master_Thesis/install/uc1_robot_perception/share/uc1_robot_perception//resources/ply/kuka/link_4.ply
-- Up-to-date: /home/maclab/Documents/ROS_WORKSPACES/WS_Master_Thesis/install/uc1_robot_perception/share/uc1_robot_perception//resources/ply/kuka/base_link.ply
-- Up-to-date: /home/maclab/Documents/ROS_WORKSPACES/WS_Master_Thesis/install/uc1_robot_perception/share/uc1_robot_perception//resources/ply/kuka/link_1.ply
-- Up-to-date: /home/maclab/Documents/ROS_WORKSPACES/WS_Master_Thesis/install/uc1_robot_perception/share/uc1_robot_perception/msg
-- Up-to-date: /home/maclab/Documents/ROS_WORKSPACES/WS_Master_Thesis/install/uc1_robot_perception/share/uc1_robot_perception/msg/Contact.msg
-- Up-to-date: /home/maclab/Documents/ROS_WORKSPACES/WS_Master_Thesis/install/uc1_robot_perception/share/uc1_robot_perception/msg/ProximityTask.msg
-- Up-to-date: /home/maclab/Documents/ROS_WORKSPACES/WS_Master_Thesis/install/uc1_robot_perception/share/uc1_robot_perception/msg/ProximityTaskArray.msg
-- Up-to-date: /home/maclab/Documents/ROS_WORKSPACES/WS_Master_Thesis/install/uc1_robot_perception/share/uc1_robot_perception/msg/ContactArray.msg
-- Up-to-date: /home/maclab/Documents/ROS_WORKSPACES/WS_Master_Thesis/install/uc1_robot_perception/share/uc1_robot_perception/package.xml
-- Up-to-date: /home/maclab/Documents/ROS_WORKSPACES/WS_Master_Thesis/install/uc1_robot_perception/share/ament_index/resource_index/package_run_dependencies/uc1_robot_perception
-- Up-to-date: /home/maclab/Documents/ROS_WORKSPACES/WS_Master_Thesis/install/uc1_robot_perception/share/ament_index/resource_index/parent_prefix_path/uc1_robot_perception
-- Up-to-date: /home/maclab/Documents/ROS_WORKSPACES/WS_Master_Thesis/install/uc1_robot_perception/share/uc1_robot_perception/environment/ament_prefix_path.sh
-- Installing: /home/maclab/Documents/ROS_WORKSPACES/WS_Master_Thesis/install/uc1_robot_perception/share/uc1_robot_perception/environment/ament_prefix_path.dsv
-- Up-to-date: /home/maclab/Documents/ROS_WORKSPACES/WS_Master_Thesis/install/uc1_robot_perception/share/uc1_robot_perception/environment/path.sh
-- Installing: /home/maclab/Documents/ROS_WORKSPACES/WS_Master_Thesis/install/uc1_robot_perception/share/uc1_robot_perception/environment/path.dsv
-- Up-to-date: /home/maclab/Documents/ROS_WORKSPACES/WS_Master_Thesis/install/uc1_robot_perception/share/uc1_robot_perception/local_setup.bash
-- Up-to-date: /home/maclab/Documents/ROS_WORKSPACES/WS_Master_Thesis/install/uc1_robot_perception/share/uc1_robot_perception/local_setup.sh
-- Up-to-date: /home/maclab/Documents/ROS_WORKSPACES/WS_Master_Thesis/install/uc1_robot_perception/share/uc1_robot_perception/local_setup.zsh
-- Installing: /home/maclab/Documents/ROS_WORKSPACES/WS_Master_Thesis/install/uc1_robot_perception/share/uc1_robot_perception/local_setup.dsv
-- Installing: /home/maclab/Documents/ROS_WORKSPACES/WS_Master_Thesis/install/uc1_robot_perception/share/uc1_robot_perception/package.dsv
-- Up-to-date: /home/maclab/Documents/ROS_WORKSPACES/WS_Master_Thesis/install/uc1_robot_perception/share/ament_index/resource_index/packages/uc1_robot_perception
-- Up-to-date: /home/maclab/Documents/ROS_WORKSPACES/WS_Master_Thesis/install/uc1_robot_perception/share/uc1_robot_perception/cmake/export_uc1_robot_perception__rosidl_generator_cExport.cmake
-- Up-to-date: /home/maclab/Documents/ROS_WORKSPACES/WS_Master_Thesis/install/uc1_robot_perception/share/uc1_robot_perception/cmake/export_uc1_robot_perception__rosidl_generator_cExport-noconfig.cmake
-- Up-to-date: /home/maclab/Documents/ROS_WORKSPACES/WS_Master_Thesis/install/uc1_robot_perception/share/uc1_robot_perception/cmake/export_uc1_robot_perception__rosidl_typesupport_fastrtps_cExport.cmake
-- Up-to-date: /home/maclab/Documents/ROS_WORKSPACES/WS_Master_Thesis/install/uc1_robot_perception/share/uc1_robot_perception/cmake/export_uc1_robot_perception__rosidl_typesupport_fastrtps_cExport-noconfig.cmake
-- Up-to-date: /home/maclab/Documents/ROS_WORKSPACES/WS_Master_Thesis/install/uc1_robot_perception/share/uc1_robot_perception/cmake/export_uc1_robot_perception__rosidl_generator_cppExport.cmake
-- Up-to-date: /home/maclab/Documents/ROS_WORKSPACES/WS_Master_Thesis/install/uc1_robot_perception/share/uc1_robot_perception/cmake/export_uc1_robot_perception__rosidl_typesupport_fastrtps_cppExport.cmake
-- Up-to-date: /home/maclab/Documents/ROS_WORKSPACES/WS_Master_Thesis/install/uc1_robot_perception/share/uc1_robot_perception/cmake/export_uc1_robot_perception__rosidl_typesupport_fastrtps_cppExport-noconfig.cmake
-- Up-to-date: /home/maclab/Documents/ROS_WORKSPACES/WS_Master_Thesis/install/uc1_robot_perception/share/uc1_robot_perception/cmake/uc1_robot_perception__rosidl_typesupport_introspection_cExport.cmake
-- Up-to-date: /home/maclab/Documents/ROS_WORKSPACES/WS_Master_Thesis/install/uc1_robot_perception/share/uc1_robot_perception/cmake/uc1_robot_perception__rosidl_typesupport_introspection_cExport-noconfig.cmake
-- Up-to-date: /home/maclab/Documents/ROS_WORKSPACES/WS_Master_Thesis/install/uc1_robot_perception/share/uc1_robot_perception/cmake/uc1_robot_perception__rosidl_typesupport_cExport.cmake
-- Up-to-date: /home/maclab/Documents/ROS_WORKSPACES/WS_Master_Thesis/install/uc1_robot_perception/share/uc1_robot_perception/cmake/uc1_robot_perception__rosidl_typesupport_cExport-noconfig.cmake
-- Up-to-date: /home/maclab/Documents/ROS_WORKSPACES/WS_Master_Thesis/install/uc1_robot_perception/share/uc1_robot_perception/cmake/uc1_robot_perception__rosidl_typesupport_introspection_cppExport.cmake
-- Up-to-date: /home/maclab/Documents/ROS_WORKSPACES/WS_Master_Thesis/install/uc1_robot_perception/share/uc1_robot_perception/cmake/uc1_robot_perception__rosidl_typesupport_introspection_cppExport-noconfig.cmake
-- Up-to-date: /home/maclab/Documents/ROS_WORKSPACES/WS_Master_Thesis/install/uc1_robot_perception/share/uc1_robot_perception/cmake/uc1_robot_perception__rosidl_typesupport_cppExport.cmake
-- Up-to-date: /home/maclab/Documents/ROS_WORKSPACES/WS_Master_Thesis/install/uc1_robot_perception/share/uc1_robot_perception/cmake/uc1_robot_perception__rosidl_typesupport_cppExport-noconfig.cmake
-- Up-to-date: /home/maclab/Documents/ROS_WORKSPACES/WS_Master_Thesis/install/uc1_robot_perception/share/uc1_robot_perception/cmake/export_uc1_robot_perception__rosidl_generator_pyExport.cmake
-- Up-to-date: /home/maclab/Documents/ROS_WORKSPACES/WS_Master_Thesis/install/uc1_robot_perception/share/uc1_robot_perception/cmake/export_uc1_robot_perception__rosidl_generator_pyExport-noconfig.cmake
-- Up-to-date: /home/maclab/Documents/ROS_WORKSPACES/WS_Master_Thesis/install/uc1_robot_perception/share/uc1_robot_perception/cmake/rosidl_cmake-extras.cmake
-- Up-to-date: /home/maclab/Documents/ROS_WORKSPACES/WS_Master_Thesis/install/uc1_robot_perception/share/uc1_robot_perception/cmake/ament_cmake_export_dependencies-extras.cmake
-- Up-to-date: /home/maclab/Documents/ROS_WORKSPACES/WS_Master_Thesis/install/uc1_robot_perception/share/uc1_robot_perception/cmake/ament_cmake_export_include_directories-extras.cmake
-- Up-to-date: /home/maclab/Documents/ROS_WORKSPACES/WS_Master_Thesis/install/uc1_robot_perception/share/uc1_robot_perception/cmake/ament_cmake_export_libraries-extras.cmake
-- Up-to-date: /home/maclab/Documents/ROS_WORKSPACES/WS_Master_Thesis/install/uc1_robot_perception/share/uc1_robot_perception/cmake/ament_cmake_export_targets-extras.cmake
-- Up-to-date: /home/maclab/Documents/ROS_WORKSPACES/WS_Master_Thesis/install/uc1_robot_perception/share/uc1_robot_perception/cmake/rosidl_cmake_export_typesupport_targets-extras.cmake
-- Up-to-date: /home/maclab/Documents/ROS_WORKSPACES/WS_Master_Thesis/install/uc1_robot_perception/share/uc1_robot_perception/cmake/rosidl_cmake_export_typesupport_libraries-extras.cmake
-- Up-to-date: /home/maclab/Documents/ROS_WORKSPACES/WS_Master_Thesis/install/uc1_robot_perception/share/uc1_robot_perception/cmake/uc1_robot_perceptionConfig.cmake
-- Up-to-date: /home/maclab/Documents/ROS_WORKSPACES/WS_Master_Thesis/install/uc1_robot_perception/share/uc1_robot_perception/cmake/uc1_robot_perceptionConfig-version.cmake
-- Up-to-date: /home/maclab/Documents/ROS_WORKSPACES/WS_Master_Thesis/install/uc1_robot_perception/share/uc1_robot_perception/package.xml
