[0.043s] DEBUG:colcon:Command line arguments: ['/usr/bin/colcon', 'build']
[0.043s] DEBUG:colcon:Parsed command line arguments: Namespace(log_base=None, log_level=None, verb_name='build', build_base='build', install_base='install', merge_install=False, symlink_install=False, test_result_base=None, continue_on_error=False, executor='parallel', parallel_workers=32, event_handlers=None, ignore_user_meta=False, metas=['./colcon.meta'], base_paths=['.'], packages_ignore=None, packages_ignore_regex=None, paths=None, packages_up_to=None, packages_up_to_regex=None, packages_above=None, packages_above_and_dependencies=None, packages_above_depth=None, packages_select_by_dep=None, packages_skip_by_dep=None, packages_skip_up_to=None, packages_select_build_failed=False, packages_skip_build_finished=False, packages_select_test_failures=False, packages_skip_test_passed=False, packages_select=None, packages_skip=None, packages_select_regex=None, packages_skip_regex=None, packages_start=None, packages_end=None, allow_overriding=[], cmake_args=None, cmake_target=None, cmake_target_skip_unavailable=False, cmake_clean_cache=False, cmake_clean_first=False, cmake_force_configure=False, ament_cmake_args=None, catkin_cmake_args=None, catkin_skip_building_tests=False, mixin_files=None, mixin=None, verb_parser=<colcon_mixin.mixin.mixin_argument.MixinArgumentDecorator object at 0x7e0e45c71ae0>, verb_extension=<colcon_core.verb.build.BuildVerb object at 0x7e0e45c71450>, main=<bound method BuildVerb.main of <colcon_core.verb.build.BuildVerb object at 0x7e0e45c71450>>, mixin_verb=('build',))
[0.105s] Level 1:colcon.colcon_core.package_discovery:discover_packages(colcon_meta) check parameters
[0.105s] Level 1:colcon.colcon_core.package_discovery:discover_packages(recursive) check parameters
[0.105s] Level 1:colcon.colcon_core.package_discovery:discover_packages(ignore) check parameters
[0.105s] Level 1:colcon.colcon_core.package_discovery:discover_packages(path) check parameters
[0.105s] Level 1:colcon.colcon_core.package_discovery:discover_packages(colcon_meta) discover
[0.105s] Level 1:colcon.colcon_core.package_discovery:discover_packages(recursive) discover
[0.105s] INFO:colcon.colcon_core.package_discovery:Crawling recursively for packages in '/home/maclab/Documents/ROS_WORKSPACES/WS_Master_Thesis'
[0.105s] Level 1:colcon.colcon_core.package_identification:_identify(.) by extensions ['ignore', 'ignore_ament_install']
[0.105s] Level 1:colcon.colcon_core.package_identification:_identify(.) by extension 'ignore'
[0.105s] Level 1:colcon.colcon_core.package_identification:_identify(.) by extension 'ignore_ament_install'
[0.105s] Level 1:colcon.colcon_core.package_identification:_identify(.) by extensions ['colcon_pkg']
[0.105s] Level 1:colcon.colcon_core.package_identification:_identify(.) by extension 'colcon_pkg'
[0.105s] Level 1:colcon.colcon_core.package_identification:_identify(.) by extensions ['colcon_meta']
[0.105s] Level 1:colcon.colcon_core.package_identification:_identify(.) by extension 'colcon_meta'
[0.105s] Level 1:colcon.colcon_core.package_identification:_identify(.) by extensions ['ros']
[0.105s] Level 1:colcon.colcon_core.package_identification:_identify(.) by extension 'ros'
[0.109s] Level 1:colcon.colcon_core.package_identification:_identify(.) by extensions ['cmake', 'python']
[0.109s] Level 1:colcon.colcon_core.package_identification:_identify(.) by extension 'cmake'
[0.109s] Level 1:colcon.colcon_core.package_identification:_identify(.) by extension 'python'
[0.109s] Level 1:colcon.colcon_core.package_identification:_identify(.) by extensions ['python_setup_py']
[0.109s] Level 1:colcon.colcon_core.package_identification:_identify(.) by extension 'python_setup_py'
[0.109s] Level 1:colcon.colcon_core.package_identification:_identify(build) by extensions ['ignore', 'ignore_ament_install']
[0.109s] Level 1:colcon.colcon_core.package_identification:_identify(build) by extension 'ignore'
[0.109s] Level 1:colcon.colcon_core.package_identification:_identify(build) ignored
[0.110s] Level 1:colcon.colcon_core.package_identification:_identify(install) by extensions ['ignore', 'ignore_ament_install']
[0.110s] Level 1:colcon.colcon_core.package_identification:_identify(install) by extension 'ignore'
[0.110s] Level 1:colcon.colcon_core.package_identification:_identify(install) ignored
[0.110s] Level 1:colcon.colcon_core.package_identification:_identify(log) by extensions ['ignore', 'ignore_ament_install']
[0.110s] Level 1:colcon.colcon_core.package_identification:_identify(log) by extension 'ignore'
[0.110s] Level 1:colcon.colcon_core.package_identification:_identify(log) ignored
[0.110s] Level 1:colcon.colcon_core.package_identification:_identify(src) by extensions ['ignore', 'ignore_ament_install']
[0.110s] Level 1:colcon.colcon_core.package_identification:_identify(src) by extension 'ignore'
[0.110s] Level 1:colcon.colcon_core.package_identification:_identify(src) by extension 'ignore_ament_install'
[0.110s] Level 1:colcon.colcon_core.package_identification:_identify(src) by extensions ['colcon_pkg']
[0.110s] Level 1:colcon.colcon_core.package_identification:_identify(src) by extension 'colcon_pkg'
[0.110s] Level 1:colcon.colcon_core.package_identification:_identify(src) by extensions ['colcon_meta']
[0.110s] Level 1:colcon.colcon_core.package_identification:_identify(src) by extension 'colcon_meta'
[0.110s] Level 1:colcon.colcon_core.package_identification:_identify(src) by extensions ['ros']
[0.110s] Level 1:colcon.colcon_core.package_identification:_identify(src) by extension 'ros'
[0.110s] Level 1:colcon.colcon_core.package_identification:_identify(src) by extensions ['cmake', 'python']
[0.110s] Level 1:colcon.colcon_core.package_identification:_identify(src) by extension 'cmake'
[0.110s] Level 1:colcon.colcon_core.package_identification:_identify(src) by extension 'python'
[0.110s] Level 1:colcon.colcon_core.package_identification:_identify(src) by extensions ['python_setup_py']
[0.110s] Level 1:colcon.colcon_core.package_identification:_identify(src) by extension 'python_setup_py'
[0.110s] Level 1:colcon.colcon_core.package_identification:_identify(src/environment_pointcloud_processing) by extensions ['ignore', 'ignore_ament_install']
[0.110s] Level 1:colcon.colcon_core.package_identification:_identify(src/environment_pointcloud_processing) by extension 'ignore'
[0.110s] Level 1:colcon.colcon_core.package_identification:_identify(src/environment_pointcloud_processing) by extension 'ignore_ament_install'
[0.110s] Level 1:colcon.colcon_core.package_identification:_identify(src/environment_pointcloud_processing) by extensions ['colcon_pkg']
[0.110s] Level 1:colcon.colcon_core.package_identification:_identify(src/environment_pointcloud_processing) by extension 'colcon_pkg'
[0.110s] Level 1:colcon.colcon_core.package_identification:_identify(src/environment_pointcloud_processing) by extensions ['colcon_meta']
[0.110s] Level 1:colcon.colcon_core.package_identification:_identify(src/environment_pointcloud_processing) by extension 'colcon_meta'
[0.110s] Level 1:colcon.colcon_core.package_identification:_identify(src/environment_pointcloud_processing) by extensions ['ros']
[0.110s] Level 1:colcon.colcon_core.package_identification:_identify(src/environment_pointcloud_processing) by extension 'ros'
[0.111s] DEBUG:colcon.colcon_core.package_identification:Package 'src/environment_pointcloud_processing' with type 'ros.ament_cmake' and name 'environment_pointcloud_processing'
[0.111s] Level 1:colcon.colcon_core.package_identification:_identify(src/keyboard_events_publisher) by extensions ['ignore', 'ignore_ament_install']
[0.111s] Level 1:colcon.colcon_core.package_identification:_identify(src/keyboard_events_publisher) by extension 'ignore'
[0.111s] Level 1:colcon.colcon_core.package_identification:_identify(src/keyboard_events_publisher) by extension 'ignore_ament_install'
[0.111s] Level 1:colcon.colcon_core.package_identification:_identify(src/keyboard_events_publisher) by extensions ['colcon_pkg']
[0.111s] Level 1:colcon.colcon_core.package_identification:_identify(src/keyboard_events_publisher) by extension 'colcon_pkg'
[0.111s] Level 1:colcon.colcon_core.package_identification:_identify(src/keyboard_events_publisher) by extensions ['colcon_meta']
[0.111s] Level 1:colcon.colcon_core.package_identification:_identify(src/keyboard_events_publisher) by extension 'colcon_meta'
[0.111s] Level 1:colcon.colcon_core.package_identification:_identify(src/keyboard_events_publisher) by extensions ['ros']
[0.111s] Level 1:colcon.colcon_core.package_identification:_identify(src/keyboard_events_publisher) by extension 'ros'
[0.112s] DEBUG:colcon.colcon_core.package_identification:Package 'src/keyboard_events_publisher' with type 'ros.ament_cmake' and name 'keyboard_publisher_pkg'
[0.112s] Level 1:colcon.colcon_core.package_identification:_identify(src/kuka_150_3100_description) by extensions ['ignore', 'ignore_ament_install']
[0.112s] Level 1:colcon.colcon_core.package_identification:_identify(src/kuka_150_3100_description) by extension 'ignore'
[0.112s] Level 1:colcon.colcon_core.package_identification:_identify(src/kuka_150_3100_description) by extension 'ignore_ament_install'
[0.112s] Level 1:colcon.colcon_core.package_identification:_identify(src/kuka_150_3100_description) by extensions ['colcon_pkg']
[0.112s] Level 1:colcon.colcon_core.package_identification:_identify(src/kuka_150_3100_description) by extension 'colcon_pkg'
[0.112s] Level 1:colcon.colcon_core.package_identification:_identify(src/kuka_150_3100_description) by extensions ['colcon_meta']
[0.112s] Level 1:colcon.colcon_core.package_identification:_identify(src/kuka_150_3100_description) by extension 'colcon_meta'
[0.112s] Level 1:colcon.colcon_core.package_identification:_identify(src/kuka_150_3100_description) by extensions ['ros']
[0.112s] Level 1:colcon.colcon_core.package_identification:_identify(src/kuka_150_3100_description) by extension 'ros'
[0.112s] DEBUG:colcon.colcon_core.package_identification:Package 'src/kuka_150_3100_description' with type 'ros.ament_cmake' and name 'kuka_150_3100_description'
[0.112s] Level 1:colcon.colcon_core.package_identification:_identify(src/kuka_resources) by extensions ['ignore', 'ignore_ament_install']
[0.112s] Level 1:colcon.colcon_core.package_identification:_identify(src/kuka_resources) by extension 'ignore'
[0.112s] Level 1:colcon.colcon_core.package_identification:_identify(src/kuka_resources) by extension 'ignore_ament_install'
[0.112s] Level 1:colcon.colcon_core.package_identification:_identify(src/kuka_resources) by extensions ['colcon_pkg']
[0.112s] Level 1:colcon.colcon_core.package_identification:_identify(src/kuka_resources) by extension 'colcon_pkg'
[0.112s] Level 1:colcon.colcon_core.package_identification:_identify(src/kuka_resources) by extensions ['colcon_meta']
[0.112s] Level 1:colcon.colcon_core.package_identification:_identify(src/kuka_resources) by extension 'colcon_meta'
[0.112s] Level 1:colcon.colcon_core.package_identification:_identify(src/kuka_resources) by extensions ['ros']
[0.112s] Level 1:colcon.colcon_core.package_identification:_identify(src/kuka_resources) by extension 'ros'
[0.112s] DEBUG:colcon.colcon_core.package_identification:Package 'src/kuka_resources' with type 'ros.ament_cmake' and name 'kuka_resources'
[0.112s] Level 1:colcon.colcon_core.package_identification:_identify(src/pointcloud_interactive_markers) by extensions ['ignore', 'ignore_ament_install']
[0.112s] Level 1:colcon.colcon_core.package_identification:_identify(src/pointcloud_interactive_markers) by extension 'ignore'
[0.112s] Level 1:colcon.colcon_core.package_identification:_identify(src/pointcloud_interactive_markers) by extension 'ignore_ament_install'
[0.112s] Level 1:colcon.colcon_core.package_identification:_identify(src/pointcloud_interactive_markers) by extensions ['colcon_pkg']
[0.112s] Level 1:colcon.colcon_core.package_identification:_identify(src/pointcloud_interactive_markers) by extension 'colcon_pkg'
[0.113s] Level 1:colcon.colcon_core.package_identification:_identify(src/pointcloud_interactive_markers) by extensions ['colcon_meta']
[0.113s] Level 1:colcon.colcon_core.package_identification:_identify(src/pointcloud_interactive_markers) by extension 'colcon_meta'
[0.113s] Level 1:colcon.colcon_core.package_identification:_identify(src/pointcloud_interactive_markers) by extensions ['ros']
[0.113s] Level 1:colcon.colcon_core.package_identification:_identify(src/pointcloud_interactive_markers) by extension 'ros'
[0.113s] DEBUG:colcon.colcon_core.package_identification:Package 'src/pointcloud_interactive_markers' with type 'ros.ament_cmake' and name 'pointcloud_interactive_markers'
[0.113s] Level 1:colcon.colcon_core.package_identification:_identify(src/rsp_uc1) by extensions ['ignore', 'ignore_ament_install']
[0.113s] Level 1:colcon.colcon_core.package_identification:_identify(src/rsp_uc1) by extension 'ignore'
[0.113s] Level 1:colcon.colcon_core.package_identification:_identify(src/rsp_uc1) by extension 'ignore_ament_install'
[0.113s] Level 1:colcon.colcon_core.package_identification:_identify(src/rsp_uc1) by extensions ['colcon_pkg']
[0.113s] Level 1:colcon.colcon_core.package_identification:_identify(src/rsp_uc1) by extension 'colcon_pkg'
[0.113s] Level 1:colcon.colcon_core.package_identification:_identify(src/rsp_uc1) by extensions ['colcon_meta']
[0.113s] Level 1:colcon.colcon_core.package_identification:_identify(src/rsp_uc1) by extension 'colcon_meta'
[0.113s] Level 1:colcon.colcon_core.package_identification:_identify(src/rsp_uc1) by extensions ['ros']
[0.113s] Level 1:colcon.colcon_core.package_identification:_identify(src/rsp_uc1) by extension 'ros'
[0.114s] DEBUG:colcon.colcon_core.package_identification:Package 'src/rsp_uc1' with type 'ros.ament_cmake' and name 'rsp_uc1'
[0.114s] Level 1:colcon.colcon_core.package_identification:_identify(src/uc1_robot_controllers) by extensions ['ignore', 'ignore_ament_install']
[0.114s] Level 1:colcon.colcon_core.package_identification:_identify(src/uc1_robot_controllers) by extension 'ignore'
[0.114s] Level 1:colcon.colcon_core.package_identification:_identify(src/uc1_robot_controllers) by extension 'ignore_ament_install'
[0.114s] Level 1:colcon.colcon_core.package_identification:_identify(src/uc1_robot_controllers) by extensions ['colcon_pkg']
[0.114s] Level 1:colcon.colcon_core.package_identification:_identify(src/uc1_robot_controllers) by extension 'colcon_pkg'
[0.114s] Level 1:colcon.colcon_core.package_identification:_identify(src/uc1_robot_controllers) by extensions ['colcon_meta']
[0.114s] Level 1:colcon.colcon_core.package_identification:_identify(src/uc1_robot_controllers) by extension 'colcon_meta'
[0.114s] Level 1:colcon.colcon_core.package_identification:_identify(src/uc1_robot_controllers) by extensions ['ros']
[0.114s] Level 1:colcon.colcon_core.package_identification:_identify(src/uc1_robot_controllers) by extension 'ros'
[0.114s] DEBUG:colcon.colcon_core.package_identification:Package 'src/uc1_robot_controllers' with type 'ros.ament_cmake' and name 'uc1_robot_controllers'
[0.114s] Level 1:colcon.colcon_core.package_identification:_identify(src/uc1_robot_controllers_interfaces) by extensions ['ignore', 'ignore_ament_install']
[0.114s] Level 1:colcon.colcon_core.package_identification:_identify(src/uc1_robot_controllers_interfaces) by extension 'ignore'
[0.114s] Level 1:colcon.colcon_core.package_identification:_identify(src/uc1_robot_controllers_interfaces) by extension 'ignore_ament_install'
[0.114s] Level 1:colcon.colcon_core.package_identification:_identify(src/uc1_robot_controllers_interfaces) by extensions ['colcon_pkg']
[0.114s] Level 1:colcon.colcon_core.package_identification:_identify(src/uc1_robot_controllers_interfaces) by extension 'colcon_pkg'
[0.114s] Level 1:colcon.colcon_core.package_identification:_identify(src/uc1_robot_controllers_interfaces) by extensions ['colcon_meta']
[0.114s] Level 1:colcon.colcon_core.package_identification:_identify(src/uc1_robot_controllers_interfaces) by extension 'colcon_meta'
[0.114s] Level 1:colcon.colcon_core.package_identification:_identify(src/uc1_robot_controllers_interfaces) by extensions ['ros']
[0.114s] Level 1:colcon.colcon_core.package_identification:_identify(src/uc1_robot_controllers_interfaces) by extension 'ros'
[0.115s] DEBUG:colcon.colcon_core.package_identification:Package 'src/uc1_robot_controllers_interfaces' with type 'ros.ament_cmake' and name 'uc1_robot_controllers_interfaces'
[0.115s] Level 1:colcon.colcon_core.package_identification:_identify(src/uc1_robot_perception) by extensions ['ignore', 'ignore_ament_install']
[0.115s] Level 1:colcon.colcon_core.package_identification:_identify(src/uc1_robot_perception) by extension 'ignore'
[0.115s] Level 1:colcon.colcon_core.package_identification:_identify(src/uc1_robot_perception) by extension 'ignore_ament_install'
[0.115s] Level 1:colcon.colcon_core.package_identification:_identify(src/uc1_robot_perception) by extensions ['colcon_pkg']
[0.115s] Level 1:colcon.colcon_core.package_identification:_identify(src/uc1_robot_perception) by extension 'colcon_pkg'
[0.115s] Level 1:colcon.colcon_core.package_identification:_identify(src/uc1_robot_perception) by extensions ['colcon_meta']
[0.115s] Level 1:colcon.colcon_core.package_identification:_identify(src/uc1_robot_perception) by extension 'colcon_meta'
[0.115s] Level 1:colcon.colcon_core.package_identification:_identify(src/uc1_robot_perception) by extensions ['ros']
[0.115s] Level 1:colcon.colcon_core.package_identification:_identify(src/uc1_robot_perception) by extension 'ros'
[0.115s] DEBUG:colcon.colcon_core.package_identification:Package 'src/uc1_robot_perception' with type 'ros.ament_cmake' and name 'uc1_robot_perception'
[0.115s] Level 1:colcon.colcon_core.package_identification:_identify(src/uc1_robots_description) by extensions ['ignore', 'ignore_ament_install']
[0.115s] Level 1:colcon.colcon_core.package_identification:_identify(src/uc1_robots_description) by extension 'ignore'
[0.115s] Level 1:colcon.colcon_core.package_identification:_identify(src/uc1_robots_description) by extension 'ignore_ament_install'
[0.115s] Level 1:colcon.colcon_core.package_identification:_identify(src/uc1_robots_description) by extensions ['colcon_pkg']
[0.115s] Level 1:colcon.colcon_core.package_identification:_identify(src/uc1_robots_description) by extension 'colcon_pkg'
[0.115s] Level 1:colcon.colcon_core.package_identification:_identify(src/uc1_robots_description) by extensions ['colcon_meta']
[0.115s] Level 1:colcon.colcon_core.package_identification:_identify(src/uc1_robots_description) by extension 'colcon_meta'
[0.115s] Level 1:colcon.colcon_core.package_identification:_identify(src/uc1_robots_description) by extensions ['ros']
[0.115s] Level 1:colcon.colcon_core.package_identification:_identify(src/uc1_robots_description) by extension 'ros'
[0.116s] DEBUG:colcon.colcon_core.package_identification:Package 'src/uc1_robots_description' with type 'ros.ament_cmake' and name 'uc1_robots_description'
[0.116s] Level 1:colcon.colcon_core.package_identification:_identify(src/ur_admittance_controller) by extensions ['ignore', 'ignore_ament_install']
[0.116s] Level 1:colcon.colcon_core.package_identification:_identify(src/ur_admittance_controller) by extension 'ignore'
[0.116s] Level 1:colcon.colcon_core.package_identification:_identify(src/ur_admittance_controller) by extension 'ignore_ament_install'
[0.116s] Level 1:colcon.colcon_core.package_identification:_identify(src/ur_admittance_controller) by extensions ['colcon_pkg']
[0.116s] Level 1:colcon.colcon_core.package_identification:_identify(src/ur_admittance_controller) by extension 'colcon_pkg'
[0.116s] Level 1:colcon.colcon_core.package_identification:_identify(src/ur_admittance_controller) by extensions ['colcon_meta']
[0.116s] Level 1:colcon.colcon_core.package_identification:_identify(src/ur_admittance_controller) by extension 'colcon_meta'
[0.116s] Level 1:colcon.colcon_core.package_identification:_identify(src/ur_admittance_controller) by extensions ['ros']
[0.116s] Level 1:colcon.colcon_core.package_identification:_identify(src/ur_admittance_controller) by extension 'ros'
[0.117s] DEBUG:colcon.colcon_core.package_identification:Package 'src/ur_admittance_controller' with type 'ros.ament_cmake' and name 'ur_admittance_controller'
[0.117s] Level 1:colcon.colcon_core.package_discovery:discover_packages(recursive) using defaults
[0.117s] Level 1:colcon.colcon_core.package_discovery:discover_packages(ignore) discover
[0.117s] Level 1:colcon.colcon_core.package_discovery:discover_packages(ignore) using defaults
[0.117s] Level 1:colcon.colcon_core.package_discovery:discover_packages(path) discover
[0.117s] Level 1:colcon.colcon_core.package_discovery:discover_packages(path) using defaults
[0.128s] Level 1:colcon.colcon_core.package_discovery:discover_packages(prefix_path) check parameters
[0.128s] Level 1:colcon.colcon_core.package_discovery:discover_packages(prefix_path) discover
[0.129s] DEBUG:colcon.colcon_installed_package_information.package_discovery:Found 311 installed packages in /opt/ros/humble
[0.130s] Level 1:colcon.colcon_core.package_discovery:discover_packages(prefix_path) using defaults
[0.144s] Level 5:colcon.colcon_core.verb:set package 'environment_pointcloud_processing' build argument 'cmake_args' from command line to 'None'
[0.144s] Level 5:colcon.colcon_core.verb:set package 'environment_pointcloud_processing' build argument 'cmake_target' from command line to 'None'
[0.144s] Level 5:colcon.colcon_core.verb:set package 'environment_pointcloud_processing' build argument 'cmake_target_skip_unavailable' from command line to 'False'
[0.144s] Level 5:colcon.colcon_core.verb:set package 'environment_pointcloud_processing' build argument 'cmake_clean_cache' from command line to 'False'
[0.144s] Level 5:colcon.colcon_core.verb:set package 'environment_pointcloud_processing' build argument 'cmake_clean_first' from command line to 'False'
[0.144s] Level 5:colcon.colcon_core.verb:set package 'environment_pointcloud_processing' build argument 'cmake_force_configure' from command line to 'False'
[0.144s] Level 5:colcon.colcon_core.verb:set package 'environment_pointcloud_processing' build argument 'ament_cmake_args' from command line to 'None'
[0.144s] Level 5:colcon.colcon_core.verb:set package 'environment_pointcloud_processing' build argument 'catkin_cmake_args' from command line to 'None'
[0.144s] Level 5:colcon.colcon_core.verb:set package 'environment_pointcloud_processing' build argument 'catkin_skip_building_tests' from command line to 'False'
[0.144s] DEBUG:colcon.colcon_core.verb:Building package 'environment_pointcloud_processing' with the following arguments: {'ament_cmake_args': None, 'build_base': '/home/maclab/Documents/ROS_WORKSPACES/WS_Master_Thesis/build/environment_pointcloud_processing', 'catkin_cmake_args': None, 'catkin_skip_building_tests': False, 'cmake_args': None, 'cmake_clean_cache': False, 'cmake_clean_first': False, 'cmake_force_configure': False, 'cmake_target': None, 'cmake_target_skip_unavailable': False, 'install_base': '/home/maclab/Documents/ROS_WORKSPACES/WS_Master_Thesis/install/environment_pointcloud_processing', 'merge_install': False, 'path': '/home/maclab/Documents/ROS_WORKSPACES/WS_Master_Thesis/src/environment_pointcloud_processing', 'symlink_install': False, 'test_result_base': None}
[0.144s] Level 5:colcon.colcon_core.verb:set package 'keyboard_publisher_pkg' build argument 'cmake_args' from command line to 'None'
[0.144s] Level 5:colcon.colcon_core.verb:set package 'keyboard_publisher_pkg' build argument 'cmake_target' from command line to 'None'
[0.144s] Level 5:colcon.colcon_core.verb:set package 'keyboard_publisher_pkg' build argument 'cmake_target_skip_unavailable' from command line to 'False'
[0.144s] Level 5:colcon.colcon_core.verb:set package 'keyboard_publisher_pkg' build argument 'cmake_clean_cache' from command line to 'False'
[0.144s] Level 5:colcon.colcon_core.verb:set package 'keyboard_publisher_pkg' build argument 'cmake_clean_first' from command line to 'False'
[0.144s] Level 5:colcon.colcon_core.verb:set package 'keyboard_publisher_pkg' build argument 'cmake_force_configure' from command line to 'False'
[0.144s] Level 5:colcon.colcon_core.verb:set package 'keyboard_publisher_pkg' build argument 'ament_cmake_args' from command line to 'None'
[0.144s] Level 5:colcon.colcon_core.verb:set package 'keyboard_publisher_pkg' build argument 'catkin_cmake_args' from command line to 'None'
[0.144s] Level 5:colcon.colcon_core.verb:set package 'keyboard_publisher_pkg' build argument 'catkin_skip_building_tests' from command line to 'False'
[0.144s] DEBUG:colcon.colcon_core.verb:Building package 'keyboard_publisher_pkg' with the following arguments: {'ament_cmake_args': None, 'build_base': '/home/maclab/Documents/ROS_WORKSPACES/WS_Master_Thesis/build/keyboard_publisher_pkg', 'catkin_cmake_args': None, 'catkin_skip_building_tests': False, 'cmake_args': None, 'cmake_clean_cache': False, 'cmake_clean_first': False, 'cmake_force_configure': False, 'cmake_target': None, 'cmake_target_skip_unavailable': False, 'install_base': '/home/maclab/Documents/ROS_WORKSPACES/WS_Master_Thesis/install/keyboard_publisher_pkg', 'merge_install': False, 'path': '/home/maclab/Documents/ROS_WORKSPACES/WS_Master_Thesis/src/keyboard_events_publisher', 'symlink_install': False, 'test_result_base': None}
[0.144s] Level 5:colcon.colcon_core.verb:set package 'kuka_150_3100_description' build argument 'cmake_args' from command line to 'None'
[0.144s] Level 5:colcon.colcon_core.verb:set package 'kuka_150_3100_description' build argument 'cmake_target' from command line to 'None'
[0.144s] Level 5:colcon.colcon_core.verb:set package 'kuka_150_3100_description' build argument 'cmake_target_skip_unavailable' from command line to 'False'
[0.144s] Level 5:colcon.colcon_core.verb:set package 'kuka_150_3100_description' build argument 'cmake_clean_cache' from command line to 'False'
[0.144s] Level 5:colcon.colcon_core.verb:set package 'kuka_150_3100_description' build argument 'cmake_clean_first' from command line to 'False'
[0.144s] Level 5:colcon.colcon_core.verb:set package 'kuka_150_3100_description' build argument 'cmake_force_configure' from command line to 'False'
[0.144s] Level 5:colcon.colcon_core.verb:set package 'kuka_150_3100_description' build argument 'ament_cmake_args' from command line to 'None'
[0.144s] Level 5:colcon.colcon_core.verb:set package 'kuka_150_3100_description' build argument 'catkin_cmake_args' from command line to 'None'
[0.144s] Level 5:colcon.colcon_core.verb:set package 'kuka_150_3100_description' build argument 'catkin_skip_building_tests' from command line to 'False'
[0.144s] DEBUG:colcon.colcon_core.verb:Building package 'kuka_150_3100_description' with the following arguments: {'ament_cmake_args': None, 'build_base': '/home/maclab/Documents/ROS_WORKSPACES/WS_Master_Thesis/build/kuka_150_3100_description', 'catkin_cmake_args': None, 'catkin_skip_building_tests': False, 'cmake_args': None, 'cmake_clean_cache': False, 'cmake_clean_first': False, 'cmake_force_configure': False, 'cmake_target': None, 'cmake_target_skip_unavailable': False, 'install_base': '/home/maclab/Documents/ROS_WORKSPACES/WS_Master_Thesis/install/kuka_150_3100_description', 'merge_install': False, 'path': '/home/maclab/Documents/ROS_WORKSPACES/WS_Master_Thesis/src/kuka_150_3100_description', 'symlink_install': False, 'test_result_base': None}
[0.145s] Level 5:colcon.colcon_core.verb:set package 'kuka_resources' build argument 'cmake_args' from command line to 'None'
[0.145s] Level 5:colcon.colcon_core.verb:set package 'kuka_resources' build argument 'cmake_target' from command line to 'None'
[0.145s] Level 5:colcon.colcon_core.verb:set package 'kuka_resources' build argument 'cmake_target_skip_unavailable' from command line to 'False'
[0.145s] Level 5:colcon.colcon_core.verb:set package 'kuka_resources' build argument 'cmake_clean_cache' from command line to 'False'
[0.145s] Level 5:colcon.colcon_core.verb:set package 'kuka_resources' build argument 'cmake_clean_first' from command line to 'False'
[0.145s] Level 5:colcon.colcon_core.verb:set package 'kuka_resources' build argument 'cmake_force_configure' from command line to 'False'
[0.145s] Level 5:colcon.colcon_core.verb:set package 'kuka_resources' build argument 'ament_cmake_args' from command line to 'None'
[0.145s] Level 5:colcon.colcon_core.verb:set package 'kuka_resources' build argument 'catkin_cmake_args' from command line to 'None'
[0.145s] Level 5:colcon.colcon_core.verb:set package 'kuka_resources' build argument 'catkin_skip_building_tests' from command line to 'False'
[0.145s] DEBUG:colcon.colcon_core.verb:Building package 'kuka_resources' with the following arguments: {'ament_cmake_args': None, 'build_base': '/home/maclab/Documents/ROS_WORKSPACES/WS_Master_Thesis/build/kuka_resources', 'catkin_cmake_args': None, 'catkin_skip_building_tests': False, 'cmake_args': None, 'cmake_clean_cache': False, 'cmake_clean_first': False, 'cmake_force_configure': False, 'cmake_target': None, 'cmake_target_skip_unavailable': False, 'install_base': '/home/maclab/Documents/ROS_WORKSPACES/WS_Master_Thesis/install/kuka_resources', 'merge_install': False, 'path': '/home/maclab/Documents/ROS_WORKSPACES/WS_Master_Thesis/src/kuka_resources', 'symlink_install': False, 'test_result_base': None}
[0.145s] Level 5:colcon.colcon_core.verb:set package 'pointcloud_interactive_markers' build argument 'cmake_args' from command line to 'None'
[0.145s] Level 5:colcon.colcon_core.verb:set package 'pointcloud_interactive_markers' build argument 'cmake_target' from command line to 'None'
[0.145s] Level 5:colcon.colcon_core.verb:set package 'pointcloud_interactive_markers' build argument 'cmake_target_skip_unavailable' from command line to 'False'
[0.145s] Level 5:colcon.colcon_core.verb:set package 'pointcloud_interactive_markers' build argument 'cmake_clean_cache' from command line to 'False'
[0.145s] Level 5:colcon.colcon_core.verb:set package 'pointcloud_interactive_markers' build argument 'cmake_clean_first' from command line to 'False'
[0.145s] Level 5:colcon.colcon_core.verb:set package 'pointcloud_interactive_markers' build argument 'cmake_force_configure' from command line to 'False'
[0.145s] Level 5:colcon.colcon_core.verb:set package 'pointcloud_interactive_markers' build argument 'ament_cmake_args' from command line to 'None'
[0.145s] Level 5:colcon.colcon_core.verb:set package 'pointcloud_interactive_markers' build argument 'catkin_cmake_args' from command line to 'None'
[0.145s] Level 5:colcon.colcon_core.verb:set package 'pointcloud_interactive_markers' build argument 'catkin_skip_building_tests' from command line to 'False'
[0.145s] DEBUG:colcon.colcon_core.verb:Building package 'pointcloud_interactive_markers' with the following arguments: {'ament_cmake_args': None, 'build_base': '/home/maclab/Documents/ROS_WORKSPACES/WS_Master_Thesis/build/pointcloud_interactive_markers', 'catkin_cmake_args': None, 'catkin_skip_building_tests': False, 'cmake_args': None, 'cmake_clean_cache': False, 'cmake_clean_first': False, 'cmake_force_configure': False, 'cmake_target': None, 'cmake_target_skip_unavailable': False, 'install_base': '/home/maclab/Documents/ROS_WORKSPACES/WS_Master_Thesis/install/pointcloud_interactive_markers', 'merge_install': False, 'path': '/home/maclab/Documents/ROS_WORKSPACES/WS_Master_Thesis/src/pointcloud_interactive_markers', 'symlink_install': False, 'test_result_base': None}
[0.145s] Level 5:colcon.colcon_core.verb:set package 'rsp_uc1' build argument 'cmake_args' from command line to 'None'
[0.145s] Level 5:colcon.colcon_core.verb:set package 'rsp_uc1' build argument 'cmake_target' from command line to 'None'
[0.145s] Level 5:colcon.colcon_core.verb:set package 'rsp_uc1' build argument 'cmake_target_skip_unavailable' from command line to 'False'
[0.145s] Level 5:colcon.colcon_core.verb:set package 'rsp_uc1' build argument 'cmake_clean_cache' from command line to 'False'
[0.145s] Level 5:colcon.colcon_core.verb:set package 'rsp_uc1' build argument 'cmake_clean_first' from command line to 'False'
[0.145s] Level 5:colcon.colcon_core.verb:set package 'rsp_uc1' build argument 'cmake_force_configure' from command line to 'False'
[0.145s] Level 5:colcon.colcon_core.verb:set package 'rsp_uc1' build argument 'ament_cmake_args' from command line to 'None'
[0.145s] Level 5:colcon.colcon_core.verb:set package 'rsp_uc1' build argument 'catkin_cmake_args' from command line to 'None'
[0.145s] Level 5:colcon.colcon_core.verb:set package 'rsp_uc1' build argument 'catkin_skip_building_tests' from command line to 'False'
[0.145s] DEBUG:colcon.colcon_core.verb:Building package 'rsp_uc1' with the following arguments: {'ament_cmake_args': None, 'build_base': '/home/maclab/Documents/ROS_WORKSPACES/WS_Master_Thesis/build/rsp_uc1', 'catkin_cmake_args': None, 'catkin_skip_building_tests': False, 'cmake_args': None, 'cmake_clean_cache': False, 'cmake_clean_first': False, 'cmake_force_configure': False, 'cmake_target': None, 'cmake_target_skip_unavailable': False, 'install_base': '/home/maclab/Documents/ROS_WORKSPACES/WS_Master_Thesis/install/rsp_uc1', 'merge_install': False, 'path': '/home/maclab/Documents/ROS_WORKSPACES/WS_Master_Thesis/src/rsp_uc1', 'symlink_install': False, 'test_result_base': None}
[0.145s] Level 5:colcon.colcon_core.verb:set package 'uc1_robot_controllers_interfaces' build argument 'cmake_args' from command line to 'None'
[0.145s] Level 5:colcon.colcon_core.verb:set package 'uc1_robot_controllers_interfaces' build argument 'cmake_target' from command line to 'None'
[0.145s] Level 5:colcon.colcon_core.verb:set package 'uc1_robot_controllers_interfaces' build argument 'cmake_target_skip_unavailable' from command line to 'False'
[0.145s] Level 5:colcon.colcon_core.verb:set package 'uc1_robot_controllers_interfaces' build argument 'cmake_clean_cache' from command line to 'False'
[0.145s] Level 5:colcon.colcon_core.verb:set package 'uc1_robot_controllers_interfaces' build argument 'cmake_clean_first' from command line to 'False'
[0.145s] Level 5:colcon.colcon_core.verb:set package 'uc1_robot_controllers_interfaces' build argument 'cmake_force_configure' from command line to 'False'
[0.145s] Level 5:colcon.colcon_core.verb:set package 'uc1_robot_controllers_interfaces' build argument 'ament_cmake_args' from command line to 'None'
[0.145s] Level 5:colcon.colcon_core.verb:set package 'uc1_robot_controllers_interfaces' build argument 'catkin_cmake_args' from command line to 'None'
[0.145s] Level 5:colcon.colcon_core.verb:set package 'uc1_robot_controllers_interfaces' build argument 'catkin_skip_building_tests' from command line to 'False'
[0.145s] DEBUG:colcon.colcon_core.verb:Building package 'uc1_robot_controllers_interfaces' with the following arguments: {'ament_cmake_args': None, 'build_base': '/home/maclab/Documents/ROS_WORKSPACES/WS_Master_Thesis/build/uc1_robot_controllers_interfaces', 'catkin_cmake_args': None, 'catkin_skip_building_tests': False, 'cmake_args': None, 'cmake_clean_cache': False, 'cmake_clean_first': False, 'cmake_force_configure': False, 'cmake_target': None, 'cmake_target_skip_unavailable': False, 'install_base': '/home/maclab/Documents/ROS_WORKSPACES/WS_Master_Thesis/install/uc1_robot_controllers_interfaces', 'merge_install': False, 'path': '/home/maclab/Documents/ROS_WORKSPACES/WS_Master_Thesis/src/uc1_robot_controllers_interfaces', 'symlink_install': False, 'test_result_base': None}
[0.145s] Level 5:colcon.colcon_core.verb:set package 'uc1_robot_perception' build argument 'cmake_args' from command line to 'None'
[0.145s] Level 5:colcon.colcon_core.verb:set package 'uc1_robot_perception' build argument 'cmake_target' from command line to 'None'
[0.145s] Level 5:colcon.colcon_core.verb:set package 'uc1_robot_perception' build argument 'cmake_target_skip_unavailable' from command line to 'False'
[0.145s] Level 5:colcon.colcon_core.verb:set package 'uc1_robot_perception' build argument 'cmake_clean_cache' from command line to 'False'
[0.145s] Level 5:colcon.colcon_core.verb:set package 'uc1_robot_perception' build argument 'cmake_clean_first' from command line to 'False'
[0.145s] Level 5:colcon.colcon_core.verb:set package 'uc1_robot_perception' build argument 'cmake_force_configure' from command line to 'False'
[0.145s] Level 5:colcon.colcon_core.verb:set package 'uc1_robot_perception' build argument 'ament_cmake_args' from command line to 'None'
[0.145s] Level 5:colcon.colcon_core.verb:set package 'uc1_robot_perception' build argument 'catkin_cmake_args' from command line to 'None'
[0.145s] Level 5:colcon.colcon_core.verb:set package 'uc1_robot_perception' build argument 'catkin_skip_building_tests' from command line to 'False'
[0.145s] DEBUG:colcon.colcon_core.verb:Building package 'uc1_robot_perception' with the following arguments: {'ament_cmake_args': None, 'build_base': '/home/maclab/Documents/ROS_WORKSPACES/WS_Master_Thesis/build/uc1_robot_perception', 'catkin_cmake_args': None, 'catkin_skip_building_tests': False, 'cmake_args': None, 'cmake_clean_cache': False, 'cmake_clean_first': False, 'cmake_force_configure': False, 'cmake_target': None, 'cmake_target_skip_unavailable': False, 'install_base': '/home/maclab/Documents/ROS_WORKSPACES/WS_Master_Thesis/install/uc1_robot_perception', 'merge_install': False, 'path': '/home/maclab/Documents/ROS_WORKSPACES/WS_Master_Thesis/src/uc1_robot_perception', 'symlink_install': False, 'test_result_base': None}
[0.146s] Level 5:colcon.colcon_core.verb:set package 'uc1_robots_description' build argument 'cmake_args' from command line to 'None'
[0.146s] Level 5:colcon.colcon_core.verb:set package 'uc1_robots_description' build argument 'cmake_target' from command line to 'None'
[0.146s] Level 5:colcon.colcon_core.verb:set package 'uc1_robots_description' build argument 'cmake_target_skip_unavailable' from command line to 'False'
[0.146s] Level 5:colcon.colcon_core.verb:set package 'uc1_robots_description' build argument 'cmake_clean_cache' from command line to 'False'
[0.146s] Level 5:colcon.colcon_core.verb:set package 'uc1_robots_description' build argument 'cmake_clean_first' from command line to 'False'
[0.146s] Level 5:colcon.colcon_core.verb:set package 'uc1_robots_description' build argument 'cmake_force_configure' from command line to 'False'
[0.146s] Level 5:colcon.colcon_core.verb:set package 'uc1_robots_description' build argument 'ament_cmake_args' from command line to 'None'
[0.146s] Level 5:colcon.colcon_core.verb:set package 'uc1_robots_description' build argument 'catkin_cmake_args' from command line to 'None'
[0.146s] Level 5:colcon.colcon_core.verb:set package 'uc1_robots_description' build argument 'catkin_skip_building_tests' from command line to 'False'
[0.146s] DEBUG:colcon.colcon_core.verb:Building package 'uc1_robots_description' with the following arguments: {'ament_cmake_args': None, 'build_base': '/home/maclab/Documents/ROS_WORKSPACES/WS_Master_Thesis/build/uc1_robots_description', 'catkin_cmake_args': None, 'catkin_skip_building_tests': False, 'cmake_args': None, 'cmake_clean_cache': False, 'cmake_clean_first': False, 'cmake_force_configure': False, 'cmake_target': None, 'cmake_target_skip_unavailable': False, 'install_base': '/home/maclab/Documents/ROS_WORKSPACES/WS_Master_Thesis/install/uc1_robots_description', 'merge_install': False, 'path': '/home/maclab/Documents/ROS_WORKSPACES/WS_Master_Thesis/src/uc1_robots_description', 'symlink_install': False, 'test_result_base': None}
[0.146s] Level 5:colcon.colcon_core.verb:set package 'ur_admittance_controller' build argument 'cmake_args' from command line to 'None'
[0.146s] Level 5:colcon.colcon_core.verb:set package 'ur_admittance_controller' build argument 'cmake_target' from command line to 'None'
[0.146s] Level 5:colcon.colcon_core.verb:set package 'ur_admittance_controller' build argument 'cmake_target_skip_unavailable' from command line to 'False'
[0.146s] Level 5:colcon.colcon_core.verb:set package 'ur_admittance_controller' build argument 'cmake_clean_cache' from command line to 'False'
[0.146s] Level 5:colcon.colcon_core.verb:set package 'ur_admittance_controller' build argument 'cmake_clean_first' from command line to 'False'
[0.146s] Level 5:colcon.colcon_core.verb:set package 'ur_admittance_controller' build argument 'cmake_force_configure' from command line to 'False'
[0.146s] Level 5:colcon.colcon_core.verb:set package 'ur_admittance_controller' build argument 'ament_cmake_args' from command line to 'None'
[0.146s] Level 5:colcon.colcon_core.verb:set package 'ur_admittance_controller' build argument 'catkin_cmake_args' from command line to 'None'
[0.146s] Level 5:colcon.colcon_core.verb:set package 'ur_admittance_controller' build argument 'catkin_skip_building_tests' from command line to 'False'
[0.146s] DEBUG:colcon.colcon_core.verb:Building package 'ur_admittance_controller' with the following arguments: {'ament_cmake_args': None, 'build_base': '/home/maclab/Documents/ROS_WORKSPACES/WS_Master_Thesis/build/ur_admittance_controller', 'catkin_cmake_args': None, 'catkin_skip_building_tests': False, 'cmake_args': None, 'cmake_clean_cache': False, 'cmake_clean_first': False, 'cmake_force_configure': False, 'cmake_target': None, 'cmake_target_skip_unavailable': False, 'install_base': '/home/maclab/Documents/ROS_WORKSPACES/WS_Master_Thesis/install/ur_admittance_controller', 'merge_install': False, 'path': '/home/maclab/Documents/ROS_WORKSPACES/WS_Master_Thesis/src/ur_admittance_controller', 'symlink_install': False, 'test_result_base': None}
[0.146s] Level 5:colcon.colcon_core.verb:set package 'uc1_robot_controllers' build argument 'cmake_args' from command line to 'None'
[0.146s] Level 5:colcon.colcon_core.verb:set package 'uc1_robot_controllers' build argument 'cmake_target' from command line to 'None'
[0.146s] Level 5:colcon.colcon_core.verb:set package 'uc1_robot_controllers' build argument 'cmake_target_skip_unavailable' from command line to 'False'
[0.146s] Level 5:colcon.colcon_core.verb:set package 'uc1_robot_controllers' build argument 'cmake_clean_cache' from command line to 'False'
[0.146s] Level 5:colcon.colcon_core.verb:set package 'uc1_robot_controllers' build argument 'cmake_clean_first' from command line to 'False'
[0.146s] Level 5:colcon.colcon_core.verb:set package 'uc1_robot_controllers' build argument 'cmake_force_configure' from command line to 'False'
[0.146s] Level 5:colcon.colcon_core.verb:set package 'uc1_robot_controllers' build argument 'ament_cmake_args' from command line to 'None'
[0.146s] Level 5:colcon.colcon_core.verb:set package 'uc1_robot_controllers' build argument 'catkin_cmake_args' from command line to 'None'
[0.146s] Level 5:colcon.colcon_core.verb:set package 'uc1_robot_controllers' build argument 'catkin_skip_building_tests' from command line to 'False'
[0.146s] DEBUG:colcon.colcon_core.verb:Building package 'uc1_robot_controllers' with the following arguments: {'ament_cmake_args': None, 'build_base': '/home/maclab/Documents/ROS_WORKSPACES/WS_Master_Thesis/build/uc1_robot_controllers', 'catkin_cmake_args': None, 'catkin_skip_building_tests': False, 'cmake_args': None, 'cmake_clean_cache': False, 'cmake_clean_first': False, 'cmake_force_configure': False, 'cmake_target': None, 'cmake_target_skip_unavailable': False, 'install_base': '/home/maclab/Documents/ROS_WORKSPACES/WS_Master_Thesis/install/uc1_robot_controllers', 'merge_install': False, 'path': '/home/maclab/Documents/ROS_WORKSPACES/WS_Master_Thesis/src/uc1_robot_controllers', 'symlink_install': False, 'test_result_base': None}
[0.146s] INFO:colcon.colcon_core.executor:Executing jobs using 'parallel' executor
[0.147s] DEBUG:colcon.colcon_parallel_executor.executor.parallel:run_until_complete
[0.147s] INFO:colcon.colcon_ros.task.ament_cmake.build:Building ROS package in '/home/maclab/Documents/ROS_WORKSPACES/WS_Master_Thesis/src/uc1_robot_controllers_interfaces' with build type 'ament_cmake'
[0.147s] INFO:colcon.colcon_cmake.task.cmake.build:Building CMake package in '/home/maclab/Documents/ROS_WORKSPACES/WS_Master_Thesis/src/uc1_robot_controllers_interfaces'
[0.148s] INFO:colcon.colcon_core.plugin_system:Skipping extension 'colcon_core.shell.bat': Not used on non-Windows systems
[0.148s] INFO:colcon.colcon_core.shell:Skip shell extension 'powershell' for command environment: Not usable outside of PowerShell
[0.148s] DEBUG:colcon.colcon_core.shell:Skip shell extension 'dsv' for command environment
[0.149s] INFO:colcon.colcon_ros.task.ament_cmake.build:Building ROS package in '/home/maclab/Documents/ROS_WORKSPACES/WS_Master_Thesis/src/uc1_robot_perception' with build type 'ament_cmake'
[0.149s] INFO:colcon.colcon_cmake.task.cmake.build:Building CMake package in '/home/maclab/Documents/ROS_WORKSPACES/WS_Master_Thesis/src/uc1_robot_perception'
[0.149s] INFO:colcon.colcon_core.shell:Skip shell extension 'powershell' for command environment: Not usable outside of PowerShell
[0.149s] DEBUG:colcon.colcon_core.shell:Skip shell extension 'dsv' for command environment
[0.150s] INFO:colcon.colcon_ros.task.ament_cmake.build:Building ROS package in '/home/maclab/Documents/ROS_WORKSPACES/WS_Master_Thesis/src/environment_pointcloud_processing' with build type 'ament_cmake'
[0.151s] INFO:colcon.colcon_cmake.task.cmake.build:Building CMake package in '/home/maclab/Documents/ROS_WORKSPACES/WS_Master_Thesis/src/environment_pointcloud_processing'
[0.151s] INFO:colcon.colcon_core.shell:Skip shell extension 'powershell' for command environment: Not usable outside of PowerShell
[0.151s] DEBUG:colcon.colcon_core.shell:Skip shell extension 'dsv' for command environment
[0.152s] INFO:colcon.colcon_ros.task.ament_cmake.build:Building ROS package in '/home/maclab/Documents/ROS_WORKSPACES/WS_Master_Thesis/src/keyboard_events_publisher' with build type 'ament_cmake'
[0.152s] INFO:colcon.colcon_cmake.task.cmake.build:Building CMake package in '/home/maclab/Documents/ROS_WORKSPACES/WS_Master_Thesis/src/keyboard_events_publisher'
[0.152s] INFO:colcon.colcon_core.shell:Skip shell extension 'powershell' for command environment: Not usable outside of PowerShell
[0.152s] DEBUG:colcon.colcon_core.shell:Skip shell extension 'dsv' for command environment
[0.153s] INFO:colcon.colcon_ros.task.ament_cmake.build:Building ROS package in '/home/maclab/Documents/ROS_WORKSPACES/WS_Master_Thesis/src/kuka_150_3100_description' with build type 'ament_cmake'
[0.153s] INFO:colcon.colcon_cmake.task.cmake.build:Building CMake package in '/home/maclab/Documents/ROS_WORKSPACES/WS_Master_Thesis/src/kuka_150_3100_description'
[0.153s] INFO:colcon.colcon_core.shell:Skip shell extension 'powershell' for command environment: Not usable outside of PowerShell
[0.153s] DEBUG:colcon.colcon_core.shell:Skip shell extension 'dsv' for command environment
[0.154s] INFO:colcon.colcon_ros.task.ament_cmake.build:Building ROS package in '/home/maclab/Documents/ROS_WORKSPACES/WS_Master_Thesis/src/kuka_resources' with build type 'ament_cmake'
[0.154s] INFO:colcon.colcon_cmake.task.cmake.build:Building CMake package in '/home/maclab/Documents/ROS_WORKSPACES/WS_Master_Thesis/src/kuka_resources'
[0.154s] INFO:colcon.colcon_core.shell:Skip shell extension 'powershell' for command environment: Not usable outside of PowerShell
[0.154s] DEBUG:colcon.colcon_core.shell:Skip shell extension 'dsv' for command environment
[0.155s] INFO:colcon.colcon_ros.task.ament_cmake.build:Building ROS package in '/home/maclab/Documents/ROS_WORKSPACES/WS_Master_Thesis/src/pointcloud_interactive_markers' with build type 'ament_cmake'
[0.155s] INFO:colcon.colcon_cmake.task.cmake.build:Building CMake package in '/home/maclab/Documents/ROS_WORKSPACES/WS_Master_Thesis/src/pointcloud_interactive_markers'
[0.155s] INFO:colcon.colcon_core.shell:Skip shell extension 'powershell' for command environment: Not usable outside of PowerShell
[0.155s] DEBUG:colcon.colcon_core.shell:Skip shell extension 'dsv' for command environment
[0.156s] INFO:colcon.colcon_ros.task.ament_cmake.build:Building ROS package in '/home/maclab/Documents/ROS_WORKSPACES/WS_Master_Thesis/src/rsp_uc1' with build type 'ament_cmake'
[0.156s] INFO:colcon.colcon_cmake.task.cmake.build:Building CMake package in '/home/maclab/Documents/ROS_WORKSPACES/WS_Master_Thesis/src/rsp_uc1'
[0.156s] INFO:colcon.colcon_core.shell:Skip shell extension 'powershell' for command environment: Not usable outside of PowerShell
[0.156s] DEBUG:colcon.colcon_core.shell:Skip shell extension 'dsv' for command environment
[0.157s] INFO:colcon.colcon_ros.task.ament_cmake.build:Building ROS package in '/home/maclab/Documents/ROS_WORKSPACES/WS_Master_Thesis/src/uc1_robots_description' with build type 'ament_cmake'
[0.157s] INFO:colcon.colcon_cmake.task.cmake.build:Building CMake package in '/home/maclab/Documents/ROS_WORKSPACES/WS_Master_Thesis/src/uc1_robots_description'
[0.157s] INFO:colcon.colcon_core.shell:Skip shell extension 'powershell' for command environment: Not usable outside of PowerShell
[0.157s] DEBUG:colcon.colcon_core.shell:Skip shell extension 'dsv' for command environment
[0.158s] INFO:colcon.colcon_ros.task.ament_cmake.build:Building ROS package in '/home/maclab/Documents/ROS_WORKSPACES/WS_Master_Thesis/src/ur_admittance_controller' with build type 'ament_cmake'
[0.158s] INFO:colcon.colcon_cmake.task.cmake.build:Building CMake package in '/home/maclab/Documents/ROS_WORKSPACES/WS_Master_Thesis/src/ur_admittance_controller'
[0.158s] INFO:colcon.colcon_core.shell:Skip shell extension 'powershell' for command environment: Not usable outside of PowerShell
[0.158s] DEBUG:colcon.colcon_core.shell:Skip shell extension 'dsv' for command environment
[0.164s] DEBUG:colcon.colcon_core.event_handler.log_command:Invoking command in '/home/maclab/Documents/ROS_WORKSPACES/WS_Master_Thesis/build/uc1_robot_controllers_interfaces': CMAKE_PREFIX_PATH=/opt/ros/humble /usr/bin/cmake /home/maclab/Documents/ROS_WORKSPACES/WS_Master_Thesis/src/uc1_robot_controllers_interfaces -DCMAKE_INSTALL_PREFIX=/home/maclab/Documents/ROS_WORKSPACES/WS_Master_Thesis/install/uc1_robot_controllers_interfaces
[0.165s] DEBUG:colcon.colcon_core.event_handler.log_command:Invoking command in '/home/maclab/Documents/ROS_WORKSPACES/WS_Master_Thesis/build/uc1_robot_perception': CMAKE_PREFIX_PATH=/opt/ros/humble /usr/bin/cmake /home/maclab/Documents/ROS_WORKSPACES/WS_Master_Thesis/src/uc1_robot_perception -DCMAKE_INSTALL_PREFIX=/home/maclab/Documents/ROS_WORKSPACES/WS_Master_Thesis/install/uc1_robot_perception
[0.166s] DEBUG:colcon.colcon_core.event_handler.log_command:Invoking command in '/home/maclab/Documents/ROS_WORKSPACES/WS_Master_Thesis/build/environment_pointcloud_processing': CMAKE_PREFIX_PATH=/opt/ros/humble /usr/bin/cmake /home/maclab/Documents/ROS_WORKSPACES/WS_Master_Thesis/src/environment_pointcloud_processing -DCMAKE_INSTALL_PREFIX=/home/maclab/Documents/ROS_WORKSPACES/WS_Master_Thesis/install/environment_pointcloud_processing
[0.167s] DEBUG:colcon.colcon_core.event_handler.log_command:Invoking command in '/home/maclab/Documents/ROS_WORKSPACES/WS_Master_Thesis/build/keyboard_publisher_pkg': CMAKE_PREFIX_PATH=/opt/ros/humble /usr/bin/cmake /home/maclab/Documents/ROS_WORKSPACES/WS_Master_Thesis/src/keyboard_events_publisher -DCMAKE_INSTALL_PREFIX=/home/maclab/Documents/ROS_WORKSPACES/WS_Master_Thesis/install/keyboard_publisher_pkg
[0.168s] DEBUG:colcon.colcon_core.event_handler.log_command:Invoking command in '/home/maclab/Documents/ROS_WORKSPACES/WS_Master_Thesis/build/kuka_150_3100_description': CMAKE_PREFIX_PATH=/opt/ros/humble /usr/bin/cmake /home/maclab/Documents/ROS_WORKSPACES/WS_Master_Thesis/src/kuka_150_3100_description -DCMAKE_INSTALL_PREFIX=/home/maclab/Documents/ROS_WORKSPACES/WS_Master_Thesis/install/kuka_150_3100_description
[0.169s] DEBUG:colcon.colcon_core.event_handler.log_command:Invoking command in '/home/maclab/Documents/ROS_WORKSPACES/WS_Master_Thesis/build/kuka_resources': CMAKE_PREFIX_PATH=/opt/ros/humble /usr/bin/cmake /home/maclab/Documents/ROS_WORKSPACES/WS_Master_Thesis/src/kuka_resources -DCMAKE_INSTALL_PREFIX=/home/maclab/Documents/ROS_WORKSPACES/WS_Master_Thesis/install/kuka_resources
[0.170s] DEBUG:colcon.colcon_core.event_handler.log_command:Invoking command in '/home/maclab/Documents/ROS_WORKSPACES/WS_Master_Thesis/build/pointcloud_interactive_markers': CMAKE_PREFIX_PATH=/opt/ros/humble /usr/bin/cmake /home/maclab/Documents/ROS_WORKSPACES/WS_Master_Thesis/src/pointcloud_interactive_markers -DCMAKE_INSTALL_PREFIX=/home/maclab/Documents/ROS_WORKSPACES/WS_Master_Thesis/install/pointcloud_interactive_markers
[0.171s] DEBUG:colcon.colcon_core.event_handler.log_command:Invoking command in '/home/maclab/Documents/ROS_WORKSPACES/WS_Master_Thesis/build/rsp_uc1': CMAKE_PREFIX_PATH=/opt/ros/humble /usr/bin/cmake /home/maclab/Documents/ROS_WORKSPACES/WS_Master_Thesis/src/rsp_uc1 -DCMAKE_INSTALL_PREFIX=/home/maclab/Documents/ROS_WORKSPACES/WS_Master_Thesis/install/rsp_uc1
[0.171s] DEBUG:colcon.colcon_core.event_handler.log_command:Invoking command in '/home/maclab/Documents/ROS_WORKSPACES/WS_Master_Thesis/build/uc1_robots_description': CMAKE_PREFIX_PATH=/opt/ros/humble /usr/bin/cmake /home/maclab/Documents/ROS_WORKSPACES/WS_Master_Thesis/src/uc1_robots_description -DCMAKE_INSTALL_PREFIX=/home/maclab/Documents/ROS_WORKSPACES/WS_Master_Thesis/install/uc1_robots_description
[0.175s] DEBUG:colcon.colcon_core.event_handler.log_command:Invoking command in '/home/maclab/Documents/ROS_WORKSPACES/WS_Master_Thesis/build/ur_admittance_controller': CMAKE_PREFIX_PATH=/opt/ros/humble /usr/bin/cmake /home/maclab/Documents/ROS_WORKSPACES/WS_Master_Thesis/src/ur_admittance_controller -DCMAKE_INSTALL_PREFIX=/home/maclab/Documents/ROS_WORKSPACES/WS_Master_Thesis/install/ur_admittance_controller
[0.298s] DEBUG:colcon.colcon_core.event_handler.log_command:Invoked command in '/home/maclab/Documents/ROS_WORKSPACES/WS_Master_Thesis/build/kuka_150_3100_description' returned '0': CMAKE_PREFIX_PATH=/opt/ros/humble /usr/bin/cmake /home/maclab/Documents/ROS_WORKSPACES/WS_Master_Thesis/src/kuka_150_3100_description -DCMAKE_INSTALL_PREFIX=/home/maclab/Documents/ROS_WORKSPACES/WS_Master_Thesis/install/kuka_150_3100_description
[0.299s] DEBUG:colcon.colcon_core.event_handler.log_command:Invoking command in '/home/maclab/Documents/ROS_WORKSPACES/WS_Master_Thesis/build/kuka_150_3100_description': CMAKE_PREFIX_PATH=/opt/ros/humble /usr/bin/cmake --build /home/maclab/Documents/ROS_WORKSPACES/WS_Master_Thesis/build/kuka_150_3100_description -- -j32 -l32
[0.310s] DEBUG:colcon.colcon_core.event_handler.log_command:Invoked command in '/home/maclab/Documents/ROS_WORKSPACES/WS_Master_Thesis/build/uc1_robots_description' returned '0': CMAKE_PREFIX_PATH=/opt/ros/humble /usr/bin/cmake /home/maclab/Documents/ROS_WORKSPACES/WS_Master_Thesis/src/uc1_robots_description -DCMAKE_INSTALL_PREFIX=/home/maclab/Documents/ROS_WORKSPACES/WS_Master_Thesis/install/uc1_robots_description
[0.311s] DEBUG:colcon.colcon_core.event_handler.log_command:Invoking command in '/home/maclab/Documents/ROS_WORKSPACES/WS_Master_Thesis/build/uc1_robots_description': CMAKE_PREFIX_PATH=/opt/ros/humble /usr/bin/cmake --build /home/maclab/Documents/ROS_WORKSPACES/WS_Master_Thesis/build/uc1_robots_description -- -j32 -l32
[0.316s] DEBUG:colcon.colcon_core.event_handler.log_command:Invoked command in '/home/maclab/Documents/ROS_WORKSPACES/WS_Master_Thesis/build/kuka_resources' returned '0': CMAKE_PREFIX_PATH=/opt/ros/humble /usr/bin/cmake /home/maclab/Documents/ROS_WORKSPACES/WS_Master_Thesis/src/kuka_resources -DCMAKE_INSTALL_PREFIX=/home/maclab/Documents/ROS_WORKSPACES/WS_Master_Thesis/install/kuka_resources
[0.317s] DEBUG:colcon.colcon_core.event_handler.log_command:Invoking command in '/home/maclab/Documents/ROS_WORKSPACES/WS_Master_Thesis/build/kuka_resources': CMAKE_PREFIX_PATH=/opt/ros/humble /usr/bin/cmake --build /home/maclab/Documents/ROS_WORKSPACES/WS_Master_Thesis/build/kuka_resources -- -j32 -l32
[0.324s] DEBUG:colcon.colcon_core.event_handler.log_command:Invoked command in '/home/maclab/Documents/ROS_WORKSPACES/WS_Master_Thesis/build/kuka_150_3100_description' returned '0': CMAKE_PREFIX_PATH=/opt/ros/humble /usr/bin/cmake --build /home/maclab/Documents/ROS_WORKSPACES/WS_Master_Thesis/build/kuka_150_3100_description -- -j32 -l32
[0.330s] DEBUG:colcon.colcon_core.event_handler.log_command:Invoking command in '/home/maclab/Documents/ROS_WORKSPACES/WS_Master_Thesis/build/kuka_150_3100_description': CMAKE_PREFIX_PATH=/opt/ros/humble /usr/bin/cmake --install /home/maclab/Documents/ROS_WORKSPACES/WS_Master_Thesis/build/kuka_150_3100_description
[0.333s] DEBUG:colcon.colcon_core.event_handler.log_command:Invoked command in '/home/maclab/Documents/ROS_WORKSPACES/WS_Master_Thesis/build/uc1_robots_description' returned '0': CMAKE_PREFIX_PATH=/opt/ros/humble /usr/bin/cmake --build /home/maclab/Documents/ROS_WORKSPACES/WS_Master_Thesis/build/uc1_robots_description -- -j32 -l32
[0.334s] DEBUG:colcon.colcon_core.event_handler.log_command:Invoking command in '/home/maclab/Documents/ROS_WORKSPACES/WS_Master_Thesis/build/uc1_robots_description': CMAKE_PREFIX_PATH=/opt/ros/humble /usr/bin/cmake --install /home/maclab/Documents/ROS_WORKSPACES/WS_Master_Thesis/build/uc1_robots_description
[0.337s] Level 1:colcon.colcon_core.environment:create_environment_scripts_only(kuka_150_3100_description)
[0.338s] DEBUG:colcon.colcon_core.event_handler.log_command:Invoked command in '/home/maclab/Documents/ROS_WORKSPACES/WS_Master_Thesis/build/kuka_150_3100_description' returned '0': CMAKE_PREFIX_PATH=/opt/ros/humble /usr/bin/cmake --install /home/maclab/Documents/ROS_WORKSPACES/WS_Master_Thesis/build/kuka_150_3100_description
[0.346s] Level 1:colcon.colcon_core.environment:checking '/home/maclab/Documents/ROS_WORKSPACES/WS_Master_Thesis/install/kuka_150_3100_description' for CMake module files
[0.346s] Level 1:colcon.colcon_core.environment:checking '/home/maclab/Documents/ROS_WORKSPACES/WS_Master_Thesis/install/kuka_150_3100_description' for CMake config files
[0.346s] Level 1:colcon.colcon_core.shell:create_environment_hook('kuka_150_3100_description', 'cmake_prefix_path')
[0.346s] INFO:colcon.colcon_core.shell:Creating environment hook '/home/maclab/Documents/ROS_WORKSPACES/WS_Master_Thesis/install/kuka_150_3100_description/share/kuka_150_3100_description/hook/cmake_prefix_path.ps1'
[0.347s] INFO:colcon.colcon_core.shell:Creating environment descriptor '/home/maclab/Documents/ROS_WORKSPACES/WS_Master_Thesis/install/kuka_150_3100_description/share/kuka_150_3100_description/hook/cmake_prefix_path.dsv'
[0.347s] INFO:colcon.colcon_core.shell:Creating environment hook '/home/maclab/Documents/ROS_WORKSPACES/WS_Master_Thesis/install/kuka_150_3100_description/share/kuka_150_3100_description/hook/cmake_prefix_path.sh'
[0.348s] Level 1:colcon.colcon_core.environment:checking '/home/maclab/Documents/ROS_WORKSPACES/WS_Master_Thesis/install/kuka_150_3100_description/bin'
[0.348s] Level 1:colcon.colcon_core.environment:checking '/home/maclab/Documents/ROS_WORKSPACES/WS_Master_Thesis/install/kuka_150_3100_description/lib/pkgconfig/kuka_150_3100_description.pc'
[0.348s] Level 1:colcon.colcon_core.environment:checking '/home/maclab/Documents/ROS_WORKSPACES/WS_Master_Thesis/install/kuka_150_3100_description/lib/python3.10/site-packages'
[0.348s] Level 1:colcon.colcon_core.environment:checking '/home/maclab/Documents/ROS_WORKSPACES/WS_Master_Thesis/install/kuka_150_3100_description/bin'
[0.349s] INFO:colcon.colcon_core.shell:Creating package script '/home/maclab/Documents/ROS_WORKSPACES/WS_Master_Thesis/install/kuka_150_3100_description/share/kuka_150_3100_description/package.ps1'
[0.349s] INFO:colcon.colcon_core.shell:Creating package descriptor '/home/maclab/Documents/ROS_WORKSPACES/WS_Master_Thesis/install/kuka_150_3100_description/share/kuka_150_3100_description/package.dsv'
[0.350s] INFO:colcon.colcon_core.shell:Creating package script '/home/maclab/Documents/ROS_WORKSPACES/WS_Master_Thesis/install/kuka_150_3100_description/share/kuka_150_3100_description/package.sh'
[0.350s] INFO:colcon.colcon_core.shell:Creating package script '/home/maclab/Documents/ROS_WORKSPACES/WS_Master_Thesis/install/kuka_150_3100_description/share/kuka_150_3100_description/package.bash'
[0.350s] INFO:colcon.colcon_core.shell:Creating package script '/home/maclab/Documents/ROS_WORKSPACES/WS_Master_Thesis/install/kuka_150_3100_description/share/kuka_150_3100_description/package.zsh'
[0.351s] Level 1:colcon.colcon_core.environment:create_file_with_runtime_dependencies(/home/maclab/Documents/ROS_WORKSPACES/WS_Master_Thesis/install/kuka_150_3100_description/share/colcon-core/packages/kuka_150_3100_description)
[0.351s] Level 1:colcon.colcon_core.environment:create_environment_scripts_only(kuka_150_3100_description)
[0.351s] Level 1:colcon.colcon_core.environment:checking '/home/maclab/Documents/ROS_WORKSPACES/WS_Master_Thesis/install/kuka_150_3100_description' for CMake module files
[0.352s] Level 1:colcon.colcon_core.environment:checking '/home/maclab/Documents/ROS_WORKSPACES/WS_Master_Thesis/install/kuka_150_3100_description' for CMake config files
[0.352s] Level 1:colcon.colcon_core.shell:create_environment_hook('kuka_150_3100_description', 'cmake_prefix_path')
[0.352s] INFO:colcon.colcon_core.shell:Creating environment hook '/home/maclab/Documents/ROS_WORKSPACES/WS_Master_Thesis/install/kuka_150_3100_description/share/kuka_150_3100_description/hook/cmake_prefix_path.ps1'
[0.352s] INFO:colcon.colcon_core.shell:Creating environment descriptor '/home/maclab/Documents/ROS_WORKSPACES/WS_Master_Thesis/install/kuka_150_3100_description/share/kuka_150_3100_description/hook/cmake_prefix_path.dsv'
[0.352s] INFO:colcon.colcon_core.shell:Creating environment hook '/home/maclab/Documents/ROS_WORKSPACES/WS_Master_Thesis/install/kuka_150_3100_description/share/kuka_150_3100_description/hook/cmake_prefix_path.sh'
[0.353s] Level 1:colcon.colcon_core.environment:checking '/home/maclab/Documents/ROS_WORKSPACES/WS_Master_Thesis/install/kuka_150_3100_description/bin'
[0.353s] Level 1:colcon.colcon_core.environment:checking '/home/maclab/Documents/ROS_WORKSPACES/WS_Master_Thesis/install/kuka_150_3100_description/lib/pkgconfig/kuka_150_3100_description.pc'
[0.353s] Level 1:colcon.colcon_core.environment:checking '/home/maclab/Documents/ROS_WORKSPACES/WS_Master_Thesis/install/kuka_150_3100_description/lib/python3.10/site-packages'
[0.353s] Level 1:colcon.colcon_core.environment:checking '/home/maclab/Documents/ROS_WORKSPACES/WS_Master_Thesis/install/kuka_150_3100_description/bin'
[0.353s] INFO:colcon.colcon_core.shell:Creating package script '/home/maclab/Documents/ROS_WORKSPACES/WS_Master_Thesis/install/kuka_150_3100_description/share/kuka_150_3100_description/package.ps1'
[0.354s] INFO:colcon.colcon_core.shell:Creating package descriptor '/home/maclab/Documents/ROS_WORKSPACES/WS_Master_Thesis/install/kuka_150_3100_description/share/kuka_150_3100_description/package.dsv'
[0.354s] INFO:colcon.colcon_core.shell:Creating package script '/home/maclab/Documents/ROS_WORKSPACES/WS_Master_Thesis/install/kuka_150_3100_description/share/kuka_150_3100_description/package.sh'
[0.354s] INFO:colcon.colcon_core.shell:Creating package script '/home/maclab/Documents/ROS_WORKSPACES/WS_Master_Thesis/install/kuka_150_3100_description/share/kuka_150_3100_description/package.bash'
[0.354s] INFO:colcon.colcon_core.shell:Creating package script '/home/maclab/Documents/ROS_WORKSPACES/WS_Master_Thesis/install/kuka_150_3100_description/share/kuka_150_3100_description/package.zsh'
[0.355s] Level 1:colcon.colcon_core.environment:create_file_with_runtime_dependencies(/home/maclab/Documents/ROS_WORKSPACES/WS_Master_Thesis/install/kuka_150_3100_description/share/colcon-core/packages/kuka_150_3100_description)
[0.356s] DEBUG:colcon.colcon_core.event_handler.log_command:Invoked command in '/home/maclab/Documents/ROS_WORKSPACES/WS_Master_Thesis/build/kuka_resources' returned '0': CMAKE_PREFIX_PATH=/opt/ros/humble /usr/bin/cmake --build /home/maclab/Documents/ROS_WORKSPACES/WS_Master_Thesis/build/kuka_resources -- -j32 -l32
[0.357s] DEBUG:colcon.colcon_core.event_handler.log_command:Invoking command in '/home/maclab/Documents/ROS_WORKSPACES/WS_Master_Thesis/build/kuka_resources': CMAKE_PREFIX_PATH=/opt/ros/humble /usr/bin/cmake --install /home/maclab/Documents/ROS_WORKSPACES/WS_Master_Thesis/build/kuka_resources
[0.357s] Level 1:colcon.colcon_core.environment:create_environment_scripts_only(uc1_robots_description)
[0.357s] Level 1:colcon.colcon_core.environment:checking '/home/maclab/Documents/ROS_WORKSPACES/WS_Master_Thesis/install/uc1_robots_description' for CMake module files
[0.357s] DEBUG:colcon.colcon_core.event_handler.log_command:Invoked command in '/home/maclab/Documents/ROS_WORKSPACES/WS_Master_Thesis/build/uc1_robots_description' returned '0': CMAKE_PREFIX_PATH=/opt/ros/humble /usr/bin/cmake --install /home/maclab/Documents/ROS_WORKSPACES/WS_Master_Thesis/build/uc1_robots_description
[0.357s] Level 1:colcon.colcon_core.environment:checking '/home/maclab/Documents/ROS_WORKSPACES/WS_Master_Thesis/install/uc1_robots_description' for CMake config files
[0.357s] Level 1:colcon.colcon_core.shell:create_environment_hook('uc1_robots_description', 'cmake_prefix_path')
[0.358s] INFO:colcon.colcon_core.shell:Creating environment hook '/home/maclab/Documents/ROS_WORKSPACES/WS_Master_Thesis/install/uc1_robots_description/share/uc1_robots_description/hook/cmake_prefix_path.ps1'
[0.358s] INFO:colcon.colcon_core.shell:Creating environment descriptor '/home/maclab/Documents/ROS_WORKSPACES/WS_Master_Thesis/install/uc1_robots_description/share/uc1_robots_description/hook/cmake_prefix_path.dsv'
[0.358s] INFO:colcon.colcon_core.shell:Creating environment hook '/home/maclab/Documents/ROS_WORKSPACES/WS_Master_Thesis/install/uc1_robots_description/share/uc1_robots_description/hook/cmake_prefix_path.sh'
[0.358s] Level 1:colcon.colcon_core.environment:checking '/home/maclab/Documents/ROS_WORKSPACES/WS_Master_Thesis/install/uc1_robots_description/bin'
[0.359s] Level 1:colcon.colcon_core.environment:checking '/home/maclab/Documents/ROS_WORKSPACES/WS_Master_Thesis/install/uc1_robots_description/lib/pkgconfig/uc1_robots_description.pc'
[0.359s] Level 1:colcon.colcon_core.environment:checking '/home/maclab/Documents/ROS_WORKSPACES/WS_Master_Thesis/install/uc1_robots_description/lib/python3.10/site-packages'
[0.359s] Level 1:colcon.colcon_core.environment:checking '/home/maclab/Documents/ROS_WORKSPACES/WS_Master_Thesis/install/uc1_robots_description/bin'
[0.359s] INFO:colcon.colcon_core.shell:Creating package script '/home/maclab/Documents/ROS_WORKSPACES/WS_Master_Thesis/install/uc1_robots_description/share/uc1_robots_description/package.ps1'
[0.359s] INFO:colcon.colcon_core.shell:Creating package descriptor '/home/maclab/Documents/ROS_WORKSPACES/WS_Master_Thesis/install/uc1_robots_description/share/uc1_robots_description/package.dsv'
[0.360s] INFO:colcon.colcon_core.shell:Creating package script '/home/maclab/Documents/ROS_WORKSPACES/WS_Master_Thesis/install/uc1_robots_description/share/uc1_robots_description/package.sh'
[0.360s] INFO:colcon.colcon_core.shell:Creating package script '/home/maclab/Documents/ROS_WORKSPACES/WS_Master_Thesis/install/uc1_robots_description/share/uc1_robots_description/package.bash'
[0.360s] INFO:colcon.colcon_core.shell:Creating package script '/home/maclab/Documents/ROS_WORKSPACES/WS_Master_Thesis/install/uc1_robots_description/share/uc1_robots_description/package.zsh'
[0.360s] Level 1:colcon.colcon_core.environment:create_file_with_runtime_dependencies(/home/maclab/Documents/ROS_WORKSPACES/WS_Master_Thesis/install/uc1_robots_description/share/colcon-core/packages/uc1_robots_description)
[0.361s] Level 1:colcon.colcon_core.environment:create_environment_scripts_only(uc1_robots_description)
[0.361s] Level 1:colcon.colcon_core.environment:checking '/home/maclab/Documents/ROS_WORKSPACES/WS_Master_Thesis/install/uc1_robots_description' for CMake module files
[0.361s] Level 1:colcon.colcon_core.environment:checking '/home/maclab/Documents/ROS_WORKSPACES/WS_Master_Thesis/install/uc1_robots_description' for CMake config files
[0.361s] Level 1:colcon.colcon_core.shell:create_environment_hook('uc1_robots_description', 'cmake_prefix_path')
[0.362s] INFO:colcon.colcon_core.shell:Creating environment hook '/home/maclab/Documents/ROS_WORKSPACES/WS_Master_Thesis/install/uc1_robots_description/share/uc1_robots_description/hook/cmake_prefix_path.ps1'
[0.362s] INFO:colcon.colcon_core.shell:Creating environment descriptor '/home/maclab/Documents/ROS_WORKSPACES/WS_Master_Thesis/install/uc1_robots_description/share/uc1_robots_description/hook/cmake_prefix_path.dsv'
[0.362s] INFO:colcon.colcon_core.shell:Creating environment hook '/home/maclab/Documents/ROS_WORKSPACES/WS_Master_Thesis/install/uc1_robots_description/share/uc1_robots_description/hook/cmake_prefix_path.sh'
[0.362s] Level 1:colcon.colcon_core.environment:checking '/home/maclab/Documents/ROS_WORKSPACES/WS_Master_Thesis/install/uc1_robots_description/bin'
[0.362s] Level 1:colcon.colcon_core.environment:checking '/home/maclab/Documents/ROS_WORKSPACES/WS_Master_Thesis/install/uc1_robots_description/lib/pkgconfig/uc1_robots_description.pc'
[0.363s] Level 1:colcon.colcon_core.environment:checking '/home/maclab/Documents/ROS_WORKSPACES/WS_Master_Thesis/install/uc1_robots_description/lib/python3.10/site-packages'
[0.363s] Level 1:colcon.colcon_core.environment:checking '/home/maclab/Documents/ROS_WORKSPACES/WS_Master_Thesis/install/uc1_robots_description/bin'
[0.363s] INFO:colcon.colcon_core.shell:Creating package script '/home/maclab/Documents/ROS_WORKSPACES/WS_Master_Thesis/install/uc1_robots_description/share/uc1_robots_description/package.ps1'
[0.363s] INFO:colcon.colcon_core.shell:Creating package descriptor '/home/maclab/Documents/ROS_WORKSPACES/WS_Master_Thesis/install/uc1_robots_description/share/uc1_robots_description/package.dsv'
[0.364s] INFO:colcon.colcon_core.shell:Creating package script '/home/maclab/Documents/ROS_WORKSPACES/WS_Master_Thesis/install/uc1_robots_description/share/uc1_robots_description/package.sh'
[0.364s] INFO:colcon.colcon_core.shell:Creating package script '/home/maclab/Documents/ROS_WORKSPACES/WS_Master_Thesis/install/uc1_robots_description/share/uc1_robots_description/package.bash'
[0.364s] INFO:colcon.colcon_core.shell:Creating package script '/home/maclab/Documents/ROS_WORKSPACES/WS_Master_Thesis/install/uc1_robots_description/share/uc1_robots_description/package.zsh'
[0.365s] Level 1:colcon.colcon_core.environment:create_file_with_runtime_dependencies(/home/maclab/Documents/ROS_WORKSPACES/WS_Master_Thesis/install/uc1_robots_description/share/colcon-core/packages/uc1_robots_description)
[0.365s] Level 1:colcon.colcon_core.environment:create_environment_scripts_only(kuka_resources)
[0.366s] Level 1:colcon.colcon_core.environment:checking '/home/maclab/Documents/ROS_WORKSPACES/WS_Master_Thesis/install/kuka_resources' for CMake module files
[0.367s] Level 1:colcon.colcon_core.environment:checking '/home/maclab/Documents/ROS_WORKSPACES/WS_Master_Thesis/install/kuka_resources' for CMake config files
[0.368s] DEBUG:colcon.colcon_core.event_handler.log_command:Invoked command in '/home/maclab/Documents/ROS_WORKSPACES/WS_Master_Thesis/build/kuka_resources' returned '0': CMAKE_PREFIX_PATH=/opt/ros/humble /usr/bin/cmake --install /home/maclab/Documents/ROS_WORKSPACES/WS_Master_Thesis/build/kuka_resources
[0.368s] Level 1:colcon.colcon_core.shell:create_environment_hook('kuka_resources', 'cmake_prefix_path')
[0.368s] INFO:colcon.colcon_core.shell:Creating environment hook '/home/maclab/Documents/ROS_WORKSPACES/WS_Master_Thesis/install/kuka_resources/share/kuka_resources/hook/cmake_prefix_path.ps1'
[0.368s] INFO:colcon.colcon_core.shell:Creating environment descriptor '/home/maclab/Documents/ROS_WORKSPACES/WS_Master_Thesis/install/kuka_resources/share/kuka_resources/hook/cmake_prefix_path.dsv'
[0.369s] INFO:colcon.colcon_core.shell:Creating environment hook '/home/maclab/Documents/ROS_WORKSPACES/WS_Master_Thesis/install/kuka_resources/share/kuka_resources/hook/cmake_prefix_path.sh'
[0.369s] Level 1:colcon.colcon_core.environment:checking '/home/maclab/Documents/ROS_WORKSPACES/WS_Master_Thesis/install/kuka_resources/bin'
[0.369s] Level 1:colcon.colcon_core.environment:checking '/home/maclab/Documents/ROS_WORKSPACES/WS_Master_Thesis/install/kuka_resources/lib/pkgconfig/kuka_resources.pc'
[0.369s] Level 1:colcon.colcon_core.environment:checking '/home/maclab/Documents/ROS_WORKSPACES/WS_Master_Thesis/install/kuka_resources/lib/python3.10/site-packages'
[0.369s] Level 1:colcon.colcon_core.environment:checking '/home/maclab/Documents/ROS_WORKSPACES/WS_Master_Thesis/install/kuka_resources/bin'
[0.370s] INFO:colcon.colcon_core.shell:Creating package script '/home/maclab/Documents/ROS_WORKSPACES/WS_Master_Thesis/install/kuka_resources/share/kuka_resources/package.ps1'
[0.370s] INFO:colcon.colcon_core.shell:Creating package descriptor '/home/maclab/Documents/ROS_WORKSPACES/WS_Master_Thesis/install/kuka_resources/share/kuka_resources/package.dsv'
[0.370s] INFO:colcon.colcon_core.shell:Creating package script '/home/maclab/Documents/ROS_WORKSPACES/WS_Master_Thesis/install/kuka_resources/share/kuka_resources/package.sh'
[0.370s] INFO:colcon.colcon_core.shell:Creating package script '/home/maclab/Documents/ROS_WORKSPACES/WS_Master_Thesis/install/kuka_resources/share/kuka_resources/package.bash'
[0.371s] INFO:colcon.colcon_core.shell:Creating package script '/home/maclab/Documents/ROS_WORKSPACES/WS_Master_Thesis/install/kuka_resources/share/kuka_resources/package.zsh'
[0.371s] Level 1:colcon.colcon_core.environment:create_file_with_runtime_dependencies(/home/maclab/Documents/ROS_WORKSPACES/WS_Master_Thesis/install/kuka_resources/share/colcon-core/packages/kuka_resources)
[0.371s] Level 1:colcon.colcon_core.environment:create_environment_scripts_only(kuka_resources)
[0.371s] Level 1:colcon.colcon_core.environment:checking '/home/maclab/Documents/ROS_WORKSPACES/WS_Master_Thesis/install/kuka_resources' for CMake module files
[0.372s] Level 1:colcon.colcon_core.environment:checking '/home/maclab/Documents/ROS_WORKSPACES/WS_Master_Thesis/install/kuka_resources' for CMake config files
[0.372s] Level 1:colcon.colcon_core.shell:create_environment_hook('kuka_resources', 'cmake_prefix_path')
[0.372s] INFO:colcon.colcon_core.shell:Creating environment hook '/home/maclab/Documents/ROS_WORKSPACES/WS_Master_Thesis/install/kuka_resources/share/kuka_resources/hook/cmake_prefix_path.ps1'
[0.372s] INFO:colcon.colcon_core.shell:Creating environment descriptor '/home/maclab/Documents/ROS_WORKSPACES/WS_Master_Thesis/install/kuka_resources/share/kuka_resources/hook/cmake_prefix_path.dsv'
[0.372s] INFO:colcon.colcon_core.shell:Creating environment hook '/home/maclab/Documents/ROS_WORKSPACES/WS_Master_Thesis/install/kuka_resources/share/kuka_resources/hook/cmake_prefix_path.sh'
[0.373s] Level 1:colcon.colcon_core.environment:checking '/home/maclab/Documents/ROS_WORKSPACES/WS_Master_Thesis/install/kuka_resources/bin'
[0.373s] Level 1:colcon.colcon_core.environment:checking '/home/maclab/Documents/ROS_WORKSPACES/WS_Master_Thesis/install/kuka_resources/lib/pkgconfig/kuka_resources.pc'
[0.373s] Level 1:colcon.colcon_core.environment:checking '/home/maclab/Documents/ROS_WORKSPACES/WS_Master_Thesis/install/kuka_resources/lib/python3.10/site-packages'
[0.373s] Level 1:colcon.colcon_core.environment:checking '/home/maclab/Documents/ROS_WORKSPACES/WS_Master_Thesis/install/kuka_resources/bin'
[0.373s] INFO:colcon.colcon_core.shell:Creating package script '/home/maclab/Documents/ROS_WORKSPACES/WS_Master_Thesis/install/kuka_resources/share/kuka_resources/package.ps1'
[0.373s] INFO:colcon.colcon_core.shell:Creating package descriptor '/home/maclab/Documents/ROS_WORKSPACES/WS_Master_Thesis/install/kuka_resources/share/kuka_resources/package.dsv'
[0.374s] INFO:colcon.colcon_core.shell:Creating package script '/home/maclab/Documents/ROS_WORKSPACES/WS_Master_Thesis/install/kuka_resources/share/kuka_resources/package.sh'
[0.374s] INFO:colcon.colcon_core.shell:Creating package script '/home/maclab/Documents/ROS_WORKSPACES/WS_Master_Thesis/install/kuka_resources/share/kuka_resources/package.bash'
[0.374s] INFO:colcon.colcon_core.shell:Creating package script '/home/maclab/Documents/ROS_WORKSPACES/WS_Master_Thesis/install/kuka_resources/share/kuka_resources/package.zsh'
[0.375s] Level 1:colcon.colcon_core.environment:create_file_with_runtime_dependencies(/home/maclab/Documents/ROS_WORKSPACES/WS_Master_Thesis/install/kuka_resources/share/colcon-core/packages/kuka_resources)
[0.420s] DEBUG:colcon.colcon_core.event_handler.log_command:Invoked command in '/home/maclab/Documents/ROS_WORKSPACES/WS_Master_Thesis/build/keyboard_publisher_pkg' returned '0': CMAKE_PREFIX_PATH=/opt/ros/humble /usr/bin/cmake /home/maclab/Documents/ROS_WORKSPACES/WS_Master_Thesis/src/keyboard_events_publisher -DCMAKE_INSTALL_PREFIX=/home/maclab/Documents/ROS_WORKSPACES/WS_Master_Thesis/install/keyboard_publisher_pkg
[0.421s] DEBUG:colcon.colcon_core.event_handler.log_command:Invoking command in '/home/maclab/Documents/ROS_WORKSPACES/WS_Master_Thesis/build/keyboard_publisher_pkg': CMAKE_PREFIX_PATH=/opt/ros/humble /usr/bin/cmake --build /home/maclab/Documents/ROS_WORKSPACES/WS_Master_Thesis/build/keyboard_publisher_pkg -- -j32 -l32
[0.467s] DEBUG:colcon.colcon_core.event_handler.log_command:Invoked command in '/home/maclab/Documents/ROS_WORKSPACES/WS_Master_Thesis/build/keyboard_publisher_pkg' returned '0': CMAKE_PREFIX_PATH=/opt/ros/humble /usr/bin/cmake --build /home/maclab/Documents/ROS_WORKSPACES/WS_Master_Thesis/build/keyboard_publisher_pkg -- -j32 -l32
[0.468s] DEBUG:colcon.colcon_core.event_handler.log_command:Invoking command in '/home/maclab/Documents/ROS_WORKSPACES/WS_Master_Thesis/build/keyboard_publisher_pkg': CMAKE_PREFIX_PATH=/opt/ros/humble /usr/bin/cmake --install /home/maclab/Documents/ROS_WORKSPACES/WS_Master_Thesis/build/keyboard_publisher_pkg
[0.475s] Level 1:colcon.colcon_core.environment:create_environment_scripts_only(keyboard_publisher_pkg)
[0.479s] Level 1:colcon.colcon_core.environment:checking '/home/maclab/Documents/ROS_WORKSPACES/WS_Master_Thesis/install/keyboard_publisher_pkg' for CMake module files
[0.480s] Level 1:colcon.colcon_core.environment:checking '/home/maclab/Documents/ROS_WORKSPACES/WS_Master_Thesis/install/keyboard_publisher_pkg' for CMake config files
[0.480s] Level 1:colcon.colcon_core.shell:create_environment_hook('keyboard_publisher_pkg', 'cmake_prefix_path')
[0.475s] DEBUG:colcon.colcon_core.event_handler.log_command:Invoked command in '/home/maclab/Documents/ROS_WORKSPACES/WS_Master_Thesis/build/keyboard_publisher_pkg' returned '0': CMAKE_PREFIX_PATH=/opt/ros/humble /usr/bin/cmake --install /home/maclab/Documents/ROS_WORKSPACES/WS_Master_Thesis/build/keyboard_publisher_pkg
[0.480s] INFO:colcon.colcon_core.shell:Creating environment hook '/home/maclab/Documents/ROS_WORKSPACES/WS_Master_Thesis/install/keyboard_publisher_pkg/share/keyboard_publisher_pkg/hook/cmake_prefix_path.ps1'
[0.481s] INFO:colcon.colcon_core.shell:Creating environment descriptor '/home/maclab/Documents/ROS_WORKSPACES/WS_Master_Thesis/install/keyboard_publisher_pkg/share/keyboard_publisher_pkg/hook/cmake_prefix_path.dsv'
[0.481s] INFO:colcon.colcon_core.shell:Creating environment hook '/home/maclab/Documents/ROS_WORKSPACES/WS_Master_Thesis/install/keyboard_publisher_pkg/share/keyboard_publisher_pkg/hook/cmake_prefix_path.sh'
[0.481s] Level 1:colcon.colcon_core.environment:checking '/home/maclab/Documents/ROS_WORKSPACES/WS_Master_Thesis/install/keyboard_publisher_pkg/lib'
[0.481s] Level 1:colcon.colcon_core.environment:checking '/home/maclab/Documents/ROS_WORKSPACES/WS_Master_Thesis/install/keyboard_publisher_pkg/bin'
[0.481s] Level 1:colcon.colcon_core.environment:checking '/home/maclab/Documents/ROS_WORKSPACES/WS_Master_Thesis/install/keyboard_publisher_pkg/lib/pkgconfig/keyboard_publisher_pkg.pc'
[0.481s] Level 1:colcon.colcon_core.environment:checking '/home/maclab/Documents/ROS_WORKSPACES/WS_Master_Thesis/install/keyboard_publisher_pkg/lib/python3.10/site-packages'
[0.482s] Level 1:colcon.colcon_core.environment:checking '/home/maclab/Documents/ROS_WORKSPACES/WS_Master_Thesis/install/keyboard_publisher_pkg/bin'
[0.482s] INFO:colcon.colcon_core.shell:Creating package script '/home/maclab/Documents/ROS_WORKSPACES/WS_Master_Thesis/install/keyboard_publisher_pkg/share/keyboard_publisher_pkg/package.ps1'
[0.482s] INFO:colcon.colcon_core.shell:Creating package descriptor '/home/maclab/Documents/ROS_WORKSPACES/WS_Master_Thesis/install/keyboard_publisher_pkg/share/keyboard_publisher_pkg/package.dsv'
[0.482s] INFO:colcon.colcon_core.shell:Creating package script '/home/maclab/Documents/ROS_WORKSPACES/WS_Master_Thesis/install/keyboard_publisher_pkg/share/keyboard_publisher_pkg/package.sh'
[0.482s] INFO:colcon.colcon_core.shell:Creating package script '/home/maclab/Documents/ROS_WORKSPACES/WS_Master_Thesis/install/keyboard_publisher_pkg/share/keyboard_publisher_pkg/package.bash'
[0.482s] INFO:colcon.colcon_core.shell:Creating package script '/home/maclab/Documents/ROS_WORKSPACES/WS_Master_Thesis/install/keyboard_publisher_pkg/share/keyboard_publisher_pkg/package.zsh'
[0.483s] Level 1:colcon.colcon_core.environment:create_file_with_runtime_dependencies(/home/maclab/Documents/ROS_WORKSPACES/WS_Master_Thesis/install/keyboard_publisher_pkg/share/colcon-core/packages/keyboard_publisher_pkg)
[0.483s] Level 1:colcon.colcon_core.environment:create_environment_scripts_only(keyboard_publisher_pkg)
[0.483s] Level 1:colcon.colcon_core.environment:checking '/home/maclab/Documents/ROS_WORKSPACES/WS_Master_Thesis/install/keyboard_publisher_pkg' for CMake module files
[0.483s] Level 1:colcon.colcon_core.environment:checking '/home/maclab/Documents/ROS_WORKSPACES/WS_Master_Thesis/install/keyboard_publisher_pkg' for CMake config files
[0.483s] Level 1:colcon.colcon_core.shell:create_environment_hook('keyboard_publisher_pkg', 'cmake_prefix_path')
[0.483s] INFO:colcon.colcon_core.shell:Creating environment hook '/home/maclab/Documents/ROS_WORKSPACES/WS_Master_Thesis/install/keyboard_publisher_pkg/share/keyboard_publisher_pkg/hook/cmake_prefix_path.ps1'
[0.483s] INFO:colcon.colcon_core.shell:Creating environment descriptor '/home/maclab/Documents/ROS_WORKSPACES/WS_Master_Thesis/install/keyboard_publisher_pkg/share/keyboard_publisher_pkg/hook/cmake_prefix_path.dsv'
[0.484s] INFO:colcon.colcon_core.shell:Creating environment hook '/home/maclab/Documents/ROS_WORKSPACES/WS_Master_Thesis/install/keyboard_publisher_pkg/share/keyboard_publisher_pkg/hook/cmake_prefix_path.sh'
[0.484s] Level 1:colcon.colcon_core.environment:checking '/home/maclab/Documents/ROS_WORKSPACES/WS_Master_Thesis/install/keyboard_publisher_pkg/lib'
[0.484s] Level 1:colcon.colcon_core.environment:checking '/home/maclab/Documents/ROS_WORKSPACES/WS_Master_Thesis/install/keyboard_publisher_pkg/bin'
[0.484s] Level 1:colcon.colcon_core.environment:checking '/home/maclab/Documents/ROS_WORKSPACES/WS_Master_Thesis/install/keyboard_publisher_pkg/lib/pkgconfig/keyboard_publisher_pkg.pc'
[0.484s] Level 1:colcon.colcon_core.environment:checking '/home/maclab/Documents/ROS_WORKSPACES/WS_Master_Thesis/install/keyboard_publisher_pkg/lib/python3.10/site-packages'
[0.484s] Level 1:colcon.colcon_core.environment:checking '/home/maclab/Documents/ROS_WORKSPACES/WS_Master_Thesis/install/keyboard_publisher_pkg/bin'
[0.484s] INFO:colcon.colcon_core.shell:Creating package script '/home/maclab/Documents/ROS_WORKSPACES/WS_Master_Thesis/install/keyboard_publisher_pkg/share/keyboard_publisher_pkg/package.ps1'
[0.484s] INFO:colcon.colcon_core.shell:Creating package descriptor '/home/maclab/Documents/ROS_WORKSPACES/WS_Master_Thesis/install/keyboard_publisher_pkg/share/keyboard_publisher_pkg/package.dsv'
[0.485s] INFO:colcon.colcon_core.shell:Creating package script '/home/maclab/Documents/ROS_WORKSPACES/WS_Master_Thesis/install/keyboard_publisher_pkg/share/keyboard_publisher_pkg/package.sh'
[0.485s] INFO:colcon.colcon_core.shell:Creating package script '/home/maclab/Documents/ROS_WORKSPACES/WS_Master_Thesis/install/keyboard_publisher_pkg/share/keyboard_publisher_pkg/package.bash'
[0.485s] INFO:colcon.colcon_core.shell:Creating package script '/home/maclab/Documents/ROS_WORKSPACES/WS_Master_Thesis/install/keyboard_publisher_pkg/share/keyboard_publisher_pkg/package.zsh'
[0.485s] Level 1:colcon.colcon_core.environment:create_file_with_runtime_dependencies(/home/maclab/Documents/ROS_WORKSPACES/WS_Master_Thesis/install/keyboard_publisher_pkg/share/colcon-core/packages/keyboard_publisher_pkg)
[0.598s] DEBUG:colcon.colcon_core.event_handler.log_command:Invoked command in '/home/maclab/Documents/ROS_WORKSPACES/WS_Master_Thesis/build/rsp_uc1' returned '0': CMAKE_PREFIX_PATH=/opt/ros/humble /usr/bin/cmake /home/maclab/Documents/ROS_WORKSPACES/WS_Master_Thesis/src/rsp_uc1 -DCMAKE_INSTALL_PREFIX=/home/maclab/Documents/ROS_WORKSPACES/WS_Master_Thesis/install/rsp_uc1
[0.599s] DEBUG:colcon.colcon_core.event_handler.log_command:Invoking command in '/home/maclab/Documents/ROS_WORKSPACES/WS_Master_Thesis/build/rsp_uc1': CMAKE_PREFIX_PATH=/opt/ros/humble /usr/bin/cmake --build /home/maclab/Documents/ROS_WORKSPACES/WS_Master_Thesis/build/rsp_uc1 -- -j32 -l32
[0.655s] DEBUG:colcon.colcon_core.event_handler.log_command:Invoked command in '/home/maclab/Documents/ROS_WORKSPACES/WS_Master_Thesis/build/rsp_uc1' returned '0': CMAKE_PREFIX_PATH=/opt/ros/humble /usr/bin/cmake --build /home/maclab/Documents/ROS_WORKSPACES/WS_Master_Thesis/build/rsp_uc1 -- -j32 -l32
[0.656s] DEBUG:colcon.colcon_core.event_handler.log_command:Invoking command in '/home/maclab/Documents/ROS_WORKSPACES/WS_Master_Thesis/build/rsp_uc1': CMAKE_PREFIX_PATH=/opt/ros/humble /usr/bin/cmake --install /home/maclab/Documents/ROS_WORKSPACES/WS_Master_Thesis/build/rsp_uc1
[0.661s] Level 1:colcon.colcon_core.environment:create_environment_scripts_only(rsp_uc1)
[0.661s] Level 1:colcon.colcon_core.environment:checking '/home/maclab/Documents/ROS_WORKSPACES/WS_Master_Thesis/install/rsp_uc1' for CMake module files
[0.662s] DEBUG:colcon.colcon_core.event_handler.log_command:Invoked command in '/home/maclab/Documents/ROS_WORKSPACES/WS_Master_Thesis/build/rsp_uc1' returned '0': CMAKE_PREFIX_PATH=/opt/ros/humble /usr/bin/cmake --install /home/maclab/Documents/ROS_WORKSPACES/WS_Master_Thesis/build/rsp_uc1
[0.662s] Level 1:colcon.colcon_core.environment:checking '/home/maclab/Documents/ROS_WORKSPACES/WS_Master_Thesis/install/rsp_uc1' for CMake config files
[0.662s] Level 1:colcon.colcon_core.shell:create_environment_hook('rsp_uc1', 'cmake_prefix_path')
[0.662s] INFO:colcon.colcon_core.shell:Creating environment hook '/home/maclab/Documents/ROS_WORKSPACES/WS_Master_Thesis/install/rsp_uc1/share/rsp_uc1/hook/cmake_prefix_path.ps1'
[0.663s] INFO:colcon.colcon_core.shell:Creating environment descriptor '/home/maclab/Documents/ROS_WORKSPACES/WS_Master_Thesis/install/rsp_uc1/share/rsp_uc1/hook/cmake_prefix_path.dsv'
[0.663s] INFO:colcon.colcon_core.shell:Creating environment hook '/home/maclab/Documents/ROS_WORKSPACES/WS_Master_Thesis/install/rsp_uc1/share/rsp_uc1/hook/cmake_prefix_path.sh'
[0.663s] Level 1:colcon.colcon_core.environment:checking '/home/maclab/Documents/ROS_WORKSPACES/WS_Master_Thesis/install/rsp_uc1/lib'
[0.663s] Level 1:colcon.colcon_core.shell:create_environment_hook('rsp_uc1', 'ld_library_path_lib')
[0.663s] INFO:colcon.colcon_core.shell:Creating environment hook '/home/maclab/Documents/ROS_WORKSPACES/WS_Master_Thesis/install/rsp_uc1/share/rsp_uc1/hook/ld_library_path_lib.ps1'
[0.663s] INFO:colcon.colcon_core.shell:Creating environment descriptor '/home/maclab/Documents/ROS_WORKSPACES/WS_Master_Thesis/install/rsp_uc1/share/rsp_uc1/hook/ld_library_path_lib.dsv'
[0.663s] INFO:colcon.colcon_core.shell:Creating environment hook '/home/maclab/Documents/ROS_WORKSPACES/WS_Master_Thesis/install/rsp_uc1/share/rsp_uc1/hook/ld_library_path_lib.sh'
[0.663s] Level 1:colcon.colcon_core.environment:checking '/home/maclab/Documents/ROS_WORKSPACES/WS_Master_Thesis/install/rsp_uc1/bin'
[0.663s] Level 1:colcon.colcon_core.environment:checking '/home/maclab/Documents/ROS_WORKSPACES/WS_Master_Thesis/install/rsp_uc1/lib/pkgconfig/rsp_uc1.pc'
[0.663s] Level 1:colcon.colcon_core.environment:checking '/home/maclab/Documents/ROS_WORKSPACES/WS_Master_Thesis/install/rsp_uc1/lib/python3.10/site-packages'
[0.664s] Level 1:colcon.colcon_core.environment:checking '/home/maclab/Documents/ROS_WORKSPACES/WS_Master_Thesis/install/rsp_uc1/bin'
[0.664s] INFO:colcon.colcon_core.shell:Creating package script '/home/maclab/Documents/ROS_WORKSPACES/WS_Master_Thesis/install/rsp_uc1/share/rsp_uc1/package.ps1'
[0.664s] INFO:colcon.colcon_core.shell:Creating package descriptor '/home/maclab/Documents/ROS_WORKSPACES/WS_Master_Thesis/install/rsp_uc1/share/rsp_uc1/package.dsv'
[0.664s] INFO:colcon.colcon_core.shell:Creating package script '/home/maclab/Documents/ROS_WORKSPACES/WS_Master_Thesis/install/rsp_uc1/share/rsp_uc1/package.sh'
[0.664s] INFO:colcon.colcon_core.shell:Creating package script '/home/maclab/Documents/ROS_WORKSPACES/WS_Master_Thesis/install/rsp_uc1/share/rsp_uc1/package.bash'
[0.664s] INFO:colcon.colcon_core.shell:Creating package script '/home/maclab/Documents/ROS_WORKSPACES/WS_Master_Thesis/install/rsp_uc1/share/rsp_uc1/package.zsh'
[0.664s] Level 1:colcon.colcon_core.environment:create_file_with_runtime_dependencies(/home/maclab/Documents/ROS_WORKSPACES/WS_Master_Thesis/install/rsp_uc1/share/colcon-core/packages/rsp_uc1)
[0.665s] Level 1:colcon.colcon_core.environment:create_environment_scripts_only(rsp_uc1)
[0.665s] Level 1:colcon.colcon_core.environment:checking '/home/maclab/Documents/ROS_WORKSPACES/WS_Master_Thesis/install/rsp_uc1' for CMake module files
[0.665s] Level 1:colcon.colcon_core.environment:checking '/home/maclab/Documents/ROS_WORKSPACES/WS_Master_Thesis/install/rsp_uc1' for CMake config files
[0.665s] Level 1:colcon.colcon_core.shell:create_environment_hook('rsp_uc1', 'cmake_prefix_path')
[0.665s] INFO:colcon.colcon_core.shell:Creating environment hook '/home/maclab/Documents/ROS_WORKSPACES/WS_Master_Thesis/install/rsp_uc1/share/rsp_uc1/hook/cmake_prefix_path.ps1'
[0.665s] INFO:colcon.colcon_core.shell:Creating environment descriptor '/home/maclab/Documents/ROS_WORKSPACES/WS_Master_Thesis/install/rsp_uc1/share/rsp_uc1/hook/cmake_prefix_path.dsv'
[0.665s] INFO:colcon.colcon_core.shell:Creating environment hook '/home/maclab/Documents/ROS_WORKSPACES/WS_Master_Thesis/install/rsp_uc1/share/rsp_uc1/hook/cmake_prefix_path.sh'
[0.666s] Level 1:colcon.colcon_core.environment:checking '/home/maclab/Documents/ROS_WORKSPACES/WS_Master_Thesis/install/rsp_uc1/lib'
[0.666s] Level 1:colcon.colcon_core.shell:create_environment_hook('rsp_uc1', 'ld_library_path_lib')
[0.666s] INFO:colcon.colcon_core.shell:Creating environment hook '/home/maclab/Documents/ROS_WORKSPACES/WS_Master_Thesis/install/rsp_uc1/share/rsp_uc1/hook/ld_library_path_lib.ps1'
[0.666s] INFO:colcon.colcon_core.shell:Creating environment descriptor '/home/maclab/Documents/ROS_WORKSPACES/WS_Master_Thesis/install/rsp_uc1/share/rsp_uc1/hook/ld_library_path_lib.dsv'
[0.666s] INFO:colcon.colcon_core.shell:Creating environment hook '/home/maclab/Documents/ROS_WORKSPACES/WS_Master_Thesis/install/rsp_uc1/share/rsp_uc1/hook/ld_library_path_lib.sh'
[0.666s] Level 1:colcon.colcon_core.environment:checking '/home/maclab/Documents/ROS_WORKSPACES/WS_Master_Thesis/install/rsp_uc1/bin'
[0.666s] Level 1:colcon.colcon_core.environment:checking '/home/maclab/Documents/ROS_WORKSPACES/WS_Master_Thesis/install/rsp_uc1/lib/pkgconfig/rsp_uc1.pc'
[0.666s] Level 1:colcon.colcon_core.environment:checking '/home/maclab/Documents/ROS_WORKSPACES/WS_Master_Thesis/install/rsp_uc1/lib/python3.10/site-packages'
[0.666s] Level 1:colcon.colcon_core.environment:checking '/home/maclab/Documents/ROS_WORKSPACES/WS_Master_Thesis/install/rsp_uc1/bin'
[0.666s] INFO:colcon.colcon_core.shell:Creating package script '/home/maclab/Documents/ROS_WORKSPACES/WS_Master_Thesis/install/rsp_uc1/share/rsp_uc1/package.ps1'
[0.667s] INFO:colcon.colcon_core.shell:Creating package descriptor '/home/maclab/Documents/ROS_WORKSPACES/WS_Master_Thesis/install/rsp_uc1/share/rsp_uc1/package.dsv'
[0.667s] INFO:colcon.colcon_core.shell:Creating package script '/home/maclab/Documents/ROS_WORKSPACES/WS_Master_Thesis/install/rsp_uc1/share/rsp_uc1/package.sh'
[0.667s] INFO:colcon.colcon_core.shell:Creating package script '/home/maclab/Documents/ROS_WORKSPACES/WS_Master_Thesis/install/rsp_uc1/share/rsp_uc1/package.bash'
[0.667s] INFO:colcon.colcon_core.shell:Creating package script '/home/maclab/Documents/ROS_WORKSPACES/WS_Master_Thesis/install/rsp_uc1/share/rsp_uc1/package.zsh'
[0.667s] Level 1:colcon.colcon_core.environment:create_file_with_runtime_dependencies(/home/maclab/Documents/ROS_WORKSPACES/WS_Master_Thesis/install/rsp_uc1/share/colcon-core/packages/rsp_uc1)
[1.071s] DEBUG:colcon.colcon_core.event_handler.log_command:Invoked command in '/home/maclab/Documents/ROS_WORKSPACES/WS_Master_Thesis/build/uc1_robot_controllers_interfaces' returned '0': CMAKE_PREFIX_PATH=/opt/ros/humble /usr/bin/cmake /home/maclab/Documents/ROS_WORKSPACES/WS_Master_Thesis/src/uc1_robot_controllers_interfaces -DCMAKE_INSTALL_PREFIX=/home/maclab/Documents/ROS_WORKSPACES/WS_Master_Thesis/install/uc1_robot_controllers_interfaces
[1.072s] DEBUG:colcon.colcon_core.event_handler.log_command:Invoking command in '/home/maclab/Documents/ROS_WORKSPACES/WS_Master_Thesis/build/uc1_robot_controllers_interfaces': CMAKE_PREFIX_PATH=/opt/ros/humble /usr/bin/cmake --build /home/maclab/Documents/ROS_WORKSPACES/WS_Master_Thesis/build/uc1_robot_controllers_interfaces -- -j32 -l32
[1.120s] DEBUG:colcon.colcon_core.event_handler.log_command:Invoked command in '/home/maclab/Documents/ROS_WORKSPACES/WS_Master_Thesis/build/ur_admittance_controller' returned '0': CMAKE_PREFIX_PATH=/opt/ros/humble /usr/bin/cmake /home/maclab/Documents/ROS_WORKSPACES/WS_Master_Thesis/src/ur_admittance_controller -DCMAKE_INSTALL_PREFIX=/home/maclab/Documents/ROS_WORKSPACES/WS_Master_Thesis/install/ur_admittance_controller
[1.123s] DEBUG:colcon.colcon_core.event_handler.log_command:Invoking command in '/home/maclab/Documents/ROS_WORKSPACES/WS_Master_Thesis/build/ur_admittance_controller': CMAKE_PREFIX_PATH=/opt/ros/humble /usr/bin/cmake --build /home/maclab/Documents/ROS_WORKSPACES/WS_Master_Thesis/build/ur_admittance_controller -- -j32 -l32
[1.139s] DEBUG:colcon.colcon_core.event_handler.log_command:Invoked command in '/home/maclab/Documents/ROS_WORKSPACES/WS_Master_Thesis/build/environment_pointcloud_processing' returned '0': CMAKE_PREFIX_PATH=/opt/ros/humble /usr/bin/cmake /home/maclab/Documents/ROS_WORKSPACES/WS_Master_Thesis/src/environment_pointcloud_processing -DCMAKE_INSTALL_PREFIX=/home/maclab/Documents/ROS_WORKSPACES/WS_Master_Thesis/install/environment_pointcloud_processing
[1.140s] DEBUG:colcon.colcon_core.event_handler.log_command:Invoking command in '/home/maclab/Documents/ROS_WORKSPACES/WS_Master_Thesis/build/environment_pointcloud_processing': CMAKE_PREFIX_PATH=/opt/ros/humble /usr/bin/cmake --build /home/maclab/Documents/ROS_WORKSPACES/WS_Master_Thesis/build/environment_pointcloud_processing -- -j32 -l32
[1.169s] DEBUG:colcon.colcon_core.event_handler.log_command:Invoked command in '/home/maclab/Documents/ROS_WORKSPACES/WS_Master_Thesis/build/ur_admittance_controller' returned '0': CMAKE_PREFIX_PATH=/opt/ros/humble /usr/bin/cmake --build /home/maclab/Documents/ROS_WORKSPACES/WS_Master_Thesis/build/ur_admittance_controller -- -j32 -l32
[1.171s] DEBUG:colcon.colcon_core.event_handler.log_command:Invoking command in '/home/maclab/Documents/ROS_WORKSPACES/WS_Master_Thesis/build/ur_admittance_controller': CMAKE_PREFIX_PATH=/opt/ros/humble /usr/bin/cmake --install /home/maclab/Documents/ROS_WORKSPACES/WS_Master_Thesis/build/ur_admittance_controller
[1.178s] Level 1:colcon.colcon_core.environment:create_environment_scripts_only(ur_admittance_controller)
[1.178s] Level 1:colcon.colcon_core.environment:checking '/home/maclab/Documents/ROS_WORKSPACES/WS_Master_Thesis/install/ur_admittance_controller' for CMake module files
[1.178s] DEBUG:colcon.colcon_core.event_handler.log_command:Invoked command in '/home/maclab/Documents/ROS_WORKSPACES/WS_Master_Thesis/build/ur_admittance_controller' returned '0': CMAKE_PREFIX_PATH=/opt/ros/humble /usr/bin/cmake --install /home/maclab/Documents/ROS_WORKSPACES/WS_Master_Thesis/build/ur_admittance_controller
[1.179s] Level 1:colcon.colcon_core.environment:checking '/home/maclab/Documents/ROS_WORKSPACES/WS_Master_Thesis/install/ur_admittance_controller' for CMake config files
[1.179s] Level 1:colcon.colcon_core.shell:create_environment_hook('ur_admittance_controller', 'cmake_prefix_path')
[1.179s] INFO:colcon.colcon_core.shell:Creating environment hook '/home/maclab/Documents/ROS_WORKSPACES/WS_Master_Thesis/install/ur_admittance_controller/share/ur_admittance_controller/hook/cmake_prefix_path.ps1'
[1.179s] INFO:colcon.colcon_core.shell:Creating environment descriptor '/home/maclab/Documents/ROS_WORKSPACES/WS_Master_Thesis/install/ur_admittance_controller/share/ur_admittance_controller/hook/cmake_prefix_path.dsv'
[1.180s] INFO:colcon.colcon_core.shell:Creating environment hook '/home/maclab/Documents/ROS_WORKSPACES/WS_Master_Thesis/install/ur_admittance_controller/share/ur_admittance_controller/hook/cmake_prefix_path.sh'
[1.180s] Level 1:colcon.colcon_core.environment:checking '/home/maclab/Documents/ROS_WORKSPACES/WS_Master_Thesis/install/ur_admittance_controller/lib'
[1.180s] Level 1:colcon.colcon_core.environment:checking '/home/maclab/Documents/ROS_WORKSPACES/WS_Master_Thesis/install/ur_admittance_controller/bin'
[1.180s] Level 1:colcon.colcon_core.environment:checking '/home/maclab/Documents/ROS_WORKSPACES/WS_Master_Thesis/install/ur_admittance_controller/lib/pkgconfig/ur_admittance_controller.pc'
[1.180s] Level 1:colcon.colcon_core.environment:checking '/home/maclab/Documents/ROS_WORKSPACES/WS_Master_Thesis/install/ur_admittance_controller/lib/python3.10/site-packages'
[1.181s] Level 1:colcon.colcon_core.environment:checking '/home/maclab/Documents/ROS_WORKSPACES/WS_Master_Thesis/install/ur_admittance_controller/bin'
[1.181s] INFO:colcon.colcon_core.shell:Creating package script '/home/maclab/Documents/ROS_WORKSPACES/WS_Master_Thesis/install/ur_admittance_controller/share/ur_admittance_controller/package.ps1'
[1.181s] INFO:colcon.colcon_core.shell:Creating package descriptor '/home/maclab/Documents/ROS_WORKSPACES/WS_Master_Thesis/install/ur_admittance_controller/share/ur_admittance_controller/package.dsv'
[1.182s] INFO:colcon.colcon_core.shell:Creating package script '/home/maclab/Documents/ROS_WORKSPACES/WS_Master_Thesis/install/ur_admittance_controller/share/ur_admittance_controller/package.sh'
[1.182s] INFO:colcon.colcon_core.shell:Creating package script '/home/maclab/Documents/ROS_WORKSPACES/WS_Master_Thesis/install/ur_admittance_controller/share/ur_admittance_controller/package.bash'
[1.182s] INFO:colcon.colcon_core.shell:Creating package script '/home/maclab/Documents/ROS_WORKSPACES/WS_Master_Thesis/install/ur_admittance_controller/share/ur_admittance_controller/package.zsh'
[1.182s] Level 1:colcon.colcon_core.environment:create_file_with_runtime_dependencies(/home/maclab/Documents/ROS_WORKSPACES/WS_Master_Thesis/install/ur_admittance_controller/share/colcon-core/packages/ur_admittance_controller)
[1.183s] Level 1:colcon.colcon_core.environment:create_environment_scripts_only(ur_admittance_controller)
[1.183s] Level 1:colcon.colcon_core.environment:checking '/home/maclab/Documents/ROS_WORKSPACES/WS_Master_Thesis/install/ur_admittance_controller' for CMake module files
[1.183s] Level 1:colcon.colcon_core.environment:checking '/home/maclab/Documents/ROS_WORKSPACES/WS_Master_Thesis/install/ur_admittance_controller' for CMake config files
[1.183s] Level 1:colcon.colcon_core.shell:create_environment_hook('ur_admittance_controller', 'cmake_prefix_path')
[1.184s] INFO:colcon.colcon_core.shell:Creating environment hook '/home/maclab/Documents/ROS_WORKSPACES/WS_Master_Thesis/install/ur_admittance_controller/share/ur_admittance_controller/hook/cmake_prefix_path.ps1'
[1.184s] INFO:colcon.colcon_core.shell:Creating environment descriptor '/home/maclab/Documents/ROS_WORKSPACES/WS_Master_Thesis/install/ur_admittance_controller/share/ur_admittance_controller/hook/cmake_prefix_path.dsv'
[1.184s] INFO:colcon.colcon_core.shell:Creating environment hook '/home/maclab/Documents/ROS_WORKSPACES/WS_Master_Thesis/install/ur_admittance_controller/share/ur_admittance_controller/hook/cmake_prefix_path.sh'
[1.185s] Level 1:colcon.colcon_core.environment:checking '/home/maclab/Documents/ROS_WORKSPACES/WS_Master_Thesis/install/ur_admittance_controller/lib'
[1.185s] Level 1:colcon.colcon_core.environment:checking '/home/maclab/Documents/ROS_WORKSPACES/WS_Master_Thesis/install/ur_admittance_controller/bin'
[1.185s] Level 1:colcon.colcon_core.environment:checking '/home/maclab/Documents/ROS_WORKSPACES/WS_Master_Thesis/install/ur_admittance_controller/lib/pkgconfig/ur_admittance_controller.pc'
[1.185s] Level 1:colcon.colcon_core.environment:checking '/home/maclab/Documents/ROS_WORKSPACES/WS_Master_Thesis/install/ur_admittance_controller/lib/python3.10/site-packages'
[1.185s] Level 1:colcon.colcon_core.environment:checking '/home/maclab/Documents/ROS_WORKSPACES/WS_Master_Thesis/install/ur_admittance_controller/bin'
[1.186s] INFO:colcon.colcon_core.shell:Creating package script '/home/maclab/Documents/ROS_WORKSPACES/WS_Master_Thesis/install/ur_admittance_controller/share/ur_admittance_controller/package.ps1'
[1.186s] INFO:colcon.colcon_core.shell:Creating package descriptor '/home/maclab/Documents/ROS_WORKSPACES/WS_Master_Thesis/install/ur_admittance_controller/share/ur_admittance_controller/package.dsv'
[1.186s] INFO:colcon.colcon_core.shell:Creating package script '/home/maclab/Documents/ROS_WORKSPACES/WS_Master_Thesis/install/ur_admittance_controller/share/ur_admittance_controller/package.sh'
[1.186s] INFO:colcon.colcon_core.shell:Creating package script '/home/maclab/Documents/ROS_WORKSPACES/WS_Master_Thesis/install/ur_admittance_controller/share/ur_admittance_controller/package.bash'
[1.187s] INFO:colcon.colcon_core.shell:Creating package script '/home/maclab/Documents/ROS_WORKSPACES/WS_Master_Thesis/install/ur_admittance_controller/share/ur_admittance_controller/package.zsh'
[1.187s] Level 1:colcon.colcon_core.environment:create_file_with_runtime_dependencies(/home/maclab/Documents/ROS_WORKSPACES/WS_Master_Thesis/install/ur_admittance_controller/share/colcon-core/packages/ur_admittance_controller)
[1.190s] DEBUG:colcon.colcon_core.event_handler.log_command:Invoked command in '/home/maclab/Documents/ROS_WORKSPACES/WS_Master_Thesis/build/environment_pointcloud_processing' returned '0': CMAKE_PREFIX_PATH=/opt/ros/humble /usr/bin/cmake --build /home/maclab/Documents/ROS_WORKSPACES/WS_Master_Thesis/build/environment_pointcloud_processing -- -j32 -l32
[1.191s] DEBUG:colcon.colcon_core.event_handler.log_command:Invoking command in '/home/maclab/Documents/ROS_WORKSPACES/WS_Master_Thesis/build/environment_pointcloud_processing': CMAKE_PREFIX_PATH=/opt/ros/humble /usr/bin/cmake --install /home/maclab/Documents/ROS_WORKSPACES/WS_Master_Thesis/build/environment_pointcloud_processing
[1.195s] Level 1:colcon.colcon_core.environment:create_environment_scripts_only(environment_pointcloud_processing)
[1.195s] DEBUG:colcon.colcon_core.event_handler.log_command:Invoked command in '/home/maclab/Documents/ROS_WORKSPACES/WS_Master_Thesis/build/environment_pointcloud_processing' returned '0': CMAKE_PREFIX_PATH=/opt/ros/humble /usr/bin/cmake --install /home/maclab/Documents/ROS_WORKSPACES/WS_Master_Thesis/build/environment_pointcloud_processing
[1.195s] Level 1:colcon.colcon_core.environment:checking '/home/maclab/Documents/ROS_WORKSPACES/WS_Master_Thesis/install/environment_pointcloud_processing' for CMake module files
[1.195s] Level 1:colcon.colcon_core.environment:checking '/home/maclab/Documents/ROS_WORKSPACES/WS_Master_Thesis/install/environment_pointcloud_processing' for CMake config files
[1.196s] Level 1:colcon.colcon_core.shell:create_environment_hook('environment_pointcloud_processing', 'cmake_prefix_path')
[1.196s] INFO:colcon.colcon_core.shell:Creating environment hook '/home/maclab/Documents/ROS_WORKSPACES/WS_Master_Thesis/install/environment_pointcloud_processing/share/environment_pointcloud_processing/hook/cmake_prefix_path.ps1'
[1.196s] INFO:colcon.colcon_core.shell:Creating environment descriptor '/home/maclab/Documents/ROS_WORKSPACES/WS_Master_Thesis/install/environment_pointcloud_processing/share/environment_pointcloud_processing/hook/cmake_prefix_path.dsv'
[1.196s] INFO:colcon.colcon_core.shell:Creating environment hook '/home/maclab/Documents/ROS_WORKSPACES/WS_Master_Thesis/install/environment_pointcloud_processing/share/environment_pointcloud_processing/hook/cmake_prefix_path.sh'
[1.196s] Level 1:colcon.colcon_core.environment:checking '/home/maclab/Documents/ROS_WORKSPACES/WS_Master_Thesis/install/environment_pointcloud_processing/lib'
[1.196s] Level 1:colcon.colcon_core.environment:checking '/home/maclab/Documents/ROS_WORKSPACES/WS_Master_Thesis/install/environment_pointcloud_processing/bin'
[1.196s] Level 1:colcon.colcon_core.environment:checking '/home/maclab/Documents/ROS_WORKSPACES/WS_Master_Thesis/install/environment_pointcloud_processing/lib/pkgconfig/environment_pointcloud_processing.pc'
[1.196s] Level 1:colcon.colcon_core.environment:checking '/home/maclab/Documents/ROS_WORKSPACES/WS_Master_Thesis/install/environment_pointcloud_processing/lib/python3.10/site-packages'
[1.196s] Level 1:colcon.colcon_core.environment:checking '/home/maclab/Documents/ROS_WORKSPACES/WS_Master_Thesis/install/environment_pointcloud_processing/bin'
[1.196s] INFO:colcon.colcon_core.shell:Creating package script '/home/maclab/Documents/ROS_WORKSPACES/WS_Master_Thesis/install/environment_pointcloud_processing/share/environment_pointcloud_processing/package.ps1'
[1.197s] INFO:colcon.colcon_core.shell:Creating package descriptor '/home/maclab/Documents/ROS_WORKSPACES/WS_Master_Thesis/install/environment_pointcloud_processing/share/environment_pointcloud_processing/package.dsv'
[1.197s] INFO:colcon.colcon_core.shell:Creating package script '/home/maclab/Documents/ROS_WORKSPACES/WS_Master_Thesis/install/environment_pointcloud_processing/share/environment_pointcloud_processing/package.sh'
[1.197s] INFO:colcon.colcon_core.shell:Creating package script '/home/maclab/Documents/ROS_WORKSPACES/WS_Master_Thesis/install/environment_pointcloud_processing/share/environment_pointcloud_processing/package.bash'
[1.197s] INFO:colcon.colcon_core.shell:Creating package script '/home/maclab/Documents/ROS_WORKSPACES/WS_Master_Thesis/install/environment_pointcloud_processing/share/environment_pointcloud_processing/package.zsh'
[1.197s] Level 1:colcon.colcon_core.environment:create_file_with_runtime_dependencies(/home/maclab/Documents/ROS_WORKSPACES/WS_Master_Thesis/install/environment_pointcloud_processing/share/colcon-core/packages/environment_pointcloud_processing)
[1.197s] Level 1:colcon.colcon_core.environment:create_environment_scripts_only(environment_pointcloud_processing)
[1.197s] Level 1:colcon.colcon_core.environment:checking '/home/maclab/Documents/ROS_WORKSPACES/WS_Master_Thesis/install/environment_pointcloud_processing' for CMake module files
[1.198s] Level 1:colcon.colcon_core.environment:checking '/home/maclab/Documents/ROS_WORKSPACES/WS_Master_Thesis/install/environment_pointcloud_processing' for CMake config files
[1.198s] Level 1:colcon.colcon_core.shell:create_environment_hook('environment_pointcloud_processing', 'cmake_prefix_path')
[1.198s] INFO:colcon.colcon_core.shell:Creating environment hook '/home/maclab/Documents/ROS_WORKSPACES/WS_Master_Thesis/install/environment_pointcloud_processing/share/environment_pointcloud_processing/hook/cmake_prefix_path.ps1'
[1.198s] INFO:colcon.colcon_core.shell:Creating environment descriptor '/home/maclab/Documents/ROS_WORKSPACES/WS_Master_Thesis/install/environment_pointcloud_processing/share/environment_pointcloud_processing/hook/cmake_prefix_path.dsv'
[1.198s] INFO:colcon.colcon_core.shell:Creating environment hook '/home/maclab/Documents/ROS_WORKSPACES/WS_Master_Thesis/install/environment_pointcloud_processing/share/environment_pointcloud_processing/hook/cmake_prefix_path.sh'
[1.198s] Level 1:colcon.colcon_core.environment:checking '/home/maclab/Documents/ROS_WORKSPACES/WS_Master_Thesis/install/environment_pointcloud_processing/lib'
[1.198s] Level 1:colcon.colcon_core.environment:checking '/home/maclab/Documents/ROS_WORKSPACES/WS_Master_Thesis/install/environment_pointcloud_processing/bin'
[1.198s] Level 1:colcon.colcon_core.environment:checking '/home/maclab/Documents/ROS_WORKSPACES/WS_Master_Thesis/install/environment_pointcloud_processing/lib/pkgconfig/environment_pointcloud_processing.pc'
[1.198s] Level 1:colcon.colcon_core.environment:checking '/home/maclab/Documents/ROS_WORKSPACES/WS_Master_Thesis/install/environment_pointcloud_processing/lib/python3.10/site-packages'
[1.198s] Level 1:colcon.colcon_core.environment:checking '/home/maclab/Documents/ROS_WORKSPACES/WS_Master_Thesis/install/environment_pointcloud_processing/bin'
[1.199s] INFO:colcon.colcon_core.shell:Creating package script '/home/maclab/Documents/ROS_WORKSPACES/WS_Master_Thesis/install/environment_pointcloud_processing/share/environment_pointcloud_processing/package.ps1'
[1.199s] INFO:colcon.colcon_core.shell:Creating package descriptor '/home/maclab/Documents/ROS_WORKSPACES/WS_Master_Thesis/install/environment_pointcloud_processing/share/environment_pointcloud_processing/package.dsv'
[1.199s] INFO:colcon.colcon_core.shell:Creating package script '/home/maclab/Documents/ROS_WORKSPACES/WS_Master_Thesis/install/environment_pointcloud_processing/share/environment_pointcloud_processing/package.sh'
[1.199s] INFO:colcon.colcon_core.shell:Creating package script '/home/maclab/Documents/ROS_WORKSPACES/WS_Master_Thesis/install/environment_pointcloud_processing/share/environment_pointcloud_processing/package.bash'
[1.199s] INFO:colcon.colcon_core.shell:Creating package script '/home/maclab/Documents/ROS_WORKSPACES/WS_Master_Thesis/install/environment_pointcloud_processing/share/environment_pointcloud_processing/package.zsh'
[1.199s] Level 1:colcon.colcon_core.environment:create_file_with_runtime_dependencies(/home/maclab/Documents/ROS_WORKSPACES/WS_Master_Thesis/install/environment_pointcloud_processing/share/colcon-core/packages/environment_pointcloud_processing)
[1.217s] DEBUG:colcon.colcon_core.event_handler.log_command:Invoked command in '/home/maclab/Documents/ROS_WORKSPACES/WS_Master_Thesis/build/pointcloud_interactive_markers' returned '0': CMAKE_PREFIX_PATH=/opt/ros/humble /usr/bin/cmake /home/maclab/Documents/ROS_WORKSPACES/WS_Master_Thesis/src/pointcloud_interactive_markers -DCMAKE_INSTALL_PREFIX=/home/maclab/Documents/ROS_WORKSPACES/WS_Master_Thesis/install/pointcloud_interactive_markers
[1.218s] DEBUG:colcon.colcon_core.event_handler.log_command:Invoking command in '/home/maclab/Documents/ROS_WORKSPACES/WS_Master_Thesis/build/pointcloud_interactive_markers': CMAKE_PREFIX_PATH=/opt/ros/humble /usr/bin/cmake --build /home/maclab/Documents/ROS_WORKSPACES/WS_Master_Thesis/build/pointcloud_interactive_markers -- -j32 -l32
[1.249s] DEBUG:colcon.colcon_core.event_handler.log_command:Invoked command in '/home/maclab/Documents/ROS_WORKSPACES/WS_Master_Thesis/build/uc1_robot_controllers_interfaces' returned '0': CMAKE_PREFIX_PATH=/opt/ros/humble /usr/bin/cmake --build /home/maclab/Documents/ROS_WORKSPACES/WS_Master_Thesis/build/uc1_robot_controllers_interfaces -- -j32 -l32
[1.249s] DEBUG:colcon.colcon_core.event_handler.log_command:Invoking command in '/home/maclab/Documents/ROS_WORKSPACES/WS_Master_Thesis/build/uc1_robot_controllers_interfaces': CMAKE_PREFIX_PATH=/opt/ros/humble /usr/bin/cmake --install /home/maclab/Documents/ROS_WORKSPACES/WS_Master_Thesis/build/uc1_robot_controllers_interfaces
[1.285s] Level 1:colcon.colcon_core.environment:create_environment_scripts_only(uc1_robot_controllers_interfaces)
[1.285s] DEBUG:colcon.colcon_core.event_handler.log_command:Invoked command in '/home/maclab/Documents/ROS_WORKSPACES/WS_Master_Thesis/build/uc1_robot_controllers_interfaces' returned '0': CMAKE_PREFIX_PATH=/opt/ros/humble /usr/bin/cmake --install /home/maclab/Documents/ROS_WORKSPACES/WS_Master_Thesis/build/uc1_robot_controllers_interfaces
[1.285s] Level 1:colcon.colcon_core.environment:checking '/home/maclab/Documents/ROS_WORKSPACES/WS_Master_Thesis/install/uc1_robot_controllers_interfaces' for CMake module files
[1.286s] Level 1:colcon.colcon_core.environment:checking '/home/maclab/Documents/ROS_WORKSPACES/WS_Master_Thesis/install/uc1_robot_controllers_interfaces' for CMake config files
[1.286s] Level 1:colcon.colcon_core.shell:create_environment_hook('uc1_robot_controllers_interfaces', 'cmake_prefix_path')
[1.286s] INFO:colcon.colcon_core.shell:Creating environment hook '/home/maclab/Documents/ROS_WORKSPACES/WS_Master_Thesis/install/uc1_robot_controllers_interfaces/share/uc1_robot_controllers_interfaces/hook/cmake_prefix_path.ps1'
[1.286s] INFO:colcon.colcon_core.shell:Creating environment descriptor '/home/maclab/Documents/ROS_WORKSPACES/WS_Master_Thesis/install/uc1_robot_controllers_interfaces/share/uc1_robot_controllers_interfaces/hook/cmake_prefix_path.dsv'
[1.286s] INFO:colcon.colcon_core.shell:Creating environment hook '/home/maclab/Documents/ROS_WORKSPACES/WS_Master_Thesis/install/uc1_robot_controllers_interfaces/share/uc1_robot_controllers_interfaces/hook/cmake_prefix_path.sh'
[1.286s] Level 1:colcon.colcon_core.environment:checking '/home/maclab/Documents/ROS_WORKSPACES/WS_Master_Thesis/install/uc1_robot_controllers_interfaces/lib'
[1.286s] Level 1:colcon.colcon_core.shell:create_environment_hook('uc1_robot_controllers_interfaces', 'ld_library_path_lib')
[1.286s] INFO:colcon.colcon_core.shell:Creating environment hook '/home/maclab/Documents/ROS_WORKSPACES/WS_Master_Thesis/install/uc1_robot_controllers_interfaces/share/uc1_robot_controllers_interfaces/hook/ld_library_path_lib.ps1'
[1.287s] INFO:colcon.colcon_core.shell:Creating environment descriptor '/home/maclab/Documents/ROS_WORKSPACES/WS_Master_Thesis/install/uc1_robot_controllers_interfaces/share/uc1_robot_controllers_interfaces/hook/ld_library_path_lib.dsv'
[1.287s] INFO:colcon.colcon_core.shell:Creating environment hook '/home/maclab/Documents/ROS_WORKSPACES/WS_Master_Thesis/install/uc1_robot_controllers_interfaces/share/uc1_robot_controllers_interfaces/hook/ld_library_path_lib.sh'
[1.287s] Level 1:colcon.colcon_core.environment:checking '/home/maclab/Documents/ROS_WORKSPACES/WS_Master_Thesis/install/uc1_robot_controllers_interfaces/bin'
[1.287s] Level 1:colcon.colcon_core.environment:checking '/home/maclab/Documents/ROS_WORKSPACES/WS_Master_Thesis/install/uc1_robot_controllers_interfaces/lib/pkgconfig/uc1_robot_controllers_interfaces.pc'
[1.287s] Level 1:colcon.colcon_core.environment:checking '/home/maclab/Documents/ROS_WORKSPACES/WS_Master_Thesis/install/uc1_robot_controllers_interfaces/lib/python3.10/site-packages'
[1.287s] Level 1:colcon.colcon_core.environment:checking '/home/maclab/Documents/ROS_WORKSPACES/WS_Master_Thesis/install/uc1_robot_controllers_interfaces/bin'
[1.287s] INFO:colcon.colcon_core.shell:Creating package script '/home/maclab/Documents/ROS_WORKSPACES/WS_Master_Thesis/install/uc1_robot_controllers_interfaces/share/uc1_robot_controllers_interfaces/package.ps1'
[1.287s] INFO:colcon.colcon_core.shell:Creating package descriptor '/home/maclab/Documents/ROS_WORKSPACES/WS_Master_Thesis/install/uc1_robot_controllers_interfaces/share/uc1_robot_controllers_interfaces/package.dsv'
[1.288s] INFO:colcon.colcon_core.shell:Creating package script '/home/maclab/Documents/ROS_WORKSPACES/WS_Master_Thesis/install/uc1_robot_controllers_interfaces/share/uc1_robot_controllers_interfaces/package.sh'
[1.288s] INFO:colcon.colcon_core.shell:Creating package script '/home/maclab/Documents/ROS_WORKSPACES/WS_Master_Thesis/install/uc1_robot_controllers_interfaces/share/uc1_robot_controllers_interfaces/package.bash'
[1.288s] INFO:colcon.colcon_core.shell:Creating package script '/home/maclab/Documents/ROS_WORKSPACES/WS_Master_Thesis/install/uc1_robot_controllers_interfaces/share/uc1_robot_controllers_interfaces/package.zsh'
[1.288s] Level 1:colcon.colcon_core.environment:create_file_with_runtime_dependencies(/home/maclab/Documents/ROS_WORKSPACES/WS_Master_Thesis/install/uc1_robot_controllers_interfaces/share/colcon-core/packages/uc1_robot_controllers_interfaces)
[1.288s] Level 1:colcon.colcon_core.environment:create_environment_scripts_only(uc1_robot_controllers_interfaces)
[1.288s] Level 1:colcon.colcon_core.environment:checking '/home/maclab/Documents/ROS_WORKSPACES/WS_Master_Thesis/install/uc1_robot_controllers_interfaces' for CMake module files
[1.288s] Level 1:colcon.colcon_core.environment:checking '/home/maclab/Documents/ROS_WORKSPACES/WS_Master_Thesis/install/uc1_robot_controllers_interfaces' for CMake config files
[1.289s] Level 1:colcon.colcon_core.shell:create_environment_hook('uc1_robot_controllers_interfaces', 'cmake_prefix_path')
[1.289s] INFO:colcon.colcon_core.shell:Creating environment hook '/home/maclab/Documents/ROS_WORKSPACES/WS_Master_Thesis/install/uc1_robot_controllers_interfaces/share/uc1_robot_controllers_interfaces/hook/cmake_prefix_path.ps1'
[1.289s] INFO:colcon.colcon_core.shell:Creating environment descriptor '/home/maclab/Documents/ROS_WORKSPACES/WS_Master_Thesis/install/uc1_robot_controllers_interfaces/share/uc1_robot_controllers_interfaces/hook/cmake_prefix_path.dsv'
[1.289s] INFO:colcon.colcon_core.shell:Creating environment hook '/home/maclab/Documents/ROS_WORKSPACES/WS_Master_Thesis/install/uc1_robot_controllers_interfaces/share/uc1_robot_controllers_interfaces/hook/cmake_prefix_path.sh'
[1.289s] Level 1:colcon.colcon_core.environment:checking '/home/maclab/Documents/ROS_WORKSPACES/WS_Master_Thesis/install/uc1_robot_controllers_interfaces/lib'
[1.289s] Level 1:colcon.colcon_core.shell:create_environment_hook('uc1_robot_controllers_interfaces', 'ld_library_path_lib')
[1.289s] INFO:colcon.colcon_core.shell:Creating environment hook '/home/maclab/Documents/ROS_WORKSPACES/WS_Master_Thesis/install/uc1_robot_controllers_interfaces/share/uc1_robot_controllers_interfaces/hook/ld_library_path_lib.ps1'
[1.289s] INFO:colcon.colcon_core.shell:Creating environment descriptor '/home/maclab/Documents/ROS_WORKSPACES/WS_Master_Thesis/install/uc1_robot_controllers_interfaces/share/uc1_robot_controllers_interfaces/hook/ld_library_path_lib.dsv'
[1.289s] INFO:colcon.colcon_core.shell:Creating environment hook '/home/maclab/Documents/ROS_WORKSPACES/WS_Master_Thesis/install/uc1_robot_controllers_interfaces/share/uc1_robot_controllers_interfaces/hook/ld_library_path_lib.sh'
[1.290s] Level 1:colcon.colcon_core.environment:checking '/home/maclab/Documents/ROS_WORKSPACES/WS_Master_Thesis/install/uc1_robot_controllers_interfaces/bin'
[1.290s] Level 1:colcon.colcon_core.environment:checking '/home/maclab/Documents/ROS_WORKSPACES/WS_Master_Thesis/install/uc1_robot_controllers_interfaces/lib/pkgconfig/uc1_robot_controllers_interfaces.pc'
[1.290s] Level 1:colcon.colcon_core.environment:checking '/home/maclab/Documents/ROS_WORKSPACES/WS_Master_Thesis/install/uc1_robot_controllers_interfaces/lib/python3.10/site-packages'
[1.290s] Level 1:colcon.colcon_core.environment:checking '/home/maclab/Documents/ROS_WORKSPACES/WS_Master_Thesis/install/uc1_robot_controllers_interfaces/bin'
[1.290s] INFO:colcon.colcon_core.shell:Creating package script '/home/maclab/Documents/ROS_WORKSPACES/WS_Master_Thesis/install/uc1_robot_controllers_interfaces/share/uc1_robot_controllers_interfaces/package.ps1'
[1.290s] INFO:colcon.colcon_core.shell:Creating package descriptor '/home/maclab/Documents/ROS_WORKSPACES/WS_Master_Thesis/install/uc1_robot_controllers_interfaces/share/uc1_robot_controllers_interfaces/package.dsv'
[1.290s] INFO:colcon.colcon_core.shell:Creating package script '/home/maclab/Documents/ROS_WORKSPACES/WS_Master_Thesis/install/uc1_robot_controllers_interfaces/share/uc1_robot_controllers_interfaces/package.sh'
[1.291s] INFO:colcon.colcon_core.shell:Creating package script '/home/maclab/Documents/ROS_WORKSPACES/WS_Master_Thesis/install/uc1_robot_controllers_interfaces/share/uc1_robot_controllers_interfaces/package.bash'
[1.291s] INFO:colcon.colcon_core.shell:Creating package script '/home/maclab/Documents/ROS_WORKSPACES/WS_Master_Thesis/install/uc1_robot_controllers_interfaces/share/uc1_robot_controllers_interfaces/package.zsh'
[1.291s] Level 1:colcon.colcon_core.environment:create_file_with_runtime_dependencies(/home/maclab/Documents/ROS_WORKSPACES/WS_Master_Thesis/install/uc1_robot_controllers_interfaces/share/colcon-core/packages/uc1_robot_controllers_interfaces)
[1.624s] DEBUG:colcon.colcon_core.event_handler.log_command:Invoked command in '/home/maclab/Documents/ROS_WORKSPACES/WS_Master_Thesis/build/uc1_robot_perception' returned '0': CMAKE_PREFIX_PATH=/opt/ros/humble /usr/bin/cmake /home/maclab/Documents/ROS_WORKSPACES/WS_Master_Thesis/src/uc1_robot_perception -DCMAKE_INSTALL_PREFIX=/home/maclab/Documents/ROS_WORKSPACES/WS_Master_Thesis/install/uc1_robot_perception
[1.626s] DEBUG:colcon.colcon_core.event_handler.log_command:Invoking command in '/home/maclab/Documents/ROS_WORKSPACES/WS_Master_Thesis/build/uc1_robot_perception': CMAKE_PREFIX_PATH=/opt/ros/humble /usr/bin/cmake --build /home/maclab/Documents/ROS_WORKSPACES/WS_Master_Thesis/build/uc1_robot_perception -- -j32 -l32
[5.727s] DEBUG:colcon.colcon_core.event_handler.log_command:Invoked command in '/home/maclab/Documents/ROS_WORKSPACES/WS_Master_Thesis/build/pointcloud_interactive_markers' returned '0': CMAKE_PREFIX_PATH=/opt/ros/humble /usr/bin/cmake --build /home/maclab/Documents/ROS_WORKSPACES/WS_Master_Thesis/build/pointcloud_interactive_markers -- -j32 -l32
[5.727s] DEBUG:colcon.colcon_core.event_handler.log_command:Invoking command in '/home/maclab/Documents/ROS_WORKSPACES/WS_Master_Thesis/build/pointcloud_interactive_markers': CMAKE_PREFIX_PATH=/opt/ros/humble /usr/bin/cmake --install /home/maclab/Documents/ROS_WORKSPACES/WS_Master_Thesis/build/pointcloud_interactive_markers
[5.734s] Level 1:colcon.colcon_core.environment:create_environment_scripts_only(pointcloud_interactive_markers)
[5.734s] DEBUG:colcon.colcon_core.event_handler.log_command:Invoked command in '/home/maclab/Documents/ROS_WORKSPACES/WS_Master_Thesis/build/pointcloud_interactive_markers' returned '0': CMAKE_PREFIX_PATH=/opt/ros/humble /usr/bin/cmake --install /home/maclab/Documents/ROS_WORKSPACES/WS_Master_Thesis/build/pointcloud_interactive_markers
[5.734s] Level 1:colcon.colcon_core.environment:checking '/home/maclab/Documents/ROS_WORKSPACES/WS_Master_Thesis/install/pointcloud_interactive_markers' for CMake module files
[5.735s] Level 1:colcon.colcon_core.environment:checking '/home/maclab/Documents/ROS_WORKSPACES/WS_Master_Thesis/install/pointcloud_interactive_markers' for CMake config files
[5.735s] Level 1:colcon.colcon_core.shell:create_environment_hook('pointcloud_interactive_markers', 'cmake_prefix_path')
[5.735s] INFO:colcon.colcon_core.shell:Creating environment hook '/home/maclab/Documents/ROS_WORKSPACES/WS_Master_Thesis/install/pointcloud_interactive_markers/share/pointcloud_interactive_markers/hook/cmake_prefix_path.ps1'
[5.735s] INFO:colcon.colcon_core.shell:Creating environment descriptor '/home/maclab/Documents/ROS_WORKSPACES/WS_Master_Thesis/install/pointcloud_interactive_markers/share/pointcloud_interactive_markers/hook/cmake_prefix_path.dsv'
[5.736s] INFO:colcon.colcon_core.shell:Creating environment hook '/home/maclab/Documents/ROS_WORKSPACES/WS_Master_Thesis/install/pointcloud_interactive_markers/share/pointcloud_interactive_markers/hook/cmake_prefix_path.sh'
[5.736s] Level 1:colcon.colcon_core.environment:checking '/home/maclab/Documents/ROS_WORKSPACES/WS_Master_Thesis/install/pointcloud_interactive_markers/lib'
[5.736s] Level 1:colcon.colcon_core.environment:checking '/home/maclab/Documents/ROS_WORKSPACES/WS_Master_Thesis/install/pointcloud_interactive_markers/bin'
[5.736s] Level 1:colcon.colcon_core.environment:checking '/home/maclab/Documents/ROS_WORKSPACES/WS_Master_Thesis/install/pointcloud_interactive_markers/lib/pkgconfig/pointcloud_interactive_markers.pc'
[5.736s] Level 1:colcon.colcon_core.environment:checking '/home/maclab/Documents/ROS_WORKSPACES/WS_Master_Thesis/install/pointcloud_interactive_markers/lib/python3.10/site-packages'
[5.736s] Level 1:colcon.colcon_core.environment:checking '/home/maclab/Documents/ROS_WORKSPACES/WS_Master_Thesis/install/pointcloud_interactive_markers/bin'
[5.737s] INFO:colcon.colcon_core.shell:Creating package script '/home/maclab/Documents/ROS_WORKSPACES/WS_Master_Thesis/install/pointcloud_interactive_markers/share/pointcloud_interactive_markers/package.ps1'
[5.737s] INFO:colcon.colcon_core.shell:Creating package descriptor '/home/maclab/Documents/ROS_WORKSPACES/WS_Master_Thesis/install/pointcloud_interactive_markers/share/pointcloud_interactive_markers/package.dsv'
[5.737s] INFO:colcon.colcon_core.shell:Creating package script '/home/maclab/Documents/ROS_WORKSPACES/WS_Master_Thesis/install/pointcloud_interactive_markers/share/pointcloud_interactive_markers/package.sh'
[5.737s] INFO:colcon.colcon_core.shell:Creating package script '/home/maclab/Documents/ROS_WORKSPACES/WS_Master_Thesis/install/pointcloud_interactive_markers/share/pointcloud_interactive_markers/package.bash'
[5.738s] INFO:colcon.colcon_core.shell:Creating package script '/home/maclab/Documents/ROS_WORKSPACES/WS_Master_Thesis/install/pointcloud_interactive_markers/share/pointcloud_interactive_markers/package.zsh'
[5.738s] Level 1:colcon.colcon_core.environment:create_file_with_runtime_dependencies(/home/maclab/Documents/ROS_WORKSPACES/WS_Master_Thesis/install/pointcloud_interactive_markers/share/colcon-core/packages/pointcloud_interactive_markers)
[5.738s] Level 1:colcon.colcon_core.environment:create_environment_scripts_only(pointcloud_interactive_markers)
[5.738s] Level 1:colcon.colcon_core.environment:checking '/home/maclab/Documents/ROS_WORKSPACES/WS_Master_Thesis/install/pointcloud_interactive_markers' for CMake module files
[5.739s] Level 1:colcon.colcon_core.environment:checking '/home/maclab/Documents/ROS_WORKSPACES/WS_Master_Thesis/install/pointcloud_interactive_markers' for CMake config files
[5.739s] Level 1:colcon.colcon_core.shell:create_environment_hook('pointcloud_interactive_markers', 'cmake_prefix_path')
[5.739s] INFO:colcon.colcon_core.shell:Creating environment hook '/home/maclab/Documents/ROS_WORKSPACES/WS_Master_Thesis/install/pointcloud_interactive_markers/share/pointcloud_interactive_markers/hook/cmake_prefix_path.ps1'
[5.739s] INFO:colcon.colcon_core.shell:Creating environment descriptor '/home/maclab/Documents/ROS_WORKSPACES/WS_Master_Thesis/install/pointcloud_interactive_markers/share/pointcloud_interactive_markers/hook/cmake_prefix_path.dsv'
[5.739s] INFO:colcon.colcon_core.shell:Creating environment hook '/home/maclab/Documents/ROS_WORKSPACES/WS_Master_Thesis/install/pointcloud_interactive_markers/share/pointcloud_interactive_markers/hook/cmake_prefix_path.sh'
[5.740s] Level 1:colcon.colcon_core.environment:checking '/home/maclab/Documents/ROS_WORKSPACES/WS_Master_Thesis/install/pointcloud_interactive_markers/lib'
[5.740s] Level 1:colcon.colcon_core.environment:checking '/home/maclab/Documents/ROS_WORKSPACES/WS_Master_Thesis/install/pointcloud_interactive_markers/bin'
[5.740s] Level 1:colcon.colcon_core.environment:checking '/home/maclab/Documents/ROS_WORKSPACES/WS_Master_Thesis/install/pointcloud_interactive_markers/lib/pkgconfig/pointcloud_interactive_markers.pc'
[5.740s] Level 1:colcon.colcon_core.environment:checking '/home/maclab/Documents/ROS_WORKSPACES/WS_Master_Thesis/install/pointcloud_interactive_markers/lib/python3.10/site-packages'
[5.740s] Level 1:colcon.colcon_core.environment:checking '/home/maclab/Documents/ROS_WORKSPACES/WS_Master_Thesis/install/pointcloud_interactive_markers/bin'
[5.740s] INFO:colcon.colcon_core.shell:Creating package script '/home/maclab/Documents/ROS_WORKSPACES/WS_Master_Thesis/install/pointcloud_interactive_markers/share/pointcloud_interactive_markers/package.ps1'
[5.741s] INFO:colcon.colcon_core.shell:Creating package descriptor '/home/maclab/Documents/ROS_WORKSPACES/WS_Master_Thesis/install/pointcloud_interactive_markers/share/pointcloud_interactive_markers/package.dsv'
[5.741s] INFO:colcon.colcon_core.shell:Creating package script '/home/maclab/Documents/ROS_WORKSPACES/WS_Master_Thesis/install/pointcloud_interactive_markers/share/pointcloud_interactive_markers/package.sh'
[5.741s] INFO:colcon.colcon_core.shell:Creating package script '/home/maclab/Documents/ROS_WORKSPACES/WS_Master_Thesis/install/pointcloud_interactive_markers/share/pointcloud_interactive_markers/package.bash'
[5.741s] INFO:colcon.colcon_core.shell:Creating package script '/home/maclab/Documents/ROS_WORKSPACES/WS_Master_Thesis/install/pointcloud_interactive_markers/share/pointcloud_interactive_markers/package.zsh'
[5.742s] Level 1:colcon.colcon_core.environment:create_file_with_runtime_dependencies(/home/maclab/Documents/ROS_WORKSPACES/WS_Master_Thesis/install/pointcloud_interactive_markers/share/colcon-core/packages/pointcloud_interactive_markers)
[9.484s] DEBUG:colcon.colcon_core.event_handler.log_command:Invoked command in '/home/maclab/Documents/ROS_WORKSPACES/WS_Master_Thesis/build/uc1_robot_perception' returned '0': CMAKE_PREFIX_PATH=/opt/ros/humble /usr/bin/cmake --build /home/maclab/Documents/ROS_WORKSPACES/WS_Master_Thesis/build/uc1_robot_perception -- -j32 -l32
[9.485s] DEBUG:colcon.colcon_core.event_handler.log_command:Invoking command in '/home/maclab/Documents/ROS_WORKSPACES/WS_Master_Thesis/build/uc1_robot_perception': CMAKE_PREFIX_PATH=/opt/ros/humble /usr/bin/cmake --install /home/maclab/Documents/ROS_WORKSPACES/WS_Master_Thesis/build/uc1_robot_perception
[9.531s] Level 1:colcon.colcon_core.environment:create_environment_scripts_only(uc1_robot_perception)
[9.531s] DEBUG:colcon.colcon_core.event_handler.log_command:Invoked command in '/home/maclab/Documents/ROS_WORKSPACES/WS_Master_Thesis/build/uc1_robot_perception' returned '0': CMAKE_PREFIX_PATH=/opt/ros/humble /usr/bin/cmake --install /home/maclab/Documents/ROS_WORKSPACES/WS_Master_Thesis/build/uc1_robot_perception
[9.531s] Level 1:colcon.colcon_core.environment:checking '/home/maclab/Documents/ROS_WORKSPACES/WS_Master_Thesis/install/uc1_robot_perception' for CMake module files
[9.531s] Level 1:colcon.colcon_core.environment:checking '/home/maclab/Documents/ROS_WORKSPACES/WS_Master_Thesis/install/uc1_robot_perception' for CMake config files
[9.531s] Level 1:colcon.colcon_core.shell:create_environment_hook('uc1_robot_perception', 'cmake_prefix_path')
[9.532s] INFO:colcon.colcon_core.shell:Creating environment hook '/home/maclab/Documents/ROS_WORKSPACES/WS_Master_Thesis/install/uc1_robot_perception/share/uc1_robot_perception/hook/cmake_prefix_path.ps1'
[9.532s] INFO:colcon.colcon_core.shell:Creating environment descriptor '/home/maclab/Documents/ROS_WORKSPACES/WS_Master_Thesis/install/uc1_robot_perception/share/uc1_robot_perception/hook/cmake_prefix_path.dsv'
[9.532s] INFO:colcon.colcon_core.shell:Creating environment hook '/home/maclab/Documents/ROS_WORKSPACES/WS_Master_Thesis/install/uc1_robot_perception/share/uc1_robot_perception/hook/cmake_prefix_path.sh'
[9.532s] Level 1:colcon.colcon_core.environment:checking '/home/maclab/Documents/ROS_WORKSPACES/WS_Master_Thesis/install/uc1_robot_perception/lib'
[9.532s] Level 1:colcon.colcon_core.shell:create_environment_hook('uc1_robot_perception', 'ld_library_path_lib')
[9.533s] INFO:colcon.colcon_core.shell:Creating environment hook '/home/maclab/Documents/ROS_WORKSPACES/WS_Master_Thesis/install/uc1_robot_perception/share/uc1_robot_perception/hook/ld_library_path_lib.ps1'
[9.533s] INFO:colcon.colcon_core.shell:Creating environment descriptor '/home/maclab/Documents/ROS_WORKSPACES/WS_Master_Thesis/install/uc1_robot_perception/share/uc1_robot_perception/hook/ld_library_path_lib.dsv'
[9.533s] INFO:colcon.colcon_core.shell:Creating environment hook '/home/maclab/Documents/ROS_WORKSPACES/WS_Master_Thesis/install/uc1_robot_perception/share/uc1_robot_perception/hook/ld_library_path_lib.sh'
[9.533s] Level 1:colcon.colcon_core.environment:checking '/home/maclab/Documents/ROS_WORKSPACES/WS_Master_Thesis/install/uc1_robot_perception/bin'
[9.533s] Level 1:colcon.colcon_core.environment:checking '/home/maclab/Documents/ROS_WORKSPACES/WS_Master_Thesis/install/uc1_robot_perception/lib/pkgconfig/uc1_robot_perception.pc'
[9.533s] Level 1:colcon.colcon_core.environment:checking '/home/maclab/Documents/ROS_WORKSPACES/WS_Master_Thesis/install/uc1_robot_perception/lib/python3.10/site-packages'
[9.534s] Level 1:colcon.colcon_core.environment:checking '/home/maclab/Documents/ROS_WORKSPACES/WS_Master_Thesis/install/uc1_robot_perception/bin'
[9.534s] INFO:colcon.colcon_core.shell:Creating package script '/home/maclab/Documents/ROS_WORKSPACES/WS_Master_Thesis/install/uc1_robot_perception/share/uc1_robot_perception/package.ps1'
[9.534s] INFO:colcon.colcon_core.shell:Creating package descriptor '/home/maclab/Documents/ROS_WORKSPACES/WS_Master_Thesis/install/uc1_robot_perception/share/uc1_robot_perception/package.dsv'
[9.535s] INFO:colcon.colcon_core.shell:Creating package script '/home/maclab/Documents/ROS_WORKSPACES/WS_Master_Thesis/install/uc1_robot_perception/share/uc1_robot_perception/package.sh'
[9.535s] INFO:colcon.colcon_core.shell:Creating package script '/home/maclab/Documents/ROS_WORKSPACES/WS_Master_Thesis/install/uc1_robot_perception/share/uc1_robot_perception/package.bash'
[9.535s] INFO:colcon.colcon_core.shell:Creating package script '/home/maclab/Documents/ROS_WORKSPACES/WS_Master_Thesis/install/uc1_robot_perception/share/uc1_robot_perception/package.zsh'
[9.535s] Level 1:colcon.colcon_core.environment:create_file_with_runtime_dependencies(/home/maclab/Documents/ROS_WORKSPACES/WS_Master_Thesis/install/uc1_robot_perception/share/colcon-core/packages/uc1_robot_perception)
[9.536s] Level 1:colcon.colcon_core.environment:create_environment_scripts_only(uc1_robot_perception)
[9.536s] Level 1:colcon.colcon_core.environment:checking '/home/maclab/Documents/ROS_WORKSPACES/WS_Master_Thesis/install/uc1_robot_perception' for CMake module files
[9.536s] Level 1:colcon.colcon_core.environment:checking '/home/maclab/Documents/ROS_WORKSPACES/WS_Master_Thesis/install/uc1_robot_perception' for CMake config files
[9.537s] Level 1:colcon.colcon_core.shell:create_environment_hook('uc1_robot_perception', 'cmake_prefix_path')
[9.537s] INFO:colcon.colcon_core.shell:Creating environment hook '/home/maclab/Documents/ROS_WORKSPACES/WS_Master_Thesis/install/uc1_robot_perception/share/uc1_robot_perception/hook/cmake_prefix_path.ps1'
[9.537s] INFO:colcon.colcon_core.shell:Creating environment descriptor '/home/maclab/Documents/ROS_WORKSPACES/WS_Master_Thesis/install/uc1_robot_perception/share/uc1_robot_perception/hook/cmake_prefix_path.dsv'
[9.537s] INFO:colcon.colcon_core.shell:Creating environment hook '/home/maclab/Documents/ROS_WORKSPACES/WS_Master_Thesis/install/uc1_robot_perception/share/uc1_robot_perception/hook/cmake_prefix_path.sh'
[9.538s] Level 1:colcon.colcon_core.environment:checking '/home/maclab/Documents/ROS_WORKSPACES/WS_Master_Thesis/install/uc1_robot_perception/lib'
[9.538s] Level 1:colcon.colcon_core.shell:create_environment_hook('uc1_robot_perception', 'ld_library_path_lib')
[9.538s] INFO:colcon.colcon_core.shell:Creating environment hook '/home/maclab/Documents/ROS_WORKSPACES/WS_Master_Thesis/install/uc1_robot_perception/share/uc1_robot_perception/hook/ld_library_path_lib.ps1'
[9.538s] INFO:colcon.colcon_core.shell:Creating environment descriptor '/home/maclab/Documents/ROS_WORKSPACES/WS_Master_Thesis/install/uc1_robot_perception/share/uc1_robot_perception/hook/ld_library_path_lib.dsv'
[9.538s] INFO:colcon.colcon_core.shell:Creating environment hook '/home/maclab/Documents/ROS_WORKSPACES/WS_Master_Thesis/install/uc1_robot_perception/share/uc1_robot_perception/hook/ld_library_path_lib.sh'
[9.539s] Level 1:colcon.colcon_core.environment:checking '/home/maclab/Documents/ROS_WORKSPACES/WS_Master_Thesis/install/uc1_robot_perception/bin'
[9.539s] Level 1:colcon.colcon_core.environment:checking '/home/maclab/Documents/ROS_WORKSPACES/WS_Master_Thesis/install/uc1_robot_perception/lib/pkgconfig/uc1_robot_perception.pc'
[9.539s] Level 1:colcon.colcon_core.environment:checking '/home/maclab/Documents/ROS_WORKSPACES/WS_Master_Thesis/install/uc1_robot_perception/lib/python3.10/site-packages'
[9.539s] Level 1:colcon.colcon_core.environment:checking '/home/maclab/Documents/ROS_WORKSPACES/WS_Master_Thesis/install/uc1_robot_perception/bin'
[9.539s] INFO:colcon.colcon_core.shell:Creating package script '/home/maclab/Documents/ROS_WORKSPACES/WS_Master_Thesis/install/uc1_robot_perception/share/uc1_robot_perception/package.ps1'
[9.540s] INFO:colcon.colcon_core.shell:Creating package descriptor '/home/maclab/Documents/ROS_WORKSPACES/WS_Master_Thesis/install/uc1_robot_perception/share/uc1_robot_perception/package.dsv'
[9.540s] INFO:colcon.colcon_core.shell:Creating package script '/home/maclab/Documents/ROS_WORKSPACES/WS_Master_Thesis/install/uc1_robot_perception/share/uc1_robot_perception/package.sh'
[9.540s] INFO:colcon.colcon_core.shell:Creating package script '/home/maclab/Documents/ROS_WORKSPACES/WS_Master_Thesis/install/uc1_robot_perception/share/uc1_robot_perception/package.bash'
[9.540s] INFO:colcon.colcon_core.shell:Creating package script '/home/maclab/Documents/ROS_WORKSPACES/WS_Master_Thesis/install/uc1_robot_perception/share/uc1_robot_perception/package.zsh'
[9.541s] Level 1:colcon.colcon_core.environment:create_file_with_runtime_dependencies(/home/maclab/Documents/ROS_WORKSPACES/WS_Master_Thesis/install/uc1_robot_perception/share/colcon-core/packages/uc1_robot_perception)
[9.541s] INFO:colcon.colcon_ros.task.ament_cmake.build:Building ROS package in '/home/maclab/Documents/ROS_WORKSPACES/WS_Master_Thesis/src/uc1_robot_controllers' with build type 'ament_cmake'
[9.541s] INFO:colcon.colcon_cmake.task.cmake.build:Building CMake package in '/home/maclab/Documents/ROS_WORKSPACES/WS_Master_Thesis/src/uc1_robot_controllers'
[9.541s] INFO:colcon.colcon_core.shell:Skip shell extension 'powershell' for command environment: Not usable outside of PowerShell
[9.541s] DEBUG:colcon.colcon_core.shell:Skip shell extension 'dsv' for command environment
[9.552s] DEBUG:colcon.colcon_core.event_handler.log_command:Invoking command in '/home/maclab/Documents/ROS_WORKSPACES/WS_Master_Thesis/build/uc1_robot_controllers': AMENT_PREFIX_PATH=/home/maclab/Documents/ROS_WORKSPACES/WS_Master_Thesis/install/uc1_robot_perception:/home/maclab/Documents/ROS_WORKSPACES/WS_Master_Thesis/install/uc1_robot_controllers_interfaces:${AMENT_PREFIX_PATH} CMAKE_PREFIX_PATH=/home/maclab/Documents/ROS_WORKSPACES/WS_Master_Thesis/install/uc1_robot_perception:/home/maclab/Documents/ROS_WORKSPACES/WS_Master_Thesis/install/uc1_robot_controllers_interfaces:/opt/ros/humble LD_LIBRARY_PATH=/home/maclab/Documents/ROS_WORKSPACES/WS_Master_Thesis/install/uc1_robot_perception/lib:/home/maclab/Documents/ROS_WORKSPACES/WS_Master_Thesis/install/uc1_robot_controllers_interfaces/lib:${LD_LIBRARY_PATH} PYTHONPATH=/home/maclab/Documents/ROS_WORKSPACES/WS_Master_Thesis/install/uc1_robot_perception/local/lib/python3.10/dist-packages:/home/maclab/Documents/ROS_WORKSPACES/WS_Master_Thesis/install/uc1_robot_controllers_interfaces/local/lib/python3.10/dist-packages:${PYTHONPATH} /usr/bin/cmake /home/maclab/Documents/ROS_WORKSPACES/WS_Master_Thesis/src/uc1_robot_controllers -DCMAKE_INSTALL_PREFIX=/home/maclab/Documents/ROS_WORKSPACES/WS_Master_Thesis/install/uc1_robot_controllers
[10.729s] DEBUG:colcon.colcon_core.event_handler.log_command:Invoked command in '/home/maclab/Documents/ROS_WORKSPACES/WS_Master_Thesis/build/uc1_robot_controllers' returned '0': AMENT_PREFIX_PATH=/home/maclab/Documents/ROS_WORKSPACES/WS_Master_Thesis/install/uc1_robot_perception:/home/maclab/Documents/ROS_WORKSPACES/WS_Master_Thesis/install/uc1_robot_controllers_interfaces:${AMENT_PREFIX_PATH} CMAKE_PREFIX_PATH=/home/maclab/Documents/ROS_WORKSPACES/WS_Master_Thesis/install/uc1_robot_perception:/home/maclab/Documents/ROS_WORKSPACES/WS_Master_Thesis/install/uc1_robot_controllers_interfaces:/opt/ros/humble LD_LIBRARY_PATH=/home/maclab/Documents/ROS_WORKSPACES/WS_Master_Thesis/install/uc1_robot_perception/lib:/home/maclab/Documents/ROS_WORKSPACES/WS_Master_Thesis/install/uc1_robot_controllers_interfaces/lib:${LD_LIBRARY_PATH} PYTHONPATH=/home/maclab/Documents/ROS_WORKSPACES/WS_Master_Thesis/install/uc1_robot_perception/local/lib/python3.10/dist-packages:/home/maclab/Documents/ROS_WORKSPACES/WS_Master_Thesis/install/uc1_robot_controllers_interfaces/local/lib/python3.10/dist-packages:${PYTHONPATH} /usr/bin/cmake /home/maclab/Documents/ROS_WORKSPACES/WS_Master_Thesis/src/uc1_robot_controllers -DCMAKE_INSTALL_PREFIX=/home/maclab/Documents/ROS_WORKSPACES/WS_Master_Thesis/install/uc1_robot_controllers
[10.730s] DEBUG:colcon.colcon_core.event_handler.log_command:Invoking command in '/home/maclab/Documents/ROS_WORKSPACES/WS_Master_Thesis/build/uc1_robot_controllers': AMENT_PREFIX_PATH=/home/maclab/Documents/ROS_WORKSPACES/WS_Master_Thesis/install/uc1_robot_perception:/home/maclab/Documents/ROS_WORKSPACES/WS_Master_Thesis/install/uc1_robot_controllers_interfaces:${AMENT_PREFIX_PATH} CMAKE_PREFIX_PATH=/home/maclab/Documents/ROS_WORKSPACES/WS_Master_Thesis/install/uc1_robot_perception:/home/maclab/Documents/ROS_WORKSPACES/WS_Master_Thesis/install/uc1_robot_controllers_interfaces:/opt/ros/humble LD_LIBRARY_PATH=/home/maclab/Documents/ROS_WORKSPACES/WS_Master_Thesis/install/uc1_robot_perception/lib:/home/maclab/Documents/ROS_WORKSPACES/WS_Master_Thesis/install/uc1_robot_controllers_interfaces/lib:${LD_LIBRARY_PATH} PYTHONPATH=/home/maclab/Documents/ROS_WORKSPACES/WS_Master_Thesis/install/uc1_robot_perception/local/lib/python3.10/dist-packages:/home/maclab/Documents/ROS_WORKSPACES/WS_Master_Thesis/install/uc1_robot_controllers_interfaces/local/lib/python3.10/dist-packages:${PYTHONPATH} /usr/bin/cmake --build /home/maclab/Documents/ROS_WORKSPACES/WS_Master_Thesis/build/uc1_robot_controllers -- -j32 -l32
[20.653s] Level 1:colcon.colcon_core.environment:create_environment_scripts_only(uc1_robot_controllers)
[20.653s] Level 1:colcon.colcon_core.environment:checking '/home/maclab/Documents/ROS_WORKSPACES/WS_Master_Thesis/install/uc1_robot_controllers' for CMake module files
[20.653s] DEBUG:colcon.colcon_core.event_handler.log_command:Invoked command in '/home/maclab/Documents/ROS_WORKSPACES/WS_Master_Thesis/build/uc1_robot_controllers' returned '2': AMENT_PREFIX_PATH=/home/maclab/Documents/ROS_WORKSPACES/WS_Master_Thesis/install/uc1_robot_perception:/home/maclab/Documents/ROS_WORKSPACES/WS_Master_Thesis/install/uc1_robot_controllers_interfaces:${AMENT_PREFIX_PATH} CMAKE_PREFIX_PATH=/home/maclab/Documents/ROS_WORKSPACES/WS_Master_Thesis/install/uc1_robot_perception:/home/maclab/Documents/ROS_WORKSPACES/WS_Master_Thesis/install/uc1_robot_controllers_interfaces:/opt/ros/humble LD_LIBRARY_PATH=/home/maclab/Documents/ROS_WORKSPACES/WS_Master_Thesis/install/uc1_robot_perception/lib:/home/maclab/Documents/ROS_WORKSPACES/WS_Master_Thesis/install/uc1_robot_controllers_interfaces/lib:${LD_LIBRARY_PATH} PYTHONPATH=/home/maclab/Documents/ROS_WORKSPACES/WS_Master_Thesis/install/uc1_robot_perception/local/lib/python3.10/dist-packages:/home/maclab/Documents/ROS_WORKSPACES/WS_Master_Thesis/install/uc1_robot_controllers_interfaces/local/lib/python3.10/dist-packages:${PYTHONPATH} /usr/bin/cmake --build /home/maclab/Documents/ROS_WORKSPACES/WS_Master_Thesis/build/uc1_robot_controllers -- -j32 -l32
[20.654s] Level 1:colcon.colcon_core.environment:checking '/home/maclab/Documents/ROS_WORKSPACES/WS_Master_Thesis/install/uc1_robot_controllers' for CMake config files
[20.654s] Level 1:colcon.colcon_core.shell:create_environment_hook('uc1_robot_controllers', 'cmake_prefix_path')
[20.654s] INFO:colcon.colcon_core.shell:Creating environment hook '/home/maclab/Documents/ROS_WORKSPACES/WS_Master_Thesis/install/uc1_robot_controllers/share/uc1_robot_controllers/hook/cmake_prefix_path.ps1'
[20.654s] INFO:colcon.colcon_core.shell:Creating environment descriptor '/home/maclab/Documents/ROS_WORKSPACES/WS_Master_Thesis/install/uc1_robot_controllers/share/uc1_robot_controllers/hook/cmake_prefix_path.dsv'
[20.654s] INFO:colcon.colcon_core.shell:Creating environment hook '/home/maclab/Documents/ROS_WORKSPACES/WS_Master_Thesis/install/uc1_robot_controllers/share/uc1_robot_controllers/hook/cmake_prefix_path.sh'
[20.655s] Level 1:colcon.colcon_core.environment:checking '/home/maclab/Documents/ROS_WORKSPACES/WS_Master_Thesis/install/uc1_robot_controllers/lib'
[20.655s] Level 1:colcon.colcon_core.environment:checking '/home/maclab/Documents/ROS_WORKSPACES/WS_Master_Thesis/install/uc1_robot_controllers/bin'
[20.655s] Level 1:colcon.colcon_core.environment:checking '/home/maclab/Documents/ROS_WORKSPACES/WS_Master_Thesis/install/uc1_robot_controllers/lib/pkgconfig/uc1_robot_controllers.pc'
[20.655s] Level 1:colcon.colcon_core.environment:checking '/home/maclab/Documents/ROS_WORKSPACES/WS_Master_Thesis/install/uc1_robot_controllers/lib/python3.10/site-packages'
[20.655s] Level 1:colcon.colcon_core.environment:checking '/home/maclab/Documents/ROS_WORKSPACES/WS_Master_Thesis/install/uc1_robot_controllers/bin'
[20.655s] INFO:colcon.colcon_core.shell:Creating package script '/home/maclab/Documents/ROS_WORKSPACES/WS_Master_Thesis/install/uc1_robot_controllers/share/uc1_robot_controllers/package.ps1'
[20.655s] INFO:colcon.colcon_core.shell:Creating package descriptor '/home/maclab/Documents/ROS_WORKSPACES/WS_Master_Thesis/install/uc1_robot_controllers/share/uc1_robot_controllers/package.dsv'
[20.655s] INFO:colcon.colcon_core.shell:Creating package script '/home/maclab/Documents/ROS_WORKSPACES/WS_Master_Thesis/install/uc1_robot_controllers/share/uc1_robot_controllers/package.sh'
[20.656s] INFO:colcon.colcon_core.shell:Creating package script '/home/maclab/Documents/ROS_WORKSPACES/WS_Master_Thesis/install/uc1_robot_controllers/share/uc1_robot_controllers/package.bash'
[20.656s] INFO:colcon.colcon_core.shell:Creating package script '/home/maclab/Documents/ROS_WORKSPACES/WS_Master_Thesis/install/uc1_robot_controllers/share/uc1_robot_controllers/package.zsh'
[20.656s] Level 1:colcon.colcon_core.environment:create_file_with_runtime_dependencies(/home/maclab/Documents/ROS_WORKSPACES/WS_Master_Thesis/install/uc1_robot_controllers/share/colcon-core/packages/uc1_robot_controllers)
[20.666s] DEBUG:colcon.colcon_parallel_executor.executor.parallel:closing loop
[20.666s] DEBUG:colcon.colcon_parallel_executor.executor.parallel:loop closed
[20.666s] DEBUG:colcon.colcon_parallel_executor.executor.parallel:run_until_complete finished with '2'
[20.666s] DEBUG:colcon.colcon_core.event_reactor:joining thread
[20.670s] INFO:colcon.colcon_core.plugin_system:Skipping extension 'colcon_notification.desktop_notification.terminal_notifier': Not used on non-Darwin systems
[20.670s] INFO:colcon.colcon_core.plugin_system:Skipping extension 'colcon_notification.desktop_notification.win32': Not used on non-Windows systems
[20.670s] INFO:colcon.colcon_notification.desktop_notification:Sending desktop notification using 'notify2'
[20.680s] DEBUG:colcon.colcon_core.event_reactor:joined thread
[20.680s] INFO:colcon.colcon_core.shell:Creating prefix script '/home/maclab/Documents/ROS_WORKSPACES/WS_Master_Thesis/install/local_setup.ps1'
[20.681s] INFO:colcon.colcon_core.shell:Creating prefix util module '/home/maclab/Documents/ROS_WORKSPACES/WS_Master_Thesis/install/_local_setup_util_ps1.py'
[20.681s] INFO:colcon.colcon_core.shell:Creating prefix chain script '/home/maclab/Documents/ROS_WORKSPACES/WS_Master_Thesis/install/setup.ps1'
[20.682s] INFO:colcon.colcon_core.shell:Creating prefix script '/home/maclab/Documents/ROS_WORKSPACES/WS_Master_Thesis/install/local_setup.sh'
[20.682s] INFO:colcon.colcon_core.shell:Creating prefix util module '/home/maclab/Documents/ROS_WORKSPACES/WS_Master_Thesis/install/_local_setup_util_sh.py'
[20.683s] INFO:colcon.colcon_core.shell:Creating prefix chain script '/home/maclab/Documents/ROS_WORKSPACES/WS_Master_Thesis/install/setup.sh'
[20.683s] INFO:colcon.colcon_core.shell:Creating prefix script '/home/maclab/Documents/ROS_WORKSPACES/WS_Master_Thesis/install/local_setup.bash'
[20.684s] INFO:colcon.colcon_core.shell:Creating prefix chain script '/home/maclab/Documents/ROS_WORKSPACES/WS_Master_Thesis/install/setup.bash'
[20.685s] INFO:colcon.colcon_core.shell:Creating prefix script '/home/maclab/Documents/ROS_WORKSPACES/WS_Master_Thesis/install/local_setup.zsh'
[20.685s] INFO:colcon.colcon_core.shell:Creating prefix chain script '/home/maclab/Documents/ROS_WORKSPACES/WS_Master_Thesis/install/setup.zsh'
