[0.016s] Invoking command in '/home/maclab/Documents/ROS_WORKSPACES/WS_Master_Thesis/build/uc1_robot_controllers_interfaces': CMAKE_PREFIX_PATH=/opt/ros/humble /usr/bin/cmake /home/maclab/Documents/ROS_WORKSPACES/WS_Master_Thesis/src/uc1_robot_controllers_interfaces -DCMAKE_INSTALL_PREFIX=/home/maclab/Documents/ROS_WORKSPACES/WS_Master_Thesis/install/uc1_robot_controllers_interfaces
[0.029s] -- Found ament_cmake: 1.3.12 (/opt/ros/humble/share/ament_cmake/cmake)
[0.104s] -- Found rclcpp: 16.0.15 (/opt/ros/humble/share/rclcpp/cmake)
[0.123s] -- Found rosidl_generator_c: 3.1.7 (/opt/ros/humble/share/rosidl_generator_c/cmake)
[0.125s] -- Found rosidl_adapter: 3.1.7 (/opt/ros/humble/share/rosidl_adapter/cmake)
[0.133s] -- Found rosidl_generator_cpp: 3.1.7 (/opt/ros/humble/share/rosidl_generator_cpp/cmake)
[0.136s] -- Using all available rosidl_typesupport_c: rosidl_typesupport_fastrtps_c;rosidl_typesupport_introspection_c
[0.145s] -- Using all available rosidl_typesupport_cpp: rosidl_typesupport_fastrtps_cpp;rosidl_typesupport_introspection_cpp
[0.168s] -- Found rmw_implementation_cmake: 6.1.2 (/opt/ros/humble/share/rmw_implementation_cmake/cmake)
[0.169s] -- Found rmw_fastrtps_cpp: 6.2.9 (/opt/ros/humble/share/rmw_fastrtps_cpp/cmake)
[0.231s] -- Using RMW implementation 'rmw_fastrtps_cpp' as default
[0.265s] -- Found geometry_msgs: 4.9.0 (/opt/ros/humble/share/geometry_msgs/cmake)
[0.273s] -- Found rosidl_default_generators: 1.2.0 (/opt/ros/humble/share/rosidl_default_generators/cmake)
[0.502s] -- Found ament_cmake_ros: 0.10.0 (/opt/ros/humble/share/ament_cmake_ros/cmake)
[0.739s] -- Using all available rosidl_typesupport_c: rosidl_typesupport_fastrtps_c;rosidl_typesupport_introspection_c
[0.836s] -- Using all available rosidl_typesupport_cpp: rosidl_typesupport_fastrtps_cpp;rosidl_typesupport_introspection_cpp
[0.849s] -- Found python_cmake_module: 0.10.0 (/opt/ros/humble/share/python_cmake_module/cmake)
[0.864s] -- Using PYTHON_EXECUTABLE: /usr/bin/python3
[0.864s] -- Using PYTHON_INCLUDE_DIRS: /usr/include/python3.10
[0.864s] -- Using PYTHON_LIBRARIES: /usr/lib/x86_64-linux-gnu/libpython3.10.so
[0.891s] -- Found ament_lint_auto: 0.12.14 (/opt/ros/humble/share/ament_lint_auto/cmake)
[0.894s] -- Added test 'lint_cmake' to check CMake code style
[0.895s] -- Added test 'xmllint' to check XML markup files
[0.895s] -- Configuring done
[0.913s] -- Generating done
[0.919s] -- Build files have been written to: /home/maclab/Documents/ROS_WORKSPACES/WS_Master_Thesis/build/uc1_robot_controllers_interfaces
[0.924s] Invoked command in '/home/maclab/Documents/ROS_WORKSPACES/WS_Master_Thesis/build/uc1_robot_controllers_interfaces' returned '0': CMAKE_PREFIX_PATH=/opt/ros/humble /usr/bin/cmake /home/maclab/Documents/ROS_WORKSPACES/WS_Master_Thesis/src/uc1_robot_controllers_interfaces -DCMAKE_INSTALL_PREFIX=/home/maclab/Documents/ROS_WORKSPACES/WS_Master_Thesis/install/uc1_robot_controllers_interfaces
[0.925s] Invoking command in '/home/maclab/Documents/ROS_WORKSPACES/WS_Master_Thesis/build/uc1_robot_controllers_interfaces': CMAKE_PREFIX_PATH=/opt/ros/humble /usr/bin/cmake --build /home/maclab/Documents/ROS_WORKSPACES/WS_Master_Thesis/build/uc1_robot_controllers_interfaces -- -j32 -l32
[0.937s] /usr/bin/cmake -S/home/maclab/Documents/ROS_WORKSPACES/WS_Master_Thesis/src/uc1_robot_controllers_interfaces -B/home/maclab/Documents/ROS_WORKSPACES/WS_Master_Thesis/build/uc1_robot_controllers_interfaces --check-build-system CMakeFiles/Makefile.cmake 0
[0.944s] /usr/bin/cmake -E cmake_progress_start /home/maclab/Documents/ROS_WORKSPACES/WS_Master_Thesis/build/uc1_robot_controllers_interfaces/CMakeFiles /home/maclab/Documents/ROS_WORKSPACES/WS_Master_Thesis/build/uc1_robot_controllers_interfaces//CMakeFiles/progress.marks
[0.948s] /usr/bin/gmake  -f CMakeFiles/Makefile2 all
[0.949s] gmake[1]: Entering directory '/home/maclab/Documents/ROS_WORKSPACES/WS_Master_Thesis/build/uc1_robot_controllers_interfaces'
[0.949s] /usr/bin/gmake  -f CMakeFiles/uc1_robot_controllers_interfaces__cpp.dir/build.make CMakeFiles/uc1_robot_controllers_interfaces__cpp.dir/depend
[0.949s] /usr/bin/gmake  -f CMakeFiles/uc1_robot_controllers_interfaces__rosidl_generator_c.dir/build.make CMakeFiles/uc1_robot_controllers_interfaces__rosidl_generator_c.dir/depend
[0.950s] /usr/bin/gmake  -f CMakeFiles/ament_cmake_python_copy_uc1_robot_controllers_interfaces.dir/build.make CMakeFiles/ament_cmake_python_copy_uc1_robot_controllers_interfaces.dir/depend
[0.950s] gmake[2]: Entering directory '/home/maclab/Documents/ROS_WORKSPACES/WS_Master_Thesis/build/uc1_robot_controllers_interfaces'
[0.950s] cd /home/maclab/Documents/ROS_WORKSPACES/WS_Master_Thesis/build/uc1_robot_controllers_interfaces && /usr/bin/cmake -E cmake_depends "Unix Makefiles" /home/maclab/Documents/ROS_WORKSPACES/WS_Master_Thesis/src/uc1_robot_controllers_interfaces /home/maclab/Documents/ROS_WORKSPACES/WS_Master_Thesis/src/uc1_robot_controllers_interfaces /home/maclab/Documents/ROS_WORKSPACES/WS_Master_Thesis/build/uc1_robot_controllers_interfaces /home/maclab/Documents/ROS_WORKSPACES/WS_Master_Thesis/build/uc1_robot_controllers_interfaces /home/maclab/Documents/ROS_WORKSPACES/WS_Master_Thesis/build/uc1_robot_controllers_interfaces/CMakeFiles/uc1_robot_controllers_interfaces__cpp.dir/DependInfo.cmake --color=
[0.950s] gmake[2]: Entering directory '/home/maclab/Documents/ROS_WORKSPACES/WS_Master_Thesis/build/uc1_robot_controllers_interfaces'
[0.950s] cd /home/maclab/Documents/ROS_WORKSPACES/WS_Master_Thesis/build/uc1_robot_controllers_interfaces && /usr/bin/cmake -E cmake_depends "Unix Makefiles" /home/maclab/Documents/ROS_WORKSPACES/WS_Master_Thesis/src/uc1_robot_controllers_interfaces /home/maclab/Documents/ROS_WORKSPACES/WS_Master_Thesis/src/uc1_robot_controllers_interfaces /home/maclab/Documents/ROS_WORKSPACES/WS_Master_Thesis/build/uc1_robot_controllers_interfaces /home/maclab/Documents/ROS_WORKSPACES/WS_Master_Thesis/build/uc1_robot_controllers_interfaces /home/maclab/Documents/ROS_WORKSPACES/WS_Master_Thesis/build/uc1_robot_controllers_interfaces/CMakeFiles/ament_cmake_python_copy_uc1_robot_controllers_interfaces.dir/DependInfo.cmake --color=
[0.951s] gmake[2]: Entering directory '/home/maclab/Documents/ROS_WORKSPACES/WS_Master_Thesis/build/uc1_robot_controllers_interfaces'
[0.951s] cd /home/maclab/Documents/ROS_WORKSPACES/WS_Master_Thesis/build/uc1_robot_controllers_interfaces && /usr/bin/cmake -E cmake_depends "Unix Makefiles" /home/maclab/Documents/ROS_WORKSPACES/WS_Master_Thesis/src/uc1_robot_controllers_interfaces /home/maclab/Documents/ROS_WORKSPACES/WS_Master_Thesis/src/uc1_robot_controllers_interfaces /home/maclab/Documents/ROS_WORKSPACES/WS_Master_Thesis/build/uc1_robot_controllers_interfaces /home/maclab/Documents/ROS_WORKSPACES/WS_Master_Thesis/build/uc1_robot_controllers_interfaces /home/maclab/Documents/ROS_WORKSPACES/WS_Master_Thesis/build/uc1_robot_controllers_interfaces/CMakeFiles/uc1_robot_controllers_interfaces__rosidl_generator_c.dir/DependInfo.cmake --color=
[0.955s] Dependencies file "CMakeFiles/uc1_robot_controllers_interfaces__rosidl_generator_c.dir/rosidl_generator_c/uc1_robot_controllers_interfaces/action/detail/move_robot__functions.c.o.d" is newer than depends file "/home/maclab/Documents/ROS_WORKSPACES/WS_Master_Thesis/build/uc1_robot_controllers_interfaces/CMakeFiles/uc1_robot_controllers_interfaces__rosidl_generator_c.dir/compiler_depend.internal".
[0.955s] Dependencies file "CMakeFiles/uc1_robot_controllers_interfaces__rosidl_generator_c.dir/rosidl_generator_c/uc1_robot_controllers_interfaces/action/detail/move_robot_tp__functions.c.o.d" is newer than depends file "/home/maclab/Documents/ROS_WORKSPACES/WS_Master_Thesis/build/uc1_robot_controllers_interfaces/CMakeFiles/uc1_robot_controllers_interfaces__rosidl_generator_c.dir/compiler_depend.internal".
[0.955s] Dependencies file "CMakeFiles/uc1_robot_controllers_interfaces__rosidl_generator_c.dir/rosidl_generator_c/uc1_robot_controllers_interfaces/msg/detail/move_robot_goal__functions.c.o.d" is newer than depends file "/home/maclab/Documents/ROS_WORKSPACES/WS_Master_Thesis/build/uc1_robot_controllers_interfaces/CMakeFiles/uc1_robot_controllers_interfaces__rosidl_generator_c.dir/compiler_depend.internal".
[0.956s] Dependencies file "CMakeFiles/uc1_robot_controllers_interfaces__rosidl_generator_c.dir/rosidl_generator_c/uc1_robot_controllers_interfaces/msg/detail/move_robot_orient__functions.c.o.d" is newer than depends file "/home/maclab/Documents/ROS_WORKSPACES/WS_Master_Thesis/build/uc1_robot_controllers_interfaces/CMakeFiles/uc1_robot_controllers_interfaces__rosidl_generator_c.dir/compiler_depend.internal".
[0.956s] Dependencies file "CMakeFiles/uc1_robot_controllers_interfaces__rosidl_generator_c.dir/rosidl_generator_c/uc1_robot_controllers_interfaces/msg/detail/move_robot_point__functions.c.o.d" is newer than depends file "/home/maclab/Documents/ROS_WORKSPACES/WS_Master_Thesis/build/uc1_robot_controllers_interfaces/CMakeFiles/uc1_robot_controllers_interfaces__rosidl_generator_c.dir/compiler_depend.internal".
[0.956s] [35m[1mConsolidate compiler generated dependencies of target uc1_robot_controllers_interfaces__rosidl_generator_c[0m
[0.956s] gmake[2]: Leaving directory '/home/maclab/Documents/ROS_WORKSPACES/WS_Master_Thesis/build/uc1_robot_controllers_interfaces'
[0.956s] gmake[2]: Leaving directory '/home/maclab/Documents/ROS_WORKSPACES/WS_Master_Thesis/build/uc1_robot_controllers_interfaces'
[0.956s] /usr/bin/gmake  -f CMakeFiles/uc1_robot_controllers_interfaces__cpp.dir/build.make CMakeFiles/uc1_robot_controllers_interfaces__cpp.dir/build
[0.956s] /usr/bin/gmake  -f CMakeFiles/ament_cmake_python_copy_uc1_robot_controllers_interfaces.dir/build.make CMakeFiles/ament_cmake_python_copy_uc1_robot_controllers_interfaces.dir/build
[0.956s] gmake[2]: Entering directory '/home/maclab/Documents/ROS_WORKSPACES/WS_Master_Thesis/build/uc1_robot_controllers_interfaces'
[0.956s] /usr/bin/cmake -E copy_directory /home/maclab/Documents/ROS_WORKSPACES/WS_Master_Thesis/build/uc1_robot_controllers_interfaces/rosidl_generator_py/uc1_robot_controllers_interfaces /home/maclab/Documents/ROS_WORKSPACES/WS_Master_Thesis/build/uc1_robot_controllers_interfaces/ament_cmake_python/uc1_robot_controllers_interfaces/uc1_robot_controllers_interfaces
[0.957s] gmake[2]: Entering directory '/home/maclab/Documents/ROS_WORKSPACES/WS_Master_Thesis/build/uc1_robot_controllers_interfaces'
[0.957s] gmake[2]: Nothing to be done for 'CMakeFiles/uc1_robot_controllers_interfaces__cpp.dir/build'.
[0.957s] gmake[2]: Leaving directory '/home/maclab/Documents/ROS_WORKSPACES/WS_Master_Thesis/build/uc1_robot_controllers_interfaces'
[0.957s] gmake[2]: Leaving directory '/home/maclab/Documents/ROS_WORKSPACES/WS_Master_Thesis/build/uc1_robot_controllers_interfaces'
[0.957s] /usr/bin/gmake  -f CMakeFiles/uc1_robot_controllers_interfaces__rosidl_generator_c.dir/build.make CMakeFiles/uc1_robot_controllers_interfaces__rosidl_generator_c.dir/build
[0.958s] gmake[2]: Entering directory '/home/maclab/Documents/ROS_WORKSPACES/WS_Master_Thesis/build/uc1_robot_controllers_interfaces'
[0.959s] gmake[2]: Nothing to be done for 'CMakeFiles/uc1_robot_controllers_interfaces__rosidl_generator_c.dir/build'.
[0.959s] gmake[2]: Leaving directory '/home/maclab/Documents/ROS_WORKSPACES/WS_Master_Thesis/build/uc1_robot_controllers_interfaces'
[0.961s] [  1%] Built target uc1_robot_controllers_interfaces__cpp
[0.962s] /usr/bin/gmake  -f CMakeFiles/uc1_robot_controllers_interfaces__rosidl_typesupport_cpp.dir/build.make CMakeFiles/uc1_robot_controllers_interfaces__rosidl_typesupport_cpp.dir/depend
[0.962s] /usr/bin/gmake  -f CMakeFiles/uc1_robot_controllers_interfaces__rosidl_typesupport_fastrtps_cpp.dir/build.make CMakeFiles/uc1_robot_controllers_interfaces__rosidl_typesupport_fastrtps_cpp.dir/depend
[0.962s] /usr/bin/gmake  -f CMakeFiles/uc1_robot_controllers_interfaces__rosidl_typesupport_introspection_cpp.dir/build.make CMakeFiles/uc1_robot_controllers_interfaces__rosidl_typesupport_introspection_cpp.dir/depend
[0.963s] gmake[2]: Entering directory '/home/maclab/Documents/ROS_WORKSPACES/WS_Master_Thesis/build/uc1_robot_controllers_interfaces'
[0.963s] cd /home/maclab/Documents/ROS_WORKSPACES/WS_Master_Thesis/build/uc1_robot_controllers_interfaces && /usr/bin/cmake -E cmake_depends "Unix Makefiles" /home/maclab/Documents/ROS_WORKSPACES/WS_Master_Thesis/src/uc1_robot_controllers_interfaces /home/maclab/Documents/ROS_WORKSPACES/WS_Master_Thesis/src/uc1_robot_controllers_interfaces /home/maclab/Documents/ROS_WORKSPACES/WS_Master_Thesis/build/uc1_robot_controllers_interfaces /home/maclab/Documents/ROS_WORKSPACES/WS_Master_Thesis/build/uc1_robot_controllers_interfaces /home/maclab/Documents/ROS_WORKSPACES/WS_Master_Thesis/build/uc1_robot_controllers_interfaces/CMakeFiles/uc1_robot_controllers_interfaces__rosidl_typesupport_cpp.dir/DependInfo.cmake --color=
[0.963s] gmake[2]: Leaving directory '/home/maclab/Documents/ROS_WORKSPACES/WS_Master_Thesis/build/uc1_robot_controllers_interfaces'
[0.963s] [ 12%] Built target uc1_robot_controllers_interfaces__rosidl_generator_c
[0.963s] gmake[2]: Entering directory '/home/maclab/Documents/ROS_WORKSPACES/WS_Master_Thesis/build/uc1_robot_controllers_interfaces'
[0.963s] cd /home/maclab/Documents/ROS_WORKSPACES/WS_Master_Thesis/build/uc1_robot_controllers_interfaces && /usr/bin/cmake -E cmake_depends "Unix Makefiles" /home/maclab/Documents/ROS_WORKSPACES/WS_Master_Thesis/src/uc1_robot_controllers_interfaces /home/maclab/Documents/ROS_WORKSPACES/WS_Master_Thesis/src/uc1_robot_controllers_interfaces /home/maclab/Documents/ROS_WORKSPACES/WS_Master_Thesis/build/uc1_robot_controllers_interfaces /home/maclab/Documents/ROS_WORKSPACES/WS_Master_Thesis/build/uc1_robot_controllers_interfaces /home/maclab/Documents/ROS_WORKSPACES/WS_Master_Thesis/build/uc1_robot_controllers_interfaces/CMakeFiles/uc1_robot_controllers_interfaces__rosidl_typesupport_fastrtps_cpp.dir/DependInfo.cmake --color=
[0.963s] gmake[2]: Entering directory '/home/maclab/Documents/ROS_WORKSPACES/WS_Master_Thesis/build/uc1_robot_controllers_interfaces'
[0.963s] cd /home/maclab/Documents/ROS_WORKSPACES/WS_Master_Thesis/build/uc1_robot_controllers_interfaces && /usr/bin/cmake -E cmake_depends "Unix Makefiles" /home/maclab/Documents/ROS_WORKSPACES/WS_Master_Thesis/src/uc1_robot_controllers_interfaces /home/maclab/Documents/ROS_WORKSPACES/WS_Master_Thesis/src/uc1_robot_controllers_interfaces /home/maclab/Documents/ROS_WORKSPACES/WS_Master_Thesis/build/uc1_robot_controllers_interfaces /home/maclab/Documents/ROS_WORKSPACES/WS_Master_Thesis/build/uc1_robot_controllers_interfaces /home/maclab/Documents/ROS_WORKSPACES/WS_Master_Thesis/build/uc1_robot_controllers_interfaces/CMakeFiles/uc1_robot_controllers_interfaces__rosidl_typesupport_introspection_cpp.dir/DependInfo.cmake --color=
[0.963s] /usr/bin/gmake  -f CMakeFiles/uc1_robot_controllers_interfaces__rosidl_typesupport_fastrtps_c.dir/build.make CMakeFiles/uc1_robot_controllers_interfaces__rosidl_typesupport_fastrtps_c.dir/depend
[0.963s] /usr/bin/gmake  -f CMakeFiles/uc1_robot_controllers_interfaces__rosidl_typesupport_introspection_c.dir/build.make CMakeFiles/uc1_robot_controllers_interfaces__rosidl_typesupport_introspection_c.dir/depend
[0.964s] /usr/bin/gmake  -f CMakeFiles/uc1_robot_controllers_interfaces__rosidl_typesupport_c.dir/build.make CMakeFiles/uc1_robot_controllers_interfaces__rosidl_typesupport_c.dir/depend
[0.965s] gmake[2]: Entering directory '/home/maclab/Documents/ROS_WORKSPACES/WS_Master_Thesis/build/uc1_robot_controllers_interfaces'
[0.965s] cd /home/maclab/Documents/ROS_WORKSPACES/WS_Master_Thesis/build/uc1_robot_controllers_interfaces && /usr/bin/cmake -E cmake_depends "Unix Makefiles" /home/maclab/Documents/ROS_WORKSPACES/WS_Master_Thesis/src/uc1_robot_controllers_interfaces /home/maclab/Documents/ROS_WORKSPACES/WS_Master_Thesis/src/uc1_robot_controllers_interfaces /home/maclab/Documents/ROS_WORKSPACES/WS_Master_Thesis/build/uc1_robot_controllers_interfaces /home/maclab/Documents/ROS_WORKSPACES/WS_Master_Thesis/build/uc1_robot_controllers_interfaces /home/maclab/Documents/ROS_WORKSPACES/WS_Master_Thesis/build/uc1_robot_controllers_interfaces/CMakeFiles/uc1_robot_controllers_interfaces__rosidl_typesupport_fastrtps_c.dir/DependInfo.cmake --color=
[0.965s] gmake[2]: Entering directory '/home/maclab/Documents/ROS_WORKSPACES/WS_Master_Thesis/build/uc1_robot_controllers_interfaces'
[0.965s] cd /home/maclab/Documents/ROS_WORKSPACES/WS_Master_Thesis/build/uc1_robot_controllers_interfaces && /usr/bin/cmake -E cmake_depends "Unix Makefiles" /home/maclab/Documents/ROS_WORKSPACES/WS_Master_Thesis/src/uc1_robot_controllers_interfaces /home/maclab/Documents/ROS_WORKSPACES/WS_Master_Thesis/src/uc1_robot_controllers_interfaces /home/maclab/Documents/ROS_WORKSPACES/WS_Master_Thesis/build/uc1_robot_controllers_interfaces /home/maclab/Documents/ROS_WORKSPACES/WS_Master_Thesis/build/uc1_robot_controllers_interfaces /home/maclab/Documents/ROS_WORKSPACES/WS_Master_Thesis/build/uc1_robot_controllers_interfaces/CMakeFiles/uc1_robot_controllers_interfaces__rosidl_typesupport_introspection_c.dir/DependInfo.cmake --color=
[0.965s] gmake[2]: Entering directory '/home/maclab/Documents/ROS_WORKSPACES/WS_Master_Thesis/build/uc1_robot_controllers_interfaces'
[0.965s] cd /home/maclab/Documents/ROS_WORKSPACES/WS_Master_Thesis/build/uc1_robot_controllers_interfaces && /usr/bin/cmake -E cmake_depends "Unix Makefiles" /home/maclab/Documents/ROS_WORKSPACES/WS_Master_Thesis/src/uc1_robot_controllers_interfaces /home/maclab/Documents/ROS_WORKSPACES/WS_Master_Thesis/src/uc1_robot_controllers_interfaces /home/maclab/Documents/ROS_WORKSPACES/WS_Master_Thesis/build/uc1_robot_controllers_interfaces /home/maclab/Documents/ROS_WORKSPACES/WS_Master_Thesis/build/uc1_robot_controllers_interfaces /home/maclab/Documents/ROS_WORKSPACES/WS_Master_Thesis/build/uc1_robot_controllers_interfaces/CMakeFiles/uc1_robot_controllers_interfaces__rosidl_typesupport_c.dir/DependInfo.cmake --color=
[0.968s] [ 12%] Built target ament_cmake_python_copy_uc1_robot_controllers_interfaces
[0.968s] Dependencies file "CMakeFiles/uc1_robot_controllers_interfaces__rosidl_typesupport_cpp.dir/rosidl_typesupport_cpp/uc1_robot_controllers_interfaces/action/move_robot__type_support.cpp.o.d" is newer than depends file "/home/maclab/Documents/ROS_WORKSPACES/WS_Master_Thesis/build/uc1_robot_controllers_interfaces/CMakeFiles/uc1_robot_controllers_interfaces__rosidl_typesupport_cpp.dir/compiler_depend.internal".
[0.968s] Dependencies file "CMakeFiles/uc1_robot_controllers_interfaces__rosidl_typesupport_introspection_cpp.dir/rosidl_typesupport_introspection_cpp/uc1_robot_controllers_interfaces/action/detail/move_robot__type_support.cpp.o.d" is newer than depends file "/home/maclab/Documents/ROS_WORKSPACES/WS_Master_Thesis/build/uc1_robot_controllers_interfaces/CMakeFiles/uc1_robot_controllers_interfaces__rosidl_typesupport_introspection_cpp.dir/compiler_depend.internal".
[0.968s] Dependencies file "CMakeFiles/uc1_robot_controllers_interfaces__rosidl_typesupport_fastrtps_cpp.dir/rosidl_typesupport_fastrtps_cpp/uc1_robot_controllers_interfaces/action/detail/dds_fastrtps/move_robot__type_support.cpp.o.d" is newer than depends file "/home/maclab/Documents/ROS_WORKSPACES/WS_Master_Thesis/build/uc1_robot_controllers_interfaces/CMakeFiles/uc1_robot_controllers_interfaces__rosidl_typesupport_fastrtps_cpp.dir/compiler_depend.internal".
[0.968s] Dependencies file "CMakeFiles/uc1_robot_controllers_interfaces__rosidl_typesupport_cpp.dir/rosidl_typesupport_cpp/uc1_robot_controllers_interfaces/action/move_robot_tp__type_support.cpp.o.d" is newer than depends file "/home/maclab/Documents/ROS_WORKSPACES/WS_Master_Thesis/build/uc1_robot_controllers_interfaces/CMakeFiles/uc1_robot_controllers_interfaces__rosidl_typesupport_cpp.dir/compiler_depend.internal".
[0.968s] Dependencies file "CMakeFiles/uc1_robot_controllers_interfaces__rosidl_typesupport_introspection_cpp.dir/rosidl_typesupport_introspection_cpp/uc1_robot_controllers_interfaces/action/detail/move_robot_tp__type_support.cpp.o.d" is newer than depends file "/home/maclab/Documents/ROS_WORKSPACES/WS_Master_Thesis/build/uc1_robot_controllers_interfaces/CMakeFiles/uc1_robot_controllers_interfaces__rosidl_typesupport_introspection_cpp.dir/compiler_depend.internal".
[0.968s] Dependencies file "CMakeFiles/uc1_robot_controllers_interfaces__rosidl_typesupport_fastrtps_cpp.dir/rosidl_typesupport_fastrtps_cpp/uc1_robot_controllers_interfaces/action/detail/dds_fastrtps/move_robot_tp__type_support.cpp.o.d" is newer than depends file "/home/maclab/Documents/ROS_WORKSPACES/WS_Master_Thesis/build/uc1_robot_controllers_interfaces/CMakeFiles/uc1_robot_controllers_interfaces__rosidl_typesupport_fastrtps_cpp.dir/compiler_depend.internal".
[0.968s] Dependencies file "CMakeFiles/uc1_robot_controllers_interfaces__rosidl_typesupport_cpp.dir/rosidl_typesupport_cpp/uc1_robot_controllers_interfaces/msg/move_robot_goal__type_support.cpp.o.d" is newer than depends file "/home/maclab/Documents/ROS_WORKSPACES/WS_Master_Thesis/build/uc1_robot_controllers_interfaces/CMakeFiles/uc1_robot_controllers_interfaces__rosidl_typesupport_cpp.dir/compiler_depend.internal".
[0.968s] Dependencies file "CMakeFiles/uc1_robot_controllers_interfaces__rosidl_typesupport_introspection_cpp.dir/rosidl_typesupport_introspection_cpp/uc1_robot_controllers_interfaces/msg/detail/move_robot_goal__type_support.cpp.o.d" is newer than depends file "/home/maclab/Documents/ROS_WORKSPACES/WS_Master_Thesis/build/uc1_robot_controllers_interfaces/CMakeFiles/uc1_robot_controllers_interfaces__rosidl_typesupport_introspection_cpp.dir/compiler_depend.internal".
[0.968s] Dependencies file "CMakeFiles/uc1_robot_controllers_interfaces__rosidl_typesupport_cpp.dir/rosidl_typesupport_cpp/uc1_robot_controllers_interfaces/msg/move_robot_orient__type_support.cpp.o.d" is newer than depends file "/home/maclab/Documents/ROS_WORKSPACES/WS_Master_Thesis/build/uc1_robot_controllers_interfaces/CMakeFiles/uc1_robot_controllers_interfaces__rosidl_typesupport_cpp.dir/compiler_depend.internal".
[0.968s] Dependencies file "CMakeFiles/uc1_robot_controllers_interfaces__rosidl_typesupport_fastrtps_cpp.dir/rosidl_typesupport_fastrtps_cpp/uc1_robot_controllers_interfaces/msg/detail/dds_fastrtps/move_robot_goal__type_support.cpp.o.d" is newer than depends file "/home/maclab/Documents/ROS_WORKSPACES/WS_Master_Thesis/build/uc1_robot_controllers_interfaces/CMakeFiles/uc1_robot_controllers_interfaces__rosidl_typesupport_fastrtps_cpp.dir/compiler_depend.internal".
[0.968s] /usr/bin/gmake  -f CMakeFiles/ament_cmake_python_build_uc1_robot_controllers_interfaces_egg.dir/build.make CMakeFiles/ament_cmake_python_build_uc1_robot_controllers_interfaces_egg.dir/depend
[0.968s] Dependencies file "CMakeFiles/uc1_robot_controllers_interfaces__rosidl_typesupport_introspection_cpp.dir/rosidl_typesupport_introspection_cpp/uc1_robot_controllers_interfaces/msg/detail/move_robot_orient__type_support.cpp.o.d" is newer than depends file "/home/maclab/Documents/ROS_WORKSPACES/WS_Master_Thesis/build/uc1_robot_controllers_interfaces/CMakeFiles/uc1_robot_controllers_interfaces__rosidl_typesupport_introspection_cpp.dir/compiler_depend.internal".
[0.968s] Dependencies file "CMakeFiles/uc1_robot_controllers_interfaces__rosidl_typesupport_cpp.dir/rosidl_typesupport_cpp/uc1_robot_controllers_interfaces/msg/move_robot_point__type_support.cpp.o.d" is newer than depends file "/home/maclab/Documents/ROS_WORKSPACES/WS_Master_Thesis/build/uc1_robot_controllers_interfaces/CMakeFiles/uc1_robot_controllers_interfaces__rosidl_typesupport_cpp.dir/compiler_depend.internal".
[0.968s] Dependencies file "CMakeFiles/uc1_robot_controllers_interfaces__rosidl_typesupport_fastrtps_cpp.dir/rosidl_typesupport_fastrtps_cpp/uc1_robot_controllers_interfaces/msg/detail/dds_fastrtps/move_robot_orient__type_support.cpp.o.d" is newer than depends file "/home/maclab/Documents/ROS_WORKSPACES/WS_Master_Thesis/build/uc1_robot_controllers_interfaces/CMakeFiles/uc1_robot_controllers_interfaces__rosidl_typesupport_fastrtps_cpp.dir/compiler_depend.internal".
[0.969s] Dependencies file "CMakeFiles/uc1_robot_controllers_interfaces__rosidl_typesupport_introspection_cpp.dir/rosidl_typesupport_introspection_cpp/uc1_robot_controllers_interfaces/msg/detail/move_robot_point__type_support.cpp.o.d" is newer than depends file "/home/maclab/Documents/ROS_WORKSPACES/WS_Master_Thesis/build/uc1_robot_controllers_interfaces/CMakeFiles/uc1_robot_controllers_interfaces__rosidl_typesupport_introspection_cpp.dir/compiler_depend.internal".
[0.969s] [35m[1mConsolidate compiler generated dependencies of target uc1_robot_controllers_interfaces__rosidl_typesupport_cpp[0m
[0.969s] Dependencies file "CMakeFiles/uc1_robot_controllers_interfaces__rosidl_typesupport_fastrtps_cpp.dir/rosidl_typesupport_fastrtps_cpp/uc1_robot_controllers_interfaces/msg/detail/dds_fastrtps/move_robot_point__type_support.cpp.o.d" is newer than depends file "/home/maclab/Documents/ROS_WORKSPACES/WS_Master_Thesis/build/uc1_robot_controllers_interfaces/CMakeFiles/uc1_robot_controllers_interfaces__rosidl_typesupport_fastrtps_cpp.dir/compiler_depend.internal".
[0.969s] [35m[1mConsolidate compiler generated dependencies of target uc1_robot_controllers_interfaces__rosidl_typesupport_introspection_cpp[0m
[0.969s] [35m[1mConsolidate compiler generated dependencies of target uc1_robot_controllers_interfaces__rosidl_typesupport_fastrtps_cpp[0m
[0.969s] gmake[2]: Entering directory '/home/maclab/Documents/ROS_WORKSPACES/WS_Master_Thesis/build/uc1_robot_controllers_interfaces'
[0.969s] cd /home/maclab/Documents/ROS_WORKSPACES/WS_Master_Thesis/build/uc1_robot_controllers_interfaces && /usr/bin/cmake -E cmake_depends "Unix Makefiles" /home/maclab/Documents/ROS_WORKSPACES/WS_Master_Thesis/src/uc1_robot_controllers_interfaces /home/maclab/Documents/ROS_WORKSPACES/WS_Master_Thesis/src/uc1_robot_controllers_interfaces /home/maclab/Documents/ROS_WORKSPACES/WS_Master_Thesis/build/uc1_robot_controllers_interfaces /home/maclab/Documents/ROS_WORKSPACES/WS_Master_Thesis/build/uc1_robot_controllers_interfaces /home/maclab/Documents/ROS_WORKSPACES/WS_Master_Thesis/build/uc1_robot_controllers_interfaces/CMakeFiles/ament_cmake_python_build_uc1_robot_controllers_interfaces_egg.dir/DependInfo.cmake --color=
[0.970s] Dependencies file "CMakeFiles/uc1_robot_controllers_interfaces__rosidl_typesupport_c.dir/rosidl_typesupport_c/uc1_robot_controllers_interfaces/action/move_robot__type_support.cpp.o.d" is newer than depends file "/home/maclab/Documents/ROS_WORKSPACES/WS_Master_Thesis/build/uc1_robot_controllers_interfaces/CMakeFiles/uc1_robot_controllers_interfaces__rosidl_typesupport_c.dir/compiler_depend.internal".
[0.970s] Dependencies file "CMakeFiles/uc1_robot_controllers_interfaces__rosidl_typesupport_introspection_c.dir/rosidl_typesupport_introspection_c/uc1_robot_controllers_interfaces/action/detail/move_robot__type_support.c.o.d" is newer than depends file "/home/maclab/Documents/ROS_WORKSPACES/WS_Master_Thesis/build/uc1_robot_controllers_interfaces/CMakeFiles/uc1_robot_controllers_interfaces__rosidl_typesupport_introspection_c.dir/compiler_depend.internal".
[0.970s] Dependencies file "CMakeFiles/uc1_robot_controllers_interfaces__rosidl_typesupport_fastrtps_c.dir/rosidl_typesupport_fastrtps_c/uc1_robot_controllers_interfaces/action/detail/move_robot__type_support_c.cpp.o.d" is newer than depends file "/home/maclab/Documents/ROS_WORKSPACES/WS_Master_Thesis/build/uc1_robot_controllers_interfaces/CMakeFiles/uc1_robot_controllers_interfaces__rosidl_typesupport_fastrtps_c.dir/compiler_depend.internal".
[0.970s] Dependencies file "CMakeFiles/uc1_robot_controllers_interfaces__rosidl_typesupport_c.dir/rosidl_typesupport_c/uc1_robot_controllers_interfaces/action/move_robot_tp__type_support.cpp.o.d" is newer than depends file "/home/maclab/Documents/ROS_WORKSPACES/WS_Master_Thesis/build/uc1_robot_controllers_interfaces/CMakeFiles/uc1_robot_controllers_interfaces__rosidl_typesupport_c.dir/compiler_depend.internal".
[0.970s] Dependencies file "CMakeFiles/uc1_robot_controllers_interfaces__rosidl_typesupport_introspection_c.dir/rosidl_typesupport_introspection_c/uc1_robot_controllers_interfaces/action/detail/move_robot_tp__type_support.c.o.d" is newer than depends file "/home/maclab/Documents/ROS_WORKSPACES/WS_Master_Thesis/build/uc1_robot_controllers_interfaces/CMakeFiles/uc1_robot_controllers_interfaces__rosidl_typesupport_introspection_c.dir/compiler_depend.internal".
[0.970s] Dependencies file "CMakeFiles/uc1_robot_controllers_interfaces__rosidl_typesupport_c.dir/rosidl_typesupport_c/uc1_robot_controllers_interfaces/msg/move_robot_goal__type_support.cpp.o.d" is newer than depends file "/home/maclab/Documents/ROS_WORKSPACES/WS_Master_Thesis/build/uc1_robot_controllers_interfaces/CMakeFiles/uc1_robot_controllers_interfaces__rosidl_typesupport_c.dir/compiler_depend.internal".
[0.970s] Dependencies file "CMakeFiles/uc1_robot_controllers_interfaces__rosidl_typesupport_c.dir/rosidl_typesupport_c/uc1_robot_controllers_interfaces/msg/move_robot_orient__type_support.cpp.o.d" is newer than depends file "/home/maclab/Documents/ROS_WORKSPACES/WS_Master_Thesis/build/uc1_robot_controllers_interfaces/CMakeFiles/uc1_robot_controllers_interfaces__rosidl_typesupport_c.dir/compiler_depend.internal".
[0.970s] Dependencies file "CMakeFiles/uc1_robot_controllers_interfaces__rosidl_typesupport_introspection_c.dir/rosidl_typesupport_introspection_c/uc1_robot_controllers_interfaces/msg/detail/move_robot_goal__type_support.c.o.d" is newer than depends file "/home/maclab/Documents/ROS_WORKSPACES/WS_Master_Thesis/build/uc1_robot_controllers_interfaces/CMakeFiles/uc1_robot_controllers_interfaces__rosidl_typesupport_introspection_c.dir/compiler_depend.internal".
[0.970s] Dependencies file "CMakeFiles/uc1_robot_controllers_interfaces__rosidl_typesupport_fastrtps_c.dir/rosidl_typesupport_fastrtps_c/uc1_robot_controllers_interfaces/action/detail/move_robot_tp__type_support_c.cpp.o.d" is newer than depends file "/home/maclab/Documents/ROS_WORKSPACES/WS_Master_Thesis/build/uc1_robot_controllers_interfaces/CMakeFiles/uc1_robot_controllers_interfaces__rosidl_typesupport_fastrtps_c.dir/compiler_depend.internal".
[0.970s] Dependencies file "CMakeFiles/uc1_robot_controllers_interfaces__rosidl_typesupport_c.dir/rosidl_typesupport_c/uc1_robot_controllers_interfaces/msg/move_robot_point__type_support.cpp.o.d" is newer than depends file "/home/maclab/Documents/ROS_WORKSPACES/WS_Master_Thesis/build/uc1_robot_controllers_interfaces/CMakeFiles/uc1_robot_controllers_interfaces__rosidl_typesupport_c.dir/compiler_depend.internal".
[0.970s] Dependencies file "CMakeFiles/uc1_robot_controllers_interfaces__rosidl_typesupport_introspection_c.dir/rosidl_typesupport_introspection_c/uc1_robot_controllers_interfaces/msg/detail/move_robot_orient__type_support.c.o.d" is newer than depends file "/home/maclab/Documents/ROS_WORKSPACES/WS_Master_Thesis/build/uc1_robot_controllers_interfaces/CMakeFiles/uc1_robot_controllers_interfaces__rosidl_typesupport_introspection_c.dir/compiler_depend.internal".
[0.970s] [35m[1mConsolidate compiler generated dependencies of target uc1_robot_controllers_interfaces__rosidl_typesupport_c[0m
[0.970s] Dependencies file "CMakeFiles/uc1_robot_controllers_interfaces__rosidl_typesupport_introspection_c.dir/rosidl_typesupport_introspection_c/uc1_robot_controllers_interfaces/msg/detail/move_robot_point__type_support.c.o.d" is newer than depends file "/home/maclab/Documents/ROS_WORKSPACES/WS_Master_Thesis/build/uc1_robot_controllers_interfaces/CMakeFiles/uc1_robot_controllers_interfaces__rosidl_typesupport_introspection_c.dir/compiler_depend.internal".
[0.970s] [35m[1mConsolidate compiler generated dependencies of target uc1_robot_controllers_interfaces__rosidl_typesupport_introspection_c[0m
[0.970s] Dependencies file "CMakeFiles/uc1_robot_controllers_interfaces__rosidl_typesupport_fastrtps_c.dir/rosidl_typesupport_fastrtps_c/uc1_robot_controllers_interfaces/msg/detail/move_robot_goal__type_support_c.cpp.o.d" is newer than depends file "/home/maclab/Documents/ROS_WORKSPACES/WS_Master_Thesis/build/uc1_robot_controllers_interfaces/CMakeFiles/uc1_robot_controllers_interfaces__rosidl_typesupport_fastrtps_c.dir/compiler_depend.internal".
[0.970s] Dependencies file "CMakeFiles/uc1_robot_controllers_interfaces__rosidl_typesupport_fastrtps_c.dir/rosidl_typesupport_fastrtps_c/uc1_robot_controllers_interfaces/msg/detail/move_robot_orient__type_support_c.cpp.o.d" is newer than depends file "/home/maclab/Documents/ROS_WORKSPACES/WS_Master_Thesis/build/uc1_robot_controllers_interfaces/CMakeFiles/uc1_robot_controllers_interfaces__rosidl_typesupport_fastrtps_c.dir/compiler_depend.internal".
[0.970s] Dependencies file "CMakeFiles/uc1_robot_controllers_interfaces__rosidl_typesupport_fastrtps_c.dir/rosidl_typesupport_fastrtps_c/uc1_robot_controllers_interfaces/msg/detail/move_robot_point__type_support_c.cpp.o.d" is newer than depends file "/home/maclab/Documents/ROS_WORKSPACES/WS_Master_Thesis/build/uc1_robot_controllers_interfaces/CMakeFiles/uc1_robot_controllers_interfaces__rosidl_typesupport_fastrtps_c.dir/compiler_depend.internal".
[0.970s] [35m[1mConsolidate compiler generated dependencies of target uc1_robot_controllers_interfaces__rosidl_typesupport_fastrtps_c[0m
[0.971s] gmake[2]: Leaving directory '/home/maclab/Documents/ROS_WORKSPACES/WS_Master_Thesis/build/uc1_robot_controllers_interfaces'
[0.971s] /usr/bin/gmake  -f CMakeFiles/uc1_robot_controllers_interfaces__rosidl_typesupport_cpp.dir/build.make CMakeFiles/uc1_robot_controllers_interfaces__rosidl_typesupport_cpp.dir/build
[0.971s] gmake[2]: Leaving directory '/home/maclab/Documents/ROS_WORKSPACES/WS_Master_Thesis/build/uc1_robot_controllers_interfaces'
[0.971s] gmake[2]: Leaving directory '/home/maclab/Documents/ROS_WORKSPACES/WS_Master_Thesis/build/uc1_robot_controllers_interfaces'
[0.971s] gmake[2]: Leaving directory '/home/maclab/Documents/ROS_WORKSPACES/WS_Master_Thesis/build/uc1_robot_controllers_interfaces'
[0.971s] /usr/bin/gmake  -f CMakeFiles/uc1_robot_controllers_interfaces__rosidl_typesupport_fastrtps_cpp.dir/build.make CMakeFiles/uc1_robot_controllers_interfaces__rosidl_typesupport_fastrtps_cpp.dir/build
[0.971s] /usr/bin/gmake  -f CMakeFiles/uc1_robot_controllers_interfaces__rosidl_typesupport_introspection_cpp.dir/build.make CMakeFiles/uc1_robot_controllers_interfaces__rosidl_typesupport_introspection_cpp.dir/build
[0.971s] gmake[2]: Leaving directory '/home/maclab/Documents/ROS_WORKSPACES/WS_Master_Thesis/build/uc1_robot_controllers_interfaces'
[0.972s] /usr/bin/gmake  -f CMakeFiles/uc1_robot_controllers_interfaces__rosidl_typesupport_introspection_c.dir/build.make CMakeFiles/uc1_robot_controllers_interfaces__rosidl_typesupport_introspection_c.dir/build
[0.972s] /usr/bin/gmake  -f CMakeFiles/uc1_robot_controllers_interfaces__rosidl_typesupport_c.dir/build.make CMakeFiles/uc1_robot_controllers_interfaces__rosidl_typesupport_c.dir/build
[0.972s] gmake[2]: Leaving directory '/home/maclab/Documents/ROS_WORKSPACES/WS_Master_Thesis/build/uc1_robot_controllers_interfaces'
[0.972s] /usr/bin/gmake  -f CMakeFiles/uc1_robot_controllers_interfaces__rosidl_typesupport_fastrtps_c.dir/build.make CMakeFiles/uc1_robot_controllers_interfaces__rosidl_typesupport_fastrtps_c.dir/build
[0.972s] gmake[2]: Entering directory '/home/maclab/Documents/ROS_WORKSPACES/WS_Master_Thesis/build/uc1_robot_controllers_interfaces'
[0.972s] gmake[2]: Nothing to be done for 'CMakeFiles/uc1_robot_controllers_interfaces__rosidl_typesupport_cpp.dir/build'.
[0.973s] gmake[2]: Leaving directory '/home/maclab/Documents/ROS_WORKSPACES/WS_Master_Thesis/build/uc1_robot_controllers_interfaces'
[0.973s] gmake[2]: Entering directory '/home/maclab/Documents/ROS_WORKSPACES/WS_Master_Thesis/build/uc1_robot_controllers_interfaces'
[0.973s] gmake[2]: Nothing to be done for 'CMakeFiles/uc1_robot_controllers_interfaces__rosidl_typesupport_introspection_c.dir/build'.
[0.974s] gmake[2]: Leaving directory '/home/maclab/Documents/ROS_WORKSPACES/WS_Master_Thesis/build/uc1_robot_controllers_interfaces'
[0.974s] gmake[2]: Entering directory '/home/maclab/Documents/ROS_WORKSPACES/WS_Master_Thesis/build/uc1_robot_controllers_interfaces'
[0.974s] gmake[2]: Nothing to be done for 'CMakeFiles/uc1_robot_controllers_interfaces__rosidl_typesupport_c.dir/build'.
[0.974s] gmake[2]: Leaving directory '/home/maclab/Documents/ROS_WORKSPACES/WS_Master_Thesis/build/uc1_robot_controllers_interfaces'
[0.975s] gmake[2]: Entering directory '/home/maclab/Documents/ROS_WORKSPACES/WS_Master_Thesis/build/uc1_robot_controllers_interfaces'
[0.975s] gmake[2]: Nothing to be done for 'CMakeFiles/uc1_robot_controllers_interfaces__rosidl_typesupport_fastrtps_cpp.dir/build'.
[0.975s] gmake[2]: Leaving directory '/home/maclab/Documents/ROS_WORKSPACES/WS_Master_Thesis/build/uc1_robot_controllers_interfaces'
[0.975s] gmake[2]: Entering directory '/home/maclab/Documents/ROS_WORKSPACES/WS_Master_Thesis/build/uc1_robot_controllers_interfaces'
[0.975s] gmake[2]: Nothing to be done for 'CMakeFiles/uc1_robot_controllers_interfaces__rosidl_typesupport_introspection_cpp.dir/build'.
[0.975s] gmake[2]: Leaving directory '/home/maclab/Documents/ROS_WORKSPACES/WS_Master_Thesis/build/uc1_robot_controllers_interfaces'
[0.975s] gmake[2]: Entering directory '/home/maclab/Documents/ROS_WORKSPACES/WS_Master_Thesis/build/uc1_robot_controllers_interfaces'
[0.975s] gmake[2]: Nothing to be done for 'CMakeFiles/uc1_robot_controllers_interfaces__rosidl_typesupport_fastrtps_c.dir/build'.
[0.975s] gmake[2]: Leaving directory '/home/maclab/Documents/ROS_WORKSPACES/WS_Master_Thesis/build/uc1_robot_controllers_interfaces'
[0.976s] gmake[2]: Leaving directory '/home/maclab/Documents/ROS_WORKSPACES/WS_Master_Thesis/build/uc1_robot_controllers_interfaces'
[0.976s] /usr/bin/gmake  -f CMakeFiles/ament_cmake_python_build_uc1_robot_controllers_interfaces_egg.dir/build.make CMakeFiles/ament_cmake_python_build_uc1_robot_controllers_interfaces_egg.dir/build
[0.976s] gmake[2]: Entering directory '/home/maclab/Documents/ROS_WORKSPACES/WS_Master_Thesis/build/uc1_robot_controllers_interfaces'
[0.976s] cd /home/maclab/Documents/ROS_WORKSPACES/WS_Master_Thesis/build/uc1_robot_controllers_interfaces/ament_cmake_python/uc1_robot_controllers_interfaces && /usr/bin/python3 setup.py egg_info
[0.976s] [ 23%] Built target uc1_robot_controllers_interfaces__rosidl_typesupport_cpp
[0.976s] [ 34%] Built target uc1_robot_controllers_interfaces__rosidl_typesupport_introspection_c
[0.978s] [ 50%] Built target uc1_robot_controllers_interfaces__rosidl_typesupport_c
[0.978s] [ 57%] Built target uc1_robot_controllers_interfaces__rosidl_typesupport_introspection_cpp
[0.978s] [ 68%] Built target uc1_robot_controllers_interfaces__rosidl_typesupport_fastrtps_cpp
[0.979s] [ 79%] Built target uc1_robot_controllers_interfaces__rosidl_typesupport_fastrtps_c
[0.979s] /usr/bin/gmake  -f CMakeFiles/uc1_robot_controllers_interfaces.dir/build.make CMakeFiles/uc1_robot_controllers_interfaces.dir/depend
[0.980s] gmake[2]: Entering directory '/home/maclab/Documents/ROS_WORKSPACES/WS_Master_Thesis/build/uc1_robot_controllers_interfaces'
[0.980s] cd /home/maclab/Documents/ROS_WORKSPACES/WS_Master_Thesis/build/uc1_robot_controllers_interfaces && /usr/bin/cmake -E cmake_depends "Unix Makefiles" /home/maclab/Documents/ROS_WORKSPACES/WS_Master_Thesis/src/uc1_robot_controllers_interfaces /home/maclab/Documents/ROS_WORKSPACES/WS_Master_Thesis/src/uc1_robot_controllers_interfaces /home/maclab/Documents/ROS_WORKSPACES/WS_Master_Thesis/build/uc1_robot_controllers_interfaces /home/maclab/Documents/ROS_WORKSPACES/WS_Master_Thesis/build/uc1_robot_controllers_interfaces /home/maclab/Documents/ROS_WORKSPACES/WS_Master_Thesis/build/uc1_robot_controllers_interfaces/CMakeFiles/uc1_robot_controllers_interfaces.dir/DependInfo.cmake --color=
[0.985s] gmake[2]: Leaving directory '/home/maclab/Documents/ROS_WORKSPACES/WS_Master_Thesis/build/uc1_robot_controllers_interfaces'
[0.985s] /usr/bin/gmake  -f CMakeFiles/uc1_robot_controllers_interfaces.dir/build.make CMakeFiles/uc1_robot_controllers_interfaces.dir/build
[0.986s] gmake[2]: Entering directory '/home/maclab/Documents/ROS_WORKSPACES/WS_Master_Thesis/build/uc1_robot_controllers_interfaces'
[0.986s] gmake[2]: Nothing to be done for 'CMakeFiles/uc1_robot_controllers_interfaces.dir/build'.
[0.986s] gmake[2]: Leaving directory '/home/maclab/Documents/ROS_WORKSPACES/WS_Master_Thesis/build/uc1_robot_controllers_interfaces'
[0.991s] [ 79%] Built target uc1_robot_controllers_interfaces
[0.991s] /usr/bin/gmake  -f uc1_robot_controllers_interfaces__py/CMakeFiles/uc1_robot_controllers_interfaces__py.dir/build.make uc1_robot_controllers_interfaces__py/CMakeFiles/uc1_robot_controllers_interfaces__py.dir/depend
[0.993s] gmake[2]: Entering directory '/home/maclab/Documents/ROS_WORKSPACES/WS_Master_Thesis/build/uc1_robot_controllers_interfaces'
[0.993s] cd /home/maclab/Documents/ROS_WORKSPACES/WS_Master_Thesis/build/uc1_robot_controllers_interfaces && /usr/bin/cmake -E cmake_depends "Unix Makefiles" /home/maclab/Documents/ROS_WORKSPACES/WS_Master_Thesis/src/uc1_robot_controllers_interfaces /home/maclab/Documents/ROS_WORKSPACES/WS_Master_Thesis/build/uc1_robot_controllers_interfaces/uc1_robot_controllers_interfaces__py /home/maclab/Documents/ROS_WORKSPACES/WS_Master_Thesis/build/uc1_robot_controllers_interfaces /home/maclab/Documents/ROS_WORKSPACES/WS_Master_Thesis/build/uc1_robot_controllers_interfaces/uc1_robot_controllers_interfaces__py /home/maclab/Documents/ROS_WORKSPACES/WS_Master_Thesis/build/uc1_robot_controllers_interfaces/uc1_robot_controllers_interfaces__py/CMakeFiles/uc1_robot_controllers_interfaces__py.dir/DependInfo.cmake --color=
[0.997s] gmake[2]: Leaving directory '/home/maclab/Documents/ROS_WORKSPACES/WS_Master_Thesis/build/uc1_robot_controllers_interfaces'
[0.997s] /usr/bin/gmake  -f uc1_robot_controllers_interfaces__py/CMakeFiles/uc1_robot_controllers_interfaces__py.dir/build.make uc1_robot_controllers_interfaces__py/CMakeFiles/uc1_robot_controllers_interfaces__py.dir/build
[0.998s] gmake[2]: Entering directory '/home/maclab/Documents/ROS_WORKSPACES/WS_Master_Thesis/build/uc1_robot_controllers_interfaces'
[0.998s] gmake[2]: Nothing to be done for 'uc1_robot_controllers_interfaces__py/CMakeFiles/uc1_robot_controllers_interfaces__py.dir/build'.
[0.998s] gmake[2]: Leaving directory '/home/maclab/Documents/ROS_WORKSPACES/WS_Master_Thesis/build/uc1_robot_controllers_interfaces'
[1.003s] [ 80%] Built target uc1_robot_controllers_interfaces__py
[1.003s] /usr/bin/gmake  -f CMakeFiles/uc1_robot_controllers_interfaces__rosidl_generator_py.dir/build.make CMakeFiles/uc1_robot_controllers_interfaces__rosidl_generator_py.dir/depend
[1.004s] gmake[2]: Entering directory '/home/maclab/Documents/ROS_WORKSPACES/WS_Master_Thesis/build/uc1_robot_controllers_interfaces'
[1.004s] cd /home/maclab/Documents/ROS_WORKSPACES/WS_Master_Thesis/build/uc1_robot_controllers_interfaces && /usr/bin/cmake -E cmake_depends "Unix Makefiles" /home/maclab/Documents/ROS_WORKSPACES/WS_Master_Thesis/src/uc1_robot_controllers_interfaces /home/maclab/Documents/ROS_WORKSPACES/WS_Master_Thesis/src/uc1_robot_controllers_interfaces /home/maclab/Documents/ROS_WORKSPACES/WS_Master_Thesis/build/uc1_robot_controllers_interfaces /home/maclab/Documents/ROS_WORKSPACES/WS_Master_Thesis/build/uc1_robot_controllers_interfaces /home/maclab/Documents/ROS_WORKSPACES/WS_Master_Thesis/build/uc1_robot_controllers_interfaces/CMakeFiles/uc1_robot_controllers_interfaces__rosidl_generator_py.dir/DependInfo.cmake --color=
[1.009s] Dependencies file "CMakeFiles/uc1_robot_controllers_interfaces__rosidl_generator_py.dir/rosidl_generator_py/uc1_robot_controllers_interfaces/action/_move_robot_s.c.o.d" is newer than depends file "/home/maclab/Documents/ROS_WORKSPACES/WS_Master_Thesis/build/uc1_robot_controllers_interfaces/CMakeFiles/uc1_robot_controllers_interfaces__rosidl_generator_py.dir/compiler_depend.internal".
[1.009s] Dependencies file "CMakeFiles/uc1_robot_controllers_interfaces__rosidl_generator_py.dir/rosidl_generator_py/uc1_robot_controllers_interfaces/action/_move_robot_tp_s.c.o.d" is newer than depends file "/home/maclab/Documents/ROS_WORKSPACES/WS_Master_Thesis/build/uc1_robot_controllers_interfaces/CMakeFiles/uc1_robot_controllers_interfaces__rosidl_generator_py.dir/compiler_depend.internal".
[1.009s] Dependencies file "CMakeFiles/uc1_robot_controllers_interfaces__rosidl_generator_py.dir/rosidl_generator_py/uc1_robot_controllers_interfaces/msg/_move_robot_goal_s.c.o.d" is newer than depends file "/home/maclab/Documents/ROS_WORKSPACES/WS_Master_Thesis/build/uc1_robot_controllers_interfaces/CMakeFiles/uc1_robot_controllers_interfaces__rosidl_generator_py.dir/compiler_depend.internal".
[1.009s] Dependencies file "CMakeFiles/uc1_robot_controllers_interfaces__rosidl_generator_py.dir/rosidl_generator_py/uc1_robot_controllers_interfaces/msg/_move_robot_orient_s.c.o.d" is newer than depends file "/home/maclab/Documents/ROS_WORKSPACES/WS_Master_Thesis/build/uc1_robot_controllers_interfaces/CMakeFiles/uc1_robot_controllers_interfaces__rosidl_generator_py.dir/compiler_depend.internal".
[1.009s] Dependencies file "CMakeFiles/uc1_robot_controllers_interfaces__rosidl_generator_py.dir/rosidl_generator_py/uc1_robot_controllers_interfaces/msg/_move_robot_point_s.c.o.d" is newer than depends file "/home/maclab/Documents/ROS_WORKSPACES/WS_Master_Thesis/build/uc1_robot_controllers_interfaces/CMakeFiles/uc1_robot_controllers_interfaces__rosidl_generator_py.dir/compiler_depend.internal".
[1.010s] [35m[1mConsolidate compiler generated dependencies of target uc1_robot_controllers_interfaces__rosidl_generator_py[0m
[1.012s] gmake[2]: Leaving directory '/home/maclab/Documents/ROS_WORKSPACES/WS_Master_Thesis/build/uc1_robot_controllers_interfaces'
[1.012s] /usr/bin/gmake  -f CMakeFiles/uc1_robot_controllers_interfaces__rosidl_generator_py.dir/build.make CMakeFiles/uc1_robot_controllers_interfaces__rosidl_generator_py.dir/build
[1.014s] gmake[2]: Entering directory '/home/maclab/Documents/ROS_WORKSPACES/WS_Master_Thesis/build/uc1_robot_controllers_interfaces'
[1.014s] gmake[2]: Nothing to be done for 'CMakeFiles/uc1_robot_controllers_interfaces__rosidl_generator_py.dir/build'.
[1.014s] gmake[2]: Leaving directory '/home/maclab/Documents/ROS_WORKSPACES/WS_Master_Thesis/build/uc1_robot_controllers_interfaces'
[1.019s] [ 90%] Built target uc1_robot_controllers_interfaces__rosidl_generator_py
[1.019s] /usr/bin/gmake  -f CMakeFiles/uc1_robot_controllers_interfaces__rosidl_typesupport_fastrtps_c__pyext.dir/build.make CMakeFiles/uc1_robot_controllers_interfaces__rosidl_typesupport_fastrtps_c__pyext.dir/depend
[1.019s] /usr/bin/gmake  -f CMakeFiles/uc1_robot_controllers_interfaces__rosidl_typesupport_introspection_c__pyext.dir/build.make CMakeFiles/uc1_robot_controllers_interfaces__rosidl_typesupport_introspection_c__pyext.dir/depend
[1.019s] /usr/bin/gmake  -f CMakeFiles/uc1_robot_controllers_interfaces__rosidl_typesupport_c__pyext.dir/build.make CMakeFiles/uc1_robot_controllers_interfaces__rosidl_typesupport_c__pyext.dir/depend
[1.020s] gmake[2]: Entering directory '/home/maclab/Documents/ROS_WORKSPACES/WS_Master_Thesis/build/uc1_robot_controllers_interfaces'
[1.020s] cd /home/maclab/Documents/ROS_WORKSPACES/WS_Master_Thesis/build/uc1_robot_controllers_interfaces && /usr/bin/cmake -E cmake_depends "Unix Makefiles" /home/maclab/Documents/ROS_WORKSPACES/WS_Master_Thesis/src/uc1_robot_controllers_interfaces /home/maclab/Documents/ROS_WORKSPACES/WS_Master_Thesis/src/uc1_robot_controllers_interfaces /home/maclab/Documents/ROS_WORKSPACES/WS_Master_Thesis/build/uc1_robot_controllers_interfaces /home/maclab/Documents/ROS_WORKSPACES/WS_Master_Thesis/build/uc1_robot_controllers_interfaces /home/maclab/Documents/ROS_WORKSPACES/WS_Master_Thesis/build/uc1_robot_controllers_interfaces/CMakeFiles/uc1_robot_controllers_interfaces__rosidl_typesupport_fastrtps_c__pyext.dir/DependInfo.cmake --color=
[1.020s] gmake[2]: Entering directory '/home/maclab/Documents/ROS_WORKSPACES/WS_Master_Thesis/build/uc1_robot_controllers_interfaces'
[1.020s] cd /home/maclab/Documents/ROS_WORKSPACES/WS_Master_Thesis/build/uc1_robot_controllers_interfaces && /usr/bin/cmake -E cmake_depends "Unix Makefiles" /home/maclab/Documents/ROS_WORKSPACES/WS_Master_Thesis/src/uc1_robot_controllers_interfaces /home/maclab/Documents/ROS_WORKSPACES/WS_Master_Thesis/src/uc1_robot_controllers_interfaces /home/maclab/Documents/ROS_WORKSPACES/WS_Master_Thesis/build/uc1_robot_controllers_interfaces /home/maclab/Documents/ROS_WORKSPACES/WS_Master_Thesis/build/uc1_robot_controllers_interfaces /home/maclab/Documents/ROS_WORKSPACES/WS_Master_Thesis/build/uc1_robot_controllers_interfaces/CMakeFiles/uc1_robot_controllers_interfaces__rosidl_typesupport_c__pyext.dir/DependInfo.cmake --color=
[1.020s] gmake[2]: Entering directory '/home/maclab/Documents/ROS_WORKSPACES/WS_Master_Thesis/build/uc1_robot_controllers_interfaces'
[1.020s] cd /home/maclab/Documents/ROS_WORKSPACES/WS_Master_Thesis/build/uc1_robot_controllers_interfaces && /usr/bin/cmake -E cmake_depends "Unix Makefiles" /home/maclab/Documents/ROS_WORKSPACES/WS_Master_Thesis/src/uc1_robot_controllers_interfaces /home/maclab/Documents/ROS_WORKSPACES/WS_Master_Thesis/src/uc1_robot_controllers_interfaces /home/maclab/Documents/ROS_WORKSPACES/WS_Master_Thesis/build/uc1_robot_controllers_interfaces /home/maclab/Documents/ROS_WORKSPACES/WS_Master_Thesis/build/uc1_robot_controllers_interfaces /home/maclab/Documents/ROS_WORKSPACES/WS_Master_Thesis/build/uc1_robot_controllers_interfaces/CMakeFiles/uc1_robot_controllers_interfaces__rosidl_typesupport_introspection_c__pyext.dir/DependInfo.cmake --color=
[1.024s] Dependencies file "CMakeFiles/uc1_robot_controllers_interfaces__rosidl_typesupport_fastrtps_c__pyext.dir/rosidl_generator_py/uc1_robot_controllers_interfaces/_uc1_robot_controllers_interfaces_s.ep.rosidl_typesupport_fastrtps_c.c.o.d" is newer than depends file "/home/maclab/Documents/ROS_WORKSPACES/WS_Master_Thesis/build/uc1_robot_controllers_interfaces/CMakeFiles/uc1_robot_controllers_interfaces__rosidl_typesupport_fastrtps_c__pyext.dir/compiler_depend.internal".
[1.024s] Dependencies file "CMakeFiles/uc1_robot_controllers_interfaces__rosidl_typesupport_c__pyext.dir/rosidl_generator_py/uc1_robot_controllers_interfaces/_uc1_robot_controllers_interfaces_s.ep.rosidl_typesupport_c.c.o.d" is newer than depends file "/home/maclab/Documents/ROS_WORKSPACES/WS_Master_Thesis/build/uc1_robot_controllers_interfaces/CMakeFiles/uc1_robot_controllers_interfaces__rosidl_typesupport_c__pyext.dir/compiler_depend.internal".
[1.024s] [35m[1mConsolidate compiler generated dependencies of target uc1_robot_controllers_interfaces__rosidl_typesupport_fastrtps_c__pyext[0m
[1.024s] [35m[1mConsolidate compiler generated dependencies of target uc1_robot_controllers_interfaces__rosidl_typesupport_c__pyext[0m
[1.024s] gmake[2]: Leaving directory '/home/maclab/Documents/ROS_WORKSPACES/WS_Master_Thesis/build/uc1_robot_controllers_interfaces'
[1.024s] gmake[2]: Leaving directory '/home/maclab/Documents/ROS_WORKSPACES/WS_Master_Thesis/build/uc1_robot_controllers_interfaces'
[1.025s] /usr/bin/gmake  -f CMakeFiles/uc1_robot_controllers_interfaces__rosidl_typesupport_fastrtps_c__pyext.dir/build.make CMakeFiles/uc1_robot_controllers_interfaces__rosidl_typesupport_fastrtps_c__pyext.dir/build
[1.025s] /usr/bin/gmake  -f CMakeFiles/uc1_robot_controllers_interfaces__rosidl_typesupport_c__pyext.dir/build.make CMakeFiles/uc1_robot_controllers_interfaces__rosidl_typesupport_c__pyext.dir/build
[1.025s] Dependencies file "CMakeFiles/uc1_robot_controllers_interfaces__rosidl_typesupport_introspection_c__pyext.dir/rosidl_generator_py/uc1_robot_controllers_interfaces/_uc1_robot_controllers_interfaces_s.ep.rosidl_typesupport_introspection_c.c.o.d" is newer than depends file "/home/maclab/Documents/ROS_WORKSPACES/WS_Master_Thesis/build/uc1_robot_controllers_interfaces/CMakeFiles/uc1_robot_controllers_interfaces__rosidl_typesupport_introspection_c__pyext.dir/compiler_depend.internal".
[1.025s] [35m[1mConsolidate compiler generated dependencies of target uc1_robot_controllers_interfaces__rosidl_typesupport_introspection_c__pyext[0m
[1.026s] gmake[2]: Entering directory '/home/maclab/Documents/ROS_WORKSPACES/WS_Master_Thesis/build/uc1_robot_controllers_interfaces'
[1.026s] gmake[2]: Nothing to be done for 'CMakeFiles/uc1_robot_controllers_interfaces__rosidl_typesupport_fastrtps_c__pyext.dir/build'.
[1.026s] gmake[2]: Leaving directory '/home/maclab/Documents/ROS_WORKSPACES/WS_Master_Thesis/build/uc1_robot_controllers_interfaces'
[1.026s] gmake[2]: Entering directory '/home/maclab/Documents/ROS_WORKSPACES/WS_Master_Thesis/build/uc1_robot_controllers_interfaces'
[1.026s] gmake[2]: Nothing to be done for 'CMakeFiles/uc1_robot_controllers_interfaces__rosidl_typesupport_c__pyext.dir/build'.
[1.026s] gmake[2]: Leaving directory '/home/maclab/Documents/ROS_WORKSPACES/WS_Master_Thesis/build/uc1_robot_controllers_interfaces'
[1.026s] gmake[2]: Leaving directory '/home/maclab/Documents/ROS_WORKSPACES/WS_Master_Thesis/build/uc1_robot_controllers_interfaces'
[1.027s] /usr/bin/gmake  -f CMakeFiles/uc1_robot_controllers_interfaces__rosidl_typesupport_introspection_c__pyext.dir/build.make CMakeFiles/uc1_robot_controllers_interfaces__rosidl_typesupport_introspection_c__pyext.dir/build
[1.028s] gmake[2]: Entering directory '/home/maclab/Documents/ROS_WORKSPACES/WS_Master_Thesis/build/uc1_robot_controllers_interfaces'
[1.028s] gmake[2]: Nothing to be done for 'CMakeFiles/uc1_robot_controllers_interfaces__rosidl_typesupport_introspection_c__pyext.dir/build'.
[1.028s] gmake[2]: Leaving directory '/home/maclab/Documents/ROS_WORKSPACES/WS_Master_Thesis/build/uc1_robot_controllers_interfaces'
[1.031s] [ 93%] Built target uc1_robot_controllers_interfaces__rosidl_typesupport_c__pyext
[1.031s] [ 96%] Built target uc1_robot_controllers_interfaces__rosidl_typesupport_fastrtps_c__pyext
[1.037s] [100%] Built target uc1_robot_controllers_interfaces__rosidl_typesupport_introspection_c__pyext
[1.080s] running egg_info
[1.080s] writing uc1_robot_controllers_interfaces.egg-info/PKG-INFO
[1.080s] writing dependency_links to uc1_robot_controllers_interfaces.egg-info/dependency_links.txt
[1.080s] writing top-level names to uc1_robot_controllers_interfaces.egg-info/top_level.txt
[1.081s] reading manifest file 'uc1_robot_controllers_interfaces.egg-info/SOURCES.txt'
[1.081s] writing manifest file 'uc1_robot_controllers_interfaces.egg-info/SOURCES.txt'
[1.089s] gmake[2]: Leaving directory '/home/maclab/Documents/ROS_WORKSPACES/WS_Master_Thesis/build/uc1_robot_controllers_interfaces'
[1.094s] [100%] Built target ament_cmake_python_build_uc1_robot_controllers_interfaces_egg
[1.094s] gmake[1]: Leaving directory '/home/maclab/Documents/ROS_WORKSPACES/WS_Master_Thesis/build/uc1_robot_controllers_interfaces'
[1.094s] /usr/bin/cmake -E cmake_progress_start /home/maclab/Documents/ROS_WORKSPACES/WS_Master_Thesis/build/uc1_robot_controllers_interfaces/CMakeFiles 0
[1.101s] Invoked command in '/home/maclab/Documents/ROS_WORKSPACES/WS_Master_Thesis/build/uc1_robot_controllers_interfaces' returned '0': CMAKE_PREFIX_PATH=/opt/ros/humble /usr/bin/cmake --build /home/maclab/Documents/ROS_WORKSPACES/WS_Master_Thesis/build/uc1_robot_controllers_interfaces -- -j32 -l32
[1.102s] Invoking command in '/home/maclab/Documents/ROS_WORKSPACES/WS_Master_Thesis/build/uc1_robot_controllers_interfaces': CMAKE_PREFIX_PATH=/opt/ros/humble /usr/bin/cmake --install /home/maclab/Documents/ROS_WORKSPACES/WS_Master_Thesis/build/uc1_robot_controllers_interfaces
[1.106s] -- Install configuration: ""
[1.106s] -- Up-to-date: /home/maclab/Documents/ROS_WORKSPACES/WS_Master_Thesis/install/uc1_robot_controllers_interfaces/share/ament_index/resource_index/rosidl_interfaces/uc1_robot_controllers_interfaces
[1.106s] -- Up-to-date: /home/maclab/Documents/ROS_WORKSPACES/WS_Master_Thesis/install/uc1_robot_controllers_interfaces/include/uc1_robot_controllers_interfaces/uc1_robot_controllers_interfaces
[1.106s] -- Up-to-date: /home/maclab/Documents/ROS_WORKSPACES/WS_Master_Thesis/install/uc1_robot_controllers_interfaces/include/uc1_robot_controllers_interfaces/uc1_robot_controllers_interfaces/msg
[1.106s] -- Up-to-date: /home/maclab/Documents/ROS_WORKSPACES/WS_Master_Thesis/install/uc1_robot_controllers_interfaces/include/uc1_robot_controllers_interfaces/uc1_robot_controllers_interfaces/msg/rosidl_generator_c__visibility_control.h
[1.106s] -- Up-to-date: /home/maclab/Documents/ROS_WORKSPACES/WS_Master_Thesis/install/uc1_robot_controllers_interfaces/include/uc1_robot_controllers_interfaces/uc1_robot_controllers_interfaces/msg/move_robot_point.h
[1.106s] -- Up-to-date: /home/maclab/Documents/ROS_WORKSPACES/WS_Master_Thesis/install/uc1_robot_controllers_interfaces/include/uc1_robot_controllers_interfaces/uc1_robot_controllers_interfaces/msg/detail
[1.106s] -- Up-to-date: /home/maclab/Documents/ROS_WORKSPACES/WS_Master_Thesis/install/uc1_robot_controllers_interfaces/include/uc1_robot_controllers_interfaces/uc1_robot_controllers_interfaces/msg/detail/move_robot_goal__functions.c
[1.106s] -- Up-to-date: /home/maclab/Documents/ROS_WORKSPACES/WS_Master_Thesis/install/uc1_robot_controllers_interfaces/include/uc1_robot_controllers_interfaces/uc1_robot_controllers_interfaces/msg/detail/move_robot_orient__functions.c
[1.106s] -- Up-to-date: /home/maclab/Documents/ROS_WORKSPACES/WS_Master_Thesis/install/uc1_robot_controllers_interfaces/include/uc1_robot_controllers_interfaces/uc1_robot_controllers_interfaces/msg/detail/move_robot_goal__type_support.h
[1.106s] -- Up-to-date: /home/maclab/Documents/ROS_WORKSPACES/WS_Master_Thesis/install/uc1_robot_controllers_interfaces/include/uc1_robot_controllers_interfaces/uc1_robot_controllers_interfaces/msg/detail/move_robot_orient__struct.h
[1.106s] -- Up-to-date: /home/maclab/Documents/ROS_WORKSPACES/WS_Master_Thesis/install/uc1_robot_controllers_interfaces/include/uc1_robot_controllers_interfaces/uc1_robot_controllers_interfaces/msg/detail/move_robot_orient__functions.h
[1.106s] -- Up-to-date: /home/maclab/Documents/ROS_WORKSPACES/WS_Master_Thesis/install/uc1_robot_controllers_interfaces/include/uc1_robot_controllers_interfaces/uc1_robot_controllers_interfaces/msg/detail/move_robot_goal__functions.h
[1.106s] -- Up-to-date: /home/maclab/Documents/ROS_WORKSPACES/WS_Master_Thesis/install/uc1_robot_controllers_interfaces/include/uc1_robot_controllers_interfaces/uc1_robot_controllers_interfaces/msg/detail/move_robot_goal__struct.h
[1.106s] -- Up-to-date: /home/maclab/Documents/ROS_WORKSPACES/WS_Master_Thesis/install/uc1_robot_controllers_interfaces/include/uc1_robot_controllers_interfaces/uc1_robot_controllers_interfaces/msg/detail/move_robot_point__type_support.h
[1.106s] -- Up-to-date: /home/maclab/Documents/ROS_WORKSPACES/WS_Master_Thesis/install/uc1_robot_controllers_interfaces/include/uc1_robot_controllers_interfaces/uc1_robot_controllers_interfaces/msg/detail/move_robot_orient__type_support.h
[1.107s] -- Up-to-date: /home/maclab/Documents/ROS_WORKSPACES/WS_Master_Thesis/install/uc1_robot_controllers_interfaces/include/uc1_robot_controllers_interfaces/uc1_robot_controllers_interfaces/msg/detail/move_robot_point__struct.h
[1.107s] -- Up-to-date: /home/maclab/Documents/ROS_WORKSPACES/WS_Master_Thesis/install/uc1_robot_controllers_interfaces/include/uc1_robot_controllers_interfaces/uc1_robot_controllers_interfaces/msg/detail/move_robot_point__functions.c
[1.107s] -- Up-to-date: /home/maclab/Documents/ROS_WORKSPACES/WS_Master_Thesis/install/uc1_robot_controllers_interfaces/include/uc1_robot_controllers_interfaces/uc1_robot_controllers_interfaces/msg/detail/move_robot_point__functions.h
[1.107s] -- Up-to-date: /home/maclab/Documents/ROS_WORKSPACES/WS_Master_Thesis/install/uc1_robot_controllers_interfaces/include/uc1_robot_controllers_interfaces/uc1_robot_controllers_interfaces/msg/move_robot_goal.h
[1.107s] -- Up-to-date: /home/maclab/Documents/ROS_WORKSPACES/WS_Master_Thesis/install/uc1_robot_controllers_interfaces/include/uc1_robot_controllers_interfaces/uc1_robot_controllers_interfaces/msg/move_robot_orient.h
[1.107s] -- Up-to-date: /home/maclab/Documents/ROS_WORKSPACES/WS_Master_Thesis/install/uc1_robot_controllers_interfaces/include/uc1_robot_controllers_interfaces/uc1_robot_controllers_interfaces/action
[1.107s] -- Up-to-date: /home/maclab/Documents/ROS_WORKSPACES/WS_Master_Thesis/install/uc1_robot_controllers_interfaces/include/uc1_robot_controllers_interfaces/uc1_robot_controllers_interfaces/action/move_robot.h
[1.107s] -- Up-to-date: /home/maclab/Documents/ROS_WORKSPACES/WS_Master_Thesis/install/uc1_robot_controllers_interfaces/include/uc1_robot_controllers_interfaces/uc1_robot_controllers_interfaces/action/detail
[1.107s] -- Up-to-date: /home/maclab/Documents/ROS_WORKSPACES/WS_Master_Thesis/install/uc1_robot_controllers_interfaces/include/uc1_robot_controllers_interfaces/uc1_robot_controllers_interfaces/action/detail/move_robot__struct.h
[1.107s] -- Up-to-date: /home/maclab/Documents/ROS_WORKSPACES/WS_Master_Thesis/install/uc1_robot_controllers_interfaces/include/uc1_robot_controllers_interfaces/uc1_robot_controllers_interfaces/action/detail/move_robot__functions.h
[1.107s] -- Up-to-date: /home/maclab/Documents/ROS_WORKSPACES/WS_Master_Thesis/install/uc1_robot_controllers_interfaces/include/uc1_robot_controllers_interfaces/uc1_robot_controllers_interfaces/action/detail/move_robot_tp__type_support.h
[1.107s] -- Up-to-date: /home/maclab/Documents/ROS_WORKSPACES/WS_Master_Thesis/install/uc1_robot_controllers_interfaces/include/uc1_robot_controllers_interfaces/uc1_robot_controllers_interfaces/action/detail/move_robot__functions.c
[1.107s] -- Up-to-date: /home/maclab/Documents/ROS_WORKSPACES/WS_Master_Thesis/install/uc1_robot_controllers_interfaces/include/uc1_robot_controllers_interfaces/uc1_robot_controllers_interfaces/action/detail/move_robot_tp__functions.h
[1.107s] -- Up-to-date: /home/maclab/Documents/ROS_WORKSPACES/WS_Master_Thesis/install/uc1_robot_controllers_interfaces/include/uc1_robot_controllers_interfaces/uc1_robot_controllers_interfaces/action/detail/move_robot__type_support.h
[1.107s] -- Up-to-date: /home/maclab/Documents/ROS_WORKSPACES/WS_Master_Thesis/install/uc1_robot_controllers_interfaces/include/uc1_robot_controllers_interfaces/uc1_robot_controllers_interfaces/action/detail/move_robot_tp__struct.h
[1.107s] -- Up-to-date: /home/maclab/Documents/ROS_WORKSPACES/WS_Master_Thesis/install/uc1_robot_controllers_interfaces/include/uc1_robot_controllers_interfaces/uc1_robot_controllers_interfaces/action/detail/move_robot_tp__functions.c
[1.107s] -- Up-to-date: /home/maclab/Documents/ROS_WORKSPACES/WS_Master_Thesis/install/uc1_robot_controllers_interfaces/include/uc1_robot_controllers_interfaces/uc1_robot_controllers_interfaces/action/move_robot_tp.h
[1.107s] -- Up-to-date: /home/maclab/Documents/ROS_WORKSPACES/WS_Master_Thesis/install/uc1_robot_controllers_interfaces/share/uc1_robot_controllers_interfaces/environment/library_path.sh
[1.107s] -- Installing: /home/maclab/Documents/ROS_WORKSPACES/WS_Master_Thesis/install/uc1_robot_controllers_interfaces/share/uc1_robot_controllers_interfaces/environment/library_path.dsv
[1.107s] -- Up-to-date: /home/maclab/Documents/ROS_WORKSPACES/WS_Master_Thesis/install/uc1_robot_controllers_interfaces/lib/libuc1_robot_controllers_interfaces__rosidl_generator_c.so
[1.107s] -- Up-to-date: /home/maclab/Documents/ROS_WORKSPACES/WS_Master_Thesis/install/uc1_robot_controllers_interfaces/include/uc1_robot_controllers_interfaces/uc1_robot_controllers_interfaces
[1.107s] -- Up-to-date: /home/maclab/Documents/ROS_WORKSPACES/WS_Master_Thesis/install/uc1_robot_controllers_interfaces/include/uc1_robot_controllers_interfaces/uc1_robot_controllers_interfaces/msg
[1.107s] -- Up-to-date: /home/maclab/Documents/ROS_WORKSPACES/WS_Master_Thesis/install/uc1_robot_controllers_interfaces/include/uc1_robot_controllers_interfaces/uc1_robot_controllers_interfaces/msg/rosidl_typesupport_fastrtps_c__visibility_control.h
[1.107s] -- Up-to-date: /home/maclab/Documents/ROS_WORKSPACES/WS_Master_Thesis/install/uc1_robot_controllers_interfaces/include/uc1_robot_controllers_interfaces/uc1_robot_controllers_interfaces/msg/detail
[1.107s] -- Up-to-date: /home/maclab/Documents/ROS_WORKSPACES/WS_Master_Thesis/install/uc1_robot_controllers_interfaces/include/uc1_robot_controllers_interfaces/uc1_robot_controllers_interfaces/msg/detail/move_robot_orient__rosidl_typesupport_fastrtps_c.h
[1.107s] -- Up-to-date: /home/maclab/Documents/ROS_WORKSPACES/WS_Master_Thesis/install/uc1_robot_controllers_interfaces/include/uc1_robot_controllers_interfaces/uc1_robot_controllers_interfaces/msg/detail/move_robot_point__rosidl_typesupport_fastrtps_c.h
[1.107s] -- Up-to-date: /home/maclab/Documents/ROS_WORKSPACES/WS_Master_Thesis/install/uc1_robot_controllers_interfaces/include/uc1_robot_controllers_interfaces/uc1_robot_controllers_interfaces/msg/detail/move_robot_goal__rosidl_typesupport_fastrtps_c.h
[1.107s] -- Up-to-date: /home/maclab/Documents/ROS_WORKSPACES/WS_Master_Thesis/install/uc1_robot_controllers_interfaces/include/uc1_robot_controllers_interfaces/uc1_robot_controllers_interfaces/action
[1.107s] -- Up-to-date: /home/maclab/Documents/ROS_WORKSPACES/WS_Master_Thesis/install/uc1_robot_controllers_interfaces/include/uc1_robot_controllers_interfaces/uc1_robot_controllers_interfaces/action/detail
[1.107s] -- Up-to-date: /home/maclab/Documents/ROS_WORKSPACES/WS_Master_Thesis/install/uc1_robot_controllers_interfaces/include/uc1_robot_controllers_interfaces/uc1_robot_controllers_interfaces/action/detail/move_robot__rosidl_typesupport_fastrtps_c.h
[1.107s] -- Up-to-date: /home/maclab/Documents/ROS_WORKSPACES/WS_Master_Thesis/install/uc1_robot_controllers_interfaces/include/uc1_robot_controllers_interfaces/uc1_robot_controllers_interfaces/action/detail/move_robot_tp__rosidl_typesupport_fastrtps_c.h
[1.107s] -- Up-to-date: /home/maclab/Documents/ROS_WORKSPACES/WS_Master_Thesis/install/uc1_robot_controllers_interfaces/lib/libuc1_robot_controllers_interfaces__rosidl_typesupport_fastrtps_c.so
[1.107s] -- Up-to-date: /home/maclab/Documents/ROS_WORKSPACES/WS_Master_Thesis/install/uc1_robot_controllers_interfaces/include/uc1_robot_controllers_interfaces/uc1_robot_controllers_interfaces
[1.108s] -- Up-to-date: /home/maclab/Documents/ROS_WORKSPACES/WS_Master_Thesis/install/uc1_robot_controllers_interfaces/include/uc1_robot_controllers_interfaces/uc1_robot_controllers_interfaces/msg
[1.108s] -- Up-to-date: /home/maclab/Documents/ROS_WORKSPACES/WS_Master_Thesis/install/uc1_robot_controllers_interfaces/include/uc1_robot_controllers_interfaces/uc1_robot_controllers_interfaces/msg/rosidl_generator_cpp__visibility_control.hpp
[1.108s] -- Up-to-date: /home/maclab/Documents/ROS_WORKSPACES/WS_Master_Thesis/install/uc1_robot_controllers_interfaces/include/uc1_robot_controllers_interfaces/uc1_robot_controllers_interfaces/msg/move_robot_point.hpp
[1.108s] -- Up-to-date: /home/maclab/Documents/ROS_WORKSPACES/WS_Master_Thesis/install/uc1_robot_controllers_interfaces/include/uc1_robot_controllers_interfaces/uc1_robot_controllers_interfaces/msg/detail
[1.108s] -- Up-to-date: /home/maclab/Documents/ROS_WORKSPACES/WS_Master_Thesis/install/uc1_robot_controllers_interfaces/include/uc1_robot_controllers_interfaces/uc1_robot_controllers_interfaces/msg/detail/move_robot_goal__struct.hpp
[1.108s] -- Up-to-date: /home/maclab/Documents/ROS_WORKSPACES/WS_Master_Thesis/install/uc1_robot_controllers_interfaces/include/uc1_robot_controllers_interfaces/uc1_robot_controllers_interfaces/msg/detail/move_robot_goal__type_support.hpp
[1.108s] -- Up-to-date: /home/maclab/Documents/ROS_WORKSPACES/WS_Master_Thesis/install/uc1_robot_controllers_interfaces/include/uc1_robot_controllers_interfaces/uc1_robot_controllers_interfaces/msg/detail/move_robot_goal__builder.hpp
[1.108s] -- Up-to-date: /home/maclab/Documents/ROS_WORKSPACES/WS_Master_Thesis/install/uc1_robot_controllers_interfaces/include/uc1_robot_controllers_interfaces/uc1_robot_controllers_interfaces/msg/detail/move_robot_orient__type_support.hpp
[1.108s] -- Up-to-date: /home/maclab/Documents/ROS_WORKSPACES/WS_Master_Thesis/install/uc1_robot_controllers_interfaces/include/uc1_robot_controllers_interfaces/uc1_robot_controllers_interfaces/msg/detail/move_robot_orient__builder.hpp
[1.108s] -- Up-to-date: /home/maclab/Documents/ROS_WORKSPACES/WS_Master_Thesis/install/uc1_robot_controllers_interfaces/include/uc1_robot_controllers_interfaces/uc1_robot_controllers_interfaces/msg/detail/move_robot_point__builder.hpp
[1.108s] -- Up-to-date: /home/maclab/Documents/ROS_WORKSPACES/WS_Master_Thesis/install/uc1_robot_controllers_interfaces/include/uc1_robot_controllers_interfaces/uc1_robot_controllers_interfaces/msg/detail/move_robot_orient__struct.hpp
[1.108s] -- Up-to-date: /home/maclab/Documents/ROS_WORKSPACES/WS_Master_Thesis/install/uc1_robot_controllers_interfaces/include/uc1_robot_controllers_interfaces/uc1_robot_controllers_interfaces/msg/detail/move_robot_point__struct.hpp
[1.108s] -- Up-to-date: /home/maclab/Documents/ROS_WORKSPACES/WS_Master_Thesis/install/uc1_robot_controllers_interfaces/include/uc1_robot_controllers_interfaces/uc1_robot_controllers_interfaces/msg/detail/move_robot_point__traits.hpp
[1.108s] -- Up-to-date: /home/maclab/Documents/ROS_WORKSPACES/WS_Master_Thesis/install/uc1_robot_controllers_interfaces/include/uc1_robot_controllers_interfaces/uc1_robot_controllers_interfaces/msg/detail/move_robot_orient__traits.hpp
[1.108s] -- Up-to-date: /home/maclab/Documents/ROS_WORKSPACES/WS_Master_Thesis/install/uc1_robot_controllers_interfaces/include/uc1_robot_controllers_interfaces/uc1_robot_controllers_interfaces/msg/detail/move_robot_point__type_support.hpp
[1.108s] -- Up-to-date: /home/maclab/Documents/ROS_WORKSPACES/WS_Master_Thesis/install/uc1_robot_controllers_interfaces/include/uc1_robot_controllers_interfaces/uc1_robot_controllers_interfaces/msg/detail/move_robot_goal__traits.hpp
[1.108s] -- Up-to-date: /home/maclab/Documents/ROS_WORKSPACES/WS_Master_Thesis/install/uc1_robot_controllers_interfaces/include/uc1_robot_controllers_interfaces/uc1_robot_controllers_interfaces/msg/move_robot_orient.hpp
[1.108s] -- Up-to-date: /home/maclab/Documents/ROS_WORKSPACES/WS_Master_Thesis/install/uc1_robot_controllers_interfaces/include/uc1_robot_controllers_interfaces/uc1_robot_controllers_interfaces/msg/move_robot_goal.hpp
[1.108s] -- Up-to-date: /home/maclab/Documents/ROS_WORKSPACES/WS_Master_Thesis/install/uc1_robot_controllers_interfaces/include/uc1_robot_controllers_interfaces/uc1_robot_controllers_interfaces/action
[1.108s] -- Up-to-date: /home/maclab/Documents/ROS_WORKSPACES/WS_Master_Thesis/install/uc1_robot_controllers_interfaces/include/uc1_robot_controllers_interfaces/uc1_robot_controllers_interfaces/action/detail
[1.108s] -- Up-to-date: /home/maclab/Documents/ROS_WORKSPACES/WS_Master_Thesis/install/uc1_robot_controllers_interfaces/include/uc1_robot_controllers_interfaces/uc1_robot_controllers_interfaces/action/detail/move_robot__traits.hpp
[1.108s] -- Up-to-date: /home/maclab/Documents/ROS_WORKSPACES/WS_Master_Thesis/install/uc1_robot_controllers_interfaces/include/uc1_robot_controllers_interfaces/uc1_robot_controllers_interfaces/action/detail/move_robot__struct.hpp
[1.108s] -- Up-to-date: /home/maclab/Documents/ROS_WORKSPACES/WS_Master_Thesis/install/uc1_robot_controllers_interfaces/include/uc1_robot_controllers_interfaces/uc1_robot_controllers_interfaces/action/detail/move_robot_tp__struct.hpp
[1.108s] -- Up-to-date: /home/maclab/Documents/ROS_WORKSPACES/WS_Master_Thesis/install/uc1_robot_controllers_interfaces/include/uc1_robot_controllers_interfaces/uc1_robot_controllers_interfaces/action/detail/move_robot__builder.hpp
[1.108s] -- Up-to-date: /home/maclab/Documents/ROS_WORKSPACES/WS_Master_Thesis/install/uc1_robot_controllers_interfaces/include/uc1_robot_controllers_interfaces/uc1_robot_controllers_interfaces/action/detail/move_robot_tp__traits.hpp
[1.108s] -- Up-to-date: /home/maclab/Documents/ROS_WORKSPACES/WS_Master_Thesis/install/uc1_robot_controllers_interfaces/include/uc1_robot_controllers_interfaces/uc1_robot_controllers_interfaces/action/detail/move_robot__type_support.hpp
[1.108s] -- Up-to-date: /home/maclab/Documents/ROS_WORKSPACES/WS_Master_Thesis/install/uc1_robot_controllers_interfaces/include/uc1_robot_controllers_interfaces/uc1_robot_controllers_interfaces/action/detail/move_robot_tp__type_support.hpp
[1.108s] -- Up-to-date: /home/maclab/Documents/ROS_WORKSPACES/WS_Master_Thesis/install/uc1_robot_controllers_interfaces/include/uc1_robot_controllers_interfaces/uc1_robot_controllers_interfaces/action/detail/move_robot_tp__builder.hpp
[1.108s] -- Up-to-date: /home/maclab/Documents/ROS_WORKSPACES/WS_Master_Thesis/install/uc1_robot_controllers_interfaces/include/uc1_robot_controllers_interfaces/uc1_robot_controllers_interfaces/action/move_robot_tp.hpp
[1.108s] -- Up-to-date: /home/maclab/Documents/ROS_WORKSPACES/WS_Master_Thesis/install/uc1_robot_controllers_interfaces/include/uc1_robot_controllers_interfaces/uc1_robot_controllers_interfaces/action/move_robot.hpp
[1.108s] -- Up-to-date: /home/maclab/Documents/ROS_WORKSPACES/WS_Master_Thesis/install/uc1_robot_controllers_interfaces/include/uc1_robot_controllers_interfaces/uc1_robot_controllers_interfaces
[1.108s] -- Up-to-date: /home/maclab/Documents/ROS_WORKSPACES/WS_Master_Thesis/install/uc1_robot_controllers_interfaces/include/uc1_robot_controllers_interfaces/uc1_robot_controllers_interfaces/msg
[1.108s] -- Up-to-date: /home/maclab/Documents/ROS_WORKSPACES/WS_Master_Thesis/install/uc1_robot_controllers_interfaces/include/uc1_robot_controllers_interfaces/uc1_robot_controllers_interfaces/msg/detail
[1.108s] -- Up-to-date: /home/maclab/Documents/ROS_WORKSPACES/WS_Master_Thesis/install/uc1_robot_controllers_interfaces/include/uc1_robot_controllers_interfaces/uc1_robot_controllers_interfaces/msg/detail/move_robot_orient__rosidl_typesupport_fastrtps_cpp.hpp
[1.108s] -- Up-to-date: /home/maclab/Documents/ROS_WORKSPACES/WS_Master_Thesis/install/uc1_robot_controllers_interfaces/include/uc1_robot_controllers_interfaces/uc1_robot_controllers_interfaces/msg/detail/move_robot_point__rosidl_typesupport_fastrtps_cpp.hpp
[1.108s] -- Up-to-date: /home/maclab/Documents/ROS_WORKSPACES/WS_Master_Thesis/install/uc1_robot_controllers_interfaces/include/uc1_robot_controllers_interfaces/uc1_robot_controllers_interfaces/msg/detail/move_robot_goal__rosidl_typesupport_fastrtps_cpp.hpp
[1.108s] -- Up-to-date: /home/maclab/Documents/ROS_WORKSPACES/WS_Master_Thesis/install/uc1_robot_controllers_interfaces/include/uc1_robot_controllers_interfaces/uc1_robot_controllers_interfaces/msg/detail/dds_fastrtps
[1.108s] -- Up-to-date: /home/maclab/Documents/ROS_WORKSPACES/WS_Master_Thesis/install/uc1_robot_controllers_interfaces/include/uc1_robot_controllers_interfaces/uc1_robot_controllers_interfaces/msg/rosidl_typesupport_fastrtps_cpp__visibility_control.h
[1.108s] -- Up-to-date: /home/maclab/Documents/ROS_WORKSPACES/WS_Master_Thesis/install/uc1_robot_controllers_interfaces/include/uc1_robot_controllers_interfaces/uc1_robot_controllers_interfaces/action
[1.108s] -- Up-to-date: /home/maclab/Documents/ROS_WORKSPACES/WS_Master_Thesis/install/uc1_robot_controllers_interfaces/include/uc1_robot_controllers_interfaces/uc1_robot_controllers_interfaces/action/detail
[1.108s] -- Up-to-date: /home/maclab/Documents/ROS_WORKSPACES/WS_Master_Thesis/install/uc1_robot_controllers_interfaces/include/uc1_robot_controllers_interfaces/uc1_robot_controllers_interfaces/action/detail/move_robot__rosidl_typesupport_fastrtps_cpp.hpp
[1.108s] -- Up-to-date: /home/maclab/Documents/ROS_WORKSPACES/WS_Master_Thesis/install/uc1_robot_controllers_interfaces/include/uc1_robot_controllers_interfaces/uc1_robot_controllers_interfaces/action/detail/move_robot_tp__rosidl_typesupport_fastrtps_cpp.hpp
[1.108s] -- Up-to-date: /home/maclab/Documents/ROS_WORKSPACES/WS_Master_Thesis/install/uc1_robot_controllers_interfaces/include/uc1_robot_controllers_interfaces/uc1_robot_controllers_interfaces/action/detail/dds_fastrtps
[1.108s] -- Up-to-date: /home/maclab/Documents/ROS_WORKSPACES/WS_Master_Thesis/install/uc1_robot_controllers_interfaces/lib/libuc1_robot_controllers_interfaces__rosidl_typesupport_fastrtps_cpp.so
[1.108s] -- Up-to-date: /home/maclab/Documents/ROS_WORKSPACES/WS_Master_Thesis/install/uc1_robot_controllers_interfaces/include/uc1_robot_controllers_interfaces/uc1_robot_controllers_interfaces
[1.108s] -- Up-to-date: /home/maclab/Documents/ROS_WORKSPACES/WS_Master_Thesis/install/uc1_robot_controllers_interfaces/include/uc1_robot_controllers_interfaces/uc1_robot_controllers_interfaces/msg
[1.109s] -- Up-to-date: /home/maclab/Documents/ROS_WORKSPACES/WS_Master_Thesis/install/uc1_robot_controllers_interfaces/include/uc1_robot_controllers_interfaces/uc1_robot_controllers_interfaces/msg/rosidl_typesupport_introspection_c__visibility_control.h
[1.109s] -- Up-to-date: /home/maclab/Documents/ROS_WORKSPACES/WS_Master_Thesis/install/uc1_robot_controllers_interfaces/include/uc1_robot_controllers_interfaces/uc1_robot_controllers_interfaces/msg/detail
[1.109s] -- Up-to-date: /home/maclab/Documents/ROS_WORKSPACES/WS_Master_Thesis/install/uc1_robot_controllers_interfaces/include/uc1_robot_controllers_interfaces/uc1_robot_controllers_interfaces/msg/detail/move_robot_goal__rosidl_typesupport_introspection_c.h
[1.109s] -- Up-to-date: /home/maclab/Documents/ROS_WORKSPACES/WS_Master_Thesis/install/uc1_robot_controllers_interfaces/include/uc1_robot_controllers_interfaces/uc1_robot_controllers_interfaces/msg/detail/move_robot_point__rosidl_typesupport_introspection_c.h
[1.109s] -- Up-to-date: /home/maclab/Documents/ROS_WORKSPACES/WS_Master_Thesis/install/uc1_robot_controllers_interfaces/include/uc1_robot_controllers_interfaces/uc1_robot_controllers_interfaces/msg/detail/move_robot_point__type_support.c
[1.109s] -- Up-to-date: /home/maclab/Documents/ROS_WORKSPACES/WS_Master_Thesis/install/uc1_robot_controllers_interfaces/include/uc1_robot_controllers_interfaces/uc1_robot_controllers_interfaces/msg/detail/move_robot_goal__type_support.c
[1.109s] -- Up-to-date: /home/maclab/Documents/ROS_WORKSPACES/WS_Master_Thesis/install/uc1_robot_controllers_interfaces/include/uc1_robot_controllers_interfaces/uc1_robot_controllers_interfaces/msg/detail/move_robot_orient__rosidl_typesupport_introspection_c.h
[1.109s] -- Up-to-date: /home/maclab/Documents/ROS_WORKSPACES/WS_Master_Thesis/install/uc1_robot_controllers_interfaces/include/uc1_robot_controllers_interfaces/uc1_robot_controllers_interfaces/msg/detail/move_robot_orient__type_support.c
[1.109s] -- Up-to-date: /home/maclab/Documents/ROS_WORKSPACES/WS_Master_Thesis/install/uc1_robot_controllers_interfaces/include/uc1_robot_controllers_interfaces/uc1_robot_controllers_interfaces/action
[1.109s] -- Up-to-date: /home/maclab/Documents/ROS_WORKSPACES/WS_Master_Thesis/install/uc1_robot_controllers_interfaces/include/uc1_robot_controllers_interfaces/uc1_robot_controllers_interfaces/action/detail
[1.109s] -- Up-to-date: /home/maclab/Documents/ROS_WORKSPACES/WS_Master_Thesis/install/uc1_robot_controllers_interfaces/include/uc1_robot_controllers_interfaces/uc1_robot_controllers_interfaces/action/detail/move_robot__type_support.c
[1.109s] -- Up-to-date: /home/maclab/Documents/ROS_WORKSPACES/WS_Master_Thesis/install/uc1_robot_controllers_interfaces/include/uc1_robot_controllers_interfaces/uc1_robot_controllers_interfaces/action/detail/move_robot__rosidl_typesupport_introspection_c.h
[1.109s] -- Up-to-date: /home/maclab/Documents/ROS_WORKSPACES/WS_Master_Thesis/install/uc1_robot_controllers_interfaces/include/uc1_robot_controllers_interfaces/uc1_robot_controllers_interfaces/action/detail/move_robot_tp__type_support.c
[1.109s] -- Up-to-date: /home/maclab/Documents/ROS_WORKSPACES/WS_Master_Thesis/install/uc1_robot_controllers_interfaces/include/uc1_robot_controllers_interfaces/uc1_robot_controllers_interfaces/action/detail/move_robot_tp__rosidl_typesupport_introspection_c.h
[1.109s] -- Up-to-date: /home/maclab/Documents/ROS_WORKSPACES/WS_Master_Thesis/install/uc1_robot_controllers_interfaces/lib/libuc1_robot_controllers_interfaces__rosidl_typesupport_introspection_c.so
[1.109s] -- Up-to-date: /home/maclab/Documents/ROS_WORKSPACES/WS_Master_Thesis/install/uc1_robot_controllers_interfaces/lib/libuc1_robot_controllers_interfaces__rosidl_typesupport_c.so
[1.109s] -- Up-to-date: /home/maclab/Documents/ROS_WORKSPACES/WS_Master_Thesis/install/uc1_robot_controllers_interfaces/include/uc1_robot_controllers_interfaces/uc1_robot_controllers_interfaces
[1.109s] -- Up-to-date: /home/maclab/Documents/ROS_WORKSPACES/WS_Master_Thesis/install/uc1_robot_controllers_interfaces/include/uc1_robot_controllers_interfaces/uc1_robot_controllers_interfaces/msg
[1.109s] -- Up-to-date: /home/maclab/Documents/ROS_WORKSPACES/WS_Master_Thesis/install/uc1_robot_controllers_interfaces/include/uc1_robot_controllers_interfaces/uc1_robot_controllers_interfaces/msg/detail
[1.109s] -- Up-to-date: /home/maclab/Documents/ROS_WORKSPACES/WS_Master_Thesis/install/uc1_robot_controllers_interfaces/include/uc1_robot_controllers_interfaces/uc1_robot_controllers_interfaces/msg/detail/move_robot_orient__type_support.cpp
[1.109s] -- Up-to-date: /home/maclab/Documents/ROS_WORKSPACES/WS_Master_Thesis/install/uc1_robot_controllers_interfaces/include/uc1_robot_controllers_interfaces/uc1_robot_controllers_interfaces/msg/detail/move_robot_goal__rosidl_typesupport_introspection_cpp.hpp
[1.109s] -- Up-to-date: /home/maclab/Documents/ROS_WORKSPACES/WS_Master_Thesis/install/uc1_robot_controllers_interfaces/include/uc1_robot_controllers_interfaces/uc1_robot_controllers_interfaces/msg/detail/move_robot_orient__rosidl_typesupport_introspection_cpp.hpp
[1.109s] -- Up-to-date: /home/maclab/Documents/ROS_WORKSPACES/WS_Master_Thesis/install/uc1_robot_controllers_interfaces/include/uc1_robot_controllers_interfaces/uc1_robot_controllers_interfaces/msg/detail/move_robot_point__rosidl_typesupport_introspection_cpp.hpp
[1.109s] -- Up-to-date: /home/maclab/Documents/ROS_WORKSPACES/WS_Master_Thesis/install/uc1_robot_controllers_interfaces/include/uc1_robot_controllers_interfaces/uc1_robot_controllers_interfaces/msg/detail/move_robot_point__type_support.cpp
[1.109s] -- Up-to-date: /home/maclab/Documents/ROS_WORKSPACES/WS_Master_Thesis/install/uc1_robot_controllers_interfaces/include/uc1_robot_controllers_interfaces/uc1_robot_controllers_interfaces/msg/detail/move_robot_goal__type_support.cpp
[1.109s] -- Up-to-date: /home/maclab/Documents/ROS_WORKSPACES/WS_Master_Thesis/install/uc1_robot_controllers_interfaces/include/uc1_robot_controllers_interfaces/uc1_robot_controllers_interfaces/action
[1.109s] -- Up-to-date: /home/maclab/Documents/ROS_WORKSPACES/WS_Master_Thesis/install/uc1_robot_controllers_interfaces/include/uc1_robot_controllers_interfaces/uc1_robot_controllers_interfaces/action/detail
[1.109s] -- Up-to-date: /home/maclab/Documents/ROS_WORKSPACES/WS_Master_Thesis/install/uc1_robot_controllers_interfaces/include/uc1_robot_controllers_interfaces/uc1_robot_controllers_interfaces/action/detail/move_robot__rosidl_typesupport_introspection_cpp.hpp
[1.109s] -- Up-to-date: /home/maclab/Documents/ROS_WORKSPACES/WS_Master_Thesis/install/uc1_robot_controllers_interfaces/include/uc1_robot_controllers_interfaces/uc1_robot_controllers_interfaces/action/detail/move_robot_tp__type_support.cpp
[1.109s] -- Up-to-date: /home/maclab/Documents/ROS_WORKSPACES/WS_Master_Thesis/install/uc1_robot_controllers_interfaces/include/uc1_robot_controllers_interfaces/uc1_robot_controllers_interfaces/action/detail/move_robot_tp__rosidl_typesupport_introspection_cpp.hpp
[1.109s] -- Up-to-date: /home/maclab/Documents/ROS_WORKSPACES/WS_Master_Thesis/install/uc1_robot_controllers_interfaces/include/uc1_robot_controllers_interfaces/uc1_robot_controllers_interfaces/action/detail/move_robot__type_support.cpp
[1.109s] -- Up-to-date: /home/maclab/Documents/ROS_WORKSPACES/WS_Master_Thesis/install/uc1_robot_controllers_interfaces/lib/libuc1_robot_controllers_interfaces__rosidl_typesupport_introspection_cpp.so
[1.109s] -- Up-to-date: /home/maclab/Documents/ROS_WORKSPACES/WS_Master_Thesis/install/uc1_robot_controllers_interfaces/lib/libuc1_robot_controllers_interfaces__rosidl_typesupport_cpp.so
[1.109s] -- Up-to-date: /home/maclab/Documents/ROS_WORKSPACES/WS_Master_Thesis/install/uc1_robot_controllers_interfaces/share/uc1_robot_controllers_interfaces/environment/pythonpath.sh
[1.109s] -- Installing: /home/maclab/Documents/ROS_WORKSPACES/WS_Master_Thesis/install/uc1_robot_controllers_interfaces/share/uc1_robot_controllers_interfaces/environment/pythonpath.dsv
[1.109s] -- Up-to-date: /home/maclab/Documents/ROS_WORKSPACES/WS_Master_Thesis/install/uc1_robot_controllers_interfaces/local/lib/python3.10/dist-packages/uc1_robot_controllers_interfaces-0.0.0-py3.10.egg-info
[1.109s] -- Installing: /home/maclab/Documents/ROS_WORKSPACES/WS_Master_Thesis/install/uc1_robot_controllers_interfaces/local/lib/python3.10/dist-packages/uc1_robot_controllers_interfaces-0.0.0-py3.10.egg-info/dependency_links.txt
[1.109s] -- Installing: /home/maclab/Documents/ROS_WORKSPACES/WS_Master_Thesis/install/uc1_robot_controllers_interfaces/local/lib/python3.10/dist-packages/uc1_robot_controllers_interfaces-0.0.0-py3.10.egg-info/SOURCES.txt
[1.109s] -- Installing: /home/maclab/Documents/ROS_WORKSPACES/WS_Master_Thesis/install/uc1_robot_controllers_interfaces/local/lib/python3.10/dist-packages/uc1_robot_controllers_interfaces-0.0.0-py3.10.egg-info/PKG-INFO
[1.109s] -- Installing: /home/maclab/Documents/ROS_WORKSPACES/WS_Master_Thesis/install/uc1_robot_controllers_interfaces/local/lib/python3.10/dist-packages/uc1_robot_controllers_interfaces-0.0.0-py3.10.egg-info/top_level.txt
[1.109s] -- Up-to-date: /home/maclab/Documents/ROS_WORKSPACES/WS_Master_Thesis/install/uc1_robot_controllers_interfaces/local/lib/python3.10/dist-packages/uc1_robot_controllers_interfaces
[1.109s] -- Installing: /home/maclab/Documents/ROS_WORKSPACES/WS_Master_Thesis/install/uc1_robot_controllers_interfaces/local/lib/python3.10/dist-packages/uc1_robot_controllers_interfaces/__init__.py
[1.109s] -- Up-to-date: /home/maclab/Documents/ROS_WORKSPACES/WS_Master_Thesis/install/uc1_robot_controllers_interfaces/local/lib/python3.10/dist-packages/uc1_robot_controllers_interfaces/_uc1_robot_controllers_interfaces_s.ep.rosidl_typesupport_introspection_c.c
[1.109s] -- Up-to-date: /home/maclab/Documents/ROS_WORKSPACES/WS_Master_Thesis/install/uc1_robot_controllers_interfaces/local/lib/python3.10/dist-packages/uc1_robot_controllers_interfaces/uc1_robot_controllers_interfaces_s__rosidl_typesupport_introspection_c.cpython-310-x86_64-linux-gnu.so
[1.109s] -- Up-to-date: /home/maclab/Documents/ROS_WORKSPACES/WS_Master_Thesis/install/uc1_robot_controllers_interfaces/local/lib/python3.10/dist-packages/uc1_robot_controllers_interfaces/_uc1_robot_controllers_interfaces_s.ep.rosidl_typesupport_fastrtps_c.c
[1.109s] -- Up-to-date: /home/maclab/Documents/ROS_WORKSPACES/WS_Master_Thesis/install/uc1_robot_controllers_interfaces/local/lib/python3.10/dist-packages/uc1_robot_controllers_interfaces/msg
[1.109s] -- Up-to-date: /home/maclab/Documents/ROS_WORKSPACES/WS_Master_Thesis/install/uc1_robot_controllers_interfaces/local/lib/python3.10/dist-packages/uc1_robot_controllers_interfaces/msg/__init__.py
[1.109s] -- Up-to-date: /home/maclab/Documents/ROS_WORKSPACES/WS_Master_Thesis/install/uc1_robot_controllers_interfaces/local/lib/python3.10/dist-packages/uc1_robot_controllers_interfaces/msg/_move_robot_goal_s.c
[1.109s] -- Up-to-date: /home/maclab/Documents/ROS_WORKSPACES/WS_Master_Thesis/install/uc1_robot_controllers_interfaces/local/lib/python3.10/dist-packages/uc1_robot_controllers_interfaces/msg/_move_robot_orient_s.c
[1.109s] -- Up-to-date: /home/maclab/Documents/ROS_WORKSPACES/WS_Master_Thesis/install/uc1_robot_controllers_interfaces/local/lib/python3.10/dist-packages/uc1_robot_controllers_interfaces/msg/_move_robot_point.py
[1.109s] -- Up-to-date: /home/maclab/Documents/ROS_WORKSPACES/WS_Master_Thesis/install/uc1_robot_controllers_interfaces/local/lib/python3.10/dist-packages/uc1_robot_controllers_interfaces/msg/_move_robot_orient.py
[1.109s] -- Up-to-date: /home/maclab/Documents/ROS_WORKSPACES/WS_Master_Thesis/install/uc1_robot_controllers_interfaces/local/lib/python3.10/dist-packages/uc1_robot_controllers_interfaces/msg/_move_robot_point_s.c
[1.109s] -- Up-to-date: /home/maclab/Documents/ROS_WORKSPACES/WS_Master_Thesis/install/uc1_robot_controllers_interfaces/local/lib/python3.10/dist-packages/uc1_robot_controllers_interfaces/msg/_move_robot_goal.py
[1.109s] -- Up-to-date: /home/maclab/Documents/ROS_WORKSPACES/WS_Master_Thesis/install/uc1_robot_controllers_interfaces/local/lib/python3.10/dist-packages/uc1_robot_controllers_interfaces/uc1_robot_controllers_interfaces_s__rosidl_typesupport_c.cpython-310-x86_64-linux-gnu.so
[1.109s] -- Up-to-date: /home/maclab/Documents/ROS_WORKSPACES/WS_Master_Thesis/install/uc1_robot_controllers_interfaces/local/lib/python3.10/dist-packages/uc1_robot_controllers_interfaces/action
[1.110s] -- Up-to-date: /home/maclab/Documents/ROS_WORKSPACES/WS_Master_Thesis/install/uc1_robot_controllers_interfaces/local/lib/python3.10/dist-packages/uc1_robot_controllers_interfaces/action/__init__.py
[1.110s] -- Up-to-date: /home/maclab/Documents/ROS_WORKSPACES/WS_Master_Thesis/install/uc1_robot_controllers_interfaces/local/lib/python3.10/dist-packages/uc1_robot_controllers_interfaces/action/_move_robot_tp.py
[1.110s] -- Up-to-date: /home/maclab/Documents/ROS_WORKSPACES/WS_Master_Thesis/install/uc1_robot_controllers_interfaces/local/lib/python3.10/dist-packages/uc1_robot_controllers_interfaces/action/_move_robot_s.c
[1.110s] -- Up-to-date: /home/maclab/Documents/ROS_WORKSPACES/WS_Master_Thesis/install/uc1_robot_controllers_interfaces/local/lib/python3.10/dist-packages/uc1_robot_controllers_interfaces/action/_move_robot_tp_s.c
[1.110s] -- Up-to-date: /home/maclab/Documents/ROS_WORKSPACES/WS_Master_Thesis/install/uc1_robot_controllers_interfaces/local/lib/python3.10/dist-packages/uc1_robot_controllers_interfaces/action/_move_robot.py
[1.110s] -- Up-to-date: /home/maclab/Documents/ROS_WORKSPACES/WS_Master_Thesis/install/uc1_robot_controllers_interfaces/local/lib/python3.10/dist-packages/uc1_robot_controllers_interfaces/uc1_robot_controllers_interfaces_s__rosidl_typesupport_fastrtps_c.cpython-310-x86_64-linux-gnu.so
[1.110s] -- Up-to-date: /home/maclab/Documents/ROS_WORKSPACES/WS_Master_Thesis/install/uc1_robot_controllers_interfaces/local/lib/python3.10/dist-packages/uc1_robot_controllers_interfaces/_uc1_robot_controllers_interfaces_s.ep.rosidl_typesupport_c.c
[1.110s] -- Up-to-date: /home/maclab/Documents/ROS_WORKSPACES/WS_Master_Thesis/install/uc1_robot_controllers_interfaces/local/lib/python3.10/dist-packages/uc1_robot_controllers_interfaces/libuc1_robot_controllers_interfaces__rosidl_generator_py.so
[1.133s] Listing '/home/maclab/Documents/ROS_WORKSPACES/WS_Master_Thesis/install/uc1_robot_controllers_interfaces/local/lib/python3.10/dist-packages/uc1_robot_controllers_interfaces'...
[1.133s] Compiling '/home/maclab/Documents/ROS_WORKSPACES/WS_Master_Thesis/install/uc1_robot_controllers_interfaces/local/lib/python3.10/dist-packages/uc1_robot_controllers_interfaces/__init__.py'...
[1.133s] Listing '/home/maclab/Documents/ROS_WORKSPACES/WS_Master_Thesis/install/uc1_robot_controllers_interfaces/local/lib/python3.10/dist-packages/uc1_robot_controllers_interfaces/action'...
[1.133s] Listing '/home/maclab/Documents/ROS_WORKSPACES/WS_Master_Thesis/install/uc1_robot_controllers_interfaces/local/lib/python3.10/dist-packages/uc1_robot_controllers_interfaces/msg'...
[1.135s] -- Up-to-date: /home/maclab/Documents/ROS_WORKSPACES/WS_Master_Thesis/install/uc1_robot_controllers_interfaces/local/lib/python3.10/dist-packages/uc1_robot_controllers_interfaces/uc1_robot_controllers_interfaces_s__rosidl_typesupport_fastrtps_c.cpython-310-x86_64-linux-gnu.so
[1.136s] -- Up-to-date: /home/maclab/Documents/ROS_WORKSPACES/WS_Master_Thesis/install/uc1_robot_controllers_interfaces/local/lib/python3.10/dist-packages/uc1_robot_controllers_interfaces/uc1_robot_controllers_interfaces_s__rosidl_typesupport_introspection_c.cpython-310-x86_64-linux-gnu.so
[1.136s] -- Up-to-date: /home/maclab/Documents/ROS_WORKSPACES/WS_Master_Thesis/install/uc1_robot_controllers_interfaces/local/lib/python3.10/dist-packages/uc1_robot_controllers_interfaces/uc1_robot_controllers_interfaces_s__rosidl_typesupport_c.cpython-310-x86_64-linux-gnu.so
[1.136s] -- Up-to-date: /home/maclab/Documents/ROS_WORKSPACES/WS_Master_Thesis/install/uc1_robot_controllers_interfaces/lib/libuc1_robot_controllers_interfaces__rosidl_generator_py.so
[1.136s] -- Up-to-date: /home/maclab/Documents/ROS_WORKSPACES/WS_Master_Thesis/install/uc1_robot_controllers_interfaces/share/uc1_robot_controllers_interfaces/action/MoveRobot.idl
[1.136s] -- Up-to-date: /home/maclab/Documents/ROS_WORKSPACES/WS_Master_Thesis/install/uc1_robot_controllers_interfaces/share/uc1_robot_controllers_interfaces/action/MoveRobotTP.idl
[1.136s] -- Up-to-date: /home/maclab/Documents/ROS_WORKSPACES/WS_Master_Thesis/install/uc1_robot_controllers_interfaces/share/uc1_robot_controllers_interfaces/msg/MoveRobotPoint.idl
[1.136s] -- Up-to-date: /home/maclab/Documents/ROS_WORKSPACES/WS_Master_Thesis/install/uc1_robot_controllers_interfaces/share/uc1_robot_controllers_interfaces/msg/MoveRobotOrient.idl
[1.136s] -- Up-to-date: /home/maclab/Documents/ROS_WORKSPACES/WS_Master_Thesis/install/uc1_robot_controllers_interfaces/share/uc1_robot_controllers_interfaces/msg/MoveRobotGoal.idl
[1.136s] -- Up-to-date: /home/maclab/Documents/ROS_WORKSPACES/WS_Master_Thesis/install/uc1_robot_controllers_interfaces/share/uc1_robot_controllers_interfaces/action/MoveRobot.action
[1.136s] -- Up-to-date: /home/maclab/Documents/ROS_WORKSPACES/WS_Master_Thesis/install/uc1_robot_controllers_interfaces/share/uc1_robot_controllers_interfaces/action/MoveRobotTP.action
[1.136s] -- Up-to-date: /home/maclab/Documents/ROS_WORKSPACES/WS_Master_Thesis/install/uc1_robot_controllers_interfaces/share/uc1_robot_controllers_interfaces/msg/MoveRobotPoint.msg
[1.136s] -- Up-to-date: /home/maclab/Documents/ROS_WORKSPACES/WS_Master_Thesis/install/uc1_robot_controllers_interfaces/share/uc1_robot_controllers_interfaces/msg/MoveRobotOrient.msg
[1.136s] -- Up-to-date: /home/maclab/Documents/ROS_WORKSPACES/WS_Master_Thesis/install/uc1_robot_controllers_interfaces/share/uc1_robot_controllers_interfaces/msg/MoveRobotGoal.msg
[1.136s] -- Up-to-date: /home/maclab/Documents/ROS_WORKSPACES/WS_Master_Thesis/install/uc1_robot_controllers_interfaces/share/ament_index/resource_index/package_run_dependencies/uc1_robot_controllers_interfaces
[1.136s] -- Up-to-date: /home/maclab/Documents/ROS_WORKSPACES/WS_Master_Thesis/install/uc1_robot_controllers_interfaces/share/ament_index/resource_index/parent_prefix_path/uc1_robot_controllers_interfaces
[1.136s] -- Up-to-date: /home/maclab/Documents/ROS_WORKSPACES/WS_Master_Thesis/install/uc1_robot_controllers_interfaces/share/uc1_robot_controllers_interfaces/environment/ament_prefix_path.sh
[1.136s] -- Installing: /home/maclab/Documents/ROS_WORKSPACES/WS_Master_Thesis/install/uc1_robot_controllers_interfaces/share/uc1_robot_controllers_interfaces/environment/ament_prefix_path.dsv
[1.136s] -- Up-to-date: /home/maclab/Documents/ROS_WORKSPACES/WS_Master_Thesis/install/uc1_robot_controllers_interfaces/share/uc1_robot_controllers_interfaces/environment/path.sh
[1.136s] -- Installing: /home/maclab/Documents/ROS_WORKSPACES/WS_Master_Thesis/install/uc1_robot_controllers_interfaces/share/uc1_robot_controllers_interfaces/environment/path.dsv
[1.136s] -- Up-to-date: /home/maclab/Documents/ROS_WORKSPACES/WS_Master_Thesis/install/uc1_robot_controllers_interfaces/share/uc1_robot_controllers_interfaces/local_setup.bash
[1.136s] -- Up-to-date: /home/maclab/Documents/ROS_WORKSPACES/WS_Master_Thesis/install/uc1_robot_controllers_interfaces/share/uc1_robot_controllers_interfaces/local_setup.sh
[1.136s] -- Up-to-date: /home/maclab/Documents/ROS_WORKSPACES/WS_Master_Thesis/install/uc1_robot_controllers_interfaces/share/uc1_robot_controllers_interfaces/local_setup.zsh
[1.136s] -- Installing: /home/maclab/Documents/ROS_WORKSPACES/WS_Master_Thesis/install/uc1_robot_controllers_interfaces/share/uc1_robot_controllers_interfaces/local_setup.dsv
[1.136s] -- Installing: /home/maclab/Documents/ROS_WORKSPACES/WS_Master_Thesis/install/uc1_robot_controllers_interfaces/share/uc1_robot_controllers_interfaces/package.dsv
[1.136s] -- Up-to-date: /home/maclab/Documents/ROS_WORKSPACES/WS_Master_Thesis/install/uc1_robot_controllers_interfaces/share/ament_index/resource_index/packages/uc1_robot_controllers_interfaces
[1.136s] -- Up-to-date: /home/maclab/Documents/ROS_WORKSPACES/WS_Master_Thesis/install/uc1_robot_controllers_interfaces/share/uc1_robot_controllers_interfaces/cmake/export_uc1_robot_controllers_interfaces__rosidl_generator_cExport.cmake
[1.136s] -- Up-to-date: /home/maclab/Documents/ROS_WORKSPACES/WS_Master_Thesis/install/uc1_robot_controllers_interfaces/share/uc1_robot_controllers_interfaces/cmake/export_uc1_robot_controllers_interfaces__rosidl_generator_cExport-noconfig.cmake
[1.136s] -- Up-to-date: /home/maclab/Documents/ROS_WORKSPACES/WS_Master_Thesis/install/uc1_robot_controllers_interfaces/share/uc1_robot_controllers_interfaces/cmake/export_uc1_robot_controllers_interfaces__rosidl_typesupport_fastrtps_cExport.cmake
[1.136s] -- Up-to-date: /home/maclab/Documents/ROS_WORKSPACES/WS_Master_Thesis/install/uc1_robot_controllers_interfaces/share/uc1_robot_controllers_interfaces/cmake/export_uc1_robot_controllers_interfaces__rosidl_typesupport_fastrtps_cExport-noconfig.cmake
[1.136s] -- Up-to-date: /home/maclab/Documents/ROS_WORKSPACES/WS_Master_Thesis/install/uc1_robot_controllers_interfaces/share/uc1_robot_controllers_interfaces/cmake/export_uc1_robot_controllers_interfaces__rosidl_generator_cppExport.cmake
[1.136s] -- Up-to-date: /home/maclab/Documents/ROS_WORKSPACES/WS_Master_Thesis/install/uc1_robot_controllers_interfaces/share/uc1_robot_controllers_interfaces/cmake/export_uc1_robot_controllers_interfaces__rosidl_typesupport_fastrtps_cppExport.cmake
[1.136s] -- Up-to-date: /home/maclab/Documents/ROS_WORKSPACES/WS_Master_Thesis/install/uc1_robot_controllers_interfaces/share/uc1_robot_controllers_interfaces/cmake/export_uc1_robot_controllers_interfaces__rosidl_typesupport_fastrtps_cppExport-noconfig.cmake
[1.137s] -- Up-to-date: /home/maclab/Documents/ROS_WORKSPACES/WS_Master_Thesis/install/uc1_robot_controllers_interfaces/share/uc1_robot_controllers_interfaces/cmake/uc1_robot_controllers_interfaces__rosidl_typesupport_introspection_cExport.cmake
[1.137s] -- Up-to-date: /home/maclab/Documents/ROS_WORKSPACES/WS_Master_Thesis/install/uc1_robot_controllers_interfaces/share/uc1_robot_controllers_interfaces/cmake/uc1_robot_controllers_interfaces__rosidl_typesupport_introspection_cExport-noconfig.cmake
[1.137s] -- Up-to-date: /home/maclab/Documents/ROS_WORKSPACES/WS_Master_Thesis/install/uc1_robot_controllers_interfaces/share/uc1_robot_controllers_interfaces/cmake/uc1_robot_controllers_interfaces__rosidl_typesupport_cExport.cmake
[1.137s] -- Up-to-date: /home/maclab/Documents/ROS_WORKSPACES/WS_Master_Thesis/install/uc1_robot_controllers_interfaces/share/uc1_robot_controllers_interfaces/cmake/uc1_robot_controllers_interfaces__rosidl_typesupport_cExport-noconfig.cmake
[1.137s] -- Up-to-date: /home/maclab/Documents/ROS_WORKSPACES/WS_Master_Thesis/install/uc1_robot_controllers_interfaces/share/uc1_robot_controllers_interfaces/cmake/uc1_robot_controllers_interfaces__rosidl_typesupport_introspection_cppExport.cmake
[1.137s] -- Up-to-date: /home/maclab/Documents/ROS_WORKSPACES/WS_Master_Thesis/install/uc1_robot_controllers_interfaces/share/uc1_robot_controllers_interfaces/cmake/uc1_robot_controllers_interfaces__rosidl_typesupport_introspection_cppExport-noconfig.cmake
[1.137s] -- Up-to-date: /home/maclab/Documents/ROS_WORKSPACES/WS_Master_Thesis/install/uc1_robot_controllers_interfaces/share/uc1_robot_controllers_interfaces/cmake/uc1_robot_controllers_interfaces__rosidl_typesupport_cppExport.cmake
[1.137s] -- Up-to-date: /home/maclab/Documents/ROS_WORKSPACES/WS_Master_Thesis/install/uc1_robot_controllers_interfaces/share/uc1_robot_controllers_interfaces/cmake/uc1_robot_controllers_interfaces__rosidl_typesupport_cppExport-noconfig.cmake
[1.137s] -- Up-to-date: /home/maclab/Documents/ROS_WORKSPACES/WS_Master_Thesis/install/uc1_robot_controllers_interfaces/share/uc1_robot_controllers_interfaces/cmake/export_uc1_robot_controllers_interfaces__rosidl_generator_pyExport.cmake
[1.137s] -- Up-to-date: /home/maclab/Documents/ROS_WORKSPACES/WS_Master_Thesis/install/uc1_robot_controllers_interfaces/share/uc1_robot_controllers_interfaces/cmake/export_uc1_robot_controllers_interfaces__rosidl_generator_pyExport-noconfig.cmake
[1.137s] -- Up-to-date: /home/maclab/Documents/ROS_WORKSPACES/WS_Master_Thesis/install/uc1_robot_controllers_interfaces/share/uc1_robot_controllers_interfaces/cmake/rosidl_cmake-extras.cmake
[1.137s] -- Up-to-date: /home/maclab/Documents/ROS_WORKSPACES/WS_Master_Thesis/install/uc1_robot_controllers_interfaces/share/uc1_robot_controllers_interfaces/cmake/ament_cmake_export_dependencies-extras.cmake
[1.137s] -- Up-to-date: /home/maclab/Documents/ROS_WORKSPACES/WS_Master_Thesis/install/uc1_robot_controllers_interfaces/share/uc1_robot_controllers_interfaces/cmake/ament_cmake_export_include_directories-extras.cmake
[1.137s] -- Up-to-date: /home/maclab/Documents/ROS_WORKSPACES/WS_Master_Thesis/install/uc1_robot_controllers_interfaces/share/uc1_robot_controllers_interfaces/cmake/ament_cmake_export_libraries-extras.cmake
[1.137s] -- Up-to-date: /home/maclab/Documents/ROS_WORKSPACES/WS_Master_Thesis/install/uc1_robot_controllers_interfaces/share/uc1_robot_controllers_interfaces/cmake/ament_cmake_export_targets-extras.cmake
[1.137s] -- Up-to-date: /home/maclab/Documents/ROS_WORKSPACES/WS_Master_Thesis/install/uc1_robot_controllers_interfaces/share/uc1_robot_controllers_interfaces/cmake/rosidl_cmake_export_typesupport_targets-extras.cmake
[1.137s] -- Up-to-date: /home/maclab/Documents/ROS_WORKSPACES/WS_Master_Thesis/install/uc1_robot_controllers_interfaces/share/uc1_robot_controllers_interfaces/cmake/rosidl_cmake_export_typesupport_libraries-extras.cmake
[1.137s] -- Up-to-date: /home/maclab/Documents/ROS_WORKSPACES/WS_Master_Thesis/install/uc1_robot_controllers_interfaces/share/uc1_robot_controllers_interfaces/cmake/uc1_robot_controllers_interfacesConfig.cmake
[1.137s] -- Up-to-date: /home/maclab/Documents/ROS_WORKSPACES/WS_Master_Thesis/install/uc1_robot_controllers_interfaces/share/uc1_robot_controllers_interfaces/cmake/uc1_robot_controllers_interfacesConfig-version.cmake
[1.137s] -- Up-to-date: /home/maclab/Documents/ROS_WORKSPACES/WS_Master_Thesis/install/uc1_robot_controllers_interfaces/share/uc1_robot_controllers_interfaces/package.xml
[1.138s] Invoked command in '/home/maclab/Documents/ROS_WORKSPACES/WS_Master_Thesis/build/uc1_robot_controllers_interfaces' returned '0': CMAKE_PREFIX_PATH=/opt/ros/humble /usr/bin/cmake --install /home/maclab/Documents/ROS_WORKSPACES/WS_Master_Thesis/build/uc1_robot_controllers_interfaces
